algorithm,seq,worker_id,send_ts,comp_ts,latency_ms,status,rssi
LoadAware,1,3658959723,1695124,1689368,4294961540,completed,-9
LoadAware,2,3658959723,1695324,1689567,4294961539,completed,-9
LoadAware,3,3658959723,1695524,1689766,4294961538,completed,-9
LoadAware,4,3658959723,1695724,1689967,4294961539,completed,-9
LoadAware,5,3658959723,1696116,1690359,4294961539,completed,-9
LoadAware,6,3658959723,1696316,1690558,4294961538,completed,-9
LoadAware,7,3658959723,1696516,1690759,4294961539,completed,-9
LoadAware,8,3658959723,1696716,1690959,4294961539,completed,-9
LoadAware,9,3658959723,1696916,1691158,4294961538,completed,-9
LoadAware,10,3658959723,1697121,1691366,4294961541,completed,-9
LoadAware,11,3658959723,1697321,1691564,4294961539,completed,-9
LoadAware,12,3658959723,1697521,1691771,4294961546,completed,-10
LoadAware,13,3658959723,1697721,1691964,4294961539,completed,-10
LoadAware,14,3658959723,1697921,1692384,4294961759,completed,-10
LoadAware,15,3658959723,1698121,1692493,4294961668,completed,-10
LoadAware,16,3658959723,1698321,1692602,4294961577,completed,-10
LoadAware,17,3658959723,1698521,1692765,4294961540,completed,-10
LoadAware,18,3658959723,1698721,1692964,4294961539,completed,-10
LoadAware,19,3658959723,1698921,1693165,4294961540,completed,-10
LoadAware,20,3658959723,1699123,1693370,4294961543,completed,-10
LoadAware,21,3658959723,1699323,1693565,4294961538,completed,-10
LoadAware,22,3658959723,1699523,1693767,4294961540,completed,-10
LoadAware,23,3658959723,1699723,1693966,4294961539,completed,-10
LoadAware,24,3658959723,1699923,1694360,4294961733,completed,-10
LoadAware,25,3658959723,1700123,1694469,4294961642,completed,-10
LoadAware,26,3658959723,1700323,1694571,4294961544,completed,-10
LoadAware,27,3658959723,1700523,1694766,4294961539,completed,-10
LoadAware,28,3658959723,1700723,1694965,4294961538,completed,-10
LoadAware,29,3658959723,1700923,1695166,4294961539,completed,-10
LoadAware,30,3658959723,1701126,1695370,4294961540,completed,-10
LoadAware,31,3658959723,1701326,1695570,4294961540,completed,-10
LoadAware,32,3658959723,1701526,1695769,4294961539,completed,-10
LoadAware,33,3658959723,1701726,1695969,4294961539,completed,-10
LoadAware,34,3658959723,1701926,1696363,4294961733,completed,-10
LoadAware,35,3658959723,1702126,1696473,4294961643,completed,-10
LoadAware,36,3658959723,1702326,1696575,4294961545,completed,-10
LoadAware,37,3658959723,1702526,1696769,4294961539,completed,-10
LoadAware,38,3658959723,1702726,1696969,4294961539,completed,-10
LoadAware,39,3658959723,1702926,1697168,4294961538,completed,-10
LoadAware,40,3658959723,1703127,1697373,4294961542,completed,-10
LoadAware,41,3658959723,1703327,1697570,4294961539,completed,-10
LoadAware,42,3658959723,1703527,1697770,4294961539,completed,-11
LoadAware,43,3658959723,1703727,1697969,4294961538,completed,-11
LoadAware,44,3658959723,1703927,1698410,4294961779,completed,-11
LoadAware,45,3658959723,1704127,1698513,4294961682,completed,-11
LoadAware,46,3658959723,1704327,1698616,4294961585,completed,-11
LoadAware,47,3658959723,1704527,1698770,4294961539,completed,-11
LoadAware,48,3658959723,1704727,1698969,4294961538,completed,-11
LoadAware,49,3658959723,1704927,1699171,4294961540,completed,-11
LoadAware,50,3658959723,1705127,1699371,4294961540,completed,-11
LoadAware,51,3658959723,1707333,1701769,4294961732,completed,-11
LoadAware,52,3658959723,1707535,1701878,4294961639,completed,-11
LoadAware,53,3658959723,1707735,1701983,4294961544,completed,-11
LoadAware,54,3658959723,1707935,1702178,4294961539,completed,-11
LoadAware,55,3658959723,1708135,1702377,4294961538,completed,-11
LoadAware,56,3658959723,1708335,1702784,4294961745,completed,-11
LoadAware,57,3658959723,1708537,1702894,4294961653,completed,-11
LoadAware,58,3658959723,1708737,1703006,4294961565,completed,-11
LoadAware,59,3658959723,1708937,1703180,4294961539,completed,-11
LoadAware,60,3658959723,1709137,1703379,4294961538,completed,-11
LoadAware,61,3658959723,1709337,1703772,4294961731,completed,-11
LoadAware,62,3658959723,1709541,1703875,4294961630,completed,-11
LoadAware,63,3658959723,1709741,1703985,4294961540,completed,-11
LoadAware,64,3658959723,1709941,1704183,4294961538,completed,-11
LoadAware,65,3658959723,1710141,1704383,4294961538,completed,-11
LoadAware,66,3658959723,1710540,1704783,4294961539,completed,-11
LoadAware,67,3658959723,1710740,1704983,4294961539,completed,-11
LoadAware,68,3658959723,1710940,1705183,4294961539,completed,-11
LoadAware,69,3658959723,1711140,1705383,4294961539,completed,-11
LoadAware,70,3658959723,1711340,1705776,4294961732,completed,-11
LoadAware,71,3658959723,1711543,1705886,4294961639,completed,-11
LoadAware,72,3658959723,1711743,1705989,4294961542,completed,-11
LoadAware,73,3658959723,1711943,1706186,4294961539,completed,-11
LoadAware,74,3658959723,1712143,1706386,4294961539,completed,-11
LoadAware,75,3658959723,1712343,1706779,4294961732,completed,-11
LoadAware,76,3658959723,1712546,1706891,4294961641,completed,-11
LoadAware,77,3658959723,1712746,1706994,4294961544,completed,-11
LoadAware,78,3658959723,1712946,1707189,4294961539,completed,-11
LoadAware,79,3658959723,1713146,1707388,4294961538,completed,-11
LoadAware,80,3658959723,1713346,1707782,4294961732,completed,-12
LoadAware,82,3037662008,1713750,1707988,4294961534,completed,-26
LoadAware,83,3037662008,1713950,1708189,4294961535,completed,-26
LoadAware,81,3658959723,1713550,1707883,4294961629,completed,-12
LoadAware,84,3037662008,1714150,1708388,4294961534,completed,-26
LoadAware,85,3037662008,1714549,1708787,4294961534,completed,-26
LoadAware,86,3037662008,1714749,1708988,4294961535,completed,-26
LoadAware,87,3037662008,1714949,1709187,4294961534,completed,-26
LoadAware,88,3037662008,1715149,1709389,4294961536,completed,-26
LoadAware,89,3037662008,1715349,1709782,4294961729,completed,-27
LoadAware,90,3037662008,1715553,1709885,4294961628,completed,-27
LoadAware,91,3658959723,1715753,1709996,4294961539,completed,-10
LoadAware,92,3658959723,1715953,1710197,4294961540,completed,-10
LoadAware,93,3658959723,1716153,1710396,4294961539,completed,-10
LoadAware,94,3658959723,1716551,1710795,4294961540,completed,-10
LoadAware,95,3658959723,1716751,1710994,4294961539,completed,-10
LoadAware,96,3658959723,1716951,1711195,4294961540,completed,-10
LoadAware,97,3658959723,1717151,1711394,4294961539,completed,-10
LoadAware,98,3658959723,1717351,1711787,4294961732,completed,-11
LoadAware,99,3658959723,1717558,1711890,4294961628,completed,-11
LoadAware,100,3658959723,1717758,1712002,4294961540,completed,-11
LoadAware,101,3658959723,1717958,1712201,4294961539,completed,-11
LoadAware,102,3658959723,1718158,1712400,4294961538,completed,-11
LoadAware,103,3658959723,1718553,1712796,4294961539,completed,-11
LoadAware,104,3658959723,1718753,1713022,4294961565,completed,-11
LoadAware,105,3658959723,1718953,1713197,4294961540,completed,-11
LoadAware,106,3658959723,1719153,1713396,4294961539,completed,-11
LoadAware,107,3658959723,1719353,1713789,4294961732,completed,-11
LoadAware,108,3658959723,1719556,1713892,4294961632,completed,-11
LoadAware,109,3658959723,1719756,1714000,4294961540,completed,-11
LoadAware,110,3658959723,1719956,1714199,4294961539,completed,-11
LoadAware,111,3658959723,1720156,1714398,4294961538,completed,-11
LoadAware,112,3658959723,1720555,1714798,4294961539,completed,-11
LoadAware,113,3658959723,1720755,1714997,4294961538,completed,-11
LoadAware,114,3658959723,1720955,1715199,4294961540,completed,-11
LoadAware,115,3658959723,1721155,1715398,4294961539,completed,-11
LoadAware,116,3658959723,1721355,1715792,4294961733,completed,-10
LoadAware,117,3658959723,1721559,1715894,4294961631,completed,-10
LoadAware,118,3658959723,1721759,1716002,4294961539,completed,-10
LoadAware,119,3658959723,1721959,1716202,4294961539,completed,-10
LoadAware,120,3658959723,1722159,1716401,4294961538,completed,-10
LoadAware,121,3658959723,1722554,1716831,4294961573,completed,-10
LoadAware,122,3658959723,1724760,1719335,4294961871,completed,-11
LoadAware,123,3658959723,1724965,1719608,4294961939,completed,-11
LoadAware,124,3658959723,1725165,1719711,4294961842,completed,-11
LoadAware,125,3658959723,1725365,1719814,4294961745,completed,-11
LoadAware,126,3658959723,1725565,1719916,4294961647,completed,-11
LoadAware,127,3037662008,1725957,1720198,4294961537,completed,-28
LoadAware,128,3037662008,1726157,1720396,4294961535,completed,-28
LoadAware,129,3037662008,1726357,1720595,4294961534,completed,-28
LoadAware,130,3037662008,1726557,1720795,4294961534,completed,-28
LoadAware,131,3037662008,1726757,1720996,4294961535,completed,-28
LoadAware,133,3658959723,1727163,1721433,4294961566,completed,-11
LoadAware,134,3658959723,1727363,1721606,4294961539,completed,-11
LoadAware,135,3658959723,1727566,1721809,4294961539,completed,-10
LoadAware,136,3658959723,1727957,1722200,4294961539,completed,-10
LoadAware,137,3658959723,1728157,1722402,4294961541,completed,-10
LoadAware,138,3658959723,1728357,1722600,4294961539,completed,-10
LoadAware,139,3658959723,1728557,1722799,4294961538,completed,-10
LoadAware,140,3658959723,1728757,1723000,4294961539,completed,-10
LoadAware,141,3658959723,1728965,1723332,4294961663,completed,-10
LoadAware,142,3658959723,1729165,1723441,4294961572,completed,-10
LoadAware,143,3658959723,1729365,1723607,4294961538,completed,-10
LoadAware,144,3658959723,1729565,1723808,4294961539,completed,-11
LoadAware,145,3658959723,1729766,1724204,4294961734,completed,-11
LoadAware,146,3658959723,1729966,1724313,4294961643,completed,-11
LoadAware,147,3658959723,1730166,1724416,4294961546,completed,-11
LoadAware,148,3658959723,1730366,1724609,4294961539,completed,-11
LoadAware,149,3658959723,1730566,1724809,4294961539,completed,-11
LoadAware,150,3658959723,1730767,1725206,4294961735,completed,-11
LoadAware,151,3658959723,1730967,1725315,4294961644,completed,-11
LoadAware,152,3658959723,1731167,1725418,4294961547,completed,-11
LoadAware,153,3658959723,1731367,1725610,4294961539,completed,-11
LoadAware,154,3658959723,1731567,1725810,4294961539,completed,-11
LoadAware,155,3658959723,1731767,1726010,4294961539,completed,-11
LoadAware,156,3658959723,1731968,1726215,4294961543,completed,-11
LoadAware,132,3658959723,1731970,1726318,4294961644,completed,-11
LoadAware,157,3658959723,1732168,1726420,4294961548,completed,-11
LoadAware,158,3658959723,1732368,1726611,4294961539,completed,-11
LoadAware,159,3658959723,1732568,1726810,4294961538,completed,-11
LoadAware,160,3658959723,1732768,1727205,4294961733,completed,-11
LoadAware,161,3658959723,1732968,1727311,4294961639,completed,-11
LoadAware,162,3658959723,1733168,1727414,4294961542,completed,-11
LoadAware,163,3658959723,1733368,1727616,4294961544,completed,-11
LoadAware,164,3658959723,1733568,1727811,4294961539,completed,-10
LoadAware,165,3658959723,1733768,1728010,4294961538,completed,-10
LoadAware,166,3658959723,1733972,1728217,4294961541,completed,-10
LoadAware,167,3658959723,1734172,1728415,4294961539,completed,-10
LoadAware,168,3658959723,1734372,1728615,4294961539,completed,-10
LoadAware,169,3658959723,1734572,1728816,4294961540,completed,-10
LoadAware,170,3658959723,1734772,1729212,4294961736,completed,-10
LoadAware,171,3658959723,1734972,1729323,4294961647,completed,-10
LoadAware,172,3658959723,1735172,1729426,4294961550,completed,-10
LoadAware,173,3658959723,1735372,1729615,4294961539,completed,-10
LoadAware,174,3658959723,1735572,1729814,4294961538,completed,-11
LoadAware,175,3658959723,1735772,1730016,4294961540,completed,-11
LoadAware,176,3658959723,1735974,1730218,4294961540,completed,-11
LoadAware,177,3658959723,1736174,1730418,4294961540,completed,-11
LoadAware,178,3658959723,1736374,1730617,4294961539,completed,-11
LoadAware,179,3658959723,1736574,1730817,4294961539,completed,-11
LoadAware,180,3658959723,1736774,1731211,4294961733,completed,-11
LoadAware,181,3658959723,1736974,1731320,4294961642,completed,-11
LoadAware,182,3658959723,1737174,1731423,4294961545,completed,-11
LoadAware,183,3658959723,1737374,1731617,4294961539,completed,-11
LoadAware,184,3658959723,1737574,1731817,4294961539,completed,-11
LoadAware,185,3658959723,1737774,1732016,4294961538,completed,-11
LoadAware,186,3658959723,1737975,1732221,4294961542,completed,-11
LoadAware,187,3658959723,1738175,1732418,4294961539,completed,-11
LoadAware,188,3658959723,1738375,1732618,4294961539,completed,-11
LoadAware,189,3658959723,1738575,1732818,4294961539,completed,-11
LoadAware,190,3658959723,1738775,1733231,4294961752,completed,-11
LoadAware,191,3658959723,1738975,1733340,4294961661,completed,-11
LoadAware,192,3658959723,1739175,1733443,4294961564,completed,-11
LoadAware,193,3658959723,1739375,1733618,4294961539,completed,-11
LoadAware,194,3658959723,1739575,1733818,4294961539,completed,-10
LoadAware,195,3658959723,1739775,1734019,4294961540,completed,-10
LoadAware,196,3658959723,1739979,1734228,4294961545,completed,-10
LoadAware,197,3658959723,1742181,1736617,4294961732,completed,-10
LoadAware,198,3658959723,1742382,1737056,4294961970,completed,-10
LoadAware,199,3658959723,1742582,1737306,4294962020,completed,-10
LoadAware,200,3658959723,1742782,1737621,4294962135,completed,-10
LoadAware,201,3658959723,1742982,1737723,4294962037,completed,-10
LoadAware,202,3658959723,1743182,1737858,4294961972,completed,-10
LoadAware,203,3658959723,1743382,1738134,4294962048,completed,-10
LoadAware,204,3658959723,1743582,1738236,4294961950,completed,-10
LoadAware,205,3658959723,1743782,1738338,4294961852,completed,-10
LoadAware,206,3658959723,1743982,1738440,4294961754,completed,-10
LoadAware,207,3658959723,1744182,1738541,4294961655,completed,-10
LoadAware,208,3658959723,1744385,1738643,4294961554,completed,-10
LoadAware,209,3658959723,1744585,1738842,4294961553,completed,-10
LoadAware,210,3658959723,1744785,1739029,4294961540,completed,-10
LoadAware,211,3658959723,1744985,1739229,4294961540,completed,-10
LoadAware,212,3658959723,1745185,1739622,4294961733,completed,-10
LoadAware,213,3658959723,1745385,1739729,4294961640,completed,-10
LoadAware,214,3658959723,1745585,1739832,4294961543,completed,-11
LoadAware,215,3658959723,1745785,1740028,4294961539,completed,-11
LoadAware,216,3658959723,1745985,1740227,4294961538,completed,-11
LoadAware,217,3658959723,1746185,1740428,4294961539,completed,-11
LoadAware,218,3658959723,1746388,1740805,4294961713,completed,-11
LoadAware,219,3658959723,1746588,1740908,4294961616,completed,-11
LoadAware,220,3658959723,1746788,1741032,4294961540,completed,-11
LoadAware,221,3658959723,1746988,1741231,4294961539,completed,-11
LoadAware,222,3658959723,1747188,1741623,4294961731,completed,-11
LoadAware,223,3658959723,1747388,1741769,4294961677,completed,-10
LoadAware,224,3658959723,1747588,1741870,4294961578,completed,-10
LoadAware,225,3658959723,1747788,1742032,4294961540,completed,-10
LoadAware,226,3658959723,1747988,1742231,4294961539,completed,-10
LoadAware,227,3658959723,1748189,1742637,4294961744,completed,-10
LoadAware,228,3658959723,1748389,1742740,4294961647,completed,-10
LoadAware,229,3658959723,1748589,1742843,4294961550,completed,-10
LoadAware,230,3658959723,1748789,1743035,4294961542,completed,-10
LoadAware,231,3658959723,1748989,1743231,4294961538,completed,-10
LoadAware,232,3658959723,1749189,1743433,4294961540,completed,-10
LoadAware,233,3658959723,1749390,1743636,4294961542,completed,-10
LoadAware,234,3658959723,1749590,1743833,4294961539,completed,-10
LoadAware,235,3658959723,1749790,1744033,4294961539,completed,-10
LoadAware,236,3658959723,1749990,1744232,4294961538,completed,-10
LoadAware,237,3658959723,1750190,1744434,4294961540,completed,-10
LoadAware,238,3658959723,1750392,1744637,4294961541,completed,-10
LoadAware,239,3658959723,1750592,1744835,4294961539,completed,-10
LoadAware,240,3658959723,1750792,1745038,4294961542,completed,-10
LoadAware,241,3658959723,1750992,1745237,4294961541,completed,-10
LoadAware,242,3658959723,1751192,1745435,4294961539,completed,-10
LoadAware,243,3658959723,1751392,1745638,4294961542,completed,-10
LoadAware,244,3658959723,1751592,1745835,4294961539,completed,-10
LoadAware,245,3658959723,1751792,1746034,4294961538,completed,-10
LoadAware,246,3658959723,1751992,1746235,4294961539,completed,-10
LoadAware,247,3658959723,1752192,1746631,4294961735,completed,-10
LoadAware,248,3658959723,1752392,1746739,4294961643,completed,-10
LoadAware,249,3658959723,1752592,1746841,4294961545,completed,-10
LoadAware,250,3658959723,1752792,1747035,4294961539,completed,-10
LoadAware,251,3658959723,1752992,1747234,4294961538,completed,-10
LoadAware,252,3658959723,1753192,1747438,4294961542,completed,-10
LoadAware,253,3658959723,1753394,1747643,4294961545,completed,-10
LoadAware,254,3658959723,1753594,1747837,4294961539,completed,-10
LoadAware,255,3658959723,1753794,1748038,4294961540,completed,-10
LoadAware,256,3658959723,1753994,1748237,4294961539,completed,-10
LoadAware,257,3658959723,1754194,1748632,4294961734,completed,-10
LoadAware,258,3658959723,1754394,1748753,4294961655,completed,-10
LoadAware,259,3658959723,1754594,1748856,4294961558,completed,-10
LoadAware,260,3658959723,1754794,1749037,4294961539,completed,-10
LoadAware,261,3658959723,1754994,1749236,4294961538,completed,-10
LoadAware,262,3658959723,1755194,1749437,4294961539,completed,-10
LoadAware,263,3658959723,1755396,1749641,4294961541,completed,-10
LoadAware,264,3658959723,1755596,1749839,4294961539,completed,-11
LoadAware,265,3658959723,1755796,1750039,4294961539,completed,-11
LoadAware,266,3658959723,1755996,1750239,4294961539,completed,-11
LoadAware,267,3658959723,1756196,1750634,4294961734,completed,-11
LoadAware,268,3658959723,1756396,1750775,4294961675,completed,-11
LoadAware,269,3658959723,1756596,1750878,4294961578,completed,-11
LoadAware,270,3658959723,1756796,1751039,4294961539,completed,-11
LoadAware,271,3658959723,1756996,1751239,4294961539,completed,-11
LoadAware,278,3037662008,1760791,1755031,4294961536,completed,-26
LoadAware,279,3037662008,1760991,1755231,4294961536,completed,-26
LoadAware,280,3037662008,1761191,1755434,4294961539,completed,-26
LoadAware,281,3037662008,1761391,1755629,4294961534,completed,-26
LoadAware,282,3037662008,1761591,1755832,4294961537,completed,-27
LoadAware,283,3037662008,1761798,1756062,4294961560,completed,-27
LoadAware,284,3037662008,1761998,1756238,4294961536,completed,-27
LoadAware,272,3037662008,1762197,1756436,4294961535,completed,-27
LoadAware,285,3037662008,1762200,1756545,4294961641,completed,-27
LoadAware,286,3037662008,1762400,1756647,4294961543,completed,-27
LoadAware,287,3037662008,1762791,1757031,4294961536,completed,-27
LoadAware,288,3037662008,1762991,1757231,4294961536,completed,-27
LoadAware,289,3037662008,1763194,1757435,4294961537,completed,-27
LoadAware,273,3658959723,1759593,1754038,4294961741,completed,-10
LoadAware,274,3658959723,1759799,1754140,4294961637,completed,-10
LoadAware,275,3658959723,1759999,1754305,4294961602,completed,-10
LoadAware,276,3658959723,1760199,1754580,4294961677,completed,-10
LoadAware,277,3658959723,1760399,1755032,4294961929,completed,-10
LoadAware,290,3658959723,1763394,1757638,4294961540,completed,-10
LoadAware,291,3658959723,1763594,1757839,4294961541,completed,-10
LoadAware,292,3658959723,1763801,1758049,4294961544,completed,-10
LoadAware,293,3658959723,1764001,1758246,4294961541,completed,-10
LoadAware,294,3658959723,1764201,1758445,4294961540,completed,-10
LoadAware,295,3658959723,1764401,1758645,4294961540,completed,-10
LoadAware,296,3658959723,1764601,1759039,4294961734,completed,-10
LoadAware,297,3658959723,1764803,1759142,4294961635,completed,-10
LoadAware,298,3658959723,1765003,1759248,4294961541,completed,-10
LoadAware,299,3658959723,1765203,1759446,4294961539,completed,-10
LoadAware,300,3658959723,1765403,1759645,4294961538,completed,-10
LoadAware,301,3658959723,1765603,1760040,4294961733,completed,-11
LoadAware,302,3658959723,1765805,1760151,4294961642,completed,-11
LoadAware,303,3658959723,1766005,1760254,4294961545,completed,-11
LoadAware,304,3658959723,1766205,1760448,4294961539,completed,-11
LoadAware,305,3658959723,1766405,1760648,4294961539,completed,-11
LoadAware,306,3658959723,1766605,1761040,4294961731,completed,-11
LoadAware,307,3658959723,1766805,1761143,4294961634,completed,-11
LoadAware,308,3658959723,1767005,1761249,4294961540,completed,-11
LoadAware,309,3658959723,1767205,1761448,4294961539,completed,-11
LoadAware,310,3658959723,1767405,1761648,4294961539,completed,-11
LoadAware,311,3658959723,1767605,1762043,4294961734,completed,-10
LoadAware,312,3658959723,1767808,1762146,4294961634,completed,-10
LoadAware,313,3658959723,1768008,1762252,4294961540,completed,-10
LoadAware,314,3658959723,1768208,1762451,4294961539,completed,-10
LoadAware,315,3658959723,1768408,1762650,4294961538,completed,-10
LoadAware,316,3658959723,1768608,1763045,4294961733,completed,-10
LoadAware,317,3658959723,1768808,1763148,4294961636,completed,-10
LoadAware,318,3658959723,1769008,1763254,4294961542,completed,-10
LoadAware,319,3658959723,1769208,1763451,4294961539,completed,-10
LoadAware,320,3658959723,1769408,1763650,4294961538,completed,-10
LoadAware,321,3658959723,1769608,1763850,4294961538,completed,-11
LoadAware,322,3658959723,1769809,1764054,4294961541,completed,-11
LoadAware,323,3658959723,1770009,1764254,4294961541,completed,-11
LoadAware,324,3658959723,1770209,1764452,4294961539,completed,-11
LoadAware,325,3658959723,1770409,1764653,4294961540,completed,-11
LoadAware,326,3658959723,1770609,1764851,4294961538,completed,-11
LoadAware,327,3658959723,1770810,1765055,4294961541,completed,-11
LoadAware,328,3658959723,1771010,1765256,4294961542,completed,-11
LoadAware,329,3658959723,1771210,1765453,4294961539,completed,-11
LoadAware,330,3658959723,1771410,1765653,4294961539,completed,-11
LoadAware,331,3658959723,1771610,1766048,4294961734,completed,-11
LoadAware,332,3658959723,1771812,1766157,4294961641,completed,-11
LoadAware,333,3658959723,1772012,1766266,4294961550,completed,-11
LoadAware,334,3658959723,1772212,1766456,4294961540,completed,-11
LoadAware,335,3658959723,1772412,1766655,4294961539,completed,-11
LoadAware,336,3658959723,1772612,1767047,4294961731,completed,-11
LoadAware,337,3658959723,1772812,1767164,4294961648,completed,-11
LoadAware,338,3658959723,1773012,1767267,4294961551,completed,-11
LoadAware,339,3658959723,1773212,1767457,4294961541,completed,-11
LoadAware,340,3658959723,1773412,1767654,4294961538,completed,-11
LoadAware,341,3658959723,1773612,1768051,4294961735,completed,-11
LoadAware,342,3658959723,1773815,1768160,4294961641,completed,-11
LoadAware,343,3658959723,1774015,1768270,4294961551,completed,-11
LoadAware,344,3658959723,1774215,1768458,4294961539,completed,-11
LoadAware,345,3658959723,1774415,1768688,4294961569,completed,-11
LoadAware,346,3658959723,1774615,1769052,4294961733,completed,-11
LoadAware,347,3658959723,1777019,1771458,4294961735,completed,-11
LoadAware,348,3658959723,1777223,1771629,4294961702,completed,-11
LoadAware,349,3658959723,1777423,1771738,4294961611,completed,-11
LoadAware,350,3658959723,1777625,1771872,4294961543,completed,-11
LoadAware,351,3658959723,1777825,1772068,4294961539,completed,-11
LoadAware,352,3658959723,1778219,1772463,4294961540,completed,-11
LoadAware,353,3658959723,1778419,1772662,4294961539,completed,-11
LoadAware,354,3658959723,1778619,1772862,4294961539,completed,-11
LoadAware,355,3658959723,1778819,1773063,4294961540,completed,-11
LoadAware,356,3658959723,1779019,1773262,4294961539,completed,-11
LoadAware,357,3658959723,1779223,1773479,4294961552,completed,-11
LoadAware,358,3658959723,1779423,1773666,4294961539,completed,-11
LoadAware,359,3658959723,1779623,1773872,4294961545,completed,-10
LoadAware,360,3658959723,1779823,1774066,4294961539,completed,-10
LoadAware,361,3658959723,1780023,1774458,4294961731,completed,-10
LoadAware,362,3658959723,1780223,1774561,4294961634,completed,-10
LoadAware,363,3658959723,1780423,1774667,4294961540,completed,-10
LoadAware,364,3658959723,1780623,1774867,4294961540,completed,-10
LoadAware,365,3658959723,1780823,1775065,4294961538,completed,-10
LoadAware,366,3658959723,1781023,1775267,4294961540,completed,-10
LoadAware,367,3658959723,1781227,1775579,4294961648,completed,-10
LoadAware,368,3658959723,1781427,1775689,4294961558,completed,-10
LoadAware,369,3658959723,1781627,1775870,4294961539,completed,-10
LoadAware,370,3658959723,1781827,1776070,4294961539,completed,-10
LoadAware,371,3658959723,1782027,1776462,4294961731,completed,-10
LoadAware,372,3658959723,1782227,1776571,4294961640,completed,-10
LoadAware,373,3658959723,1782427,1776674,4294961543,completed,-10
LoadAware,374,3658959723,1782627,1776870,4294961539,completed,-10
LoadAware,375,3658959723,1782827,1777069,4294961538,completed,-10
LoadAware,376,3658959723,1783028,1777464,4294961732,completed,-10
LoadAware,377,3658959723,1783228,1777574,4294961642,completed,-10
LoadAware,378,3658959723,1783428,1777677,4294961545,completed,-10
LoadAware,379,3658959723,1783628,1777871,4294961539,completed,-10
LoadAware,380,3658959723,1783828,1778071,4294961539,completed,-10
LoadAware,381,3658959723,1784028,1778272,4294961540,completed,-10
LoadAware,382,3658959723,1784229,1778474,4294961541,completed,-10
LoadAware,383,3658959723,1784429,1778672,4294961539,completed,-10
LoadAware,384,3658959723,1784629,1778888,4294961555,completed,-10
LoadAware,385,3658959723,1784829,1779071,4294961538,completed,-10
LoadAware,386,3658959723,1785029,1779467,4294961734,completed,-10
LoadAware,387,3658959723,1785229,1779570,4294961637,completed,-10
LoadAware,388,3658959723,1785429,1779676,4294961543,completed,-10
LoadAware,389,3658959723,1785629,1779872,4294961539,completed,-11
LoadAware,390,3658959723,1785829,1780073,4294961540,completed,-11
LoadAware,391,3658959723,1786029,1780271,4294961538,completed,-11
LoadAware,392,3658959723,1786229,1780505,4294961572,completed,-11
LoadAware,393,3658959723,1786429,1780673,4294961540,completed,-11
LoadAware,394,3658959723,1786629,1780896,4294961563,completed,-11
LoadAware,395,3658959723,1786829,1781103,4294961570,completed,-11
LoadAware,396,3658959723,1787029,1781603,4294961870,completed,-11
LoadAware,397,3658959723,1787229,1781854,4294961921,completed,-10
LoadAware,402,3037662008,1788233,1782487,4294961550,completed,-25
LoadAware,398,3658959723,1787429,1781955,4294961822,completed,-10
LoadAware,403,3037662008,1788433,1782673,4294961536,completed,-25
LoadAware,404,3037662008,1788633,1782873,4294961536,completed,-25
LoadAware,399,3658959723,1787632,1782057,4294961721,completed,-10
LoadAware,405,3037662008,1788833,1783072,4294961535,completed,-25
LoadAware,400,3658959723,1787832,1782158,4294961622,completed,-10
LoadAware,401,3658959723,1788032,1782277,4294961541,completed,-10
LoadAware,406,3037662008,1789034,1783485,4294961747,completed,-25
LoadAware,407,3037662008,1789235,1783598,4294961659,completed,-25
LoadAware,408,3037662008,1789435,1783707,4294961568,completed,-25
LoadAware,409,3037662008,1789635,1783875,4294961536,completed,-27
LoadAware,410,3658959723,1789835,1784078,4294961539,completed,-10
LoadAware,411,3658959723,1790035,1784471,4294961732,completed,-10
LoadAware,412,3658959723,1790235,1784580,4294961641,completed,-10
LoadAware,413,3658959723,1790435,1784689,4294961550,completed,-10
LoadAware,414,3658959723,1790635,1784878,4294961539,completed,-10
LoadAware,415,3658959723,1790835,1785078,4294961539,completed,-10
LoadAware,416,3658959723,1791035,1785503,4294961764,completed,-10
LoadAware,417,3658959723,1791235,1785611,4294961672,completed,-10
LoadAware,418,3658959723,1791435,1785721,4294961582,completed,-10
LoadAware,419,3658959723,1791635,1785883,4294961544,completed,-11
LoadAware,420,3658959723,1791835,1786078,4294961539,completed,-11
LoadAware,433,3037662008,1796843,1791082,4294961535,completed,-27
LoadAware,421,3037662008,1797036,1791276,4294961536,completed,-27
LoadAware,434,3037662008,1797043,1791385,4294961638,completed,-27
LoadAware,435,3037662008,1797243,1791488,4294961541,completed,-27
LoadAware,436,3037662008,1797635,1791876,4294961537,completed,-27
LoadAware,437,3037662008,1797835,1792074,4294961535,completed,-27
LoadAware,438,3037662008,1798035,1792274,4294961535,completed,-27
LoadAware,439,3037662008,1798235,1792474,4294961535,completed,-27
LoadAware,440,3037662008,1798435,1792674,4294961535,completed,-27
LoadAware,441,3037662008,1798649,1792888,4294961535,completed,-27
LoadAware,442,3037662008,1798849,1793088,4294961535,completed,-27
LoadAware,443,3037662008,1799049,1793288,4294961535,completed,-27
LoadAware,444,3037662008,1799249,1793488,4294961535,completed,-27
LoadAware,422,3037662008,1799436,1793676,4294961536,completed,-27
LoadAware,445,3037662008,1799644,1793884,4294961536,completed,-28
LoadAware,423,3037662008,1799646,1794059,4294961709,completed,-28
LoadAware,424,3037662008,1799843,1794336,4294961789,completed,-28
LoadAware,446,3037662008,1799845,1794609,4294962060,completed,-28
LoadAware,425,3037662008,1800043,1794890,4294962143,completed,-28
LoadAware,447,3037662008,1800045,1794992,4294962243,completed,-28
LoadAware,426,3037662008,1800243,1795137,4294962190,completed,-28
LoadAware,448,3037662008,1800245,1795240,4294962291,completed,-28
LoadAware,449,3037662008,1800445,1795343,4294962194,completed,-28
LoadAware,450,3037662008,1800647,1795446,4294962095,completed,-28
LoadAware,427,3037662008,1800650,1795549,4294962195,completed,-28
LoadAware,428,3037662008,1800841,1795652,4294962107,completed,-28
LoadAware,451,3037662008,1800847,1795755,4294962204,completed,-28
LoadAware,429,3037662008,1801041,1795857,4294962112,completed,-26
LoadAware,452,3037662008,1801047,1795960,4294962209,completed,-26
LoadAware,430,3037662008,1801241,1796062,4294962117,completed,-26
LoadAware,453,3037662008,1801247,1796165,4294962214,completed,-26
LoadAware,431,3037662008,1801441,1796268,4294962123,completed,-26
LoadAware,454,3037662008,1801447,1796371,4294962220,completed,-26
LoadAware,455,3037662008,1801658,1796474,4294962112,completed,-26
LoadAware,432,3037662008,1801660,1796579,4294962215,completed,-26
LoadAware,456,3037662008,1801858,1796682,4294962120,completed,-26
LoadAware,457,3037662008,1802058,1796783,4294962021,completed,-26
LoadAware,458,3037662008,1802258,1796885,4294961923,completed,-26
LoadAware,459,3037662008,1802659,1796987,4294961624,completed,-26
LoadAware,460,3658959723,1802859,1797104,4294961541,completed,-9
LoadAware,461,3658959723,1803059,1797304,4294961541,completed,-9
LoadAware,462,3658959723,1803259,1797503,4294961540,completed,-9
LoadAware,463,3658959723,1803652,1797897,4294961541,completed,-12
LoadAware,464,3658959723,1803852,1798098,4294961542,completed,-12
LoadAware,465,3658959723,1804052,1798296,4294961540,completed,-12
LoadAware,466,3658959723,1804252,1798497,4294961541,completed,-12
LoadAware,467,3658959723,1804452,1798890,4294961734,completed,-12
LoadAware,468,3658959723,1804660,1798992,4294961628,completed,-12
LoadAware,469,3658959723,1804860,1799103,4294961539,completed,-12
LoadAware,470,3658959723,1805060,1799305,4294961541,completed,-12
LoadAware,471,3658959723,1805260,1799503,4294961539,completed,-12
LoadAware,472,3658959723,1805658,1799904,4294961542,completed,-11
LoadAware,473,3658959723,1805858,1800103,4294961541,completed,-11
LoadAware,474,3658959723,1806058,1800301,4294961539,completed,-11
LoadAware,475,3658959723,1806258,1800502,4294961540,completed,-11
LoadAware,476,3658959723,1806656,1801908,4294962548,completed,-11
LoadAware,477,3658959723,1806856,1802020,4294962460,completed,-11
LoadAware,478,3658959723,1807056,1802123,4294962363,completed,-11
LoadAware,479,3658959723,1807256,1802226,4294962266,completed,-11
LoadAware,480,3658959723,1807456,1802329,4294962169,completed,-11
LoadAware,481,3658959723,1807662,1802431,4294962065,completed,-11
LoadAware,482,3658959723,1807862,1802534,4294961968,completed,-11
LoadAware,483,3658959723,1808062,1802637,4294961871,completed,-11
LoadAware,484,3658959723,1808262,1802740,4294961774,completed,-11
LoadAware,485,3658959723,1808662,1802932,4294961566,completed,-11
LoadAware,486,3658959723,1808862,1803106,4294961540,completed,-11
LoadAware,487,3658959723,1809062,1803306,4294961540,completed,-11
LoadAware,488,3658959723,1809262,1803506,4294961540,completed,-11
LoadAware,489,3658959723,1809652,1803907,4294961551,completed,-10
LoadAware,490,3658959723,1811858,1806294,4294961732,completed,-11
LoadAware,491,3658959723,1812059,1806751,4294961988,completed,-11
LoadAware,492,3658959723,1812259,1807058,4294962095,completed,-11
LoadAware,493,3658959723,1812467,1807160,4294961989,completed,-11
LoadAware,494,3658959723,1812667,1807302,4294961931,completed,-11
LoadAware,495,3658959723,1813053,1807576,4294961819,completed,-11
LoadAware,496,3658959723,1813253,1807851,4294961894,completed,-10
LoadAware,497,3658959723,1813453,1808298,4294962141,completed,-10
LoadAware,498,3658959723,1813653,1808403,4294962046,completed,-10
LoadAware,499,3658959723,1813853,1808505,4294961948,completed,-10
LoadAware,500,3658959723,1814058,1808607,4294961845,completed,-10
LoadAware,501,3658959723,1814258,1808709,4294961747,completed,-10
LoadAware,SUMMARY,ALL,0,0,120000,batch_complete,0
----------------,---,---,---,---,---,----------------,---
LoadAware,502,3658959723,1814458,1808810,4294961648,completed,-10
LoadAware,503,3658959723,1814658,1808911,4294961549,completed,-10
LoadAware,504,3658959723,1814860,1809108,4294961544,completed,-10
LoadAware,505,3658959723,1815061,1809308,4294961543,completed,-10
LoadAware,506,3658959723,1829474,1823875,4294961697,completed,-12
LoadAware,507,3658959723,1829674,1823978,4294961600,completed,-12
LoadAware,508,3658959723,1829874,1824119,4294961541,completed,-12
LoadAware,509,3658959723,1830074,1824317,4294961539,completed,-12
LoadAware,510,3658959723,1830464,1824708,4294961540,completed,-12
LoadAware,511,3658959723,1830664,1824908,4294961540,completed,-12
LoadAware,512,3658959723,1830864,1825107,4294961539,completed,-12
LoadAware,513,3658959723,1831064,1825308,4294961540,completed,-12
LoadAware,514,3658959723,1831264,1825507,4294961539,completed,-12
LoadAware,515,3658959723,1831470,1825921,4294961747,completed,-10
LoadAware,516,3658959723,1831670,1826024,4294961650,completed,-10
LoadAware,517,3658959723,1831870,1826127,4294961553,completed,-10
LoadAware,518,3658959723,1832070,1826313,4294961539,completed,-10
LoadAware,519,3658959723,1832270,1826513,4294961539,completed,-10
LoadAware,520,3658959723,1832471,1826718,4294961543,completed,-10
LoadAware,521,3658959723,1832671,1826917,4294961542,completed,-10
LoadAware,522,3658959723,1832871,1827114,4294961539,completed,-10
LoadAware,523,3658959723,1833072,1827315,4294961539,completed,-10
LoadAware,524,3658959723,1833273,1827711,4294961734,completed,-10
LoadAware,525,3658959723,1833478,1827815,4294961633,completed,-11
LoadAware,526,3658959723,1833678,1827924,4294961542,completed,-11
LoadAware,527,3658959723,1833878,1828122,4294961540,completed,-11
LoadAware,528,3658959723,1834078,1828321,4294961539,completed,-11
LoadAware,529,3658959723,1834468,1828713,4294961541,completed,-11
LoadAware,530,3658959723,1834668,1828916,4294961544,completed,-11
LoadAware,531,3658959723,1834868,1829111,4294961539,completed,-11
LoadAware,532,3658959723,1835068,1829311,4294961539,completed,-11
LoadAware,533,3658959723,1835268,1829511,4294961539,completed,-11
LoadAware,534,3658959723,1835477,1829722,4294961541,completed,-11
LoadAware,535,3658959723,1835677,1829922,4294961541,completed,-10
LoadAware,536,3658959723,1835877,1830120,4294961539,completed,-10
LoadAware,537,3658959723,1836077,1830321,4294961540,completed,-10
LoadAware,538,3658959723,1836277,1830712,4294961731,completed,-10
LoadAware,539,3658959723,1836477,1830815,4294961634,completed,-10
LoadAware,540,3658959723,1836677,1830922,4294961541,completed,-10
LoadAware,541,3658959723,1836877,1831120,4294961539,completed,-10
LoadAware,542,3658959723,1837077,1831321,4294961540,completed,-10
LoadAware,543,3658959723,1837277,1831714,4294961733,completed,-10
LoadAware,544,3658959723,1837477,1831823,4294961642,completed,-11
LoadAware,545,3658959723,1837677,1831925,4294961544,completed,-11
LoadAware,546,3658959723,1837877,1832122,4294961541,completed,-11
LoadAware,547,3658959723,1838077,1832321,4294961540,completed,-11
LoadAware,548,3658959723,1838277,1832521,4294961540,completed,-11
LoadAware,549,3658959723,1838478,1832724,4294961542,completed,-11
LoadAware,550,3658959723,1838678,1832921,4294961539,completed,-11
LoadAware,551,3658959723,1838878,1833122,4294961540,completed,-11
LoadAware,552,3658959723,1839078,1833321,4294961539,completed,-11
LoadAware,553,3658959723,1839278,1833716,4294961734,completed,-11
LoadAware,554,3658959723,1839478,1833823,4294961641,completed,-11
LoadAware,555,3658959723,1839678,1833925,4294961543,completed,-11
LoadAware,556,3658959723,1839878,1834121,4294961539,completed,-11
LoadAware,557,3658959723,1840078,1834322,4294961540,completed,-11
LoadAware,558,3658959723,1840278,1834522,4294961540,completed,-11
LoadAware,559,3658959723,1840489,1834734,4294961541,completed,-11
LoadAware,560,3658959723,1840689,1834933,4294961540,completed,-11
LoadAware,561,3658959723,1840889,1835133,4294961540,completed,-11
LoadAware,562,3658959723,1841089,1835332,4294961539,completed,-11
LoadAware,563,3658959723,1841477,1835722,4294961541,completed,-11
LoadAware,564,3658959723,1841677,1835923,4294961542,completed,-10
LoadAware,565,3658959723,1841877,1836120,4294961539,completed,-10
LoadAware,566,3658959723,1842077,1836322,4294961541,completed,-10
LoadAware,567,3658959723,1842277,1836521,4294961540,completed,-10
LoadAware,568,3658959723,1842482,1836728,4294961542,completed,-10
LoadAware,569,3658959723,1842682,1836926,4294961540,completed,-10
LoadAware,570,3658959723,1842882,1837125,4294961539,completed,-10
LoadAware,571,3658959723,1843082,1837325,4294961539,completed,-10
LoadAware,572,3658959723,1843282,1837762,4294961776,completed,-10
LoadAware,573,3658959723,1843482,1837872,4294961686,completed,-10
LoadAware,574,3658959723,1843682,1837975,4294961589,completed,-10
LoadAware,575,3658959723,1843882,1838125,4294961539,completed,-10
LoadAware,576,3658959723,1844082,1838325,4294961539,completed,-10
LoadAware,588,3037662008,1848876,1843116,4294961536,completed,-25
LoadAware,589,3037662008,1849076,1843316,4294961536,completed,-25
LoadAware,590,3037662008,1849276,1843516,4294961536,completed,-25
LoadAware,577,3037662008,1849283,1843625,4294961638,completed,-25
LoadAware,591,3037662008,1849476,1843728,4294961548,completed,-25
LoadAware,592,3037662008,1849676,1843917,4294961537,completed,-26
LoadAware,593,3037662008,1849883,1844126,4294961539,completed,-26
LoadAware,594,3037662008,1850083,1844323,4294961536,completed,-26
LoadAware,578,3658959723,1846677,1841129,4294961748,completed,-10
LoadAware,579,3658959723,1846885,1841549,4294961960,completed,-10
LoadAware,580,3658959723,1847085,1841824,4294962035,completed,-10
LoadAware,581,3658959723,1847285,1842117,4294962128,completed,-10
LoadAware,582,3658959723,1847485,1842219,4294962030,completed,-10
LoadAware,583,3658959723,1847876,1842374,4294961794,completed,-10
LoadAware,584,3658959723,1848076,1842649,4294961869,completed,-10
LoadAware,585,3658959723,1848276,1842899,4294961919,completed,-10
LoadAware,586,3658959723,1848476,1843175,4294961995,completed,-10
LoadAware,587,3658959723,1848676,1843277,4294961897,completed,-10
LoadAware,595,3658959723,1850283,1844532,4294961545,completed,-10
LoadAware,596,3658959723,1850483,1844728,4294961541,completed,-10
LoadAware,597,3658959723,1850683,1844929,4294961542,completed,-10
LoadAware,598,3658959723,1850890,1845138,4294961544,completed,-10
LoadAware,599,3658959723,1851090,1845335,4294961541,completed,-10
LoadAware,600,3658959723,1851290,1845535,4294961541,completed,-10
LoadAware,601,3658959723,1851490,1845736,4294961542,completed,-10
LoadAware,602,3658959723,1851690,1845935,4294961541,completed,-11
LoadAware,603,3658959723,1851891,1846148,4294961553,completed,-11
LoadAware,604,3658959723,1852091,1846338,4294961543,completed,-11
LoadAware,605,3658959723,1852291,1846536,4294961541,completed,-11
LoadAware,606,3658959723,1852498,1846763,4294961561,completed,-11
LoadAware,607,3658959723,1852888,1847133,4294961541,completed,-11
LoadAware,608,3658959723,1853088,1847331,4294961539,completed,-11
LoadAware,609,3658959723,1853288,1847531,4294961539,completed,-11
LoadAware,610,3658959723,1853493,1847739,4294961542,completed,-11
LoadAware,611,3658959723,1853693,1847938,4294961541,completed,-10
LoadAware,612,3658959723,1853894,1848139,4294961541,completed,-10
LoadAware,613,3658959723,1854094,1848338,4294961540,completed,-10
LoadAware,614,3658959723,1854294,1848538,4294961540,completed,-10
LoadAware,615,3658959723,1854494,1848738,4294961540,completed,-10
LoadAware,616,3658959723,1854694,1849132,4294961734,completed,-10
LoadAware,617,3658959723,1854894,1849238,4294961640,completed,-10
LoadAware,618,3658959723,1855094,1849341,4294961543,completed,-10
LoadAware,619,3658959723,1855294,1849538,4294961540,completed,-10
LoadAware,620,3658959723,1855494,1849738,4294961540,completed,-10
LoadAware,621,3658959723,1855694,1850131,4294961733,completed,-10
LoadAware,622,3658959723,1855894,1850234,4294961636,completed,-10
LoadAware,623,3658959723,1856094,1850340,4294961542,completed,-10
LoadAware,624,3658959723,1856294,1850537,4294961539,completed,-10
LoadAware,625,3658959723,1856500,1850745,4294961541,completed,-10
LoadAware,626,3658959723,1856891,1851136,4294961541,completed,-10
LoadAware,627,3658959723,1857091,1851335,4294961540,completed,-10
LoadAware,628,3658959723,1857291,1851541,4294961546,completed,-10
LoadAware,629,3658959723,1857494,1851749,4294961551,completed,-10
LoadAware,630,3658959723,1857694,1851938,4294961540,completed,-10
LoadAware,631,3658959723,1857898,1852142,4294961540,completed,-10
LoadAware,632,3658959723,1858098,1852357,4294961555,completed,-10
LoadAware,633,3658959723,1858298,1852541,4294961539,completed,-10
LoadAware,634,3658959723,1858498,1852749,4294961547,completed,-10
LoadAware,635,3658959723,1858698,1852942,4294961540,completed,-10
LoadAware,636,3658959723,1858898,1853144,4294961542,completed,-10
LoadAware,637,3658959723,1859098,1853341,4294961539,completed,-10
LoadAware,638,3658959723,1859298,1853542,4294961540,completed,-10
LoadAware,639,3658959723,1859498,1853768,4294961566,completed,-10
LoadAware,640,3658959723,1859698,1854139,4294961737,completed,-10
LoadAware,641,3658959723,1859898,1854242,4294961640,completed,-10
LoadAware,642,3658959723,1860098,1854345,4294961543,completed,-10
LoadAware,643,3658959723,1860298,1854541,4294961539,completed,-10
LoadAware,644,3658959723,1860498,1854746,4294961544,completed,-10
LoadAware,645,3658959723,1860698,1855137,4294961735,completed,-10
LoadAware,646,3658959723,1860898,1855254,4294961652,completed,-10
LoadAware,647,3658959723,1861098,1855356,4294961554,completed,-10
LoadAware,648,3658959723,1861298,1855550,4294961548,completed,-10
LoadAware,649,3658959723,1861498,1855762,4294961560,completed,-10
LoadAware,650,3658959723,1861698,1855978,4294961576,completed,-10
LoadAware,651,3658959723,1861898,1856145,4294961543,completed,-10
LoadAware,652,3658959723,1864108,1858546,4294961734,completed,-20
LoadAware,653,3658959723,1864316,1858648,4294961628,completed,-20
LoadAware,654,3658959723,1864516,1858878,4294961658,completed,-20
LoadAware,655,3658959723,1864716,1859129,4294961709,completed,-20
LoadAware,656,3658959723,1864916,1859558,4294961938,completed,-20
LoadAware,657,3658959723,1865305,1859659,4294961650,completed,-20
LoadAware,658,3658959723,1865505,1859760,4294961551,completed,-20
LoadAware,659,3658959723,1865705,1859950,4294961541,completed,-10
LoadAware,660,3658959723,1865905,1860150,4294961541,completed,-10
LoadAware,661,3658959723,1866105,1860350,4294961541,completed,-10
LoadAware,662,3658959723,1866314,1860564,4294961546,completed,-10
LoadAware,663,3658959723,1866514,1860778,4294961560,completed,-10
LoadAware,664,3658959723,1866714,1860958,4294961540,completed,-10
LoadAware,665,3658959723,1866914,1861158,4294961540,completed,-10
LoadAware,666,3658959723,1867114,1861358,4294961540,completed,-10
LoadAware,667,3658959723,1867314,1861560,4294961542,completed,-10
LoadAware,668,3658959723,1867514,1861758,4294961540,completed,-10
LoadAware,669,3658959723,1867714,1861958,4294961540,completed,-10
LoadAware,670,3658959723,1867914,1862157,4294961539,completed,-10
LoadAware,671,3658959723,1868114,1862358,4294961540,completed,-10
LoadAware,672,3658959723,1868317,1862849,4294961828,completed,-10
LoadAware,673,3658959723,1868517,1862998,4294961777,completed,-10
LoadAware,674,3658959723,1868720,1863101,4294961677,completed,-10
LoadAware,675,3658959723,1868920,1863204,4294961580,completed,-10
LoadAware,676,3658959723,1869310,1863554,4294961540,completed,-10
LoadAware,677,3658959723,1869511,1863754,4294961539,completed,-10
LoadAware,678,3658959723,1869711,1863956,4294961541,completed,-10
LoadAware,679,3658959723,1869911,1864155,4294961540,completed,-10
LoadAware,680,3658959723,1870111,1864355,4294961540,completed,-10
LoadAware,681,3658959723,1870317,1864563,4294961542,completed,-10
LoadAware,682,3658959723,1870517,1864761,4294961540,completed,-10
LoadAware,683,3658959723,1870717,1864960,4294961539,completed,-10
LoadAware,684,3658959723,1870917,1865162,4294961541,completed,-10
LoadAware,685,3658959723,1871117,1865360,4294961539,completed,-10
LoadAware,686,3658959723,1871317,1865564,4294961543,completed,-10
LoadAware,687,3658959723,1871517,1865761,4294961540,completed,-10
LoadAware,688,3658959723,1871717,1865960,4294961539,completed,-10
LoadAware,689,3658959723,1871917,1866161,4294961540,completed,-10
LoadAware,690,3658959723,1872117,1866361,4294961540,completed,-10
LoadAware,691,3658959723,1872321,1866573,4294961548,completed,-10
LoadAware,692,3658959723,1872521,1866764,4294961539,completed,-10
LoadAware,693,3658959723,1872721,1866965,4294961540,completed,-10
LoadAware,694,3658959723,1872921,1867164,4294961539,completed,-10
LoadAware,695,3658959723,1873121,1867365,4294961540,completed,-10
LoadAware,696,3658959723,1873321,1867571,4294961546,completed,-10
LoadAware,697,3658959723,1873521,1867764,4294961539,completed,-10
LoadAware,698,3658959723,1873721,1867966,4294961541,completed,-11
LoadAware,699,3658959723,1873921,1868164,4294961539,completed,-11
LoadAware,700,3658959723,1874121,1868364,4294961539,completed,-11
LoadAware,701,3658959723,1874323,1868722,4294961695,completed,-11
LoadAware,702,3658959723,1874523,1868842,4294961615,completed,-11
LoadAware,703,3658959723,1874723,1868966,4294961539,completed,-11
LoadAware,704,3658959723,1874923,1869166,4294961539,completed,-11
LoadAware,705,3658959723,1875123,1869367,4294961540,completed,-11
LoadAware,706,3658959723,1875324,1869569,4294961541,completed,-11
LoadAware,707,3658959723,1875524,1869769,4294961541,completed,-11
LoadAware,708,3658959723,1875724,1869969,4294961541,completed,-10
LoadAware,709,3658959723,1875924,1870168,4294961540,completed,-10
LoadAware,710,3658959723,1876124,1870368,4294961540,completed,-10
LoadAware,711,3658959723,1876326,1870798,4294961768,completed,-10
LoadAware,712,3658959723,1876526,1870901,4294961671,completed,-10
LoadAware,713,3658959723,1876726,1871004,4294961574,completed,-10
LoadAware,714,3658959723,1876926,1871169,4294961539,completed,-10
LoadAware,715,3658959723,1877126,1871369,4294961539,completed,-10
LoadAware,716,3658959723,1877326,1871573,4294961543,completed,-10
LoadAware,717,3658959723,1877526,1871770,4294961540,completed,-10
LoadAware,718,3658959723,1877726,1871971,4294961541,completed,-11
LoadAware,719,3658959723,1877926,1872169,4294961539,completed,-11
LoadAware,720,3658959723,1878126,1872370,4294961540,completed,-11
LoadAware,721,3658959723,1878329,1872575,4294961542,completed,-11
LoadAware,722,3658959723,1878529,1872773,4294961540,completed,-11
LoadAware,723,3658959723,1878729,1872973,4294961540,completed,-11
LoadAware,724,3658959723,1878929,1873172,4294961539,completed,-11
LoadAware,725,3658959723,1879129,1873567,4294961734,completed,-11
LoadAware,726,3658959723,1881525,1876011,4294961782,completed,-10
LoadAware,727,3658959723,1881726,1876397,4294961967,completed,-10
LoadAware,728,3658959723,1881926,1876647,4294962017,completed,-10
LoadAware,729,3658959723,1882126,1876963,4294962133,completed,-10
LoadAware,730,3658959723,1882326,1877065,4294962035,completed,-10
LoadAware,731,3658959723,1882526,1877173,4294961943,completed,-10
LoadAware,732,3658959723,1882726,1877446,4294962016,completed,-10
LoadAware,739,3658959723,1884126,1878371,4294961541,completed,-10
LoadAware,740,3658959723,1884326,1878571,4294961541,completed,-10
LoadAware,741,3658959723,1884529,1878968,4294961735,completed,-10
LoadAware,742,3658959723,1884729,1879075,4294961642,completed,-10
LoadAware,743,3658959723,1884929,1879178,4294961545,completed,-10
LoadAware,744,3658959723,1885129,1879374,4294961541,completed,-10
LoadAware,745,3658959723,1885329,1879574,4294961541,completed,-10
LoadAware,746,3658959723,1885529,1879776,4294961543,completed,-10
LoadAware,747,3658959723,1885737,1879982,4294961541,completed,-10
LoadAware,748,3658959723,1885937,1880182,4294961541,completed,-10
LoadAware,749,3658959723,1886137,1880381,4294961540,completed,-10
LoadAware,750,3658959723,1886337,1880581,4294961540,completed,-10
LoadAware,751,3658959723,1886727,1880971,4294961540,completed,-10
LoadAware,752,3658959723,1886927,1881174,4294961543,completed,-10
LoadAware,753,3658959723,1887127,1881371,4294961540,completed,-10
LoadAware,754,3658959723,1887327,1881570,4294961539,completed,-10
LoadAware,755,3658959723,1887527,1881770,4294961539,completed,-10
LoadAware,756,3658959723,1887736,1881996,4294961556,completed,-11
LoadAware,733,3658959723,1887927,1882171,4294961540,completed,-11
LoadAware,757,3658959723,1887936,1882274,4294961634,completed,-11
LoadAware,734,3658959723,1888127,1882377,4294961546,completed,-11
LoadAware,758,3658959723,1888136,1882480,4294961640,completed,-11
LoadAware,735,3658959723,1888327,1882582,4294961551,completed,-11
LoadAware,759,3658959723,1888336,1882685,4294961645,completed,-11
LoadAware,736,3658959723,1888527,1882788,4294961557,completed,-11
LoadAware,760,3658959723,1888536,1882974,4294961734,completed,-11
LoadAware,761,3658959723,1888737,1883077,4294961636,completed,-11
LoadAware,737,3658959723,1888739,1883183,4294961740,completed,-11
LoadAware,738,3658959723,1888927,1883286,4294961655,completed,-11
LoadAware,762,3658959723,1888937,1883389,4294961748,completed,-11
LoadAware,763,3658959723,1889137,1883492,4294961651,completed,-11
LoadAware,764,3658959723,1889337,1883595,4294961554,completed,-11
LoadAware,765,3658959723,1889537,1883992,4294961751,completed,-11
LoadAware,766,3658959723,1889738,1884095,4294961653,completed,-11
LoadAware,767,3658959723,1889938,1884198,4294961556,completed,-11
LoadAware,768,3658959723,1890138,1884381,4294961539,completed,-11
LoadAware,769,3658959723,1890338,1884581,4294961539,completed,-11
LoadAware,770,3658959723,1890538,1884975,4294961733,completed,-11
LoadAware,771,3658959723,1890738,1885078,4294961636,completed,-11
LoadAware,772,3658959723,1890938,1885185,4294961543,completed,-11
LoadAware,773,3658959723,1891138,1885381,4294961539,completed,-11
LoadAware,774,3658959723,1891338,1885581,4294961539,completed,-11
LoadAware,775,3658959723,1891538,1885977,4294961735,completed,-10
LoadAware,776,3658959723,1891739,1886079,4294961636,completed,-10
LoadAware,777,3658959723,1891939,1886346,4294961703,completed,-10
LoadAware,778,3658959723,1892139,1886621,4294961778,completed,-10
LoadAware,779,3658959723,1892339,1886978,4294961935,completed,-10
LoadAware,780,3658959723,1892539,1887080,4294961837,completed,-10
LoadAware,781,3658959723,1892739,1887181,4294961738,completed,-10
LoadAware,782,3658959723,1892939,1887448,4294961805,completed,-10
LoadAware,783,3658959723,1893139,1887550,4294961707,completed,-10
LoadAware,784,3658959723,1893339,1887652,4294961609,completed,-10
LoadAware,785,3658959723,1893539,1887979,4294961736,completed,-10
LoadAware,786,3658959723,1893745,1888081,4294961632,completed,-10
LoadAware,787,3658959723,1893945,1888198,4294961549,completed,-10
LoadAware,788,3658959723,1894145,1888390,4294961541,completed,-10
LoadAware,789,3658959723,1894345,1888596,4294961547,completed,-10
LoadAware,790,3658959723,1894737,1888981,4294961540,completed,-10
LoadAware,791,3658959723,1894937,1889180,4294961539,completed,-10
LoadAware,792,3658959723,1895137,1889383,4294961542,completed,-10
LoadAware,793,3658959723,1895337,1889582,4294961541,completed,-10
LoadAware,794,3658959723,1895539,1893173,4294964930,completed,-13
LoadAware,795,3658959723,1895741,1893385,4294964940,completed,-13
LoadAware,796,3658959723,1895941,1893572,4294964927,completed,-13
LoadAware,797,3658959723,1896141,1893675,4294964830,completed,-13
LoadAware,798,3658959723,1896341,1893778,4294964733,completed,-13
LoadAware,799,3658959723,1896541,1893880,4294964635,completed,-12
LoadAware,800,3658959723,1898945,1893982,4294962333,completed,-12
LoadAware,804,3037662008,1899755,1894020,4294961561,completed,-27
LoadAware,801,3658959723,1899152,1894085,4294962229,completed,-12
LoadAware,805,3037662008,1900147,1894460,4294961609,completed,-27
LoadAware,802,3658959723,1899352,1894188,4294962132,completed,-12
LoadAware,806,3037662008,1900347,1894587,4294961536,completed,-27
LoadAware,807,3037662008,1900547,1894789,4294961538,completed,-27
LoadAware,803,3658959723,1899552,1894289,4294962033,completed,-12
LoadAware,808,3037662008,1900747,1894987,4294961536,completed,-27
LoadAware,809,3037662008,1900947,1895188,4294961537,completed,-27
LoadAware,810,3037662008,1901152,1895393,4294961537,completed,-27
LoadAware,811,3037662008,1901352,1895596,4294961540,completed,-27
LoadAware,812,3037662008,1901552,1895793,4294961537,completed,-27
LoadAware,813,3658959723,1901752,1896019,4294961563,completed,-12
LoadAware,814,3658959723,1901952,1896392,4294961736,completed,-12
LoadAware,815,3658959723,1902152,1896498,4294961642,completed,-12
LoadAware,816,3658959723,1902352,1896601,4294961545,completed,-12
LoadAware,817,3658959723,1902552,1896796,4294961540,completed,-12
LoadAware,818,3658959723,1902752,1896996,4294961540,completed,-12
LoadAware,819,3658959723,1902952,1897390,4294961734,completed,-12
LoadAware,820,3658959723,1903152,1897500,4294961644,completed,-12
LoadAware,821,3658959723,1903352,1897603,4294961547,completed,-12
LoadAware,822,3658959723,1903552,1897796,4294961540,completed,-12
LoadAware,823,3658959723,1903752,1897995,4294961539,completed,-13
LoadAware,824,3658959723,1903952,1898196,4294961540,completed,-13
LoadAware,825,3658959723,1904153,1898513,4294961656,completed,-13
LoadAware,826,3658959723,1904353,1898623,4294961566,completed,-13
LoadAware,827,3658959723,1904553,1898798,4294961541,completed,-13
LoadAware,828,3658959723,1904753,1898996,4294961539,completed,-13
LoadAware,829,3658959723,1904953,1899397,4294961740,completed,-13
LoadAware,830,3658959723,1905153,1899507,4294961650,completed,-13
LoadAware,831,3658959723,1905353,1899642,4294961585,completed,-13
LoadAware,832,3658959723,1905553,1899797,4294961540,completed,-13
LoadAware,833,3658959723,1905753,1900005,4294961548,completed,-12
LoadAware,834,3658959723,1905953,1900196,4294961539,completed,-12
LoadAware,835,3658959723,1906154,1900401,4294961543,completed,-12
LoadAware,836,3658959723,1906354,1900600,4294961542,completed,-12
LoadAware,837,3658959723,1906554,1900797,4294961539,completed,-12
LoadAware,838,3658959723,1906754,1900997,4294961539,completed,-12
LoadAware,839,3658959723,1906954,1901445,4294961787,completed,-12
LoadAware,840,3658959723,1907154,1901557,4294961699,completed,-12
LoadAware,841,3658959723,1907354,1901660,4294961602,completed,-12
LoadAware,842,3658959723,1907554,1901800,4294961542,completed,-12
LoadAware,843,3658959723,1907754,1901998,4294961540,completed,-13
LoadAware,844,3658959723,1907954,1902197,4294961539,completed,-13
LoadAware,845,3658959723,1908155,1902403,4294961544,completed,-13
LoadAware,846,3658959723,1908355,1902598,4294961539,completed,-13
LoadAware,847,3658959723,1908555,1902800,4294961541,completed,-13
LoadAware,848,3658959723,1908755,1903012,4294961553,completed,-13
LoadAware,849,3658959723,1908955,1903397,4294961738,completed,-13
LoadAware,850,3658959723,1909155,1903500,4294961641,completed,-13
LoadAware,851,3658959723,1909355,1903603,4294961544,completed,-13
LoadAware,852,3658959723,1909555,1903799,4294961540,completed,-13
LoadAware,853,3658959723,1909755,1903998,4294961539,completed,-13
LoadAware,854,3658959723,1909955,1904199,4294961540,completed,-13
LoadAware,855,3658959723,1910158,1904404,4294961542,completed,-13
LoadAware,856,3658959723,1910358,1904602,4294961540,completed,-13
LoadAware,857,3658959723,1910558,1904802,4294961540,completed,-13
LoadAware,858,3658959723,1910758,1905001,4294961539,completed,-13
LoadAware,859,3658959723,1910958,1905203,4294961541,completed,-13
LoadAware,860,3658959723,1911160,1905405,4294961541,completed,-13
LoadAware,861,3658959723,1911360,1905604,4294961540,completed,-13
LoadAware,862,3658959723,1911560,1905818,4294961554,completed,-13
LoadAware,863,3658959723,1911760,1906012,4294961548,completed,-12
LoadAware,864,3658959723,1911960,1906203,4294961539,completed,-12
LoadAware,865,3658959723,1912161,1906414,4294961549,completed,-12
LoadAware,866,3658959723,1912361,1906625,4294961560,completed,-12
LoadAware,867,3658959723,1912561,1906822,4294961557,completed,-12
LoadAware,868,3658959723,1912761,1907005,4294961540,completed,-12
LoadAware,869,3658959723,1912961,1907400,4294961735,completed,-12
LoadAware,870,3658959723,1913161,1907511,4294961646,completed,-12
LoadAware,871,3658959723,1913361,1907648,4294961583,completed,-12
LoadAware,872,3658959723,1913561,1907805,4294961540,completed,-12
LoadAware,873,3658959723,1913761,1908030,4294961565,completed,-12
LoadAware,874,3658959723,1913961,1908205,4294961540,completed,-12
LoadAware,875,3658959723,1916357,1910795,4294961734,completed,-12
LoadAware,876,3658959723,1916563,1911321,4294962054,completed,-12
LoadAware,886,3037662008,1918764,1913004,4294961536,completed,-28
LoadAware,877,3658959723,1916763,1911423,4294961956,completed,-12
LoadAware,878,3658959723,1916963,1911595,4294961928,completed,-12
LoadAware,879,3658959723,1917163,1911870,4294962003,completed,-13
LoadAware,880,3658959723,1917559,1912145,4294961882,completed,-13
LoadAware,881,3658959723,1917759,1912422,4294961959,completed,-13
LoadAware,882,3658959723,1917959,1912524,4294961861,completed,-13
LoadAware,883,3658959723,1918159,1912797,4294961934,completed,-13
LoadAware,884,3658959723,1918359,1912970,4294961907,completed,-13
LoadAware,885,3658959723,1918564,1913072,4294961804,completed,-13
LoadAware,887,3658959723,1918964,1913208,4294961540,completed,-13
LoadAware,888,3658959723,1919164,1913409,4294961541,completed,-13
LoadAware,889,3658959723,1919563,1913808,4294961541,completed,-13
LoadAware,890,3658959723,1919763,1914008,4294961541,completed,-13
LoadAware,891,3658959723,1919963,1914209,4294961542,completed,-13
LoadAware,892,3658959723,1920163,1914410,4294961543,completed,-13
LoadAware,893,3658959723,1920566,1914878,4294961608,completed,-13
LoadAware,894,3658959723,1920766,1915011,4294961541,completed,-13
LoadAware,895,3658959723,1920966,1915212,4294961542,completed,-13
LoadAware,896,3658959723,1921166,1915410,4294961540,completed,-13
LoadAware,897,3658959723,1921557,1915803,4294961542,completed,-13
LoadAware,898,3658959723,1921757,1916002,4294961541,completed,-12
LoadAware,899,3658959723,1921957,1916201,4294961540,completed,-12
LoadAware,900,3658959723,1922157,1916402,4294961541,completed,-12
LoadAware,901,3658959723,1922357,1916602,4294961541,completed,-12
LoadAware,902,3658959723,1922564,1917044,4294961776,completed,-12
LoadAware,903,3658959723,1922764,1917152,4294961684,completed,-12
LoadAware,904,3658959723,1922964,1917263,4294961595,completed,-12
LoadAware,905,3658959723,1923164,1917408,4294961540,completed,-12
LoadAware,906,3658959723,1923364,1917814,4294961746,completed,-12
LoadAware,907,3658959723,1923568,1917917,4294961645,completed,-13
LoadAware,908,3658959723,1923768,1918020,4294961548,completed,-13
LoadAware,909,3658959723,1923968,1918213,4294961541,completed,-13
LoadAware,910,3658959723,1924168,1918411,4294961539,completed,-13
LoadAware,911,3658959723,1924567,1918845,4294961574,completed,-13
LoadAware,912,3658959723,1924767,1919011,4294961540,completed,-13
LoadAware,913,3658959723,1924967,1919211,4294961540,completed,-13
LoadAware,914,3658959723,1925167,1919410,4294961539,completed,-13
LoadAware,915,3658959723,1925367,1919804,4294961733,completed,-13
LoadAware,916,3658959723,1925570,1919907,4294961633,completed,-13
LoadAware,917,3658959723,1925770,1920016,4294961542,completed,-13
LoadAware,918,3658959723,1925970,1920215,4294961541,completed,-13
LoadAware,919,3658959723,1926170,1920414,4294961540,completed,-13
LoadAware,920,3658959723,1926569,1920846,4294961573,completed,-13
LoadAware,921,3658959723,1926769,1921012,4294961539,completed,-13
LoadAware,922,3658959723,1926969,1921216,4294961543,completed,-13
LoadAware,923,3658959723,1927169,1921412,4294961539,completed,-13
LoadAware,924,3658959723,1927369,1921807,4294961734,completed,-13
LoadAware,925,3658959723,1927569,1921915,4294961642,completed,-13
LoadAware,926,3658959723,1927769,1922018,4294961545,completed,-13
LoadAware,927,3658959723,1927969,1922214,4294961541,completed,-13
LoadAware,928,3658959723,1928169,1922412,4294961539,completed,-13
LoadAware,929,3658959723,1928369,1922833,4294961760,completed,-13
LoadAware,930,3658959723,1928572,1922942,4294961666,completed,-13
LoadAware,931,3658959723,1928772,1923051,4294961575,completed,-13
LoadAware,932,3658959723,1928972,1923217,4294961541,completed,-13
LoadAware,933,3658959723,1929172,1923416,4294961540,completed,-13
LoadAware,934,3658959723,1929372,1923811,4294961735,completed,-13
LoadAware,935,3658959723,1929572,1923927,4294961651,completed,-13
LoadAware,936,3658959723,1929772,1924029,4294961553,completed,-13
LoadAware,937,3658959723,1929972,1924216,4294961540,completed,-13
LoadAware,938,3658959723,1930172,1924417,4294961541,completed,-13
LoadAware,939,3658959723,1930372,1924843,4294961767,completed,-13
LoadAware,940,3658959723,1930575,1924957,4294961678,completed,-13
LoadAware,941,3658959723,1930775,1925060,4294961581,completed,-13
LoadAware,942,3658959723,1930975,1925219,4294961540,completed,-13
LoadAware,943,3658959723,1931175,1925418,4294961539,completed,-13
LoadAware,944,3658959723,1931375,1925814,4294961735,completed,-13
LoadAware,945,3658959723,1933775,1928213,4294961734,completed,-12
LoadAware,946,3658959723,1933979,1928323,4294961640,completed,-12
LoadAware,947,3658959723,1934179,1928426,4294961543,completed,-12
LoadAware,948,3658959723,1934379,1928624,4294961541,completed,-12
LoadAware,949,3658959723,1934579,1928823,4294961540,completed,-12
LoadAware,950,3658959723,1934779,1929218,4294961735,completed,-12
LoadAware,951,3658959723,1934979,1929327,4294961644,completed,-12
LoadAware,952,3658959723,1935179,1929436,4294961553,completed,-12
LoadAware,953,3658959723,1935379,1929623,4294961540,completed,-12
LoadAware,954,3658959723,1935579,1929824,4294961541,completed,-12
LoadAware,955,3658959723,1935780,1930259,4294961775,completed,-13
LoadAware,956,3658959723,1935980,1930372,4294961688,completed,-13
LoadAware,957,3658959723,1936180,1930481,4294961597,completed,-13
LoadAware,958,3658959723,1936380,1930625,4294961541,completed,-13
LoadAware,959,3658959723,1936580,1930823,4294961539,completed,-13
LoadAware,960,3658959723,1936780,1931024,4294961540,completed,-13
LoadAware,961,3658959723,1936981,1931225,4294961540,completed,-13
LoadAware,962,3658959723,1937181,1931425,4294961540,completed,-13
LoadAware,963,3658959723,1937381,1931626,4294961541,completed,-13
LoadAware,964,3658959723,1937581,1931831,4294961546,completed,-13
LoadAware,965,3658959723,1937782,1932224,4294961738,completed,-12
LoadAware,966,3658959723,1937982,1932334,4294961648,completed,-12
LoadAware,967,3658959723,1938182,1932436,4294961550,completed,-12
LoadAware,968,3658959723,1938382,1932635,4294961549,completed,-12
LoadAware,969,3658959723,1938582,1932826,4294961540,completed,-12
LoadAware,970,3658959723,1938782,1933027,4294961541,completed,-12
LoadAware,971,3658959723,1938982,1933235,4294961549,completed,-12
LoadAware,972,3658959723,1939182,1933438,4294961552,completed,-12
LoadAware,973,3658959723,1939382,1933626,4294961540,completed,-12
LoadAware,974,3658959723,1939582,1933859,4294961573,completed,-12
LoadAware,975,3658959723,1939782,1934243,4294961757,completed,-12
LoadAware,976,3658959723,1939982,1934363,4294961677,completed,-12
LoadAware,977,3658959723,1940182,1934466,4294961580,completed,-12
LoadAware,978,3658959723,1940382,1934626,4294961540,completed,-12
LoadAware,979,3658959723,1940582,1934825,4294961539,completed,-12
LoadAware,980,3658959723,1940782,1935026,4294961540,completed,-12
LoadAware,981,3658959723,1940984,1935231,4294961543,completed,-12
LoadAware,982,3658959723,1941184,1935432,4294961544,completed,-12
LoadAware,983,3658959723,1941384,1935642,4294961554,completed,-12
LoadAware,984,3658959723,1941584,1935838,4294961550,completed,-12
LoadAware,985,3658959723,1941784,1936232,4294961744,completed,-13
LoadAware,986,3658959723,1941984,1936335,4294961647,completed,-13
LoadAware,987,3658959723,1942184,1936438,4294961550,completed,-13
LoadAware,988,3658959723,1942384,1936632,4294961544,completed,-13
LoadAware,989,3658959723,1942584,1936828,4294961540,completed,-13
LoadAware,990,3658959723,1942784,1937032,4294961544,completed,-13
LoadAware,991,3658959723,1942986,1937249,4294961559,completed,-13
LoadAware,992,3658959723,1943186,1937431,4294961541,completed,-13
LoadAware,993,3658959723,1943386,1937642,4294961552,completed,-13
LoadAware,994,3658959723,1943586,1937839,4294961549,completed,-13
LoadAware,995,3658959723,1943786,1938030,4294961540,completed,-12
LoadAware,996,3658959723,1943986,1938243,4294961553,completed,-12
LoadAware,997,3658959723,1944186,1938431,4294961541,completed,-12
LoadAware,998,3658959723,1944386,1938630,4294961540,completed,-12
LoadAware,999,3658959723,1944586,1938847,4294961557,completed,-12
LoadAware,1000,3658959723,1944786,1939045,4294961555,completed,-12
LoadAware,1001,3658959723,1944988,1939264,4294961572,completed,-12
LoadAware,1002,3658959723,1945188,1939432,4294961540,completed,-12
LoadAware,1003,3658959723,1945388,1939631,4294961539,completed,-12
LoadAware,1004,3658959723,1945588,1939833,4294961541,completed,-12
LoadAware,1005,3658959723,1945788,1940033,4294961541,completed,-12
LoadAware,1006,3658959723,1945993,1940248,4294961551,completed,-12
LoadAware,1007,3658959723,1946193,1940448,4294961551,completed,-12
LoadAware,1008,3658959723,1946393,1940638,4294961541,completed,-12
LoadAware,1009,3658959723,1946593,1940837,4294961540,completed,-12
LoadAware,1010,3658959723,1946793,1941040,4294961543,completed,-12
LoadAware,1011,3658959723,1946993,1941240,4294961543,completed,-12
LoadAware,1012,3658959723,1947193,1941443,4294961546,completed,-12
LoadAware,1013,3658959723,1947393,1941639,4294961542,completed,-12
LoadAware,1014,3658959723,1947593,1941883,4294961586,completed,-12
LoadAware,1015,3658959723,1947794,1942044,4294961546,completed,-12
LoadAware,1016,3658959723,1947995,1942245,4294961546,completed,-12
LoadAware,1017,3658959723,1948195,1942440,4294961541,completed,-12
LoadAware,1018,3658959723,1948395,1942639,4294961540,completed,-12
LoadAware,1019,3658959723,1948595,1942839,4294961540,completed,-12
LoadAware,SUMMARY,ALL,0,0,121719,batch_complete,0
----------------,---,---,---,---,---,----------------,---
LoadAware,1020,3658959723,1948795,1943039,4294961540,completed,-12
LoadAware,1021,3658959723,1956806,1951051,4294961541,completed,-11
LoadAware,1022,3658959723,1957006,1951250,4294961540,completed,-11
LoadAware,1023,3658959723,1957393,1951638,4294961541,completed,-11
LoadAware,1024,3658959723,1957593,1951838,4294961541,completed,-11
LoadAware,1025,3658959723,1957793,1952040,4294961543,completed,-12
LoadAware,1026,3658959723,1957993,1952238,4294961541,completed,-12
LoadAware,1027,3658959723,1958193,1952437,4294961540,completed,-12
LoadAware,1028,3658959723,1958398,1952644,4294961542,completed,-12
LoadAware,1029,3658959723,1958598,1952843,4294961541,completed,-12
LoadAware,1030,3658959723,1958798,1953041,4294961539,completed,-12
LoadAware,1031,3658959723,1958998,1953241,4294961539,completed,-12
LoadAware,1032,3658959723,1959198,1953637,4294961735,completed,-12
LoadAware,1033,3658959723,1959398,1953746,4294961644,completed,-12
LoadAware,1034,3658959723,1959598,1953849,4294961547,completed,-12
LoadAware,1035,3658959723,1959798,1954043,4294961541,completed,-13
LoadAware,1036,3658959723,1959998,1954243,4294961541,completed,-13
LoadAware,1037,3658959723,1960198,1954441,4294961539,completed,-13
LoadAware,1038,3658959723,1960402,1954647,4294961541,completed,-13
LoadAware,1039,3658959723,1960602,1954850,4294961544,completed,-13
LoadAware,1040,3658959723,1960802,1955046,4294961540,completed,-13
LoadAware,1041,3658959723,1961002,1955246,4294961540,completed,-13
LoadAware,1042,3658959723,1961202,1955640,4294961734,completed,-13
LoadAware,1043,3658959723,1961402,1955755,4294961649,completed,-13
LoadAware,1044,3658959723,1961602,1955864,4294961558,completed,-13
LoadAware,1045,3658959723,1961802,1956054,4294961548,completed,-12
LoadAware,1046,3658959723,1962002,1956246,4294961540,completed,-12
LoadAware,1047,3658959723,1962202,1956469,4294961563,completed,-12
LoadAware,1048,3658959723,1962402,1956649,4294961543,completed,-12
LoadAware,1049,3658959723,1962602,1956858,4294961552,completed,-12
LoadAware,1050,3658959723,1962802,1957047,4294961541,completed,-12
LoadAware,1051,3658959723,1963002,1957246,4294961540,completed,-12
LoadAware,1052,3658959723,1963202,1957691,4294961785,completed,-12
LoadAware,1053,3658959723,1963402,1957799,4294961693,completed,-12
LoadAware,1054,3658959723,1963602,1957908,4294961602,completed,-13
LoadAware,1055,3658959723,1963802,1958047,4294961541,completed,-13
LoadAware,1056,3658959723,1964002,1958246,4294961540,completed,-13
LoadAware,1057,3658959723,1964202,1958446,4294961540,completed,-13
LoadAware,1058,3658959723,1964404,1958651,4294961543,completed,-13
LoadAware,1059,3658959723,1964604,1958849,4294961541,completed,-13
LoadAware,1060,3658959723,1964804,1959048,4294961540,completed,-13
LoadAware,1061,3658959723,1965004,1959254,4294961546,completed,-13
LoadAware,1062,3658959723,1965204,1959644,4294961736,completed,-13
LoadAware,1063,3658959723,1965404,1959753,4294961645,completed,-13
LoadAware,1064,3658959723,1965604,1959856,4294961548,completed,-13
LoadAware,1065,3658959723,1965804,1960055,4294961547,completed,-13
LoadAware,1066,3658959723,1966004,1960247,4294961539,completed,-13
LoadAware,1067,3658959723,1966204,1960448,4294961540,completed,-13
LoadAware,1068,3658959723,1968604,1963046,4294961738,completed,-12
LoadAware,1069,3658959723,1968806,1963151,4294961641,completed,-12
LoadAware,1070,3658959723,1969006,1963254,4294961544,completed,-12
LoadAware,1071,3658959723,1969206,1963450,4294961540,completed,-12
LoadAware,1072,3658959723,1969406,1963668,4294961558,completed,-12
LoadAware,1073,3658959723,1969606,1964045,4294961735,completed,-13
LoadAware,1074,3658959723,1969811,1964148,4294961633,completed,-13
LoadAware,1075,3658959723,1970011,1964256,4294961541,completed,-13
LoadAware,1076,3658959723,1970211,1964455,4294961540,completed,-13
LoadAware,1077,3658959723,1970411,1964656,4294961541,completed,-13
LoadAware,1078,3658959723,1970802,1965167,4294961661,completed,-13
LoadAware,1079,3658959723,1971002,1965276,4294961570,completed,-13
LoadAware,1080,3658959723,1971202,1965446,4294961540,completed,-13
LoadAware,1081,3658959723,1971402,1965647,4294961541,completed,-13
LoadAware,1082,3658959723,1971602,1965846,4294961540,completed,-13
LoadAware,1083,3658959723,1971811,1966058,4294961543,completed,-12
LoadAware,1084,3658959723,1972011,1966255,4294961540,completed,-12
LoadAware,1085,3658959723,1972211,1966455,4294961540,completed,-12
LoadAware,1086,3658959723,1972411,1966656,4294961541,completed,-12
LoadAware,1087,3658959723,1972611,1967050,4294961735,completed,-12
LoadAware,1088,3658959723,1972811,1967268,4294961753,completed,-12
LoadAware,1089,3658959723,1973011,1967370,4294961655,completed,-12
LoadAware,1090,3658959723,1973211,1967473,4294961558,completed,-12
LoadAware,1091,3658959723,1973411,1967656,4294961541,completed,-12
LoadAware,1092,3658959723,1973611,1967855,4294961540,completed,-12
LoadAware,1093,3658959723,1973814,1968070,4294961552,completed,-12
LoadAware,1094,3658959723,1974014,1968258,4294961540,completed,-12
LoadAware,1095,3658959723,1974214,1968458,4294961540,completed,-12
LoadAware,1096,3658959723,1974414,1968669,4294961551,completed,-12
LoadAware,1097,3658959723,1974614,1969054,4294961736,completed,-12
LoadAware,1098,3658959723,1974814,1969166,4294961648,completed,-12
LoadAware,1099,3658959723,1975014,1969269,4294961551,completed,-12
LoadAware,1100,3658959723,1975214,1969478,4294961560,completed,-12
LoadAware,1101,3658959723,1975414,1969658,4294961540,completed,-12
LoadAware,1102,3658959723,1975614,1970051,4294961733,completed,-13
LoadAware,1103,3658959723,1975815,1970176,4294961657,completed,-13
LoadAware,1104,3658959723,1976015,1970279,4294961560,completed,-13
LoadAware,1105,3658959723,1976215,1970459,4294961540,completed,-13
LoadAware,1106,3658959723,1976415,1970668,4294961549,completed,-13
LoadAware,1107,3658959723,1976615,1971118,4294961799,completed,-13
LoadAware,1108,3658959723,1976815,1971221,4294961702,completed,-13
LoadAware,1109,3658959723,1977015,1971324,4294961605,completed,-13
LoadAware,1110,3658959723,1977215,1971466,4294961547,completed,-13
LoadAware,1111,3658959723,1977415,1971672,4294961553,completed,-13
LoadAware,1112,3658959723,1977615,1971898,4294961579,completed,-12
LoadAware,1113,3658959723,1977822,1972067,4294961541,completed,-12
LoadAware,1114,3658959723,1978022,1972268,4294961542,completed,-12
LoadAware,1115,3658959723,1978222,1972465,4294961539,completed,-12
LoadAware,1116,3658959723,1978422,1972666,4294961540,completed,-12
LoadAware,1117,3658959723,1978811,1973055,4294961540,completed,-12
LoadAware,1118,3658959723,1979011,1973255,4294961540,completed,-12
LoadAware,1119,3658959723,1979211,1973457,4294961542,completed,-12
LoadAware,1120,3658959723,1979411,1973655,4294961540,completed,-12
LoadAware,1121,3658959723,1979611,1973857,4294961542,completed,-12
LoadAware,1122,3658959723,1979818,1974068,4294961546,completed,-13
LoadAware,1123,3658959723,1980018,1974263,4294961541,completed,-13
LoadAware,1124,3658959723,1980218,1974466,4294961544,completed,-13
LoadAware,1125,3658959723,1980418,1974689,4294961567,completed,-13
LoadAware,1126,3658959723,1980618,1974862,4294961540,completed,-13
LoadAware,1127,3658959723,1980818,1975065,4294961543,completed,-13
LoadAware,1128,3658959723,1981018,1975262,4294961540,completed,-13
LoadAware,1129,3658959723,1981218,1975462,4294961540,completed,-13
LoadAware,1130,3658959723,1981418,1975665,4294961543,completed,-13
LoadAware,1131,3658959723,1981618,1975862,4294961540,completed,-13
LoadAware,1132,3658959723,1981821,1976067,4294961542,completed,-13
LoadAware,1133,3658959723,1982021,1976265,4294961540,completed,-13
LoadAware,1134,3658959723,1982221,1976475,4294961550,completed,-13
LoadAware,1135,3658959723,1982421,1976666,4294961541,completed,-13
LoadAware,1136,3658959723,1982621,1977059,4294961734,completed,-13
LoadAware,1137,3658959723,1982821,1977168,4294961643,completed,-13
LoadAware,1138,3658959723,1983021,1977270,4294961545,completed,-13
LoadAware,1139,3658959723,1983221,1977466,4294961541,completed,-13
LoadAware,1140,3658959723,1983421,1977673,4294961548,completed,-13
LoadAware,1147,3037662008,1987213,1981454,4294961537,completed,-28
LoadAware,1148,3037662008,1987413,1981654,4294961537,completed,-28
LoadAware,1141,3658959723,1983621,1977865,4294961540,completed,-13
LoadAware,1142,3658959723,1986016,1980455,4294961735,completed,-12
LoadAware,1143,3658959723,1986222,1980816,4294961890,completed,-12
LoadAware,1144,3658959723,1986422,1980918,4294961792,completed,-12
LoadAware,1145,3658959723,1986622,1981092,4294961766,completed,-12
LoadAware,1146,3658959723,1986822,1981454,4294961928,completed,-12
LoadAware,1153,3658959723,1988419,1982670,4294961547,completed,-12
LoadAware,1154,3658959723,1988619,1982865,4294961542,completed,-12
LoadAware,1155,3658959723,1988819,1983086,4294961563,completed,-12
LoadAware,1156,3658959723,1989019,1983463,4294961740,completed,-12
LoadAware,1157,3658959723,1989219,1983566,4294961643,completed,-12
LoadAware,1158,3658959723,1989419,1983668,4294961545,completed,-12
LoadAware,1159,3658959723,1989619,1983863,4294961540,completed,-12
LoadAware,1160,3658959723,1989819,1984079,4294961556,completed,-12
LoadAware,1161,3658959723,1990019,1984263,4294961540,completed,-12
LoadAware,1162,3658959723,1990221,1984692,4294961767,completed,-12
LoadAware,1163,3658959723,1990421,1984795,4294961670,completed,-12
LoadAware,1164,3658959723,1990621,1984898,4294961573,completed,-12
LoadAware,1165,3658959723,1990821,1985065,4294961540,completed,-12
LoadAware,1166,3658959723,1991021,1985265,4294961540,completed,-12
LoadAware,1167,3658959723,1991221,1985468,4294961543,completed,-12
LoadAware,1168,3658959723,1991421,1985665,4294961540,completed,-12
LoadAware,1169,3658959723,1991621,1985866,4294961541,completed,-12
LoadAware,1170,3658959723,1991821,1986071,4294961546,completed,-12
LoadAware,1171,3658959723,1992021,1986273,4294961548,completed,-12
LoadAware,1172,3658959723,1992223,1986480,4294961553,completed,-12
LoadAware,1173,3658959723,1992423,1986679,4294961552,completed,-12
LoadAware,1149,3658959723,1992614,1986858,4294961540,completed,-12
LoadAware,1174,3658959723,1992623,1986968,4294961641,completed,-12
LoadAware,1150,3658959723,1992814,1987071,4294961553,completed,-12
LoadAware,1175,3658959723,1992823,1987173,4294961646,completed,-12
LoadAware,1151,3658959723,1993014,1987274,4294961556,completed,-12
LoadAware,1176,3658959723,1993023,1987463,4294961736,completed,-12
LoadAware,1177,3658959723,1993225,1987566,4294961637,completed,-12
LoadAware,1152,3658959723,1993227,1987668,4294961737,completed,-12
LoadAware,1178,3658959723,1993425,1987771,4294961642,completed,-12
LoadAware,1179,3658959723,1993625,1987874,4294961545,completed,-12
LoadAware,1180,3658959723,1993825,1988074,4294961545,completed,-12
LoadAware,1181,3658959723,1994026,1988465,4294961735,completed,-12
LoadAware,1182,3658959723,1994226,1988568,4294961638,completed,-12
LoadAware,1183,3658959723,1994426,1988682,4294961552,completed,-12
LoadAware,1184,3658959723,1994626,1988870,4294961540,completed,-12
LoadAware,1185,3658959723,1994826,1989070,4294961540,completed,-12
LoadAware,1186,3658959723,1995026,1989270,4294961540,completed,-12
LoadAware,1187,3658959723,1995226,1989473,4294961543,completed,-12
LoadAware,1188,3658959723,1995426,1989671,4294961541,completed,-12
LoadAware,1189,3658959723,1995626,1989891,4294961561,completed,-12
LoadAware,1190,3658959723,1995826,1990075,4294961545,completed,-14
LoadAware,1191,3658959723,1996027,1990468,4294961737,completed,-14
LoadAware,1192,3658959723,1996227,1990573,4294961642,completed,-14
LoadAware,1193,3658959723,1996427,1990676,4294961545,completed,-14
LoadAware,1194,3658959723,1996627,1990871,4294961540,completed,-14
LoadAware,1195,3658959723,1996827,1991074,4294961543,completed,-14
LoadAware,1196,3658959723,1997027,1991271,4294961540,completed,-14
LoadAware,1197,3658959723,1997227,1991485,4294961554,completed,-14
LoadAware,1198,3658959723,1997427,1991672,4294961541,completed,-14
LoadAware,1199,3658959723,1997627,1991885,4294961554,completed,-14
LoadAware,1200,3658959723,1997827,1992072,4294961541,completed,-13
LoadAware,1201,3658959723,1998028,1992467,4294961735,completed,-13
LoadAware,1202,3658959723,1998228,1992575,4294961643,completed,-13
LoadAware,1203,3658959723,1998428,1992678,4294961546,completed,-13
LoadAware,1204,3658959723,1998628,1992873,4294961541,completed,-13
LoadAware,1205,3658959723,1998828,1993082,4294961550,completed,-13
LoadAware,1206,3658959723,1999028,1993272,4294961540,completed,-13
LoadAware,1207,3658959723,1999231,1993486,4294961551,completed,-13
LoadAware,1208,3658959723,1999431,1993684,4294961549,completed,-13
LoadAware,1209,3658959723,1999631,1993880,4294961545,completed,-13
LoadAware,1210,3658959723,1999831,1994076,4294961541,completed,-12
LoadAware,1211,3658959723,2000031,1994489,4294961754,completed,-12
LoadAware,1212,3658959723,2000231,1994597,4294961662,completed,-12
LoadAware,1213,3658959723,2000431,1994707,4294961572,completed,-12
LoadAware,1214,3658959723,2000631,1994878,4294961543,completed,-12
LoadAware,1215,3658959723,2000831,1995075,4294961540,completed,-12
LoadAware,1216,0,2001031,0,0,lost,0
LoadAware,1217,3658959723,2003427,1997866,4294961735,completed,-12
LoadAware,1218,3658959723,2003627,1998052,4294961721,completed,-12
LoadAware,1219,3658959723,2003830,1998292,4294961758,completed,-12
LoadAware,1220,3658959723,2004030,1998572,4294961838,completed,-12
LoadAware,1221,3658959723,2004230,1998869,4294961935,completed,-12
LoadAware,1222,3658959723,2004430,1999118,4294961984,completed,-12
LoadAware,1223,3658959723,2004633,1999220,4294961883,completed,-12
LoadAware,1224,3658959723,2004833,1999389,4294961852,completed,-12
LoadAware,1235,3658959723,2007234,2001486,4294961548,completed,-12
LoadAware,1236,3658959723,2007434,2001881,4294961743,completed,-12
LoadAware,1237,3658959723,2007640,2001983,4294961639,completed,-13
LoadAware,1238,3658959723,2007840,2002089,4294961545,completed,-13
LoadAware,1239,3658959723,2008040,2002286,4294961542,completed,-13
LoadAware,1240,3658959723,2008240,2002486,4294961542,completed,-13
LoadAware,1241,3658959723,2008640,2002886,4294961542,completed,-13
LoadAware,1242,3658959723,2008840,2003086,4294961542,completed,-13
LoadAware,1243,3658959723,2009040,2003285,4294961541,completed,-13
LoadAware,1244,3658959723,2009240,2003486,4294961542,completed,-13
LoadAware,1245,3658959723,2009643,2003889,4294961542,completed,-13
LoadAware,1246,3658959723,2009843,2004089,4294961542,completed,-12
LoadAware,1225,3658959723,2010034,2004281,4294961543,completed,-12
LoadAware,1247,3658959723,2010043,2004384,4294961637,completed,-12
LoadAware,1226,3658959723,2010234,2004487,4294961549,completed,-12
LoadAware,1248,3658959723,2010243,2004590,4294961643,completed,-12
LoadAware,1249,3658959723,2010642,2004898,4294961552,completed,-12
LoadAware,1227,3658959723,2010644,2005034,4294961686,completed,-12
LoadAware,1228,3658959723,2010835,2005143,4294961604,completed,-12
LoadAware,1250,3658959723,2010842,2005246,4294961700,completed,-12
LoadAware,1229,3658959723,2011035,2005349,4294961610,completed,-12
LoadAware,1251,3658959723,2011042,2005452,4294961706,completed,-12
LoadAware,1230,3658959723,2011235,2005555,4294961616,completed,-12
LoadAware,1252,3658959723,2011242,2005658,4294961712,completed,-12
LoadAware,1231,3658959723,2011436,2005876,4294961736,completed,-12
LoadAware,1253,3658959723,2011645,2005979,4294961630,completed,-13
LoadAware,1232,3658959723,2011647,2006082,4294961731,completed,-13
LoadAware,1233,3658959723,2011835,2006185,4294961646,completed,-13
LoadAware,1254,3658959723,2011848,2006288,4294961736,completed,-13
LoadAware,1234,3658959723,2012035,2006391,4294961652,completed,-13
LoadAware,1255,3658959723,2012048,2006493,4294961741,completed,-13
LoadAware,1256,3658959723,2012248,2006596,4294961644,completed,-13
LoadAware,1257,3658959723,2012645,2006891,4294961542,completed,-13
LoadAware,1258,3658959723,2012845,2007089,4294961540,completed,-13
LoadAware,1259,3658959723,2013045,2007290,4294961541,completed,-13
LoadAware,1260,3658959723,2013245,2007489,4294961540,completed,-13
LoadAware,1261,3658959723,2013641,2008019,4294961674,completed,-13
LoadAware,1262,3658959723,2013841,2008122,4294961577,completed,-13
LoadAware,1263,3658959723,2014041,2008286,4294961541,completed,-13
LoadAware,1264,3658959723,2014241,2008492,4294961547,completed,-13
LoadAware,1265,3658959723,2014441,2008898,4294961753,completed,-13
LoadAware,1266,3658959723,2014643,2009007,4294961660,completed,-13
LoadAware,1267,3658959723,2014843,2009116,4294961569,completed,-13
LoadAware,1268,3658959723,2015043,2009295,4294961548,completed,-13
LoadAware,1269,3658959723,2015243,2009506,4294961559,completed,-13
LoadAware,1270,3658959723,2015443,2009890,4294961743,completed,-13
LoadAware,1271,3658959723,2015644,2009999,4294961651,completed,-12
LoadAware,1272,3658959723,2015844,2010102,4294961554,completed,-12
LoadAware,1273,3658959723,2016044,2010298,4294961550,completed,-12
LoadAware,1274,3658959723,2016244,2010488,4294961540,completed,-12
LoadAware,1275,3658959723,2016444,2011057,4294961909,completed,-12
LoadAware,1276,3658959723,2016648,2011177,4294961825,completed,-12
LoadAware,1277,3658959723,2016848,2011407,4294961855,completed,-12
LoadAware,1278,3658959723,2017048,2011510,4294961758,completed,-12
LoadAware,1279,3658959723,2017248,2011613,4294961661,completed,-12
LoadAware,1280,3658959723,2017652,2011897,4294961541,completed,-12
LoadAware,1281,3658959723,2017852,2012098,4294961542,completed,-13
LoadAware,1282,3658959723,2018052,2012296,4294961540,completed,-13
LoadAware,1283,3658959723,2018252,2012496,4294961540,completed,-13
LoadAware,1284,3658959723,2018642,2012887,4294961541,completed,-13
LoadAware,1285,3658959723,2020849,2015290,4294961737,completed,-12
LoadAware,1286,3658959723,2021053,2015538,4294961781,completed,-12
LoadAware,1287,3658959723,2021253,2015658,4294961701,completed,-12
LoadAware,1288,3658959723,2021453,2015767,4294961610,completed,-12
LoadAware,1289,3658959723,2021653,2015897,4294961540,completed,-12
LoadAware,1290,3658959723,2021853,2016290,4294961733,completed,-12
LoadAware,1291,3658959723,2022054,2016398,4294961640,completed,-12
LoadAware,1292,3658959723,2022254,2016507,4294961549,completed,-12
LoadAware,1293,3658959723,2022454,2016699,4294961541,completed,-12
LoadAware,1294,3658959723,2022654,2016928,4294961570,completed,-12
LoadAware,1295,3658959723,2022855,2017292,4294961733,completed,-12
LoadAware,1296,3658959723,2023055,2017401,4294961642,completed,-12
LoadAware,1297,3658959723,2023255,2017511,4294961552,completed,-12
LoadAware,1298,3658959723,2023455,2017699,4294961540,completed,-12
LoadAware,1299,3658959723,2023655,2017901,4294961542,completed,-12
LoadAware,1300,3658959723,2023855,2018293,4294961734,completed,-12
LoadAware,1301,3658959723,2024056,2018396,4294961636,completed,-12
LoadAware,1302,3658959723,2024256,2018503,4294961543,completed,-12
LoadAware,1303,3658959723,2024456,2018702,4294961542,completed,-12
LoadAware,1304,3658959723,2024656,2018900,4294961540,completed,-12
LoadAware,1305,3658959723,2024856,2019294,4294961734,completed,-12
LoadAware,1306,3658959723,2025056,2019403,4294961643,completed,-12
LoadAware,1307,3658959723,2025256,2019505,4294961545,completed,-12
LoadAware,1308,3658959723,2025456,2019700,4294961540,completed,-12
LoadAware,1309,3658959723,2025656,2019900,4294961540,completed,-12
LoadAware,1310,3658959723,2025856,2020102,4294961542,completed,-10
LoadAware,1311,3658959723,2026056,2020302,4294961542,completed,-10
LoadAware,1312,3658959723,2026256,2020500,4294961540,completed,-10
LoadAware,1313,3658959723,2026456,2020700,4294961540,completed,-10
LoadAware,1314,3658959723,2026656,2020900,4294961540,completed,-10
LoadAware,1315,3658959723,2026856,2021314,4294961754,completed,-10
LoadAware,1316,3658959723,2027056,2021417,4294961657,completed,-10
LoadAware,1317,3658959723,2027256,2021519,4294961559,completed,-10
LoadAware,1318,3658959723,2027456,2021700,4294961540,completed,-10
LoadAware,1319,3658959723,2027656,2021900,4294961540,completed,-10
LoadAware,1320,3658959723,2027856,2022101,4294961541,completed,-10
LoadAware,1321,3658959723,2028059,2022306,4294961543,completed,-10
LoadAware,1322,3658959723,2028259,2022503,4294961540,completed,-10
LoadAware,1323,3658959723,2028459,2022704,4294961541,completed,-10
LoadAware,1324,3658959723,2028659,2022903,4294961540,completed,-10
LoadAware,1325,3658959723,2028859,2023104,4294961541,completed,-10
LoadAware,1326,3658959723,2029061,2023310,4294961545,completed,-10
LoadAware,1327,3658959723,2029261,2023505,4294961540,completed,-10
LoadAware,1328,3658959723,2029461,2023705,4294961540,completed,-10
LoadAware,1329,3658959723,2029661,2023906,4294961541,completed,-10
LoadAware,1330,3658959723,2029861,2024106,4294961541,completed,-11
LoadAware,1331,3658959723,2030062,2024308,4294961542,completed,-11
LoadAware,1332,3658959723,2030262,2024506,4294961540,completed,-11
LoadAware,1333,3658959723,2030462,2024706,4294961540,completed,-11
LoadAware,1334,3658959723,2030662,2024907,4294961541,completed,-11
LoadAware,1335,3658959723,2030862,2025300,4294961734,completed,-11
LoadAware,1336,3658959723,2031062,2025408,4294961642,completed,-11
LoadAware,1337,3658959723,2031262,2025517,4294961551,completed,-11
LoadAware,1338,3658959723,2031462,2025707,4294961541,completed,-11
LoadAware,1339,3658959723,2031662,2025906,4294961540,completed,-11
LoadAware,1340,3658959723,2031862,2026106,4294961540,completed,-10
LoadAware,1341,3658959723,2032063,2026314,4294961547,completed,-10
LoadAware,1342,3658959723,2032263,2026508,4294961541,completed,-10
LoadAware,1343,3658959723,2032463,2026709,4294961542,completed,-10
LoadAware,1344,3658959723,2032663,2026907,4294961540,completed,-10
LoadAware,1345,3658959723,2032863,2027338,4294961771,completed,-10
LoadAware,1346,3658959723,2033063,2027446,4294961679,completed,-10
LoadAware,1347,3658959723,2033263,2027555,4294961588,completed,-10
LoadAware,1348,3658959723,2033463,2027709,4294961542,completed,-10
LoadAware,1349,3658959723,2033663,2027907,4294961540,completed,-10
LoadAware,1350,3658959723,2033863,2028108,4294961541,completed,-11
LoadAware,1351,3658959723,2034066,2028317,4294961547,completed,-11
LoadAware,1352,3658959723,2034266,2028510,4294961540,completed,-11
LoadAware,1353,3658959723,2034466,2028711,4294961541,completed,-11
LoadAware,1354,3658959723,2034666,2028910,4294961540,completed,-11
LoadAware,1355,3658959723,2034866,2029304,4294961734,completed,-11
LoadAware,1356,3658959723,2035066,2029413,4294961643,completed,-11
LoadAware,1357,3658959723,2035266,2029516,4294961546,completed,-11
LoadAware,1358,3658959723,2035466,2029710,4294961540,completed,-11
LoadAware,1359,3658959723,2035666,2029910,4294961540,completed,-11
LoadAware,1360,3658959723,2035866,2030113,4294961543,completed,-12
LoadAware,1361,3658959723,2036069,2030315,4294961542,completed,-12
LoadAware,1362,3658959723,2038280,2032719,4294961735,completed,-10
LoadAware,1363,3658959723,2038487,2033239,4294962048,completed,-10
LoadAware,1364,3658959723,2038687,2033512,4294962121,completed,-10
LoadAware,1365,3658959723,2038887,2033763,4294962172,completed,-10
LoadAware,1366,3658959723,2039087,2033865,4294962074,completed,-10
LoadAware,1367,3658959723,2039479,2034037,4294961854,completed,-11
LoadAware,1368,3658959723,2039679,2034288,4294961905,completed,-11
LoadAware,1369,3658959723,2039879,2034723,4294962140,completed,-11
LoadAware,1370,3658959723,2040079,2034828,4294962045,completed,-11
LoadAware,1371,3658959723,2040279,2034930,4294961947,completed,-11
LoadAware,1372,3658959723,2040482,2035032,4294961846,completed,-11
LoadAware,1373,3658959723,2040682,2035134,4294961748,completed,-11
LoadAware,1374,3658959723,2040882,2035236,4294961650,completed,-11
LoadAware,1375,3658959723,2041082,2035337,4294961551,completed,-11
LoadAware,1376,3658959723,2041282,2035528,4294961542,completed,-11
LoadAware,1377,3658959723,2041485,2035730,4294961541,completed,-11
LoadAware,1378,3658959723,2041685,2035931,4294961542,completed,-10
LoadAware,1379,3658959723,2041885,2036132,4294961543,completed,-10
LoadAware,1380,3658959723,2042085,2036330,4294961541,completed,-10
LoadAware,1381,3658959723,2042287,2036725,4294961734,completed,-10
LoadAware,1382,3658959723,2042487,2036833,4294961642,completed,-10
LoadAware,1383,3658959723,2042687,2036943,4294961552,completed,-10
LoadAware,1384,3658959723,2042887,2037132,4294961541,completed,-10
LoadAware,1385,3658959723,2043087,2037335,4294961544,completed,-10
LoadAware,1386,3658959723,2043287,2037531,4294961540,completed,-10
LoadAware,1387,3658959723,2043488,2037735,4294961543,completed,-10
LoadAware,1388,3658959723,2043688,2037933,4294961541,completed,-10
LoadAware,1389,3658959723,2043888,2038134,4294961542,completed,-10
LoadAware,1390,3658959723,2044088,2038332,4294961540,completed,-10
LoadAware,1391,3658959723,2044288,2038761,4294961769,completed,-10
LoadAware,1392,3658959723,2044488,2038871,4294961679,completed,-10
LoadAware,1393,3658959723,2044688,2038974,4294961582,completed,-10
LoadAware,1394,3658959723,2044888,2039133,4294961541,completed,-10
LoadAware,1395,3658959723,2045088,2039332,4294961540,completed,-10
LoadAware,1396,3658959723,2045288,2039534,4294961542,completed,-10
LoadAware,1397,3658959723,2045489,2039771,4294961578,completed,-10
LoadAware,1398,3658959723,2045689,2039934,4294961541,completed,-10
LoadAware,1399,3658959723,2045889,2040135,4294961542,completed,-10
LoadAware,1400,3658959723,2046089,2040334,4294961541,completed,-10
LoadAware,1401,3658959723,2046289,2040729,4294961736,completed,-10
LoadAware,1402,3658959723,2046489,2040834,4294961641,completed,-10
LoadAware,1403,3658959723,2046689,2040937,4294961544,completed,-10
LoadAware,1404,3658959723,2046889,2041134,4294961541,completed,-10
LoadAware,1405,3658959723,2047089,2041342,4294961549,completed,-10
LoadAware,1406,3658959723,2047289,2041535,4294961542,completed,-10
LoadAware,1407,3658959723,2047491,2041739,4294961544,completed,-10
LoadAware,1408,3658959723,2047691,2041936,4294961541,completed,-10
LoadAware,1409,3658959723,2047891,2042135,4294961540,completed,-10
LoadAware,1410,3658959723,2048091,2042335,4294961540,completed,-10
LoadAware,1411,3658959723,2048291,2042536,4294961541,completed,-10
LoadAware,1412,3658959723,2048492,2042740,4294961544,completed,-10
LoadAware,1413,3658959723,2048692,2042937,4294961541,completed,-10
LoadAware,1414,3658959723,2048892,2043136,4294961540,completed,-10
LoadAware,1415,3658959723,2049092,2043337,4294961541,completed,-10
LoadAware,1416,3658959723,2049292,2043537,4294961541,completed,-10
LoadAware,1417,3658959723,2049493,2043740,4294961543,completed,-10
LoadAware,1418,3658959723,2049693,2043937,4294961540,completed,-10
LoadAware,1419,3658959723,2049893,2044137,4294961540,completed,-10
LoadAware,1420,3658959723,2050093,2044338,4294961541,completed,-10
LoadAware,1421,3658959723,2050293,2044733,4294961736,completed,-10
LoadAware,1422,3658959723,2050493,2044862,4294961665,completed,-10
LoadAware,1423,3658959723,2050693,2044965,4294961568,completed,-10
LoadAware,1424,3658959723,2050893,2045139,4294961542,completed,-10
LoadAware,1425,3658959723,2051093,2045337,4294961540,completed,-10
LoadAware,1426,3658959723,2051293,2045538,4294961541,completed,-10
LoadAware,1427,3658959723,2051495,2045745,4294961546,completed,-10
LoadAware,1428,3658959723,2051695,2045939,4294961540,completed,-10
LoadAware,1429,3658959723,2051895,2046144,4294961545,completed,-10
LoadAware,1430,3658959723,2052095,2046339,4294961540,completed,-10
LoadAware,1431,3658959723,2052295,2046761,4294961762,completed,-10
LoadAware,1432,3658959723,2052495,2046885,4294961686,completed,-10
LoadAware,1433,3658959723,2052695,2046995,4294961596,completed,-10
LoadAware,1434,3658959723,2052895,2047139,4294961540,completed,-10
LoadAware,1435,3658959723,2053095,2047339,4294961540,completed,-10
LoadAware,1436,3658959723,2053295,2047539,4294961540,completed,-10
LoadAware,1437,3658959723,2053502,2049938,4294963732,completed,-10
LoadAware,1438,3658959723,2055705,2050147,4294961738,completed,-10
LoadAware,1439,3658959723,2055914,2050249,4294961631,completed,-10
LoadAware,1440,3658959723,2056114,2050360,4294961542,completed,-10
LoadAware,1441,3658959723,2056314,2050559,4294961541,completed,-10
LoadAware,1442,3658959723,2056514,2050761,4294961543,completed,-10
LoadAware,1443,3658959723,2056902,2051147,4294961541,completed,-10
LoadAware,1444,3658959723,2057102,2051346,4294961540,completed,-10
LoadAware,1445,3658959723,2057302,2051546,4294961540,completed,-10
LoadAware,1446,3658959723,2057502,2051748,4294961542,completed,-10
LoadAware,1447,3658959723,2057702,2051948,4294961542,completed,-11
LoadAware,1448,3658959723,2057909,2052156,4294961543,completed,-11
LoadAware,1449,3658959723,2058109,2052353,4294961540,completed,-11
LoadAware,1450,3658959723,2058309,2052553,4294961540,completed,-11
LoadAware,1451,3658959723,2058511,2052757,4294961542,completed,-11
LoadAware,1452,3658959723,2058711,2053148,4294961733,completed,-11
LoadAware,1453,3658959723,2058911,2053257,4294961642,completed,-11
LoadAware,1454,3658959723,2059111,2053360,4294961545,completed,-11
LoadAware,1455,3658959723,2059311,2053556,4294961541,completed,-11
LoadAware,1456,3658959723,2059511,2053758,4294961543,completed,-11
LoadAware,1457,3658959723,2059712,2054154,4294961738,completed,-10
LoadAware,1458,3658959723,2059914,2054263,4294961645,completed,-10
LoadAware,1459,3658959723,2060114,2054372,4294961554,completed,-10
LoadAware,1460,3658959723,2060314,2054560,4294961542,completed,-10
LoadAware,1461,3658959723,2060514,2054758,4294961540,completed,-10
LoadAware,1462,3658959723,2060714,2055152,4294961734,completed,-10
LoadAware,1463,3658959723,2060914,2055255,4294961637,completed,-10
LoadAware,1464,3658959723,2061114,2055361,4294961543,completed,-10
LoadAware,1465,3658959723,2061314,2055559,4294961541,completed,-10
LoadAware,1466,3658959723,2061514,2055758,4294961540,completed,-10
LoadAware,1467,3658959723,2061714,2056154,4294961736,completed,-9
LoadAware,1468,3658959723,2061917,2056257,4294961636,completed,-9
LoadAware,1469,3658959723,2062117,2056363,4294961542,completed,-9
LoadAware,1470,3658959723,2062317,2056562,4294961541,completed,-9
LoadAware,1471,3658959723,2062518,2056763,4294961541,completed,-9
LoadAware,1472,3658959723,2062718,2057155,4294961733,completed,-9
LoadAware,1473,3658959723,2062918,2057258,4294961636,completed,-9
LoadAware,1474,3658959723,2063118,2057365,4294961543,completed,-9
LoadAware,1475,3658959723,2063318,2057563,4294961541,completed,-9
LoadAware,1476,3658959723,2063518,2057762,4294961540,completed,-9
LoadAware,1477,3658959723,2063718,2058157,4294961735,completed,-10
LoadAware,1478,3658959723,2063919,2058264,4294961641,completed,-10
LoadAware,1479,3658959723,2064119,2058367,4294961544,completed,-10
LoadAware,1480,3658959723,2064319,2058563,4294961540,completed,-10
LoadAware,1481,3658959723,2064519,2058786,4294961563,completed,-10
LoadAware,1482,3658959723,2064719,2059157,4294961734,completed,-10
LoadAware,1483,3658959723,2064919,2059267,4294961644,completed,-10
LoadAware,1484,3658959723,2065119,2059369,4294961546,completed,-10
LoadAware,1485,3658959723,2065319,2059565,4294961542,completed,-10
LoadAware,1486,3658959723,2065519,2059763,4294961540,completed,-10
LoadAware,1487,3658959723,2065719,2060159,4294961736,completed,-11
LoadAware,1488,3658959723,2065922,2060262,4294961636,completed,-11
LoadAware,1489,3658959723,2066122,2060368,4294961542,completed,-11
LoadAware,1490,3658959723,2066322,2060566,4294961540,completed,-11
LoadAware,1491,3658959723,2066522,2060772,4294961546,completed,-11
LoadAware,1492,3658959723,2066722,2061161,4294961735,completed,-11
LoadAware,1493,3658959723,2066922,2061267,4294961641,completed,-11
LoadAware,1494,3658959723,2067122,2061369,4294961543,completed,-11
LoadAware,1495,3658959723,2067322,2061566,4294961540,completed,-11
LoadAware,1496,3658959723,2067522,2061767,4294961541,completed,-11
LoadAware,1497,3658959723,2067722,2061966,4294961540,completed,-11
LoadAware,1498,3658959723,2067923,2062169,4294961542,completed,-11
LoadAware,1499,3658959723,2068123,2062367,4294961540,completed,-11
LoadAware,1500,3658959723,2068323,2062567,4294961540,completed,-11
LoadAware,1501,3658959723,2068523,2062768,4294961541,completed,-11
LoadAware,1502,3658959723,2068723,2062967,4294961540,completed,-11
LoadAware,1503,3658959723,2068923,2063174,4294961547,completed,-11
LoadAware,1504,3658959723,2069123,2063369,4294961542,completed,-11
LoadAware,1505,3658959723,2069323,2063568,4294961541,completed,-11
LoadAware,1506,3658959723,2069523,2063769,4294961542,completed,-11
LoadAware,1507,3658959723,2069723,2064165,4294961738,completed,-10
LoadAware,1508,3658959723,2069926,2064274,4294961644,completed,-10
LoadAware,1509,3658959723,2070126,2064383,4294961553,completed,-10
LoadAware,1510,3658959723,2070326,2064574,4294961544,completed,-10
LoadAware,1511,3658959723,2070526,2064770,4294961540,completed,-10
LoadAware,1512,3658959723,2070726,2065165,4294961735,completed,-10
LoadAware,1513,3658959723,2073125,2067563,4294961734,completed,-10
LoadAware,1514,3658959723,2073325,2067826,4294961797,completed,-10
LoadAware,1515,3658959723,2073525,2067929,4294961700,completed,-10
LoadAware,1516,3658959723,2073725,2068032,4294961603,completed,-10
LoadAware,1517,3658959723,2073925,2068170,4294961541,completed,-10
LoadAware,1518,3658959723,2074125,2068369,4294961540,completed,-10
LoadAware,1519,3658959723,2074326,2068574,4294961544,completed,-10
LoadAware,1520,3658959723,2074526,2068771,4294961541,completed,-10
LoadAware,1521,3658959723,2074726,2068970,4294961540,completed,-10
LoadAware,1522,3658959723,2074926,2069170,4294961540,completed,-10
LoadAware,1523,3658959723,2075126,2069370,4294961540,completed,-10
LoadAware,1524,3658959723,2075331,2069577,4294961542,completed,-10
LoadAware,1525,3658959723,2075531,2069777,4294961542,completed,-10
LoadAware,1526,3658959723,2075731,2069976,4294961541,completed,-10
LoadAware,1527,3658959723,2075931,2070176,4294961541,completed,-10
LoadAware,1528,3658959723,2076131,2070568,4294961733,completed,-10
LoadAware,1529,3658959723,2076331,2070671,4294961636,completed,-10
LoadAware,1530,3658959723,2076531,2070778,4294961543,completed,-10
LoadAware,SUMMARY,ALL,0,0,120000,batch_complete,0
----------------,---,---,---,---,---,----------------,---
LoadAware,1531,3658959723,2076731,2070976,4294961541,completed,-10
LoadAware,1532,3658959723,2084711,2078957,4294961542,completed,-10
LoadAware,1533,3658959723,2084911,2079155,4294961540,completed,-10
LoadAware,1534,3658959723,2085111,2079356,4294961541,completed,-10
LoadAware,1535,3658959723,2085341,2079588,4294961543,completed,-10
LoadAware,1536,3658959723,2085541,2079786,4294961541,completed,-10
LoadAware,1537,3658959723,2085741,2079985,4294961540,completed,-10
LoadAware,1538,3658959723,2085941,2080185,4294961540,completed,-10
LoadAware,1539,3658959723,2086141,2080386,4294961541,completed,-10
LoadAware,1540,3658959723,2086342,2080589,4294961543,completed,-10
LoadAware,1541,3658959723,2086542,2080787,4294961541,completed,-10
LoadAware,1542,3658959723,2086742,2080987,4294961541,completed,-10
LoadAware,1543,3658959723,2086942,2081187,4294961541,completed,-10
LoadAware,1544,3658959723,2087142,2081386,4294961540,completed,-10
LoadAware,1545,3658959723,2087342,2081590,4294961544,completed,-10
LoadAware,1546,3658959723,2087542,2081788,4294961542,completed,-10
LoadAware,1547,3658959723,2087742,2081987,4294961541,completed,-10
LoadAware,1548,3658959723,2087942,2082188,4294961542,completed,-10
LoadAware,1549,3658959723,2088142,2082387,4294961541,completed,-10
LoadAware,1550,3658959723,2090536,2084977,4294961737,completed,-10
LoadAware,1551,3658959723,2090744,2085409,4294961961,completed,-10
LoadAware,1561,3037662008,2092935,2087178,4294961539,completed,-26
LoadAware,1552,3658959723,2090944,2085685,4294962037,completed,-10
LoadAware,1553,3658959723,2091144,2085787,4294961939,completed,-10
LoadAware,1554,3658959723,2091344,2085976,4294961928,completed,-10
LoadAware,1555,3658959723,2091734,2086234,4294961796,completed,-10
LoadAware,1556,3658959723,2091934,2086509,4294961871,completed,-10
LoadAware,1557,3658959723,2092134,2086978,4294962140,completed,-10
LoadAware,1558,3658959723,2092334,2087080,4294962042,completed,-10
LoadAware,1559,3658959723,2092534,2087182,4294961944,completed,-10
LoadAware,1560,3658959723,2092735,2087284,4294961845,completed,-10
LoadAware,1562,3658959723,2093135,2087385,4294961546,completed,-10
LoadAware,1563,3658959723,2093335,2087581,4294961542,completed,-10
LoadAware,1564,3658959723,2093535,2087782,4294961543,completed,-10
LoadAware,1565,3658959723,2093740,2087991,4294961547,completed,-10
LoadAware,1566,3658959723,2093940,2088186,4294961542,completed,-10
LoadAware,1567,3658959723,2094140,2088387,4294961543,completed,-10
LoadAware,1568,3658959723,2094340,2088586,4294961542,completed,-10
LoadAware,1569,3658959723,2094540,2088786,4294961542,completed,-10
LoadAware,1570,3658959723,2094745,2089006,4294961557,completed,-10
LoadAware,1571,3658959723,2094945,2089191,4294961542,completed,-10
LoadAware,1572,3658959723,2095145,2089390,4294961541,completed,-10
LoadAware,1573,3658959723,2095345,2089589,4294961540,completed,-10
LoadAware,1574,3658959723,2095545,2089983,4294961734,completed,-11
LoadAware,1576,3037662008,2095945,2090186,4294961537,completed,-26
LoadAware,1577,3037662008,2096145,2090387,4294961538,completed,-26
LoadAware,1575,3658959723,2095745,2090084,4294961635,completed,-11
LoadAware,1578,3037662008,2096345,2090587,4294961538,completed,-26
LoadAware,1579,3037662008,2096545,2090981,4294961732,completed,-26
LoadAware,1580,3037662008,2096745,2091087,4294961638,completed,-26
LoadAware,1581,3037662008,2096945,2091190,4294961541,completed,-26
LoadAware,1582,3037662008,2097145,2091387,4294961538,completed,-26
LoadAware,1583,3037662008,2097345,2091586,4294961537,completed,-26
LoadAware,1584,3037662008,2097545,2091788,4294961539,completed,-26
LoadAware,1585,3037662008,2097746,2091990,4294961540,completed,-28
LoadAware,1586,3658959723,2097946,2092191,4294961541,completed,-9
LoadAware,1587,3658959723,2098146,2092391,4294961541,completed,-9
LoadAware,1588,3658959723,2098346,2092592,4294961542,completed,-9
LoadAware,1589,3658959723,2098556,2093018,4294961758,completed,-9
LoadAware,1590,3658959723,2098756,2093126,4294961666,completed,-9
LoadAware,1591,3658959723,2098956,2093229,4294961569,completed,-9
LoadAware,1592,3658959723,2099156,2093401,4294961541,completed,-9
LoadAware,1593,3658959723,2099356,2093600,4294961540,completed,-9
LoadAware,1594,3658959723,2099556,2093801,4294961541,completed,-9
LoadAware,1595,3658959723,2099759,2095058,4294962595,completed,-12
LoadAware,1596,3658959723,2099959,2095305,4294962642,completed,-12
LoadAware,1597,3658959723,2100159,2095510,4294962647,completed,-12
LoadAware,1598,3658959723,2100359,2095612,4294962549,completed,-12
LoadAware,1599,3658959723,2100559,2096058,4294962795,completed,-10
LoadAware,1600,3658959723,2100759,2096310,4294962847,completed,-10
LoadAware,1601,3658959723,2100959,2096413,4294962750,completed,-10
LoadAware,1602,3658959723,2101159,2096515,4294962652,completed,-10
LoadAware,1603,3658959723,2101359,2096618,4294962555,completed,-10
LoadAware,1604,3658959723,2101559,2096720,4294962457,completed,-10
LoadAware,1605,3658959723,2101759,2096822,4294962359,completed,-10
LoadAware,1606,3658959723,2101959,2096924,4294962261,completed,-10
LoadAware,1607,3658959723,2102159,2097026,4294962163,completed,-10
LoadAware,1608,3658959723,2102359,2097129,4294962066,completed,-10
LoadAware,1609,3658959723,2102559,2097232,4294961969,completed,-10
LoadAware,1610,3658959723,2102762,2097334,4294961868,completed,-10
LoadAware,1611,3658959723,2102962,2097437,4294961771,completed,-10
LoadAware,1612,3658959723,2103162,2097539,4294961673,completed,-10
LoadAware,1613,3658959723,2103362,2097642,4294961576,completed,-10
LoadAware,1614,3658959723,2103562,2098002,4294961736,completed,-12
LoadAware,1615,3658959723,2103762,2098105,4294961639,completed,-12
LoadAware,1616,3037662008,2103962,2098204,4294961538,completed,-25
LoadAware,1617,3037662008,2104162,2098404,4294961538,completed,-25
LoadAware,1618,3037662008,2104362,2098603,4294961537,completed,-25
LoadAware,1619,3037662008,2104562,2099066,4294961800,completed,-25
LoadAware,1620,3037662008,2104762,2099169,4294961703,completed,-25
LoadAware,1621,3037662008,2104962,2099272,4294961606,completed,-25
LoadAware,1622,3037662008,2105162,2099404,4294961538,completed,-25
LoadAware,1623,3037662008,2105362,2099604,4294961538,completed,-25
LoadAware,1625,3658959723,2107958,2102432,4294961770,completed,-10
LoadAware,1626,3658959723,2108162,2102540,4294961674,completed,-10
LoadAware,1627,3658959723,2108362,2102649,4294961583,completed,-10
LoadAware,1628,3658959723,2108562,2102808,4294961542,completed,-10
LoadAware,1629,3658959723,2108762,2103006,4294961540,completed,-10
LoadAware,1630,3658959723,2109154,2103399,4294961541,completed,-10
LoadAware,1631,3658959723,2109354,2103599,4294961541,completed,-10
LoadAware,1632,3658959723,2109554,2103799,4294961541,completed,-10
LoadAware,1633,3658959723,2109754,2104002,4294961544,completed,-11
LoadAware,1634,3658959723,2109954,2104200,4294961542,completed,-11
LoadAware,1624,3037662008,2105562,2099805,4294961539,completed,-25
LoadAware,1635,3658959723,2110167,2104417,4294961546,completed,-11
LoadAware,1636,3658959723,2110367,2104613,4294961542,completed,-11
LoadAware,1637,3658959723,2110567,2104813,4294961542,completed,-11
LoadAware,1638,3658959723,2110767,2105012,4294961541,completed,-11
LoadAware,1639,3658959723,2110967,2105211,4294961540,completed,-11
LoadAware,1640,3658959723,2111168,2105415,4294961543,completed,-11
LoadAware,1641,3658959723,2111368,2105613,4294961541,completed,-11
LoadAware,1642,3658959723,2111568,2105814,4294961542,completed,-11
LoadAware,1643,3658959723,2111768,2106012,4294961540,completed,-10
LoadAware,1644,3658959723,2111968,2106212,4294961540,completed,-10
LoadAware,1645,3658959723,2112172,2106420,4294961544,completed,-10
LoadAware,1646,3658959723,2112372,2106618,4294961542,completed,-10
LoadAware,1647,3658959723,2112572,2106817,4294961541,completed,-10
LoadAware,1648,3658959723,2112772,2107017,4294961541,completed,-10
LoadAware,1649,3658959723,2112972,2107216,4294961540,completed,-10
LoadAware,1650,3658959723,2113173,2107420,4294961543,completed,-10
LoadAware,1651,3658959723,2113373,2107619,4294961542,completed,-10
LoadAware,1652,3658959723,2113573,2107818,4294961541,completed,-10
LoadAware,1653,3658959723,2113773,2108018,4294961541,completed,-10
LoadAware,1654,3658959723,2113973,2108413,4294961736,completed,-10
LoadAware,1655,3658959723,2114173,2108523,4294961646,completed,-10
LoadAware,1656,3658959723,2114373,2108626,4294961549,completed,-10
LoadAware,1657,3658959723,2114573,2108818,4294961541,completed,-10
LoadAware,1658,3658959723,2114773,2109018,4294961541,completed,-10
LoadAware,1659,3658959723,2114973,2109219,4294961542,completed,-10
LoadAware,1660,3658959723,2115176,2109430,4294961550,completed,-10
LoadAware,1661,3658959723,2115376,2109621,4294961541,completed,-10
LoadAware,1662,3658959723,2115576,2109822,4294961542,completed,-10
LoadAware,1663,3658959723,2115776,2110021,4294961541,completed,-10
LoadAware,1664,3658959723,2115976,2110416,4294961736,completed,-10
LoadAware,1665,3658959723,2116176,2110521,4294961641,completed,-10
LoadAware,1666,3658959723,2116376,2110624,4294961544,completed,-10
LoadAware,1667,3658959723,2116576,2110822,4294961542,completed,-10
LoadAware,1668,3658959723,2116776,2111020,4294961540,completed,-10
LoadAware,1669,3658959723,2116976,2111222,4294961542,completed,-10
LoadAware,1670,3658959723,2117177,2111425,4294961544,completed,-10
LoadAware,1671,3658959723,2117377,2111623,4294961542,completed,-10
LoadAware,1672,3658959723,2117577,2111822,4294961541,completed,-10
LoadAware,1673,3658959723,2117777,2112023,4294961542,completed,-10
LoadAware,1674,3658959723,2117977,2112222,4294961541,completed,-10
LoadAware,1675,3658959723,2118179,2112428,4294961545,completed,-10
LoadAware,1676,3658959723,2118379,2112626,4294961543,completed,-10
LoadAware,1677,3658959723,2118579,2112824,4294961541,completed,-10
LoadAware,1678,3658959723,2118779,2113024,4294961541,completed,-10
LoadAware,1679,3658959723,2118979,2113224,4294961541,completed,-10
LoadAware,1680,3658959723,2119180,2113429,4294961545,completed,-10
LoadAware,1681,3658959723,2119380,2113625,4294961541,completed,-10
LoadAware,1682,3658959723,2119580,2113829,4294961545,completed,-10
LoadAware,1683,3658959723,2119780,2114025,4294961541,completed,-11
LoadAware,1684,3658959723,2119980,2114224,4294961540,completed,-11
LoadAware,1685,3658959723,2120181,2114427,4294961542,completed,-11
LoadAware,1686,3658959723,2120381,2114627,4294961542,completed,-11
LoadAware,1687,3658959723,2120581,2114827,4294961542,completed,-11
LoadAware,1688,3658959723,2120781,2115026,4294961541,completed,-11
LoadAware,1689,3658959723,2120981,2115225,4294961540,completed,-11
LoadAware,1690,3658959723,2121182,2115429,4294961543,completed,-11
LoadAware,1691,3658959723,2121382,2115627,4294961541,completed,-11
LoadAware,1692,3658959723,2121582,2115828,4294961542,completed,-11
LoadAware,1693,3658959723,2121782,2116027,4294961541,completed,-11
LoadAware,1694,3658959723,2121982,2116227,4294961541,completed,-11
LoadAware,1695,3658959723,2122183,2116430,4294961543,completed,-11
LoadAware,1696,3658959723,2122383,2116629,4294961542,completed,-11
LoadAware,1697,3658959723,2122583,2116828,4294961541,completed,-11
LoadAware,1698,3658959723,2122783,2117030,4294961543,completed,-11
LoadAware,1699,0,2122983,0,0,lost,0
LoadAware,1700,3658959723,2125380,2119825,4294961741,completed,-10
LoadAware,1701,3658959723,2125580,2119927,4294961643,completed,-10
LoadAware,1702,3658959723,2125780,2120106,4294961622,completed,-11
LoadAware,1703,3658959723,2125980,2120387,4294961703,completed,-11
LoadAware,1704,3658959723,2126180,2120826,4294961942,completed,-11
LoadAware,1705,3658959723,2126380,2120933,4294961849,completed,-11
LoadAware,1706,3658959723,2126586,2121035,4294961745,completed,-11
LoadAware,1707,3658959723,2126786,2121207,4294961717,completed,-11
LoadAware,1719,3658959723,2129187,2123433,4294961542,completed,-10
LoadAware,1720,3658959723,2129387,2123829,4294961738,completed,-10
LoadAware,1721,3658959723,2129594,2123931,4294961633,completed,-10
LoadAware,1722,3658959723,2129794,2124040,4294961542,completed,-10
LoadAware,1723,3658959723,2129994,2124240,4294961542,completed,-10
LoadAware,1724,3658959723,2130194,2124440,4294961542,completed,-10
LoadAware,1725,3658959723,2130589,2124859,4294961566,completed,-10
LoadAware,1726,3658959723,2130789,2125035,4294961542,completed,-10
LoadAware,1727,3658959723,2130989,2125235,4294961542,completed,-10
LoadAware,1728,3658959723,2131189,2125435,4294961542,completed,-10
LoadAware,1729,3658959723,2131389,2125636,4294961543,completed,-10
LoadAware,1730,3658959723,2131601,2125847,4294961542,completed,-10
LoadAware,1731,3658959723,2131801,2126046,4294961541,completed,-11
LoadAware,1708,3658959723,2131987,2126233,4294961542,completed,-11
LoadAware,1732,3658959723,2132001,2126336,4294961631,completed,-11
LoadAware,1709,3658959723,2132187,2126439,4294961548,completed,-11
LoadAware,1733,3658959723,2132201,2126542,4294961637,completed,-11
LoadAware,1710,3658959723,2132387,2126645,4294961554,completed,-11
LoadAware,1734,3658959723,2132605,2126854,4294961545,completed,-11
LoadAware,1711,3658959723,2132607,2126957,4294961646,completed,-11
LoadAware,1712,3658959723,2132787,2127059,4294961568,completed,-11
LoadAware,1735,3658959723,2132805,2127162,4294961653,completed,-11
LoadAware,1713,3658959723,2132987,2127265,4294961574,completed,-11
LoadAware,1736,3658959723,2133005,2127368,4294961659,completed,-11
LoadAware,1714,3658959723,2133187,2127471,4294961580,completed,-11
LoadAware,1737,3658959723,2133205,2127574,4294961665,completed,-11
LoadAware,1715,3658959723,2133389,2127835,4294961742,completed,-11
LoadAware,1738,3658959723,2133604,2127938,4294961630,completed,-11
LoadAware,1716,3658959723,2133606,2128041,4294961731,completed,-11
LoadAware,1717,3658959723,2133788,2128144,4294961652,completed,-11
LoadAware,1739,3658959723,2133812,2128247,4294961731,completed,-11
LoadAware,1718,3658959723,2133988,2128350,4294961658,completed,-11
LoadAware,1740,3658959723,2134013,2128453,4294961736,completed,-11
LoadAware,1741,3658959723,2134213,2128556,4294961639,completed,-11
LoadAware,1742,3658959723,2134601,2128847,4294961542,completed,-11
LoadAware,1743,3658959723,2134801,2129046,4294961541,completed,-11
LoadAware,1744,3658959723,2135001,2129246,4294961541,completed,-11
LoadAware,1745,3658959723,2135201,2129446,4294961541,completed,-11
LoadAware,1746,3658959723,2135401,2129840,4294961735,completed,-11
LoadAware,1747,3658959723,2135605,2129943,4294961634,completed,-11
LoadAware,1748,3658959723,2135808,2130056,4294961544,completed,-11
LoadAware,1749,3658959723,2136008,2130253,4294961541,completed,-11
LoadAware,1750,3658959723,2136208,2130453,4294961541,completed,-11
LoadAware,1751,3658959723,2136597,2130843,4294961542,completed,-11
LoadAware,1752,3658959723,2136797,2131042,4294961541,completed,-11
LoadAware,1753,3658959723,2136997,2131242,4294961541,completed,-11
LoadAware,1754,3658959723,2137197,2131442,4294961541,completed,-11
LoadAware,1755,3658959723,2137397,2131841,4294961740,completed,-11
LoadAware,1756,3658959723,2137605,2131944,4294961635,completed,-11
LoadAware,1757,3658959723,2137805,2132053,4294961544,completed,-11
LoadAware,1758,3658959723,2138005,2132251,4294961542,completed,-11
LoadAware,1759,3658959723,2138205,2132449,4294961540,completed,-11
LoadAware,1760,3658959723,2138405,2132849,4294961740,completed,-11
LoadAware,1761,3658959723,2138609,2132954,4294961641,completed,-11
LoadAware,1762,3658959723,2138809,2133057,4294961544,completed,-11
LoadAware,1763,3658959723,2139009,2133254,4294961541,completed,-11
LoadAware,1764,3658959723,2139209,2133454,4294961541,completed,-11
LoadAware,1765,3658959723,2139606,2133852,4294961542,completed,-11
LoadAware,1766,3658959723,2139806,2134052,4294961542,completed,-10
LoadAware,1767,3658959723,2140006,2134251,4294961541,completed,-10
LoadAware,1768,3658959723,2140206,2134451,4294961541,completed,-10
LoadAware,1769,3658959723,2140406,2134848,4294961738,completed,-10
LoadAware,1770,3658959723,2140607,2134951,4294961640,completed,-10
LoadAware,1771,3658959723,2142828,2137282,4294961750,completed,-11
LoadAware,1772,3658959723,2143032,2137712,4294961976,completed,-11
LoadAware,1773,3658959723,2143232,2137815,4294961879,completed,-11
LoadAware,1774,3658959723,2143432,2137918,4294961782,completed,-11
LoadAware,1775,3658959723,2143632,2138021,4294961685,completed,-11
LoadAware,1776,3658959723,2143832,2138296,4294961760,completed,-11
LoadAware,1777,3658959723,2144032,2138482,4294961746,completed,-11
LoadAware,1778,3658959723,2144232,2138585,4294961649,completed,-11
LoadAware,1779,3658959723,2144432,2138688,4294961552,completed,-11
LoadAware,1780,3658959723,2144632,2138884,4294961548,completed,-11
LoadAware,1781,3658959723,2144833,2139273,4294961736,completed,-11
LoadAware,1782,3658959723,2145033,2139378,4294961641,completed,-11
LoadAware,1783,3658959723,2145233,2139481,4294961544,completed,-11
LoadAware,1784,3658959723,2145433,2139678,4294961541,completed,-11
LoadAware,1785,3658959723,2145633,2139877,4294961540,completed,-11
LoadAware,1786,3658959723,2145833,2140080,4294961543,completed,-11
LoadAware,1787,3658959723,2146034,2140280,4294961542,completed,-11
LoadAware,1788,3658959723,2146234,2140479,4294961541,completed,-11
LoadAware,1789,3658959723,2146434,2140679,4294961541,completed,-11
LoadAware,1790,3658959723,2146634,2140879,4294961541,completed,-11
LoadAware,1791,3658959723,2146835,2141081,4294961542,completed,-11
LoadAware,1792,3658959723,2147036,2141284,4294961544,completed,-11
LoadAware,1793,3658959723,2147236,2141481,4294961541,completed,-11
LoadAware,1794,3658959723,2147436,2141681,4294961541,completed,-11
LoadAware,1795,3658959723,2147636,2141882,4294961542,completed,-11
LoadAware,1796,3658959723,2147837,2142083,4294961542,completed,-10
LoadAware,1797,3658959723,2148038,2142286,4294961544,completed,-10
LoadAware,1798,3658959723,2148238,2142483,4294961541,completed,-10
LoadAware,1799,3658959723,2148438,2142683,4294961541,completed,-10
LoadAware,1800,3658959723,2148638,2142884,4294961542,completed,-10
LoadAware,1801,3658959723,2148838,2143355,4294961813,completed,-10
LoadAware,1802,3658959723,2149038,2143464,4294961722,completed,-10
LoadAware,1803,3658959723,2149238,2143573,4294961631,completed,-10
LoadAware,1804,3658959723,2149441,2143690,4294961545,completed,-10
LoadAware,1805,3658959723,2149641,2143886,4294961541,completed,-10
LoadAware,1806,3658959723,2149841,2144086,4294961541,completed,-10
LoadAware,1807,3658959723,2150041,2144290,4294961545,completed,-10
LoadAware,1808,3658959723,2150241,2144486,4294961541,completed,-10
LoadAware,1809,3658959723,2150441,2144687,4294961542,completed,-10
LoadAware,1810,3658959723,2150641,2144885,4294961540,completed,-10
LoadAware,1811,3658959723,2150841,2145282,4294961737,completed,-10
LoadAware,1812,3658959723,2151041,2145390,4294961645,completed,-10
LoadAware,1813,3658959723,2151241,2145503,4294961558,completed,-10
LoadAware,1814,3658959723,2151441,2145687,4294961542,completed,-10
LoadAware,1815,3658959723,2151641,2145890,4294961545,completed,-10
LoadAware,1816,3658959723,2151841,2146086,4294961541,completed,-10
LoadAware,1817,3658959723,2152043,2146290,4294961543,completed,-10
LoadAware,1818,3658959723,2152243,2146489,4294961542,completed,-10
LoadAware,1819,3658959723,2152443,2146688,4294961541,completed,-10
LoadAware,1820,3658959723,2152643,2146887,4294961540,completed,-10
LoadAware,1821,3658959723,2152843,2147283,4294961736,completed,-10
LoadAware,1822,3658959723,2153043,2147388,4294961641,completed,-10
LoadAware,1823,3658959723,2153243,2147491,4294961544,completed,-10
LoadAware,1824,3658959723,2153443,2147688,4294961541,completed,-10
LoadAware,1825,3658959723,2153643,2147888,4294961541,completed,-10
LoadAware,1826,3658959723,2153843,2148088,4294961541,completed,-10
LoadAware,1827,3658959723,2154046,2148294,4294961544,completed,-10
LoadAware,1828,3658959723,2154246,2148491,4294961541,completed,-10
LoadAware,1829,3658959723,2154446,2148691,4294961541,completed,-10
LoadAware,1830,3658959723,2154646,2148890,4294961540,completed,-10
LoadAware,1831,3658959723,2154846,2149531,4294961981,completed,-10
LoadAware,1832,3658959723,2155046,2149640,4294961890,completed,-10
LoadAware,1833,3658959723,2155246,2149775,4294961825,completed,-10
LoadAware,1834,3658959723,2155446,2149878,4294961728,completed,-10
LoadAware,1835,3658959723,2155646,2149981,4294961631,completed,-11
LoadAware,1836,3658959723,2155846,2150093,4294961543,completed,-11
LoadAware,1837,3658959723,2156047,2150296,4294961545,completed,-11
LoadAware,1838,3658959723,2156247,2150494,4294961543,completed,-11
LoadAware,1839,3658959723,2156447,2150692,4294961541,completed,-11
LoadAware,1840,3658959723,2156647,2150892,4294961541,completed,-11
LoadAware,1841,3658959723,2156847,2151307,4294961756,completed,-11
LoadAware,1842,3658959723,2157047,2151418,4294961667,completed,-11
LoadAware,1843,3658959723,2157247,2151521,4294961570,completed,-11
LoadAware,1844,3658959723,2157447,2151692,4294961541,completed,-11
LoadAware,1845,3658959723,2157647,2151892,4294961541,completed,-11
LoadAware,1846,3658959723,2157847,2152093,4294961542,completed,-11
LoadAware,1847,3658959723,2158050,2152298,4294961544,completed,-11
LoadAware,1848,3658959723,2160257,2154696,4294961735,completed,-10
LoadAware,1849,3658959723,2160459,2154857,4294961694,completed,-10
LoadAware,1850,3658959723,2160659,2154966,4294961603,completed,-10
LoadAware,1851,3658959723,2160859,2155106,4294961543,completed,-10
LoadAware,1852,3658959723,2161059,2155304,4294961541,completed,-10
LoadAware,1853,3658959723,2161259,2155696,4294961733,completed,-10
LoadAware,1854,3658959723,2161459,2155804,4294961641,completed,-10
LoadAware,1855,3658959723,2161659,2155907,4294961544,completed,-10
LoadAware,1856,3658959723,2161859,2156106,4294961543,completed,-11
LoadAware,1857,3658959723,2162059,2156303,4294961540,completed,-11
LoadAware,1858,3658959723,2162259,2156505,4294961542,completed,-11
LoadAware,1859,3658959723,2162462,2156907,4294961741,completed,-11
LoadAware,1860,3658959723,2162662,2157016,4294961650,completed,-11
LoadAware,1861,3658959723,2162862,2157119,4294961553,completed,-11
LoadAware,1862,3658959723,2163062,2157307,4294961541,completed,-11
LoadAware,1863,3658959723,2163262,2157699,4294961733,completed,-11
LoadAware,1864,3658959723,2163462,2157807,4294961641,completed,-11
LoadAware,1865,3658959723,2163662,2157917,4294961551,completed,-11
LoadAware,1866,3658959723,2163862,2158107,4294961541,completed,-11
LoadAware,1867,3658959723,2164062,2158307,4294961541,completed,-11
LoadAware,1868,3658959723,2164262,2158508,4294961542,completed,-11
LoadAware,1869,3658959723,2164465,2158775,4294961606,completed,-11
LoadAware,1870,3658959723,2164665,2158910,4294961541,completed,-11
LoadAware,1871,3658959723,2164865,2159110,4294961541,completed,-11
LoadAware,1872,3658959723,2165065,2159310,4294961541,completed,-11
LoadAware,1873,3658959723,2165265,2159704,4294961735,completed,-11
LoadAware,1874,3658959723,2165465,2159815,4294961646,completed,-11
LoadAware,1875,3658959723,2165665,2159918,4294961549,completed,-11
LoadAware,1876,3658959723,2165865,2160111,4294961542,completed,-11
LoadAware,1877,3658959723,2166065,2160310,4294961541,completed,-11
LoadAware,1878,3658959723,2166265,2160511,4294961542,completed,-11
LoadAware,1879,3658959723,2166469,2160716,4294961543,completed,-11
LoadAware,1880,3658959723,2166669,2160914,4294961541,completed,-11
LoadAware,1881,3658959723,2166869,2161114,4294961541,completed,-11
LoadAware,1882,3658959723,2167069,2161314,4294961541,completed,-11
LoadAware,1883,3658959723,2167269,2161706,4294961733,completed,-11
LoadAware,1884,3658959723,2167469,2161809,4294961636,completed,-11
LoadAware,1885,3658959723,2167669,2161915,4294961542,completed,-11
LoadAware,1886,3658959723,2167869,2162115,4294961542,completed,-10
LoadAware,1887,3658959723,2168069,2162314,4294961541,completed,-10
LoadAware,1888,3658959723,2168270,2162710,4294961736,completed,-10
LoadAware,1889,3658959723,2168470,2162818,4294961644,completed,-10
LoadAware,1890,3658959723,2168670,2162927,4294961553,completed,-10
LoadAware,1891,3658959723,2168870,2163115,4294961541,completed,-10
LoadAware,1892,3658959723,2169070,2163318,4294961544,completed,-10
LoadAware,1893,3658959723,2169270,2163515,4294961541,completed,-10
LoadAware,1894,3658959723,2169470,2163717,4294961543,completed,-10
LoadAware,1895,3658959723,2169670,2163916,4294961542,completed,-10
LoadAware,1896,3658959723,2169870,2164117,4294961543,completed,-10
LoadAware,1897,3658959723,2170070,2164316,4294961542,completed,-10
LoadAware,1898,3658959723,2170272,2164710,4294961734,completed,-10
LoadAware,1899,3658959723,2170472,2164813,4294961637,completed,-10
LoadAware,1900,3658959723,2170672,2164919,4294961543,completed,-10
LoadAware,1901,3658959723,2170872,2165118,4294961542,completed,-10
LoadAware,1902,3658959723,2171072,2165317,4294961541,completed,-10
LoadAware,1903,3658959723,2171272,2165517,4294961541,completed,-10
LoadAware,1904,3658959723,2171472,2165720,4294961544,completed,-10
LoadAware,1905,3658959723,2171672,2165917,4294961541,completed,-10
LoadAware,1906,3658959723,2171872,2166119,4294961543,completed,-10
LoadAware,1907,3658959723,2172072,2166317,4294961541,completed,-10
LoadAware,1908,3658959723,2172272,2166713,4294961737,completed,-10
LoadAware,1909,3658959723,2172472,2166821,4294961645,completed,-10
LoadAware,1910,3658959723,2172672,2166930,4294961554,completed,-10
LoadAware,1911,3658959723,2172872,2167117,4294961541,completed,-10
LoadAware,1912,3658959723,2173072,2167317,4294961541,completed,-10
LoadAware,1913,3658959723,2173272,2167517,4294961541,completed,-10
LoadAware,1914,3658959723,2173474,2167721,4294961543,completed,-10
LoadAware,1915,3658959723,2173674,2167920,4294961542,completed,-10
LoadAware,1916,3658959723,2173874,2168119,4294961541,completed,-10
LoadAware,1917,3658959723,2174074,2168319,4294961541,completed,-10
LoadAware,1918,3658959723,2174274,2168754,4294961776,completed,-10
LoadAware,1919,3658959723,2174474,2168864,4294961686,completed,-10
LoadAware,1920,3658959723,2174674,2168967,4294961589,completed,-10
LoadAware,1921,3658959723,2174874,2169119,4294961541,completed,-10
LoadAware,1922,3658959723,2175074,2169319,4294961541,completed,-10
LoadAware,1930,3037662008,2178870,2173114,4294961540,completed,-26
LoadAware,1931,3037662008,2179070,2173313,4294961539,completed,-26
LoadAware,1932,3037662008,2179270,2173512,4294961538,completed,-26
LoadAware,1933,3037662008,2179470,2173738,4294961564,completed,-26
LoadAware,1934,3037662008,2179670,2173914,4294961540,completed,-26
LoadAware,1935,3037662008,2179874,2174120,4294961542,completed,-27
LoadAware,1936,3037662008,2180074,2174318,4294961540,completed,-27
LoadAware,1937,3037662008,2180274,2174517,4294961539,completed,-27
LoadAware,1923,3037662008,2180276,2174620,4294961640,completed,-27
LoadAware,1938,3037662008,2180474,2174722,4294961544,completed,-27
LoadAware,1939,3037662008,2180674,2174917,4294961539,completed,-27
LoadAware,1940,3037662008,2180879,2175131,4294961548,completed,-27
LoadAware,1941,3037662008,2181079,2175322,4294961539,completed,-27
LoadAware,1942,3037662008,2181279,2175521,4294961538,completed,-27
LoadAware,1943,3037662008,2181479,2175721,4294961538,completed,-27
LoadAware,1944,3037662008,2181679,2175922,4294961539,completed,-27
LoadAware,1945,3037662008,2181880,2176126,4294961542,completed,-29
LoadAware,1946,3037662008,2182080,2176325,4294961541,completed,-29
LoadAware,1947,3037662008,2182280,2176525,4294961541,completed,-29
LoadAware,1948,3037662008,2182480,2176723,4294961539,completed,-29
LoadAware,1924,3037662008,2182671,2176914,4294961539,completed,-29
LoadAware,1949,3037662008,2182680,2177118,4294961734,completed,-29
LoadAware,1950,3037662008,2182882,2177221,4294961635,completed,-29
LoadAware,1925,3658959723,2182884,2172254,4294956666,completed,-10
LoadAware,1926,3658959723,2183071,2172503,4294956728,completed,-10
LoadAware,1927,3658959723,2183271,2172778,4294956803,completed,-10
LoadAware,1928,3658959723,2178470,2173111,4294961937,completed,-10
LoadAware,1929,3658959723,2178670,2173213,4294961839,completed,-10
LoadAware,1951,3658959723,2183083,2177421,4294961634,completed,-10
LoadAware,1952,3658959723,2183283,2177625,4294961638,completed,-10
LoadAware,1953,3658959723,2183487,2177735,4294961544,completed,-10
LoadAware,1954,3658959723,2183883,2178131,4294961544,completed,-10
LoadAware,1955,3658959723,2184083,2178330,4294961543,completed,-10
LoadAware,1956,3658959723,2184283,2178530,4294961543,completed,-10
LoadAware,1957,3658959723,2184483,2178729,4294961542,completed,-10
LoadAware,1958,3658959723,2184683,2178930,4294961543,completed,-10
LoadAware,1959,3658959723,2184884,2179136,4294961548,completed,-10
LoadAware,1960,3658959723,2185084,2179331,4294961543,completed,-10
LoadAware,1961,3658959723,2185284,2179529,4294961541,completed,-10
LoadAware,1962,3658959723,2185484,2179729,4294961541,completed,-10
LoadAware,1963,3658959723,2185684,2179930,4294961542,completed,-10
LoadAware,1964,3658959723,2185886,2180134,4294961544,completed,-11
LoadAware,1965,3658959723,2186086,2180332,4294961542,completed,-11
LoadAware,1966,3658959723,2186286,2180531,4294961541,completed,-11
LoadAware,1967,3658959723,2186486,2180731,4294961541,completed,-11
LoadAware,1968,3658959723,2186686,2180931,4294961541,completed,-11
LoadAware,1969,3658959723,2186887,2181137,4294961546,completed,-11
LoadAware,1970,3658959723,2187087,2181332,4294961541,completed,-11
LoadAware,1971,3658959723,2187287,2181532,4294961541,completed,-11
LoadAware,1972,3658959723,2187487,2181732,4294961541,completed,-11
LoadAware,1973,3658959723,2187687,2182128,4294961737,completed,-11
LoadAware,1974,3658959723,2187888,2182231,4294961639,completed,-11
LoadAware,1975,3658959723,2188088,2182335,4294961543,completed,-11
LoadAware,1976,3658959723,2188288,2182533,4294961541,completed,-11
LoadAware,1977,3658959723,2188488,2182802,4294961610,completed,-11
LoadAware,1978,3658959723,2188688,2183128,4294961736,completed,-11
LoadAware,1979,3658959723,2188888,2183230,4294961638,completed,-11
LoadAware,1980,3658959723,2189088,2183355,4294961563,completed,-11
LoadAware,1981,3658959723,2189288,2183535,4294961543,completed,-11
LoadAware,1982,3658959723,2189488,2183734,4294961542,completed,-11
LoadAware,1983,3658959723,2189688,2183937,4294961545,completed,-11
LoadAware,1984,3658959723,2189891,2184140,4294961545,completed,-11
LoadAware,1985,3658959723,2190091,2184338,4294961543,completed,-11
LoadAware,1986,3658959723,2190291,2184537,4294961542,completed,-11
LoadAware,1987,3658959723,2190491,2184737,4294961542,completed,-11
LoadAware,1988,3658959723,2190691,2185132,4294961737,completed,-11
LoadAware,1989,3658959723,2190891,2185241,4294961646,completed,-11
LoadAware,1990,3658959723,2191091,2185350,4294961555,completed,-11
LoadAware,1991,3658959723,2191291,2185539,4294961544,completed,-11
LoadAware,1992,3658959723,2191491,2185737,4294961542,completed,-11
LoadAware,1993,3658959723,2191691,2186131,4294961736,completed,-12
LoadAware,1994,3658959723,2191893,2186234,4294961637,completed,-12
LoadAware,1995,3658959723,2192093,2186341,4294961544,completed,-12
LoadAware,1996,3658959723,2192293,2186539,4294961542,completed,-12
LoadAware,1997,3658959723,2192493,2186739,4294961542,completed,-12
LoadAware,1998,3658959723,2192693,2187133,4294961736,completed,-12
LoadAware,1999,3658959723,2195093,2189534,4294961737,completed,-15
LoadAware,2000,3658959723,2195293,2189677,4294961680,completed,-15
LoadAware,2001,3658959723,2195493,2189780,4294961583,completed,-15
LoadAware,2002,3658959723,2195693,2189938,4294961541,completed,-15
LoadAware,2003,3658959723,2195893,2190138,4294961541,completed,-11
LoadAware,2004,3658959723,2196093,2190338,4294961541,completed,-11
LoadAware,2005,3658959723,2196294,2190544,4294961546,completed,-11
LoadAware,2006,3658959723,2196494,2190740,4294961542,completed,-11
LoadAware,2007,3658959723,2196694,2190939,4294961541,completed,-11
LoadAware,2008,3658959723,2196894,2191139,4294961541,completed,-11
LoadAware,2009,3658959723,2197094,2191339,4294961541,completed,-11
LoadAware,2010,3658959723,2197297,2191543,4294961542,completed,-11
LoadAware,2011,3658959723,2197497,2191744,4294961543,completed,-11
LoadAware,2012,3658959723,2197697,2191942,4294961541,completed,-11
LoadAware,2013,3658959723,2197897,2192142,4294961541,completed,-10
LoadAware,2014,3658959723,2198097,2192537,4294961736,completed,-10
LoadAware,2015,3658959723,2198297,2192640,4294961639,completed,-10
LoadAware,2016,3658959723,2198502,2192749,4294961543,completed,-10
LoadAware,2017,3658959723,2198702,2192947,4294961541,completed,-10
LoadAware,2018,3658959723,2198902,2193147,4294961541,completed,-10
LoadAware,2019,3658959723,2199294,2193540,4294961542,completed,-10
LoadAware,2020,3658959723,2199494,2193739,4294961541,completed,-10
LoadAware,2021,3658959723,2199694,2193939,4294961541,completed,-10
LoadAware,2022,3658959723,2199894,2194139,4294961541,completed,-11
LoadAware,2023,3658959723,2200094,2194340,4294961542,completed,-11
LoadAware,2024,3658959723,2200297,2194545,4294961544,completed,-11
LoadAware,2025,3658959723,2200497,2194742,4294961541,completed,-11
LoadAware,2026,3658959723,2200697,2194942,4294961541,completed,-11
LoadAware,2027,3658959723,2200897,2195143,4294961542,completed,-11
LoadAware,2028,3658959723,2201097,2195344,4294961543,completed,-11
LoadAware,2029,3658959723,2201300,2195702,4294961698,completed,-11
LoadAware,2030,3658959723,2201500,2195839,4294961635,completed,-11
LoadAware,2031,3658959723,2201700,2195948,4294961544,completed,-11
LoadAware,2032,3658959723,2201900,2196146,4294961542,completed,-11
LoadAware,2033,3658959723,2202100,2196345,4294961541,completed,-11
LoadAware,2034,3658959723,2202300,2196549,4294961545,completed,-11
LoadAware,2035,3658959723,2202508,2196755,4294961543,completed,-11
LoadAware,2036,3658959723,2202708,2196953,4294961541,completed,-11
LoadAware,2037,3658959723,2202908,2197154,4294961542,completed,-11
LoadAware,2038,3658959723,2203301,2197776,4294961771,completed,-11
LoadAware,2039,3658959723,2203506,2197885,4294961675,completed,-11
LoadAware,2040,3658959723,2203706,2197995,4294961585,completed,-11
LoadAware,2041,3658959723,2203906,2198153,4294961543,completed,-10
LoadAware,2042,3658959723,2204296,2198544,4294961544,completed,-10
LoadAware,2043,3658959723,2204496,2198743,4294961543,completed,-10
LoadAware,SUMMARY,ALL,0,0,120000,batch_complete,0
----------------,---,---,---,---,---,----------------,---
LoadAware,2044,3658959723,2204696,2198941,4294961541,completed,-10
LoadAware,2045,3658959723,2212840,2207087,4294961543,completed,-10
LoadAware,2046,3658959723,2213040,2207300,4294961556,completed,-10
LoadAware,2047,3658959723,2213240,2207552,4294961608,completed,-10
LoadAware,2048,3658959723,2213440,2207685,4294961541,completed,-10
LoadAware,2049,3658959723,2213695,2207941,4294961542,completed,-10
LoadAware,2050,3658959723,2213895,2208144,4294961545,completed,-10
LoadAware,2051,3658959723,2214095,2208341,4294961542,completed,-10
LoadAware,2052,3658959723,2214295,2208543,4294961544,completed,-10
LoadAware,2053,3658959723,2214495,2208742,4294961543,completed,-10
LoadAware,2054,3658959723,2214716,2209001,4294961581,completed,-10
LoadAware,2055,3658959723,2214916,2209174,4294961554,completed,-10
LoadAware,2056,3658959723,2215116,2209362,4294961542,completed,-10
LoadAware,2057,3658959723,2215316,2209561,4294961541,completed,-10
LoadAware,2058,3658959723,2215516,2209957,4294961737,completed,-10
LoadAware,2059,3658959723,2215716,2210067,4294961647,completed,-10
LoadAware,2060,3658959723,2215916,2210169,4294961549,completed,-10
LoadAware,2061,3658959723,2216116,2210361,4294961541,completed,-10
LoadAware,2062,3658959723,2216316,2210561,4294961541,completed,-10
LoadAware,2063,3658959723,2216523,2210977,4294961750,completed,-10
LoadAware,2064,3658959723,2216723,2211080,4294961653,completed,-10
LoadAware,2065,3658959723,2216923,2211183,4294961556,completed,-10
LoadAware,2066,3658959723,2217123,2211368,4294961541,completed,-10
LoadAware,2067,3658959723,2217323,2211568,4294961541,completed,-10
LoadAware,2068,3658959723,2217523,2211769,4294961542,completed,-10
LoadAware,2069,3658959723,2217724,2211972,4294961544,completed,-10
LoadAware,2070,3658959723,2217924,2212171,4294961543,completed,-10
LoadAware,2071,3658959723,2218124,2212369,4294961541,completed,-10
LoadAware,2072,3658959723,2218324,2212569,4294961541,completed,-10
LoadAware,2073,3658959723,2218527,2212966,4294961735,completed,-10
LoadAware,2074,3658959723,2218727,2213069,4294961638,completed,-10
LoadAware,2075,3658959723,2218927,2213175,4294961544,completed,-10
LoadAware,2076,3658959723,2219127,2213373,4294961542,completed,-10
LoadAware,2077,3658959723,2219327,2213573,4294961542,completed,-10
LoadAware,2078,3658959723,2219527,2213964,4294961733,completed,-10
LoadAware,2079,3658959723,2219727,2214067,4294961636,completed,-10
LoadAware,2080,3658959723,2219927,2214174,4294961543,completed,-10
LoadAware,2081,3658959723,2220127,2214373,4294961542,completed,-10
LoadAware,2082,3658959723,2220327,2214573,4294961542,completed,-10
LoadAware,2083,3658959723,2220527,2214968,4294961737,completed,-10
LoadAware,2084,3658959723,2220727,2215082,4294961651,completed,-10
LoadAware,2085,3658959723,2220927,2215185,4294961554,completed,-10
LoadAware,2086,3658959723,2221127,2215373,4294961542,completed,-10
LoadAware,2087,3658959723,2221327,2215572,4294961541,completed,-10
LoadAware,2088,3658959723,2221527,2215968,4294961737,completed,-10
LoadAware,2089,3658959723,2221727,2216076,4294961645,completed,-11
LoadAware,2090,3658959723,2221927,2216179,4294961548,completed,-11
LoadAware,2091,3658959723,2222127,2216373,4294961542,completed,-11
LoadAware,2092,3658959723,2222327,2216573,4294961542,completed,-11
LoadAware,2093,3658959723,2222527,2218120,4294962889,completed,-10
LoadAware,2094,3658959723,2222727,2218223,4294962792,completed,-10
LoadAware,2095,3658959723,2222927,2218326,4294962695,completed,-10
LoadAware,2096,3658959723,2223127,2218429,4294962598,completed,-10
LoadAware,2097,3658959723,2223327,2218532,4294962501,completed,-10
LoadAware,2098,3658959723,2223527,2218635,4294962404,completed,-10
LoadAware,2099,3658959723,2223727,2218738,4294962307,completed,-10
LoadAware,2100,3658959723,2223927,2218840,4294962209,completed,-10
LoadAware,2101,3658959723,2224127,2218942,4294962111,completed,-10
LoadAware,2102,3658959723,2224327,2219045,4294962014,completed,-10
LoadAware,2103,3658959723,2224527,2219147,4294961916,completed,-10
LoadAware,2104,3658959723,2224735,2219250,4294961811,completed,-10
LoadAware,2105,3658959723,2224935,2219352,4294961713,completed,-10
LoadAware,2106,3658959723,2225135,2219454,4294961615,completed,-10
LoadAware,2107,3658959723,2225335,2219581,4294961542,completed,-10
LoadAware,2108,3658959723,2225535,2219972,4294961733,completed,-10
LoadAware,2109,3658959723,2225735,2220082,4294961643,completed,-11
LoadAware,2110,3658959723,2225935,2220185,4294961546,completed,-11
LoadAware,2111,3658959723,2226135,2220380,4294961541,completed,-11
LoadAware,2112,3658959723,2226335,2220580,4294961541,completed,-11
LoadAware,2113,3658959723,2226535,2220976,4294961737,completed,-11
LoadAware,2114,3658959723,2226735,2221081,4294961642,completed,-11
LoadAware,2115,3658959723,2226935,2221184,4294961545,completed,-11
LoadAware,2116,3658959723,2227135,2221381,4294961542,completed,-11
LoadAware,2117,3658959723,2227335,2221580,4294961541,completed,-11
LoadAware,2125,3037662008,2230936,2225178,4294961538,completed,-26
LoadAware,2126,3037662008,2231136,2225383,4294961543,completed,-26
LoadAware,2127,3037662008,2231336,2225579,4294961539,completed,-26
LoadAware,2128,3037662008,2231536,2225782,4294961542,completed,-26
LoadAware,2118,3658959723,2227535,2221782,4294961543,completed,-11
LoadAware,2129,3037662008,2231736,2225981,4294961541,completed,-26
LoadAware,2130,3037662008,2231936,2226179,4294961539,completed,-27
LoadAware,2131,3037662008,2232148,2226399,4294961547,completed,-27
LoadAware,2119,3658959723,2227735,2224170,4294963731,completed,-10
LoadAware,2120,3658959723,2229936,2224377,4294961737,completed,-10
LoadAware,2121,3658959723,2230136,2224849,4294962009,completed,-10
LoadAware,2122,3658959723,2230336,2225126,4294962086,completed,-10
LoadAware,2123,3658959723,2230536,2225228,4294961988,completed,-10
LoadAware,2124,3658959723,2230736,2225399,4294961959,completed,-10
LoadAware,2132,3658959723,2232348,2226595,4294961543,completed,-10
LoadAware,2133,3658959723,2232548,2226795,4294961543,completed,-10
LoadAware,2134,3658959723,2232748,2226995,4294961543,completed,-10
LoadAware,2135,3658959723,2232948,2227389,4294961737,completed,-10
LoadAware,2136,3658959723,2233152,2227491,4294961635,completed,-10
LoadAware,2137,3658959723,2233352,2227599,4294961543,completed,-10
LoadAware,2138,3658959723,2233552,2227828,4294961572,completed,-10
LoadAware,2139,3658959723,2233752,2227999,4294961543,completed,-10
LoadAware,2140,3658959723,2234148,2228398,4294961546,completed,-11
LoadAware,2141,3658959723,2234348,2228593,4294961541,completed,-11
LoadAware,2142,3658959723,2234548,2228795,4294961543,completed,-11
LoadAware,2143,3658959723,2234748,2228993,4294961541,completed,-11
LoadAware,2144,3658959723,2234948,2229194,4294961542,completed,-11
LoadAware,2145,3658959723,2235150,2229398,4294961544,completed,-11
LoadAware,2146,3658959723,2235350,2229596,4294961542,completed,-11
LoadAware,2147,3658959723,2235550,2229797,4294961543,completed,-11
LoadAware,2148,3658959723,2235750,2229996,4294961542,completed,-11
LoadAware,2149,3658959723,2235950,2230393,4294961739,completed,-10
LoadAware,2150,3658959723,2236150,2230502,4294961648,completed,-10
LoadAware,2151,3658959723,2236350,2230612,4294961558,completed,-10
LoadAware,2152,3658959723,2236550,2230796,4294961542,completed,-10
LoadAware,2153,3658959723,2236750,2230995,4294961541,completed,-10
LoadAware,2154,3658959723,2236950,2231195,4294961541,completed,-10
LoadAware,2155,3658959723,2237151,2231400,4294961545,completed,-10
LoadAware,2156,3658959723,2237351,2231597,4294961542,completed,-10
LoadAware,2157,3658959723,2237551,2231798,4294961543,completed,-10
LoadAware,2158,3658959723,2237751,2231998,4294961543,completed,-10
LoadAware,2159,3658959723,2237951,2232424,4294961769,completed,-11
LoadAware,2160,3658959723,2238151,2232533,4294961678,completed,-11
LoadAware,2161,3658959723,2238351,2232636,4294961581,completed,-11
LoadAware,2162,3658959723,2238551,2232797,4294961542,completed,-11
LoadAware,2163,3658959723,2238751,2233006,4294961551,completed,-11
LoadAware,2164,3658959723,2238951,2233196,4294961541,completed,-11
LoadAware,2165,3658959723,2239153,2233400,4294961543,completed,-11
LoadAware,2166,3658959723,2239353,2233599,4294961542,completed,-11
LoadAware,2167,3658959723,2239553,2233799,4294961542,completed,-11
LoadAware,2168,3658959723,2239753,2233998,4294961541,completed,-11
LoadAware,2169,3658959723,2239953,2234199,4294961542,completed,-10
LoadAware,2170,3658959723,2240154,2234404,4294961546,completed,-10
LoadAware,2171,3658959723,2240354,2234600,4294961542,completed,-10
LoadAware,2172,3658959723,2240554,2234800,4294961542,completed,-10
LoadAware,2173,3658959723,2240754,2235001,4294961543,completed,-10
LoadAware,2174,3658959723,2240954,2235200,4294961542,completed,-10
LoadAware,2175,3658959723,2241155,2235403,4294961544,completed,-10
LoadAware,2176,3658959723,2241355,2235601,4294961542,completed,-10
LoadAware,2177,3658959723,2241555,2235801,4294961542,completed,-10
LoadAware,2178,3658959723,2241755,2236000,4294961541,completed,-10
LoadAware,2179,3658959723,2241955,2236201,4294961542,completed,-11
LoadAware,2180,3658959723,2242156,2236406,4294961546,completed,-11
LoadAware,2181,3658959723,2242356,2236601,4294961541,completed,-11
LoadAware,2182,3658959723,2242558,2236804,4294961542,completed,-11
LoadAware,2183,3658959723,2242758,2237004,4294961542,completed,-11
LoadAware,2184,3658959723,2242958,2237204,4294961542,completed,-11
LoadAware,2185,3658959723,2243158,2237407,4294961545,completed,-11
LoadAware,2186,3658959723,2243358,2237603,4294961541,completed,-11
LoadAware,2187,3658959723,2243558,2237804,4294961542,completed,-11
LoadAware,2188,3658959723,2243758,2238004,4294961542,completed,-11
LoadAware,2189,3658959723,2243958,2238398,4294961736,completed,-10
LoadAware,2190,3658959723,2244158,2238507,4294961645,completed,-10
LoadAware,2191,3658959723,2244358,2238616,4294961554,completed,-10
LoadAware,2192,3658959723,2244558,2238804,4294961542,completed,-10
LoadAware,2193,3658959723,2244758,2239003,4294961541,completed,-10
LoadAware,2194,3658959723,2244958,2239204,4294961542,completed,-10
LoadAware,2195,3658959723,2247357,2241800,4294961739,completed,-10
LoadAware,2196,3658959723,2247563,2241944,4294961677,completed,-10
LoadAware,2197,3658959723,2247763,2242047,4294961580,completed,-11
LoadAware,2198,3658959723,2247963,2242210,4294961543,completed,-11
LoadAware,2199,3658959723,2248163,2242408,4294961541,completed,-11
LoadAware,2200,3658959723,2248560,2242806,4294961542,completed,-11
LoadAware,2201,3658959723,2248760,2243006,4294961542,completed,-11
LoadAware,2202,3658959723,2248960,2243206,4294961542,completed,-11
LoadAware,2203,3658959723,2249160,2243405,4294961541,completed,-11
LoadAware,2204,3658959723,2249360,2243799,4294961735,completed,-11
LoadAware,2205,3658959723,2249564,2244052,4294961784,completed,-11
LoadAware,2206,3658959723,2249764,2244153,4294961685,completed,-11
LoadAware,2207,3658959723,2249964,2244254,4294961586,completed,-11
LoadAware,2208,3658959723,2250164,2244409,4294961541,completed,-11
LoadAware,2209,3658959723,2250564,2244812,4294961544,completed,-11
LoadAware,2210,3658959723,2250764,2245011,4294961543,completed,-11
LoadAware,2211,3658959723,2250964,2245210,4294961542,completed,-11
LoadAware,2212,3658959723,2251164,2245409,4294961541,completed,-11
LoadAware,2213,3658959723,2251565,2245848,4294961579,completed,-11
LoadAware,2214,3658959723,2251765,2246011,4294961542,completed,-11
LoadAware,2215,3658959723,2251965,2246212,4294961543,completed,-11
LoadAware,2216,3658959723,2252165,2246410,4294961541,completed,-11
LoadAware,2217,3658959723,2252365,2246804,4294961735,completed,-11
LoadAware,2218,3658959723,2252568,2246907,4294961635,completed,-11
LoadAware,2219,3658959723,2252768,2247027,4294961555,completed,-11
LoadAware,2220,3658959723,2252968,2247214,4294961542,completed,-11
LoadAware,2221,3658959723,2253168,2247413,4294961541,completed,-11
LoadAware,2222,3658959723,2253568,2247814,4294961542,completed,-11
LoadAware,2223,3658959723,2253768,2248015,4294961543,completed,-11
LoadAware,2224,3658959723,2253968,2248215,4294961543,completed,-10
LoadAware,2225,3658959723,2254168,2248416,4294961544,completed,-10
LoadAware,2226,3658959723,2254368,2248807,4294961735,completed,-10
LoadAware,2227,3658959723,2254571,2248918,4294961643,completed,-10
LoadAware,2228,3658959723,2254771,2249020,4294961545,completed,-10
LoadAware,2229,3658959723,2254971,2249217,4294961542,completed,-10
LoadAware,2230,3658959723,2255171,2249417,4294961542,completed,-10
LoadAware,2231,3658959723,2255371,2249809,4294961734,completed,-10
LoadAware,2232,3658959723,2255574,2249921,4294961643,completed,-10
LoadAware,2233,3658959723,2255774,2250024,4294961546,completed,-10
LoadAware,2234,3658959723,2255974,2250221,4294961543,completed,-11
LoadAware,2235,3658959723,2256174,2250419,4294961541,completed,-11
LoadAware,2236,3658959723,2256574,2250821,4294961543,completed,-11
LoadAware,2237,3658959723,2256774,2251021,4294961543,completed,-11
LoadAware,2238,3658959723,2256974,2251220,4294961542,completed,-11
LoadAware,2239,3658959723,2257174,2251419,4294961541,completed,-11
LoadAware,2240,3658959723,2257574,2251820,4294961542,completed,-11
LoadAware,2241,3658959723,2257774,2252021,4294961543,completed,-11
LoadAware,2242,3658959723,2257974,2252220,4294961542,completed,-10
LoadAware,2243,3658959723,2258174,2252419,4294961541,completed,-10
LoadAware,2244,3658959723,2258374,2252813,4294961735,completed,-10
LoadAware,2245,3658959723,2258578,2252916,4294961634,completed,-10
LoadAware,2246,3658959723,2258778,2253026,4294961544,completed,-10
LoadAware,2247,3658959723,2258978,2253224,4294961542,completed,-10
LoadAware,2248,3658959723,2259178,2253424,4294961542,completed,-10
LoadAware,2249,3658959723,2259576,2253823,4294961543,completed,-10
LoadAware,2250,3658959723,2259776,2254022,4294961542,completed,-10
LoadAware,2251,3658959723,2259976,2254221,4294961541,completed,-10
LoadAware,2252,3658959723,2260176,2254424,4294961544,completed,-10
LoadAware,2253,3658959723,2260376,2254816,4294961736,completed,-10
LoadAware,2254,3658959723,2260583,2254924,4294961637,completed,-10
LoadAware,2255,3658959723,2260783,2255031,4294961544,completed,-10
LoadAware,2256,3658959723,2260983,2255229,4294961542,completed,-10
LoadAware,2257,3658959723,2261183,2255428,4294961541,completed,-10
LoadAware,2258,3658959723,2261579,2255826,4294961543,completed,-10
LoadAware,2259,3658959723,2261779,2256025,4294961542,completed,-10
LoadAware,2260,3658959723,2261979,2256224,4294961541,completed,-10
LoadAware,2261,3658959723,2262179,2256424,4294961541,completed,-10
LoadAware,2262,3658959723,2262379,2256821,4294961738,completed,-10
LoadAware,2263,3658959723,2262580,2259032,4294963748,completed,-10
LoadAware,2264,3658959723,2264799,2259423,4294961920,completed,-10
LoadAware,2265,3658959723,2265014,2259526,4294961808,completed,-10
LoadAware,2266,3658959723,2265214,2259629,4294961711,completed,-10
LoadAware,2267,3658959723,2265414,2259731,4294961613,completed,-10
LoadAware,2268,3658959723,2265614,2259860,4294961542,completed,-10
LoadAware,2269,3658959723,2266000,2260246,4294961542,completed,-10
LoadAware,2270,3658959723,2266200,2260447,4294961543,completed,-10
LoadAware,2271,3658959723,2266400,2260647,4294961543,completed,-10
LoadAware,2272,3658959723,2266600,2260845,4294961541,completed,-10
LoadAware,2273,3658959723,2266800,2261046,4294961542,completed,-10
LoadAware,2274,3658959723,2267003,2261253,4294961546,completed,-10
LoadAware,2275,3658959723,2267203,2261450,4294961543,completed,-10
LoadAware,2276,3658959723,2267403,2261649,4294961542,completed,-10
LoadAware,2277,3658959723,2267603,2261849,4294961542,completed,-10
LoadAware,2278,3658959723,2267803,2262244,4294961737,completed,-11
LoadAware,2279,3658959723,2268004,2262351,4294961643,completed,-11
LoadAware,2280,3658959723,2268204,2262454,4294961546,completed,-11
LoadAware,2281,3658959723,2268404,2262650,4294961542,completed,-11
LoadAware,2282,3658959723,2268604,2262850,4294961542,completed,-11
LoadAware,2283,3658959723,2268806,2263297,4294961787,completed,-11
LoadAware,2284,3658959723,2269006,2263406,4294961696,completed,-11
LoadAware,2285,3658959723,2269206,2263508,4294961598,completed,-11
LoadAware,2286,3658959723,2269406,2263655,4294961545,completed,-11
LoadAware,2287,3658959723,2269606,2263851,4294961541,completed,-11
LoadAware,2288,3658959723,2269806,2264245,4294961735,completed,-10
LoadAware,2289,3658959723,2270007,2264348,4294961637,completed,-10
LoadAware,2290,3658959723,2270207,2264454,4294961543,completed,-10
LoadAware,2291,3658959723,2270407,2264652,4294961541,completed,-10
LoadAware,2292,3658959723,2270607,2264852,4294961541,completed,-10
LoadAware,2293,3658959723,2270807,2265298,4294961787,completed,-10
LoadAware,2294,3658959723,2271007,2265401,4294961690,completed,-10
LoadAware,2295,3658959723,2271207,2265504,4294961593,completed,-10
LoadAware,2296,3658959723,2271407,2265652,4294961541,completed,-10
LoadAware,2297,3658959723,2271607,2265852,4294961541,completed,-10
LoadAware,2298,3658959723,2271807,2266053,4294961542,completed,-11
LoadAware,2299,3658959723,2272009,2266256,4294961543,completed,-11
LoadAware,2300,3658959723,2272209,2266454,4294961541,completed,-11
LoadAware,2301,3658959723,2272409,2266655,4294961542,completed,-11
LoadAware,2302,3658959723,2272609,2266877,4294961564,completed,-11
LoadAware,2303,3658959723,2272809,2267248,4294961735,completed,-11
LoadAware,2304,3658959723,2273009,2267351,4294961638,completed,-11
LoadAware,2305,3658959723,2273209,2267457,4294961544,completed,-11
LoadAware,2306,3658959723,2273409,2267655,4294961542,completed,-11
LoadAware,2307,3658959723,2273609,2267855,4294961542,completed,-11
LoadAware,2308,3658959723,2273809,2268055,4294961542,completed,-10
LoadAware,2309,3658959723,2274014,2268261,4294961543,completed,-10
LoadAware,2310,3658959723,2274214,2268460,4294961542,completed,-10
LoadAware,2311,3658959723,2274414,2268660,4294961542,completed,-10
LoadAware,2312,3658959723,2274614,2268860,4294961542,completed,-10
LoadAware,2313,3658959723,2274814,2269254,4294961736,completed,-10
LoadAware,2314,3658959723,2275015,2269584,4294961865,completed,-10
LoadAware,2315,3658959723,2275215,2269687,4294961768,completed,-10
LoadAware,2316,3658959723,2275415,2269790,4294961671,completed,-10
LoadAware,2317,3658959723,2275615,2269893,4294961574,completed,-10
LoadAware,2318,3658959723,2275815,2270256,4294961737,completed,-10
LoadAware,2319,3658959723,2276019,2270366,4294961643,completed,-10
LoadAware,2320,3658959723,2276219,2270469,4294961546,completed,-10
LoadAware,2321,3658959723,2276419,2270665,4294961542,completed,-10
LoadAware,2322,3658959723,2276619,2270864,4294961541,completed,-10
LoadAware,2323,3658959723,2277010,2271257,4294961543,completed,-10
LoadAware,2324,3658959723,2277210,2271469,4294961555,completed,-10
LoadAware,2325,3658959723,2277410,2271656,4294961542,completed,-10
LoadAware,2326,3658959723,2277610,2271856,4294961542,completed,-10
LoadAware,2327,3658959723,2277810,2272055,4294961541,completed,-10
LoadAware,2328,3658959723,2278016,2272265,4294961545,completed,-10
LoadAware,2329,3658959723,2278216,2272463,4294961543,completed,-10
LoadAware,2330,3658959723,2278416,2272662,4294961542,completed,-10
LoadAware,2331,3658959723,2278616,2272862,4294961542,completed,-10
LoadAware,2332,3658959723,2278816,2273257,4294961737,completed,-10
LoadAware,2333,3658959723,2279016,2273366,4294961646,completed,-10
LoadAware,2334,3658959723,2279216,2273469,4294961549,completed,-10
LoadAware,2335,3658959723,2279416,2273662,4294961542,completed,-10
LoadAware,2336,3658959723,2279616,2273862,4294961542,completed,-10
LoadAware,2343,3037662008,2283030,2277273,4294961539,completed,-27
LoadAware,2344,3037662008,2283420,2277665,4294961541,completed,-27
LoadAware,2345,3037662008,2283620,2277864,4294961540,completed,-27
LoadAware,2346,3037662008,2283820,2278065,4294961541,completed,-27
LoadAware,2347,3037662008,2284020,2278265,4294961541,completed,-27
LoadAware,2337,3658959723,2279816,2274062,4294961542,completed,-11
LoadAware,2348,3037662008,2284220,2278465,4294961541,completed,-27
LoadAware,2338,3658959723,2280019,2276457,4294963734,completed,-10
LoadAware,2339,3658959723,2282222,2276663,4294961737,completed,-10
LoadAware,2340,3658959723,2282430,2276972,4294961838,completed,-10
LoadAware,2341,3658959723,2282630,2277246,4294961912,completed,-10
LoadAware,2342,3658959723,2282830,2277663,4294962129,completed,-10
LoadAware,2349,3658959723,2284434,2278741,4294961603,completed,-9
LoadAware,2350,3658959723,2284634,2278881,4294961543,completed,-9
LoadAware,2351,3658959723,2284834,2279080,4294961542,completed,-9
LoadAware,2352,3658959723,2285034,2279281,4294961543,completed,-9
LoadAware,2353,3658959723,2285423,2279671,4294961544,completed,-9
LoadAware,2354,3658959723,2285623,2279870,4294961543,completed,-9
LoadAware,2355,3658959723,2285823,2280071,4294961544,completed,-10
LoadAware,2356,3658959723,2286023,2280269,4294961542,completed,-10
LoadAware,2357,3658959723,2286223,2280471,4294961544,completed,-10
LoadAware,2358,3658959723,2286430,2280678,4294961544,completed,-10
LoadAware,2359,3658959723,2286630,2280880,4294961546,completed,-10
LoadAware,2360,3658959723,2286830,2281075,4294961541,completed,-10
LoadAware,2361,3658959723,2287030,2281276,4294961542,completed,-10
LoadAware,2362,3658959723,2287230,2281476,4294961542,completed,-10
LoadAware,2363,3658959723,2287431,2281678,4294961543,completed,-10
LoadAware,2364,3658959723,2287631,2281877,4294961542,completed,-10
LoadAware,2365,3658959723,2287831,2282079,4294961544,completed,-11
LoadAware,2366,3658959723,2288031,2282278,4294961543,completed,-11
LoadAware,2367,3658959723,2288231,2282477,4294961542,completed,-11
LoadAware,2368,3658959723,2288434,2282845,4294961707,completed,-11
LoadAware,2369,3658959723,2288634,2282954,4294961616,completed,-11
LoadAware,2370,3658959723,2288834,2283081,4294961543,completed,-11
LoadAware,2371,3658959723,2289034,2283279,4294961541,completed,-11
LoadAware,2372,3658959723,2289234,2283673,4294961735,completed,-11
LoadAware,2373,3658959723,2289434,2283781,4294961643,completed,-11
LoadAware,2374,3658959723,2289634,2283890,4294961552,completed,-11
LoadAware,2375,3658959723,2289834,2284080,4294961542,completed,-10
LoadAware,2376,3658959723,2290034,2284280,4294961542,completed,-10
LoadAware,2377,3658959723,2290234,2284480,4294961542,completed,-10
LoadAware,2378,3658959723,2290437,2284721,4294961580,completed,-10
LoadAware,2379,3658959723,2290637,2284884,4294961543,completed,-10
LoadAware,2380,3658959723,2290837,2285082,4294961541,completed,-10
LoadAware,2381,3658959723,2291037,2285283,4294961542,completed,-10
LoadAware,2382,3658959723,2291237,2285676,4294961735,completed,-10
LoadAware,2383,3658959723,2291437,2285784,4294961643,completed,-10
LoadAware,2384,3658959723,2291637,2285887,4294961546,completed,-10
LoadAware,2385,3658959723,2291837,2286083,4294961542,completed,-11
LoadAware,2386,3658959723,2292037,2286283,4294961542,completed,-11
LoadAware,2387,3658959723,2292237,2286483,4294961542,completed,-11
LoadAware,2388,3658959723,2292441,2286870,4294961725,completed,-11
LoadAware,2389,3658959723,2292641,2286973,4294961628,completed,-11
LoadAware,2390,3658959723,2292841,2287089,4294961544,completed,-11
LoadAware,2391,3658959723,2293041,2287287,4294961542,completed,-11
LoadAware,2392,3658959723,2293241,2287678,4294961733,completed,-11
LoadAware,2393,3658959723,2293441,2287787,4294961642,completed,-11
LoadAware,2394,3658959723,2293641,2287890,4294961545,completed,-11
LoadAware,2395,3658959723,2293841,2288087,4294961542,completed,-10
LoadAware,2396,3658959723,2294041,2288286,4294961541,completed,-10
LoadAware,2397,3658959723,2294243,2288697,4294961750,completed,-10
LoadAware,2398,3658959723,2294443,2288800,4294961653,completed,-10
LoadAware,2399,3658959723,2294643,2288903,4294961556,completed,-10
LoadAware,2400,3658959723,2294843,2289089,4294961542,completed,-10
LoadAware,2401,3658959723,2295043,2289289,4294961542,completed,-10
LoadAware,2402,3658959723,2295243,2289490,4294961543,completed,-10
LoadAware,2403,3658959723,2295444,2289692,4294961544,completed,-10
LoadAware,2404,3658959723,2295644,2289891,4294961543,completed,-10
LoadAware,2405,3658959723,2295844,2290090,4294961542,completed,-10
LoadAware,2406,3658959723,2296044,2290290,4294961542,completed,-10
LoadAware,2407,3658959723,2296244,2290490,4294961542,completed,-10
LoadAware,2408,3658959723,2296445,2290694,4294961545,completed,-10
LoadAware,2409,3658959723,2296645,2290891,4294961542,completed,-10
LoadAware,2410,3658959723,2296845,2291090,4294961541,completed,-10
LoadAware,2411,3658959723,2297045,2291291,4294961542,completed,-10
LoadAware,2420,3037662008,2301042,2295286,4294961540,completed,-25
LoadAware,2421,3037662008,2301242,2295486,4294961540,completed,-25
LoadAware,2422,3037662008,2301442,2295685,4294961539,completed,-25
LoadAware,2423,3037662008,2301642,2295885,4294961539,completed,-25
LoadAware,2424,3037662008,2301846,2296130,4294961580,completed,-29
LoadAware,2412,3658959723,2297245,2291491,4294961542,completed,-10
LoadAware,2425,3037662008,2302046,2296289,4294961539,completed,-29
LoadAware,2413,3658959723,2299642,2294081,4294961735,completed,-12
LoadAware,2414,3658959723,2299842,2294370,4294961824,completed,-12
LoadAware,2415,3658959723,2300042,2294647,4294961901,completed,-12
LoadAware,2416,3658959723,2300242,2294749,4294961803,completed,-12
LoadAware,2417,3658959723,2300442,2295082,4294961936,completed,-12
LoadAware,2418,3658959723,2300642,2295195,4294961849,completed,-12
LoadAware,2419,3658959723,2300842,2295470,4294961924,completed,-12
LoadAware,2426,3658959723,2302246,2296494,4294961544,completed,-10
LoadAware,2427,3658959723,2302446,2296692,4294961542,completed,-10
LoadAware,2428,3658959723,2302646,2297086,4294961736,completed,-10
LoadAware,2429,3658959723,2302848,2297272,4294961720,completed,-10
LoadAware,2430,3658959723,2303048,2297374,4294961622,completed,-10
LoadAware,2431,3658959723,2303248,2297495,4294961543,completed,-10
LoadAware,2432,3658959723,2303448,2297695,4294961543,completed,-10
LoadAware,2433,3658959723,2303649,2298090,4294961737,completed,-9
LoadAware,2435,3037662008,2304051,2298294,4294961539,completed,-28
LoadAware,2436,3037662008,2304251,2298494,4294961539,completed,-28
LoadAware,2434,3658959723,2303851,2298191,4294961636,completed,-9
LoadAware,2437,3037662008,2304451,2298696,4294961541,completed,-28
LoadAware,2438,3037662008,2304651,2299086,4294961731,completed,-28
LoadAware,2439,3037662008,2304851,2299189,4294961634,completed,-28
LoadAware,2440,3037662008,2305051,2299297,4294961542,completed,-28
LoadAware,2441,3037662008,2305251,2299494,4294961539,completed,-28
LoadAware,2442,3037662008,2305451,2299695,4294961540,completed,-28
LoadAware,2443,3037662008,2305651,2300133,4294961778,completed,-30
LoadAware,2444,3037662008,2305851,2300236,4294961681,completed,-30
LoadAware,2445,3658959723,2306051,2300297,4294961542,completed,-10
LoadAware,2446,3658959723,2306251,2300497,4294961542,completed,-10
LoadAware,2447,3658959723,2306451,2300696,4294961541,completed,-10
LoadAware,2448,3658959723,2306651,2300898,4294961543,completed,-10
LoadAware,2449,3658959723,2306852,2301101,4294961545,completed,-10
LoadAware,2450,3658959723,2307052,2301298,4294961542,completed,-10
LoadAware,2451,3658959723,2307252,2301497,4294961541,completed,-10
LoadAware,2452,3658959723,2307452,2301697,4294961541,completed,-10
LoadAware,2453,3658959723,2307652,2301898,4294961542,completed,-10
LoadAware,2454,3658959723,2307853,2302101,4294961544,completed,-10
LoadAware,2455,3658959723,2308053,2302301,4294961544,completed,-10
LoadAware,2456,3658959723,2308253,2302499,4294961542,completed,-10
LoadAware,2457,3658959723,2308453,2302699,4294961542,completed,-10
LoadAware,2458,3658959723,2308653,2302898,4294961541,completed,-10
LoadAware,2459,3658959723,2308854,2303102,4294961544,completed,-10
LoadAware,2460,3658959723,2309054,2303299,4294961541,completed,-10
LoadAware,2461,3658959723,2309254,2303500,4294961542,completed,-10
LoadAware,2462,3658959723,2309454,2303700,4294961542,completed,-10
LoadAware,2463,3658959723,2309654,2304119,4294961761,completed,-10
LoadAware,2464,3658959723,2309854,2304222,4294961664,completed,-10
LoadAware,2465,3658959723,2310054,2304325,4294961567,completed,-10
LoadAware,2466,3658959723,2310254,2304501,4294961543,completed,-10
LoadAware,2467,3658959723,2310454,2304700,4294961542,completed,-10
LoadAware,2468,3658959723,2310654,2304900,4294961542,completed,-10
LoadAware,2469,3658959723,2310857,2305105,4294961544,completed,-10
LoadAware,2470,3658959723,2311057,2305303,4294961542,completed,-10
LoadAware,2471,3658959723,2311257,2305504,4294961543,completed,-10
LoadAware,2472,3658959723,2311457,2305703,4294961542,completed,-10
LoadAware,2473,3658959723,2311657,2306097,4294961736,completed,-11
LoadAware,2474,3658959723,2311857,2306199,4294961638,completed,-11
LoadAware,2475,3658959723,2312057,2306305,4294961544,completed,-11
LoadAware,2476,3658959723,2312257,2306503,4294961542,completed,-11
LoadAware,2477,3658959723,2312457,2306703,4294961542,completed,-11
LoadAware,2478,3658959723,2312657,2306903,4294961542,completed,-11
LoadAware,2479,3658959723,2312858,2307108,4294961546,completed,-11
LoadAware,2480,3658959723,2313058,2307305,4294961543,completed,-11
LoadAware,2481,3658959723,2313258,2307505,4294961543,completed,-11
LoadAware,2482,3658959723,2313458,2307704,4294961542,completed,-11
LoadAware,2483,3658959723,2313658,2308099,4294961737,completed,-10
LoadAware,2484,3658959723,2313858,2308204,4294961642,completed,-10
LoadAware,2485,3658959723,2314058,2308307,4294961545,completed,-10
LoadAware,2486,3658959723,2314258,2308504,4294961542,completed,-10
LoadAware,2487,3658959723,2314458,2308703,4294961541,completed,-10
LoadAware,2488,3658959723,2314658,2308904,4294961542,completed,-10
LoadAware,2499,3037662008,2319051,2313295,4294961540,completed,-26
LoadAware,2489,3658959723,2317051,2311494,4294961739,completed,-10
LoadAware,2490,3658959723,2317251,2311596,4294961641,completed,-10
LoadAware,2491,3658959723,2317451,2311843,4294961688,completed,-10
LoadAware,2500,3037662008,2319261,2313601,4294961636,completed,-26
LoadAware,2492,3658959723,2317651,2312119,4294961764,completed,-9
LoadAware,2493,3658959723,2317851,2312493,4294961938,completed,-9
LoadAware,2494,3658959723,2318051,2312595,4294961840,completed,-9
LoadAware,2495,3658959723,2318251,2312697,4294961742,completed,-9
LoadAware,2496,3658959723,2318451,2312912,4294961757,completed,-9
LoadAware,2497,3658959723,2318651,2313144,4294961789,completed,-9
LoadAware,2498,3658959723,2318851,2313496,4294961941,completed,-9
LoadAware,2501,3658959723,2319461,2313708,4294961543,completed,-9
LoadAware,2502,3658959723,2319661,2313908,4294961543,completed,-9
LoadAware,2503,3658959723,2319861,2314108,4294961543,completed,-11
LoadAware,2504,3658959723,2320250,2314498,4294961544,completed,-11
LoadAware,2505,3658959723,2320450,2314697,4294961543,completed,-11
LoadAware,2506,3658959723,2320650,2314912,4294961558,completed,-11
LoadAware,2507,3658959723,2320850,2315097,4294961543,completed,-11
LoadAware,2508,3658959723,2321050,2315297,4294961543,completed,-11
LoadAware,2509,3658959723,2321262,2315520,4294961554,completed,-11
LoadAware,2510,3658959723,2321462,2315767,4294961601,completed,-11
LoadAware,2511,3658959723,2321662,2315910,4294961544,completed,-11
LoadAware,2512,3658959723,2321862,2316108,4294961542,completed,-10
LoadAware,2513,3658959723,2322062,2316312,4294961546,completed,-10
LoadAware,2514,3658959723,2322263,2316514,4294961547,completed,-10
LoadAware,2515,3658959723,2322463,2316709,4294961542,completed,-10
LoadAware,2516,3658959723,2322663,2316909,4294961542,completed,-10
LoadAware,2517,3658959723,2322863,2317109,4294961542,completed,-10
LoadAware,2518,3658959723,2323063,2317503,4294961736,completed,-10
LoadAware,2519,3658959723,2323263,2317612,4294961645,completed,-10
LoadAware,2520,3658959723,2323463,2317715,4294961548,completed,-10
LoadAware,2521,3658959723,2323663,2317909,4294961542,completed,-10
LoadAware,2522,3658959723,2323863,2318109,4294961542,completed,-11
LoadAware,2523,3658959723,2324063,2318502,4294961735,completed,-11
LoadAware,2524,3658959723,2324265,2318611,4294961642,completed,-11
LoadAware,2525,3658959723,2324465,2318720,4294961551,completed,-11
LoadAware,2526,3658959723,2324665,2318910,4294961541,completed,-11
LoadAware,2527,3658959723,2324865,2319112,4294961543,completed,-11
LoadAware,2528,3658959723,2325066,2319518,4294961748,completed,-11
LoadAware,2529,3658959723,2325266,2319629,4294961659,completed,-11
LoadAware,2530,3658959723,2325466,2319738,4294961568,completed,-11
LoadAware,2531,3658959723,2325666,2319912,4294961542,completed,-11
LoadAware,2532,3658959723,2325866,2320115,4294961545,completed,-10
LoadAware,2533,3658959723,2326066,2320313,4294961543,completed,-10
LoadAware,2534,3658959723,2326268,2320514,4294961542,completed,-10
LoadAware,2535,3658959723,2326468,2320715,4294961543,completed,-10
LoadAware,2536,3658959723,2326668,2320915,4294961543,completed,-10
LoadAware,2537,3658959723,2326868,2321114,4294961542,completed,-10
LoadAware,2538,3658959723,2327068,2321507,4294961735,completed,-10
LoadAware,2539,3658959723,2327268,2321610,4294961638,completed,-10
LoadAware,2540,3658959723,2327468,2321716,4294961544,completed,-10
LoadAware,2541,3658959723,2327668,2321914,4294961542,completed,-10
LoadAware,2542,3658959723,2327868,2322114,4294961542,completed,-10
LoadAware,2543,3658959723,2328068,2322316,4294961544,completed,-10
LoadAware,2544,3658959723,2328270,2322522,4294961548,completed,-10
LoadAware,2545,3658959723,2328470,2322716,4294961542,completed,-10
LoadAware,2546,3658959723,2328670,2322916,4294961542,completed,-10
LoadAware,2547,3658959723,2328870,2323115,4294961541,completed,-10
LoadAware,2548,3658959723,2329070,2323510,4294961736,completed,-10
LoadAware,2549,3658959723,2329270,2323616,4294961642,completed,-10
LoadAware,2550,3658959723,2329470,2323719,4294961545,completed,-10
LoadAware,2551,3658959723,2329670,2323916,4294961542,completed,-10
LoadAware,2552,3658959723,2329870,2324116,4294961542,completed,-11
LoadAware,2553,3658959723,2330070,2324317,4294961543,completed,-11
LoadAware,2554,3658959723,2330272,2324525,4294961549,completed,-11
LoadAware,2555,3658959723,2330472,2324719,4294961543,completed,-11
LoadAware,2556,3658959723,2330672,2324918,4294961542,completed,-11
LoadAware,2557,3658959723,2330872,2325118,4294961542,completed,-11
LoadAware,2558,3658959723,2331072,2325511,4294961735,completed,-11
LoadAware,2559,3658959723,2331272,2325614,4294961638,completed,-11
LoadAware,2560,3658959723,2331472,2325720,4294961544,completed,-11
LoadAware,2561,3658959723,2331672,2325918,4294961542,completed,-11
LoadAware,2562,3658959723,2331872,2326119,4294961543,completed,-11
LoadAware,2563,3658959723,2332072,2326319,4294961543,completed,-11
LoadAware,SUMMARY,ALL,0,0,121639,batch_complete,0
----------------,---,---,---,---,---,----------------,---
LoadAware,2564,3658959723,2332275,2326526,4294961547,completed,-11
LoadAware,2565,3658959723,2340711,2334959,4294961544,completed,-9
LoadAware,2566,3658959723,2340911,2335157,4294961542,completed,-9
LoadAware,2567,3658959723,2341111,2335358,4294961543,completed,-9
LoadAware,2568,3658959723,2341311,2335557,4294961542,completed,-9
LoadAware,2569,3658959723,2341685,2335931,4294961542,completed,-9
LoadAware,2570,3658959723,2341885,2336131,4294961542,completed,-10
LoadAware,2571,3658959723,2342085,2336331,4294961542,completed,-10
LoadAware,2572,3658959723,2342285,2336531,4294961542,completed,-10
LoadAware,2573,3658959723,2342485,2336926,4294961737,completed,-10
LoadAware,2574,3658959723,2342689,2337034,4294961641,completed,-10
LoadAware,2575,3658959723,2342889,2337143,4294961550,completed,-10
LoadAware,2576,3658959723,2343089,2337337,4294961544,completed,-10
LoadAware,2577,3658959723,2343289,2337535,4294961542,completed,-10
LoadAware,2578,3658959723,2343688,2337934,4294961542,completed,-10
LoadAware,2579,3658959723,2343888,2338134,4294961542,completed,-10
LoadAware,2580,3658959723,2344088,2338335,4294961543,completed,-10
LoadAware,2581,3658959723,2344288,2338535,4294961543,completed,-10
LoadAware,2582,3658959723,2344488,2338968,4294961776,completed,-10
LoadAware,2583,3658959723,2344690,2339076,4294961682,completed,-10
LoadAware,2584,3658959723,2344890,2339201,4294961607,completed,-10
LoadAware,2585,3658959723,2345090,2339337,4294961543,completed,-10
LoadAware,2586,3658959723,2345290,2339536,4294961542,completed,-10
LoadAware,2587,3658959723,2345490,2339930,4294961736,completed,-10
LoadAware,2588,3658959723,2345693,2340032,4294961635,completed,-10
LoadAware,2589,3658959723,2345893,2340140,4294961543,completed,-11
LoadAware,2590,3658959723,2346093,2340341,4294961544,completed,-11
LoadAware,2591,3658959723,2346293,2340539,4294961542,completed,-11
LoadAware,2592,3658959723,2346493,2341946,4294962749,completed,-11
LoadAware,2593,3658959723,2346696,2342054,4294962654,completed,-11
LoadAware,2594,3658959723,2346896,2342157,4294962557,completed,-12
LoadAware,2595,3658959723,2347096,2342260,4294962460,completed,-12
LoadAware,2600,3037662008,2348099,2342342,4294961539,completed,-27
LoadAware,2596,3658959723,2347296,2342364,4294962364,completed,-12
LoadAware,2601,3037662008,2348299,2342543,4294961540,completed,-27
LoadAware,2597,3658959723,2347496,2342467,4294962267,completed,-12
LoadAware,2598,3658959723,2347699,2342568,4294962165,completed,-12
LoadAware,2602,3037662008,2348698,2342944,4294961542,completed,-27
LoadAware,2599,3658959723,2347899,2342669,4294962066,completed,-12
LoadAware,2603,3037662008,2348898,2343142,4294961540,completed,-27
LoadAware,2604,3037662008,2349098,2343344,4294961542,completed,-27
LoadAware,2605,3037662008,2349298,2343541,4294961539,completed,-27
LoadAware,2606,3037662008,2349498,2343937,4294961735,completed,-27
LoadAware,2607,3037662008,2349704,2346141,4294963733,completed,-28
LoadAware,2608,3037662008,2351910,2346355,4294961741,completed,-28
LoadAware,2609,3658959723,2352118,2346365,4294961543,completed,-10
LoadAware,2610,3658959723,2352318,2346564,4294961542,completed,-10
LoadAware,2611,3658959723,2352524,2346770,4294961542,completed,-10
LoadAware,2612,3658959723,2352724,2346971,4294961543,completed,-10
LoadAware,2613,3658959723,2353106,2347353,4294961543,completed,-10
LoadAware,2614,3658959723,2353306,2347552,4294961542,completed,-10
LoadAware,2615,3658959723,2353512,2347760,4294961544,completed,-10
LoadAware,2616,3658959723,2353712,2347958,4294961542,completed,-10
LoadAware,2617,3658959723,2353912,2348171,4294961555,completed,-11
LoadAware,2618,3658959723,2354118,2348364,4294961542,completed,-11
LoadAware,2619,3658959723,2354318,2348564,4294961542,completed,-11
LoadAware,2620,3658959723,2354525,2348774,4294961545,completed,-11
LoadAware,2621,3658959723,2354725,2348972,4294961543,completed,-11
LoadAware,2622,3658959723,2355109,2349355,4294961542,completed,-11
LoadAware,2623,3658959723,2355309,2349555,4294961542,completed,-11
LoadAware,2624,3658959723,2355509,2349756,4294961543,completed,-11
LoadAware,2625,3658959723,2355709,2349954,4294961541,completed,-11
LoadAware,2626,3658959723,2355909,2350156,4294961543,completed,-10
LoadAware,2627,3658959723,2356119,2350365,4294961542,completed,-10
LoadAware,2628,3658959723,2356319,2350565,4294961542,completed,-10
LoadAware,2629,3658959723,2356529,2350775,4294961542,completed,-10
LoadAware,2630,3658959723,2356729,2350976,4294961543,completed,-10
LoadAware,2631,3658959723,2357113,2351359,4294961542,completed,-10
LoadAware,2632,3658959723,2357313,2351559,4294961542,completed,-10
LoadAware,2633,3658959723,2357515,2351763,4294961544,completed,-10
LoadAware,2634,3658959723,2357715,2351961,4294961542,completed,-10
LoadAware,2635,3658959723,2357917,2352165,4294961544,completed,-10
LoadAware,2636,3658959723,2358120,2352368,4294961544,completed,-10
LoadAware,2637,3658959723,2358320,2352566,4294961542,completed,-10
LoadAware,2638,3658959723,2358529,2352776,4294961543,completed,-10
LoadAware,2639,3658959723,2358729,2352976,4294961543,completed,-10
LoadAware,2640,3658959723,2359115,2353362,4294961543,completed,-10
LoadAware,2641,3658959723,2359315,2353562,4294961543,completed,-10
LoadAware,2642,3658959723,2359516,2353764,4294961544,completed,-10
LoadAware,2643,3658959723,2359716,2353962,4294961542,completed,-10
LoadAware,2644,3658959723,2359918,2354166,4294961544,completed,-10
LoadAware,2645,3658959723,2360122,2354375,4294961549,completed,-10
LoadAware,2646,3658959723,2360322,2354568,4294961542,completed,-10
LoadAware,2647,3658959723,2360528,2354777,4294961545,completed,-10
LoadAware,2648,3658959723,2360728,2354975,4294961543,completed,-10
LoadAware,2649,3658959723,2361117,2355366,4294961545,completed,-10
LoadAware,2650,3658959723,2361317,2355563,4294961542,completed,-10
LoadAware,2651,3658959723,2361517,2355783,4294961562,completed,-10
LoadAware,2652,3658959723,2361717,2355963,4294961542,completed,-10
LoadAware,2653,3658959723,2361919,2356167,4294961544,completed,-10
LoadAware,2654,3658959723,2362123,2356371,4294961544,completed,-10
LoadAware,2655,3658959723,2362323,2356571,4294961544,completed,-10
LoadAware,2656,3658959723,2362527,2356775,4294961544,completed,-10
LoadAware,2657,3658959723,2362727,2356974,4294961543,completed,-10
LoadAware,2658,3658959723,2362927,2357365,4294961734,completed,-10
LoadAware,2659,3658959723,2363127,2357468,4294961637,completed,-10
LoadAware,2660,3658959723,2363327,2357574,4294961543,completed,-10
LoadAware,2661,3658959723,2363527,2357780,4294961549,completed,-10
LoadAware,2662,3658959723,2363727,2357974,4294961543,completed,-10
LoadAware,2663,3658959723,2363927,2358368,4294961737,completed,-10
LoadAware,2664,3658959723,2364128,2358471,4294961639,completed,-10
LoadAware,2665,3658959723,2364328,2358578,4294961546,completed,-10
LoadAware,2666,3658959723,2364528,2358776,4294961544,completed,-10
LoadAware,2667,3658959723,2364728,2358975,4294961543,completed,-10
LoadAware,2668,3658959723,2364928,2359174,4294961542,completed,-10
LoadAware,2669,3658959723,2365129,2359377,4294961544,completed,-10
LoadAware,2670,3658959723,2365329,2359575,4294961542,completed,-10
LoadAware,2671,3658959723,2365529,2359776,4294961543,completed,-10
LoadAware,2672,3658959723,2365729,2359975,4294961542,completed,-10
LoadAware,2673,3658959723,2365929,2360370,4294961737,completed,-11
LoadAware,2674,3658959723,2366129,2360476,4294961643,completed,-11
LoadAware,2675,3658959723,2366329,2360579,4294961546,completed,-11
LoadAware,2676,3658959723,2366529,2360775,4294961542,completed,-11
LoadAware,2677,3658959723,2366729,2360975,4294961542,completed,-11
LoadAware,2688,3037662008,2371132,2365376,4294961540,completed,-27
LoadAware,2689,3037662008,2371332,2365771,4294961735,completed,-27
LoadAware,2690,3037662008,2371537,2365874,4294961633,completed,-27
LoadAware,2678,3658959723,2366929,2361175,4294961542,completed,-11
LoadAware,2679,3658959723,2369327,2363769,4294961738,completed,-11
LoadAware,2691,3037662008,2371737,2365983,4294961542,completed,-27
LoadAware,2680,3658959723,2369527,2363871,4294961640,completed,-11
LoadAware,2681,3658959723,2369727,2364116,4294961685,completed,-10
LoadAware,2682,3658959723,2369927,2364391,4294961760,completed,-10
LoadAware,2683,3658959723,2370127,2364775,4294961944,completed,-10
LoadAware,2684,3658959723,2370327,2364942,4294961911,completed,-10
LoadAware,2685,3658959723,2370532,2365044,4294961808,completed,-10
LoadAware,2686,3658959723,2370732,2365216,4294961780,completed,-10
LoadAware,2687,3658959723,2370932,2365496,4294961860,completed,-10
LoadAware,2692,3658959723,2371937,2366185,4294961544,completed,-11
LoadAware,2693,3658959723,2372137,2366385,4294961544,completed,-11
LoadAware,2694,3658959723,2372536,2366784,4294961544,completed,-11
LoadAware,2695,3658959723,2372736,2366982,4294961542,completed,-11
LoadAware,2696,3658959723,2372936,2367184,4294961544,completed,-11
LoadAware,2697,3658959723,2373136,2367384,4294961544,completed,-11
LoadAware,2698,3658959723,2373336,2367778,4294961738,completed,-11
LoadAware,2699,3658959723,2373545,2367880,4294961631,completed,-11
LoadAware,2700,3658959723,2373745,2367992,4294961543,completed,-11
LoadAware,2701,3658959723,2373945,2368194,4294961545,completed,-11
LoadAware,2702,3658959723,2374145,2368392,4294961543,completed,-11
LoadAware,2703,3658959723,2374543,2368791,4294961544,completed,-11
LoadAware,2704,3658959723,2374743,2368989,4294961542,completed,-11
LoadAware,2705,3658959723,2374943,2369189,4294961542,completed,-11
LoadAware,2706,3658959723,2375143,2369390,4294961543,completed,-11
LoadAware,2707,3658959723,2375539,2369787,4294961544,completed,-11
LoadAware,2708,3658959723,2375739,2370010,4294961567,completed,-11
LoadAware,2709,3658959723,2375939,2370186,4294961543,completed,-10
LoadAware,2710,3658959723,2376139,2370387,4294961544,completed,-10
LoadAware,2711,3658959723,2376339,2370792,4294961749,completed,-10
LoadAware,2712,3658959723,2376543,2370900,4294961653,completed,-10
LoadAware,2713,3658959723,2376743,2371003,4294961556,completed,-10
LoadAware,2714,3658959723,2376943,2371189,4294961542,completed,-10
LoadAware,2715,3658959723,2377143,2371390,4294961543,completed,-10
LoadAware,2716,3658959723,2377542,2371822,4294961576,completed,-10
LoadAware,2717,3658959723,2377742,2371988,4294961542,completed,-10
LoadAware,2718,3658959723,2377942,2372188,4294961542,completed,-10
LoadAware,2719,3658959723,2378142,2372391,4294961545,completed,-10
LoadAware,2720,3658959723,2378342,2372782,4294961736,completed,-10
LoadAware,2721,3658959723,2378546,2372892,4294961642,completed,-10
LoadAware,2722,3658959723,2378746,2372995,4294961545,completed,-10
LoadAware,2723,3658959723,2378946,2373192,4294961542,completed,-10
LoadAware,2724,3658959723,2379146,2373393,4294961543,completed,-10
LoadAware,2725,3658959723,2379545,2373793,4294961544,completed,-10
LoadAware,2726,3658959723,2379745,2373991,4294961542,completed,-10
LoadAware,2727,3658959723,2379945,2374191,4294961542,completed,-10
LoadAware,2728,3658959723,2380145,2374392,4294961543,completed,-10
LoadAware,2729,3658959723,2380345,2374791,4294961742,completed,-10
LoadAware,2730,3658959723,2380549,2374899,4294961646,completed,-10
LoadAware,2731,3658959723,2380749,2375008,4294961555,completed,-10
LoadAware,2732,3658959723,2380949,2375195,4294961542,completed,-10
LoadAware,2733,3658959723,2381149,2375399,4294961546,completed,-10
LoadAware,2734,3658959723,2381547,2375817,4294961566,completed,-10
LoadAware,2735,3658959723,2381747,2375993,4294961542,completed,-10
LoadAware,2736,3658959723,2381947,2376193,4294961542,completed,-10
LoadAware,2737,3658959723,2382147,2376394,4294961543,completed,-10
LoadAware,2738,3658959723,2382347,2376787,4294961736,completed,-10
LoadAware,2739,3658959723,2382551,2376890,4294961635,completed,-10
LoadAware,2740,3658959723,2382751,2377000,4294961545,completed,-10
LoadAware,2741,3658959723,2382951,2377197,4294961542,completed,-10
LoadAware,2742,3658959723,2383151,2377398,4294961543,completed,-10
LoadAware,2743,3658959723,2383549,2377797,4294961544,completed,-10
LoadAware,2744,3658959723,2383749,2377996,4294961543,completed,-10
LoadAware,2745,3658959723,2383949,2378205,4294961552,completed,-10
LoadAware,2746,3658959723,2384149,2378396,4294961543,completed,-10
LoadAware,2747,3658959723,2384349,2378792,4294961739,completed,-10
LoadAware,2748,3658959723,2384556,2381003,4294963743,completed,-10
LoadAware,2749,3658959723,2386774,2381541,4294962063,completed,-10
LoadAware,2750,3658959723,2386979,2381650,4294961967,completed,-10
LoadAware,2751,3658959723,2387179,2381759,4294961876,completed,-10
LoadAware,2752,3658959723,2387379,2381862,4294961779,completed,-10
LoadAware,2753,3658959723,2387579,2381965,4294961682,completed,-10
LoadAware,2754,3658959723,2387976,2382224,4294961544,completed,-11
LoadAware,2755,3658959723,2388176,2382422,4294961542,completed,-11
LoadAware,2756,3658959723,2388376,2382623,4294961543,completed,-11
LoadAware,2757,3658959723,2388576,2382822,4294961542,completed,-11
LoadAware,2758,3658959723,2388776,2383024,4294961544,completed,-11
LoadAware,2759,3658959723,2388979,2383390,4294961707,completed,-11
LoadAware,2760,3658959723,2389179,2383499,4294961616,completed,-11
LoadAware,2761,3658959723,2389379,2383625,4294961542,completed,-11
LoadAware,2762,3658959723,2389579,2383826,4294961543,completed,-11
LoadAware,2763,3658959723,2389779,2384219,4294961736,completed,-10
LoadAware,2764,3658959723,2389980,2384328,4294961644,completed,-10
LoadAware,2765,3658959723,2390180,2384437,4294961553,completed,-10
LoadAware,2766,3658959723,2390380,2384626,4294961542,completed,-10
LoadAware,2767,3658959723,2390580,2384827,4294961543,completed,-10
LoadAware,2768,3658959723,2390781,2385221,4294961736,completed,-10
LoadAware,2769,3658959723,2390981,2385332,4294961647,completed,-10
LoadAware,2770,3658959723,2391181,2385441,4294961556,completed,-10
LoadAware,2771,3658959723,2391381,2385628,4294961543,completed,-10
LoadAware,2772,3658959723,2391581,2385828,4294961543,completed,-10
LoadAware,2773,3658959723,2391781,2386027,4294961542,completed,-10
LoadAware,2774,3658959723,2391984,2386233,4294961545,completed,-10
LoadAware,2775,3658959723,2392184,2386433,4294961545,completed,-10
LoadAware,2776,3658959723,2392384,2386632,4294961544,completed,-10
LoadAware,2777,3658959723,2392584,2386833,4294961545,completed,-10
LoadAware,2778,3658959723,2392784,2387264,4294961776,completed,-10
LoadAware,2779,3658959723,2392984,2387372,4294961684,completed,-10
LoadAware,2780,3658959723,2393184,2387491,4294961603,completed,-10
LoadAware,2781,3658959723,2393384,2387631,4294961543,completed,-10
LoadAware,2782,3658959723,2393584,2387831,4294961543,completed,-10
LoadAware,2783,3658959723,2393784,2388224,4294961736,completed,-9
LoadAware,2784,3658959723,2393985,2388327,4294961638,completed,-9
LoadAware,2785,3658959723,2394185,2388433,4294961544,completed,-9
LoadAware,2786,3658959723,2394385,2388631,4294961542,completed,-9
LoadAware,2787,3658959723,2394585,2388831,4294961542,completed,-9
LoadAware,2788,3658959723,2394785,2389225,4294961736,completed,-9
LoadAware,2789,3658959723,2394985,2389335,4294961646,completed,-9
LoadAware,2790,3658959723,2395185,2389438,4294961549,completed,-9
LoadAware,2791,3658959723,2395385,2389633,4294961544,completed,-9
LoadAware,2792,3658959723,2395585,2389832,4294961543,completed,-9
LoadAware,2793,3658959723,2395785,2390031,4294961542,completed,-9
LoadAware,2794,3658959723,2395987,2390240,4294961549,completed,-12
LoadAware,2795,3658959723,2396187,2390434,4294961543,completed,-12
LoadAware,2796,3658959723,2396387,2390633,4294961542,completed,-12
LoadAware,2797,3658959723,2396587,2390834,4294961543,completed,-12
LoadAware,2798,3658959723,2396787,2391227,4294961736,completed,-12
LoadAware,2799,3658959723,2396987,2391338,4294961647,completed,-12
LoadAware,2800,3658959723,2397187,2391441,4294961550,completed,-12
LoadAware,2801,3658959723,2397387,2391634,4294961543,completed,-12
LoadAware,2802,3658959723,2397587,2391833,4294961542,completed,-12
LoadAware,2803,3658959723,2397787,2392033,4294961542,completed,-12
LoadAware,2804,3658959723,2397991,2392240,4294961545,completed,-11
LoadAware,2805,3658959723,2398191,2392439,4294961544,completed,-11
LoadAware,2806,3658959723,2398391,2392637,4294961542,completed,-11
LoadAware,2807,3658959723,2398591,2392837,4294961542,completed,-11
LoadAware,2808,3658959723,2398791,2393264,4294961769,completed,-11
LoadAware,2809,3658959723,2398991,2393373,4294961678,completed,-11
LoadAware,2810,3658959723,2399191,2393476,4294961581,completed,-11
LoadAware,2811,3658959723,2399391,2393637,4294961542,completed,-11
LoadAware,2812,3658959723,2399591,2393838,4294961543,completed,-11
LoadAware,2813,3658959723,2399791,2394232,4294961737,completed,-11
LoadAware,2814,3658959723,2399991,2394338,4294961643,completed,-11
LoadAware,2815,3658959723,2400191,2394441,4294961546,completed,-11
LoadAware,2816,3658959723,2400391,2394638,4294961543,completed,-11
LoadAware,2817,3658959723,2400591,2394837,4294961542,completed,-11
LoadAware,2818,3658959723,2400791,2395232,4294961737,completed,-11
LoadAware,2819,3658959723,2400991,2395338,4294961643,completed,-11
LoadAware,2820,3658959723,2401191,2395441,4294961546,completed,-11
LoadAware,2821,3658959723,2401391,2395637,4294961542,completed,-11
LoadAware,2822,3658959723,2401591,2395839,4294961544,completed,-11
LoadAware,2823,3658959723,2401791,2396039,4294961544,completed,-11
LoadAware,2824,3658959723,2401991,2398426,4294963731,completed,-11
LoadAware,2825,3658959723,2404195,2398637,4294961738,completed,-11
LoadAware,2826,3658959723,2404397,2399063,4294961962,completed,-11
LoadAware,2827,3658959723,2404597,2399341,4294962040,completed,-11
LoadAware,2828,3658959723,2404797,2399444,4294961943,completed,-11
LoadAware,2829,3658959723,2404997,2399546,4294961845,completed,-11
LoadAware,2830,3658959723,2405197,2399649,4294961748,completed,-11
LoadAware,2831,3658959723,2405399,2399752,4294961649,completed,-11
LoadAware,2832,3658959723,2405599,2399854,4294961551,completed,-11
LoadAware,2833,3658959723,2405799,2400045,4294961542,completed,-11
LoadAware,2834,3658959723,2405999,2400245,4294961542,completed,-10
LoadAware,2835,3658959723,2406199,2400639,4294961736,completed,-10
LoadAware,2836,3658959723,2406399,2400890,4294961787,completed,-10
LoadAware,2837,3658959723,2406599,2400993,4294961690,completed,-10
LoadAware,2838,3658959723,2406799,2401096,4294961593,completed,-10
LoadAware,2839,3658959723,2406999,2401245,4294961542,completed,-10
LoadAware,2840,3658959723,2407199,2401445,4294961542,completed,-10
LoadAware,2841,3658959723,2407399,2401649,4294961546,completed,-10
LoadAware,2842,3658959723,2407599,2401845,4294961542,completed,-10
LoadAware,2843,3658959723,2407799,2402045,4294961542,completed,-10
LoadAware,2844,3658959723,2407999,2402245,4294961542,completed,-10
LoadAware,2845,3658959723,2408199,2402445,4294961542,completed,-10
LoadAware,2846,3658959723,2408403,2402658,4294961551,completed,-10
LoadAware,2847,3658959723,2408603,2402849,4294961542,completed,-10
LoadAware,2848,3658959723,2408803,2403049,4294961542,completed,-10
LoadAware,2849,3658959723,2409003,2403249,4294961542,completed,-10
LoadAware,2850,3658959723,2409203,2403644,4294961737,completed,-10
LoadAware,2851,3658959723,2409404,2403747,4294961639,completed,-10
LoadAware,2852,3658959723,2409604,2403869,4294961561,completed,-10
LoadAware,2853,3658959723,2409804,2404050,4294961542,completed,-10
LoadAware,2854,3658959723,2410004,2404251,4294961543,completed,-10
LoadAware,2855,3658959723,2410205,2404649,4294961740,completed,-10
LoadAware,2856,3658959723,2410405,2404752,4294961643,completed,-10
LoadAware,2857,3658959723,2410605,2404855,4294961546,completed,-10
LoadAware,2858,3658959723,2410805,2405051,4294961542,completed,-10
LoadAware,2859,3658959723,2411005,2405252,4294961543,completed,-10
LoadAware,2860,3658959723,2411205,2405451,4294961542,completed,-10
LoadAware,2861,3658959723,2411405,2405654,4294961545,completed,-10
LoadAware,2862,3658959723,2411605,2405852,4294961543,completed,-10
LoadAware,2863,3658959723,2411805,2406052,4294961543,completed,-10
LoadAware,2864,3658959723,2412005,2406253,4294961544,completed,-10
LoadAware,2865,3658959723,2412207,2406646,4294961735,completed,-10
LoadAware,2866,3658959723,2412407,2406756,4294961645,completed,-10
LoadAware,2867,3658959723,2412607,2406859,4294961548,completed,-10
LoadAware,2868,3658959723,2412807,2407054,4294961543,completed,-10
LoadAware,2869,3658959723,2413007,2407253,4294961542,completed,-10
LoadAware,2870,3658959723,2413207,2407455,4294961544,completed,-10
LoadAware,2871,3658959723,2413408,2407657,4294961545,completed,-10
LoadAware,2872,3658959723,2413608,2407855,4294961543,completed,-10
LoadAware,2873,3658959723,2413808,2408055,4294961543,completed,-10
LoadAware,2874,3658959723,2414008,2408255,4294961543,completed,-11
LoadAware,2875,3658959723,2414208,2408650,4294961738,completed,-11
LoadAware,2876,3658959723,2414408,2408762,4294961650,completed,-11
LoadAware,2877,3658959723,2414608,2408865,4294961553,completed,-11
LoadAware,2878,3658959723,2414808,2409054,4294961542,completed,-11
LoadAware,2879,3658959723,2415008,2409254,4294961542,completed,-11
LoadAware,2880,3658959723,2415208,2409455,4294961543,completed,-11
LoadAware,2881,3658959723,2415410,2409659,4294961545,completed,-11
LoadAware,2882,3658959723,2415610,2409858,4294961544,completed,-11
LoadAware,2883,3658959723,2415810,2410056,4294961542,completed,-11
LoadAware,2884,3658959723,2416010,2410258,4294961544,completed,-10
LoadAware,2885,3658959723,2416210,2410457,4294961543,completed,-10
LoadAware,2886,3658959723,2416414,2410663,4294961545,completed,-10
LoadAware,2887,3658959723,2416614,2410860,4294961542,completed,-10
LoadAware,2888,3658959723,2416814,2411061,4294961543,completed,-10
LoadAware,2889,3658959723,2417014,2411260,4294961542,completed,-10
LoadAware,2890,3658959723,2417214,2411461,4294961543,completed,-10
LoadAware,2891,3658959723,2417415,2411665,4294961546,completed,-10
LoadAware,2892,3658959723,2417615,2411862,4294961543,completed,-10
LoadAware,2893,3658959723,2417815,2412062,4294961543,completed,-10
LoadAware,2894,3658959723,2418015,2412265,4294961546,completed,-10
LoadAware,2895,3658959723,2418215,2412657,4294961738,completed,-10
LoadAware,2896,3658959723,2418415,2412760,4294961641,completed,-10
LoadAware,2897,3658959723,2418615,2412874,4294961555,completed,-10
LoadAware,2898,3658959723,2418815,2413061,4294961542,completed,-10
LoadAware,2899,3658959723,2419015,2413261,4294961542,completed,-10
LoadAware,2909,3037662008,2423018,2417262,4294961540,completed,-25
LoadAware,2910,3037662008,2423218,2417462,4294961540,completed,-25
LoadAware,2911,3037662008,2423418,2417662,4294961540,completed,-25
LoadAware,2912,3037662008,2423618,2417863,4294961541,completed,-25
LoadAware,2900,3658959723,2419215,2413463,4294961544,completed,-10
LoadAware,2901,3658959723,2419415,2413662,4294961543,completed,-10
LoadAware,2913,3037662008,2423821,2418190,4294961665,completed,-28
LoadAware,2914,3037662008,2424021,2418293,4294961568,completed,-28
LoadAware,2902,3658959723,2421618,2416058,4294961736,completed,-11
LoadAware,2903,3658959723,2421818,2416466,4294961944,completed,-10
LoadAware,2904,3658959723,2422018,2416741,4294962019,completed,-10
LoadAware,2905,3658959723,2422218,2416843,4294961921,completed,-10
LoadAware,2906,3658959723,2422418,2417059,4294961937,completed,-10
LoadAware,2907,3658959723,2422618,2417286,4294961964,completed,-10
LoadAware,2908,3658959723,2422818,2417562,4294962040,completed,-10
LoadAware,2915,3658959723,2424221,2418469,4294961544,completed,-10
LoadAware,2916,3658959723,2424421,2418669,4294961544,completed,-10
LoadAware,2917,3658959723,2424621,2419063,4294961738,completed,-10
LoadAware,2918,3658959723,2424821,2419170,4294961645,completed,-10
LoadAware,2919,3658959723,2425021,2419272,4294961547,completed,-10
LoadAware,2920,3658959723,2425221,2419469,4294961544,completed,-10
LoadAware,2921,3658959723,2425421,2419668,4294961543,completed,-10
LoadAware,2922,3658959723,2425621,2419875,4294961550,completed,-10
LoadAware,2923,3658959723,2425825,2420075,4294961546,completed,-10
LoadAware,2924,3658959723,2426025,2420274,4294961545,completed,-10
LoadAware,2925,3658959723,2426225,2420473,4294961544,completed,-10
LoadAware,2926,3658959723,2426425,2420672,4294961543,completed,-10
LoadAware,2927,3658959723,2426625,2421064,4294961735,completed,-10
LoadAware,2928,3658959723,2426825,2421167,4294961638,completed,-10
LoadAware,2929,3658959723,2427025,2421273,4294961544,completed,-10
LoadAware,2930,3658959723,2427225,2421472,4294961543,completed,-10
LoadAware,2931,3658959723,2427425,2421681,4294961552,completed,-10
LoadAware,2932,3658959723,2427627,2422067,4294961736,completed,-10
LoadAware,2933,3658959723,2427827,2422170,4294961639,completed,-11
LoadAware,2934,3658959723,2428027,2422276,4294961545,completed,-11
LoadAware,2935,3658959723,2428227,2422474,4294961543,completed,-11
LoadAware,2936,3658959723,2428427,2422674,4294961543,completed,-11
LoadAware,2937,3658959723,2428627,2423066,4294961735,completed,-11
LoadAware,2938,3658959723,2428827,2423169,4294961638,completed,-11
LoadAware,2939,3658959723,2429027,2423275,4294961544,completed,-11
LoadAware,2940,3658959723,2429227,2423473,4294961542,completed,-11
LoadAware,2941,3658959723,2429427,2423673,4294961542,completed,-11
LoadAware,2942,3658959723,2429628,2424068,4294961736,completed,-11
LoadAware,2943,3658959723,2429828,2424176,4294961644,completed,-11
LoadAware,2944,3658959723,2430028,2424279,4294961547,completed,-11
LoadAware,2945,3658959723,2430228,2424475,4294961543,completed,-11
LoadAware,2946,3658959723,2430428,2424675,4294961543,completed,-11
LoadAware,2947,3658959723,2430628,2424875,4294961543,completed,-11
LoadAware,2948,3658959723,2430829,2425078,4294961545,completed,-11
LoadAware,2949,3658959723,2431029,2425276,4294961543,completed,-11
LoadAware,2950,3658959723,2431229,2425476,4294961543,completed,-11
LoadAware,2951,3658959723,2431429,2425676,4294961543,completed,-11
LoadAware,2952,3658959723,2431629,2426089,4294961756,completed,-11
LoadAware,2953,3658959723,2431829,2426200,4294961667,completed,-10
LoadAware,2954,3658959723,2432029,2426303,4294961570,completed,-10
LoadAware,2955,3658959723,2432229,2426476,4294961543,completed,-10
LoadAware,2956,3658959723,2432429,2426676,4294961543,completed,-10
LoadAware,2957,3658959723,2432629,2426876,4294961543,completed,-10
LoadAware,2958,3658959723,2432830,2427080,4294961546,completed,-10
LoadAware,2959,3658959723,2433030,2427277,4294961543,completed,-10
LoadAware,2960,3658959723,2433230,2427477,4294961543,completed,-10
LoadAware,2961,3658959723,2433430,2427677,4294961543,completed,-10
LoadAware,2962,3658959723,2433630,2428072,4294961738,completed,-10
LoadAware,2963,3658959723,2433830,2428181,4294961647,completed,-10
LoadAware,2964,3658959723,2434030,2428283,4294961549,completed,-10
LoadAware,2965,3658959723,2434230,2428476,4294961542,completed,-10
LoadAware,2966,3658959723,2434430,2428676,4294961542,completed,-10
LoadAware,2967,3658959723,2434630,2428877,4294961543,completed,-10
LoadAware,2968,3658959723,2434832,2429082,4294961546,completed,-10
LoadAware,2969,3658959723,2435032,2429279,4294961543,completed,-10
LoadAware,2970,3658959723,2435232,2429478,4294961542,completed,-10
LoadAware,2971,3658959723,2435432,2429678,4294961542,completed,-10
LoadAware,2972,3658959723,2435632,2430074,4294961738,completed,-10
LoadAware,2973,3658959723,2435832,2430186,4294961650,completed,-11
LoadAware,2974,3658959723,2436032,2430289,4294961553,completed,-11
LoadAware,2975,3658959723,2436232,2430479,4294961543,completed,-11
LoadAware,2976,3658959723,2436432,2430678,4294961542,completed,-11
LoadAware,2977,3658959723,2436632,2430879,4294961543,completed,-11
LoadAware,2978,3658959723,2439026,2433469,4294961739,completed,-10
LoadAware,2979,3658959723,2439231,2433637,4294961702,completed,-10
LoadAware,2980,3658959723,2439431,2433911,4294961776,completed,-10
LoadAware,2981,3658959723,2439631,2434186,4294961851,completed,-10
LoadAware,2982,3658959723,2439831,2434469,4294961934,completed,-10
LoadAware,2983,3658959723,2440225,2434571,4294961642,completed,-10
LoadAware,2984,3658959723,2440425,2434711,4294961582,completed,-10
LoadAware,2985,3658959723,2440625,2434986,4294961657,completed,-10
LoadAware,2986,3658959723,2440825,2435238,4294961709,completed,-10
LoadAware,2987,3658959723,2441025,2435340,4294961611,completed,-10
LoadAware,2988,3658959723,2441230,2435480,4294961546,completed,-10
LoadAware,2989,3658959723,2441430,2435680,4294961546,completed,-10
LoadAware,2990,3658959723,2441630,2435880,4294961546,completed,-10
LoadAware,2991,3658959723,2441830,2436078,4294961544,completed,-10
LoadAware,2992,3658959723,2442030,2436278,4294961544,completed,-11
LoadAware,2993,3658959723,2442233,2436485,4294961548,completed,-11
LoadAware,2994,3658959723,2442433,2436681,4294961544,completed,-11
LoadAware,2995,3658959723,2442633,2436881,4294961544,completed,-11
LoadAware,2996,3658959723,2442833,2437080,4294961543,completed,-11
LoadAware,2997,3658959723,2443033,2437280,4294961543,completed,-11
LoadAware,2998,3658959723,2443237,2437511,4294961570,completed,-11
LoadAware,2999,3658959723,2443437,2437684,4294961543,completed,-11
LoadAware,3000,3658959723,2443637,2437884,4294961543,completed,-11
LoadAware,3001,3658959723,2443837,2438084,4294961543,completed,-11
LoadAware,3002,3658959723,2444037,2438476,4294961735,completed,-10
LoadAware,3003,3658959723,2444237,2438579,4294961638,completed,-10
LoadAware,3004,3658959723,2444437,2438688,4294961547,completed,-10
LoadAware,3005,3658959723,2444637,2438884,4294961543,completed,-10
LoadAware,3006,3658959723,2444837,2439083,4294961542,completed,-10
LoadAware,3007,3658959723,2445037,2439284,4294961543,completed,-10
LoadAware,3008,3658959723,2445239,2439561,4294961618,completed,-10
LoadAware,3009,3658959723,2445439,2439686,4294961543,completed,-10
LoadAware,3010,3658959723,2445639,2439886,4294961543,completed,-10
LoadAware,3011,3658959723,2445839,2440086,4294961543,completed,-10
LoadAware,3012,3658959723,2446039,2440287,4294961544,completed,-10
LoadAware,3013,3658959723,2446239,2440489,4294961546,completed,-10
LoadAware,3014,3658959723,2446439,2440686,4294961543,completed,-10
LoadAware,3015,3658959723,2446639,2440916,4294961573,completed,-10
LoadAware,3016,3658959723,2446839,2441085,4294961542,completed,-10
LoadAware,3017,3658959723,2447039,2441286,4294961543,completed,-10
LoadAware,3018,3658959723,2447243,2441491,4294961544,completed,-10
LoadAware,3019,3658959723,2447443,2441690,4294961543,completed,-10
LoadAware,3020,3658959723,2447643,2441890,4294961543,completed,-10
LoadAware,3021,3658959723,2447843,2442089,4294961542,completed,-10
LoadAware,3022,3658959723,2448043,2442484,4294961737,completed,-11
LoadAware,3023,3658959723,2448244,2442587,4294961639,completed,-11
LoadAware,3024,3658959723,2448444,2442693,4294961545,completed,-11
LoadAware,3025,3658959723,2448644,2442890,4294961542,completed,-11
LoadAware,3026,3658959723,2448844,2443090,4294961542,completed,-11
LoadAware,3027,3658959723,2449045,2443485,4294961736,completed,-11
LoadAware,3028,3658959723,2449245,2443588,4294961639,completed,-11
LoadAware,3029,3658959723,2449445,2443694,4294961545,completed,-11
LoadAware,3030,3658959723,2449645,2443892,4294961543,completed,-11
LoadAware,3031,3658959723,2449845,2444092,4294961543,completed,-11
LoadAware,3032,3658959723,2450045,2444483,4294961734,completed,-10
LoadAware,3033,3658959723,2450245,2444586,4294961637,completed,-10
LoadAware,3034,3658959723,2450445,2444693,4294961544,completed,-10
LoadAware,3035,3658959723,2450645,2444891,4294961542,completed,-10
LoadAware,3036,3658959723,2450845,2445092,4294961543,completed,-10
LoadAware,3037,3658959723,2451046,2445486,4294961736,completed,-10
LoadAware,3038,3658959723,2451246,2445594,4294961644,completed,-10
LoadAware,3039,3658959723,2451446,2445697,4294961547,completed,-10
LoadAware,3040,3658959723,2451646,2445893,4294961543,completed,-10
LoadAware,3041,3658959723,2451846,2446092,4294961542,completed,-10
LoadAware,3042,3658959723,2452046,2446292,4294961542,completed,-10
LoadAware,3043,3658959723,2452246,2446496,4294961546,completed,-10
LoadAware,3044,3658959723,2452446,2446693,4294961543,completed,-10
LoadAware,3045,3658959723,2452646,2446893,4294961543,completed,-10
LoadAware,3046,3658959723,2452846,2447092,4294961542,completed,-10
LoadAware,3047,3658959723,2453046,2447488,4294961738,completed,-10
LoadAware,3048,3658959723,2453246,2447597,4294961647,completed,-10
LoadAware,3049,3658959723,2453446,2447707,4294961557,completed,-10
LoadAware,3050,3658959723,2453646,2447893,4294961543,completed,-10
LoadAware,3051,3658959723,2453846,2448092,4294961542,completed,-10
LoadAware,3052,3658959723,2454046,2448292,4294961542,completed,-9
LoadAware,3053,3658959723,2456443,2450886,4294961739,completed,-10
LoadAware,3054,3658959723,2456646,2451260,4294961910,completed,-10
LoadAware,3055,3658959723,2456846,2451369,4294961819,completed,-10
LoadAware,3056,3658959723,2457046,2451472,4294961722,completed,-10
LoadAware,3057,3658959723,2457246,2451575,4294961625,completed,-10
LoadAware,3058,3658959723,2457446,2451886,4294961736,completed,-10
LoadAware,3059,3658959723,2457650,2451998,4294961644,completed,-10
LoadAware,3060,3658959723,2457850,2452100,4294961546,completed,-10
LoadAware,3061,3658959723,2458050,2452299,4294961545,completed,-11
LoadAware,3062,3658959723,2458250,2452497,4294961543,completed,-11
LoadAware,3063,3658959723,2458650,2452938,4294961584,completed,-11
LoadAware,3064,3658959723,2458850,2453098,4294961544,completed,-11
LoadAware,3065,3658959723,2459050,2453297,4294961543,completed,-11
LoadAware,3066,3658959723,2459250,2453496,4294961542,completed,-11
LoadAware,3067,3658959723,2459450,2453890,4294961736,completed,-11
LoadAware,3068,3658959723,2459650,2453998,4294961644,completed,-11
LoadAware,3069,3658959723,2459850,2454100,4294961546,completed,-11
LoadAware,3070,3658959723,2460050,2454298,4294961544,completed,-11
LoadAware,3071,3658959723,2460250,2454496,4294961542,completed,-11
LoadAware,SUMMARY,ALL,0,0,120000,batch_complete,0
----------------,---,---,---,---,---,----------------,---
LoadAware,3072,3658959723,2460450,2456203,4294963049,completed,-10
LoadAware,3073,3658959723,2460653,2456306,4294962949,completed,-10
LoadAware,3074,3658959723,2469434,2463683,4294961545,completed,-10
LoadAware,3075,3658959723,2469666,2463915,4294961545,completed,-10
LoadAware,3076,3658959723,2469866,2464112,4294961542,completed,-10
LoadAware,3077,3658959723,2470066,2464313,4294961543,completed,-9
LoadAware,3078,3658959723,2470266,2464512,4294961542,completed,-9
LoadAware,3079,3658959723,2470663,2468105,4294964738,completed,-9
LoadAware,3080,3658959723,2470863,2468364,4294964797,completed,-9
LoadAware,3081,3658959723,2471063,2468466,4294964699,completed,-9
LoadAware,3082,3658959723,2471263,2468634,4294964667,completed,-9
LoadAware,3083,3658959723,2471463,2468909,4294964742,completed,-9
LoadAware,3084,3658959723,2471666,2469340,4294964970,completed,-9
LoadAware,3085,3658959723,2473873,2469442,4294962865,completed,-9
LoadAware,3086,3658959723,2474074,2469666,4294962888,completed,-9
LoadAware,3087,3658959723,2474274,2469768,4294962790,completed,-9
LoadAware,3088,3658959723,2474474,2469871,4294962693,completed,-9
LoadAware,3089,3658959723,2474674,2469974,4294962596,completed,-9
LoadAware,3090,3658959723,2474874,2470076,4294962498,completed,-9
LoadAware,3091,3658959723,2475074,2470179,4294962401,completed,-10
LoadAware,3092,3658959723,2475274,2470280,4294962302,completed,-10
LoadAware,3093,3658959723,2475474,2470383,4294962205,completed,-10
LoadAware,3097,3037662008,2476282,2470527,4294961541,completed,-26
LoadAware,3098,3037662008,2476482,2470728,4294961542,completed,-26
LoadAware,3094,3658959723,2475674,2470485,4294962107,completed,-10
LoadAware,3099,3037662008,2476682,2470931,4294961545,completed,-26
LoadAware,3095,3658959723,2475874,2470587,4294962009,completed,-10
LoadAware,3100,3037662008,2477073,2471320,4294961543,completed,-26
LoadAware,3096,3658959723,2476082,2470689,4294961903,completed,-10
LoadAware,3101,3037662008,2477273,2471518,4294961541,completed,-26
LoadAware,3102,3037662008,2477473,2471718,4294961541,completed,-26
LoadAware,3103,3037662008,2477673,2471917,4294961540,completed,-26
LoadAware,3104,3037662008,2477873,2472118,4294961541,completed,-27
LoadAware,3105,3658959723,2478082,2472330,4294961544,completed,-10
LoadAware,3106,3658959723,2478282,2472530,4294961544,completed,-10
LoadAware,3107,3658959723,2478482,2472728,4294961542,completed,-10
LoadAware,3108,3658959723,2478682,2472929,4294961543,completed,-10
LoadAware,3109,3658959723,2479073,2473321,4294961544,completed,-10
LoadAware,3110,3658959723,2479273,2473521,4294961544,completed,-10
LoadAware,3111,3658959723,2479473,2473720,4294961543,completed,-10
LoadAware,3112,3658959723,2479673,2473920,4294961543,completed,-10
LoadAware,3113,3658959723,2479873,2474119,4294961542,completed,-10
LoadAware,3114,3658959723,2480084,2474409,4294961621,completed,-10
LoadAware,3115,3658959723,2480284,2474531,4294961543,completed,-10
LoadAware,3116,3658959723,2480484,2474732,4294961544,completed,-10
LoadAware,3117,3658959723,2480684,2474931,4294961543,completed,-10
LoadAware,3118,3658959723,2481074,2475322,4294961544,completed,-10
LoadAware,3119,3658959723,2481274,2475522,4294961544,completed,-10
LoadAware,3120,3658959723,2481474,2475721,4294961543,completed,-10
LoadAware,3121,3658959723,2481674,2475921,4294961543,completed,-10
LoadAware,3122,3658959723,2481874,2476122,4294961544,completed,-10
LoadAware,3123,3658959723,2482085,2476484,4294961695,completed,-10
LoadAware,3124,3658959723,2482285,2476587,4294961598,completed,-10
LoadAware,3125,3658959723,2482485,2476732,4294961543,completed,-10
LoadAware,3126,3658959723,2482685,2476931,4294961542,completed,-10
LoadAware,3127,3658959723,2482885,2477323,4294961734,completed,-10
LoadAware,3128,3658959723,2483085,2477433,4294961644,completed,-10
LoadAware,3129,3658959723,2483285,2477535,4294961546,completed,-10
LoadAware,3130,3658959723,2483485,2477732,4294961543,completed,-10
LoadAware,3131,3658959723,2483685,2477932,4294961543,completed,-10
LoadAware,3132,3658959723,2483885,2478329,4294961740,completed,-10
LoadAware,3133,3658959723,2484089,2478432,4294961639,completed,-10
LoadAware,3134,3658959723,2484289,2478538,4294961545,completed,-10
LoadAware,3135,3658959723,2484489,2478736,4294961543,completed,-10
LoadAware,3136,3658959723,2484689,2478936,4294961543,completed,-10
LoadAware,3137,3658959723,2484889,2479330,4294961737,completed,-10
LoadAware,3138,3658959723,2485089,2479436,4294961643,completed,-10
LoadAware,3139,3658959723,2485289,2479539,4294961546,completed,-10
LoadAware,3140,3658959723,2485489,2479736,4294961543,completed,-10
LoadAware,3141,3658959723,2485689,2479935,4294961542,completed,-10
LoadAware,3142,3658959723,2485889,2480135,4294961542,completed,-10
LoadAware,3143,3658959723,2486092,2480339,4294961543,completed,-11
LoadAware,3144,3658959723,2486292,2480539,4294961543,completed,-11
LoadAware,3145,3658959723,2486492,2480739,4294961543,completed,-11
LoadAware,3146,3658959723,2486692,2480942,4294961546,completed,-11
LoadAware,3147,3658959723,2486892,2481332,4294961736,completed,-11
LoadAware,3148,3658959723,2487092,2481434,4294961638,completed,-11
LoadAware,3149,3658959723,2487292,2481540,4294961544,completed,-11
LoadAware,3150,3658959723,2487492,2481739,4294961543,completed,-11
LoadAware,3151,3658959723,2487692,2481940,4294961544,completed,-11
LoadAware,3152,3658959723,2487892,2482333,4294961737,completed,-11
LoadAware,3153,3658959723,2488093,2482436,4294961639,completed,-11
LoadAware,3154,3658959723,2488293,2482543,4294961546,completed,-11
LoadAware,3155,3658959723,2488493,2482740,4294961543,completed,-11
LoadAware,3156,3658959723,2488693,2482940,4294961543,completed,-11
LoadAware,3157,3658959723,2488893,2483335,4294961738,completed,-11
LoadAware,3158,3658959723,2491292,2485732,4294961736,completed,-11
LoadAware,3159,3658959723,2491493,2485840,4294961643,completed,-11
LoadAware,3160,3658959723,2491693,2485943,4294961546,completed,-11
LoadAware,3161,3658959723,2491893,2486140,4294961543,completed,-11
LoadAware,3162,3658959723,2492093,2486340,4294961543,completed,-10
LoadAware,3163,3658959723,2492293,2486540,4294961543,completed,-10
LoadAware,3164,3658959723,2492493,2486743,4294961546,completed,-10
LoadAware,3165,3658959723,2492693,2486940,4294961543,completed,-10
LoadAware,3166,3658959723,2492893,2487140,4294961543,completed,-10
LoadAware,3167,3658959723,2493093,2487339,4294961542,completed,-10
LoadAware,3168,3658959723,2493293,2487540,4294961543,completed,-10
LoadAware,3169,3658959723,2493495,2487744,4294961545,completed,-10
LoadAware,3170,3658959723,2493695,2487942,4294961543,completed,-10
LoadAware,3171,3658959723,2493895,2488142,4294961543,completed,-10
LoadAware,3172,3658959723,2494095,2488342,4294961543,completed,-10
LoadAware,3173,3658959723,2494295,2488543,4294961544,completed,-10
LoadAware,3174,3658959723,2494495,2488746,4294961547,completed,-10
LoadAware,3175,3658959723,2494695,2488942,4294961543,completed,-10
LoadAware,3176,3658959723,2494895,2489142,4294961543,completed,-10
LoadAware,3177,3658959723,2495095,2489343,4294961544,completed,-10
LoadAware,3178,3658959723,2495295,2489543,4294961544,completed,-10
LoadAware,3179,3658959723,2495497,2489932,4294961731,completed,-10
LoadAware,3180,3658959723,2495697,2490041,4294961640,completed,-10
LoadAware,3181,3658959723,2495897,2490157,4294961556,completed,-10
LoadAware,3182,3658959723,2496097,2490344,4294961543,completed,-10
LoadAware,3183,3658959723,2496297,2490544,4294961543,completed,-10
LoadAware,3184,3658959723,2496497,2490747,4294961546,completed,-10
LoadAware,3185,3658959723,2496697,2490944,4294961543,completed,-10
LoadAware,3186,3658959723,2496897,2491144,4294961543,completed,-10
LoadAware,3187,3658959723,2497097,2491345,4294961544,completed,-10
LoadAware,3188,3658959723,2497297,2491544,4294961543,completed,-10
LoadAware,3189,3658959723,2497499,2491765,4294961562,completed,-10
LoadAware,3190,3658959723,2497699,2491945,4294961542,completed,-10
LoadAware,3191,3658959723,2497899,2492147,4294961544,completed,-10
LoadAware,3192,3658959723,2498099,2492346,4294961543,completed,-9
LoadAware,3193,3658959723,2498299,2492546,4294961543,completed,-9
LoadAware,3194,3658959723,2498500,2492749,4294961545,completed,-9
LoadAware,3195,3658959723,2498700,2492947,4294961543,completed,-9
LoadAware,3196,3658959723,2498900,2493148,4294961544,completed,-9
LoadAware,3197,3658959723,2499100,2493347,4294961543,completed,-9
LoadAware,3198,3658959723,2499300,2493547,4294961543,completed,-9
LoadAware,3199,3658959723,2499503,2493907,4294961700,completed,-9
LoadAware,3200,3658959723,2499703,2494021,4294961614,completed,-9
LoadAware,3201,3658959723,2499903,2494150,4294961543,completed,-9
LoadAware,3202,3658959723,2500103,2494350,4294961543,completed,-10
LoadAware,3203,3658959723,2500303,2494550,4294961543,completed,-10
LoadAware,3204,3658959723,2500504,2494756,4294961548,completed,-10
LoadAware,3205,3658959723,2500704,2494952,4294961544,completed,-10
LoadAware,3206,3658959723,2500904,2495150,4294961542,completed,-10
LoadAware,3207,3658959723,2501104,2495353,4294961545,completed,-10
LoadAware,3208,3658959723,2501306,2495757,4294961747,completed,-10
LoadAware,3209,3658959723,2501506,2495867,4294961657,completed,-10
LoadAware,3210,3658959723,2501706,2495970,4294961560,completed,-10
LoadAware,3211,3658959723,2501906,2496153,4294961543,completed,-10
LoadAware,3212,3658959723,2502106,2496353,4294961543,completed,-10
LoadAware,3213,3658959723,2502306,2496744,4294961734,completed,-10
LoadAware,3214,3658959723,2502506,2496847,4294961637,completed,-10
LoadAware,3215,3658959723,2502706,2496955,4294961545,completed,-10
LoadAware,3216,3658959723,2502906,2497153,4294961543,completed,-10
LoadAware,3217,3658959723,2503106,2497354,4294961544,completed,-10
LoadAware,3218,3658959723,2503306,2497748,4294961738,completed,-10
LoadAware,3219,3658959723,2503506,2497853,4294961643,completed,-10
LoadAware,3220,3658959723,2503706,2497956,4294961546,completed,-10
LoadAware,3221,3658959723,2503906,2498153,4294961543,completed,-10
LoadAware,3222,3658959723,2504106,2498354,4294961544,completed,-10
LoadAware,3223,3658959723,2504306,2498553,4294961543,completed,-10
LoadAware,3224,3658959723,2504507,2498758,4294961547,completed,-10
LoadAware,3225,3658959723,2504707,2498954,4294961543,completed,-10
LoadAware,3226,3658959723,2504907,2499154,4294961543,completed,-10
LoadAware,3227,3658959723,2505107,2499353,4294961542,completed,-10
LoadAware,3228,3658959723,2505308,2499555,4294961543,completed,-10
LoadAware,3229,3658959723,2505509,2499758,4294961545,completed,-10
LoadAware,3230,3658959723,2505709,2499956,4294961543,completed,-10
LoadAware,3231,3658959723,2505909,2500156,4294961543,completed,-10
LoadAware,3232,3658959723,2506109,2500358,4294961545,completed,-10
LoadAware,3233,0,2506309,0,0,lost,0
LoadAware,3234,3658959723,2508706,2503147,4294961737,completed,-18
LoadAware,3235,3658959723,2508914,2503533,4294961915,completed,-18
LoadAware,3236,3658959723,2509114,2503635,4294961817,completed,-18
LoadAware,3237,3658959723,2509314,2503807,4294961789,completed,-18
LoadAware,3238,3658959723,2509517,2504148,4294961927,completed,-18
LoadAware,3239,3658959723,2509905,2504332,4294961723,completed,-11
LoadAware,3240,3658959723,2510105,2504609,4294961800,completed,-11
LoadAware,3241,3658959723,2510305,2504711,4294961702,completed,-11
LoadAware,3242,3658959723,2510505,2504882,4294961673,completed,-11
LoadAware,3243,3658959723,2510705,2505157,4294961748,completed,-11
LoadAware,3244,3658959723,2510905,2505708,4294962099,completed,-11
LoadAware,3245,3658959723,2511105,2505810,4294962001,completed,-11
LoadAware,3254,3658959723,2512917,2507165,4294961544,completed,-10
LoadAware,3255,3658959723,2513117,2507366,4294961545,completed,-10
LoadAware,3256,3658959723,2513317,2507565,4294961544,completed,-10
LoadAware,3257,3658959723,2513518,2507768,4294961546,completed,-10
LoadAware,3258,3658959723,2513718,2508159,4294961737,completed,-10
LoadAware,3259,3658959723,2513921,2508262,4294961637,completed,-11
LoadAware,3260,3658959723,2514121,2508370,4294961545,completed,-11
LoadAware,3261,3658959723,2514321,2508569,4294961544,completed,-11
LoadAware,3262,3658959723,2514525,2508794,4294961565,completed,-11
LoadAware,3263,3658959723,2514919,2509169,4294961546,completed,-11
LoadAware,3264,3658959723,2515119,2509368,4294961545,completed,-11
LoadAware,3265,3658959723,2515319,2509568,4294961545,completed,-11
LoadAware,3266,3658959723,2515521,2509770,4294961545,completed,-11
LoadAware,3267,3658959723,2515721,2510166,4294961741,completed,-11
LoadAware,3268,3658959723,2515921,2510270,4294961645,completed,-11
LoadAware,3269,3658959723,2516121,2510372,4294961547,completed,-11
LoadAware,3246,3658959723,2516306,2510554,4294961544,completed,-11
LoadAware,3270,3658959723,2516321,2510657,4294961632,completed,-11
LoadAware,3247,3658959723,2516506,2510760,4294961550,completed,-11
LoadAware,3271,3658959723,2516521,2510863,4294961638,completed,-11
LoadAware,3248,3658959723,2516710,2510966,4294961552,completed,-11
LoadAware,3272,3658959723,2516721,2511164,4294961739,completed,-11
LoadAware,3273,3658959723,2516924,2511284,4294961656,completed,-11
LoadAware,3249,3658959723,2516926,2511387,4294961757,completed,-11
LoadAware,3250,3658959723,2517106,2511489,4294961679,completed,-11
LoadAware,3274,3658959723,2517124,2511592,4294961764,completed,-11
LoadAware,3251,3658959723,2517306,2511696,4294961686,completed,-11
LoadAware,3275,3658959723,2517324,2511799,4294961771,completed,-11
LoadAware,3252,3658959723,2517506,2511902,4294961692,completed,-11
LoadAware,3276,3658959723,2517524,2512005,4294961777,completed,-11
LoadAware,3253,3658959723,2517706,2512107,4294961697,completed,-11
LoadAware,3277,3658959723,2517724,2512209,4294961781,completed,-12
LoadAware,3278,3658959723,2517927,2512357,4294961726,completed,-12
LoadAware,3279,3658959723,2518127,2512459,4294961628,completed,-12
LoadAware,3280,3658959723,2518327,2512579,4294961548,completed,-12
LoadAware,3281,3658959723,2518527,2512791,4294961560,completed,-12
LoadAware,3282,3658959723,2518919,2513167,4294961544,completed,-12
LoadAware,3283,3658959723,2519119,2513366,4294961543,completed,-12
LoadAware,3284,3658959723,2519319,2513567,4294961544,completed,-12
LoadAware,3285,3658959723,2519519,2513770,4294961547,completed,-12
LoadAware,3286,3658959723,2519719,2513966,4294961543,completed,-12
LoadAware,3287,3658959723,2519924,2514176,4294961548,completed,-11
LoadAware,3288,3658959723,2520124,2514373,4294961545,completed,-11
LoadAware,3289,3658959723,2520324,2514572,4294961544,completed,-11
LoadAware,3290,3658959723,2520533,2514781,4294961544,completed,-11
LoadAware,3291,3658959723,2520921,2515206,4294961581,completed,-11
LoadAware,3292,3658959723,2521121,2515368,4294961543,completed,-11
LoadAware,3293,3658959723,2521321,2515568,4294961543,completed,-11
LoadAware,3294,3658959723,2521521,2515768,4294961543,completed,-11
LoadAware,3295,3658959723,2521721,2515968,4294961543,completed,-11
LoadAware,3296,3658959723,2521926,2516176,4294961546,completed,-10
LoadAware,3297,3658959723,2522126,2516375,4294961545,completed,-10
LoadAware,3298,3658959723,2522326,2516577,4294961547,completed,-10
LoadAware,3299,3658959723,2522526,2516776,4294961546,completed,-10
LoadAware,3300,3658959723,2522726,2517168,4294961738,completed,-10
LoadAware,3301,3658959723,2522926,2517278,4294961648,completed,-10
LoadAware,3302,3658959723,2523126,2517381,4294961551,completed,-10
LoadAware,3303,3658959723,2523326,2517573,4294961543,completed,-10
LoadAware,3304,3658959723,2523526,2517794,4294961564,completed,-10
LoadAware,3305,3658959723,2523726,2517974,4294961544,completed,-10
LoadAware,3306,3658959723,2523926,2518175,4294961545,completed,-11
LoadAware,3307,3658959723,2526136,2520577,4294961737,completed,-10
LoadAware,3308,3658959723,2526338,2520678,4294961636,completed,-10
LoadAware,3309,3658959723,2526538,2520931,4294961689,completed,-10
LoadAware,3310,3658959723,2526738,2521207,4294961765,completed,-10
LoadAware,3311,3658959723,2526938,2521580,4294961938,completed,-10
LoadAware,3312,3658959723,2527138,2521682,4294961840,completed,-10
LoadAware,3313,3658959723,2527338,2521787,4294961745,completed,-10
LoadAware,3314,3658959723,2527538,2521889,4294961647,completed,-10
LoadAware,3315,3658959723,2527738,2521991,4294961549,completed,-10
LoadAware,3316,3658959723,2527938,2522186,4294961544,completed,-12
LoadAware,3317,3658959723,2528138,2522388,4294961546,completed,-12
LoadAware,3318,3658959723,2528342,2522590,4294961544,completed,-12
LoadAware,3319,3658959723,2528542,2522792,4294961546,completed,-12
LoadAware,3320,3658959723,2528742,2522991,4294961545,completed,-12
LoadAware,3321,3658959723,2528942,2523190,4294961544,completed,-12
LoadAware,3322,3658959723,2529142,2523584,4294961738,completed,-12
LoadAware,3323,3658959723,2529342,2523687,4294961641,completed,-12
LoadAware,3324,3658959723,2529543,2523794,4294961547,completed,-12
LoadAware,3325,3658959723,2529743,2523991,4294961544,completed,-12
LoadAware,3326,3658959723,2529943,2524190,4294961543,completed,-11
LoadAware,3327,3658959723,2530144,2524584,4294961736,completed,-11
LoadAware,3328,3658959723,2530344,2524693,4294961645,completed,-11
LoadAware,3329,3658959723,2530544,2524803,4294961555,completed,-11
LoadAware,3330,3658959723,2530744,2524992,4294961544,completed,-11
LoadAware,3331,3658959723,2530944,2525191,4294961543,completed,-11
LoadAware,3332,3658959723,2531144,2525584,4294961736,completed,-11
LoadAware,3333,3658959723,2531344,2525687,4294961639,completed,-11
LoadAware,3334,3658959723,2531544,2525795,4294961547,completed,-11
LoadAware,3335,3658959723,2531744,2525991,4294961543,completed,-11
LoadAware,3336,3658959723,2531944,2526191,4294961543,completed,-12
LoadAware,3337,3658959723,2532145,2526393,4294961544,completed,-12
LoadAware,3338,3658959723,2532350,2526600,4294961546,completed,-12
LoadAware,3339,3658959723,2532550,2526824,4294961570,completed,-12
LoadAware,3340,3658959723,2532750,2526998,4294961544,completed,-12
LoadAware,3341,3658959723,2532950,2527197,4294961543,completed,-12
LoadAware,3342,3658959723,2533150,2527397,4294961543,completed,-12
LoadAware,3343,3658959723,2533351,2527602,4294961547,completed,-12
LoadAware,3344,3658959723,2533551,2527799,4294961544,completed,-12
LoadAware,3345,3658959723,2533751,2527998,4294961543,completed,-12
LoadAware,3346,3658959723,2533951,2528198,4294961543,completed,-10
LoadAware,3347,3658959723,2534151,2528594,4294961739,completed,-10
LoadAware,3348,3658959723,2534351,2528697,4294961642,completed,-10
LoadAware,3349,3658959723,2534551,2528806,4294961551,completed,-10
LoadAware,3350,3658959723,2534751,2528998,4294961543,completed,-10
LoadAware,3351,3658959723,2534951,2529198,4294961543,completed,-10
LoadAware,3352,3658959723,2535151,2529398,4294961543,completed,-10
LoadAware,3353,3658959723,2535353,2529604,4294961547,completed,-10
LoadAware,3354,3658959723,2535553,2529800,4294961543,completed,-10
LoadAware,3355,3658959723,2535753,2530000,4294961543,completed,-10
LoadAware,3356,3658959723,2535953,2530201,4294961544,completed,-10
LoadAware,3357,3658959723,2536155,2530595,4294961736,completed,-10
LoadAware,3358,3658959723,2536355,2530704,4294961645,completed,-10
LoadAware,3359,3658959723,2536555,2530807,4294961548,completed,-10
LoadAware,3360,3658959723,2536755,2531002,4294961543,completed,-10
LoadAware,3361,3658959723,2536955,2531202,4294961543,completed,-10
LoadAware,3362,3658959723,2537155,2531402,4294961543,completed,-10
LoadAware,3363,3658959723,2537355,2531604,4294961545,completed,-10
LoadAware,3364,3658959723,2537555,2531802,4294961543,completed,-10
LoadAware,3365,3658959723,2537755,2532033,4294961574,completed,-10
LoadAware,3366,3658959723,2537955,2532285,4294961626,completed,-10
LoadAware,3367,3658959723,2538155,2532600,4294961741,completed,-10
LoadAware,3368,3658959723,2538355,2532805,4294961746,completed,-10
LoadAware,3369,3658959723,2538555,2533058,4294961799,completed,-10
LoadAware,3370,3658959723,2538755,2533160,4294961701,completed,-10
LoadAware,3371,3658959723,2538955,2533262,4294961603,completed,-10
LoadAware,3372,3658959723,2539155,2533403,4294961544,completed,-10
LoadAware,3373,3658959723,2539357,2533609,4294961548,completed,-10
LoadAware,3374,3658959723,2539557,2533806,4294961545,completed,-10
LoadAware,3375,3658959723,2539757,2534006,4294961545,completed,-10
LoadAware,3376,3658959723,2539957,2534205,4294961544,completed,-10
LoadAware,3377,3658959723,2540157,2534406,4294961545,completed,-10
LoadAware,3378,3658959723,2540358,2534611,4294961549,completed,-10
LoadAware,3379,3658959723,2540558,2534807,4294961545,completed,-10
LoadAware,3380,3658959723,2540758,2535005,4294961543,completed,-10
LoadAware,3381,3658959723,2540958,2535207,4294961545,completed,-10
LoadAware,3392,3037662008,2545161,2539406,4294961541,completed,-26
LoadAware,3393,3037662008,2545361,2539609,4294961544,completed,-26
LoadAware,3394,3037662008,2545561,2539806,4294961541,completed,-26
LoadAware,3395,3037662008,2545765,2540239,4294961770,completed,-29
LoadAware,3396,3037662008,2545965,2540342,4294961673,completed,-29
LoadAware,3382,3037662008,2546159,2540445,4294961582,completed,-29
LoadAware,3397,3037662008,2546165,2540548,4294961679,completed,-29
LoadAware,3383,3037662008,2546359,2540651,4294961588,completed,-29
LoadAware,3398,3037662008,2546365,2540754,4294961685,completed,-29
LoadAware,3399,3037662008,2546565,2541004,4294961735,completed,-29
LoadAware,3400,3037662008,2546767,2541107,4294961636,completed,-29
LoadAware,3401,3037662008,2546967,2541213,4294961542,completed,-29
LoadAware,3402,3037662008,2547167,2541412,4294961541,completed,-29
LoadAware,3403,3037662008,2547367,2541613,4294961542,completed,-29
LoadAware,3404,3037662008,2547569,2542062,4294961789,completed,-29
LoadAware,3405,3037662008,2547769,2542172,4294961699,completed,-30
LoadAware,3406,3037662008,2547969,2542275,4294961602,completed,-30
LoadAware,3407,3037662008,2548169,2542417,4294961544,completed,-30
LoadAware,3408,3037662008,2548369,2542614,4294961541,completed,-30
LoadAware,3384,3037662008,2548567,2542813,4294961542,completed,-30
LoadAware,3409,3037662008,2548571,2543011,4294961736,completed,-30
LoadAware,3410,3037662008,2548772,2543114,4294961638,completed,-30
LoadAware,3385,3037662008,2548774,2543217,4294961739,completed,-30
LoadAware,3386,3037662008,2548962,2543320,4294961654,completed,-30
LoadAware,3411,3037662008,2548972,2543423,4294961747,completed,-30
LoadAware,3387,3037662008,2549162,2543526,4294961660,completed,-30
LoadAware,3412,3037662008,2549172,2543629,4294961753,completed,-30
LoadAware,3388,3037662008,2549362,2543731,4294961665,completed,-30
LoadAware,3413,3037662008,2549372,2543834,4294961758,completed,-30
LoadAware,3389,3037662008,2549562,2543936,4294961670,completed,-30
LoadAware,3414,3037662008,2549574,2544039,4294961761,completed,-30
LoadAware,3415,3037662008,2549777,2544141,4294961660,completed,-30
LoadAware,3390,3037662008,2549780,2544244,4294961760,completed,-29
LoadAware,3391,3037662008,2549962,2544346,4294961680,completed,-29
LoadAware,3416,3037662008,2549977,2544449,4294961768,completed,-29
LoadAware,3417,3037662008,2550177,2544552,4294961671,completed,-29
LoadAware,3418,3037662008,2550377,2544655,4294961574,completed,-29
LoadAware,3419,3037662008,2550577,2545016,4294961735,completed,-29
LoadAware,3420,3037662008,2550778,2545133,4294961651,completed,-29
LoadAware,3421,3037662008,2550978,2545243,4294961561,completed,-29
LoadAware,3422,3037662008,2551178,2545424,4294961542,completed,-29
LoadAware,3423,3037662008,2551378,2545624,4294961542,completed,-29
LoadAware,3424,3037662008,2551578,2546017,4294961735,completed,-29
LoadAware,3425,3037662008,2551778,2546125,4294961643,completed,-29
LoadAware,3426,3037662008,2551978,2546228,4294961546,completed,-29
LoadAware,3427,3658959723,2552178,2546427,4294961545,completed,-11
LoadAware,3428,3658959723,2552378,2546627,4294961545,completed,-11
LoadAware,3429,3658959723,2552578,2546826,4294961544,completed,-11
LoadAware,3430,3658959723,2552778,2547027,4294961545,completed,-11
LoadAware,3431,3658959723,2552978,2547227,4294961545,completed,-11
LoadAware,3432,3658959723,2553178,2547427,4294961545,completed,-11
LoadAware,3433,3658959723,2553378,2547626,4294961544,completed,-11
LoadAware,3434,3658959723,2553581,2548022,4294961737,completed,-11
LoadAware,3435,3658959723,2553782,2548124,4294961638,completed,-11
LoadAware,3436,3658959723,2553982,2548230,4294961544,completed,-10
LoadAware,3437,3658959723,2554182,2548431,4294961545,completed,-10
LoadAware,3438,3658959723,2554384,2548635,4294961547,completed,-10
LoadAware,3439,3658959723,2554584,2549026,4294961738,completed,-10
LoadAware,3440,3658959723,2554784,2549131,4294961643,completed,-10
LoadAware,3441,3658959723,2554984,2549234,4294961546,completed,-10
LoadAware,3442,3658959723,2555184,2549431,4294961543,completed,-10
LoadAware,3443,3658959723,2555384,2549631,4294961543,completed,-10
LoadAware,3444,3658959723,2555584,2549839,4294961551,completed,-10
LoadAware,3445,3658959723,2555784,2550034,4294961546,completed,-10
LoadAware,3446,3658959723,2555984,2550231,4294961543,completed,-10
LoadAware,3447,3658959723,2556184,2550431,4294961543,completed,-10
LoadAware,3448,3658959723,2556384,2550632,4294961544,completed,-10
LoadAware,3449,3658959723,2556584,2550832,4294961544,completed,-10
LoadAware,3450,3658959723,2556786,2551035,4294961545,completed,-10
LoadAware,3451,3658959723,2556986,2551233,4294961543,completed,-10
LoadAware,3452,3658959723,2557186,2551434,4294961544,completed,-10
LoadAware,3453,3658959723,2557386,2551634,4294961544,completed,-10
LoadAware,3454,3658959723,2557586,2552028,4294961738,completed,-10
LoadAware,3455,3658959723,2557786,2552137,4294961647,completed,-10
LoadAware,3456,3658959723,2557986,2552246,4294961556,completed,-11
LoadAware,3457,3658959723,2558186,2552434,4294961544,completed,-11
LoadAware,3458,3658959723,2558386,2552633,4294961543,completed,-11
LoadAware,3459,3658959723,2558586,2552834,4294961544,completed,-11
LoadAware,3460,3658959723,2560980,2555423,4294961739,completed,-10
LoadAware,3461,3658959723,2561180,2555855,4294961971,completed,-10
LoadAware,3462,3658959723,2561380,2555957,4294961873,completed,-10
LoadAware,3463,3658959723,2561580,2556128,4294961844,completed,-10
LoadAware,3471,3037662008,2563182,2557660,4294961774,completed,-26
LoadAware,3464,3658959723,2561780,2556423,4294961939,completed,-10
LoadAware,3465,3658959723,2561980,2556679,4294961995,completed,-10
LoadAware,3466,3658959723,2562182,2556955,4294962069,completed,-10
LoadAware,3467,3658959723,2562382,2557057,4294961971,completed,-10
LoadAware,3468,3658959723,2562582,2557230,4294961944,completed,-10
LoadAware,3469,3658959723,2562782,2557505,4294962019,completed,-10
LoadAware,3470,3658959723,2562982,2557607,4294961921,completed,-10
LoadAware,3472,3658959723,2563382,2557709,4294961623,completed,-10
LoadAware,3473,3658959723,2563582,2557831,4294961545,completed,-10
LoadAware,3474,3658959723,2563782,2558031,4294961545,completed,-10
LoadAware,3475,3658959723,2563982,2558230,4294961544,completed,-10
LoadAware,3476,3658959723,2564187,2558437,4294961546,completed,-10
LoadAware,3477,3658959723,2564387,2558636,4294961545,completed,-10
LoadAware,3478,3658959723,2564587,2558835,4294961544,completed,-10
LoadAware,3479,3658959723,2564787,2559035,4294961544,completed,-10
LoadAware,3480,3658959723,2564987,2559430,4294961739,completed,-10
LoadAware,3481,3658959723,2565189,2559532,4294961639,completed,-10
LoadAware,3482,3658959723,2565389,2559638,4294961545,completed,-10
LoadAware,3483,3658959723,2565589,2559838,4294961545,completed,-10
LoadAware,3484,3658959723,2565789,2560036,4294961543,completed,-10
LoadAware,3485,3658959723,2565989,2560432,4294961739,completed,-11
LoadAware,3486,3658959723,2566190,2560537,4294961643,completed,-11
LoadAware,3487,3658959723,2566390,2560640,4294961546,completed,-11
LoadAware,3488,3658959723,2566590,2560838,4294961544,completed,-11
LoadAware,3489,3658959723,2566790,2561037,4294961543,completed,-11
LoadAware,3490,3658959723,2566990,2561429,4294961735,completed,-11
LoadAware,3491,3658959723,2567190,2561538,4294961644,completed,-11
LoadAware,3492,3658959723,2567390,2561641,4294961547,completed,-11
LoadAware,3493,3658959723,2567590,2561838,4294961544,completed,-11
LoadAware,3494,3658959723,2567790,2562038,4294961544,completed,-11
LoadAware,3495,3658959723,2567990,2562237,4294961543,completed,-11
LoadAware,3496,3658959723,2568194,2562441,4294961543,completed,-11
LoadAware,3497,3658959723,2568394,2562642,4294961544,completed,-11
LoadAware,3498,3658959723,2568594,2562841,4294961543,completed,-11
LoadAware,3499,3658959723,2568794,2563042,4294961544,completed,-11
LoadAware,3500,3658959723,2568994,2563435,4294961737,completed,-11
LoadAware,3501,3658959723,2569194,2563544,4294961646,completed,-11
LoadAware,3502,3658959723,2569394,2563647,4294961549,completed,-11
LoadAware,3503,3658959723,2569594,2563842,4294961544,completed,-11
LoadAware,3504,3658959723,2569794,2564041,4294961543,completed,-11
LoadAware,3505,3658959723,2569994,2564241,4294961543,completed,-11
LoadAware,3506,3658959723,2570197,2564445,4294961544,completed,-11
LoadAware,3507,3658959723,2570397,2564645,4294961544,completed,-11
LoadAware,3508,3658959723,2570597,2564845,4294961544,completed,-11
LoadAware,3509,3658959723,2570797,2565044,4294961543,completed,-11
LoadAware,3510,3658959723,2570997,2565438,4294961737,completed,-11
LoadAware,3511,3658959723,2571197,2565547,4294961646,completed,-11
LoadAware,3512,3658959723,2571397,2565657,4294961556,completed,-11
LoadAware,3513,3658959723,2571597,2565844,4294961543,completed,-11
LoadAware,3514,3658959723,2571797,2566044,4294961543,completed,-11
LoadAware,3515,3658959723,2571997,2566245,4294961544,completed,-10
LoadAware,3516,3658959723,2572199,2566451,4294961548,completed,-10
LoadAware,3517,3658959723,2572399,2566647,4294961544,completed,-10
LoadAware,3518,3658959723,2572599,2566850,4294961547,completed,-10
LoadAware,3519,3658959723,2572799,2567047,4294961544,completed,-10
LoadAware,3520,3658959723,2572999,2567440,4294961737,completed,-10
LoadAware,3521,3658959723,2573199,2567543,4294961640,completed,-10
LoadAware,3522,3658959723,2573399,2567649,4294961546,completed,-10
LoadAware,3523,3658959723,2573599,2567873,4294961570,completed,-10
LoadAware,3524,3658959723,2573799,2568046,4294961543,completed,-10
LoadAware,3525,3658959723,2573999,2568247,4294961544,completed,-10
LoadAware,3526,3658959723,2574201,2568450,4294961545,completed,-10
LoadAware,3527,3658959723,2574401,2568648,4294961543,completed,-10
LoadAware,3528,3658959723,2574601,2568848,4294961543,completed,-10
LoadAware,3529,3658959723,2574801,2569048,4294961543,completed,-10
LoadAware,3530,3658959723,2575001,2569441,4294961736,completed,-10
LoadAware,3531,3658959723,2575201,2569550,4294961645,completed,-10
LoadAware,3532,3658959723,2575401,2569652,4294961547,completed,-10
LoadAware,3533,3658959723,2575601,2569849,4294961544,completed,-10
LoadAware,3534,3658959723,2575801,2570049,4294961544,completed,-10
LoadAware,3535,3658959723,2576001,2570248,4294961543,completed,-11
LoadAware,3536,3658959723,2576203,2572640,4294963733,completed,-10
LoadAware,3537,3658959723,2578405,2572952,4294961843,completed,-10
LoadAware,3538,3658959723,2578609,2573508,4294962195,completed,-10
LoadAware,3539,3658959723,2578809,2573610,4294962097,completed,-10
LoadAware,3540,3658959723,2579009,2573713,4294962000,completed,-10
LoadAware,3541,3658959723,2579209,2573814,4294961901,completed,-10
LoadAware,3542,3658959723,2579409,2573916,4294961803,completed,-10
LoadAware,3543,3658959723,2579620,2574018,4294961694,completed,-10
LoadAware,3544,3658959723,2579820,2574120,4294961596,completed,-10
LoadAware,3545,3658959723,2580020,2574270,4294961546,completed,-11
LoadAware,3546,3658959723,2580220,2574468,4294961544,completed,-11
LoadAware,3547,3658959723,2580610,2574861,4294961547,completed,-11
LoadAware,3548,3658959723,2580810,2575059,4294961545,completed,-11
LoadAware,3549,3658959723,2581010,2575258,4294961544,completed,-11
LoadAware,3550,3658959723,2581210,2575458,4294961544,completed,-11
LoadAware,3551,3658959723,2581410,2575657,4294961543,completed,-11
LoadAware,3552,3658959723,2581615,2575863,4294961544,completed,-11
LoadAware,3553,3658959723,2581815,2576062,4294961543,completed,-11
LoadAware,3554,3658959723,2582015,2576262,4294961543,completed,-10
LoadAware,3555,3658959723,2582215,2576463,4294961544,completed,-10
LoadAware,3556,3658959723,2582616,2576865,4294961545,completed,-10
LoadAware,3557,3658959723,2582816,2577063,4294961543,completed,-10
LoadAware,3558,3658959723,2583016,2577263,4294961543,completed,-10
LoadAware,3559,3658959723,2583216,2577464,4294961544,completed,-10
LoadAware,3560,3658959723,2583614,2577862,4294961544,completed,-10
LoadAware,3561,3658959723,2583814,2578062,4294961544,completed,-10
LoadAware,3562,3658959723,2584014,2578264,4294961546,completed,-10
LoadAware,3563,3658959723,2584214,2578462,4294961544,completed,-10
LoadAware,3564,3658959723,2584414,2578856,4294961738,completed,-10
LoadAware,3565,3658959723,2584618,2578959,4294961637,completed,-10
LoadAware,3566,3658959723,2584818,2579067,4294961545,completed,-10
LoadAware,3567,3658959723,2585018,2579265,4294961543,completed,-10
LoadAware,3568,3658959723,2585218,2579466,4294961544,completed,-10
LoadAware,3569,3658959723,2585618,2579866,4294961544,completed,-10
LoadAware,3570,3658959723,2585818,2580065,4294961543,completed,-10
LoadAware,3571,3658959723,2586018,2580266,4294961544,completed,-10
LoadAware,3572,3658959723,2586218,2580465,4294961543,completed,-10
LoadAware,3573,3658959723,2586418,2580859,4294961737,completed,-10
LoadAware,3574,3658959723,2586621,2580977,4294961652,completed,-10
LoadAware,3575,3658959723,2586821,2581080,4294961555,completed,-10
LoadAware,3576,3658959723,2587021,2581268,4294961543,completed,-10
LoadAware,3577,3658959723,2587221,2581469,4294961544,completed,-10
LoadAware,3578,3658959723,2587620,2581887,4294961563,completed,-10
LoadAware,3579,3658959723,2587820,2582067,4294961543,completed,-10
LoadAware,3580,3658959723,2588020,2582267,4294961543,completed,-10
LoadAware,3581,3658959723,2588220,2582467,4294961543,completed,-10
LoadAware,3582,3658959723,2588420,2582861,4294961737,completed,-10
LoadAware,3583,3658959723,2588623,2582964,4294961637,completed,-10
LoadAware,3584,3658959723,2588823,2583072,4294961545,completed,-10
LoadAware,3585,3658959723,2589023,2583271,4294961544,completed,-10
LoadAware,3586,3658959723,2589223,2583471,4294961544,completed,-10
LoadAware,SUMMARY,ALL,0,0,120203,batch_complete,0
----------------,---,---,---,---,---,----------------,---
LoadAware,3587,3658959723,2589423,2583865,4294961738,completed,-10
LoadAware,3588,3658959723,2648050,2642494,4294961740,completed,-9
LoadAware,3589,3658959723,2648257,2642873,4294961912,completed,-9
LoadAware,3590,3658959723,2648457,2642985,4294961824,completed,-9
LoadAware,3591,3658959723,2648657,2643088,4294961727,completed,-9
LoadAware,3592,3658959723,2648857,2643191,4294961630,completed,-9
LoadAware,3593,3658959723,2649251,2643500,4294961545,completed,-9
LoadAware,3594,3658959723,2649451,2643701,4294961546,completed,-9
LoadAware,3595,3658959723,2649651,2643899,4294961544,completed,-9
LoadAware,3596,3658959723,2649851,2644098,4294961543,completed,-9
LoadAware,3597,3658959723,2650051,2644298,4294961543,completed,-10
LoadAware,3598,3658959723,2650257,2644505,4294961544,completed,-10
LoadAware,3599,3658959723,2650457,2644706,4294961545,completed,-10
LoadAware,3600,3658959723,2650657,2644905,4294961544,completed,-10
LoadAware,3601,3658959723,2650857,2645104,4294961543,completed,-10
LoadAware,3602,3658959723,2651248,2645496,4294961544,completed,-10
LoadAware,3603,3658959723,2651448,2645700,4294961548,completed,-10
LoadAware,3604,3658959723,2651648,2645896,4294961544,completed,-10
LoadAware,3605,3658959723,2651848,2646095,4294961543,completed,-10
LoadAware,3606,3658959723,2652048,2646295,4294961543,completed,-10
LoadAware,3607,3658959723,2652258,2646506,4294961544,completed,-10
LoadAware,3608,3658959723,2652458,2646707,4294961545,completed,-10
LoadAware,3609,3658959723,2652658,2646906,4294961544,completed,-10
LoadAware,3610,3658959723,2652858,2647105,4294961543,completed,-10
LoadAware,3611,3658959723,2653058,2647498,4294961736,completed,-10
LoadAware,3612,3658959723,2653258,2647601,4294961639,completed,-10
LoadAware,3613,3658959723,2653458,2647707,4294961545,completed,-10
LoadAware,3614,3658959723,2653658,2647906,4294961544,completed,-10
LoadAware,3615,3658959723,2653858,2648105,4294961543,completed,-10
LoadAware,3616,3658959723,2654059,2648508,4294961745,completed,-10
LoadAware,3617,3658959723,2654263,2648611,4294961644,completed,-10
LoadAware,3618,3658959723,2654463,2648714,4294961547,completed,-10
LoadAware,3619,3658959723,2654663,2648910,4294961543,completed,-10
LoadAware,3620,3658959723,2654863,2649110,4294961543,completed,-10
LoadAware,3621,3658959723,2655063,2649311,4294961544,completed,-10
LoadAware,3622,3658959723,2655264,2649515,4294961547,completed,-10
LoadAware,3623,3658959723,2655464,2649712,4294961544,completed,-10
LoadAware,3624,3658959723,2655664,2649912,4294961544,completed,-10
LoadAware,3625,3658959723,2655864,2650112,4294961544,completed,-10
LoadAware,3626,3658959723,2656067,2650512,4294961741,completed,-11
LoadAware,3627,3658959723,2656267,2650616,4294961645,completed,-11
LoadAware,3628,3658959723,2656467,2650719,4294961548,completed,-11
LoadAware,3629,3658959723,2656667,2650915,4294961544,completed,-11
LoadAware,3630,3658959723,2656867,2651114,4294961543,completed,-11
LoadAware,3631,3658959723,2657067,2651317,4294961546,completed,-11
LoadAware,3632,3658959723,2657268,2651522,4294961550,completed,-11
LoadAware,3633,3658959723,2657468,2651716,4294961544,completed,-11
LoadAware,3634,3658959723,2657668,2651915,4294961543,completed,-11
LoadAware,3635,3658959723,2657868,2652116,4294961544,completed,-11
LoadAware,3636,3658959723,2658068,2652317,4294961545,completed,-11
LoadAware,3637,3658959723,2658273,2652523,4294961546,completed,-11
LoadAware,3638,3658959723,2658473,2652722,4294961545,completed,-11
LoadAware,3639,3658959723,2658673,2652932,4294961555,completed,-11
LoadAware,3640,3658959723,2658873,2653123,4294961546,completed,-11
LoadAware,3641,3658959723,2659073,2653320,4294961543,completed,-11
LoadAware,3642,3658959723,2659274,2653524,4294961546,completed,-11
LoadAware,3643,3658959723,2659474,2653722,4294961544,completed,-11
LoadAware,3644,3658959723,2659674,2653924,4294961546,completed,-11
LoadAware,3645,3658959723,2659874,2654122,4294961544,completed,-11
LoadAware,3646,3658959723,2660074,2654517,4294961739,completed,-10
LoadAware,3647,3658959723,2660275,2654620,4294961641,completed,-10
LoadAware,3648,3658959723,2660475,2654726,4294961547,completed,-10
LoadAware,3649,3658959723,2660675,2654924,4294961545,completed,-10
LoadAware,3650,3658959723,2660875,2655123,4294961544,completed,-10
LoadAware,3651,3658959723,2661075,2655323,4294961544,completed,-10
LoadAware,3652,3658959723,2661275,2655529,4294961550,completed,-10
LoadAware,3653,3658959723,2661475,2655723,4294961544,completed,-10
LoadAware,3654,3658959723,2661675,2655924,4294961545,completed,-10
LoadAware,3655,3658959723,2661875,2656123,4294961544,completed,-10
LoadAware,3656,3658959723,2662075,2656518,4294961739,completed,-10
LoadAware,3657,3658959723,2662276,2656627,4294961647,completed,-10
LoadAware,3658,3658959723,2662476,2656730,4294961550,completed,-10
LoadAware,3659,3658959723,2662676,2656924,4294961544,completed,-10
LoadAware,3660,3658959723,2662876,2657123,4294961543,completed,-10
LoadAware,3661,3658959723,2663076,2657323,4294961543,completed,-10
LoadAware,3662,3658959723,2665475,2659918,4294961739,completed,-10
LoadAware,3663,3658959723,2665680,2660036,4294961652,completed,-10
LoadAware,3664,3658959723,2665880,2660146,4294961562,completed,-10
LoadAware,3665,3658959723,2666080,2660328,4294961544,completed,-11
LoadAware,3666,3658959723,2666280,2660528,4294961544,completed,-11
LoadAware,3667,3658959723,2666679,2660928,4294961545,completed,-11
LoadAware,3668,3658959723,2666879,2661126,4294961543,completed,-11
LoadAware,3669,3658959723,2667079,2661326,4294961543,completed,-11
LoadAware,3670,3658959723,2667279,2661526,4294961543,completed,-11
LoadAware,3671,3658959723,2667479,2661921,4294961738,completed,-11
LoadAware,3672,3658959723,2667683,2662024,4294961637,completed,-11
LoadAware,3673,3658959723,2667883,2662136,4294961549,completed,-11
LoadAware,3674,3658959723,2668083,2662331,4294961544,completed,-10
LoadAware,3675,3658959723,2668283,2662530,4294961543,completed,-10
LoadAware,3676,3658959723,2668682,2662930,4294961544,completed,-10
LoadAware,3677,3658959723,2668882,2663135,4294961549,completed,-10
LoadAware,3678,3658959723,2669082,2663330,4294961544,completed,-10
LoadAware,3679,3658959723,2669282,2663529,4294961543,completed,-10
LoadAware,3680,3658959723,2669482,2663934,4294961748,completed,-10
LoadAware,3681,3658959723,2669686,2664037,4294961647,completed,-10
LoadAware,3682,3658959723,2669886,2664140,4294961550,completed,-10
LoadAware,3683,3658959723,2670086,2664335,4294961545,completed,-11
LoadAware,3684,3658959723,2670286,2664534,4294961544,completed,-11
LoadAware,3685,3658959723,2670685,2664937,4294961548,completed,-11
LoadAware,3686,3658959723,2670885,2665133,4294961544,completed,-11
LoadAware,3687,3658959723,2671085,2665333,4294961544,completed,-11
LoadAware,3688,3658959723,2671285,2665533,4294961544,completed,-11
LoadAware,3689,3658959723,2671486,2665929,4294961739,completed,-11
LoadAware,3690,3658959723,2671691,2666032,4294961637,completed,-11
LoadAware,3691,3658959723,2671891,2666141,4294961546,completed,-11
LoadAware,3692,3658959723,2672091,2666339,4294961544,completed,-10
LoadAware,3693,3658959723,2672291,2666539,4294961544,completed,-10
LoadAware,3694,3658959723,2672690,2666938,4294961544,completed,-10
LoadAware,3695,3658959723,2672890,2667138,4294961544,completed,-10
LoadAware,3696,3658959723,2673090,2667338,4294961544,completed,-10
LoadAware,3697,3658959723,2673290,2667538,4294961544,completed,-10
LoadAware,3698,3658959723,2673490,2667933,4294961739,completed,-10
LoadAware,3699,3658959723,2673694,2668036,4294961638,completed,-10
LoadAware,3700,3658959723,2673894,2668144,4294961546,completed,-10
LoadAware,3701,3658959723,2674094,2668342,4294961544,completed,-11
LoadAware,3702,3658959723,2674294,2668542,4294961544,completed,-11
LoadAware,3703,3658959723,2674693,2668943,4294961546,completed,-11
LoadAware,3704,3658959723,2674893,2669143,4294961546,completed,-11
LoadAware,3705,3658959723,2675093,2669340,4294961543,completed,-11
LoadAware,3706,3658959723,2675293,2669541,4294961544,completed,-11
LoadAware,3707,3658959723,2675493,2669948,4294961751,completed,-11
LoadAware,3708,3658959723,2675695,2670051,4294961652,completed,-11
LoadAware,3709,3658959723,2675895,2670154,4294961555,completed,-11
LoadAware,3710,3658959723,2676095,2670343,4294961544,completed,-10
LoadAware,3711,3658959723,2676295,2670543,4294961544,completed,-10
LoadAware,3712,3658959723,2676495,2670937,4294961738,completed,-10
LoadAware,3713,3658959723,2676699,2671040,4294961637,completed,-10
LoadAware,3714,3658959723,2676899,2671147,4294961544,completed,-10
LoadAware,3715,3658959723,2677099,2671347,4294961544,completed,-10
LoadAware,3716,3658959723,2677299,2671546,4294961543,completed,-10
LoadAware,3717,3658959723,2677698,2671946,4294961544,completed,-10
LoadAware,3718,3658959723,2677898,2672146,4294961544,completed,-10
LoadAware,3719,3658959723,2678098,2672346,4294961544,completed,-10
LoadAware,3720,3658959723,2678298,2672546,4294961544,completed,-10
LoadAware,3721,3658959723,2678498,2672941,4294961739,completed,-10
LoadAware,3722,3658959723,2678703,2673044,4294961637,completed,-10
LoadAware,3723,3658959723,2678903,2673151,4294961544,completed,-10
LoadAware,3724,3658959723,2679103,2673352,4294961545,completed,-10
LoadAware,3725,3658959723,2679303,2673551,4294961544,completed,-10
LoadAware,3726,3658959723,2679701,2673949,4294961544,completed,-10
LoadAware,3727,3658959723,2679901,2674149,4294961544,completed,-10
LoadAware,3728,3658959723,2680101,2674349,4294961544,completed,-10
LoadAware,3729,3658959723,2680301,2674549,4294961544,completed,-10
LoadAware,3730,3658959723,2680501,2674946,4294961741,completed,-10
LoadAware,3731,0,2680708,0,0,lost,0
LoadAware,3732,3658959723,2682924,2677370,4294961742,completed,-11
LoadAware,3733,3658959723,2683126,2677746,4294961916,completed,-11
LoadAware,3734,3658959723,2683326,2678022,4294961992,completed,-11
LoadAware,3735,3658959723,2683533,2678124,4294961887,completed,-11
LoadAware,3736,3658959723,2683733,2678368,4294961931,completed,-10
LoadAware,3737,3658959723,2684125,2678575,4294961746,completed,-10
LoadAware,3738,3658959723,2684325,2678845,4294961816,completed,-10
LoadAware,3739,3658959723,2684527,2679123,4294961892,completed,-10
LoadAware,3740,3658959723,2684727,2679225,4294961794,completed,-10
LoadAware,3741,3658959723,2684927,2679396,4294961765,completed,-10
LoadAware,3753,3658959723,2687331,2681580,4294961545,completed,-10
LoadAware,3754,3658959723,2687531,2681800,4294961565,completed,-10
LoadAware,3755,3658959723,2687731,2681980,4294961545,completed,-10
LoadAware,3756,3658959723,2687931,2682374,4294961739,completed,-10
LoadAware,3757,3658959723,2688132,2682476,4294961640,completed,-10
LoadAware,3758,3658959723,2688332,2682582,4294961546,completed,-10
LoadAware,3759,3658959723,2688536,2682786,4294961546,completed,-10
LoadAware,3760,3658959723,2688736,2682985,4294961545,completed,-10
LoadAware,3761,3658959723,2689131,2683384,4294961549,completed,-10
LoadAware,3762,3658959723,2689331,2683579,4294961544,completed,-10
LoadAware,3763,3658959723,2689531,2683781,4294961546,completed,-10
LoadAware,3764,3658959723,2689731,2683979,4294961544,completed,-10
LoadAware,3765,3658959723,2689931,2684179,4294961544,completed,-10
LoadAware,3766,3658959723,2690134,2684386,4294961548,completed,-11
LoadAware,3742,3658959723,2690136,2684489,4294961649,completed,-11
LoadAware,3743,3658959723,2690328,2684592,4294961560,completed,-11
LoadAware,3767,3658959723,2690334,2684695,4294961657,completed,-11
LoadAware,3768,3658959723,2690537,2684797,4294961556,completed,-11
LoadAware,3744,3658959723,2690539,2684899,4294961656,completed,-11
LoadAware,3745,3658959723,2690728,2685002,4294961570,completed,-11
LoadAware,3769,3658959723,2690737,2685105,4294961664,completed,-11
LoadAware,3746,3658959723,2690928,2685208,4294961576,completed,-11
LoadAware,3770,3658959723,2691135,2685390,4294961551,completed,-11
LoadAware,3747,3658959723,2691137,2685502,4294961661,completed,-11
LoadAware,3748,3658959723,2691328,2685608,4294961576,completed,-11
LoadAware,3771,3658959723,2691335,2685711,4294961672,completed,-11
LoadAware,3749,3658959723,2691528,2685813,4294961581,completed,-11
LoadAware,3772,3658959723,2691535,2685916,4294961677,completed,-11
LoadAware,3750,3658959723,2691728,2686018,4294961586,completed,-11
LoadAware,3773,3658959723,2691735,2686121,4294961682,completed,-11
LoadAware,3751,3658959723,2691928,2686224,4294961592,completed,-11
LoadAware,3774,3658959723,2691935,2686378,4294961739,completed,-11
LoadAware,3775,3658959723,2692140,2686480,4294961636,completed,-11
LoadAware,3752,3658959723,2692141,2686581,4294961736,completed,-11
LoadAware,3776,3658959723,2692340,2686684,4294961640,completed,-11
LoadAware,3777,3658959723,2692543,2686792,4294961545,completed,-11
LoadAware,3778,3658959723,2692743,2686996,4294961549,completed,-11
LoadAware,3779,3658959723,2693131,2687380,4294961545,completed,-11
LoadAware,3780,3658959723,2693331,2687580,4294961545,completed,-11
LoadAware,3781,3658959723,2693531,2687780,4294961545,completed,-11
LoadAware,3782,3658959723,2693731,2687978,4294961543,completed,-11
LoadAware,3783,3658959723,2693931,2688179,4294961544,completed,-11
LoadAware,3784,3658959723,2694140,2688390,4294961546,completed,-10
LoadAware,3785,3658959723,2694340,2688588,4294961544,completed,-10
LoadAware,3786,3658959723,2694540,2688798,4294961554,completed,-10
LoadAware,3787,3658959723,2694740,2688988,4294961544,completed,-10
LoadAware,3788,3658959723,2694940,2689397,4294961753,completed,-10
LoadAware,3789,3658959723,2695140,2689500,4294961656,completed,-10
LoadAware,3790,3658959723,2695340,2689603,4294961559,completed,-10
LoadAware,3791,3658959723,2695540,2689789,4294961545,completed,-10
LoadAware,3792,3658959723,2695740,2689988,4294961544,completed,-10
LoadAware,3793,3658959723,2695940,2690382,4294961738,completed,-11
LoadAware,3794,3658959723,2696142,2690485,4294961639,completed,-11
LoadAware,3795,3658959723,2696342,2690591,4294961545,completed,-11
LoadAware,3796,3658959723,2696542,2690791,4294961545,completed,-11
LoadAware,3797,3658959723,2696742,2690991,4294961545,completed,-11
LoadAware,3798,3658959723,2696942,2691382,4294961736,completed,-11
LoadAware,3799,3658959723,2697142,2691491,4294961645,completed,-11
LoadAware,3800,3658959723,2697342,2691594,4294961548,completed,-11
LoadAware,3801,3658959723,2697542,2691791,4294961545,completed,-11
LoadAware,3802,3658959723,2697742,2692018,4294961572,completed,-11
LoadAware,3803,3658959723,2697942,2692191,4294961545,completed,-11
LoadAware,3804,3658959723,2700335,2694776,4294961737,completed,-10
LoadAware,3805,3658959723,2700542,2695170,4294961924,completed,-10
LoadAware,3806,3658959723,2700742,2695446,4294962000,completed,-10
LoadAware,3807,3658959723,2700942,2695547,4294961901,completed,-10
LoadAware,3814,3658959723,2702751,2697025,4294961570,completed,-10
LoadAware,3815,3658959723,2702951,2697200,4294961545,completed,-10
LoadAware,3816,3658959723,2703153,2697407,4294961550,completed,-10
LoadAware,3817,3658959723,2703543,2697794,4294961547,completed,-10
LoadAware,3818,3658959723,2703743,2698042,4294961595,completed,-10
LoadAware,3819,3658959723,2703943,2698192,4294961545,completed,-10
LoadAware,3820,3658959723,2704143,2698393,4294961546,completed,-11
LoadAware,3821,3658959723,2704343,2698786,4294961739,completed,-11
LoadAware,3822,3658959723,2704552,2698895,4294961639,completed,-11
LoadAware,3823,3658959723,2704752,2699001,4294961545,completed,-11
LoadAware,3824,3658959723,2704952,2699200,4294961544,completed,-11
LoadAware,3825,3658959723,2705152,2699787,4294961931,completed,-11
LoadAware,3826,3658959723,2705552,2699890,4294961634,completed,-11
LoadAware,3827,3658959723,2705752,2700002,4294961546,completed,-11
LoadAware,3828,3658959723,2705952,2700201,4294961545,completed,-11
LoadAware,3808,3658959723,2706143,2700392,4294961545,completed,-9
LoadAware,3829,3658959723,2706152,2700501,4294961645,completed,-9
LoadAware,3830,3658959723,2706553,2700894,4294961637,completed,-9
LoadAware,3809,3658959723,2706555,2701004,4294961745,completed,-9
LoadAware,3810,3658959723,2706743,2701107,4294961660,completed,-9
LoadAware,3831,3658959723,2706753,2701210,4294961753,completed,-9
LoadAware,3811,3658959723,2706943,2701313,4294961666,completed,-9
LoadAware,3832,3658959723,2706953,2701417,4294961760,completed,-9
LoadAware,3812,3658959723,2707143,2701520,4294961673,completed,-9
LoadAware,3833,3658959723,2707153,2701621,4294961764,completed,-9
LoadAware,3834,3658959723,2707549,2701807,4294961554,completed,-9
LoadAware,3813,3658959723,2707552,2701910,4294961654,completed,-9
LoadAware,3835,3658959723,2707749,2702013,4294961560,completed,-9
LoadAware,3836,3658959723,2707949,2702198,4294961545,completed,-9
LoadAware,3837,3658959723,2708149,2702398,4294961545,completed,-10
LoadAware,3838,3658959723,2708349,2702791,4294961738,completed,-10
LoadAware,3839,3658959723,2708553,2702921,4294961664,completed,-10
LoadAware,3840,3658959723,2708753,2703024,4294961567,completed,-10
LoadAware,3841,3658959723,2708953,2703201,4294961544,completed,-10
LoadAware,3842,3658959723,2709153,2703403,4294961546,completed,-10
LoadAware,3843,3658959723,2709552,2703802,4294961546,completed,-10
LoadAware,3844,3658959723,2709752,2704000,4294961544,completed,-10
LoadAware,3845,3658959723,2709952,2704202,4294961546,completed,-10
LoadAware,3846,3658959723,2710152,2704400,4294961544,completed,-10
LoadAware,3847,3658959723,2710553,2704802,4294961545,completed,-10
LoadAware,3848,3658959723,2710753,2705001,4294961544,completed,-10
LoadAware,3849,3658959723,2710953,2705202,4294961545,completed,-10
LoadAware,3850,3658959723,2711153,2705400,4294961543,completed,-10
LoadAware,3851,3658959723,2711353,2705795,4294961738,completed,-10
LoadAware,3852,3658959723,2711555,2705912,4294961653,completed,-10
LoadAware,3853,3658959723,2711755,2706024,4294961565,completed,-10
LoadAware,3854,3658959723,2711955,2706206,4294961547,completed,-10
LoadAware,3855,3658959723,2712155,2706403,4294961544,completed,-10
LoadAware,3856,3658959723,2712355,2706797,4294961738,completed,-10
LoadAware,3857,3658959723,2712559,2706899,4294961636,completed,-10
LoadAware,3858,3658959723,2712759,2707009,4294961546,completed,-10
LoadAware,3859,3658959723,2712959,2707207,4294961544,completed,-10
LoadAware,3860,3658959723,2713159,2707407,4294961544,completed,-10
LoadAware,3861,3658959723,2713557,2707807,4294961546,completed,-10
LoadAware,3862,3658959723,2713757,2708005,4294961544,completed,-10
LoadAware,3863,3658959723,2713957,2708206,4294961545,completed,-10
LoadAware,3864,3658959723,2714157,2708405,4294961544,completed,-10
LoadAware,3865,3658959723,2714357,2708798,4294961737,completed,-10
LoadAware,3866,3658959723,2714559,2708908,4294961645,completed,-10
LoadAware,3867,3658959723,2714759,2709011,4294961548,completed,-10
LoadAware,3868,3658959723,2714959,2709207,4294961544,completed,-10
LoadAware,3869,3658959723,2715159,2709407,4294961544,completed,-10
LoadAware,3870,3658959723,2715359,2709809,4294961746,completed,-10
LoadAware,3871,3658959723,2715565,2712005,4294963736,completed,-10
LoadAware,3872,3658959723,2717770,2712218,4294961744,completed,-10
LoadAware,3873,3658959723,2717974,2712323,4294961645,completed,-11
LoadAware,3874,3658959723,2718174,2712425,4294961547,completed,-11
LoadAware,3875,3658959723,2718374,2712622,4294961544,completed,-11
LoadAware,3876,3658959723,2718574,2712825,4294961547,completed,-11
LoadAware,3877,3658959723,2718969,2713223,4294961550,completed,-11
LoadAware,3878,3658959723,2719169,2713418,4294961545,completed,-11
LoadAware,3879,3658959723,2719369,2713617,4294961544,completed,-11
LoadAware,3880,3658959723,2719569,2713817,4294961544,completed,-11
LoadAware,3881,3658959723,2719769,2714019,4294961546,completed,-11
LoadAware,3882,3658959723,2719974,2714368,4294961690,completed,-11
LoadAware,3883,3658959723,2720174,2714471,4294961593,completed,-11
LoadAware,3884,3658959723,2720374,2714624,4294961546,completed,-11
LoadAware,3885,3658959723,2720574,2714822,4294961544,completed,-11
LoadAware,3886,3658959723,2720774,2715214,4294961736,completed,-11
LoadAware,3887,3658959723,2720974,2715323,4294961645,completed,-11
LoadAware,3888,3658959723,2721174,2715426,4294961548,completed,-11
LoadAware,3889,3658959723,2721374,2715622,4294961544,completed,-11
LoadAware,3890,3658959723,2721574,2715823,4294961545,completed,-11
LoadAware,3891,3658959723,2721774,2716023,4294961545,completed,-11
LoadAware,3892,3658959723,2721977,2716379,4294961698,completed,-10
LoadAware,3893,3658959723,2722177,2716482,4294961601,completed,-10
LoadAware,3894,3658959723,2722377,2716627,4294961546,completed,-10
LoadAware,3895,3658959723,2722577,2716825,4294961544,completed,-10
LoadAware,3896,3658959723,2722777,2717217,4294961736,completed,-10
LoadAware,3897,3658959723,2722977,2717325,4294961644,completed,-10
LoadAware,3898,3658959723,2723177,2717436,4294961555,completed,-10
LoadAware,3899,3658959723,2723377,2717626,4294961545,completed,-10
LoadAware,3900,3658959723,2723577,2717825,4294961544,completed,-10
LoadAware,3901,3658959723,2723777,2718026,4294961545,completed,-10
LoadAware,3902,3658959723,2723981,2718379,4294961694,completed,-11
LoadAware,3903,3658959723,2724181,2718482,4294961597,completed,-11
LoadAware,3904,3658959723,2724381,2718630,4294961545,completed,-11
LoadAware,3905,3658959723,2724581,2718830,4294961545,completed,-11
LoadAware,3906,3658959723,2724781,2719221,4294961736,completed,-11
LoadAware,3907,3658959723,2724981,2719324,4294961639,completed,-11
LoadAware,3908,3658959723,2725181,2719430,4294961545,completed,-11
LoadAware,3909,3658959723,2725381,2719632,4294961547,completed,-11
LoadAware,3910,3658959723,2725581,2719829,4294961544,completed,-11
LoadAware,3911,3658959723,2725782,2720224,4294961738,completed,-11
LoadAware,3912,3658959723,2725982,2720327,4294961641,completed,-10
LoadAware,3913,3658959723,2726182,2720433,4294961547,completed,-10
LoadAware,3914,3658959723,2726382,2720631,4294961545,completed,-10
LoadAware,3915,3658959723,2726582,2720830,4294961544,completed,-10
LoadAware,3916,3658959723,2726782,2721030,4294961544,completed,-10
LoadAware,3917,3658959723,2726983,2721234,4294961547,completed,-10
LoadAware,3918,3658959723,2727183,2721431,4294961544,completed,-10
LoadAware,3919,3658959723,2727383,2721631,4294961544,completed,-10
LoadAware,3920,3658959723,2727583,2721831,4294961544,completed,-10
LoadAware,3921,3658959723,2727784,2722227,4294961739,completed,-10
LoadAware,3922,3658959723,2727984,2722333,4294961645,completed,-11
LoadAware,3923,3658959723,2728184,2722435,4294961547,completed,-11
LoadAware,3924,3658959723,2728384,2722635,4294961547,completed,-11
LoadAware,3925,3658959723,2728584,2722832,4294961544,completed,-11
LoadAware,3926,3658959723,2728784,2723033,4294961545,completed,-11
LoadAware,3927,3658959723,2728985,2723237,4294961548,completed,-11
LoadAware,3928,3658959723,2729185,2723433,4294961544,completed,-11
LoadAware,3929,3658959723,2729385,2723633,4294961544,completed,-11
LoadAware,3930,3658959723,2729585,2723833,4294961544,completed,-11
LoadAware,3931,3658959723,2729785,2724034,4294961545,completed,-11
LoadAware,3932,3658959723,2729986,2724240,4294961550,completed,-11
LoadAware,3933,3658959723,2730186,2724436,4294961546,completed,-10
LoadAware,3934,3658959723,2730386,2724634,4294961544,completed,-10
LoadAware,3935,3658959723,2730586,2724835,4294961545,completed,-10
LoadAware,3936,3658959723,2730786,2725034,4294961544,completed,-10
LoadAware,3937,3658959723,2730987,2725238,4294961547,completed,-10
LoadAware,3938,3658959723,2731187,2725435,4294961544,completed,-10
LoadAware,3939,3658959723,2731387,2725635,4294961544,completed,-10
LoadAware,3940,3658959723,2731587,2725844,4294961553,completed,-10
LoadAware,3941,3658959723,2731787,2726230,4294961739,completed,-10
LoadAware,3942,3658959723,2731987,2726346,4294961655,completed,-9
LoadAware,3943,3658959723,2732187,2726449,4294961558,completed,-9
LoadAware,3944,3658959723,2732387,2726636,4294961545,completed,-9
LoadAware,3945,3658959723,2732587,2726835,4294961544,completed,-9
LoadAware,3957,3037662008,2737183,2731430,4294961543,completed,-27
LoadAware,3946,3658959723,2732787,2727036,4294961545,completed,-9
LoadAware,3958,3037662008,2737388,2731774,4294961682,completed,-27
LoadAware,3947,3658959723,2735181,2729625,4294961740,completed,-11
LoadAware,3948,3658959723,2735381,2729969,4294961884,completed,-11
LoadAware,3949,3658959723,2735581,2730071,4294961786,completed,-11
LoadAware,3950,3658959723,2735781,2730242,4294961757,completed,-11
LoadAware,3951,3658959723,2735981,2730625,4294961940,completed,-10
LoadAware,3952,3658959723,2736181,2730797,4294961912,completed,-10
LoadAware,3953,3658959723,2736383,2731069,4294961982,completed,-10
LoadAware,3954,3658959723,2736583,2731171,4294961884,completed,-10
LoadAware,3955,3658959723,2736783,2731342,4294961855,completed,-10
LoadAware,3956,3658959723,2736983,2731648,4294961961,completed,-10
LoadAware,3959,3658959723,2737588,2731902,4294961610,completed,-10
LoadAware,3960,3658959723,2737788,2732039,4294961547,completed,-10
LoadAware,3961,3658959723,2737988,2732238,4294961546,completed,-10
LoadAware,3962,3658959723,2738188,2732629,4294961737,completed,-10
LoadAware,3963,3658959723,2738390,2732731,4294961637,completed,-10
LoadAware,3964,3658959723,2738590,2732843,4294961549,completed,-10
LoadAware,3965,3658959723,2738790,2733040,4294961546,completed,-10
LoadAware,3966,3658959723,2738990,2733240,4294961546,completed,-10
LoadAware,3967,3658959723,2739190,2733633,4294961739,completed,-10
LoadAware,3968,3658959723,2739392,2733735,4294961639,completed,-10
LoadAware,3969,3658959723,2739592,2733842,4294961546,completed,-10
LoadAware,3970,3658959723,2739792,2734041,4294961545,completed,-10
LoadAware,3971,3658959723,2739992,2734240,4294961544,completed,-10
LoadAware,3972,3658959723,2740192,2734632,4294961736,completed,-10
LoadAware,3973,3658959723,2740392,2734735,4294961639,completed,-10
LoadAware,3974,3658959723,2740592,2734841,4294961545,completed,-10
LoadAware,3975,3658959723,2740792,2735040,4294961544,completed,-10
LoadAware,3976,3658959723,2740992,2735240,4294961544,completed,-10
LoadAware,3977,3658959723,2741192,2735643,4294961747,completed,-10
LoadAware,3978,3658959723,2741392,2735746,4294961650,completed,-10
LoadAware,3979,3658959723,2741592,2735849,4294961553,completed,-10
LoadAware,3980,3658959723,2741792,2736040,4294961544,completed,-10
LoadAware,3981,3658959723,2741992,2736240,4294961544,completed,-10
LoadAware,3982,3658959723,2742192,2736441,4294961545,completed,-11
LoadAware,3983,3658959723,2742393,2736643,4294961546,completed,-11
LoadAware,3984,3658959723,2742593,2736841,4294961544,completed,-11
LoadAware,3985,3658959723,2742793,2737041,4294961544,completed,-11
LoadAware,3986,3658959723,2742993,2737244,4294961547,completed,-11
LoadAware,3987,3658959723,2743193,2737441,4294961544,completed,-11
LoadAware,3988,3658959723,2743394,2737645,4294961547,completed,-11
LoadAware,3989,3658959723,2743594,2737842,4294961544,completed,-11
LoadAware,3990,3658959723,2743794,2738042,4294961544,completed,-11
LoadAware,3991,3658959723,2743994,2738243,4294961545,completed,-11
LoadAware,3992,3658959723,2744194,2738444,4294961546,completed,-10
LoadAware,3993,3658959723,2744395,2738646,4294961547,completed,-10
LoadAware,3994,3658959723,2744595,2738843,4294961544,completed,-10
LoadAware,3995,3658959723,2744795,2739043,4294961544,completed,-10
LoadAware,3996,3658959723,2744995,2739245,4294961546,completed,-10
LoadAware,3997,3658959723,2745195,2739644,4294961745,completed,-10
LoadAware,3998,3658959723,2745395,2739752,4294961653,completed,-10
LoadAware,3999,3658959723,2745595,2739863,4294961564,completed,-10
LoadAware,4000,3658959723,2745795,2740044,4294961545,completed,-10
LoadAware,4001,3658959723,2745995,2740243,4294961544,completed,-10
LoadAware,4002,3658959723,2746195,2740444,4294961545,completed,-11
LoadAware,4003,3658959723,2746398,2740646,4294961544,completed,-11
LoadAware,4004,3658959723,2746598,2740846,4294961544,completed,-11
LoadAware,4005,3658959723,2746798,2741047,4294961545,completed,-11
LoadAware,4006,3658959723,2746998,2741246,4294961544,completed,-11
LoadAware,4007,3658959723,2747198,2741640,4294961738,completed,-11
LoadAware,4008,3658959723,2747398,2741756,4294961654,completed,-11
LoadAware,4009,3658959723,2747598,2741858,4294961556,completed,-11
LoadAware,4010,3658959723,2747798,2742046,4294961544,completed,-11
LoadAware,4011,3658959723,2747998,2742246,4294961544,completed,-11
LoadAware,4012,3658959723,2748198,2742446,4294961544,completed,-11
LoadAware,4013,3658959723,2748399,2742651,4294961548,completed,-11
LoadAware,4014,3658959723,2748599,2742848,4294961545,completed,-11
LoadAware,4015,3658959723,2748799,2743047,4294961544,completed,-11
LoadAware,4016,3658959723,2748999,2743247,4294961544,completed,-11
LoadAware,4017,3658959723,2749199,2743642,4294961739,completed,-11
LoadAware,4018,3658959723,2749399,2743755,4294961652,completed,-11
LoadAware,4019,3658959723,2749599,2743872,4294961569,completed,-11
LoadAware,4020,3658959723,2749799,2744047,4294961544,completed,-11
LoadAware,4021,3658959723,2749999,2744247,4294961544,completed,-11
LoadAware,4022,3658959723,2750199,2744449,4294961546,completed,-11
LoadAware,4023,3658959723,2750402,2744653,4294961547,completed,-11
LoadAware,4024,3658959723,2752607,2747048,4294961737,completed,-10
LoadAware,4025,3658959723,2752808,2747169,4294961657,completed,-10
LoadAware,4026,3658959723,2753008,2747292,4294961580,completed,-10
LoadAware,4027,3658959723,2753208,2747457,4294961545,completed,-10
LoadAware,4028,3658959723,2753408,2747656,4294961544,completed,-10
LoadAware,4029,3658959723,2753608,2747856,4294961544,completed,-10
LoadAware,4030,3658959723,2753808,2748060,4294961548,completed,-10
LoadAware,4031,3658959723,2754008,2748258,4294961546,completed,-10
LoadAware,4032,3658959723,2754208,2748458,4294961546,completed,-11
LoadAware,4033,3658959723,2754408,2748656,4294961544,completed,-11
LoadAware,4034,3658959723,2754608,2748856,4294961544,completed,-11
LoadAware,4035,3658959723,2754815,2749241,4294961722,completed,-11
LoadAware,4036,3658959723,2755015,2749344,4294961625,completed,-11
LoadAware,4037,3658959723,2755215,2749465,4294961546,completed,-11
LoadAware,4038,3658959723,2755415,2749663,4294961544,completed,-11
LoadAware,4039,3658959723,2755805,2750054,4294961545,completed,-11
LoadAware,4040,3658959723,2756005,2750255,4294961546,completed,-11
LoadAware,4041,3658959723,2756205,2750456,4294961547,completed,-10
LoadAware,4042,3658959723,2756405,2750653,4294961544,completed,-10
LoadAware,4043,3658959723,2756605,2750854,4294961545,completed,-10
LoadAware,4044,3658959723,2756812,2751293,4294961777,completed,-10
LoadAware,4045,3658959723,2757012,2751396,4294961680,completed,-10
LoadAware,4046,3658959723,2757212,2751499,4294961583,completed,-10
LoadAware,4047,3658959723,2757412,2751661,4294961545,completed,-10
LoadAware,4048,3658959723,2757612,2752053,4294961737,completed,-10
LoadAware,4049,3658959723,2757812,2752156,4294961640,completed,-10
LoadAware,4050,3658959723,2758012,2752262,4294961546,completed,-10
LoadAware,4051,3658959723,2758212,2752461,4294961545,completed,-11
LoadAware,4052,3658959723,2758412,2752660,4294961544,completed,-11
LoadAware,4053,3658959723,2758612,2752861,4294961545,completed,-11
LoadAware,4054,3658959723,2758816,2753065,4294961545,completed,-11
LoadAware,4055,3658959723,2759016,2753264,4294961544,completed,-11
LoadAware,4056,3658959723,2759216,2753464,4294961544,completed,-11
LoadAware,4057,3658959723,2759416,2753664,4294961544,completed,-11
LoadAware,4058,3658959723,2759616,2754057,4294961737,completed,-11
LoadAware,4059,3658959723,2759816,2754160,4294961640,completed,-11
LoadAware,4060,3658959723,2760016,2754267,4294961547,completed,-11
LoadAware,4061,3658959723,2760216,2754464,4294961544,completed,-11
LoadAware,4062,3658959723,2760416,2754665,4294961545,completed,-11
LoadAware,4063,3658959723,2760618,2755062,4294961740,completed,-11
LoadAware,4064,3658959723,2760818,2755171,4294961649,completed,-11
LoadAware,4065,3658959723,2761018,2755280,4294961558,completed,-11
LoadAware,4066,3658959723,2761218,2755466,4294961544,completed,-11
LoadAware,4067,3658959723,2761418,2755667,4294961545,completed,-11
LoadAware,4068,3658959723,2761618,2755866,4294961544,completed,-11
LoadAware,4069,3658959723,2761820,2756072,4294961548,completed,-11
LoadAware,4070,3658959723,2762020,2756268,4294961544,completed,-11
LoadAware,4071,3658959723,2762220,2756468,4294961544,completed,-11
LoadAware,4072,3658959723,2762420,2756669,4294961545,completed,-11
LoadAware,4073,3658959723,2762620,2757065,4294961741,completed,-11
LoadAware,4074,3658959723,2762820,2757169,4294961645,completed,-11
LoadAware,4075,3658959723,2763020,2757272,4294961548,completed,-11
LoadAware,4076,3658959723,2763220,2757469,4294961545,completed,-11
LoadAware,4077,3658959723,2763420,2757668,4294961544,completed,-11
LoadAware,4078,3658959723,2763620,2757868,4294961544,completed,-11
LoadAware,4079,3658959723,2763820,2758072,4294961548,completed,-11
LoadAware,4080,3658959723,2764020,2758269,4294961545,completed,-11
LoadAware,4081,3658959723,2764220,2758470,4294961546,completed,-10
LoadAware,4082,3658959723,2764420,2758668,4294961544,completed,-10
LoadAware,4083,3658959723,2764620,2759063,4294961739,completed,-10
LoadAware,4084,3658959723,2764820,2759172,4294961648,completed,-10
LoadAware,4085,3658959723,2765020,2759282,4294961558,completed,-10
LoadAware,4086,3658959723,2765220,2759468,4294961544,completed,-10
LoadAware,4087,3658959723,2765420,2759670,4294961546,completed,-10
LoadAware,4088,3658959723,2765620,2759868,4294961544,completed,-10
LoadAware,4089,3658959723,2765823,2760079,4294961552,completed,-10
LoadAware,4090,3658959723,2766023,2760320,4294961593,completed,-11
LoadAware,4091,3658959723,2766223,2760471,4294961544,completed,-11
LoadAware,4092,3658959723,2766423,2760671,4294961544,completed,-11
LoadAware,4093,3658959723,2766623,2761090,4294961763,completed,-11
LoadAware,4094,3658959723,2766823,2761200,4294961673,completed,-11
LoadAware,4095,3658959723,2767023,2761303,4294961576,completed,-11
LoadAware,4096,3658959723,2767223,2761471,4294961544,completed,-11
LoadAware,4097,3658959723,2767423,2761672,4294961545,completed,-11
LoadAware,SUMMARY,ALL,0,0,121970,batch_complete,0
----------------,---,---,---,---,---,----------------,---
LoadAware,4098,3658959723,2767623,2761871,4294961544,completed,-11
LoadAware,4099,3658959723,2897093,2891342,4294961545,completed,-9
LoadAware,4100,3658959723,2897293,2891543,4294961546,completed,-9
LoadAware,4101,3658959723,2897493,2891742,4294961545,completed,-9
LoadAware,4102,3658959723,2897693,2891942,4294961545,completed,-9
LoadAware,4103,3658959723,2898085,2892335,4294961546,completed,-9
LoadAware,4104,3658959723,2898285,2892536,4294961547,completed,-10
LoadAware,4105,3658959723,2898485,2892734,4294961545,completed,-10
LoadAware,4106,3658959723,2898685,2892934,4294961545,completed,-10
LoadAware,4107,3658959723,2898885,2893134,4294961545,completed,-10
LoadAware,4108,3658959723,2899090,2893342,4294961548,completed,-10
LoadAware,4109,3658959723,2899290,2893540,4294961546,completed,-10
LoadAware,4110,3658959723,2899490,2893739,4294961545,completed,-10
LoadAware,4111,3658959723,2899690,2893939,4294961545,completed,-10
LoadAware,4112,3658959723,2899890,2894382,4294961788,completed,-10
LoadAware,4113,3658959723,2900090,2894485,4294961691,completed,-10
LoadAware,4114,3658959723,2900290,2894588,4294961594,completed,-10
LoadAware,4115,3658959723,2900490,2894739,4294961545,completed,-10
LoadAware,4116,3658959723,2900690,2894941,4294961547,completed,-10
LoadAware,4117,3658959723,2900890,2895139,4294961545,completed,-10
LoadAware,4118,3658959723,2901092,2895345,4294961549,completed,-10
LoadAware,4119,3658959723,2901292,2895541,4294961545,completed,-10
LoadAware,4120,3658959723,2901492,2895741,4294961545,completed,-10
LoadAware,4121,3658959723,2901692,2895941,4294961545,completed,-10
LoadAware,4122,3658959723,2901892,2896337,4294961741,completed,-10
LoadAware,4123,3658959723,2902092,2896443,4294961647,completed,-10
LoadAware,4124,3658959723,2902292,2896544,4294961548,completed,-10
LoadAware,4125,3658959723,2902492,2896742,4294961546,completed,-10
LoadAware,4126,3658959723,2902692,2896940,4294961544,completed,-10
LoadAware,4127,3658959723,2902892,2897142,4294961546,completed,-10
LoadAware,4128,3658959723,2903094,2897348,4294961550,completed,-10
LoadAware,4129,3658959723,2903294,2897543,4294961545,completed,-10
LoadAware,4130,3658959723,2903494,2897743,4294961545,completed,-10
LoadAware,4131,3658959723,2903694,2897943,4294961545,completed,-10
LoadAware,4132,3658959723,2903894,2898338,4294961740,completed,-10
LoadAware,4133,3658959723,2904094,2898441,4294961643,completed,-11
LoadAware,4134,3658959723,2904294,2898547,4294961549,completed,-11
LoadAware,4135,3658959723,2904494,2898743,4294961545,completed,-11
LoadAware,4136,3658959723,2904694,2898946,4294961548,completed,-11
LoadAware,4137,3658959723,2904894,2899143,4294961545,completed,-11
LoadAware,4138,3658959723,2905096,2899349,4294961549,completed,-11
LoadAware,4139,3658959723,2905296,2899545,4294961545,completed,-11
LoadAware,4140,3658959723,2905496,2899745,4294961545,completed,-11
LoadAware,4141,3658959723,2905696,2899946,4294961546,completed,-11
LoadAware,4142,3658959723,2905896,2900340,4294961740,completed,-11
LoadAware,4143,3658959723,2906096,2900447,4294961647,completed,-11
LoadAware,4144,3658959723,2906296,2900550,4294961550,completed,-11
LoadAware,4145,3658959723,2906496,2900746,4294961546,completed,-11
LoadAware,4146,3658959723,2906696,2900945,4294961545,completed,-11
LoadAware,4160,3037662008,2911495,2905744,4294961545,completed,-27
LoadAware,4147,3658959723,2906896,2901148,4294961548,completed,-11
LoadAware,4148,3658959723,2907096,2903533,4294963733,completed,-10
LoadAware,4149,3658959723,2909294,2903797,4294961799,completed,-10
LoadAware,4150,3658959723,2909494,2904062,4294961864,completed,-10
LoadAware,4151,3658959723,2909694,2904332,4294961934,completed,-10
LoadAware,4152,3658959723,2909895,2904739,4294962140,completed,-10
LoadAware,4153,3658959723,2910095,2904856,4294962057,completed,-10
LoadAware,4154,3658959723,2910295,2905133,4294962134,completed,-10
LoadAware,4155,3658959723,2910495,2905235,4294962036,completed,-10
LoadAware,4156,3658959723,2910695,2905381,4294961982,completed,-10
LoadAware,4157,3658959723,2910895,2905740,4294962141,completed,-10
LoadAware,4158,3658959723,2911095,2905935,4294962136,completed,-10
LoadAware,4159,3658959723,2911295,2906037,4294962038,completed,-10
LoadAware,4161,3658959723,2911696,2906139,4294961739,completed,-10
LoadAware,4162,3658959723,2911896,2906241,4294961641,completed,-10
LoadAware,4163,3658959723,2912096,2906347,4294961547,completed,-10
LoadAware,4164,3658959723,2912296,2906546,4294961546,completed,-11
LoadAware,4165,3658959723,2912497,2906753,4294961552,completed,-11
LoadAware,4166,3658959723,2912697,2906969,4294961568,completed,-11
LoadAware,4167,3658959723,2912897,2907146,4294961545,completed,-11
LoadAware,4168,3658959723,2913097,2907348,4294961547,completed,-11
LoadAware,4169,3658959723,2913297,2907549,4294961548,completed,-11
LoadAware,4170,3658959723,2913501,2907753,4294961548,completed,-11
LoadAware,4171,3658959723,2913701,2907953,4294961548,completed,-11
LoadAware,4172,3658959723,2913901,2908152,4294961547,completed,-11
LoadAware,4173,3658959723,2914101,2908351,4294961546,completed,-11
LoadAware,4174,3658959723,2914301,2908743,4294961738,completed,-9
LoadAware,4175,3658959723,2914501,2908846,4294961641,completed,-9
LoadAware,4176,3658959723,2914701,2908953,4294961548,completed,-9
LoadAware,4177,3658959723,2914901,2909151,4294961546,completed,-9
LoadAware,4178,3658959723,2915101,2909351,4294961546,completed,-9
LoadAware,4179,3658959723,2915303,2909745,4294961738,completed,-9
LoadAware,4180,3658959723,2915503,2909848,4294961641,completed,-9
LoadAware,4181,3658959723,2915703,2909955,4294961548,completed,-9
LoadAware,4182,3658959723,2915903,2910153,4294961546,completed,-9
LoadAware,4183,3658959723,2916103,2910354,4294961547,completed,-9
LoadAware,4184,3658959723,2916303,2910553,4294961546,completed,-10
LoadAware,4185,3658959723,2916505,2910754,4294961545,completed,-10
LoadAware,4186,3658959723,2916705,2910954,4294961545,completed,-10
LoadAware,4187,3658959723,2916905,2911155,4294961546,completed,-10
LoadAware,4188,3658959723,2917105,2911356,4294961547,completed,-10
LoadAware,4189,3658959723,2917305,2911747,4294961738,completed,-10
LoadAware,4190,3658959723,2917505,2911862,4294961653,completed,-10
LoadAware,4191,3658959723,2917705,2911972,4294961563,completed,-10
LoadAware,4192,3658959723,2917905,2912156,4294961547,completed,-10
LoadAware,4193,3658959723,2918105,2912353,4294961544,completed,-10
LoadAware,4194,3658959723,2918305,2912554,4294961545,completed,-10
LoadAware,4195,3658959723,2918506,2912760,4294961550,completed,-10
LoadAware,4196,3658959723,2918706,2912956,4294961546,completed,-10
LoadAware,4197,3658959723,2918906,2913155,4294961545,completed,-10
LoadAware,4198,3658959723,2919106,2913355,4294961545,completed,-10
LoadAware,4199,3658959723,2919306,2913749,4294961739,completed,-10
LoadAware,4200,3658959723,2919506,2913852,4294961642,completed,-10
LoadAware,4201,3658959723,2919706,2913958,4294961548,completed,-10
LoadAware,4202,3658959723,2919906,2914155,4294961545,completed,-10
LoadAware,4203,3658959723,2920106,2914358,4294961548,completed,-10
LoadAware,4204,3658959723,2920308,2914749,4294961737,completed,-10
LoadAware,4205,3658959723,2920508,2914857,4294961645,completed,-10
LoadAware,4206,3658959723,2920708,2914960,4294961548,completed,-10
LoadAware,4207,3658959723,2920908,2915157,4294961545,completed,-10
LoadAware,4208,3658959723,2921108,2915357,4294961545,completed,-10
LoadAware,4209,3658959723,2921308,2915752,4294961740,completed,-10
LoadAware,4210,3658959723,2921508,2915858,4294961646,completed,-10
LoadAware,4211,3658959723,2921708,2915961,4294961549,completed,-10
LoadAware,4212,3658959723,2921908,2916157,4294961545,completed,-10
LoadAware,4213,3658959723,2922108,2916357,4294961545,completed,-10
LoadAware,4214,3658959723,2922308,2916559,4294961547,completed,-11
LoadAware,4215,3658959723,2922509,2916760,4294961547,completed,-11
LoadAware,4216,3658959723,2922709,2916960,4294961547,completed,-11
LoadAware,4217,3658959723,2922909,2917158,4294961545,completed,-11
LoadAware,4218,3658959723,2923109,2917358,4294961545,completed,-11
LoadAware,4219,3658959723,2923309,2917557,4294961544,completed,-11
LoadAware,4220,3658959723,2923510,2917761,4294961547,completed,-11
LoadAware,4221,3658959723,2923710,2917959,4294961545,completed,-11
LoadAware,4222,3658959723,2923910,2918159,4294961545,completed,-11
LoadAware,4223,3658959723,2924110,2918359,4294961545,completed,-11
LoadAware,4224,3658959723,2924310,2918561,4294961547,completed,-11
LoadAware,4225,3658959723,2924512,2918764,4294961548,completed,-11
LoadAware,4226,3658959723,2926714,2921157,4294961739,completed,-10
LoadAware,4227,3658959723,2926917,2921531,4294961910,completed,-10
LoadAware,4228,3658959723,2927117,2921634,4294961813,completed,-10
LoadAware,4229,3658959723,2927317,2921737,4294961716,completed,-10
LoadAware,4230,3658959723,2927517,2921840,4294961619,completed,-10
LoadAware,4231,3658959723,2927717,2922158,4294961737,completed,-10
LoadAware,4232,3658959723,2927917,2922268,4294961647,completed,-10
LoadAware,4233,3658959723,2928117,2922371,4294961550,completed,-10
LoadAware,4234,3658959723,2928317,2922566,4294961545,completed,-11
LoadAware,4235,3658959723,2928519,2922769,4294961546,completed,-11
LoadAware,4236,3658959723,2928721,2923166,4294961741,completed,-11
LoadAware,4237,3658959723,2928921,2923270,4294961645,completed,-11
LoadAware,4238,3658959723,2929121,2923373,4294961548,completed,-11
LoadAware,4239,3658959723,2929321,2923570,4294961545,completed,-11
LoadAware,4240,3658959723,2929521,2923770,4294961545,completed,-11
LoadAware,4241,3658959723,2929721,2924165,4294961740,completed,-11
LoadAware,4242,3658959723,2929921,2924270,4294961645,completed,-11
LoadAware,4243,3658959723,2930121,2924373,4294961548,completed,-11
LoadAware,4244,3658959723,2930321,2924571,4294961546,completed,-12
LoadAware,4245,3658959723,2930521,2924772,4294961547,completed,-12
LoadAware,4246,3658959723,2930722,2924971,4294961545,completed,-12
LoadAware,4247,3658959723,2930924,2925175,4294961547,completed,-12
LoadAware,4248,3658959723,2931124,2925373,4294961545,completed,-12
LoadAware,4249,3658959723,2931324,2925573,4294961545,completed,-12
LoadAware,4250,3658959723,2931524,2925776,4294961548,completed,-12
LoadAware,4251,3658959723,2931724,2925973,4294961545,completed,-12
LoadAware,4252,3658959723,2931925,2926177,4294961548,completed,-12
LoadAware,4253,3658959723,2932125,2926379,4294961550,completed,-10
LoadAware,4254,3658959723,2932325,2926575,4294961546,completed,-10
LoadAware,4255,3658959723,2932525,2926805,4294961576,completed,-10
LoadAware,4256,3658959723,2932725,2927169,4294961740,completed,-10
LoadAware,4257,3658959723,2932925,2927278,4294961649,completed,-10
LoadAware,4258,3658959723,2933125,2927387,4294961558,completed,-10
LoadAware,4259,3658959723,2933325,2927575,4294961546,completed,-10
LoadAware,4260,3658959723,2933525,2927776,4294961547,completed,-10
LoadAware,4261,3658959723,2933725,2927974,4294961545,completed,-10
LoadAware,4262,3658959723,2933926,2928178,4294961548,completed,-10
LoadAware,4263,3658959723,2934126,2928379,4294961549,completed,-10
LoadAware,4264,3658959723,2934326,2928577,4294961547,completed,-10
LoadAware,4265,3658959723,2934526,2928781,4294961551,completed,-10
LoadAware,4266,3658959723,2934726,2929207,4294961777,completed,-10
LoadAware,4267,3658959723,2934926,2929316,4294961686,completed,-10
LoadAware,4268,3658959723,2935126,2929419,4294961589,completed,-10
LoadAware,4269,3658959723,2935326,2929575,4294961545,completed,-10
LoadAware,4270,3658959723,2935526,2929775,4294961545,completed,-10
LoadAware,4271,3658959723,2935726,2929977,4294961547,completed,-10
LoadAware,4272,3658959723,2935928,2930181,4294961549,completed,-10
LoadAware,4273,3658959723,2936128,2930377,4294961545,completed,-10
LoadAware,4274,3658959723,2936328,2930579,4294961547,completed,-11
LoadAware,4275,3658959723,2936528,2930778,4294961546,completed,-11
LoadAware,4276,3658959723,2936728,2931173,4294961741,completed,-11
LoadAware,4277,3658959723,2936928,2931277,4294961645,completed,-11
LoadAware,4278,3658959723,2937128,2931380,4294961548,completed,-11
LoadAware,4279,3658959723,2937328,2931577,4294961545,completed,-11
LoadAware,4280,3658959723,2937528,2931778,4294961546,completed,-11
LoadAware,4281,3658959723,2937728,2931978,4294961546,completed,-11
LoadAware,4282,3658959723,2937931,2932186,4294961551,completed,-11
LoadAware,4283,3658959723,2938131,2932382,4294961547,completed,-11
LoadAware,4284,3658959723,2938331,2932580,4294961545,completed,-11
LoadAware,4285,3658959723,2938536,2932787,4294961547,completed,-11
LoadAware,4286,3658959723,2938927,2933176,4294961545,completed,-11
LoadAware,4287,3658959723,2939127,2933376,4294961545,completed,-11
LoadAware,4288,3658959723,2939327,2933577,4294961546,completed,-11
LoadAware,4289,3658959723,2939533,2933784,4294961547,completed,-11
LoadAware,4290,3658959723,2939733,2934176,4294961739,completed,-11
LoadAware,4291,3658959723,2939933,2934279,4294961642,completed,-11
LoadAware,4292,3658959723,2940133,2934386,4294961549,completed,-11
LoadAware,4293,3658959723,2940333,2934583,4294961546,completed,-11
LoadAware,4294,3658959723,2940541,2934791,4294961546,completed,-11
LoadAware,4295,3658959723,2940928,2935178,4294961546,completed,-11
LoadAware,4296,3658959723,2941128,2935377,4294961545,completed,-11
LoadAware,4297,3658959723,2941328,2935577,4294961545,completed,-11
LoadAware,4298,3658959723,2941535,2935786,4294961547,completed,-11
LoadAware,4299,3658959723,2941735,2936180,4294961741,completed,-11
LoadAware,4300,3658959723,2944136,2938582,4294961742,completed,-11
LoadAware,4301,3658959723,2944341,2938707,4294961662,completed,-11
LoadAware,4302,3658959723,2944546,2938815,4294961565,completed,-11
LoadAware,4303,3658959723,2944746,2939022,4294961572,completed,-11
LoadAware,4304,3658959723,2944946,2939195,4294961545,completed,-11
LoadAware,4305,3658959723,2945331,2939580,4294961545,completed,-11
LoadAware,4306,3658959723,2945537,2939793,4294961552,completed,-11
LoadAware,4307,3658959723,2945737,2939986,4294961545,completed,-11
LoadAware,4308,3658959723,2945937,2940187,4294961546,completed,-11
LoadAware,4309,3658959723,2946137,2940386,4294961545,completed,-10
LoadAware,4310,3658959723,2946343,2940592,4294961545,completed,-10
LoadAware,4311,3658959723,2946543,2940794,4294961547,completed,-10
LoadAware,4312,3658959723,2946743,2940993,4294961546,completed,-10
LoadAware,4313,3658959723,2946943,2941583,4294961936,completed,-10
LoadAware,4314,3658959723,2947340,2941692,4294961648,completed,-10
LoadAware,4315,3658959723,2947540,2941795,4294961551,completed,-10
LoadAware,4316,3658959723,2947740,2941989,4294961545,completed,-10
LoadAware,4317,3658959723,2947940,2942190,4294961546,completed,-10
LoadAware,4318,3658959723,2948140,2942391,4294961547,completed,-12
LoadAware,4319,3658959723,2948346,2942595,4294961545,completed,-12
LoadAware,4320,3658959723,2948546,2942819,4294961569,completed,-12
LoadAware,4321,3658959723,2948746,2942996,4294961546,completed,-12
LoadAware,4322,3658959723,2948946,2943195,4294961545,completed,-12
LoadAware,4323,3658959723,2949338,2943588,4294961546,completed,-12
LoadAware,4324,3658959723,2949538,2943788,4294961546,completed,-12
LoadAware,4325,3658959723,2949738,2943988,4294961546,completed,-12
LoadAware,4326,3658959723,2949938,2944187,4294961545,completed,-12
LoadAware,4327,3658959723,2950138,2944388,4294961546,completed,-11
LoadAware,4328,3658959723,2950348,2944596,4294961544,completed,-11
LoadAware,4329,3658959723,2950548,2944812,4294961560,completed,-11
LoadAware,4330,3658959723,2950748,2944997,4294961545,completed,-11
LoadAware,4331,3658959723,2950948,2945197,4294961545,completed,-11
LoadAware,4332,3658959723,2951339,2945592,4294961549,completed,-11
LoadAware,4333,3658959723,2951539,2945789,4294961546,completed,-11
LoadAware,4334,3658959723,2951739,2945989,4294961546,completed,-11
LoadAware,4335,3658959723,2951939,2946188,4294961545,completed,-11
LoadAware,4336,3658959723,2952139,2946389,4294961546,completed,-10
LoadAware,4337,3658959723,2952349,2946599,4294961546,completed,-10
LoadAware,4338,3658959723,2952553,2946805,4294961548,completed,-10
LoadAware,4339,3658959723,2952753,2947002,4294961545,completed,-10
LoadAware,4340,3658959723,2952953,2947202,4294961545,completed,-10
LoadAware,4341,3658959723,2953349,2947598,4294961545,completed,-10
LoadAware,4342,3658959723,2953549,2947798,4294961545,completed,-10
LoadAware,4343,3658959723,2953749,2948000,4294961547,completed,-10
LoadAware,4344,3658959723,2953949,2948199,4294961546,completed,-10
LoadAware,4345,3658959723,2954149,2948593,4294961740,completed,-11
LoadAware,4346,3658959723,2954351,2948704,4294961649,completed,-11
LoadAware,4347,3658959723,2954551,2948813,4294961558,completed,-11
LoadAware,4348,3658959723,2954751,2949001,4294961546,completed,-11
LoadAware,4349,3658959723,2954951,2949200,4294961545,completed,-11
LoadAware,4350,3658959723,2955151,2949592,4294961737,completed,-11
LoadAware,4351,3658959723,2955351,2949701,4294961646,completed,-11
LoadAware,4352,3658959723,2955551,2949819,4294961564,completed,-11
LoadAware,4353,3658959723,2955751,2950001,4294961546,completed,-11
LoadAware,4354,3658959723,2955951,2950201,4294961546,completed,-11
LoadAware,4355,3658959723,2956151,2950595,4294961740,completed,-11
LoadAware,4356,3658959723,2956354,2950705,4294961647,completed,-11
LoadAware,4357,3658959723,2956554,2950808,4294961550,completed,-11
LoadAware,4358,3658959723,2956754,2951003,4294961545,completed,-11
LoadAware,4359,3658959723,2956954,2951203,4294961545,completed,-11
LoadAware,4360,3658959723,2957154,2951595,4294961737,completed,-11
LoadAware,4361,3658959723,2957354,2951714,4294961656,completed,-11
LoadAware,4362,3658959723,2957554,2951817,4294961559,completed,-11
LoadAware,4363,3658959723,2957754,2952003,4294961545,completed,-11
LoadAware,4364,3658959723,2957954,2952203,4294961545,completed,-11
LoadAware,4365,3658959723,2958154,2952599,4294961741,completed,-12
LoadAware,4366,3658959723,2958357,2952702,4294961641,completed,-12
LoadAware,4367,3658959723,2958557,2952809,4294961548,completed,-12
LoadAware,4368,3658959723,2958757,2953008,4294961547,completed,-12
LoadAware,4369,3658959723,2958957,2953207,4294961546,completed,-12
LoadAware,4370,3658959723,2959157,2953601,4294961740,completed,-12
LoadAware,4371,3658959723,2961554,2956046,4294961788,completed,-10
LoadAware,4372,3658959723,2961756,2956154,4294961694,completed,-10
LoadAware,4373,3658959723,2961956,2956263,4294961603,completed,-10
LoadAware,4374,3658959723,2962156,2956406,4294961546,completed,-11
LoadAware,4375,3658959723,2962356,2956605,4294961545,completed,-11
LoadAware,4376,3658959723,2962556,2956999,4294961739,completed,-11
LoadAware,4377,3658959723,2962756,2957111,4294961651,completed,-11
LoadAware,4378,3658959723,2962956,2957214,4294961554,completed,-11
LoadAware,4379,3658959723,2963156,2957406,4294961546,completed,-11
LoadAware,4380,3658959723,2963356,2957605,4294961545,completed,-11
LoadAware,4381,3658959723,2963556,2957806,4294961546,completed,-11
LoadAware,4382,3658959723,2963760,2958228,4294961764,completed,-11
LoadAware,4383,3658959723,2963960,2958340,4294961676,completed,-11
LoadAware,4384,3658959723,2964160,2958443,4294961579,completed,-11
LoadAware,4385,3658959723,2964360,2958611,4294961547,completed,-11
LoadAware,4386,3658959723,2964560,2959017,4294961753,completed,-11
LoadAware,4387,3658959723,2964764,2959120,4294961652,completed,-11
LoadAware,4388,3658959723,2964964,2959223,4294961555,completed,-11
LoadAware,4389,3658959723,2965164,2959413,4294961545,completed,-11
LoadAware,4390,3658959723,2965364,2959613,4294961545,completed,-11
LoadAware,4391,3658959723,2965756,2960052,4294961592,completed,-11
LoadAware,4392,3658959723,2965956,2960206,4294961546,completed,-11
LoadAware,4393,3658959723,2966156,2960406,4294961546,completed,-11
LoadAware,4394,3658959723,2966356,2960605,4294961545,completed,-11
LoadAware,4395,3658959723,2966558,2961002,4294961740,completed,-11
LoadAware,4396,3658959723,2966758,2961109,4294961647,completed,-11
LoadAware,4397,3658959723,2966958,2961212,4294961550,completed,-11
LoadAware,4398,3658959723,2967158,2961410,4294961548,completed,-11
LoadAware,4399,3658959723,2967358,2961607,4294961545,completed,-11
LoadAware,4400,3658959723,2967558,2961809,4294961547,completed,-11
LoadAware,4401,3658959723,2967763,2962129,4294961662,completed,-11
LoadAware,4402,3658959723,2967963,2962232,4294961565,completed,-11
LoadAware,4403,3658959723,2968163,2962412,4294961545,completed,-10
LoadAware,4404,3658959723,2968363,2962612,4294961545,completed,-10
LoadAware,4405,3658959723,2968563,2962812,4294961545,completed,-10
LoadAware,4406,3658959723,2968764,2963015,4294961547,completed,-10
LoadAware,4407,3658959723,2968964,2963213,4294961545,completed,-10
LoadAware,4408,3658959723,2969164,2963413,4294961545,completed,-10
LoadAware,4409,3658959723,2969364,2963615,4294961547,completed,-10
LoadAware,4410,3658959723,2969564,2964008,4294961740,completed,-10
LoadAware,4411,3658959723,2969764,2964113,4294961645,completed,-10
LoadAware,4412,3658959723,2969964,2964216,4294961548,completed,-10
LoadAware,4413,3658959723,2970164,2964413,4294961545,completed,-11
LoadAware,4414,3658959723,2970364,2964614,4294961546,completed,-11
LoadAware,4415,3658959723,2970564,2964814,4294961546,completed,-11
LoadAware,4416,3658959723,2970765,2965017,4294961548,completed,-11
LoadAware,4417,3658959723,2970965,2965214,4294961545,completed,-11
LoadAware,4418,3658959723,2971165,2965414,4294961545,completed,-11
LoadAware,4419,3658959723,2971365,2965614,4294961545,completed,-11
LoadAware,4420,3658959723,2971565,2965815,4294961546,completed,-11
LoadAware,4421,3658959723,2971767,2966022,4294961551,completed,-11
LoadAware,4422,3658959723,2971967,2966216,4294961545,completed,-11
LoadAware,4423,3658959723,2972167,2966417,4294961546,completed,-11
LoadAware,4424,3658959723,2972367,2966617,4294961546,completed,-11
LoadAware,4425,3658959723,2972567,2966816,4294961545,completed,-11
LoadAware,4426,3658959723,2972767,2967016,4294961545,completed,-11
LoadAware,4427,3658959723,2972967,2967216,4294961545,completed,-11
LoadAware,4428,3658959723,2973167,2967428,4294961557,completed,-11
LoadAware,4429,3658959723,2973367,2967703,4294961632,completed,-11
LoadAware,4430,3658959723,2973567,2968012,4294961741,completed,-11
LoadAware,4431,3658959723,2973767,2968202,4294961731,completed,-11
LoadAware,4432,3658959723,2973967,2968454,4294961783,completed,-10
LoadAware,4436,3037662008,2974773,2969023,4294961546,completed,-28
LoadAware,4433,3658959723,2974167,2968556,4294961685,completed,-10
LoadAware,4437,3037662008,2974973,2969222,4294961545,completed,-28
LoadAware,4438,3037662008,2975173,2969422,4294961545,completed,-28
LoadAware,4434,3658959723,2974367,2968658,4294961587,completed,-10
LoadAware,4439,3037662008,2975373,2969622,4294961545,completed,-28
LoadAware,4435,3658959723,2974567,2968818,4294961547,completed,-10
LoadAware,4440,3037662008,2975574,2970036,4294961758,completed,-28
LoadAware,4441,3037662008,2975774,2970139,4294961661,completed,-28
LoadAware,4442,3037662008,2975974,2970242,4294961564,completed,-28
LoadAware,4443,3037662008,2976174,2970423,4294961545,completed,-28
LoadAware,4444,3658959723,2976374,2970623,4294961545,completed,-10
LoadAware,4445,3658959723,2976574,2970825,4294961547,completed,-10
LoadAware,4446,3658959723,2976775,2971027,4294961548,completed,-10
LoadAware,4447,3658959723,2978979,2973422,4294961739,completed,-10
LoadAware,4448,3658959723,2979181,2973926,4294962041,completed,-10
LoadAware,4449,3658959723,2979381,2974207,4294962122,completed,-10
LoadAware,4450,3658959723,2979581,2974310,4294962025,completed,-10
LoadAware,4451,3658959723,2979781,2974411,4294961926,completed,-11
LoadAware,4452,3658959723,2979981,2974514,4294961829,completed,-11
LoadAware,4453,3658959723,2980183,2974616,4294961729,completed,-11
LoadAware,4454,3037662008,2980383,2974633,4294961546,completed,-27
LoadAware,4455,3037662008,2980583,2974839,4294961552,completed,-27
LoadAware,4456,3037662008,2980783,2975035,4294961548,completed,-27
LoadAware,4457,3037662008,2980985,2975429,4294961740,completed,-27
LoadAware,4458,3037662008,2981185,2975534,4294961645,completed,-27
LoadAware,4459,3037662008,2981385,2975637,4294961548,completed,-27
LoadAware,4460,3037662008,2981585,2975834,4294961545,completed,-27
LoadAware,4461,3037662008,2981785,2976033,4294961544,completed,-27
LoadAware,4462,3037662008,2981985,2976426,4294961737,completed,-29
LoadAware,4464,3658959723,2982385,2976635,4294961546,completed,-10
LoadAware,4463,3037662008,2982185,2976529,4294961640,completed,-29
LoadAware,4465,3658959723,2982586,2976835,4294961545,completed,-10
LoadAware,4466,3658959723,2982786,2977036,4294961546,completed,-10
LoadAware,4467,3658959723,2982986,2977430,4294961740,completed,-10
LoadAware,4468,3658959723,2983186,2977536,4294961646,completed,-10
LoadAware,4469,3658959723,2983386,2977638,4294961548,completed,-10
LoadAware,4470,3658959723,2983586,2977835,4294961545,completed,-10
LoadAware,4471,3658959723,2983786,2978035,4294961545,completed,-10
LoadAware,4472,3658959723,2983986,2978236,4294961546,completed,-10
LoadAware,4473,3658959723,2984187,2978439,4294961548,completed,-11
LoadAware,4474,3658959723,2984387,2978638,4294961547,completed,-11
LoadAware,4475,3658959723,2984587,2978837,4294961546,completed,-11
LoadAware,4476,3658959723,2984787,2979036,4294961545,completed,-11
LoadAware,4477,3658959723,2984987,2979237,4294961546,completed,-11
LoadAware,4478,3658959723,2985188,2979440,4294961548,completed,-11
LoadAware,4479,3658959723,2985388,2979638,4294961546,completed,-11
LoadAware,4480,3658959723,2985588,2979838,4294961546,completed,-11
LoadAware,4481,3658959723,2985788,2980038,4294961546,completed,-11
LoadAware,4482,3658959723,2985988,2980237,4294961545,completed,-11
LoadAware,4483,3658959723,2986189,2980441,4294961548,completed,-11
LoadAware,4484,3658959723,2986389,2980638,4294961545,completed,-11
LoadAware,4485,3658959723,2986589,2980838,4294961545,completed,-11
LoadAware,4486,3658959723,2986789,2981039,4294961546,completed,-11
LoadAware,4487,3658959723,2986989,2981435,4294961742,completed,-11
LoadAware,4488,3658959723,2987189,2981544,4294961651,completed,-11
LoadAware,4489,3658959723,2987389,2981653,4294961560,completed,-11
LoadAware,4490,3658959723,2987589,2981839,4294961546,completed,-11
LoadAware,4491,3658959723,2987789,2982039,4294961546,completed,-11
LoadAware,4492,3658959723,2987989,2982238,4294961545,completed,-11
LoadAware,4493,3658959723,2988192,2982445,4294961549,completed,-11
LoadAware,4494,3658959723,2988392,2982642,4294961546,completed,-11
LoadAware,4495,3658959723,2988592,2982842,4294961546,completed,-11
LoadAware,4496,3658959723,2988792,2983041,4294961545,completed,-11
LoadAware,4497,3658959723,2988992,2983436,4294961740,completed,-11
LoadAware,4498,3658959723,2989192,2983545,4294961649,completed,-11
LoadAware,4499,3658959723,2989392,2983655,4294961559,completed,-11
LoadAware,4500,3658959723,2989592,2983842,4294961546,completed,-11
LoadAware,4501,3658959723,2989792,2984042,4294961546,completed,-11
LoadAware,4502,3658959723,2989992,2984242,4294961546,completed,-11
LoadAware,4503,3658959723,2990193,2984446,4294961549,completed,-11
LoadAware,4504,3658959723,2990393,2984644,4294961547,completed,-11
LoadAware,4505,3658959723,2990593,2984843,4294961546,completed,-11
LoadAware,4506,3658959723,2990793,2985042,4294961545,completed,-11
LoadAware,4507,3658959723,2990993,2985476,4294961779,completed,-11
LoadAware,4508,3658959723,2991193,2985585,4294961688,completed,-11
LoadAware,4509,3658959723,2991393,2985688,4294961591,completed,-11
LoadAware,4510,3658959723,2991593,2985843,4294961546,completed,-11
LoadAware,4511,3658959723,2991793,2986042,4294961545,completed,-11
LoadAware,4512,3658959723,2991993,2986243,4294961546,completed,-11
LoadAware,4513,3658959723,2992196,2986449,4294961549,completed,-10
LoadAware,4514,3658959723,2992396,2986646,4294961546,completed,-10
LoadAware,4515,3658959723,2992596,2986846,4294961546,completed,-10
LoadAware,4516,3658959723,2992796,2987047,4294961547,completed,-10
LoadAware,4517,3658959723,2992996,2987441,4294961741,completed,-10
LoadAware,4518,3658959723,2993196,2987546,4294961646,completed,-10
LoadAware,4519,3658959723,2993396,2987649,4294961549,completed,-10
LoadAware,4520,3658959723,2993596,2987846,4294961546,completed,-10
LoadAware,4521,3658959723,2993796,2988045,4294961545,completed,-10
LoadAware,4529,3037662008,2997405,2991849,4294961740,completed,-26
LoadAware,4530,3037662008,2997608,2991952,4294961640,completed,-26
LoadAware,4531,3037662008,2997808,2992058,4294961546,completed,-26
LoadAware,4532,3037662008,2998008,2992257,4294961545,completed,-26
LoadAware,4533,3037662008,2998208,2992457,4294961545,completed,-26
LoadAware,4522,3658959723,2993996,2988246,4294961546,completed,-10
LoadAware,4534,3037662008,2998610,2992920,4294961606,completed,-26
LoadAware,4535,3037662008,2998810,2993059,4294961545,completed,-26
LoadAware,4523,3658959723,2994196,2988446,4294961546,completed,-12
LoadAware,4524,3658959723,2996401,2990846,4294961741,completed,-10
LoadAware,4525,3658959723,2996605,2991277,4294961968,completed,-10
LoadAware,4526,3658959723,2996805,2991379,4294961870,completed,-10
LoadAware,4527,3658959723,2997005,2991551,4294961842,completed,-10
LoadAware,4528,3658959723,2997205,2991848,4294961939,completed,-10
LoadAware,4536,3658959723,2999010,2993261,4294961547,completed,-10
LoadAware,4537,3658959723,2999210,2993463,4294961549,completed,-10
LoadAware,4538,3658959723,2999610,2993861,4294961547,completed,-10
LoadAware,4539,3658959723,2999810,2994061,4294961547,completed,-10
LoadAware,4540,3658959723,3000010,2994261,4294961547,completed,-10
LoadAware,4541,3658959723,3000210,2994461,4294961547,completed,-11
LoadAware,4542,3658959723,3000414,2994891,4294961773,completed,-11
LoadAware,4543,3658959723,3000622,2994994,4294961668,completed,-11
LoadAware,4544,3658959723,3000822,2995097,4294961571,completed,-11
LoadAware,4545,3658959723,3001022,2995272,4294961546,completed,-11
LoadAware,4546,3658959723,3001222,2995471,4294961545,completed,-11
LoadAware,4547,3658959723,3001611,2995861,4294961546,completed,-11
LoadAware,4548,3658959723,3001811,2996061,4294961546,completed,-11
LoadAware,4549,3658959723,3002011,2996262,4294961547,completed,-11
LoadAware,4550,3658959723,3002211,2996460,4294961545,completed,-10
LoadAware,4551,3658959723,3002411,2996914,4294961799,completed,-10
LoadAware,4552,3658959723,3002619,2997017,4294961694,completed,-10
LoadAware,4553,3658959723,3002819,2997120,4294961597,completed,-10
LoadAware,4554,3658959723,3003019,2997270,4294961547,completed,-10
LoadAware,4555,3658959723,3003219,2997468,4294961545,completed,-10
LoadAware,4556,3658959723,3003419,2997862,4294961739,completed,-10
LoadAware,4557,3658959723,3003619,2997971,4294961648,completed,-10
LoadAware,4558,3658959723,3003819,2998073,4294961550,completed,-10
LoadAware,4559,3658959723,3004019,2998268,4294961545,completed,-10
LoadAware,4560,3658959723,3004219,2998469,4294961546,completed,-10
LoadAware,4561,3658959723,3004419,2998673,4294961550,completed,-10
LoadAware,4562,3658959723,3004623,3000123,4294962796,completed,-10
LoadAware,4563,3658959723,3004823,3000225,4294962698,completed,-10
LoadAware,4564,3658959723,3005023,3000350,4294962623,completed,-10
LoadAware,4565,3658959723,3005223,3000602,4294962675,completed,-11
LoadAware,4566,3658959723,3005423,3000705,4294962578,completed,-11
LoadAware,4567,3658959723,3005623,3000807,4294962480,completed,-11
LoadAware,4568,3658959723,3005823,3000909,4294962382,completed,-11
LoadAware,4569,3658959723,3006023,3001011,4294962284,completed,-11
LoadAware,4570,3658959723,3006223,3001114,4294962187,completed,-11
LoadAware,4571,3658959723,3006423,3001217,4294962090,completed,-11
LoadAware,4572,3658959723,3006630,3001320,4294961986,completed,-11
LoadAware,4573,3658959723,3006830,3001423,4294961889,completed,-11
LoadAware,4574,3658959723,3007030,3001526,4294961792,completed,-11
LoadAware,4575,3658959723,3007230,3001628,4294961694,completed,-11
LoadAware,4576,3658959723,3007622,3001874,4294961548,completed,-11
LoadAware,4577,3658959723,3007822,3002072,4294961546,completed,-11
LoadAware,4578,3658959723,3008022,3002271,4294961545,completed,-11
LoadAware,4579,3658959723,3008222,3002472,4294961546,completed,-12
LoadAware,4580,3658959723,3008422,3002672,4294961546,completed,-12
LoadAware,4581,3658959723,3008635,3002906,4294961567,completed,-12
LoadAware,4582,3658959723,3008835,3003090,4294961551,completed,-12
LoadAware,4583,3658959723,3009035,3003285,4294961546,completed,-12
LoadAware,4584,3658959723,3009235,3003487,4294961548,completed,-12
LoadAware,4585,3658959723,3009625,3003876,4294961547,completed,-12
LoadAware,4586,3658959723,3009825,3004075,4294961546,completed,-12
LoadAware,4587,3658959723,3010025,3004274,4294961545,completed,-12
LoadAware,4588,3658959723,3010225,3004476,4294961547,completed,-11
LoadAware,4589,3658959723,3010425,3004675,4294961546,completed,-11
LoadAware,4590,3658959723,3010633,3004907,4294961570,completed,-11
LoadAware,4591,3658959723,3010833,3005082,4294961545,completed,-11
LoadAware,4592,3658959723,3011033,3005301,4294961564,completed,-11
LoadAware,4593,3658959723,3011233,3005482,4294961545,completed,-11
LoadAware,4594,3658959723,3011433,3005879,4294961742,completed,-11
LoadAware,4595,3658959723,3011634,3008075,4294963737,completed,-11
LoadAware,4596,3658959723,3013848,3008293,4294961741,completed,-11
LoadAware,4597,3658959723,3014055,3008412,4294961653,completed,-11
LoadAware,4598,3658959723,3014255,3008523,4294961564,completed,-10
LoadAware,4599,3658959723,3014455,3008704,4294961545,completed,-10
LoadAware,4600,3658959723,3014655,3008904,4294961545,completed,-10
LoadAware,4601,3658959723,3015045,3009303,4294961554,completed,-10
LoadAware,4602,3658959723,3015245,3009495,4294961546,completed,-10
LoadAware,4603,3658959723,3015445,3009699,4294961550,completed,-10
LoadAware,4604,3658959723,3015645,3009895,4294961546,completed,-10
LoadAware,4605,3658959723,3015845,3010095,4294961546,completed,-10
LoadAware,4606,3658959723,3016052,3010303,4294961547,completed,-10
LoadAware,4607,3658959723,3016252,3010501,4294961545,completed,-11
LoadAware,4608,3658959723,3016452,3010702,4294961546,completed,-11
LoadAware,4609,3658959723,3016652,3010901,4294961545,completed,-11
LoadAware,SUMMARY,ALL,0,0,120000,batch_complete,0
----------------,---,---,---,---,---,----------------,---
LoadAware,4610,3658959723,3016852,3011295,4294961739,completed,-11
LoadAware,4611,3658959723,3017052,3011398,4294961642,completed,-11
LoadAware,4612,3658959723,3149088,3143340,4294961548,completed,-9
LoadAware,4613,3658959723,3149288,3143538,4294961546,completed,-9
LoadAware,4614,3658959723,3149488,3143738,4294961546,completed,-9
LoadAware,4615,3658959723,3149688,3143938,4294961546,completed,-9
LoadAware,4616,3658959723,3149928,3144179,4294961547,completed,-9
LoadAware,4617,3658959723,3150128,3144378,4294961546,completed,-9
LoadAware,4618,3658959723,3150328,3144578,4294961546,completed,-10
LoadAware,4619,3658959723,3150528,3144778,4294961546,completed,-10
LoadAware,4620,3658959723,3150728,3145173,4294961741,completed,-10
LoadAware,4621,3658959723,3153128,3147572,4294961740,completed,-10
LoadAware,4622,3658959723,3153328,3148068,4294962036,completed,-10
LoadAware,4623,3658959723,3153528,3148171,4294961939,completed,-10
LoadAware,4624,3658959723,3153728,3148274,4294961842,completed,-10
LoadAware,4625,3658959723,3153928,3148380,4294961748,completed,-10
LoadAware,4626,3658959723,3154128,3148483,4294961651,completed,-10
LoadAware,4627,3658959723,3154333,3148587,4294961550,completed,-10
LoadAware,4628,3658959723,3154533,3148787,4294961550,completed,-10
LoadAware,4629,3658959723,3154733,3148986,4294961549,completed,-10
LoadAware,4630,3658959723,3154933,3149183,4294961546,completed,-10
LoadAware,4631,3658959723,3155133,3149616,4294961779,completed,-10
LoadAware,4632,3658959723,3155333,3149724,4294961687,completed,-10
LoadAware,4633,3658959723,3155540,3149833,4294961589,completed,-10
LoadAware,4634,3658959723,3155740,3149993,4294961549,completed,-10
LoadAware,4635,3658959723,3155940,3150190,4294961546,completed,-10
LoadAware,4636,3658959723,3156333,3150583,4294961546,completed,-11
LoadAware,4637,3658959723,3156533,3150798,4294961561,completed,-11
LoadAware,4638,3658959723,3156733,3150984,4294961547,completed,-11
LoadAware,4639,3658959723,3156933,3151183,4294961546,completed,-11
LoadAware,4640,3658959723,3157134,3151579,4294961741,completed,-11
LoadAware,4641,3658959723,3157334,3151682,4294961644,completed,-11
LoadAware,4642,3658959723,3157534,3151789,4294961551,completed,-11
LoadAware,4643,3658959723,3157734,3151984,4294961546,completed,-11
LoadAware,4644,3658959723,3157934,3152185,4294961547,completed,-11
LoadAware,4645,3658959723,3158134,3152385,4294961547,completed,-11
LoadAware,4646,3658959723,3158337,3152594,4294961553,completed,-10
LoadAware,4647,3658959723,3158544,3152820,4294961572,completed,-10
LoadAware,4648,3658959723,3158744,3152994,4294961546,completed,-10
LoadAware,4649,3658959723,3158944,3153196,4294961548,completed,-10
LoadAware,4650,3658959723,3159332,3153583,4294961547,completed,-10
LoadAware,4651,3658959723,3159532,3153783,4294961547,completed,-10
LoadAware,4652,3658959723,3159732,3153982,4294961546,completed,-10
LoadAware,4653,3658959723,3159932,3154182,4294961546,completed,-10
LoadAware,4654,3658959723,3160132,3154382,4294961546,completed,-10
LoadAware,4655,3658959723,3160339,3154590,4294961547,completed,-11
LoadAware,4656,3658959723,3160545,3154799,4294961550,completed,-11
LoadAware,4657,3658959723,3160745,3154995,4294961546,completed,-11
LoadAware,4658,3658959723,3160945,3155195,4294961546,completed,-11
LoadAware,4659,3658959723,3161334,3155585,4294961547,completed,-11
LoadAware,4660,3658959723,3161534,3155787,4294961549,completed,-11
LoadAware,4661,3658959723,3161734,3155984,4294961546,completed,-11
LoadAware,4662,3658959723,3161934,3156184,4294961546,completed,-11
LoadAware,4663,3658959723,3162134,3156384,4294961546,completed,-11
LoadAware,4664,3658959723,3162341,3156592,4294961547,completed,-10
LoadAware,4665,3658959723,3162546,3156799,4294961549,completed,-10
LoadAware,4666,3658959723,3162746,3156997,4294961547,completed,-10
LoadAware,4667,3658959723,3162946,3157196,4294961546,completed,-10
LoadAware,4668,3658959723,3163336,3157590,4294961550,completed,-10
LoadAware,4669,3658959723,3163536,3157788,4294961548,completed,-10
LoadAware,4670,3658959723,3163736,3157986,4294961546,completed,-10
LoadAware,4671,3658959723,3163937,3158187,4294961546,completed,-10
LoadAware,4672,3658959723,3164137,3158390,4294961549,completed,-10
LoadAware,4673,3658959723,3164343,3158596,4294961549,completed,-11
LoadAware,4674,3658959723,3164544,3158798,4294961550,completed,-11
LoadAware,4675,3658959723,3164744,3158994,4294961546,completed,-11
LoadAware,4676,3658959723,3164944,3159194,4294961546,completed,-11
LoadAware,4677,3658959723,3165144,3159591,4294961743,completed,-11
LoadAware,4678,3658959723,3165344,3159700,4294961652,completed,-11
LoadAware,4679,3658959723,3165544,3159803,4294961555,completed,-11
LoadAware,4680,3658959723,3165744,3159994,4294961546,completed,-11
LoadAware,4681,3658959723,3165944,3160195,4294961547,completed,-11
LoadAware,4682,3658959723,3166144,3160394,4294961546,completed,-11
LoadAware,4683,3658959723,3166347,3160600,4294961549,completed,-10
LoadAware,4684,3658959723,3166547,3160799,4294961548,completed,-10
LoadAware,4685,3658959723,3166747,3160998,4294961547,completed,-10
LoadAware,4686,3658959723,3166947,3161197,4294961546,completed,-10
LoadAware,4687,3658959723,3167147,3161669,4294961818,completed,-10
LoadAware,4688,3658959723,3167347,3161772,4294961721,completed,-10
LoadAware,4689,3658959723,3167547,3161875,4294961624,completed,-10
LoadAware,4690,3658959723,3167747,3161997,4294961546,completed,-10
LoadAware,4691,3658959723,3167947,3162197,4294961546,completed,-10
LoadAware,4692,3658959723,3168147,3162595,4294961744,completed,-11
LoadAware,4693,3658959723,3168350,3162698,4294961644,completed,-11
LoadAware,4694,3037662008,3170553,3165006,4294961749,completed,-26
LoadAware,4699,3658959723,3171555,3165997,4294961738,completed,-11
LoadAware,4700,3658959723,3171755,3166106,4294961647,completed,-11
LoadAware,4695,3037662008,3170755,3165200,4294961741,completed,-26
LoadAware,4701,3658959723,3171955,3166217,4294961558,completed,-11
LoadAware,4702,3658959723,3172155,3166406,4294961547,completed,-11
LoadAware,4696,3037662008,3170955,3165472,4294961813,completed,-26
LoadAware,4697,3037662008,3171155,3165747,4294961888,completed,-26
LoadAware,4703,3658959723,3172355,3166605,4294961546,completed,-11
LoadAware,4698,3037662008,3171355,3166024,4294961965,completed,-26
LoadAware,4704,3658959723,3172555,3166999,4294961740,completed,-11
LoadAware,4705,3658959723,3172755,3167102,4294961643,completed,-11
LoadAware,4706,3658959723,3172955,3167208,4294961549,completed,-11
LoadAware,4707,3658959723,3173155,3167406,4294961547,completed,-11
LoadAware,4708,3658959723,3173355,3167607,4294961548,completed,-11
LoadAware,4709,3658959723,3173555,3167806,4294961547,completed,-11
LoadAware,4710,3658959723,3173758,3168012,4294961550,completed,-11
LoadAware,4711,3658959723,3173958,3168208,4294961546,completed,-11
LoadAware,4712,3658959723,3174158,3168409,4294961547,completed,-11
LoadAware,4713,3658959723,3174358,3168609,4294961547,completed,-10
LoadAware,4714,3658959723,3174558,3169002,4294961740,completed,-10
LoadAware,4715,3658959723,3174769,3169105,4294961632,completed,-10
LoadAware,4716,3658959723,3174969,3169221,4294961548,completed,-10
LoadAware,4717,3658959723,3175169,3169420,4294961547,completed,-10
LoadAware,4718,3658959723,3175369,3169619,4294961546,completed,-10
LoadAware,4719,3658959723,3175755,3170007,4294961548,completed,-10
LoadAware,4720,3658959723,3175955,3170206,4294961547,completed,-10
LoadAware,4721,3658959723,3176155,3170405,4294961546,completed,-10
LoadAware,4722,3658959723,3176355,3170605,4294961546,completed,-11
LoadAware,4723,3658959723,3176555,3170811,4294961552,completed,-11
LoadAware,4724,3658959723,3176765,3171016,4294961547,completed,-11
LoadAware,4725,3658959723,3176965,3171215,4294961546,completed,-11
LoadAware,4726,3658959723,3177165,3171416,4294961547,completed,-11
LoadAware,4727,3658959723,3177365,3171615,4294961546,completed,-11
LoadAware,4728,3658959723,3177565,3172009,4294961740,completed,-11
LoadAware,4729,3658959723,3177765,3172112,4294961643,completed,-11
LoadAware,4730,3658959723,3177965,3172218,4294961549,completed,-11
LoadAware,4731,3658959723,3178165,3172415,4294961546,completed,-11
LoadAware,4732,3658959723,3178365,3172617,4294961548,completed,-10
LoadAware,4733,3658959723,3178565,3172815,4294961546,completed,-10
LoadAware,4734,3658959723,3178766,3173019,4294961549,completed,-10
LoadAware,4735,3658959723,3178966,3173216,4294961546,completed,-10
LoadAware,4736,3658959723,3179166,3173416,4294961546,completed,-10
LoadAware,4737,3658959723,3179366,3173616,4294961546,completed,-10
LoadAware,4738,3658959723,3179566,3173817,4294961547,completed,-10
LoadAware,4739,3658959723,3179777,3174027,4294961546,completed,-10
LoadAware,4740,3658959723,3179977,3174228,4294961547,completed,-10
LoadAware,4741,3658959723,3180177,3174428,4294961547,completed,-10
LoadAware,4742,3658959723,3180377,3174628,4294961547,completed,-10
LoadAware,4743,3658959723,3180765,3175017,4294961548,completed,-10
LoadAware,4744,3658959723,3180965,3175217,4294961548,completed,-10
LoadAware,4745,3658959723,3181165,3175417,4294961548,completed,-10
LoadAware,4746,3658959723,3181365,3175615,4294961546,completed,-10
LoadAware,4747,3658959723,3181565,3176012,4294961743,completed,-10
LoadAware,4748,3658959723,3181765,3176120,4294961651,completed,-10
LoadAware,4749,3658959723,3181965,3176230,4294961561,completed,-10
LoadAware,4750,3658959723,3182165,3176415,4294961546,completed,-10
LoadAware,4751,3658959723,3182365,3176619,4294961550,completed,-10
LoadAware,4752,3658959723,3182565,3176818,4294961549,completed,-10
LoadAware,4753,3658959723,3182775,3177029,4294961550,completed,-10
LoadAware,4754,3658959723,3182975,3177225,4294961546,completed,-10
LoadAware,4755,3658959723,3183175,3177425,4294961546,completed,-10
LoadAware,4756,3658959723,3183375,3177625,4294961546,completed,-10
LoadAware,4757,3658959723,3183575,3177825,4294961546,completed,-10
LoadAware,4758,3658959723,3183776,3178030,4294961550,completed,-10
LoadAware,4759,3658959723,3183976,3178226,4294961546,completed,-10
LoadAware,4760,3658959723,3184176,3178427,4294961547,completed,-10
LoadAware,4761,3658959723,3184376,3178627,4294961547,completed,-10
LoadAware,4762,3658959723,3184576,3179021,4294961741,completed,-10
LoadAware,4763,3658959723,3184776,3179126,4294961646,completed,-10
LoadAware,4764,3658959723,3184976,3179229,4294961549,completed,-10
LoadAware,4765,3658959723,3185176,3179426,4294961546,completed,-10
LoadAware,4766,3658959723,3185376,3179626,4294961546,completed,-10
LoadAware,4767,3658959723,3185576,3179828,4294961548,completed,-10
LoadAware,4768,3658959723,3185779,3180034,4294961551,completed,-10
LoadAware,4769,3658959723,3187985,3182429,4294961740,completed,-10
LoadAware,4770,3658959723,3188185,3182624,4294961735,completed,-10
LoadAware,4771,3658959723,3188385,3182727,4294961638,completed,-10
LoadAware,4772,3658959723,3188585,3182836,4294961547,completed,-10
LoadAware,4773,3658959723,3188785,3183035,4294961546,completed,-10
LoadAware,4774,3658959723,3188985,3183235,4294961546,completed,-10
LoadAware,4775,3658959723,3189186,3183438,4294961548,completed,-10
LoadAware,4776,3658959723,3189386,3183637,4294961547,completed,-10
LoadAware,4777,3658959723,3189586,3183988,4294961698,completed,-10
LoadAware,4778,3658959723,3189786,3184098,4294961608,completed,-10
LoadAware,4779,3658959723,3189986,3184237,4294961547,completed,-10
LoadAware,4780,3658959723,3190190,3184488,4294961594,completed,-10
LoadAware,4781,3658959723,3190390,3184642,4294961548,completed,-11
LoadAware,4782,3658959723,3190590,3184843,4294961549,completed,-11
LoadAware,4783,3658959723,3190790,3185043,4294961549,completed,-11
LoadAware,4784,3658959723,3190990,3185432,4294961738,completed,-11
LoadAware,4785,3658959723,3191190,3185535,4294961641,completed,-11
LoadAware,4786,3658959723,3191390,3185641,4294961547,completed,-11
LoadAware,4787,3658959723,3191590,3185842,4294961548,completed,-11
LoadAware,4788,3658959723,3191790,3186046,4294961552,completed,-11
LoadAware,4789,3658959723,3191990,3186241,4294961547,completed,-11
LoadAware,4790,3658959723,3192193,3186490,4294961593,completed,-11
LoadAware,4791,3658959723,3192393,3186645,4294961548,completed,-10
LoadAware,4792,3658959723,3192593,3186844,4294961547,completed,-10
LoadAware,4793,3658959723,3192793,3187043,4294961546,completed,-10
LoadAware,4794,3658959723,3192993,3187435,4294961738,completed,-10
LoadAware,4795,3658959723,3193193,3187538,4294961641,completed,-10
LoadAware,4796,3658959723,3193393,3187645,4294961548,completed,-10
LoadAware,4797,3658959723,3193593,3187844,4294961547,completed,-10
LoadAware,4798,3658959723,3193793,3188043,4294961546,completed,-10
LoadAware,4799,3658959723,3193993,3188244,4294961547,completed,-10
LoadAware,4800,3658959723,3194195,3188514,4294961615,completed,-10
LoadAware,4801,3658959723,3194395,3188647,4294961548,completed,-11
LoadAware,4802,3658959723,3194595,3188845,4294961546,completed,-11
LoadAware,4803,3658959723,3194795,3189045,4294961546,completed,-11
LoadAware,4804,3658959723,3194995,3189245,4294961546,completed,-11
LoadAware,4805,3658959723,3195195,3189449,4294961550,completed,-11
LoadAware,4806,3658959723,3195395,3189645,4294961546,completed,-11
LoadAware,4807,3658959723,3195595,3189846,4294961547,completed,-11
LoadAware,4808,3658959723,3195795,3190045,4294961546,completed,-11
LoadAware,4809,3658959723,3195995,3190245,4294961546,completed,-11
LoadAware,4810,3658959723,3196198,3190452,4294961550,completed,-11
LoadAware,4811,3658959723,3196398,3190650,4294961548,completed,-10
LoadAware,4812,3658959723,3196598,3190848,4294961546,completed,-10
LoadAware,4813,3658959723,3196798,3191048,4294961546,completed,-10
LoadAware,4814,3658959723,3196998,3191443,4294961741,completed,-10
LoadAware,4815,3658959723,3197198,3191549,4294961647,completed,-10
LoadAware,4816,3658959723,3197398,3191652,4294961550,completed,-10
LoadAware,4817,3658959723,3197598,3191849,4294961547,completed,-10
LoadAware,4818,3658959723,3197798,3192048,4294961546,completed,-10
LoadAware,4819,3658959723,3197998,3192249,4294961547,completed,-10
LoadAware,4820,3658959723,3198200,3192630,4294961726,completed,-10
LoadAware,4821,3658959723,3198400,3192733,4294961629,completed,-10
LoadAware,4822,3658959723,3198600,3192851,4294961547,completed,-10
LoadAware,4823,3658959723,3198800,3193051,4294961547,completed,-10
LoadAware,4824,3658959723,3199000,3193250,4294961546,completed,-10
LoadAware,4825,3658959723,3199202,3193454,4294961548,completed,-10
LoadAware,4826,3658959723,3199402,3193654,4294961548,completed,-10
LoadAware,4827,3658959723,3199602,3193853,4294961547,completed,-10
LoadAware,4828,3658959723,3199802,3194055,4294961549,completed,-10
LoadAware,4829,3658959723,3200003,3194447,4294961740,completed,-10
LoadAware,4830,3658959723,3200203,3194556,4294961649,completed,-11
LoadAware,4831,3658959723,3200403,3194659,4294961552,completed,-11
LoadAware,4832,3658959723,3200603,3194854,4294961547,completed,-11
LoadAware,4833,3658959723,3200803,3195053,4294961546,completed,-11
LoadAware,4834,3658959723,3201003,3195256,4294961549,completed,-11
LoadAware,4835,3658959723,3201204,3195457,4294961549,completed,-11
LoadAware,4836,3658959723,3201404,3195655,4294961547,completed,-11
LoadAware,4837,3658959723,3201604,3195856,4294961548,completed,-11
LoadAware,4838,3658959723,3201804,3196054,4294961546,completed,-11
LoadAware,4839,3658959723,3202004,3196449,4294961741,completed,-11
LoadAware,4840,3658959723,3202204,3196564,4294961656,completed,-9
LoadAware,4841,3658959723,3202404,3196666,4294961558,completed,-9
LoadAware,4842,3658959723,3202604,3196854,4294961546,completed,-9
LoadAware,4843,3658959723,3202804,3197054,4294961546,completed,-9
LoadAware,4844,3658959723,3203004,3197254,4294961546,completed,-9
LoadAware,4845,3658959723,3205397,3199845,4294961744,completed,-10
LoadAware,4846,3658959723,3205602,3199948,4294961642,completed,-10
LoadAware,4847,3658959723,3205802,3200055,4294961549,completed,-10
LoadAware,4848,3658959723,3206002,3200253,4294961547,completed,-10
LoadAware,4849,3658959723,3206202,3200452,4294961546,completed,-10
LoadAware,4850,3658959723,3206595,3200852,4294961553,completed,-10
LoadAware,4851,3658959723,3206795,3201049,4294961550,completed,-10
LoadAware,4852,3658959723,3206995,3201245,4294961546,completed,-10
LoadAware,4853,3658959723,3207195,3201445,4294961546,completed,-10
LoadAware,4854,3658959723,3207395,3201646,4294961547,completed,-10
LoadAware,4855,3658959723,3207609,3201902,4294961589,completed,-10
LoadAware,4856,3658959723,3207809,3202059,4294961546,completed,-10
LoadAware,4857,3658959723,3208009,3202260,4294961547,completed,-10
LoadAware,4858,3658959723,3208209,3202462,4294961549,completed,-10
LoadAware,4859,3658959723,3208598,3202875,4294961573,completed,-10
LoadAware,4860,3658959723,3208798,3203051,4294961549,completed,-10
LoadAware,4861,3658959723,3208998,3203249,4294961547,completed,-10
LoadAware,4862,3658959723,3209198,3203449,4294961547,completed,-10
LoadAware,4863,3658959723,3209398,3203648,4294961546,completed,-10
LoadAware,4864,3658959723,3209609,3203897,4294961584,completed,-10
LoadAware,4865,3658959723,3209809,3204063,4294961550,completed,-10
LoadAware,4866,3658959723,3210009,3204263,4294961550,completed,-10
LoadAware,4867,3658959723,3210209,3204459,4294961546,completed,-10
LoadAware,4868,3658959723,3210599,3204852,4294961549,completed,-10
LoadAware,4869,3658959723,3210799,3205049,4294961546,completed,-10
LoadAware,4870,3658959723,3210999,3205250,4294961547,completed,-10
LoadAware,4871,3658959723,3211199,3205449,4294961546,completed,-10
LoadAware,4872,3658959723,3211399,3205650,4294961547,completed,-10
LoadAware,4873,3658959723,3211611,3205862,4294961547,completed,-10
LoadAware,4874,3658959723,3211811,3206062,4294961547,completed,-10
LoadAware,4875,3658959723,3212011,3206262,4294961547,completed,-10
LoadAware,4876,3658959723,3212211,3206462,4294961547,completed,-10
LoadAware,4877,3658959723,3212608,3206861,4294961549,completed,-10
LoadAware,4878,3658959723,3212808,3207059,4294961547,completed,-10
LoadAware,4879,3658959723,3213008,3207258,4294961546,completed,-10
LoadAware,4880,3658959723,3213208,3207459,4294961547,completed,-10
LoadAware,4881,3658959723,3213408,3207858,4294961746,completed,-10
LoadAware,4882,3658959723,3213613,3207964,4294961647,completed,-10
LoadAware,4883,3658959723,3213813,3208067,4294961550,completed,-10
LoadAware,4884,3658959723,3214013,3208264,4294961547,completed,-10
LoadAware,4885,3658959723,3214213,3208467,4294961550,completed,-10
LoadAware,4886,3658959723,3214612,3208865,4294961549,completed,-10
LoadAware,4887,3658959723,3214812,3209062,4294961546,completed,-10
LoadAware,4888,3658959723,3215012,3209263,4294961547,completed,-10
LoadAware,4889,3658959723,3215212,3209462,4294961546,completed,-10
LoadAware,4890,3658959723,3215611,3209862,4294961547,completed,-10
LoadAware,4891,3658959723,3215811,3210062,4294961547,completed,-10
LoadAware,4892,3658959723,3216011,3210262,4294961547,completed,-10
LoadAware,4893,3658959723,3216211,3210461,4294961546,completed,-10
LoadAware,4894,3658959723,3216411,3210857,4294961742,completed,-10
LoadAware,4895,3658959723,3216615,3210960,4294961641,completed,-10
LoadAware,4896,3658959723,3216815,3211068,4294961549,completed,-10
LoadAware,4897,3658959723,3217015,3211269,4294961550,completed,-10
LoadAware,4898,3658959723,3217215,3211466,4294961547,completed,-10
LoadAware,4899,3658959723,3217613,3211865,4294961548,completed,-10
LoadAware,4900,3658959723,3217813,3212064,4294961547,completed,-10
LoadAware,4901,3658959723,3218013,3212263,4294961546,completed,-10
LoadAware,4902,3658959723,3218213,3212463,4294961546,completed,-10
LoadAware,4903,3658959723,3218414,3212859,4294961741,completed,-10
LoadAware,4904,3658959723,3218617,3212982,4294961661,completed,-10
LoadAware,4905,3658959723,3218817,3213085,4294961564,completed,-10
LoadAware,4906,3658959723,3219017,3213267,4294961546,completed,-10
LoadAware,4907,3658959723,3219217,3213467,4294961546,completed,-10
LoadAware,4908,3658959723,3219417,3213862,4294961741,completed,-10
LoadAware,4909,3658959723,3219620,3213965,4294961641,completed,-10
LoadAware,4910,3658959723,3219820,3214073,4294961549,completed,-10
LoadAware,4911,3658959723,3220020,3214271,4294961547,completed,-10
LoadAware,4912,3658959723,3220220,3214470,4294961546,completed,-10
LoadAware,4913,3658959723,3220623,3214882,4294961555,completed,-10
LoadAware,4914,3658959723,3222838,3217282,4294961740,completed,-10
LoadAware,4915,3658959723,3223038,3217390,4294961648,completed,-10
LoadAware,4916,3658959723,3223238,3217499,4294961557,completed,-10
LoadAware,4917,3658959723,3223438,3217690,4294961548,completed,-10
LoadAware,4918,3658959723,3223638,3217889,4294961547,completed,-10
LoadAware,4919,3658959723,3223838,3218088,4294961546,completed,-10
LoadAware,4920,3658959723,3224039,3218293,4294961550,completed,-10
LoadAware,4921,3658959723,3224239,3218490,4294961547,completed,-10
LoadAware,4922,3658959723,3224439,3218692,4294961549,completed,-9
LoadAware,4923,3658959723,3224639,3218890,4294961547,completed,-9
LoadAware,4924,3658959723,3224839,3219090,4294961547,completed,-9
LoadAware,4925,3658959723,3225042,3219366,4294961620,completed,-9
LoadAware,4926,3658959723,3225242,3219493,4294961547,completed,-9
LoadAware,4927,3658959723,3225442,3219692,4294961546,completed,-9
LoadAware,4928,3658959723,3225642,3219893,4294961547,completed,-9
LoadAware,4929,3658959723,3225842,3220286,4294961740,completed,-9
LoadAware,4930,3658959723,3226042,3220389,4294961643,completed,-9
LoadAware,4931,3658959723,3226242,3220495,4294961549,completed,-9
LoadAware,4932,3658959723,3226442,3220694,4294961548,completed,-10
LoadAware,4933,3658959723,3226642,3220895,4294961549,completed,-10
LoadAware,4934,3658959723,3226842,3221093,4294961547,completed,-10
LoadAware,4935,3658959723,3227044,3221486,4294961738,completed,-10
LoadAware,4936,3658959723,3227244,3221589,4294961641,completed,-10
LoadAware,4937,3658959723,3227444,3221695,4294961547,completed,-10
LoadAware,4938,3658959723,3227644,3221923,4294961575,completed,-10
LoadAware,4939,3658959723,3227844,3222095,4294961547,completed,-10
LoadAware,4940,3658959723,3228045,3222298,4294961549,completed,-10
LoadAware,4941,3658959723,3228245,3222496,4294961547,completed,-10
LoadAware,4942,3658959723,3228445,3222697,4294961548,completed,-10
LoadAware,4943,3658959723,3228645,3222896,4294961547,completed,-10
LoadAware,4944,3658959723,3228846,3223291,4294961741,completed,-10
LoadAware,4945,3658959723,3229046,3223397,4294961647,completed,-10
LoadAware,4946,3658959723,3229246,3223499,4294961549,completed,-10
LoadAware,4947,3658959723,3229446,3223697,4294961547,completed,-10
LoadAware,4948,3658959723,3229646,3223897,4294961547,completed,-10
LoadAware,4949,3658959723,3229846,3224098,4294961548,completed,-10
LoadAware,4950,3658959723,3230047,3224300,4294961549,completed,-10
LoadAware,4951,3658959723,3230247,3224498,4294961547,completed,-10
LoadAware,4952,3658959723,3230447,3224699,4294961548,completed,-10
LoadAware,4953,3658959723,3230647,3224897,4294961546,completed,-10
LoadAware,4954,3658959723,3230847,3225292,4294961741,completed,-10
LoadAware,4955,3658959723,3231047,3225400,4294961649,completed,-10
LoadAware,4956,3658959723,3231247,3225510,4294961559,completed,-10
LoadAware,4957,3658959723,3231447,3225698,4294961547,completed,-10
LoadAware,4958,3658959723,3231647,3225898,4294961547,completed,-10
LoadAware,4959,3658959723,3231847,3226098,4294961547,completed,-10
LoadAware,4960,3658959723,3232048,3226303,4294961551,completed,-10
LoadAware,4961,3658959723,3232248,3226499,4294961547,completed,-10
LoadAware,4962,3658959723,3232448,3226700,4294961548,completed,-10
LoadAware,4963,3658959723,3232648,3226900,4294961548,completed,-10
LoadAware,4964,3658959723,3232848,3227314,4294961762,completed,-10
LoadAware,4965,3658959723,3233048,3227422,4294961670,completed,-10
LoadAware,4966,3658959723,3233248,3227531,4294961579,completed,-10
LoadAware,4967,3658959723,3233448,3227700,4294961548,completed,-10
LoadAware,4968,3658959723,3233648,3227899,4294961547,completed,-10
LoadAware,4969,3658959723,3233848,3228099,4294961547,completed,-10
LoadAware,4970,3658959723,3234050,3228308,4294961554,completed,-10
LoadAware,4971,3658959723,3234250,3228501,4294961547,completed,-10
LoadAware,4972,3658959723,3234450,3228703,4294961549,completed,-11
LoadAware,4973,3658959723,3234650,3228901,4294961547,completed,-11
LoadAware,4974,3658959723,3234850,3230649,4294963095,completed,-10
LoadAware,4975,3658959723,3235050,3230752,4294962998,completed,-10
LoadAware,4976,3658959723,3235250,3230855,4294962901,completed,-10
LoadAware,4977,3658959723,3235450,3230958,4294962804,completed,-10
LoadAware,4978,3658959723,3235650,3231061,4294962707,completed,-10
LoadAware,4979,3658959723,3235850,3231164,4294962610,completed,-10
LoadAware,4980,3658959723,3236050,3231266,4294962512,completed,-10
LoadAware,4981,3658959723,3236250,3231369,4294962415,completed,-10
LoadAware,4982,3658959723,3236450,3231472,4294962318,completed,-10
LoadAware,4983,3658959723,3236650,3231575,4294962221,completed,-10
LoadAware,4984,3658959723,3236850,3231678,4294962124,completed,-10
LoadAware,4985,3658959723,3237055,3231781,4294962022,completed,-10
LoadAware,4986,3658959723,3237255,3231884,4294961925,completed,-10
LoadAware,4987,3658959723,3237455,3231987,4294961828,completed,-10
LoadAware,4988,3658959723,3237655,3232089,4294961730,completed,-10
LoadAware,4989,3658959723,3237855,3232300,4294961741,completed,-10
LoadAware,4990,3658959723,3238055,3234498,4294963739,completed,-10
LoadAware,4991,3658959723,3240260,3234725,4294961761,completed,-11
LoadAware,4992,3658959723,3240464,3234834,4294961666,completed,-11
LoadAware,4993,3658959723,3240664,3234945,4294961577,completed,-11
LoadAware,4994,3658959723,3240864,3235117,4294961549,completed,-11
LoadAware,4995,3658959723,3241064,3235315,4294961547,completed,-11
LoadAware,4996,3658959723,3241264,3235708,4294961740,completed,-11
LoadAware,4997,3658959723,3241464,3235816,4294961648,completed,-11
LoadAware,4998,3658959723,3241664,3235919,4294961551,completed,-11
LoadAware,4999,3658959723,3241864,3236116,4294961548,completed,-11
LoadAware,5000,3658959723,3242064,3236315,4294961547,completed,-11
LoadAware,5001,3658959723,3242265,3236710,4294961741,completed,-11
LoadAware,5002,3658959723,3242465,3236819,4294961650,completed,-11
LoadAware,5003,3658959723,3242665,3236921,4294961552,completed,-11
LoadAware,5004,3658959723,3242865,3237115,4294961546,completed,-11
LoadAware,5005,3658959723,3243065,3237316,4294961547,completed,-11
LoadAware,5006,3658959723,3243265,3237516,4294961547,completed,-11
LoadAware,5007,3658959723,3243466,3237720,4294961550,completed,-11
LoadAware,5008,3658959723,3243666,3237917,4294961547,completed,-11
LoadAware,5009,3658959723,3243866,3238117,4294961547,completed,-11
LoadAware,5010,3658959723,3244066,3238317,4294961547,completed,-11
LoadAware,5011,3658959723,3244267,3238713,4294961742,completed,-10
LoadAware,5012,3658959723,3244472,3238816,4294961640,completed,-10
LoadAware,5013,3658959723,3244672,3238924,4294961548,completed,-10
LoadAware,5014,3658959723,3244872,3239123,4294961547,completed,-10
LoadAware,5015,3658959723,3245072,3239323,4294961547,completed,-10
LoadAware,5016,3658959723,3245461,3239713,4294961548,completed,-10
LoadAware,5017,3658959723,3245661,3239912,4294961547,completed,-10
LoadAware,5018,3658959723,3245861,3240112,4294961547,completed,-10
LoadAware,5019,3658959723,3246061,3240314,4294961549,completed,-10
LoadAware,5020,3658959723,3246261,3240511,4294961546,completed,-10
LoadAware,5021,3658959723,3246473,3240724,4294961547,completed,-10
LoadAware,5022,3658959723,3246673,3240924,4294961547,completed,-10
LoadAware,5023,3658959723,3246873,3241123,4294961546,completed,-10
LoadAware,5024,3658959723,3247073,3241324,4294961547,completed,-10
LoadAware,5025,3658959723,3247463,3241715,4294961548,completed,-10
LoadAware,5026,3658959723,3247663,3241914,4294961547,completed,-10
LoadAware,5027,3658959723,3247863,3242115,4294961548,completed,-10
LoadAware,5028,3658959723,3248063,3242313,4294961546,completed,-10
LoadAware,5029,3658959723,3248263,3242513,4294961546,completed,-10
LoadAware,5030,3658959723,3248475,3242726,4294961547,completed,-11
LoadAware,5031,3658959723,3248675,3242955,4294961576,completed,-11
LoadAware,5032,3658959723,3248875,3243126,4294961547,completed,-11
LoadAware,5033,3658959723,3249075,3243325,4294961546,completed,-11
LoadAware,5034,3658959723,3249465,3243719,4294961550,completed,-11
LoadAware,5035,3658959723,3249665,3243940,4294961571,completed,-11
LoadAware,5036,3658959723,3249865,3244117,4294961548,completed,-11
LoadAware,5037,3658959723,3250065,3244316,4294961547,completed,-11
LoadAware,5038,3658959723,3250265,3244516,4294961547,completed,-11
LoadAware,5039,3658959723,3250476,3244727,4294961547,completed,-12
LoadAware,5040,3658959723,3250676,3244947,4294961567,completed,-12
LoadAware,5041,3658959723,3250876,3245128,4294961548,completed,-12
LoadAware,5042,3658959723,3251076,3245326,4294961546,completed,-12
LoadAware,5043,3658959723,3251276,3245721,4294961741,completed,-12
LoadAware,5044,3658959723,3251476,3245825,4294961645,completed,-12
LoadAware,5045,3658959723,3251676,3245931,4294961551,completed,-12
LoadAware,5046,3658959723,3251876,3246127,4294961547,completed,-12
LoadAware,5047,3658959723,3252076,3246327,4294961547,completed,-12
LoadAware,5048,3658959723,3252276,3246526,4294961546,completed,-12
LoadAware,5049,3658959723,3252476,3246727,4294961547,completed,-11
LoadAware,5050,3658959723,3252676,3246936,4294961556,completed,-11
LoadAware,5051,3658959723,3252876,3247127,4294961547,completed,-11
LoadAware,5052,3658959723,3253076,3247385,4294961605,completed,-11
LoadAware,5053,3658959723,3253276,3247526,4294961546,completed,-11
LoadAware,5054,3658959723,3253476,3247727,4294961547,completed,-11
LoadAware,5055,3658959723,3253676,3247935,4294961555,completed,-11
LoadAware,5056,3658959723,3253876,3248187,4294961607,completed,-11
LoadAware,5057,3658959723,3254076,3248329,4294961549,completed,-11
LoadAware,5058,3658959723,3254278,3248722,4294961740,completed,-10
LoadAware,5059,3658959723,3254484,3248824,4294961636,completed,-10
LoadAware,5060,3658959723,3254684,3248936,4294961548,completed,-10
LoadAware,5061,3658959723,3254884,3249136,4294961548,completed,-10
LoadAware,5062,3658959723,3255084,3249335,4294961547,completed,-10
LoadAware,5063,3658959723,3255477,3249730,4294961549,completed,-10
LoadAware,5064,3658959723,3257696,3252172,4294961772,completed,-10
LoadAware,5065,3658959723,3257898,3252281,4294961679,completed,-10
LoadAware,5066,3658959723,3258098,3252384,4294961582,completed,-10
LoadAware,5067,3658959723,3258298,3252549,4294961547,completed,-10
LoadAware,5068,3658959723,3258498,3252749,4294961547,completed,-11
LoadAware,5069,3658959723,3258698,3253141,4294961739,completed,-11
LoadAware,5070,3658959723,3258898,3253267,4294961665,completed,-11
LoadAware,5071,3658959723,3259098,3253370,4294961568,completed,-11
LoadAware,5072,3658959723,3259298,3253549,4294961547,completed,-11
LoadAware,5073,3658959723,3259498,3253748,4294961546,completed,-11
LoadAware,5074,3658959723,3259698,3253950,4294961548,completed,-11
LoadAware,5075,3658959723,3259901,3254154,4294961549,completed,-11
LoadAware,5076,3658959723,3260101,3254352,4294961547,completed,-11
LoadAware,5077,3658959723,3260301,3254552,4294961547,completed,-11
LoadAware,5078,3658959723,3260501,3254755,4294961550,completed,-10
LoadAware,5079,3658959723,3260701,3254952,4294961547,completed,-10
LoadAware,5080,3658959723,3260902,3255155,4294961549,completed,-10
LoadAware,5081,3658959723,3261102,3255354,4294961548,completed,-10
LoadAware,5082,3658959723,3261302,3255553,4294961547,completed,-10
LoadAware,5083,3658959723,3261502,3255752,4294961546,completed,-10
LoadAware,5084,3658959723,3261703,3256148,4294961741,completed,-10
LoadAware,5085,3658959723,3261903,3256257,4294961650,completed,-10
LoadAware,5086,3658959723,3262103,3256359,4294961552,completed,-10
LoadAware,5087,3658959723,3262303,3256557,4294961550,completed,-10
LoadAware,5088,3658959723,3262503,3256755,4294961548,completed,-10
LoadAware,5089,3658959723,3262703,3256954,4294961547,completed,-10
LoadAware,5090,3658959723,3262904,3257161,4294961553,completed,-10
LoadAware,5091,3658959723,3263104,3257355,4294961547,completed,-10
LoadAware,5092,3658959723,3263304,3257555,4294961547,completed,-10
LoadAware,5093,3658959723,3263504,3257756,4294961548,completed,-10
LoadAware,5094,3658959723,3263705,3258149,4294961740,completed,-10
LoadAware,5095,3658959723,3263905,3258260,4294961651,completed,-10
LoadAware,5096,3658959723,3264105,3258371,4294961562,completed,-10
LoadAware,5097,3658959723,3264305,3258558,4294961549,completed,-10
LoadAware,5098,3658959723,3264505,3258758,4294961549,completed,-10
LoadAware,5099,3658959723,3264705,3258955,4294961546,completed,-10
LoadAware,5100,3658959723,3264905,3259159,4294961550,completed,-10
LoadAware,5101,3658959723,3265105,3259356,4294961547,completed,-10
LoadAware,5102,3658959723,3265305,3259561,4294961552,completed,-10
LoadAware,5103,3658959723,3265505,3259755,4294961546,completed,-10
LoadAware,5104,3658959723,3265706,3260183,4294961773,completed,-10
LoadAware,5105,3658959723,3265906,3260302,4294961692,completed,-10
LoadAware,5106,3658959723,3266106,3260414,4294961604,completed,-10
LoadAware,5107,3658959723,3266306,3260559,4294961549,completed,-10
LoadAware,5108,3658959723,3266506,3260757,4294961547,completed,-10
LoadAware,5109,3658959723,3266706,3260957,4294961547,completed,-10
LoadAware,5110,3658959723,3266907,3261162,4294961551,completed,-10
LoadAware,5111,3658959723,3267107,3261359,4294961548,completed,-10
LoadAware,5112,3658959723,3267307,3261557,4294961546,completed,-10
LoadAware,5113,3658959723,3267507,3261760,4294961549,completed,-10
LoadAware,5114,3658959723,3267707,3262153,4294961742,completed,-10
LoadAware,5115,3658959723,3267907,3262260,4294961649,completed,-10
LoadAware,5116,3658959723,3268107,3262363,4294961552,completed,-10
LoadAware,5117,3658959723,3268307,3262560,4294961549,completed,-11
LoadAware,5118,3658959723,3268507,3262758,4294961547,completed,-11
LoadAware,5119,3658959723,3268707,3262958,4294961547,completed,-11
LoadAware,5120,3658959723,3268909,3263167,4294961554,completed,-11
LoadAware,SUMMARY,ALL,0,0,120000,batch_complete,0
----------------,---,---,---,---,---,----------------,---
