algorithm,seq,worker_id,send_ts,comp_ts,latency_ms,status,rssi
Greedy,1,3658959723,42723,42843,120,completed,-11
Greedy,2,3658959723,42773,42946,173,completed,-11
Greedy,3,3658959723,42823,43138,315,completed,-11
Greedy,4,3658959723,43027,43241,214,completed,-11
Greedy,5,3658959723,43077,43344,267,completed,-11
Greedy,6,3658959723,43127,43447,320,completed,-11
Greedy,7,3658959723,43177,43550,373,completed,-11
Greedy,8,3658959723,43227,43653,426,completed,-11
Greedy,9,3658959723,43277,43756,479,completed,-11
Greedy,10,3658959723,43327,43859,532,completed,-11
Greedy,11,3658959723,43377,43962,585,completed,-11
Greedy,12,3658959723,43427,44063,636,completed,-11
Greedy,20,3037662008,44029,44119,90,completed,-29
Greedy,13,3658959723,43477,44165,688,completed,-11
Greedy,14,3658959723,43527,44268,741,completed,-11
Greedy,21,3037662008,44079,44290,211,completed,-29
Greedy,22,3037662008,44129,44393,264,completed,-29
Greedy,23,3037662008,44179,44496,317,completed,-29
Greedy,15,3658959723,43584,44370,786,completed,-11
Greedy,24,3037662008,44229,44598,369,completed,-29
Greedy,25,3037662008,44279,44701,422,completed,-29
Greedy,26,3037662008,44329,44804,475,completed,-29
Greedy,16,3658959723,43634,44472,838,completed,-11
Greedy,27,3037662008,44379,44907,528,completed,-29
Greedy,17,3658959723,43684,44574,890,completed,-11
Greedy,28,3037662008,44429,45009,580,completed,-29
Greedy,29,3037662008,44479,45111,632,completed,-29
Greedy,30,3037662008,44530,45214,684,completed,-29
Greedy,18,3658959723,43734,44676,942,completed,-11
Greedy,31,3037662008,44584,45317,733,completed,-29
Greedy,32,3037662008,44634,45419,785,completed,-29
Greedy,33,3037662008,44684,45522,838,completed,-29
Greedy,19,3658959723,43784,44778,994,completed,-11
Greedy,34,3037662008,44735,45625,890,completed,-29
Greedy,35,3037662008,44785,45728,943,completed,-29
Greedy,36,3037662008,45030,45831,801,completed,-32
Greedy,37,3037662008,45080,45934,854,completed,-32
Greedy,38,3037662008,45130,46035,905,completed,-32
Greedy,52,3658959723,45830,46142,312,completed,-11
Greedy,39,3037662008,45180,46138,958,completed,-32
Greedy,53,3658959723,46034,46253,219,completed,-11
Greedy,40,3037662008,45230,46240,1010,completed,-32
Greedy,54,3658959723,46084,46363,279,completed,-11
Greedy,41,3037662008,45280,46343,1063,completed,-32
Greedy,55,3658959723,46135,46466,331,completed,-11
Greedy,56,3658959723,46185,46570,385,completed,-11
Greedy,42,3037662008,45330,46446,1116,completed,-32
Greedy,57,3658959723,46235,46673,438,completed,-11
Greedy,58,3658959723,46285,46776,491,completed,-11
Greedy,59,3658959723,46335,46879,544,completed,-11
Greedy,43,3037662008,45380,46548,1168,completed,-32
Greedy,60,3658959723,46385,46982,597,completed,-11
Greedy,44,3037662008,45430,46649,1219,completed,-32
Greedy,61,3658959723,46435,47083,648,completed,-11
Greedy,62,3658959723,46485,47186,701,completed,-11
Greedy,63,3658959723,46535,47289,754,completed,-11
Greedy,45,3037662008,45480,46751,1271,completed,-32
Greedy,64,3658959723,46587,47392,805,completed,-11
Greedy,65,3658959723,46637,47495,858,completed,-11
Greedy,46,3037662008,45530,46853,1323,completed,-32
Greedy,66,3658959723,46687,47598,911,completed,-11
Greedy,67,3658959723,46737,47701,964,completed,-11
Greedy,68,3658959723,46787,47806,1019,completed,-12
Greedy,47,3037662008,45580,46954,1374,completed,-32
Greedy,69,3658959723,47038,47908,870,completed,-12
Greedy,70,3658959723,47088,48011,923,completed,-12
Greedy,48,3037662008,45630,47055,1425,completed,-32
Greedy,49,3037662008,45680,47157,1477,completed,-32
Greedy,50,3037662008,45730,47259,1529,completed,-32
Greedy,71,3658959723,47138,48113,975,completed,-12
Greedy,72,3658959723,47188,48216,1028,completed,-12
Greedy,73,3658959723,47238,48319,1081,completed,-12
Greedy,51,3037662008,45780,47361,1581,completed,-32
Greedy,74,3658959723,47290,48422,1132,completed,-12
Greedy,75,3658959723,47340,48525,1185,completed,-12
Greedy,76,3658959723,47390,48628,1238,completed,-12
Greedy,96,3037662008,48595,48677,82,completed,-31
Greedy,77,3658959723,47440,48730,1290,completed,-12
Greedy,97,3037662008,48645,48780,135,completed,-31
Greedy,78,3658959723,47493,48833,1340,completed,-12
Greedy,79,3658959723,47543,48936,1393,completed,-12
Greedy,98,3037662008,48695,48883,188,completed,-31
Greedy,80,3658959723,47597,49040,1443,completed,-12
Greedy,99,3037662008,48745,48986,241,completed,-31
Greedy,100,3037662008,48795,49087,292,completed,-31
Greedy,81,3658959723,47647,49146,1499,completed,-12
Greedy,101,3037662008,49034,49190,156,completed,-31
Greedy,82,3658959723,47701,49249,1548,completed,-12
Greedy,102,3037662008,49084,49293,209,completed,-31
Greedy,83,3658959723,47751,49352,1601,completed,-12
Greedy,103,3037662008,49134,49396,262,completed,-31
Greedy,104,3037662008,49184,49499,315,completed,-31
Greedy,84,3658959723,47801,49454,1653,completed,-12
Greedy,105,3037662008,49234,49602,368,completed,-31
Greedy,106,3037662008,49284,49705,421,completed,-31
Greedy,107,3037662008,49334,49808,474,completed,-34
Greedy,85,3658959723,48031,49556,1525,completed,-12
Greedy,108,3037662008,49384,49911,527,completed,-34
Greedy,86,3658959723,48083,49657,1574,completed,-12
Greedy,87,3658959723,48133,49759,1626,completed,-12
Greedy,109,3037662008,49434,50013,579,completed,-34
Greedy,88,3658959723,48183,49861,1678,completed,-11
Greedy,89,3658959723,48233,49963,1730,completed,-11
Greedy,90,3658959723,48283,50066,1783,completed,-11
Greedy,91,3658959723,48334,50168,1834,completed,-11
Greedy,92,3658959723,48384,50270,1886,completed,-11
Greedy,110,3037662008,49484,50114,630,completed,-34
Greedy,111,3037662008,49534,50216,682,completed,-34
Greedy,93,3658959723,48434,50373,1939,completed,-11
Greedy,94,3658959723,48484,50476,1992,completed,-11
Greedy,112,3037662008,49584,50318,734,completed,-34
Greedy,95,3658959723,48534,50579,2045,completed,-11
Greedy,117,3658959723,50035,50682,647,completed,-11
Greedy,118,3658959723,50085,50785,700,completed,-11
Greedy,113,3037662008,49639,50420,781,completed,-34
Greedy,119,3658959723,50135,50888,753,completed,-11
Greedy,120,3658959723,50185,50991,806,completed,-11
Greedy,114,3037662008,49689,50522,833,completed,-34
Greedy,121,3658959723,50235,51093,858,completed,-11
Greedy,122,3658959723,50286,51196,910,completed,-11
Greedy,123,3658959723,50336,51299,963,completed,-11
Greedy,115,3037662008,49739,50624,885,completed,-34
Greedy,116,3037662008,49789,50726,937,completed,-34
Greedy,124,3658959723,50386,51402,1016,completed,-11
Greedy,125,3658959723,50436,51505,1069,completed,-11
Greedy,126,3658959723,50486,51608,1122,completed,-11
Greedy,127,3658959723,50536,51711,1175,completed,-11
Greedy,128,3658959723,50619,51814,1195,completed,-12
Greedy,129,3658959723,50669,51917,1248,completed,-12
Greedy,130,3658959723,50719,52020,1301,completed,-12
Greedy,131,3658959723,50769,52122,1353,completed,-12
Greedy,132,3658959723,50819,52225,1406,completed,-12
Greedy,133,3658959723,51035,52327,1292,completed,-12
Greedy,134,3658959723,51085,52429,1344,completed,-12
Greedy,149,3037662008,51835,51916,81,completed,-28
Greedy,135,3658959723,51135,52530,1395,completed,-12
Greedy,136,3658959723,51185,52632,1447,completed,-12
Greedy,150,3037662008,52038,53313,1275,completed,-28
Greedy,151,3037662008,52088,53422,1334,completed,-28
Greedy,152,3037662008,52138,53531,1393,completed,-28
Greedy,137,3658959723,51235,52734,1499,completed,-12
Greedy,153,3037662008,52188,53634,1446,completed,-28
Greedy,154,3037662008,52238,53737,1499,completed,-28
Greedy,138,3658959723,51285,52835,1550,completed,-12
Greedy,155,3037662008,52288,53840,1552,completed,-31
Greedy,156,3037662008,52338,53942,1604,completed,-31
Greedy,139,3658959723,51335,52936,1601,completed,-12
Greedy,140,3658959723,51385,53037,1652,completed,-12
Greedy,157,3037662008,52388,54044,1656,completed,-31
Greedy,141,3658959723,51435,53138,1703,completed,-12
Greedy,142,3658959723,51485,53240,1755,completed,-12
Greedy,143,3658959723,51535,53342,1807,completed,-12
Greedy,158,3037662008,52438,54146,1708,completed,-31
Greedy,144,3658959723,51585,53444,1859,completed,-12
Greedy,145,3658959723,51635,53546,1911,completed,-12
Greedy,146,3658959723,51685,53647,1962,completed,-12
Greedy,159,3037662008,52488,54249,1761,completed,-31
Greedy,147,3658959723,51735,53749,2014,completed,-12
Greedy,160,3037662008,52538,54352,1814,completed,-31
Greedy,148,3658959723,51785,53851,2066,completed,-12
Greedy,183,3658959723,53838,53957,119,completed,-12
Greedy,184,3658959723,54045,54173,128,completed,-12
Greedy,161,3037662008,52589,54455,1866,completed,-31
Greedy,185,3658959723,54097,54275,178,completed,-12
Greedy,186,3658959723,54147,54377,230,completed,-12
Greedy,187,3658959723,54197,54478,281,completed,-12
Greedy,162,3037662008,52639,54558,1919,completed,-31
Greedy,188,3658959723,54247,54580,333,completed,-12
Greedy,189,3658959723,54297,54681,384,completed,-12
Greedy,163,3037662008,52689,54661,1972,completed,-31
Greedy,190,3658959723,54347,54784,437,completed,-12
Greedy,164,3037662008,52739,54764,2025,completed,-31
Greedy,191,3658959723,54397,54887,490,completed,-12
Greedy,165,3037662008,52789,54867,2078,completed,-31
Greedy,192,3658959723,54447,54990,543,completed,-12
Greedy,166,3037662008,52839,54970,2131,completed,-31
Greedy,193,3658959723,54497,55091,594,completed,-12
Greedy,167,3037662008,53033,55071,2038,completed,-31
Greedy,194,3658959723,54547,55194,647,completed,-12
Greedy,168,3037662008,53083,55173,2090,completed,-31
Greedy,195,3658959723,54604,55297,693,completed,-12
Greedy,169,3037662008,53133,55276,2143,completed,-31
Greedy,196,3658959723,54654,55400,746,completed,-12
Greedy,170,3037662008,53183,55379,2196,completed,-31
Greedy,197,3658959723,54704,55502,798,completed,-12
Greedy,171,3037662008,53238,55482,2244,completed,-31
Greedy,198,3658959723,54754,55605,851,completed,-12
Greedy,172,3037662008,53288,55587,2299,completed,-31
Greedy,199,3658959723,54804,55708,904,completed,-12
Greedy,200,3658959723,55048,55811,763,completed,-11
Greedy,173,3037662008,53338,55690,2352,completed,-31
Greedy,201,3658959723,55098,55917,819,completed,-11
Greedy,202,3658959723,55148,56020,872,completed,-11
Greedy,174,3037662008,53388,55792,2404,completed,-32
Greedy,175,3037662008,53438,55893,2455,completed,-32
Greedy,203,3658959723,55198,56121,923,completed,-11
Greedy,204,3658959723,55248,56223,975,completed,-11
Greedy,205,3658959723,55298,56326,1028,completed,-11
Greedy,176,3037662008,53488,55994,2506,completed,-32
Greedy,206,3658959723,55348,56429,1081,completed,-11
Greedy,207,3658959723,55398,56532,1134,completed,-11
Greedy,208,3658959723,55448,56635,1187,completed,-11
Greedy,177,3037662008,53538,56095,2557,completed,-32
Greedy,209,3658959723,55500,56738,1238,completed,-11
Greedy,210,3658959723,55550,56841,1291,completed,-11
Greedy,211,3658959723,55603,56944,1341,completed,-11
Greedy,178,3037662008,53588,56197,2609,completed,-32
Greedy,212,3658959723,55653,57047,1394,completed,-11
Greedy,213,3658959723,55707,57148,1441,completed,-11
Greedy,214,3658959723,55757,57251,1494,completed,-11
Greedy,179,3037662008,53638,56298,2660,completed,-32
Greedy,180,3037662008,53688,56400,2712,completed,-32
Greedy,215,3658959723,55812,57354,1542,completed,-11
Greedy,216,3658959723,56043,57457,1414,completed,-11
Greedy,217,3658959723,56093,57560,1467,completed,-11
Greedy,181,3037662008,53738,56502,2764,completed,-32
Greedy,218,3658959723,56143,57662,1519,completed,-11
Greedy,219,3658959723,56193,57765,1572,completed,-11
Greedy,182,3037662008,53788,56604,2816,completed,-32
Greedy,220,3658959723,56243,57869,1626,completed,-12
Greedy,221,3658959723,56293,57972,1679,completed,-12
Greedy,222,3658959723,56343,58074,1731,completed,-12
Greedy,223,3658959723,56393,58176,1783,completed,-12
Greedy,250,3037662008,58095,58176,81,completed,-32
Greedy,224,3658959723,56443,58279,1836,completed,-12
Greedy,251,3037662008,58145,58285,140,completed,-32
Greedy,225,3658959723,56493,58382,1889,completed,-12
Greedy,252,3037662008,58195,58394,199,completed,-32
Greedy,253,3037662008,58245,58503,258,completed,-32
Greedy,226,3658959723,56543,58485,1942,completed,-12
Greedy,227,3658959723,56593,58587,1994,completed,-12
Greedy,254,3037662008,58295,58606,311,completed,-32
Greedy,255,3037662008,58345,58709,364,completed,-32
Greedy,256,3037662008,58395,58812,417,completed,-32
Greedy,257,3037662008,58445,58915,470,completed,-32
Greedy,228,3658959723,56643,58689,2046,completed,-12
Greedy,258,3037662008,58495,59019,524,completed,-32
Greedy,259,3037662008,58545,59122,577,completed,-32
Greedy,260,3037662008,58599,59225,626,completed,-32
Greedy,229,3658959723,56693,58791,2098,completed,-12
Greedy,261,3037662008,58649,59328,679,completed,-32
Greedy,262,3037662008,58699,59431,732,completed,-32
Greedy,263,3037662008,58749,59535,786,completed,-32
Greedy,230,3658959723,56743,58892,2149,completed,-12
Greedy,264,3037662008,58799,59638,839,completed,-32
Greedy,265,3037662008,59046,59741,695,completed,-32
Greedy,266,3037662008,59096,59844,748,completed,-34
Greedy,231,3658959723,56793,58993,2200,completed,-12
Greedy,267,3037662008,59146,59947,801,completed,-34
Greedy,232,3658959723,56843,59094,2251,completed,-12
Greedy,233,3658959723,57049,59196,2147,completed,-12
Greedy,234,3658959723,57099,59298,2199,completed,-12
Greedy,268,3037662008,59196,60048,852,completed,-34
Greedy,235,3658959723,57149,59399,2250,completed,-12
Greedy,236,3658959723,57199,59501,2302,completed,-12
Greedy,237,3658959723,57249,59603,2354,completed,-12
Greedy,269,3037662008,59246,60154,908,completed,-34
Greedy,238,3658959723,57299,59705,2406,completed,-12
Greedy,239,3658959723,57352,59806,2454,completed,-12
Greedy,270,3037662008,59296,60257,961,completed,-34
Greedy,240,3658959723,57402,59907,2505,completed,-12
Greedy,241,3658959723,57454,60009,2555,completed,-12
Greedy,271,3037662008,59346,60360,1014,completed,-34
Greedy,242,3658959723,57504,60110,2606,completed,-12
Greedy,243,3658959723,57557,60212,2655,completed,-12
Greedy,244,3658959723,57607,60314,2707,completed,-12
Greedy,245,3658959723,57657,60421,2764,completed,-12
Greedy,246,3658959723,57707,60523,2816,completed,-12
Greedy,272,3037662008,59396,60463,1067,completed,-34
Greedy,247,3658959723,57757,60624,2867,completed,-12
Greedy,248,3658959723,57807,60727,2920,completed,-12
Greedy,249,3658959723,58045,60830,2785,completed,-12
Greedy,273,3037662008,59446,60565,1119,completed,-34
Greedy,281,3658959723,59846,60933,1087,completed,-12
Greedy,282,3658959723,60050,61035,985,completed,-12
Greedy,274,3037662008,59496,60667,1171,completed,-34
Greedy,275,3037662008,59546,60769,1223,completed,-34
Greedy,283,3658959723,60100,61136,1036,completed,-12
Greedy,284,3658959723,60150,61239,1089,completed,-12
Greedy,285,3658959723,60200,61342,1142,completed,-12
Greedy,276,3037662008,59596,60871,1275,completed,-34
Greedy,286,3658959723,60250,61445,1195,completed,-12
Greedy,287,3658959723,60300,61548,1248,completed,-12
Greedy,288,3658959723,60350,61651,1301,completed,-12
Greedy,277,3037662008,59646,60973,1327,completed,-34
Greedy,289,3658959723,60400,61754,1354,completed,-12
Greedy,290,3658959723,60450,61857,1407,completed,-12
Greedy,291,3658959723,60500,61960,1460,completed,-12
Greedy,278,3037662008,59696,61074,1378,completed,-34
Greedy,292,3658959723,60550,62066,1516,completed,-12
Greedy,279,3037662008,59746,61175,1429,completed,-34
Greedy,280,3037662008,59796,61277,1481,completed,-34
Greedy,293,3658959723,60605,62169,1564,completed,-12
Greedy,294,3658959723,60655,62272,1617,completed,-12
Greedy,295,3658959723,60705,62375,1670,completed,-12
Greedy,320,3037662008,62308,62389,81,completed,-31
Greedy,296,3658959723,60755,62478,1723,completed,-12
Greedy,321,3037662008,62358,62492,134,completed,-31
Greedy,297,3658959723,60805,62581,1776,completed,-12
Greedy,322,3037662008,62408,62595,187,completed,-31
Greedy,298,3658959723,61048,62684,1636,completed,-12
Greedy,323,3037662008,62458,62698,240,completed,-31
Greedy,324,3037662008,62508,62801,293,completed,-31
Greedy,299,3658959723,61098,62787,1689,completed,-12
Greedy,325,3037662008,62558,62904,346,completed,-31
Greedy,326,3037662008,62608,63007,399,completed,-31
Greedy,300,3658959723,61148,62889,1741,completed,-12
Greedy,301,3658959723,61198,62991,1793,completed,-12
Greedy,327,3037662008,62658,63108,450,completed,-31
Greedy,328,3037662008,62708,63211,503,completed,-31
Greedy,329,3037662008,62758,63314,556,completed,-31
Greedy,302,3658959723,61248,63092,1844,completed,-12
Greedy,330,3037662008,62808,63417,609,completed,-31
Greedy,331,3037662008,62858,63520,662,completed,-31
Greedy,332,3037662008,63060,63623,563,completed,-31
Greedy,303,3658959723,61298,63193,1895,completed,-12
Greedy,333,3037662008,63110,63726,616,completed,-31
Greedy,334,3037662008,63160,63829,669,completed,-31
Greedy,304,3658959723,61348,63295,1947,completed,-12
Greedy,335,3037662008,63210,63932,722,completed,-31
Greedy,336,3037662008,63260,64035,775,completed,-31
Greedy,337,3037662008,63310,64137,827,completed,-31
Greedy,305,3658959723,61398,63397,1999,completed,-12
Greedy,306,3658959723,61448,63498,2050,completed,-12
Greedy,338,3037662008,63360,64240,880,completed,-31
Greedy,307,3658959723,61498,63600,2102,completed,-12
Greedy,308,3658959723,61548,63702,2154,completed,-12
Greedy,309,3658959723,61598,63804,2206,completed,-12
Greedy,310,3658959723,61648,63905,2257,completed,-11
Greedy,311,3658959723,61698,64006,2308,completed,-11
Greedy,312,3658959723,61751,64107,2356,completed,-11
Greedy,313,3658959723,61801,64208,2407,completed,-11
Greedy,339,3037662008,63410,64342,932,completed,-31
Greedy,314,3658959723,61853,64312,2459,completed,-11
Greedy,315,3658959723,62058,64420,2362,completed,-11
Greedy,316,3658959723,62108,64522,2414,completed,-11
Greedy,317,3658959723,62158,64623,2465,completed,-11
Greedy,340,3037662008,63460,64444,984,completed,-31
Greedy,341,3037662008,63510,64546,1036,completed,-31
Greedy,318,3658959723,62208,64725,2517,completed,-11
Greedy,319,3658959723,62258,64828,2570,completed,-11
Greedy,342,3037662008,63560,64647,1087,completed,-31
Greedy,348,3658959723,63863,64931,1068,completed,-11
Greedy,349,3658959723,64070,65034,964,completed,-11
Greedy,343,3037662008,63610,64749,1139,completed,-31
Greedy,350,3658959723,64120,65136,1016,completed,-11
Greedy,351,3658959723,64170,65239,1069,completed,-11
Greedy,352,3658959723,64220,65342,1122,completed,-11
Greedy,344,3037662008,63660,64851,1191,completed,-31
Greedy,345,3037662008,63710,64952,1242,completed,-31
Greedy,353,3658959723,64270,65449,1179,completed,-11
Greedy,354,3658959723,64320,65552,1232,completed,-11
Greedy,355,3658959723,64372,65655,1283,completed,-11
Greedy,346,3037662008,63760,65053,1293,completed,-31
Greedy,356,3658959723,64422,65758,1336,completed,-11
Greedy,357,3658959723,64472,65861,1389,completed,-11
Greedy,358,3658959723,64522,65964,1442,completed,-11
Greedy,359,3658959723,64572,66067,1495,completed,-11
Greedy,360,3658959723,64622,66168,1546,completed,-11
Greedy,361,3658959723,64672,66275,1603,completed,-11
Greedy,347,3037662008,63810,65154,1344,completed,-31
Greedy,362,3658959723,64724,66378,1654,completed,-11
Greedy,387,3037662008,66322,66403,81,completed,-32
Greedy,363,3658959723,64774,66481,1707,completed,-11
Greedy,388,3037662008,66375,66512,137,completed,-32
Greedy,364,3658959723,64824,66584,1760,completed,-11
Greedy,389,3037662008,66425,66615,190,completed,-32
Greedy,365,3658959723,65064,66686,1622,completed,-11
Greedy,390,3037662008,66477,66718,241,completed,-32
Greedy,366,3658959723,65116,66789,1673,completed,-11
Greedy,391,3037662008,66527,66822,295,completed,-32
Greedy,392,3037662008,66577,66925,348,completed,-32
Greedy,367,3658959723,65166,66891,1725,completed,-11
Greedy,393,3037662008,66627,67028,401,completed,-32
Greedy,394,3037662008,66677,67129,452,completed,-32
Greedy,395,3037662008,66727,67232,505,completed,-32
Greedy,368,3658959723,65216,66993,1777,completed,-11
Greedy,396,3037662008,66777,67335,558,completed,-32
Greedy,397,3037662008,66827,67438,611,completed,-32
Greedy,369,3658959723,65266,67094,1828,completed,-11
Greedy,398,3037662008,67066,67540,474,completed,-32
Greedy,370,3658959723,65316,67196,1880,completed,-11
Greedy,399,3037662008,67116,67641,525,completed,-32
Greedy,400,3037662008,67166,67743,577,completed,-32
Greedy,371,3658959723,65366,67298,1932,completed,-11
Greedy,372,3658959723,65416,67399,1983,completed,-11
Greedy,401,3037662008,67216,67846,630,completed,-34
Greedy,402,3037662008,67266,67949,683,completed,-34
Greedy,373,3658959723,65466,67501,2035,completed,-11
Greedy,403,3037662008,67316,68052,736,completed,-34
Greedy,374,3658959723,65516,67603,2087,completed,-11
Greedy,375,3658959723,65566,67705,2139,completed,-11
Greedy,376,3658959723,65616,67807,2191,completed,-11
Greedy,404,3037662008,67366,68155,789,completed,-34
Greedy,377,3658959723,65667,67909,2242,completed,-12
Greedy,378,3658959723,65717,68011,2294,completed,-12
Greedy,379,3658959723,65767,68112,2345,completed,-12
Greedy,380,3658959723,65817,68214,2397,completed,-12
Greedy,381,3658959723,65867,68316,2449,completed,-12
Greedy,405,3037662008,67416,68258,842,completed,-34
Greedy,382,3658959723,66068,68418,2350,completed,-12
Greedy,383,3658959723,66118,68519,2401,completed,-12
Greedy,384,3658959723,66168,68621,2453,completed,-12
Greedy,406,3037662008,67466,68360,894,completed,-34
Greedy,385,3658959723,66218,68724,2506,completed,-12
Greedy,386,3658959723,66272,68827,2555,completed,-12
Greedy,413,3658959723,67830,68929,1099,completed,-12
Greedy,407,3037662008,67516,68462,946,completed,-34
Greedy,414,3658959723,68071,69032,961,completed,-12
Greedy,408,3037662008,67566,68564,998,completed,-34
Greedy,415,3658959723,68121,69134,1013,completed,-12
Greedy,416,3658959723,68171,69236,1065,completed,-12
Greedy,409,3037662008,67621,68666,1045,completed,-34
Greedy,417,3658959723,68221,69339,1118,completed,-12
Greedy,418,3658959723,68271,69442,1171,completed,-12
Greedy,419,3658959723,68321,69547,1226,completed,-12
Greedy,410,3037662008,67674,68768,1094,completed,-34
Greedy,420,3658959723,68371,69650,1279,completed,-12
Greedy,421,3658959723,68421,69753,1332,completed,-12
Greedy,422,3658959723,68471,69856,1385,completed,-11
Greedy,411,3037662008,67724,68869,1145,completed,-34
Greedy,423,3658959723,68521,69959,1438,completed,-11
Greedy,424,3658959723,68571,70061,1490,completed,-11
Greedy,412,3037662008,67778,68971,1193,completed,-34
Greedy,425,3658959723,68621,70163,1542,completed,-11
Greedy,447,3037662008,70122,70203,81,completed,-32
Greedy,426,3658959723,68671,70266,1595,completed,-11
Greedy,448,3037662008,70172,70306,134,completed,-32
Greedy,427,3658959723,68722,70369,1647,completed,-11
Greedy,449,3037662008,70222,70409,187,completed,-32
Greedy,428,3658959723,68772,70471,1699,completed,-11
Greedy,450,3037662008,70272,70512,240,completed,-32
Greedy,429,3658959723,68823,70573,1750,completed,-11
Greedy,451,3037662008,70322,70614,292,completed,-32
Greedy,452,3037662008,70372,70716,344,completed,-32
Greedy,453,3037662008,70422,70819,397,completed,-32
Greedy,454,3037662008,70472,70922,450,completed,-32
Greedy,430,3658959723,69077,70674,1597,completed,-11
Greedy,455,3037662008,70522,71025,503,completed,-32
Greedy,456,3037662008,70572,71126,554,completed,-32
Greedy,457,3037662008,70622,71229,607,completed,-32
Greedy,431,3658959723,69129,70776,1647,completed,-11
Greedy,458,3037662008,70673,71332,659,completed,-32
Greedy,459,3037662008,70723,71435,712,completed,-32
Greedy,460,3037662008,70773,71538,765,completed,-32
Greedy,432,3658959723,69179,70877,1698,completed,-11
Greedy,461,3037662008,70823,71641,818,completed,-32
Greedy,462,3037662008,70873,71744,871,completed,-32
Greedy,433,3658959723,69229,70979,1750,completed,-11
Greedy,434,3658959723,69279,71080,1801,completed,-11
Greedy,435,3658959723,69333,71184,1851,completed,-11
Greedy,463,3037662008,71076,71846,770,completed,-33
Greedy,464,3037662008,71126,71948,822,completed,-33
Greedy,465,3037662008,71176,72051,875,completed,-33
Greedy,436,3658959723,69383,71286,1903,completed,-11
Greedy,437,3658959723,69433,71387,1954,completed,-11
Greedy,466,3037662008,71226,72152,926,completed,-33
Greedy,467,3037662008,71276,72255,979,completed,-33
Greedy,438,3658959723,69483,71489,2006,completed,-11
Greedy,439,3658959723,69533,71591,2058,completed,-11
Greedy,468,3037662008,71326,72358,1032,completed,-33
Greedy,440,3658959723,69585,71692,2107,completed,-11
Greedy,441,3658959723,69635,71794,2159,completed,-11
Greedy,442,3658959723,69685,71896,2211,completed,-11
Greedy,443,3658959723,69735,71998,2263,completed,-11
Greedy,444,3658959723,69785,72099,2314,completed,-11
Greedy,469,3037662008,71376,72461,1085,completed,-33
Greedy,445,3658959723,69835,72200,2365,completed,-11
Greedy,446,3658959723,70072,72302,2230,completed,-11
Greedy,470,3037662008,71426,72564,1138,completed,-33
Greedy,478,3658959723,71830,72406,576,completed,-11
Greedy,479,3658959723,71880,72508,628,completed,-11
Greedy,480,3658959723,72082,72609,527,completed,-11
Greedy,471,3037662008,71476,72667,1191,completed,-33
Greedy,481,3658959723,72135,72711,576,completed,-11
Greedy,482,3658959723,72186,72813,627,completed,-11
Greedy,483,3658959723,72236,72916,680,completed,-11
Greedy,472,3037662008,71526,72770,1244,completed,-33
Greedy,484,3658959723,72289,73019,730,completed,-11
Greedy,485,3658959723,72339,73121,782,completed,-11
Greedy,486,3658959723,72397,73223,826,completed,-11
Greedy,487,3658959723,72447,73326,879,completed,-11
Greedy,473,3037662008,71578,72872,1294,completed,-33
Greedy,488,3658959723,72497,73429,932,completed,-11
Greedy,489,3658959723,72547,73532,985,completed,-11
Greedy,490,3658959723,72602,73635,1033,completed,-11
Greedy,474,3037662008,71628,72973,1345,completed,-33
Greedy,475,3037662008,71678,73074,1396,completed,-33
Greedy,491,3658959723,72652,73738,1086,completed,-11
Greedy,476,3037662008,71728,73176,1448,completed,-33
Greedy,492,3658959723,72702,73841,1139,completed,-12
Greedy,493,3658959723,72752,73944,1192,completed,-12
Greedy,494,3658959723,72802,74047,1245,completed,-12
Greedy,477,3037662008,71778,73278,1500,completed,-33
Greedy,495,3658959723,72852,74149,1297,completed,-12
Greedy,496,3658959723,73083,74251,1168,completed,-12
Greedy,497,3658959723,73133,74353,1220,completed,-12
Greedy,498,3658959723,73183,74456,1273,completed,-12
Greedy,518,3037662008,74386,74466,80,completed,-34
Greedy,499,3658959723,73233,74559,1326,completed,-12
Greedy,519,3037662008,74436,74575,139,completed,-34
Greedy,500,3658959723,73283,74662,1379,completed,-12
Greedy,520,3037662008,74486,74685,199,completed,-34
Greedy,521,3037662008,74536,74788,252,completed,-34
Greedy,522,3037662008,74586,74891,305,completed,-34
Greedy,501,3658959723,73333,74765,1432,completed,-12
Greedy,523,3037662008,74637,74993,356,completed,-34
Greedy,524,3037662008,74687,75094,407,completed,-34
Greedy,525,3037662008,74737,75197,460,completed,-34
Greedy,526,3037662008,74787,75300,513,completed,-34
Greedy,502,3658959723,73383,74867,1484,completed,-12
Greedy,503,3658959723,73433,74968,1535,completed,-12
Greedy,527,3037662008,74837,75403,566,completed,-34
Greedy,528,3037662008,75085,75506,421,completed,-34
Greedy,504,3658959723,73483,75069,1586,completed,-12
Greedy,529,3037662008,75135,75609,474,completed,-34
Greedy,530,3037662008,75185,75712,527,completed,-34
Greedy,531,3037662008,75235,75815,580,completed,-31
Greedy,505,3658959723,73533,75170,1637,completed,-12
Greedy,532,3037662008,75285,75917,632,completed,-31
Greedy,533,3037662008,75335,76020,685,completed,-31
Greedy,506,3658959723,73583,75272,1689,completed,-12
Greedy,534,3037662008,75385,76122,737,completed,-31
Greedy,507,3658959723,73637,75374,1737,completed,-12
Greedy,508,3658959723,73687,75476,1789,completed,-12
Greedy,509,3658959723,73737,75578,1841,completed,-12
Greedy,510,3658959723,73787,75679,1892,completed,-12
Greedy,511,3658959723,73839,75781,1942,completed,-12
Greedy,535,3037662008,75439,76225,786,completed,-31
Greedy,512,3658959723,74086,75882,1796,completed,-11
Greedy,513,3658959723,74136,75984,1848,completed,-11
Greedy,514,3658959723,74186,76085,1899,completed,-11
Greedy,515,3658959723,74236,76186,1950,completed,-11
Greedy,516,3658959723,74286,76288,2002,completed,-11
Greedy,517,3658959723,74336,76391,2055,completed,-11
Greedy,543,3658959723,75849,76493,644,completed,-11
Greedy,536,3037662008,75489,76329,840,completed,-31
Greedy,537,3037662008,75541,76431,890,completed,-31
Greedy,544,3658959723,76085,76595,510,completed,-11
Greedy,545,3658959723,76135,76697,562,completed,-11
Greedy,546,3658959723,76185,76799,614,completed,-11
Greedy,538,3037662008,75591,76533,942,completed,-31
Greedy,547,3658959723,76235,76902,667,completed,-11
Greedy,548,3658959723,76290,77005,715,completed,-11
Greedy,549,3658959723,76340,77107,767,completed,-11
Greedy,539,3037662008,75644,76635,991,completed,-31
Greedy,550,3658959723,76390,77209,819,completed,-11
Greedy,551,3658959723,76440,77312,872,completed,-11
Greedy,540,3037662008,75694,76737,1043,completed,-31
Greedy,552,3658959723,76490,77415,925,completed,-11
Greedy,553,3658959723,76540,77518,978,completed,-11
Greedy,541,3037662008,75746,76838,1092,completed,-31
Greedy,554,3658959723,76597,77621,1024,completed,-11
Greedy,555,3658959723,76647,77723,1076,completed,-11
Greedy,556,3658959723,76697,77825,1128,completed,-11
Greedy,557,3658959723,76747,77926,1179,completed,-11
Greedy,558,3658959723,76797,78028,1231,completed,-11
Greedy,559,3658959723,76847,78130,1283,completed,-11
Greedy,560,3658959723,77083,78231,1148,completed,-11
Greedy,561,3658959723,77135,78333,1198,completed,-11
Greedy,562,3658959723,77185,78434,1249,completed,-11
Greedy,563,3658959723,77235,78535,1300,completed,-11
Greedy,564,3658959723,77285,78637,1352,completed,-11
Greedy,565,3658959723,77335,78738,1403,completed,-11
Greedy,566,3658959723,77385,78839,1454,completed,-11
Greedy,567,3658959723,77435,79808,2373,completed,-11
Greedy,568,3658959723,77485,80129,2644,completed,-12
Greedy,569,3658959723,79705,80231,526,completed,-12
Greedy,570,3658959723,79909,80388,479,completed,-12
Greedy,571,3658959723,79959,80499,540,completed,-12
Greedy,572,3658959723,80009,80605,596,completed,-12
Greedy,573,3658959723,80059,80708,649,completed,-12
Greedy,574,3658959723,80109,80811,702,completed,-12
Greedy,575,3658959723,80159,80913,754,completed,-12
Greedy,576,3658959723,80209,81020,811,completed,-12
Greedy,577,3658959723,80259,81123,864,completed,-12
Greedy,578,3658959723,80309,81226,917,completed,-12
Greedy,579,3658959723,80359,81329,970,completed,-12
Greedy,580,3658959723,80409,81432,1023,completed,-12
Greedy,581,3658959723,80459,81535,1076,completed,-12
Greedy,582,3658959723,80509,81638,1129,completed,-12
Greedy,583,3658959723,80559,81741,1182,completed,-12
Greedy,542,3037662008,80910,76940,4294963326,completed,-31
Greedy,584,3658959723,80614,81844,1230,completed,-13
Greedy,585,3658959723,80664,81945,1281,completed,-13
Greedy,586,3658959723,80908,82047,1139,completed,-13
Greedy,587,3658959723,80958,82253,1295,completed,-13
Greedy,609,3037662008,82215,82297,82,completed,-32
Greedy,588,3658959723,81008,82356,1348,completed,-13
Greedy,610,3037662008,82265,82399,134,completed,-32
Greedy,589,3658959723,81058,82459,1401,completed,-13
Greedy,611,3037662008,82315,82502,187,completed,-32
Greedy,590,3658959723,81108,82562,1454,completed,-13
Greedy,612,3037662008,82365,82605,240,completed,-32
Greedy,591,3658959723,81158,82666,1508,completed,-13
Greedy,592,3658959723,81208,82769,1561,completed,-13
Greedy,613,3037662008,82415,82708,293,completed,-32
Greedy,593,3658959723,81258,82872,1614,completed,-13
Greedy,614,3037662008,82465,82811,346,completed,-32
Greedy,615,3037662008,82515,82913,398,completed,-32
Greedy,594,3658959723,81308,82974,1666,completed,-13
Greedy,616,3037662008,82565,83016,451,completed,-32
Greedy,617,3037662008,82615,83119,504,completed,-32
Greedy,595,3658959723,81358,83077,1719,completed,-13
Greedy,618,3037662008,82665,83222,557,completed,-32
Greedy,619,3037662008,82916,83325,409,completed,-32
Greedy,596,3658959723,81408,83179,1771,completed,-13
Greedy,620,3037662008,82969,83428,459,completed,-32
Greedy,621,3037662008,83019,83531,512,completed,-32
Greedy,622,3037662008,83069,83634,565,completed,-32
Greedy,597,3658959723,81458,83281,1823,completed,-13
Greedy,598,3658959723,81508,83383,1875,completed,-13
Greedy,599,3658959723,81558,83485,1927,completed,-13
Greedy,623,3037662008,83119,83737,618,completed,-32
Greedy,624,3037662008,83169,83840,671,completed,-36
Greedy,600,3658959723,81608,83587,1979,completed,-13
Greedy,625,3037662008,83219,83941,722,completed,-36
Greedy,601,3658959723,81658,83689,2031,completed,-13
Greedy,602,3658959723,81710,83791,2081,completed,-13
Greedy,626,3037662008,83269,84043,774,completed,-36
Greedy,603,3658959723,81915,83893,1978,completed,-12
Greedy,604,3658959723,81965,83994,2029,completed,-12
Greedy,605,3658959723,82015,84096,2081,completed,-12
Greedy,606,3658959723,82065,84198,2133,completed,-12
Greedy,627,3037662008,83319,84146,827,completed,-36
Greedy,607,3658959723,82115,84299,2184,completed,-12
Greedy,608,3658959723,82165,84402,2237,completed,-12
Greedy,636,3658959723,83967,84505,538,completed,-12
Greedy,628,3037662008,83369,84248,879,completed,-36
Greedy,629,3037662008,83419,84350,931,completed,-36
Greedy,637,3658959723,84017,84608,591,completed,-12
Greedy,638,3658959723,84067,84711,644,completed,-12
Greedy,639,3658959723,84117,84814,697,completed,-12
Greedy,630,3037662008,83469,84452,983,completed,-36
Greedy,640,3658959723,84167,84917,750,completed,-12
Greedy,641,3658959723,84217,85019,802,completed,-12
Greedy,642,3658959723,84267,85123,856,completed,-12
Greedy,631,3037662008,83519,84554,1035,completed,-36
Greedy,643,3658959723,84317,85228,911,completed,-12
Greedy,644,3658959723,84367,85331,964,completed,-12
Greedy,645,3658959723,84417,85434,1017,completed,-12
Greedy,632,3037662008,83574,84656,1082,completed,-36
Greedy,646,3658959723,84467,85537,1070,completed,-12
Greedy,647,3658959723,84517,85640,1123,completed,-12
Greedy,633,3037662008,83624,84758,1134,completed,-36
Greedy,648,3658959723,84567,85743,1176,completed,-12
Greedy,634,3037662008,83674,84859,1185,completed,-36
Greedy,649,3658959723,84617,85846,1229,completed,-10
Greedy,635,3037662008,83917,84960,1043,completed,-36
Greedy,650,3658959723,84667,85947,1280,completed,-10
Greedy,651,3658959723,84915,86050,1135,completed,-10
Greedy,652,3658959723,84965,86152,1187,completed,-10
Greedy,653,3658959723,85015,86253,1238,completed,-10
Greedy,654,3658959723,85065,86356,1291,completed,-10
Greedy,655,3658959723,85115,86459,1344,completed,-10
Greedy,656,3658959723,85165,86562,1397,completed,-10
Greedy,679,3037662008,86474,86555,81,completed,-32
Greedy,657,3658959723,85215,86665,1450,completed,-10
Greedy,680,3037662008,86524,86666,142,completed,-32
Greedy,658,3658959723,85265,86768,1503,completed,-10
Greedy,681,3037662008,86574,86769,195,completed,-32
Greedy,659,3658959723,85315,86871,1556,completed,-10
Greedy,682,3037662008,86624,86872,248,completed,-32
Greedy,660,3658959723,85365,86972,1607,completed,-10
Greedy,683,3037662008,86674,86973,299,completed,-32
Greedy,661,3658959723,85415,87075,1660,completed,-10
Greedy,684,3037662008,86924,87076,152,completed,-32
Greedy,685,3037662008,86974,87179,205,completed,-32
Greedy,662,3658959723,85465,87178,1713,completed,-10
Greedy,663,3658959723,85515,87280,1765,completed,-10
Greedy,686,3037662008,87024,87281,257,completed,-32
Greedy,687,3037662008,87074,87384,310,completed,-32
Greedy,688,3037662008,87124,87487,363,completed,-32
Greedy,664,3658959723,85565,87383,1818,completed,-10
Greedy,689,3037662008,87174,87590,416,completed,-32
Greedy,665,3658959723,85615,87485,1870,completed,-10
Greedy,690,3037662008,87224,87693,469,completed,-32
Greedy,666,3658959723,85665,87587,1922,completed,-10
Greedy,691,3037662008,87275,87795,520,completed,-32
Greedy,667,3658959723,85719,87689,1970,completed,-10
Greedy,668,3658959723,85924,87791,1867,completed,-10
Greedy,692,3037662008,87325,87896,571,completed,-34
Greedy,693,3037662008,87375,87998,623,completed,-34
Greedy,694,3037662008,87425,88100,675,completed,-34
Greedy,695,3037662008,87475,88202,727,completed,-34
Greedy,669,3658959723,85974,87893,1919,completed,-12
Greedy,670,3658959723,86024,87994,1970,completed,-12
Greedy,696,3037662008,87525,88303,778,completed,-34
Greedy,671,3658959723,86074,88096,2022,completed,-12
Greedy,672,3658959723,86124,88198,2074,completed,-12
Greedy,673,3658959723,86174,88300,2126,completed,-12
Greedy,697,3037662008,87575,88406,831,completed,-34
Greedy,674,3658959723,86224,88402,2178,completed,-12
Greedy,675,3658959723,86274,88504,2230,completed,-12
Greedy,698,3037662008,87627,88509,882,completed,-34
Greedy,676,3658959723,86324,88606,2282,completed,-12
Greedy,677,3658959723,86374,88708,2334,completed,-12
Greedy,699,3037662008,87677,88612,935,completed,-34
Greedy,678,3658959723,86424,88811,2387,completed,-12
Greedy,700,3037662008,87924,88714,790,completed,-34
Greedy,706,3658959723,88224,88914,690,completed,-12
Greedy,701,3037662008,87974,88817,843,completed,-34
Greedy,707,3658959723,88274,89016,742,completed,-12
Greedy,708,3658959723,88324,89119,795,completed,-12
Greedy,709,3658959723,88374,89221,847,completed,-12
Greedy,702,3037662008,88024,88919,895,completed,-34
Greedy,710,3658959723,88424,89324,900,completed,-12
Greedy,711,3658959723,88474,89427,953,completed,-12
Greedy,712,3658959723,88524,89530,1006,completed,-12
Greedy,703,3037662008,88074,89020,946,completed,-34
Greedy,713,3658959723,88608,89633,1025,completed,-12
Greedy,704,3037662008,88124,89122,998,completed,-34
Greedy,714,3658959723,88658,89736,1078,completed,-12
Greedy,705,3037662008,88174,89224,1050,completed,-34
Greedy,715,3658959723,88709,89839,1130,completed,-12
Greedy,716,3658959723,88925,89940,1015,completed,-12
Greedy,717,3658959723,88975,90042,1067,completed,-12
Greedy,718,3658959723,89025,90144,1119,completed,-12
Greedy,719,3658959723,89075,90245,1170,completed,-12
Greedy,720,3658959723,89125,90348,1223,completed,-12
Greedy,738,3037662008,90228,90309,81,completed,-33
Greedy,739,3037662008,90278,90411,133,completed,-33
Greedy,721,3658959723,89175,90451,1276,completed,-12
Greedy,740,3037662008,90328,90514,186,completed,-33
Greedy,722,3658959723,89225,90554,1329,completed,-12
Greedy,741,3037662008,90378,90617,239,completed,-33
Greedy,723,3658959723,89275,90657,1382,completed,-12
Greedy,724,3658959723,89325,90760,1435,completed,-12
Greedy,742,3037662008,90428,90720,292,completed,-33
Greedy,743,3037662008,90478,90823,345,completed,-33
Greedy,744,3037662008,90528,90924,396,completed,-33
Greedy,725,3658959723,89375,90863,1488,completed,-12
Greedy,745,3037662008,90579,91026,447,completed,-33
Greedy,746,3037662008,90629,91129,500,completed,-33
Greedy,747,3037662008,90679,91232,553,completed,-33
Greedy,726,3658959723,89425,90964,1539,completed,-12
Greedy,748,3037662008,90928,91335,407,completed,-33
Greedy,749,3037662008,90978,91438,460,completed,-33
Greedy,727,3658959723,89475,91066,1591,completed,-12
Greedy,728,3658959723,89529,91168,1639,completed,-12
Greedy,750,3037662008,91028,91541,513,completed,-33
Greedy,751,3037662008,91078,91644,566,completed,-33
Greedy,729,3658959723,89579,91270,1691,completed,-12
Greedy,752,3037662008,91128,91747,619,completed,-33
Greedy,730,3658959723,89631,91371,1740,completed,-12
Greedy,753,3037662008,91178,91850,672,completed,-34
Greedy,754,3037662008,91228,91951,723,completed,-34
Greedy,731,3658959723,89681,91473,1792,completed,-12
Greedy,732,3658959723,89928,91575,1647,completed,-12
Greedy,733,3658959723,89978,91677,1699,completed,-12
Greedy,755,3037662008,91278,92054,776,completed,-34
Greedy,734,3658959723,90028,91779,1751,completed,-12
Greedy,735,3658959723,90078,91881,1803,completed,-11
Greedy,736,3658959723,90128,91982,1854,completed,-11
Greedy,737,3658959723,90178,92084,1906,completed,-11
Greedy,756,3037662008,91328,92157,829,completed,-34
Greedy,765,3658959723,91977,92186,209,completed,-11
Greedy,766,3658959723,92027,92290,263,completed,-11
Greedy,767,3658959723,92077,92396,319,completed,-11
Greedy,757,3037662008,91378,92260,882,completed,-34
Greedy,768,3658959723,92127,92499,372,completed,-11
Greedy,769,3658959723,92177,92602,425,completed,-11
Greedy,770,3658959723,92227,92705,478,completed,-11
Greedy,758,3037662008,91428,92362,934,completed,-34
Greedy,771,3658959723,92277,92808,531,completed,-11
Greedy,772,3658959723,92327,92911,584,completed,-11
Greedy,759,3037662008,91478,92464,986,completed,-34
Greedy,760,3037662008,91528,92566,1038,completed,-34
Greedy,773,3658959723,92377,93013,636,completed,-11
Greedy,774,3658959723,92427,93116,689,completed,-11
Greedy,775,3658959723,92477,93219,742,completed,-11
Greedy,761,3037662008,91582,92668,1086,completed,-34
Greedy,776,3658959723,92527,93322,795,completed,-11
Greedy,777,3658959723,92583,93425,842,completed,-11
Greedy,762,3037662008,91632,92770,1138,completed,-34
Greedy,778,3658959723,92633,93528,895,completed,-11
Greedy,779,3658959723,92683,93631,948,completed,-11
Greedy,763,3037662008,91682,92872,1190,completed,-34
Greedy,780,3658959723,92926,93734,808,completed,-11
Greedy,764,3037662008,91927,92973,1046,completed,-34
Greedy,797,3037662008,93983,94065,82,completed,-31
Greedy,781,3658959723,92976,93837,861,completed,-13
Greedy,782,3658959723,93026,93938,912,completed,-13
Greedy,783,3658959723,93076,94040,964,completed,-13
Greedy,798,3037662008,94033,94168,135,completed,-31
Greedy,799,3037662008,94083,94271,188,completed,-31
Greedy,800,3037662008,94136,94374,238,completed,-31
Greedy,784,3658959723,93126,94147,1021,completed,-13
Greedy,801,3037662008,94188,94477,289,completed,-31
Greedy,802,3037662008,94238,94579,341,completed,-31
Greedy,803,3037662008,94288,94682,394,completed,-31
Greedy,785,3658959723,93176,94251,1075,completed,-13
Greedy,786,3658959723,93226,94353,1127,completed,-13
Greedy,804,3037662008,94338,94785,447,completed,-31
Greedy,787,3658959723,93276,94455,1179,completed,-13
Greedy,805,3037662008,94388,94888,500,completed,-31
Greedy,788,3658959723,93326,94557,1231,completed,-13
Greedy,806,3037662008,94438,94989,551,completed,-31
Greedy,789,3658959723,93376,94659,1283,completed,-13
Greedy,807,3037662008,94488,95091,603,completed,-31
Greedy,790,3658959723,93426,94761,1335,completed,-13
Greedy,808,3037662008,94538,95193,655,completed,-31
Greedy,791,3658959723,93476,94863,1387,completed,-13
Greedy,809,3037662008,94590,95294,704,completed,-31
Greedy,792,3658959723,93527,94964,1437,completed,-13
Greedy,793,3658959723,93584,95065,1481,completed,-13
Greedy,794,3658959723,93634,95167,1533,completed,-13
Greedy,795,3658959723,93684,95268,1584,completed,-13
Greedy,796,3658959723,93933,95369,1436,completed,-13
Greedy,810,3037662008,94640,95396,756,completed,-31
Greedy,811,3037662008,94690,97437,2747,completed,-32
Greedy,816,3658959723,97447,97565,118,completed,-11
Greedy,812,3037662008,94927,97540,2613,completed,-32
Greedy,817,3658959723,97497,97674,177,completed,-11
Greedy,813,3037662008,97137,97643,506,completed,-32
Greedy,818,3658959723,97547,97785,238,completed,-11
Greedy,814,3037662008,97343,97746,403,completed,-32
Greedy,819,3658959723,97597,97888,291,completed,-11
Greedy,815,3037662008,97397,97849,452,completed,-32
Greedy,820,3658959723,97647,97991,344,completed,-11
Greedy,821,3658959723,97697,98094,397,completed,-11
Greedy,822,3658959723,97747,98197,450,completed,-11
Greedy,823,3658959723,97797,98300,503,completed,-11
Greedy,824,3658959723,97847,98402,555,completed,-11
Greedy,825,3658959723,97897,98504,607,completed,-11
Greedy,826,3658959723,97947,98606,659,completed,-11
Greedy,827,3658959723,97997,98709,712,completed,-11
Greedy,828,3658959723,98047,98812,765,completed,-11
Greedy,829,3658959723,98097,98915,818,completed,-11
Greedy,830,3658959723,98341,99018,677,completed,-11
Greedy,831,3658959723,98391,99125,734,completed,-11
Greedy,832,3658959723,98441,99228,787,completed,-11
Greedy,833,3658959723,98491,99331,840,completed,-11
Greedy,834,3658959723,98541,99433,892,completed,-11
Greedy,835,3658959723,98591,99535,944,completed,-11
Greedy,836,3658959723,98641,99636,995,completed,-11
Greedy,837,3658959723,98691,99739,1048,completed,-11
Greedy,838,3658959723,98741,99842,1101,completed,-12
Greedy,839,3658959723,98791,99944,1153,completed,-12
Greedy,857,3037662008,99847,99929,82,completed,-29
Greedy,840,3658959723,98841,100047,1206,completed,-12
Greedy,858,3037662008,99897,100032,135,completed,-29
Greedy,841,3658959723,98891,100150,1259,completed,-12
Greedy,859,3037662008,99947,100135,188,completed,-29
Greedy,860,3037662008,99997,100238,241,completed,-29
Greedy,861,3037662008,100047,100340,293,completed,-29
Greedy,842,3658959723,98941,100253,1312,completed,-12
Greedy,862,3037662008,100097,100443,346,completed,-29
Greedy,863,3037662008,100345,100546,201,completed,-29
Greedy,843,3658959723,98991,100354,1363,completed,-12
Greedy,864,3037662008,100395,100649,254,completed,-29
Greedy,844,3658959723,99041,100456,1415,completed,-12
Greedy,865,3037662008,100445,100752,307,completed,-29
Greedy,866,3037662008,100495,100857,362,completed,-29
Greedy,845,3658959723,99091,100558,1467,completed,-12
Greedy,867,3037662008,100545,100960,415,completed,-29
Greedy,868,3037662008,100595,101063,468,completed,-29
Greedy,846,3658959723,99142,100659,1517,completed,-12
Greedy,869,3037662008,100645,101166,521,completed,-29
Greedy,870,3037662008,100695,101269,574,completed,-29
Greedy,871,3037662008,100745,101370,625,completed,-29
Greedy,872,3037662008,100795,101473,678,completed,-29
Greedy,847,3658959723,99344,100760,1416,completed,-12
Greedy,873,3037662008,100845,101576,731,completed,-29
Greedy,874,3037662008,100895,101679,784,completed,-29
Greedy,875,3037662008,100945,101782,837,completed,-29
Greedy,848,3658959723,99394,100862,1468,completed,-12
Greedy,849,3658959723,99444,100964,1520,completed,-12
Greedy,876,3037662008,100995,101885,890,completed,-34
Greedy,850,3658959723,99494,101066,1572,completed,-12
Greedy,851,3658959723,99544,101168,1624,completed,-12
Greedy,877,3037662008,101045,101988,943,completed,-34
Greedy,852,3658959723,99594,101270,1676,completed,-12
Greedy,853,3658959723,99644,101371,1727,completed,-12
Greedy,854,3658959723,99694,101473,1779,completed,-12
Greedy,878,3037662008,101097,102091,994,completed,-34
Greedy,855,3658959723,99744,101575,1831,completed,-12
Greedy,856,3658959723,99794,101676,1882,completed,-12
Greedy,879,3037662008,101147,102194,1047,completed,-34
Greedy,890,3658959723,101866,101988,122,completed,-11
Greedy,891,3658959723,101918,102091,173,completed,-11
Greedy,880,3037662008,101350,102297,947,completed,-34
Greedy,892,3658959723,101968,102195,227,completed,-11
Greedy,893,3658959723,102021,102297,276,completed,-11
Greedy,894,3658959723,102071,102398,327,completed,-11
Greedy,895,3658959723,102123,102500,377,completed,-11
Greedy,896,3658959723,102349,102602,253,completed,-11
Greedy,897,3658959723,102399,102705,306,completed,-11
Greedy,881,3037662008,101404,102398,994,completed,-34
Greedy,898,3658959723,102449,102808,359,completed,-11
Greedy,899,3658959723,102499,102911,412,completed,-11
Greedy,882,3037662008,101454,102500,1046,completed,-34
Greedy,883,3037662008,101507,102602,1095,completed,-34
Greedy,900,3658959723,102549,103014,465,completed,-11
Greedy,901,3658959723,102600,103119,519,completed,-11
Greedy,884,3037662008,101557,102704,1147,completed,-34
Greedy,902,3658959723,102650,103222,572,completed,-11
Greedy,885,3037662008,101611,102806,1195,completed,-34
Greedy,903,3658959723,102702,103324,622,completed,-11
Greedy,904,3658959723,102752,103426,674,completed,-11
Greedy,905,3658959723,102805,103529,724,completed,-11
Greedy,886,3037662008,101661,102908,1247,completed,-34
Greedy,906,3658959723,102855,103632,777,completed,-11
Greedy,907,3658959723,102908,103735,827,completed,-11
Greedy,908,3658959723,102958,103840,882,completed,-12
Greedy,887,3037662008,101712,103009,1297,completed,-34
Greedy,888,3037662008,101762,103111,1349,completed,-34
Greedy,909,3658959723,103011,103943,932,completed,-12
Greedy,910,3658959723,103061,104046,985,completed,-12
Greedy,911,3658959723,103111,104149,1038,completed,-12
Greedy,912,3658959723,103354,104252,898,completed,-12
Greedy,889,3037662008,101816,103212,1396,completed,-34
Greedy,913,3658959723,103404,104354,950,completed,-12
Greedy,914,3658959723,103454,104455,1001,completed,-12
Greedy,915,3658959723,103504,104558,1054,completed,-12
Greedy,930,3037662008,104455,104537,82,completed,-33
Greedy,931,3037662008,104505,104639,134,completed,-33
Greedy,916,3658959723,103554,104661,1107,completed,-12
Greedy,932,3037662008,104555,104742,187,completed,-33
Greedy,933,3037662008,104605,104845,240,completed,-33
Greedy,917,3658959723,103605,104763,1158,completed,-12
Greedy,934,3037662008,104655,104947,292,completed,-33
Greedy,935,3037662008,104705,105050,345,completed,-33
Greedy,918,3658959723,103655,104865,1210,completed,-12
Greedy,936,3037662008,104755,105153,398,completed,-33
Greedy,919,3658959723,103705,104967,1262,completed,-12
Greedy,937,3037662008,104805,105256,451,completed,-33
Greedy,920,3658959723,103755,105069,1314,completed,-12
Greedy,938,3037662008,104855,105358,503,completed,-33
Greedy,939,3037662008,104905,105461,556,completed,-33
Greedy,940,3037662008,104956,105564,608,completed,-33
Greedy,921,3658959723,103805,105171,1366,completed,-12
Greedy,941,3037662008,105006,105667,661,completed,-33
Greedy,942,3037662008,105056,105770,714,completed,-33
Greedy,922,3658959723,103855,105273,1418,completed,-12
Greedy,923,3658959723,103905,105374,1469,completed,-12
Greedy,943,3037662008,105106,105873,767,completed,-31
Greedy,924,3658959723,103955,105476,1521,completed,-12
Greedy,925,3658959723,104005,105578,1573,completed,-12
Greedy,926,3658959723,104055,105680,1625,completed,-12
Greedy,944,3037662008,105354,105976,622,completed,-31
Greedy,927,3658959723,104105,105782,1677,completed,-12
Greedy,945,3037662008,105404,106079,675,completed,-31
Greedy,928,3658959723,104355,105884,1529,completed,-11
Greedy,929,3658959723,104405,105986,1581,completed,-11
Greedy,946,3037662008,105454,106182,728,completed,-31
Greedy,954,3658959723,105855,106088,233,completed,-11
Greedy,955,3658959723,105906,106190,284,completed,-11
Greedy,947,3037662008,105504,106285,781,completed,-31
Greedy,956,3658959723,105956,106292,336,completed,-11
Greedy,957,3658959723,106009,106393,384,completed,-11
Greedy,958,3658959723,106059,106495,436,completed,-11
Greedy,959,3658959723,106112,106598,486,completed,-11
Greedy,948,3037662008,105554,106386,832,completed,-31
Greedy,960,3658959723,106350,106701,351,completed,-11
Greedy,961,3658959723,106400,106804,404,completed,-11
Greedy,962,3658959723,106450,106907,457,completed,-11
Greedy,949,3037662008,105604,106488,884,completed,-31
Greedy,963,3658959723,106500,107010,510,completed,-11
Greedy,964,3658959723,106550,107113,563,completed,-11
Greedy,950,3037662008,105654,106590,936,completed,-31
Greedy,965,3658959723,106608,107216,608,completed,-11
Greedy,951,3037662008,105704,106691,987,completed,-31
Greedy,966,3658959723,106658,107319,661,completed,-11
Greedy,952,3037662008,105754,106793,1039,completed,-31
Greedy,967,3658959723,106708,107420,712,completed,-11
Greedy,968,3658959723,106758,107523,765,completed,-11
Greedy,953,3037662008,105805,106895,1090,completed,-31
Greedy,969,3658959723,106808,107626,818,completed,-11
Greedy,970,3658959723,106858,107729,871,completed,-11
Greedy,971,3658959723,106908,107832,924,completed,-11
Greedy,972,3658959723,106959,107936,977,completed,-11
Greedy,987,3037662008,107914,107995,81,completed,-32
Greedy,988,3037662008,107964,108098,134,completed,-32
Greedy,973,3658959723,107009,108039,1030,completed,-11
Greedy,989,3037662008,108014,108201,187,completed,-32
Greedy,990,3037662008,108064,108304,240,completed,-32
Greedy,974,3658959723,107059,108141,1082,completed,-11
Greedy,991,3037662008,108114,108432,318,completed,-32
Greedy,992,3037662008,108355,108535,180,completed,-32
Greedy,993,3037662008,108405,108637,232,completed,-32
Greedy,975,3658959723,107109,108243,1134,completed,-11
Greedy,994,3037662008,108455,108740,285,completed,-32
Greedy,995,3037662008,108505,108843,338,completed,-32
Greedy,996,3037662008,108555,108946,391,completed,-32
Greedy,976,3658959723,107360,108345,985,completed,-11
Greedy,977,3658959723,107410,108446,1036,completed,-11
Greedy,997,3037662008,108614,109049,435,completed,-32
Greedy,978,3658959723,107460,108548,1088,completed,-11
Greedy,998,3037662008,108664,109152,488,completed,-32
Greedy,979,3658959723,107510,108649,1139,completed,-11
Greedy,999,3037662008,108714,109255,541,completed,-32
Greedy,1000,3037662008,108764,109356,592,completed,-32
Greedy,1001,3037662008,108814,109459,645,completed,-32
Greedy,1002,3037662008,108864,109562,698,completed,-32
Greedy,980,3658959723,107560,108750,1190,completed,-11
Greedy,1003,3037662008,108914,109665,751,completed,-32
Greedy,1004,3037662008,108964,109768,804,completed,-32
Greedy,981,3658959723,107614,108852,1238,completed,-11
Greedy,982,3658959723,107664,108954,1290,completed,-11
Greedy,983,3658959723,107714,109056,1342,completed,-11
Greedy,1005,3037662008,109014,109871,857,completed,-34
Greedy,984,3658959723,107764,109158,1394,completed,-11
Greedy,985,3658959723,107814,109264,1450,completed,-11
Greedy,1006,3037662008,109064,109974,910,completed,-34
Greedy,986,3658959723,107864,109368,1504,completed,-11
Greedy,1018,3658959723,109859,109981,122,completed,-11
Greedy,1007,3037662008,109114,110077,963,completed,-34
Greedy,1019,3658959723,109909,110083,174,completed,-11
Greedy,1020,3658959723,109959,110185,226,completed,-11
Greedy,1008,3037662008,109359,110180,821,completed,-34
Greedy,1021,3658959723,110009,110288,279,completed,-11
Greedy,1022,3658959723,110059,110389,330,completed,-11
Greedy,1009,3037662008,109409,110283,874,completed,-34
Greedy,1023,3658959723,110109,110491,382,completed,-11
Greedy,1024,3658959723,110159,110594,435,completed,-11
Greedy,1010,3037662008,109459,110385,926,completed,-34
Greedy,1025,3658959723,110364,110697,333,completed,-11
Greedy,1026,3658959723,110414,110800,386,completed,-11
Greedy,1027,3658959723,110464,110903,439,completed,-11
Greedy,1011,3037662008,109509,110487,978,completed,-34
Greedy,1012,3037662008,109559,110589,1030,completed,-34
Greedy,1028,3658959723,110514,111006,492,completed,-11
Greedy,1029,3658959723,110564,111109,545,completed,-11
Greedy,1013,3037662008,109609,110690,1081,completed,-34
Greedy,1030,3658959723,110614,111212,598,completed,-11
Greedy,1014,3037662008,109659,110792,1133,completed,-34
Greedy,1031,3658959723,110664,111315,651,completed,-11
Greedy,1032,3658959723,110714,111417,703,completed,-11
Greedy,1033,3658959723,110764,111519,755,completed,-11
Greedy,1034,3658959723,110814,111622,808,completed,-11
Greedy,1015,3037662008,109709,110893,1184,completed,-34
Greedy,1035,3658959723,110864,111725,861,completed,-11
Greedy,1036,3658959723,110914,111828,914,completed,-11
Greedy,1016,3037662008,109759,110995,1236,completed,-34
Greedy,1017,3037662008,109809,111097,1288,completed,-34
Greedy,1037,3658959723,110964,111931,967,completed,-11
Greedy,1038,3658959723,111014,112034,1020,completed,-11
Greedy,1039,3658959723,111064,112137,1073,completed,-11
Greedy,1040,3658959723,111114,112240,1126,completed,-11
Greedy,1041,3658959723,111366,112343,977,completed,-11
Greedy,1042,3658959723,111416,112445,1029,completed,-11
Greedy,1057,3037662008,112368,112458,90,completed,-34
Greedy,1043,3658959723,111466,112548,1082,completed,-11
Greedy,1044,3658959723,111516,112650,1134,completed,-11
Greedy,1045,3658959723,111566,112752,1186,completed,-11
Greedy,1046,3658959723,111619,112853,1234,completed,-11
Greedy,1047,3658959723,111669,112954,1285,completed,-11
Greedy,1048,3658959723,111723,113056,1333,completed,-11
Greedy,1049,3658959723,111773,113157,1384,completed,-11
Greedy,1050,3658959723,111825,113259,1434,completed,-11
Greedy,1051,3658959723,111875,113361,1486,completed,-11
Greedy,1052,3658959723,111930,113463,1533,completed,-11
Greedy,1053,3658959723,111980,113564,1584,completed,-11
Greedy,1058,3037662008,114583,114881,298,completed,-33
Greedy,1059,3037662008,114787,115013,226,completed,-33
Greedy,1054,3658959723,112031,113665,1634,completed,-11
Greedy,1060,3037662008,114838,115116,278,completed,-33
Greedy,1061,3037662008,114891,115219,328,completed,-33
Greedy,1055,3658959723,112081,113767,1686,completed,-11
Greedy,1056,3658959723,112134,114685,2551,completed,-11
Greedy,1062,3037662008,114941,115322,381,completed,-33
Greedy,1070,3658959723,115341,115460,119,completed,-11
Greedy,1063,3037662008,114991,115425,434,completed,-33
Greedy,1071,3658959723,115391,115563,172,completed,-11
Greedy,1064,3037662008,115041,115529,488,completed,-33
Greedy,1072,3658959723,115441,115666,225,completed,-11
Greedy,1065,3037662008,115091,115632,541,completed,-33
Greedy,1073,3658959723,115491,115768,277,completed,-11
Greedy,1066,3037662008,115141,115735,594,completed,-33
Greedy,1074,3658959723,115541,115869,328,completed,-12
Greedy,1067,3037662008,115191,115837,646,completed,-33
Greedy,1075,3658959723,115591,115971,380,completed,-12
Greedy,1068,3037662008,115241,115938,697,completed,-33
Greedy,1076,3658959723,115797,116073,276,completed,-12
Greedy,1077,3658959723,115847,116175,328,completed,-12
Greedy,1080,3658959723,115997,116278,281,completed,-12
Greedy,1069,3037662008,115291,116040,749,completed,-33
Greedy,1081,3658959723,116047,116381,334,completed,-12
Greedy,1082,3658959723,116097,116484,387,completed,-12
Greedy,1093,3658959723,116856,117614,758,completed,-12
Greedy,1094,3658959723,116906,117717,811,completed,-12
Greedy,1095,3658959723,116956,117818,862,completed,-12
Greedy,1096,3658959723,117006,117920,914,completed,-11
Greedy,1110,3037662008,117895,117977,82,completed,-29
Greedy,1097,3658959723,117056,118022,966,completed,-11
Greedy,1111,3037662008,117945,118089,144,completed,-29
Greedy,1098,3658959723,117106,118125,1019,completed,-11
Greedy,1112,3037662008,117997,118192,195,completed,-29
Greedy,1113,3037662008,118047,118295,248,completed,-29
Greedy,1099,3658959723,117156,118228,1072,completed,-11
Greedy,1114,3037662008,118097,118398,301,completed,-29
Greedy,1115,3037662008,118147,118501,354,completed,-29
Greedy,1083,3658959723,116147,116587,440,completed,-12
Greedy,1078,3037662008,115897,116142,245,completed,-33
Greedy,1084,3658959723,116197,116690,493,completed,-12
Greedy,1085,3658959723,116247,116792,545,completed,-12
Greedy,1079,3037662008,115947,116244,297,completed,-33
Greedy,1086,3658959723,116297,116893,596,completed,-12
Greedy,1087,3658959723,116347,116996,649,completed,-12
Greedy,1088,3658959723,116397,117099,702,completed,-12
Greedy,1089,3658959723,116447,117202,755,completed,-12
Greedy,1090,3658959723,116497,117305,808,completed,-12
Greedy,1091,3658959723,116547,117408,861,completed,-12
Greedy,1092,3658959723,116806,117511,705,completed,-12
Greedy,1116,3037662008,118197,118604,407,completed,-29
Greedy,1100,3658959723,117206,118330,1124,completed,-11
Greedy,1117,3037662008,118247,118707,460,completed,-29
Greedy,1118,3037662008,118297,118809,512,completed,-29
Greedy,1119,3037662008,118347,118912,565,completed,-29
Greedy,1120,3037662008,118397,119015,618,completed,-29
Greedy,1101,3658959723,117256,118432,1176,completed,-11
Greedy,1121,3037662008,118447,119118,671,completed,-29
Greedy,1122,3037662008,118497,119221,724,completed,-29
Greedy,1102,3658959723,117306,118534,1228,completed,-11
Greedy,1103,3658959723,117356,118636,1280,completed,-11
Greedy,1123,3037662008,118547,119324,777,completed,-29
Greedy,1104,3658959723,117406,118738,1332,completed,-11
Greedy,1124,3037662008,118799,119427,628,completed,-29
Greedy,1125,3037662008,118849,119529,680,completed,-29
Greedy,1126,3037662008,118899,119630,731,completed,-29
Greedy,1127,3037662008,118949,119732,783,completed,-29
Greedy,1128,3037662008,118999,119833,834,completed,-31
Greedy,1105,3658959723,117456,118839,1383,completed,-11
Greedy,1106,3658959723,117509,118941,1432,completed,-11
Greedy,1129,3037662008,119049,119935,886,completed,-31
Greedy,1107,3658959723,117559,119043,1484,completed,-11
Greedy,1108,3658959723,117795,119144,1349,completed,-11
Greedy,1109,3658959723,117845,119246,1401,completed,-11
Greedy,1130,3037662008,119099,120038,939,completed,-31
Greedy,1142,3658959723,119892,120012,120,completed,-11
Greedy,1143,3658959723,119942,120116,174,completed,-11
Greedy,1144,3658959723,119992,120218,226,completed,-11
Greedy,1145,3658959723,120042,120321,279,completed,-11
Greedy,1131,3037662008,119152,120141,989,completed,-31
Greedy,1146,3658959723,120092,120424,332,completed,-11
Greedy,1147,3658959723,120142,120527,385,completed,-11
Greedy,1148,3658959723,120192,120630,438,completed,-11
Greedy,1132,3037662008,119202,120243,1041,completed,-31
Greedy,1149,3658959723,120242,120733,491,completed,-11
Greedy,1150,3658959723,120292,120835,543,completed,-11
Greedy,1133,3037662008,119255,120344,1089,completed,-31
Greedy,1134,3037662008,119305,120446,1141,completed,-31
Greedy,1151,3658959723,120342,120938,596,completed,-11
Greedy,1152,3658959723,120392,121046,654,completed,-11
Greedy,1135,3037662008,119358,120547,1189,completed,-31
Greedy,1153,3658959723,120442,121148,706,completed,-11
Greedy,1154,3658959723,120492,121249,757,completed,-11
Greedy,1155,3658959723,120542,121352,810,completed,-11
Greedy,1136,3037662008,119408,120649,1241,completed,-31
Greedy,1156,3658959723,120592,121455,863,completed,-11
Greedy,1157,3658959723,120812,121558,746,completed,-11
Greedy,1158,3658959723,120862,121661,799,completed,-11
Greedy,1137,3037662008,119458,120751,1293,completed,-31
Greedy,1159,3658959723,120912,121764,852,completed,-11
Greedy,1160,3658959723,120962,121866,904,completed,-12
Greedy,1161,3658959723,121012,121969,957,completed,-12
Greedy,1162,3658959723,121062,122072,1010,completed,-12
Greedy,1138,3037662008,119508,120853,1345,completed,-31
Greedy,1139,3037662008,119558,120955,1397,completed,-31
Greedy,1163,3658959723,121112,122174,1062,completed,-12
Greedy,1164,3658959723,121165,122277,1112,completed,-12
Greedy,1140,3037662008,119792,121057,1265,completed,-31
Greedy,1165,3658959723,121215,122380,1165,completed,-12
Greedy,1166,3658959723,121265,122483,1218,completed,-12
Greedy,1167,3658959723,121315,122586,1271,completed,-12
Greedy,1141,3037662008,119842,121159,1317,completed,-31
Greedy,1168,3658959723,121365,122689,1324,completed,-12
Greedy,1169,3658959723,121415,122792,1377,completed,-12
Greedy,1170,3658959723,121465,122893,1428,completed,-12
Greedy,1189,3037662008,122823,122914,91,completed,-32
Greedy,1171,3658959723,121515,122995,1480,completed,-12
Greedy,1190,3037662008,122873,123017,144,completed,-32
Greedy,1172,3658959723,121565,123098,1533,completed,-12
Greedy,1191,3037662008,122923,123120,197,completed,-32
Greedy,1173,3658959723,121814,123200,1386,completed,-12
Greedy,1192,3037662008,122973,123224,251,completed,-32
Greedy,1193,3037662008,123023,123327,304,completed,-32
Greedy,1174,3658959723,121864,123303,1439,completed,-12
Greedy,1194,3037662008,123073,123430,357,completed,-32
Greedy,1195,3037662008,123123,123533,410,completed,-32
Greedy,1196,3037662008,123173,123636,463,completed,-32
Greedy,1175,3658959723,121914,123405,1491,completed,-12
Greedy,1197,3037662008,123223,123739,516,completed,-32
Greedy,1198,3037662008,123273,123841,568,completed,-31
Greedy,1176,3658959723,121966,123506,1540,completed,-12
Greedy,1177,3658959723,122016,123608,1592,completed,-12
Greedy,1178,3658959723,122069,123709,1640,completed,-12
Greedy,1199,3037662008,123323,123943,620,completed,-31
Greedy,1179,3658959723,122119,123810,1691,completed,-12
Greedy,1180,3658959723,122172,123912,1740,completed,-11
Greedy,1200,3037662008,123373,124046,673,completed,-31
Greedy,1181,3658959723,122222,124014,1792,completed,-11
Greedy,1182,3658959723,122274,124116,1842,completed,-11
Greedy,1183,3658959723,122324,124219,1895,completed,-11
Greedy,1184,3658959723,122376,124322,1946,completed,-11
Greedy,1201,3037662008,123423,124148,725,completed,-31
Greedy,1185,3658959723,122426,124429,2003,completed,-11
Greedy,1186,3658959723,122481,124532,2051,completed,-11
Greedy,1202,3037662008,123473,124250,777,completed,-31
Greedy,1203,3037662008,123523,124352,829,completed,-31
Greedy,1187,3658959723,122531,124635,2104,completed,-11
Greedy,1204,3037662008,123573,124454,881,completed,-31
Greedy,1188,3658959723,122583,124738,2155,completed,-11
Greedy,1207,3658959723,123875,124841,966,completed,-11
Greedy,1205,3037662008,123623,124555,932,completed,-31
Greedy,1208,3658959723,123925,124943,1018,completed,-11
Greedy,1209,3658959723,123977,125046,1069,completed,-11
Greedy,1206,3037662008,123825,124656,831,completed,-31
Greedy,1210,3658959723,124027,125149,1122,completed,-11
Greedy,1211,3658959723,124077,125252,1175,completed,-11
Greedy,1212,3658959723,124127,125355,1228,completed,-11
Greedy,1213,3658959723,124177,125459,1282,completed,-11
Greedy,1214,3658959723,124227,125562,1335,completed,-11
Greedy,1215,3658959723,124277,125665,1388,completed,-11
Greedy,1216,3658959723,124327,125769,1442,completed,-11
Greedy,1239,3037662008,125880,125961,81,completed,-32
Greedy,1217,3658959723,124377,125871,1494,completed,-11
Greedy,1218,3658959723,124427,125972,1545,completed,-11
Greedy,1219,3658959723,124477,126073,1596,completed,-11
Greedy,1240,3037662008,125930,126075,145,completed,-32
Greedy,1220,3658959723,124530,126176,1646,completed,-11
Greedy,1241,3037662008,125980,126178,198,completed,-32
Greedy,1221,3658959723,124580,126279,1699,completed,-11
Greedy,1242,3037662008,126030,126282,252,completed,-32
Greedy,1222,3658959723,124832,126382,1550,completed,-11
Greedy,1243,3037662008,126080,126388,308,completed,-32
Greedy,1244,3037662008,126130,126491,361,completed,-32
Greedy,1223,3658959723,124882,126485,1603,completed,-11
Greedy,1224,3658959723,124932,126587,1655,completed,-11
Greedy,1245,3037662008,126180,126594,414,completed,-32
Greedy,1225,3658959723,124982,126691,1709,completed,-11
Greedy,1246,3037662008,126230,126697,467,completed,-32
Greedy,1247,3037662008,126280,126800,520,completed,-32
Greedy,1248,3037662008,126330,126902,572,completed,-32
Greedy,1249,3037662008,126380,127005,625,completed,-32
Greedy,1226,3658959723,125032,126793,1761,completed,-11
Greedy,1250,3037662008,126430,127108,678,completed,-32
Greedy,1251,3037662008,126480,127211,731,completed,-32
Greedy,1252,3037662008,126530,127314,784,completed,-32
Greedy,1227,3658959723,125082,126895,1813,completed,-11
Greedy,1228,3658959723,125132,126996,1864,completed,-11
Greedy,1253,3037662008,126582,127417,835,completed,-32
Greedy,1254,3037662008,126832,127520,688,completed,-32
Greedy,1255,3037662008,126882,127623,741,completed,-32
Greedy,1256,3037662008,126934,127726,792,completed,-32
Greedy,1229,3658959723,125182,127098,1916,completed,-11
Greedy,1257,3037662008,126984,127830,846,completed,-33
Greedy,1230,3658959723,125232,127200,1968,completed,-11
Greedy,1231,3658959723,125282,127302,2020,completed,-11
Greedy,1232,3658959723,125332,127403,2071,completed,-11
Greedy,1258,3037662008,127039,127932,893,completed,-33
Greedy,1233,3658959723,125382,127504,2122,completed,-11
Greedy,1234,3658959723,125432,127606,2174,completed,-11
Greedy,1235,3658959723,125482,127707,2225,completed,-11
Greedy,1259,3037662008,127090,128035,945,completed,-33
Greedy,1236,3658959723,125532,127809,2277,completed,-11
Greedy,1237,3658959723,125582,127910,2328,completed,-11
Greedy,1238,3658959723,125830,128012,2182,completed,-11
Greedy,1271,3658959723,127883,128114,231,completed,-11
Greedy,1272,3658959723,127933,128216,283,completed,-11
Greedy,1273,3658959723,127983,128317,334,completed,-11
Greedy,1260,3037662008,127141,128137,996,completed,-33
Greedy,1274,3658959723,128033,128423,390,completed,-11
Greedy,1275,3658959723,128083,128526,443,completed,-11
Greedy,1261,3037662008,127191,128239,1048,completed,-33
Greedy,1276,3658959723,128133,128627,494,completed,-11
Greedy,1262,3037662008,127245,128340,1095,completed,-33
Greedy,1277,3658959723,128183,128730,547,completed,-11
Greedy,1278,3658959723,128233,128833,600,completed,-11
Greedy,1263,3037662008,127295,128441,1146,completed,-33
Greedy,1279,3658959723,128283,128935,652,completed,-11
Greedy,1280,3658959723,128333,129038,705,completed,-11
Greedy,1281,3658959723,128383,129141,758,completed,-11
Greedy,1264,3037662008,127347,128543,1196,completed,-33
Greedy,1282,3658959723,128433,129244,811,completed,-11
Greedy,1283,3658959723,128483,129347,864,completed,-11
Greedy,1284,3658959723,128533,129449,916,completed,-11
Greedy,1265,3037662008,127397,128644,1247,completed,-33
Greedy,1285,3658959723,128583,129552,969,completed,-11
Greedy,1286,3658959723,128633,129655,1022,completed,-11
Greedy,1266,3037662008,127450,128746,1296,completed,-33
Greedy,1287,3658959723,128833,129758,925,completed,-11
Greedy,1267,3037662008,127500,128847,1347,completed,-33
Greedy,1268,3037662008,127555,128949,1394,completed,-33
Greedy,1288,3658959723,128883,129860,977,completed,-12
Greedy,1269,3037662008,127605,129051,1446,completed,-33
Greedy,1289,3658959723,128933,129962,1029,completed,-12
Greedy,1270,3037662008,127833,129153,1320,completed,-33
Greedy,1290,3658959723,128983,130064,1081,completed,-12
Greedy,1291,3658959723,129036,130165,1129,completed,-12
Greedy,1292,3658959723,129086,130267,1181,completed,-12
Greedy,1293,3658959723,129138,130369,1231,completed,-12
Greedy,1294,3658959723,129188,130470,1282,completed,-12
Greedy,1295,3658959723,129241,130572,1331,completed,-12
Greedy,1296,3658959723,129291,130673,1382,completed,-12
Greedy,1297,3658959723,129343,130775,1432,completed,-12
Greedy,1298,3658959723,129393,130876,1483,completed,-12
Greedy,1299,3658959723,129446,132159,2713,completed,-12
Greedy,1300,3658959723,129496,132367,2871,completed,-12
Greedy,1301,3658959723,129549,132470,2921,completed,-12
Greedy,1302,3658959723,129599,132573,2974,completed,-12
Greedy,1303,3658959723,129842,132676,2834,completed,-12
Greedy,1304,3658959723,132053,132779,726,completed,-12
Greedy,1305,3658959723,132260,132882,622,completed,-12
Greedy,1307,3658959723,132365,132985,620,completed,-12
Greedy,1308,3658959723,132415,133088,673,completed,-12
Greedy,1309,3658959723,132465,133191,726,completed,-12
Greedy,1310,3658959723,132515,133293,778,completed,-12
Greedy,1311,3658959723,132570,133396,826,completed,-12
Greedy,1312,3658959723,132620,133499,879,completed,-12
Greedy,1306,3037662008,132311,132554,243,completed,-31
Greedy,1313,3658959723,132671,133602,931,completed,-12
Greedy,1314,3658959723,132721,133705,984,completed,-12
Greedy,1315,3658959723,132776,133808,1032,completed,-12
Greedy,1316,3658959723,132826,133911,1085,completed,-12
Greedy,1333,3037662008,133856,133938,82,completed,-32
Greedy,1317,3658959723,132879,134014,1135,completed,-12
Greedy,1334,3037662008,133907,134047,140,completed,-32
Greedy,1335,3037662008,133957,134349,392,completed,-32
Greedy,1336,3037662008,134007,134452,445,completed,-32
Greedy,1318,3658959723,132929,134116,1187,completed,-12
Greedy,1337,3037662008,134058,134555,497,completed,-32
Greedy,1338,3037662008,134263,134658,395,completed,-32
Greedy,1339,3037662008,134313,134761,448,completed,-32
Greedy,1319,3658959723,132981,134218,1237,completed,-12
Greedy,1320,3658959723,133031,134319,1288,completed,-12
Greedy,1340,3037662008,134363,134864,501,completed,-32
Greedy,1341,3037662008,134413,134966,553,completed,-32
Greedy,1342,3037662008,134463,135069,606,completed,-32
Greedy,1321,3658959723,133256,134420,1164,completed,-12
Greedy,1343,3037662008,134513,135172,659,completed,-32
Greedy,1344,3037662008,134563,135274,711,completed,-32
Greedy,1345,3037662008,134616,135376,760,completed,-32
Greedy,1346,3037662008,134666,135483,817,completed,-32
Greedy,1322,3658959723,133306,134522,1216,completed,-12
Greedy,1347,3037662008,134716,135586,870,completed,-32
Greedy,1348,3037662008,134766,135689,923,completed,-32
Greedy,1323,3658959723,133356,134623,1267,completed,-12
Greedy,1349,3037662008,134816,135792,976,completed,-32
Greedy,1324,3658959723,133406,134725,1319,completed,-12
Greedy,1325,3658959723,133456,134826,1370,completed,-12
Greedy,1350,3037662008,134866,135895,1029,completed,-33
Greedy,1326,3658959723,133506,134928,1422,completed,-12
Greedy,1327,3658959723,133556,135029,1473,completed,-12
Greedy,1351,3037662008,134916,135998,1082,completed,-33
Greedy,1328,3658959723,133606,135130,1524,completed,-12
Greedy,1329,3658959723,133656,135231,1575,completed,-12
Greedy,1352,3037662008,134966,136101,1135,completed,-33
Greedy,1330,3658959723,133706,135332,1626,completed,-12
Greedy,1353,3037662008,135016,136204,1188,completed,-33
Greedy,1331,3658959723,133756,135434,1678,completed,-12
Greedy,1332,3658959723,133806,135537,1731,completed,-12
Greedy,1354,3037662008,135262,136306,1044,completed,-33
Greedy,1366,3658959723,135876,135997,121,completed,-11
Greedy,1367,3658959723,135929,136103,174,completed,-11
Greedy,1355,3037662008,135312,136409,1097,completed,-33
Greedy,1368,3658959723,135979,136204,225,completed,-11
Greedy,1369,3658959723,136031,136305,274,completed,-11
Greedy,1356,3037662008,135362,136512,1150,completed,-33
Greedy,1370,3658959723,136267,136407,140,completed,-11
Greedy,1371,3658959723,136317,136509,192,completed,-11
Greedy,1372,3658959723,136367,136611,244,completed,-11
Greedy,1373,3658959723,136417,136713,296,completed,-11
Greedy,1357,3037662008,135412,136615,1203,completed,-33
Greedy,1358,3037662008,135462,136717,1255,completed,-33
Greedy,1374,3658959723,136467,136816,349,completed,-11
Greedy,1375,3658959723,136517,136919,402,completed,-11
Greedy,1376,3658959723,136567,137022,455,completed,-11
Greedy,1359,3037662008,135517,136819,1302,completed,-33
Greedy,1377,3658959723,136631,137125,494,completed,-11
Greedy,1378,3658959723,136681,137228,547,completed,-11
Greedy,1379,3658959723,136731,137330,599,completed,-11
Greedy,1360,3037662008,135570,136921,1351,completed,-33
Greedy,1380,3658959723,136782,137433,651,completed,-11
Greedy,1381,3658959723,136832,137536,704,completed,-11
Greedy,1361,3037662008,135620,137022,1402,completed,-33
Greedy,1382,3658959723,136882,137639,757,completed,-11
Greedy,1383,3658959723,136932,137742,810,completed,-11
Greedy,1384,3658959723,136982,137845,863,completed,-11
Greedy,1362,3037662008,135670,137126,1456,completed,-33
Greedy,1363,3037662008,135722,137228,1506,completed,-33
Greedy,1385,3658959723,137032,137948,916,completed,-11
Greedy,1386,3658959723,137262,138051,789,completed,-11
Greedy,1387,3658959723,137312,138154,842,completed,-11
Greedy,1364,3037662008,135772,137329,1557,completed,-33
Greedy,1388,3658959723,137362,138257,895,completed,-11
Greedy,1389,3658959723,137412,138359,947,completed,-11
Greedy,1390,3658959723,137462,138462,1000,completed,-11
Greedy,1365,3037662008,135826,137431,1605,completed,-33
Greedy,1391,3658959723,137512,138565,1053,completed,-11
Greedy,1392,3658959723,137562,138668,1106,completed,-11
Greedy,1393,3658959723,137612,138771,1159,completed,-11
Greedy,1394,3658959723,137662,138874,1212,completed,-11
Greedy,1414,3037662008,138817,138901,84,completed,-30
Greedy,1395,3658959723,137712,138977,1265,completed,-11
Greedy,1415,3037662008,138870,139004,134,completed,-30
Greedy,1396,3658959723,137762,139080,1318,completed,-11
Greedy,1416,3037662008,138920,139107,187,completed,-30
Greedy,1417,3037662008,138973,139210,237,completed,-30
Greedy,1418,3037662008,139023,139311,288,completed,-30
Greedy,1419,3037662008,139264,139414,150,completed,-30
Greedy,1397,3658959723,137812,139183,1371,completed,-11
Greedy,1420,3037662008,139314,139517,203,completed,-30
Greedy,1421,3037662008,139364,139620,256,completed,-30
Greedy,1422,3037662008,139414,139723,309,completed,-30
Greedy,1398,3658959723,137862,139284,1422,completed,-11
Greedy,1423,3037662008,139464,139826,362,completed,-30
Greedy,1399,3658959723,137912,139386,1474,completed,-11
Greedy,1424,3037662008,139514,139929,415,completed,-32
Greedy,1400,3658959723,137962,139487,1525,completed,-11
Greedy,1401,3658959723,138012,139589,1577,completed,-11
Greedy,1402,3658959723,138062,139691,1629,completed,-11
Greedy,1425,3037662008,139564,140032,468,completed,-32
Greedy,1403,3658959723,138266,139793,1527,completed,-11
Greedy,1426,3037662008,139614,140135,521,completed,-32
Greedy,1404,3658959723,138316,139894,1578,completed,-11
Greedy,1405,3658959723,138366,139995,1629,completed,-11
Greedy,1406,3658959723,138416,140097,1681,completed,-11
Greedy,1407,3658959723,138466,140199,1733,completed,-11
Greedy,1408,3658959723,138516,140300,1784,completed,-11
Greedy,1409,3658959723,138566,140402,1836,completed,-11
Greedy,1410,3658959723,138616,140504,1888,completed,-11
Greedy,1427,3037662008,139664,140237,573,completed,-32
Greedy,1411,3658959723,138667,140607,1940,completed,-11
Greedy,1412,3658959723,138717,140710,1993,completed,-11
Greedy,1428,3037662008,139714,140339,625,completed,-32
Greedy,1429,3037662008,139764,140441,677,completed,-32
Greedy,1413,3658959723,138767,140813,2046,completed,-11
Greedy,1432,3658959723,139914,140916,1002,completed,-11
Greedy,1433,3658959723,139964,141019,1055,completed,-11
Greedy,1434,3658959723,140014,141122,1108,completed,-11
Greedy,1430,3037662008,139814,140543,729,completed,-32
Greedy,1435,3658959723,140069,141225,1156,completed,-11
Greedy,1436,3658959723,140274,141327,1053,completed,-11
Greedy,1431,3037662008,139864,140645,781,completed,-32
Greedy,1437,3658959723,140324,141429,1105,completed,-11
Greedy,1438,3658959723,140374,141532,1158,completed,-11
Greedy,1439,3658959723,140424,141635,1211,completed,-11
Greedy,1440,3658959723,140474,141739,1265,completed,-11
Greedy,1441,3658959723,140524,141841,1317,completed,-11
Greedy,1442,3658959723,140574,141942,1368,completed,-10
Greedy,1464,3037662008,141881,141975,94,completed,-32
Greedy,1443,3658959723,140624,142045,1421,completed,-10
Greedy,1444,3658959723,140674,142148,1474,completed,-10
Greedy,1465,3037662008,141931,142078,147,completed,-32
Greedy,1466,3037662008,141981,142181,200,completed,-32
Greedy,1445,3658959723,140724,142251,1527,completed,-10
Greedy,1467,3037662008,142031,142282,251,completed,-32
Greedy,1468,3037662008,142276,142385,109,completed,-32
Greedy,1469,3037662008,142326,142488,162,completed,-32
Greedy,1446,3658959723,140774,142353,1579,completed,-10
Greedy,1447,3658959723,140825,142454,1629,completed,-10
Greedy,1470,3037662008,142376,142591,215,completed,-32
Greedy,1471,3037662008,142426,142694,268,completed,-32
Greedy,1448,3658959723,140875,142556,1681,completed,-10
Greedy,1472,3037662008,142476,142797,321,completed,-32
Greedy,1473,3037662008,142526,142900,374,completed,-32
Greedy,1474,3037662008,142576,143003,427,completed,-32
Greedy,1449,3658959723,140925,142658,1733,completed,-10
Greedy,1475,3037662008,142626,143106,480,completed,-32
Greedy,1476,3037662008,142676,143209,533,completed,-32
Greedy,1450,3658959723,140975,142759,1784,completed,-10
Greedy,1477,3037662008,142726,143311,585,completed,-32
Greedy,1478,3037662008,142776,143414,638,completed,-32
Greedy,1479,3037662008,142826,143517,691,completed,-32
Greedy,1451,3658959723,141025,142861,1836,completed,-10
Greedy,1452,3658959723,141275,142963,1688,completed,-10
Greedy,1480,3037662008,142876,143620,744,completed,-32
Greedy,1481,3037662008,142926,143723,797,completed,-32
Greedy,1453,3658959723,141325,143064,1739,completed,-10
Greedy,1482,3037662008,142976,143826,850,completed,-32
Greedy,1454,3658959723,141376,143166,1790,completed,-10
Greedy,1455,3658959723,141426,143268,1842,completed,-10
Greedy,1483,3037662008,143026,143929,903,completed,-32
Greedy,1456,3658959723,141476,143370,1894,completed,-10
Greedy,1457,3658959723,141529,143472,1943,completed,-10
Greedy,1458,3658959723,141579,143573,1994,completed,-10
Greedy,1484,3037662008,143274,144032,758,completed,-32
Greedy,1459,3658959723,141631,143675,2044,completed,-10
Greedy,1485,3037662008,143328,144135,807,completed,-32
Greedy,1460,3658959723,141681,143777,2096,completed,-10
Greedy,1461,3658959723,141731,143879,2148,completed,-12
Greedy,1462,3658959723,141781,143980,2199,completed,-12
Greedy,1463,3658959723,141831,144085,2254,completed,-12
Greedy,1496,3658959723,143887,144187,300,completed,-12
Greedy,1497,3658959723,143937,144288,351,completed,-12
Greedy,1498,3658959723,143987,144390,403,completed,-12
Greedy,1499,3658959723,144037,144497,460,completed,-12
Greedy,1486,3037662008,143378,144238,860,completed,-32
Greedy,1500,3658959723,144275,144599,324,completed,-12
Greedy,1501,3658959723,144325,144702,377,completed,-12
Greedy,1502,3658959723,144375,144805,430,completed,-12
Greedy,1487,3037662008,143428,144340,912,completed,-32
Greedy,1503,3658959723,144425,144908,483,completed,-12
Greedy,1504,3658959723,144475,145011,536,completed,-12
Greedy,1488,3037662008,143478,144441,963,completed,-32
Greedy,1489,3037662008,143528,144543,1015,completed,-32
Greedy,1505,3658959723,144526,145114,588,completed,-12
Greedy,1506,3658959723,144577,145217,640,completed,-12
Greedy,1490,3037662008,143580,144645,1065,completed,-32
Greedy,1507,3658959723,144627,145318,691,completed,-12
Greedy,1508,3658959723,144677,145420,743,completed,-12
Greedy,1509,3658959723,144727,145523,796,completed,-12
Greedy,1491,3037662008,143630,144746,1116,completed,-32
Greedy,1510,3658959723,144777,145626,849,completed,-12
Greedy,1511,3658959723,144827,145729,902,completed,-12
Greedy,1492,3037662008,143680,144847,1167,completed,-32
Greedy,1512,3658959723,144877,145832,955,completed,-12
Greedy,1513,3658959723,144927,145935,1008,completed,-12
Greedy,1514,3658959723,144977,146038,1061,completed,-12
Greedy,1493,3037662008,143737,144949,1212,completed,-32
Greedy,1494,3037662008,143787,145050,1263,completed,-32
Greedy,1495,3037662008,143837,145152,1315,completed,-32
Greedy,1515,3658959723,145027,146140,1113,completed,-12
Greedy,1516,3658959723,145275,146243,968,completed,-12
Greedy,1517,3658959723,145325,146345,1020,completed,-12
Greedy,1533,3037662008,146327,146408,81,completed,-34
Greedy,1518,3658959723,145375,146448,1073,completed,-12
Greedy,1534,3037662008,146377,146516,139,completed,-34
Greedy,1519,3658959723,145425,146551,1126,completed,-12
Greedy,1535,3037662008,146427,146626,199,completed,-34
Greedy,1536,3037662008,146477,146729,252,completed,-34
Greedy,1537,3037662008,146527,146832,305,completed,-34
Greedy,1520,3658959723,145475,146653,1178,completed,-12
Greedy,1538,3037662008,146577,146935,358,completed,-34
Greedy,1539,3037662008,146627,147038,411,completed,-34
Greedy,1540,3037662008,146677,147141,464,completed,-34
Greedy,1521,3658959723,145525,146755,1230,completed,-12
Greedy,1541,3037662008,146727,147244,517,completed,-34
Greedy,1522,3658959723,145575,146857,1282,completed,-12
Greedy,1523,3658959723,145625,146959,1334,completed,-12
Greedy,1542,3037662008,146777,147345,568,completed,-34
Greedy,1531,3658959723,146034,147771,1737,completed,-12
Greedy,1549,3037662008,147282,150017,2735,completed,-34
Greedy,1550,3037662008,149500,150216,716,completed,-34
Greedy,1532,3658959723,146277,147872,1595,completed,-11
Greedy,1551,3037662008,149708,150329,621,completed,-34
Greedy,1552,3037662008,149758,150460,702,completed,-34
Greedy,1553,3037662008,149808,150563,755,completed,-34
Greedy,1554,3037662008,149858,150666,808,completed,-34
Greedy,1555,3037662008,149908,150768,860,completed,-34
Greedy,1568,3658959723,150762,150880,118,completed,-12
Greedy,1556,3037662008,149958,150871,913,completed,-34
Greedy,1569,3658959723,150812,150983,171,completed,-12
Greedy,1557,3037662008,150008,150974,966,completed,-34
Greedy,1570,3658959723,150862,151086,224,completed,-12
Greedy,1558,3037662008,150058,151077,1019,completed,-34
Greedy,1571,3658959723,150912,151189,277,completed,-12
Greedy,1559,3037662008,150108,151180,1072,completed,-34
Greedy,1572,3658959723,150962,151292,330,completed,-12
Greedy,1560,3037662008,150158,151283,1125,completed,-34
Greedy,1573,3658959723,151012,151395,383,completed,-12
Greedy,1561,3037662008,150208,151386,1178,completed,-34
Greedy,1574,3658959723,151062,151498,436,completed,-12
Greedy,1562,3037662008,150259,151489,1230,completed,-34
Greedy,1563,3037662008,150309,151592,1283,completed,-34
Greedy,1564,3037662008,150362,151694,1332,completed,-34
Greedy,1565,3037662008,150412,151796,1384,completed,-34
Greedy,1524,3658959723,145675,147061,1386,completed,-12
Greedy,1543,3037662008,146827,147448,621,completed,-34
Greedy,1525,3658959723,145726,147163,1437,completed,-12
Greedy,1544,3037662008,146877,147550,673,completed,-34
Greedy,1526,3658959723,145776,147264,1488,completed,-12
Greedy,1545,3037662008,146927,147652,725,completed,-34
Greedy,1527,3658959723,145829,147365,1536,completed,-12
Greedy,1546,3037662008,146977,147753,776,completed,-34
Greedy,1528,3658959723,145879,147467,1588,completed,-12
Greedy,1529,3658959723,145931,147568,1637,completed,-12
Greedy,1547,3037662008,147027,149579,2552,completed,-35
Greedy,1530,3658959723,145981,147670,1689,completed,-12
Greedy,1548,3037662008,147077,149833,2756,completed,-35
Greedy,1566,3037662008,150462,151898,1436,completed,-35
Greedy,1567,3037662008,150712,151999,1287,completed,-35
Greedy,1575,3658959723,151112,151601,489,completed,-12
Greedy,1576,3658959723,151162,151704,542,completed,-12
Greedy,1577,3658959723,151214,151806,592,completed,-12
Greedy,1578,3658959723,151264,151908,644,completed,-11
Greedy,1579,3658959723,151316,152010,694,completed,-11
Greedy,1580,3658959723,151366,152111,745,completed,-11
Greedy,1581,3658959723,151418,153068,1650,completed,-11
Greedy,1582,3658959723,151468,153171,1703,completed,-11
Greedy,1583,3658959723,151713,153274,1561,completed,-11
Greedy,1584,3658959723,151763,153377,1614,completed,-11
Greedy,1585,3658959723,151813,153480,1667,completed,-11
Greedy,1586,3658959723,151863,153583,1720,completed,-11
Greedy,1587,3658959723,151913,153686,1773,completed,-11
Greedy,1588,3658959723,151963,153787,1824,completed,-11
Greedy,1589,3658959723,152013,153894,1881,completed,-11
Greedy,1590,3658959723,152067,153997,1930,completed,-11
Greedy,1619,3037662008,153917,154002,85,completed,-30
Greedy,1591,3658959723,152117,154100,1983,completed,-11
Greedy,1620,3037662008,153967,154105,138,completed,-30
Greedy,1592,3658959723,152167,154203,2036,completed,-11
Greedy,1621,3037662008,154017,154208,191,completed,-30
Greedy,1593,3658959723,152217,154306,2089,completed,-11
Greedy,1622,3037662008,154067,154311,244,completed,-30
Greedy,1594,3658959723,152267,154409,2142,completed,-11
Greedy,1623,3037662008,154117,154414,297,completed,-30
Greedy,1595,3658959723,152317,154512,2195,completed,-11
Greedy,1596,3658959723,152367,154615,2248,completed,-11
Greedy,1624,3037662008,154167,154517,350,completed,-30
Greedy,1597,3658959723,152417,154718,2301,completed,-11
Greedy,1625,3037662008,154217,154620,403,completed,-30
Greedy,1626,3037662008,154267,154724,457,completed,-30
Greedy,1598,3658959723,152467,154824,2357,completed,-11
Greedy,1627,3037662008,154317,154829,512,completed,-30
Greedy,1599,3658959723,152710,154927,2217,completed,-11
Greedy,1628,3037662008,154367,154932,565,completed,-30
Greedy,1600,3658959723,152760,155030,2270,completed,-11
Greedy,1629,3037662008,154417,155035,618,completed,-30
Greedy,1601,3658959723,152810,155133,2323,completed,-11
Greedy,1630,3037662008,154467,155138,671,completed,-30
Greedy,1602,3658959723,152860,155236,2376,completed,-11
Greedy,1631,3037662008,154725,155241,516,completed,-30
Greedy,1603,3658959723,152910,155339,2429,completed,-11
Greedy,1632,3037662008,154775,155344,569,completed,-30
Greedy,1633,3037662008,154825,155447,622,completed,-30
Greedy,1604,3658959723,152961,155442,2481,completed,-11
Greedy,1634,3037662008,154875,155550,675,completed,-30
Greedy,1654,3658959723,156158,157480,1322,completed,-11
Greedy,1648,3037662008,155858,156978,1120,completed,-34
Greedy,1655,3658959723,156208,157582,1374,completed,-11
Greedy,1656,3658959723,156258,157684,1426,completed,-11
Greedy,1657,3658959723,156308,157786,1478,completed,-11
Greedy,1658,3658959723,156358,157887,1529,completed,-11
Greedy,1659,3658959723,156408,157988,1580,completed,-11
Greedy,1660,3658959723,156458,158090,1632,completed,-11
Greedy,1661,3658959723,156508,158192,1684,completed,-11
Greedy,1662,3658959723,157721,158294,573,completed,-11
Greedy,1663,3658959723,157926,158396,470,completed,-11
Greedy,1664,3658959723,157980,158498,518,completed,-11
Greedy,1674,3037662008,158483,158564,81,completed,-32
Greedy,1665,3658959723,158032,158601,569,completed,-11
Greedy,1666,3658959723,158082,158702,620,completed,-11
Greedy,1675,3037662008,158533,158679,146,completed,-32
Greedy,1676,3037662008,158583,158799,216,completed,-32
Greedy,1677,3037662008,158633,158902,269,completed,-32
Greedy,1667,3658959723,158132,158803,671,completed,-11
Greedy,1678,3037662008,158683,159004,321,completed,-32
Greedy,1679,3037662008,158925,159107,182,completed,-32
Greedy,1680,3037662008,158975,159210,235,completed,-32
Greedy,1668,3658959723,158183,158905,722,completed,-11
Greedy,1681,3037662008,159025,159313,288,completed,-32
Greedy,1682,3037662008,159075,159416,341,completed,-32
Greedy,1669,3658959723,158233,159006,773,completed,-11
Greedy,1683,3037662008,159125,159519,394,completed,-32
Greedy,1684,3037662008,159175,159622,447,completed,-32
Greedy,1670,3658959723,158283,159108,825,completed,-11
Greedy,1685,3037662008,159225,159725,500,completed,-32
Greedy,1671,3658959723,158333,159210,877,completed,-11
Greedy,1686,3037662008,159275,159828,553,completed,-32
Greedy,1672,3658959723,158383,159311,928,completed,-11
Greedy,1673,3658959723,158433,159413,980,completed,-11
Greedy,1687,3037662008,159325,159931,606,completed,-34
Greedy,1688,3037662008,159375,160035,660,completed,-34
Greedy,1697,3658959723,159981,160101,120,completed,-11
Greedy,1689,3037662008,159425,160137,712,completed,-34
Greedy,1698,3658959723,160031,160203,172,completed,-11
Greedy,1690,3037662008,159475,160240,765,completed,-34
Greedy,1699,3658959723,160081,160306,225,completed,-11
Greedy,1700,3658959723,160131,160409,278,completed,-11
Greedy,1691,3037662008,159525,160343,818,completed,-34
Greedy,1701,3658959723,160181,160512,331,completed,-11
Greedy,1702,3658959723,160231,160615,384,completed,-11
Greedy,1692,3037662008,159575,160445,870,completed,-34
Greedy,1703,3658959723,160281,160718,437,completed,-11
Greedy,1704,3658959723,160331,160821,490,completed,-11
Greedy,1705,3658959723,160381,160924,543,completed,-11
Greedy,1693,3037662008,159625,160547,922,completed,-34
Greedy,1694,3037662008,159675,160649,974,completed,-34
Greedy,1706,3658959723,160431,161026,595,completed,-11
Greedy,1707,3658959723,160481,161129,648,completed,-11
Greedy,1708,3658959723,160531,161232,701,completed,-11
Greedy,1695,3037662008,159726,160750,1024,completed,-34
Greedy,1709,3658959723,160587,161335,748,completed,-11
Greedy,1710,3658959723,160637,161443,806,completed,-11
Greedy,1696,3037662008,159931,160852,921,completed,-34
Greedy,1711,3658959723,160687,161546,859,completed,-11
Greedy,1712,3658959723,160925,161649,724,completed,-11
Greedy,1713,3658959723,160975,161752,777,completed,-11
Greedy,1714,3658959723,161025,161855,830,completed,-11
Greedy,1715,3658959723,161075,161957,882,completed,-11
Greedy,1716,3658959723,161125,162060,935,completed,-11
Greedy,1729,3037662008,161980,162061,81,completed,-33
Greedy,1717,3658959723,161175,162163,988,completed,-11
Greedy,1730,3037662008,162030,162163,133,completed,-33
Greedy,1718,3658959723,161231,162266,1035,completed,-11
Greedy,1731,3037662008,162080,162266,186,completed,-33
Greedy,1732,3037662008,162130,162369,239,completed,-33
Greedy,1733,3037662008,162180,162472,292,completed,-33
Greedy,1719,3658959723,161281,162369,1088,completed,-11
Greedy,1734,3037662008,162230,162575,345,completed,-33
Greedy,1735,3037662008,162280,162678,398,completed,-33
Greedy,SUMMARY,ALL,0,0,120000,batch_complete,0
----------------,---,---,---,---,---,----------------,---
Greedy,1736,3037662008,162330,162781,451,completed,-33
Greedy,1720,3658959723,161333,162471,1138,completed,-11
Greedy,1737,3037662008,162380,162884,504,completed,-33
Greedy,1738,3037662008,162430,162985,555,completed,-33
Greedy,1721,3658959723,161383,162573,1190,completed,-11
Greedy,1722,3658959723,161433,162675,1242,completed,-11
Greedy,1723,3658959723,161483,162777,1294,completed,-11
Greedy,1739,3037662008,162480,163087,607,completed,-33
Greedy,1740,3037662008,162530,163189,659,completed,-33
Greedy,1724,3658959723,161533,162878,1345,completed,-11
Greedy,1741,3037662008,162580,163291,711,completed,-33
Greedy,1725,3658959723,161583,162979,1396,completed,-11
Greedy,1742,3037662008,162630,163393,763,completed,-33
Greedy,1726,3658959723,161633,163081,1448,completed,-11
Greedy,1743,3037662008,162680,163494,814,completed,-33
Greedy,1727,3658959723,161683,163182,1499,completed,-11
Greedy,1728,3658959723,161930,163284,1354,completed,-11
Greedy,1744,3658959723,185610,185731,121,completed,-11
Greedy,1745,3658959723,185660,185834,174,completed,-11
Greedy,1746,3658959723,185710,185937,227,completed,-12
Greedy,1750,3037662008,185910,185992,82,completed,-31
Greedy,1747,3658959723,185760,186040,280,completed,-12
Greedy,1751,3037662008,185960,186102,142,completed,-31
Greedy,1748,3658959723,185810,186143,333,completed,-12
Greedy,1749,3658959723,185860,186245,385,completed,-12
Greedy,1752,3037662008,186010,186205,195,completed,-31
Greedy,1753,3037662008,186060,186308,248,completed,-31
Greedy,1754,3037662008,186110,186410,300,completed,-31
Greedy,1755,3037662008,186160,187704,1544,completed,-31
Greedy,1756,3037662008,186211,187817,1606,completed,-31
Greedy,1757,3037662008,186415,187927,1512,completed,-33
Greedy,1783,3658959723,187907,188025,118,completed,-11
Greedy,1758,3037662008,186465,188030,1565,completed,-33
Greedy,1784,3658959723,187961,188128,167,completed,-11
Greedy,1759,3037662008,186515,188133,1618,completed,-33
Greedy,1785,3658959723,188011,188231,220,completed,-11
Greedy,1760,3037662008,186565,188237,1672,completed,-33
Greedy,1786,3658959723,188063,188334,271,completed,-11
Greedy,1761,3037662008,186615,188340,1725,completed,-33
Greedy,1762,3037662008,186665,188441,1776,completed,-33
Greedy,1787,3658959723,188113,188526,413,completed,-11
Greedy,1763,3037662008,186715,188544,1829,completed,-33
Greedy,1788,3658959723,188167,188628,461,completed,-11
Greedy,1764,3037662008,186765,188647,1882,completed,-33
Greedy,1789,3658959723,188420,188731,311,completed,-11
Greedy,1765,3037662008,186815,188750,1935,completed,-33
Greedy,1790,3658959723,188473,188834,361,completed,-11
Greedy,1766,3037662008,186865,188853,1988,completed,-33
Greedy,1791,3658959723,188523,188938,415,completed,-11
Greedy,1767,3037662008,186915,188956,2041,completed,-33
Greedy,1792,3658959723,188577,189041,464,completed,-11
Greedy,1768,3037662008,186965,189059,2094,completed,-33
Greedy,1793,3658959723,188627,189144,517,completed,-11
Greedy,1769,3037662008,187015,189163,2148,completed,-33
Greedy,1794,3658959723,188682,189247,565,completed,-11
Greedy,1770,3037662008,187065,189266,2201,completed,-33
Greedy,1795,3658959723,188732,189350,618,completed,-11
Greedy,1771,3037662008,187115,189369,2254,completed,-33
Greedy,1796,3658959723,188783,189452,669,completed,-11
Greedy,1772,3037662008,187165,189470,2305,completed,-33
Greedy,1797,3658959723,188837,189554,717,completed,-11
Greedy,1773,3037662008,187407,189573,2166,completed,-33
Greedy,1798,3658959723,188887,189657,770,completed,-11
Greedy,1774,3037662008,187457,189676,2219,completed,-33
Greedy,1799,3658959723,188937,189760,823,completed,-11
Greedy,1800,3658959723,188988,189863,875,completed,-11
Greedy,1801,3658959723,189038,189966,928,completed,-12
Greedy,1775,3037662008,187507,189779,2272,completed,-33
Greedy,1802,3658959723,189093,190069,976,completed,-12
Greedy,1803,3658959723,189143,190172,1029,completed,-12
Greedy,1804,3658959723,189197,190275,1078,completed,-12
Greedy,1805,3658959723,189421,190378,957,completed,-12
Greedy,1806,3658959723,189471,190479,1008,completed,-12
Greedy,1807,3658959723,189521,190582,1061,completed,-12
Greedy,1808,3658959723,189571,190685,1114,completed,-12
Greedy,1776,3037662008,187557,189881,2324,completed,-30
Greedy,1777,3037662008,187607,189983,2376,completed,-30
Greedy,1809,3658959723,189621,190788,1167,completed,-12
Greedy,1810,3658959723,189671,190891,1220,completed,-12
Greedy,1778,3037662008,187657,190085,2428,completed,-30
Greedy,1811,3658959723,189721,190994,1273,completed,-12
Greedy,1812,3658959723,189771,191097,1326,completed,-12
Greedy,1813,3658959723,189821,191200,1379,completed,-12
Greedy,1779,3037662008,187707,190186,2479,completed,-30
Greedy,1814,3658959723,189875,191303,1428,completed,-12
Greedy,1815,3658959723,189925,191406,1481,completed,-12
Greedy,1780,3037662008,187757,190287,2530,completed,-30
Greedy,1781,3037662008,187807,190389,2582,completed,-30
Greedy,1816,3658959723,189976,191508,1532,completed,-12
Greedy,1817,3658959723,190026,191611,1585,completed,-12
Greedy,1818,3658959723,190076,191714,1638,completed,-12
Greedy,1782,3037662008,187857,190490,2633,completed,-30
Greedy,1819,3658959723,190126,191817,1691,completed,-12
Greedy,1820,3658959723,190176,191920,1744,completed,-12
Greedy,1821,3658959723,190418,192022,1604,completed,-12
Greedy,1848,3037662008,191977,192059,82,completed,-31
Greedy,1822,3658959723,190468,192124,1656,completed,-12
Greedy,1849,3037662008,192027,192162,135,completed,-31
Greedy,1823,3658959723,190518,192227,1709,completed,-12
Greedy,1850,3037662008,192077,192265,188,completed,-31
Greedy,1824,3658959723,190568,192329,1761,completed,-12
Greedy,1851,3037662008,192127,192368,241,completed,-31
Greedy,1825,3658959723,190618,192431,1813,completed,-12
Greedy,1852,3037662008,192177,192470,293,completed,-31
Greedy,1826,3658959723,190668,192533,1865,completed,-12
Greedy,1853,3037662008,192422,192573,151,completed,-31
Greedy,1827,3658959723,190718,192636,1918,completed,-12
Greedy,1854,3037662008,192473,192675,202,completed,-31
Greedy,1828,3658959723,190768,192739,1971,completed,-12
Greedy,1855,3037662008,192523,192778,255,completed,-31
Greedy,1856,3037662008,192574,192880,306,completed,-31
Greedy,1829,3658959723,190818,192842,2024,completed,-12
Greedy,1857,3037662008,192624,192983,359,completed,-31
Greedy,1858,3037662008,192674,193086,412,completed,-31
Greedy,1859,3037662008,192724,193189,465,completed,-31
Greedy,1830,3658959723,190868,192944,2076,completed,-12
Greedy,1860,3037662008,192774,193292,518,completed,-31
Greedy,1861,3037662008,192824,193395,571,completed,-31
Greedy,1831,3658959723,190918,193046,2128,completed,-12
Greedy,1862,3037662008,192874,193497,623,completed,-31
Greedy,1863,3037662008,192924,193600,676,completed,-31
Greedy,1864,3037662008,192975,193703,728,completed,-31
Greedy,1832,3658959723,190968,193148,2180,completed,-12
Greedy,1833,3658959723,191018,193250,2232,completed,-12
Greedy,1865,3037662008,193025,193806,781,completed,-31
Greedy,1866,3037662008,193075,193911,836,completed,-33
Greedy,1834,3658959723,191068,193352,2284,completed,-12
Greedy,1835,3658959723,191118,193454,2336,completed,-12
Greedy,1836,3658959723,191168,193555,2387,completed,-12
Greedy,1867,3037662008,193125,194014,889,completed,-33
Greedy,1837,3658959723,191416,193657,2241,completed,-12
Greedy,1838,3658959723,191466,193759,2293,completed,-12
Greedy,1839,3658959723,191516,193860,2344,completed,-12
Greedy,1840,3658959723,191566,193962,2396,completed,-11
Greedy,1868,3037662008,193175,194116,941,completed,-33
Greedy,1869,3037662008,193427,194218,791,completed,-33
Greedy,1841,3658959723,191616,194063,2447,completed,-11
Greedy,1842,3658959723,191666,194165,2499,completed,-11
Greedy,1843,3658959723,191725,194266,2541,completed,-11
Greedy,1844,3658959723,191775,194368,2593,completed,-11
Greedy,1845,3658959723,191825,194469,2644,completed,-11
Greedy,1870,3037662008,193477,194320,843,completed,-33
Greedy,1846,3658959723,191877,194571,2694,completed,-11
Greedy,1847,3658959723,191927,194673,2746,completed,-11
Greedy,1879,3658959723,193938,194776,838,completed,-11
Greedy,1880,3658959723,193988,194879,891,completed,-11
Greedy,1871,3037662008,193530,194422,892,completed,-33
Greedy,1881,3658959723,194038,194982,944,completed,-11
Greedy,1882,3658959723,194088,195085,997,completed,-11
Greedy,1883,3658959723,194138,195187,1049,completed,-11
Greedy,1884,3658959723,194188,195290,1102,completed,-11
Greedy,1872,3037662008,193580,194523,943,completed,-33
Greedy,1885,3658959723,194425,195393,968,completed,-11
Greedy,1886,3658959723,194475,195494,1019,completed,-11
Greedy,1887,3658959723,194525,195597,1072,completed,-11
Greedy,1888,3658959723,194587,195700,1113,completed,-11
Greedy,1873,3037662008,193631,194624,993,completed,-33
Greedy,1889,3658959723,194637,195803,1166,completed,-11
Greedy,1890,3658959723,194687,195906,1219,completed,-11
Greedy,1874,3037662008,193681,194725,1044,completed,-33
Greedy,1891,3658959723,194737,196009,1272,completed,-11
Greedy,1892,3658959723,194787,196112,1325,completed,-11
Greedy,1893,3658959723,194837,196214,1377,completed,-11
Greedy,1875,3037662008,193736,194827,1091,completed,-33
Greedy,1894,3658959723,194887,196317,1430,completed,-11
Greedy,1895,3658959723,194937,196418,1481,completed,-11
Greedy,1896,3658959723,194987,196519,1532,completed,-11
Greedy,1897,3658959723,195037,196622,1585,completed,-11
Greedy,1876,3037662008,193786,194929,1143,completed,-33
Greedy,1898,3658959723,195087,196725,1638,completed,-11
Greedy,1899,3658959723,195137,196828,1691,completed,-11
Greedy,1900,3658959723,195187,196930,1743,completed,-11
Greedy,1877,3037662008,193838,195031,1193,completed,-33
Greedy,1878,3037662008,193888,195133,1245,completed,-33
Greedy,1901,3658959723,195429,197033,1604,completed,-11
Greedy,1902,3658959723,195479,197136,1657,completed,-11
Greedy,1903,3658959723,195529,197239,1710,completed,-11
Greedy,1904,3658959723,195579,197342,1763,completed,-11
Greedy,1905,3658959723,195629,197443,1814,completed,-11
Greedy,1906,3658959723,195679,197545,1866,completed,-11
Greedy,1933,3037662008,197430,197521,91,completed,-34
Greedy,1907,3658959723,195729,197648,1919,completed,-11
Greedy,1934,3037662008,197480,197624,144,completed,-34
Greedy,1908,3658959723,195779,197751,1972,completed,-11
Greedy,1935,3037662008,197530,197726,196,completed,-34
Greedy,1936,3037662008,197580,197829,249,completed,-34
Greedy,1909,3658959723,195829,197854,2025,completed,-11
Greedy,1937,3037662008,197630,197932,302,completed,-31
Greedy,1910,3658959723,195879,197956,2077,completed,-11
Greedy,1911,3658959723,195929,198058,2129,completed,-11
Greedy,1938,3037662008,197680,198035,355,completed,-31
Greedy,1912,3658959723,195979,198161,2182,completed,-11
Greedy,1939,3037662008,197730,198138,408,completed,-31
Greedy,1913,3658959723,196029,198263,2234,completed,-11
Greedy,1940,3037662008,197780,198240,460,completed,-31
Greedy,1914,3658959723,196079,198366,2287,completed,-11
Greedy,1915,3658959723,196129,198468,2339,completed,-11
Greedy,1916,3658959723,196179,198571,2392,completed,-11
Greedy,1917,3658959723,196430,198674,2244,completed,-11
Greedy,1941,3037662008,197830,198343,513,completed,-31
Greedy,1918,3658959723,196480,198777,2297,completed,-11
Greedy,1919,3658959723,196530,198880,2350,completed,-11
Greedy,1942,3037662008,197880,198445,565,completed,-31
Greedy,1920,3658959723,196589,198983,2394,completed,-11
Greedy,1921,3658959723,196639,199086,2447,completed,-11
Greedy,1922,3658959723,196689,199189,2500,completed,-11
Greedy,1923,3658959723,196739,199292,2553,completed,-11
Greedy,1924,3658959723,196789,199395,2606,completed,-11
Greedy,1925,3658959723,196839,199497,2658,completed,-11
Greedy,1926,3658959723,196889,199600,2711,completed,-11
Greedy,1927,3658959723,196939,199703,2764,completed,-11
Greedy,1928,3658959723,196989,199805,2816,completed,-11
Greedy,1929,3658959723,197039,199907,2868,completed,-11
Greedy,1930,3658959723,197089,200008,2919,completed,-11
Greedy,1931,3658959723,197139,200110,2971,completed,-11
Greedy,1932,3658959723,197189,200211,3022,completed,-11
Greedy,1943,3658959723,197930,200312,2382,completed,-11
Greedy,1966,3037662008,201646,201934,288,completed,-34
Greedy,1944,3658959723,197980,200414,2434,completed,-11
Greedy,1945,3658959723,198030,200515,2485,completed,-11
Greedy,1946,3658959723,198080,200616,2536,completed,-11
Greedy,1967,3037662008,201854,202073,219,completed,-34
Greedy,1947,3658959723,198130,200717,2587,completed,-11
Greedy,1948,3658959723,198180,200818,2638,completed,-11
Greedy,1949,3658959723,198431,200919,2488,completed,-11
Greedy,1950,3658959723,198481,201021,2540,completed,-11
Greedy,1968,3037662008,201904,202176,272,completed,-34
Greedy,1951,3658959723,198531,201122,2591,completed,-11
Greedy,1952,3658959723,198582,201224,2642,completed,-11
Greedy,1953,3658959723,198632,201326,2694,completed,-11
Greedy,1954,3658959723,198682,201427,2745,completed,-11
Greedy,1955,3658959723,198732,201528,2796,completed,-11
Greedy,1956,3658959723,198782,201629,2847,completed,-11
Greedy,1957,3658959723,198832,201731,2899,completed,-11
Greedy,1958,3658959723,198882,201832,2950,completed,-11
Greedy,1959,3658959723,198932,201933,3001,completed,-13
Greedy,1960,3658959723,198982,202034,3052,completed,-13
Greedy,1961,3658959723,199032,202141,3109,completed,-13
Greedy,1962,3658959723,199083,202243,3160,completed,-13
Greedy,1963,3658959723,199133,202345,3212,completed,-13
Greedy,1964,3658959723,199184,202447,3263,completed,-13
Greedy,1965,3658959723,199432,202548,3116,completed,-13
Greedy,1969,3658959723,201954,202650,696,completed,-13
Greedy,1970,3658959723,202004,202752,748,completed,-13
Greedy,1971,3658959723,202054,202854,800,completed,-13
Greedy,1972,3658959723,202104,202955,851,completed,-13
Greedy,1973,3658959723,202154,203057,903,completed,-13
Greedy,1974,3658959723,202207,203164,957,completed,-13
Greedy,1975,3658959723,202257,203267,1010,completed,-13
Greedy,1976,3658959723,202307,203370,1063,completed,-13
Greedy,1977,3658959723,202357,203473,1116,completed,-13
Greedy,1978,3658959723,202407,203576,1169,completed,-13
Greedy,1979,3658959723,202457,203679,1222,completed,-13
Greedy,1980,3658959723,202507,203782,1275,completed,-13
Greedy,1981,3658959723,202557,203883,1326,completed,-13
Greedy,1982,3658959723,202607,203986,1379,completed,-12
Greedy,2001,3037662008,203901,203983,82,completed,-31
Greedy,1983,3658959723,202843,204089,1246,completed,-12
Greedy,2002,3037662008,203951,204092,141,completed,-31
Greedy,2003,3037662008,204001,204195,194,completed,-31
Greedy,2004,3037662008,204051,204301,250,completed,-31
Greedy,1984,3658959723,202893,204191,1298,completed,-12
Greedy,2005,3037662008,204101,204404,303,completed,-31
Greedy,2006,3037662008,204151,204507,356,completed,-31
Greedy,2007,3037662008,204201,204610,409,completed,-31
Greedy,1985,3658959723,202943,204293,1350,completed,-12
Greedy,1986,3658959723,202993,204394,1401,completed,-12
Greedy,2008,3037662008,204251,204713,462,completed,-31
Greedy,2009,3037662008,204301,204816,515,completed,-31
Greedy,1987,3658959723,203043,204496,1453,completed,-12
Greedy,2010,3037662008,204351,204918,567,completed,-31
Greedy,2011,3037662008,204401,205021,620,completed,-31
Greedy,2012,3037662008,204451,205124,673,completed,-31
Greedy,1988,3658959723,203093,204598,1505,completed,-12
Greedy,2013,3037662008,204501,205226,725,completed,-31
Greedy,2014,3037662008,204551,205329,778,completed,-31
Greedy,2015,3037662008,204601,205432,831,completed,-31
Greedy,1989,3658959723,203143,204700,1557,completed,-12
Greedy,2016,3037662008,204654,205535,881,completed,-31
Greedy,2040,3658959723,206211,206593,382,completed,-11
Greedy,2025,3037662008,205259,206459,1200,completed,-32
Greedy,2026,3037662008,205309,206561,1252,completed,-32
Greedy,2041,3658959723,206261,206696,435,completed,-11
Greedy,2042,3658959723,206311,206799,488,completed,-11
Greedy,2027,3037662008,205362,206663,1301,completed,-32
Greedy,2043,3658959723,206361,206901,540,completed,-11
Greedy,2044,3658959723,206411,207002,591,completed,-11
Greedy,2045,3658959723,206461,207105,644,completed,-11
Greedy,2028,3037662008,205412,206765,1353,completed,-32
Greedy,2046,3658959723,206511,207209,698,completed,-11
Greedy,2047,3658959723,206561,207312,751,completed,-11
Greedy,2048,3658959723,206611,207415,804,completed,-11
Greedy,2029,3037662008,205464,206866,1402,completed,-32
Greedy,2049,3658959723,206661,207518,857,completed,-11
Greedy,1990,3658959723,203193,204802,1609,completed,-12
Greedy,1991,3658959723,203243,204903,1660,completed,-12
Greedy,2017,3037662008,204857,205638,781,completed,-31
Greedy,2018,3037662008,204907,205741,834,completed,-31
Greedy,2019,3037662008,204957,205843,886,completed,-31
Greedy,1992,3658959723,203293,205005,1712,completed,-12
Greedy,2020,3037662008,205007,205944,937,completed,-32
Greedy,1993,3658959723,203343,205107,1764,completed,-12
Greedy,1994,3658959723,203393,205209,1816,completed,-12
Greedy,2021,3037662008,205057,206047,990,completed,-32
Greedy,1995,3658959723,203443,205311,1868,completed,-12
Greedy,1996,3658959723,203493,205412,1919,completed,-12
Greedy,1997,3658959723,203543,205514,1971,completed,-12
Greedy,2022,3037662008,205107,206150,1043,completed,-32
Greedy,1998,3658959723,203593,205616,2023,completed,-12
Greedy,1999,3658959723,203643,205717,2074,completed,-12
Greedy,2023,3037662008,205157,206253,1096,completed,-32
Greedy,2000,3658959723,203851,205819,1968,completed,-12
Greedy,2035,3658959723,205961,206082,121,completed,-11
Greedy,2036,3658959723,206011,206184,173,completed,-11
Greedy,2024,3037662008,205207,206356,1149,completed,-32
Greedy,2037,3658959723,206061,206286,225,completed,-11
Greedy,2038,3658959723,206111,206388,277,completed,-11
Greedy,2039,3658959723,206161,206490,329,completed,-11
Greedy,2050,3658959723,206862,207621,759,completed,-11
Greedy,2030,3037662008,205514,206967,1453,completed,-32
Greedy,2051,3658959723,206912,207724,812,completed,-11
Greedy,2031,3037662008,205569,207069,1500,completed,-32
Greedy,2052,3658959723,206962,207827,865,completed,-11
Greedy,2053,3658959723,207012,207929,917,completed,-12
Greedy,2054,3658959723,207062,208032,970,completed,-12
Greedy,2032,3037662008,205619,207171,1552,completed,-32
Greedy,2055,3658959723,207112,208135,1023,completed,-12
Greedy,2056,3658959723,207162,208238,1076,completed,-12
Greedy,2057,3658959723,207212,208341,1129,completed,-12
Greedy,2033,3037662008,205861,207273,1412,completed,-32
Greedy,2058,3658959723,207262,208443,1181,completed,-12
Greedy,2059,3658959723,207312,208546,1234,completed,-12
Greedy,2060,3658959723,207362,208649,1287,completed,-12
Greedy,2034,3037662008,205911,207375,1464,completed,-32
Greedy,2061,3658959723,207412,208752,1340,completed,-12
Greedy,2062,3658959723,207462,208855,1393,completed,-12
Greedy,2063,3658959723,207515,208957,1442,completed,-12
Greedy,2064,3658959723,207565,209060,1495,completed,-12
Greedy,2084,3037662008,208965,209076,111,completed,-32
Greedy,2065,3658959723,207615,209163,1548,completed,-12
Greedy,2085,3037662008,209015,209185,170,completed,-32
Greedy,2066,3658959723,207867,209266,1399,completed,-12
Greedy,2086,3037662008,209065,209288,223,completed,-32
Greedy,2087,3037662008,209115,209391,276,completed,-32
Greedy,2067,3658959723,207917,209369,1452,completed,-12
Greedy,2068,3658959723,207967,209471,1504,completed,-12
Greedy,2088,3037662008,209165,209494,329,completed,-32
Greedy,2089,3037662008,209218,209597,379,completed,-32
Greedy,2069,3658959723,208017,209572,1555,completed,-12
Greedy,2090,3037662008,209268,209700,432,completed,-32
Greedy,2091,3037662008,209319,209803,484,completed,-32
Greedy,2092,3037662008,209369,209905,536,completed,-33
Greedy,2070,3658959723,208067,209674,1607,completed,-12
Greedy,2093,3037662008,209425,210006,581,completed,-33
Greedy,2071,3658959723,208117,209775,1658,completed,-12
Greedy,2072,3658959723,208167,209877,1710,completed,-12
Greedy,2094,3037662008,209475,210109,634,completed,-33
Greedy,2073,3658959723,208217,209978,1761,completed,-11
Greedy,2074,3658959723,208267,210080,1813,completed,-11
Greedy,2075,3658959723,208317,210182,1865,completed,-11
Greedy,2076,3658959723,208370,210288,1918,completed,-11
Greedy,2077,3658959723,208420,210394,1974,completed,-11
Greedy,2095,3037662008,209526,210212,686,completed,-33
Greedy,2078,3658959723,208471,210497,2026,completed,-11
Greedy,2079,3658959723,208521,210600,2079,completed,-11
Greedy,2080,3658959723,208571,210703,2132,completed,-11
Greedy,2096,3037662008,209576,210314,738,completed,-33
Greedy,2081,3658959723,208621,210806,2185,completed,-11
Greedy,2082,3658959723,208865,210909,2044,completed,-11
Greedy,2097,3037662008,209629,210416,787,completed,-33
Greedy,2098,3037662008,209867,210518,651,completed,-33
Greedy,2083,3658959723,208915,211011,2096,completed,-11
Greedy,2101,3658959723,210017,211114,1097,completed,-11
Greedy,2102,3658959723,210067,211217,1150,completed,-11
Greedy,2099,3037662008,209917,210620,703,completed,-33
Greedy,2103,3658959723,210118,211320,1202,completed,-11
Greedy,2104,3658959723,210168,211423,1255,completed,-11
Greedy,2100,3037662008,209967,210722,755,completed,-33
Greedy,2105,3658959723,210218,211526,1308,completed,-11
Greedy,2106,3658959723,210268,211629,1361,completed,-11
Greedy,2107,3658959723,210318,211732,1414,completed,-11
Greedy,2108,3658959723,210368,211835,1467,completed,-11
Greedy,2109,3658959723,210418,211937,1519,completed,-12
Greedy,2131,3037662008,211919,212001,82,completed,-33
Greedy,2110,3658959723,210468,212040,1572,completed,-12
Greedy,2111,3658959723,210518,212143,1625,completed,-12
Greedy,2132,3037662008,211969,212109,140,completed,-33
Greedy,2133,3037662008,212019,212212,193,completed,-33
Greedy,2134,3037662008,212069,212315,246,completed,-33
Greedy,2112,3658959723,210568,212246,1678,completed,-12
Greedy,2113,3658959723,210618,212348,1730,completed,-12
Greedy,2135,3037662008,212119,212418,299,completed,-33
Greedy,2136,3037662008,212169,212521,352,completed,-33
Greedy,2137,3037662008,212219,212624,405,completed,-33
Greedy,2114,3658959723,210869,212450,1581,completed,-12
Greedy,2138,3037662008,212269,212727,458,completed,-33
Greedy,2139,3037662008,212319,212830,511,completed,-33
Greedy,2115,3658959723,210919,212552,1633,completed,-12
Greedy,2140,3037662008,212369,212932,563,completed,-33
Greedy,2141,3037662008,212419,213035,616,completed,-33
Greedy,2142,3037662008,212469,213138,669,completed,-33
Greedy,2116,3658959723,210969,212654,1685,completed,-12
Greedy,2143,3037662008,212519,213240,721,completed,-33
Greedy,2144,3037662008,212569,213343,774,completed,-33
Greedy,2145,3037662008,212619,213446,827,completed,-33
Greedy,2117,3658959723,211019,212755,1736,completed,-12
Greedy,2118,3658959723,211069,212857,1788,completed,-12
Greedy,2146,3037662008,212870,213549,679,completed,-33
Greedy,2119,3658959723,211119,212958,1839,completed,-12
Greedy,2147,3037662008,212920,213652,732,completed,-33
Greedy,2120,3658959723,211169,213060,1891,completed,-12
Greedy,2148,3037662008,212970,213755,785,completed,-33
Greedy,2149,3037662008,213020,213857,837,completed,-33
Greedy,2121,3658959723,211219,213162,1943,completed,-12
Greedy,2122,3658959723,211269,213264,1995,completed,-12
Greedy,2123,3658959723,211319,213366,2047,completed,-12
Greedy,2150,3037662008,213070,213959,889,completed,-31
Greedy,2124,3658959723,211369,213468,2099,completed,-12
Greedy,2125,3658959723,211420,213569,2149,completed,-12
Greedy,2151,3037662008,213120,214062,942,completed,-31
Greedy,2126,3658959723,211470,213673,2203,completed,-12
Greedy,2127,3658959723,211522,213775,2253,completed,-12
Greedy,2128,3658959723,211576,213878,2302,completed,-12
Greedy,2152,3037662008,213171,214165,994,completed,-31
Greedy,2129,3658959723,211626,213980,2354,completed,-12
Greedy,2130,3658959723,211869,214082,2213,completed,-12
Greedy,2153,3037662008,213223,214268,1045,completed,-31
Greedy,2163,3658959723,213921,214184,263,completed,-12
Greedy,2164,3658959723,213971,214286,315,completed,-12
Greedy,2165,3658959723,214021,214388,367,completed,-12
Greedy,2154,3037662008,213273,214371,1098,completed,-31
Greedy,2166,3658959723,214071,214494,423,completed,-12
Greedy,2167,3658959723,214123,214597,474,completed,-12
Greedy,2155,3037662008,213323,214474,1151,completed,-31
Greedy,2168,3658959723,214173,214700,527,completed,-12
Greedy,2156,3037662008,213373,214576,1203,completed,-31
Greedy,2169,3658959723,214223,214803,580,completed,-12
Greedy,2170,3658959723,214273,214906,633,completed,-12
Greedy,2157,3037662008,213423,214677,1254,completed,-31
Greedy,2171,3658959723,214323,215009,686,completed,-12
Greedy,2172,3658959723,214373,215112,739,completed,-12
Greedy,2173,3658959723,214423,215215,792,completed,-12
Greedy,2158,3037662008,213473,214779,1306,completed,-31
Greedy,2174,3658959723,214473,215318,845,completed,-12
Greedy,2175,3658959723,214523,215421,898,completed,-12
Greedy,2159,3037662008,213523,214880,1357,completed,-31
Greedy,2176,3658959723,214573,215524,951,completed,-12
Greedy,2177,3658959723,214623,215627,1004,completed,-12
Greedy,2160,3037662008,213577,214982,1405,completed,-31
Greedy,2161,3037662008,213627,215084,1457,completed,-31
Greedy,2178,3658959723,214677,215730,1053,completed,-12
Greedy,2162,3037662008,213871,215185,1314,completed,-31
Greedy,2179,3658959723,214881,215833,952,completed,-12
Greedy,2180,3658959723,214931,215935,1004,completed,-11
Greedy,2181,3658959723,214981,216040,1059,completed,-11
Greedy,2182,3658959723,215031,216145,1114,completed,-11
Greedy,2183,3658959723,215081,216248,1167,completed,-11
Greedy,2201,3037662008,216179,216261,82,completed,-32
Greedy,2184,3658959723,215131,216351,1220,completed,-11
Greedy,2202,3037662008,216229,216364,135,completed,-32
Greedy,2185,3658959723,215181,216454,1273,completed,-11
Greedy,2203,3037662008,216279,216467,188,completed,-32
Greedy,2186,3658959723,215231,216557,1326,completed,-11
Greedy,2204,3037662008,216329,216570,241,completed,-32
Greedy,2187,3658959723,215281,216659,1378,completed,-11
Greedy,2205,3037662008,216379,216672,293,completed,-32
Greedy,2188,3658959723,215331,216761,1430,completed,-11
Greedy,2206,3037662008,216429,216776,347,completed,-32
Greedy,2189,3658959723,215381,216862,1481,completed,-11
Greedy,2207,3037662008,216479,216973,494,completed,-32
Greedy,2190,3658959723,215431,216963,1532,completed,-11
Greedy,2191,3658959723,215481,217065,1584,completed,-11
Greedy,2192,3658959723,215531,217166,1635,completed,-11
Greedy,2193,3658959723,215581,217267,1686,completed,-11
Greedy,2194,3658959723,215631,217369,1738,completed,-11
Greedy,2195,3658959723,215879,217470,1591,completed,-11
Greedy,2196,3658959723,215929,217572,1643,completed,-11
Greedy,2197,3658959723,215979,217674,1695,completed,-11
Greedy,2198,3658959723,216029,217776,1747,completed,-11
Greedy,2199,3658959723,216079,217877,1798,completed,-11
Greedy,2208,3037662008,216529,219165,2636,completed,-33
Greedy,2209,3037662008,216579,219390,2811,completed,-33
Greedy,2210,3037662008,216629,219492,2863,completed,-33
Greedy,2211,3037662008,216679,219652,2973,completed,-33
Greedy,2212,3037662008,216884,219755,2871,completed,-33
Greedy,2200,3658959723,216129,217979,1850,completed,-12
Greedy,2213,3037662008,219091,219858,767,completed,-33
Greedy,2214,3037662008,219299,219961,662,completed,-31
Greedy,2226,3658959723,219907,220028,121,completed,-12
Greedy,2215,3037662008,219352,220064,712,completed,-31
Greedy,2227,3658959723,219957,220131,174,completed,-12
Greedy,2228,3658959723,220007,220234,227,completed,-12
Greedy,2229,3658959723,220057,220335,278,completed,-12
Greedy,2230,3658959723,220296,220437,141,completed,-12
Greedy,2231,3658959723,220346,220540,194,completed,-12
Greedy,2232,3658959723,220396,220643,247,completed,-12
Greedy,2233,3658959723,220446,220746,300,completed,-12
Greedy,2234,3658959723,220496,220849,353,completed,-12
Greedy,2235,3658959723,220546,220952,406,completed,-12
Greedy,2236,3658959723,220600,221055,455,completed,-12
Greedy,2237,3658959723,220650,221158,508,completed,-12
Greedy,2238,3658959723,220700,221261,561,completed,-12
Greedy,2239,3658959723,220750,221363,613,completed,-12
Greedy,2240,3658959723,220800,221465,665,completed,-12
Greedy,2241,3658959723,220850,221568,718,completed,-12
Greedy,2242,3658959723,220900,221671,771,completed,-12
Greedy,2216,3037662008,219402,220167,765,completed,-31
Greedy,2243,3658959723,220950,221774,824,completed,-12
Greedy,2217,3037662008,219452,220270,818,completed,-31
Greedy,2244,3658959723,221000,221877,877,completed,-12
Greedy,2245,3658959723,221052,221980,928,completed,-12
Greedy,2246,3658959723,221298,222083,785,completed,-12
Greedy,2218,3037662008,219502,220371,869,completed,-31
Greedy,2247,3658959723,221348,222186,838,completed,-12
Greedy,2248,3658959723,221398,222289,891,completed,-12
Greedy,2219,3037662008,219552,220476,924,completed,-31
Greedy,2249,3658959723,221448,222391,943,completed,-12
Greedy,2250,3658959723,221498,222494,996,completed,-12
Greedy,2251,3658959723,221548,222597,1049,completed,-12
Greedy,2220,3037662008,219606,220578,972,completed,-31
Greedy,2221,3037662008,219656,220679,1023,completed,-31
Greedy,2252,3658959723,221598,222700,1102,completed,-12
Greedy,2253,3658959723,221648,222803,1155,completed,-12
Greedy,2254,3658959723,221698,222906,1208,completed,-12
Greedy,2222,3037662008,219706,220781,1075,completed,-31
Greedy,2255,3658959723,221748,223009,1261,completed,-12
Greedy,2223,3037662008,219756,220883,1127,completed,-31
Greedy,2256,3658959723,221798,223112,1314,completed,-12
Greedy,2257,3658959723,221848,223215,1367,completed,-12
Greedy,2224,3037662008,219806,220984,1178,completed,-31
Greedy,2258,3658959723,221898,223317,1419,completed,-12
Greedy,2259,3658959723,221948,223419,1471,completed,-12
Greedy,2260,3658959723,221998,223522,1524,completed,-12
Greedy,2225,3037662008,219857,221085,1228,completed,-31
Greedy,2261,3658959723,222048,223625,1577,completed,-12
Greedy,2262,3658959723,222098,223727,1629,completed,-12
Greedy,2286,3037662008,223605,223687,82,completed,-30
Greedy,2263,3658959723,222301,223830,1529,completed,-12
Greedy,2287,3037662008,223655,223833,178,completed,-30
Greedy,2264,3658959723,222351,223934,1583,completed,-12
Greedy,2288,3037662008,223705,223936,231,completed,-33
Greedy,2265,3658959723,222401,224037,1636,completed,-12
Greedy,2289,3037662008,223755,224039,284,completed,-33
Greedy,2266,3658959723,222451,224140,1689,completed,-12
Greedy,2290,3037662008,223805,224142,337,completed,-33
Greedy,2267,3658959723,222501,224243,1742,completed,-12
Greedy,2268,3658959723,222551,224344,1793,completed,-12
Greedy,2291,3037662008,223855,224245,390,completed,-33
Greedy,2269,3658959723,222601,224447,1846,completed,-12
Greedy,2270,3658959723,222651,224550,1899,completed,-12
Greedy,2271,3658959723,222701,224653,1952,completed,-12
Greedy,2272,3658959723,222751,224756,2005,completed,-12
Greedy,2273,3658959723,222801,224858,2057,completed,-12
Greedy,2274,3658959723,222851,224959,2108,completed,-12
Greedy,2275,3658959723,222905,225061,2156,completed,-12
Greedy,2276,3658959723,222955,225162,2207,completed,-12
Greedy,2277,3658959723,223005,225264,2259,completed,-12
Greedy,2278,3658959723,223055,225365,2310,completed,-12
Greedy,2279,3658959723,223106,225467,2361,completed,-12
Greedy,2280,3658959723,223305,225571,2266,completed,-12
Greedy,2281,3658959723,223355,225673,2318,completed,-12
Greedy,2282,3658959723,223405,225776,2371,completed,-12
Greedy,2283,3658959723,223455,225879,2424,completed,-12
Greedy,2284,3658959723,223505,225982,2477,completed,-12
Greedy,2325,3037662008,225908,225991,83,completed,-31
Greedy,2285,3658959723,223555,226084,2529,completed,-12
Greedy,2292,3658959723,223908,226187,2279,completed,-12
Greedy,2326,3037662008,225958,226100,142,completed,-31
Greedy,2293,3658959723,223958,226290,2332,completed,-12
Greedy,2294,3658959723,224008,226391,2383,completed,-12
Greedy,2327,3037662008,226008,226420,412,completed,-31
Greedy,2295,3658959723,224058,226494,2436,completed,-12
Greedy,2328,3037662008,226058,226535,477,completed,-31
Greedy,2296,3658959723,224108,226596,2488,completed,-12
Greedy,2329,3037662008,226108,226637,529,completed,-31
Greedy,2297,3658959723,224313,226699,2386,completed,-12
Greedy,2330,3037662008,226317,226740,423,completed,-31
Greedy,2298,3658959723,224363,226802,2439,completed,-12
Greedy,2331,3037662008,226367,226844,477,completed,-31
Greedy,2299,3658959723,224413,226905,2492,completed,-12
Greedy,2332,3037662008,226417,226947,530,completed,-31
Greedy,2333,3037662008,226467,227050,583,completed,-31
Greedy,2300,3658959723,224463,227008,2545,completed,-12
Greedy,2334,3037662008,226517,227153,636,completed,-31
Greedy,2301,3658959723,224513,227110,2597,completed,-12
Greedy,2335,3037662008,226567,227256,689,completed,-31
Greedy,2336,3037662008,226617,227357,740,completed,-31
Greedy,2337,3037662008,226670,227460,790,completed,-31
Greedy,2302,3658959723,224563,227211,2648,completed,-12
Greedy,2338,3037662008,226720,227563,843,completed,-31
Greedy,2339,3037662008,226773,227666,893,completed,-31
Greedy,2340,3037662008,226823,227769,946,completed,-31
Greedy,2303,3658959723,224613,227312,2699,completed,-12
Greedy,2304,3658959723,224663,227413,2750,completed,-12
Greedy,2341,3037662008,226877,227872,995,completed,-31
Greedy,2305,3658959723,224713,227515,2802,completed,-12
Greedy,2306,3658959723,224763,227616,2853,completed,-12
Greedy,2342,3037662008,226927,227975,1048,completed,-31
Greedy,2307,3658959723,224813,227718,2905,completed,-12
Greedy,2308,3658959723,224863,227819,2956,completed,-12
Greedy,2309,3658959723,224913,227921,3008,completed,-11
Greedy,2343,3037662008,226980,228078,1098,completed,-31
Greedy,2344,3037662008,227030,228181,1151,completed,-31
Greedy,2310,3658959723,224963,228022,3059,completed,-11
Greedy,2345,3037662008,227083,228284,1201,completed,-31
Greedy,2311,3658959723,225013,228124,3111,completed,-11
Greedy,2312,3658959723,225063,228226,3163,completed,-11
Greedy,2313,3658959723,225306,228329,3023,completed,-11
Greedy,2346,3037662008,227314,228386,1072,completed,-31
Greedy,2314,3658959723,225356,228431,3075,completed,-11
Greedy,2315,3658959723,225406,228534,3128,completed,-11
Greedy,2347,3037662008,227364,228489,1125,completed,-31
Greedy,2316,3658959723,225456,228637,3181,completed,-11
Greedy,2317,3658959723,225506,228740,3234,completed,-11
Greedy,2318,3658959723,225556,228843,3287,completed,-11
Greedy,2348,3037662008,227414,228590,1176,completed,-31
Greedy,2319,3658959723,225606,228946,3340,completed,-11
Greedy,2320,3658959723,225656,229049,3393,completed,-11
Greedy,2349,3037662008,227464,228691,1227,completed,-31
Greedy,2350,3037662008,227514,228793,1279,completed,-31
Greedy,2321,3658959723,225706,229152,3446,completed,-11
Greedy,2351,3037662008,227564,228894,1330,completed,-31
Greedy,2322,3658959723,225756,229255,3499,completed,-11
Greedy,2323,3658959723,225806,229356,3550,completed,-11
Greedy,2324,3658959723,225856,229459,3603,completed,-11
Greedy,2358,3658959723,227914,229562,1648,completed,-11
Greedy,2352,3037662008,227614,228996,1382,completed,-31
Greedy,2359,3658959723,227964,229665,1701,completed,-11
Greedy,2360,3658959723,228014,229768,1754,completed,-11
Greedy,2353,3037662008,227664,229098,1434,completed,-31
Greedy,2361,3658959723,228064,229871,1807,completed,-11
Greedy,2362,3658959723,228114,229974,1860,completed,-12
Greedy,2363,3658959723,228317,230077,1760,completed,-12
Greedy,2364,3658959723,228368,230180,1812,completed,-12
Greedy,2354,3037662008,227714,229200,1486,completed,-31
Greedy,2365,3658959723,228418,230283,1865,completed,-12
Greedy,2355,3037662008,227764,229301,1537,completed,-31
Greedy,2366,3658959723,228468,230385,1917,completed,-12
Greedy,2356,3037662008,227814,229403,1589,completed,-31
Greedy,2367,3658959723,228518,230488,1970,completed,-12
Greedy,2368,3658959723,228568,230591,2023,completed,-12
Greedy,2357,3037662008,227864,229504,1640,completed,-31
Greedy,2369,3658959723,228618,230694,2076,completed,-12
Greedy,2370,3658959723,228668,230797,2129,completed,-12
Greedy,2371,3658959723,228718,230900,2182,completed,-12
Greedy,2372,3658959723,228768,231003,2235,completed,-12
Greedy,2408,3037662008,230972,231054,82,completed,-34
Greedy,2373,3658959723,228818,231106,2288,completed,-12
Greedy,2374,3658959723,228868,231209,2341,completed,-12
Greedy,2375,3658959723,228918,231312,2394,completed,-12
Greedy,2376,3658959723,228968,231414,2446,completed,-12
Greedy,2377,3658959723,229018,231516,2498,completed,-12
Greedy,2409,3037662008,231022,231157,135,completed,-34
Greedy,2410,3037662008,231072,231259,187,completed,-34
Greedy,2378,3658959723,229068,231617,2549,completed,-12
Greedy,2411,3037662008,231312,232660,1348,completed,-32
Greedy,2412,3037662008,231362,232763,1401,completed,-32
Greedy,2379,3658959723,229322,231718,2396,completed,-12
Greedy,2380,3658959723,229372,231820,2448,completed,-12
Greedy,2413,3037662008,231412,232866,1454,completed,-32
Greedy,2414,3037662008,231462,232969,1507,completed,-32
Greedy,2415,3037662008,231512,233072,1560,completed,-32
Greedy,2381,3658959723,229422,231921,2499,completed,-11
Greedy,2382,3658959723,229472,232022,2550,completed,-11
