algorithm,seq,worker_id,send_ts,comp_ts,latency_ms,status,rssi
LoadAware,1,3037662008,34261,34367,106,completed,-28
LoadAware,2,3037662008,34361,34476,115,completed,-28
LoadAware,3,3037662008,34461,34578,117,completed,-28
LoadAware,4,3037662008,34561,34680,119,completed,-28
LoadAware,5,3037662008,34661,34783,122,completed,-28
LoadAware,6,3037662008,34761,34886,125,completed,-28
LoadAware,7,3037662008,35014,35119,105,completed,-28
LoadAware,8,3037662008,35114,35221,107,completed,-28
LoadAware,9,3037662008,35214,35324,110,completed,-28
LoadAware,10,3037662008,35314,35427,113,completed,-28
LoadAware,11,3037662008,35414,35530,116,completed,-28
LoadAware,12,3037662008,35514,35633,119,completed,-28
LoadAware,13,3037662008,35614,35736,122,completed,-28
LoadAware,14,3037662008,35714,35839,125,completed,-27
LoadAware,15,3037662008,35814,35942,128,completed,-27
LoadAware,16,3037662008,36015,36122,107,completed,-27
LoadAware,17,3037662008,36115,36225,110,completed,-27
LoadAware,18,3037662008,36215,36327,112,completed,-27
LoadAware,19,3037662008,36315,36430,115,completed,-27
LoadAware,20,3037662008,36415,36533,118,completed,-27
LoadAware,21,3037662008,36515,36636,121,completed,-27
LoadAware,22,3037662008,36615,36739,124,completed,-27
LoadAware,23,3037662008,36715,36841,126,completed,-27
LoadAware,24,3037662008,36815,36944,129,completed,-27
LoadAware,25,3037662008,37017,37123,106,completed,-27
LoadAware,26,3037662008,37117,37226,109,completed,-27
LoadAware,27,3037662008,37217,37329,112,completed,-27
LoadAware,28,3037662008,37317,37432,115,completed,-27
LoadAware,29,3037662008,37417,37535,118,completed,-27
LoadAware,30,3037662008,37517,37638,121,completed,-27
LoadAware,31,3037662008,37617,37741,124,completed,-27
LoadAware,32,3037662008,37717,37844,127,completed,-27
LoadAware,33,3037662008,37817,37946,129,completed,-27
LoadAware,34,3037662008,38018,38123,105,completed,-27
LoadAware,35,3037662008,38118,38225,107,completed,-27
LoadAware,36,3037662008,38218,38328,110,completed,-27
LoadAware,37,3037662008,38318,38431,113,completed,-27
LoadAware,38,3037662008,38418,38534,116,completed,-27
LoadAware,39,3037662008,38518,38637,119,completed,-27
LoadAware,40,3037662008,38618,38741,123,completed,-27
LoadAware,41,3037662008,38718,38844,126,completed,-27
LoadAware,42,3037662008,38818,38947,129,completed,-27
LoadAware,43,3037662008,39018,39124,106,completed,-27
LoadAware,44,3037662008,39118,39227,109,completed,-27
LoadAware,45,3037662008,39218,39329,111,completed,-27
LoadAware,46,3037662008,39318,39432,114,completed,-27
LoadAware,47,3037662008,39418,39534,116,completed,-27
LoadAware,48,3037662008,39518,39637,119,completed,-27
LoadAware,49,3037662008,39618,39739,121,completed,-27
LoadAware,50,3037662008,39718,39841,123,completed,-28
LoadAware,51,3037662008,39818,39943,125,completed,-28
LoadAware,52,3037662008,40020,40126,106,completed,-28
LoadAware,53,3037662008,40120,40234,114,completed,-28
LoadAware,54,3037662008,40220,40343,123,completed,-28
LoadAware,55,3037662008,40320,40446,126,completed,-28
LoadAware,56,3037662008,40420,40549,129,completed,-28
LoadAware,57,3037662008,40520,40652,132,completed,-28
LoadAware,58,3037662008,40620,40754,134,completed,-28
LoadAware,59,3037662008,40720,40857,137,completed,-28
LoadAware,60,3037662008,40820,40960,140,completed,-28
LoadAware,61,3037662008,41020,41126,106,completed,-28
LoadAware,62,3037662008,41120,41229,109,completed,-28
LoadAware,63,3037662008,41220,41331,111,completed,-28
LoadAware,64,3037662008,41320,41434,114,completed,-28
LoadAware,65,3037662008,41420,41537,117,completed,-28
LoadAware,66,3037662008,41520,41639,119,completed,-28
LoadAware,67,3037662008,41620,41742,122,completed,-28
LoadAware,68,3037662008,41720,41845,125,completed,-28
LoadAware,69,3037662008,41820,41946,126,completed,-28
LoadAware,70,3037662008,42023,42127,104,completed,-28
LoadAware,71,3037662008,42123,42237,114,completed,-28
LoadAware,72,3037662008,42223,42355,132,completed,-28
LoadAware,73,3037662008,42323,42474,151,completed,-28
LoadAware,74,3037662008,42423,42577,154,completed,-28
LoadAware,75,3037662008,42523,42680,157,completed,-28
LoadAware,76,3037662008,42623,42783,160,completed,-28
LoadAware,77,3037662008,42723,42886,163,completed,-28
LoadAware,78,3037662008,42823,42988,165,completed,-28
LoadAware,79,3037662008,43025,43128,103,completed,-28
LoadAware,80,3037662008,43125,43238,113,completed,-28
LoadAware,81,3037662008,43225,43341,116,completed,-28
LoadAware,82,3037662008,43335,43443,108,completed,-28
LoadAware,83,3037662008,43435,43546,111,completed,-28
LoadAware,84,3037662008,43535,43649,114,completed,-28
LoadAware,85,3037662008,43635,43751,116,completed,-28
LoadAware,86,3037662008,43735,43853,118,completed,-28
LoadAware,87,3037662008,44019,44123,104,completed,-28
LoadAware,88,3037662008,44119,44324,205,completed,-28
LoadAware,89,3037662008,44219,44427,208,completed,-28
LoadAware,90,3037662008,44319,44530,211,completed,-28
LoadAware,91,3037662008,44419,44633,214,completed,-28
LoadAware,92,3037662008,44519,44736,217,completed,-28
LoadAware,93,3037662008,44619,44839,220,completed,-28
LoadAware,94,3037662008,44719,44942,223,completed,-28
LoadAware,95,3037662008,44819,45044,225,completed,-28
LoadAware,96,3037662008,45024,45145,121,completed,-28
LoadAware,97,3037662008,45124,45246,122,completed,-28
LoadAware,98,3037662008,45224,45349,125,completed,-28
LoadAware,99,3037662008,45324,45451,127,completed,-28
LoadAware,100,3037662008,45424,45553,129,completed,-28
LoadAware,101,3037662008,45524,45656,132,completed,-28
LoadAware,102,3037662008,45624,45758,134,completed,-28
LoadAware,103,3037662008,45724,45861,137,completed,-31
LoadAware,104,3037662008,45824,45963,139,completed,-31
LoadAware,105,3037662008,46025,46130,105,completed,-31
LoadAware,106,3037662008,46125,46239,114,completed,-31
LoadAware,107,3037662008,46225,46342,117,completed,-31
LoadAware,108,3037662008,46325,46444,119,completed,-31
LoadAware,109,3037662008,46425,46547,122,completed,-31
LoadAware,110,3037662008,46525,46650,125,completed,-31
LoadAware,111,3037662008,46625,46753,128,completed,-31
LoadAware,112,3037662008,46725,46856,131,completed,-31
LoadAware,113,3037662008,46825,46958,133,completed,-31
LoadAware,114,3037662008,47027,47139,112,completed,-31
LoadAware,115,3037662008,47127,47242,115,completed,-31
LoadAware,116,3037662008,47227,47345,118,completed,-31
LoadAware,117,3037662008,47327,47448,121,completed,-31
LoadAware,118,3037662008,47427,47551,124,completed,-31
LoadAware,119,3037662008,47527,47654,127,completed,-31
LoadAware,120,3037662008,47627,47757,130,completed,-31
LoadAware,121,3037662008,47727,47860,133,completed,-26
LoadAware,122,3037662008,47827,47963,136,completed,-26
LoadAware,123,3037662008,48028,48133,105,completed,-26
LoadAware,124,3037662008,48128,48235,107,completed,-26
LoadAware,125,3037662008,48228,48338,110,completed,-26
LoadAware,126,3037662008,48328,48441,113,completed,-26
LoadAware,127,3037662008,48428,48544,116,completed,-26
LoadAware,128,3037662008,48528,48646,118,completed,-26
LoadAware,129,3037662008,48628,48748,120,completed,-26
LoadAware,130,3037662008,48728,48850,122,completed,-26
LoadAware,131,3037662008,48828,48953,125,completed,-26
LoadAware,132,3037662008,49029,49135,106,completed,-26
LoadAware,133,3037662008,49129,49238,109,completed,-26
LoadAware,134,3037662008,49229,49341,112,completed,-26
LoadAware,135,3037662008,49335,49444,109,completed,-26
LoadAware,136,3037662008,49435,49547,112,completed,-26
LoadAware,137,3037662008,49535,49650,115,completed,-26
LoadAware,138,3037662008,49635,49753,118,completed,-26
LoadAware,139,3037662008,49735,49856,121,completed,-26
LoadAware,140,3037662008,50029,50135,106,completed,-26
LoadAware,141,3037662008,50129,50243,114,completed,-26
LoadAware,142,3037662008,50229,50346,117,completed,-26
LoadAware,143,3037662008,50329,50449,120,completed,-26
LoadAware,144,3037662008,50429,50552,123,completed,-26
LoadAware,145,3037662008,50529,50655,126,completed,-26
LoadAware,146,3037662008,50629,50758,129,completed,-26
LoadAware,147,3037662008,50729,50861,132,completed,-26
LoadAware,148,3037662008,50829,50964,135,completed,-26
LoadAware,149,3037662008,51031,51138,107,completed,-26
LoadAware,150,3037662008,51131,51241,110,completed,-26
LoadAware,151,3037662008,51231,51344,113,completed,-26
LoadAware,152,3037662008,51331,51466,135,completed,-26
LoadAware,153,3037662008,51431,51569,138,completed,-26
LoadAware,154,3037662008,51531,51672,141,completed,-26
LoadAware,155,3037662008,51631,51775,144,completed,-26
LoadAware,156,3037662008,51731,51878,147,completed,-26
LoadAware,157,3037662008,51831,51979,148,completed,-26
LoadAware,158,3037662008,52031,52137,106,completed,-26
LoadAware,159,3037662008,52131,52239,108,completed,-26
LoadAware,160,3037662008,52231,52342,111,completed,-26
LoadAware,161,3037662008,52331,52445,114,completed,-26
LoadAware,162,3037662008,52431,52548,117,completed,-26
LoadAware,163,3037662008,52531,52650,119,completed,-26
LoadAware,164,3037662008,52631,52757,126,completed,-26
LoadAware,165,3037662008,52731,52860,129,completed,-26
LoadAware,166,3037662008,52831,52963,132,completed,-26
LoadAware,167,3037662008,53033,53139,106,completed,-26
LoadAware,168,3037662008,53133,53242,109,completed,-26
LoadAware,169,3037662008,53233,53345,112,completed,-26
LoadAware,170,3037662008,53333,53448,115,completed,-26
LoadAware,171,3037662008,53433,53551,118,completed,-26
LoadAware,172,3037662008,53533,53653,120,completed,-26
LoadAware,173,3037662008,53633,53755,122,completed,-26
LoadAware,174,3037662008,53733,53858,125,completed,-26
LoadAware,175,3037662008,53833,53960,127,completed,-26
LoadAware,176,3037662008,54033,54138,105,completed,-26
LoadAware,177,3037662008,54133,54241,108,completed,-26
LoadAware,178,3037662008,54233,54344,111,completed,-26
LoadAware,179,3037662008,54333,54447,114,completed,-26
LoadAware,180,3037662008,54433,54549,116,completed,-26
LoadAware,181,3037662008,54533,54652,119,completed,-26
LoadAware,182,3037662008,54633,54754,121,completed,-26
LoadAware,183,3037662008,54733,54856,123,completed,-26
LoadAware,184,3037662008,54833,54958,125,completed,-26
LoadAware,185,3037662008,55035,55142,107,completed,-26
LoadAware,186,3037662008,55135,55244,109,completed,-26
LoadAware,187,3037662008,55235,55347,112,completed,-26
LoadAware,188,3037662008,55337,55450,113,completed,-26
LoadAware,189,3037662008,55437,55553,116,completed,-26
LoadAware,190,3037662008,55537,55656,119,completed,-26
LoadAware,191,3037662008,55637,55759,122,completed,-26
LoadAware,192,3037662008,55737,55862,125,completed,-27
LoadAware,193,3037662008,55837,56133,296,completed,-27
LoadAware,194,3037662008,56036,56242,206,completed,-27
LoadAware,195,3037662008,56136,56368,232,completed,-27
LoadAware,196,3037662008,56236,56477,241,completed,-27
LoadAware,197,3037662008,56336,56580,244,completed,-27
LoadAware,198,3037662008,56436,56683,247,completed,-27
LoadAware,199,3037662008,56536,56786,250,completed,-27
LoadAware,200,3037662008,56636,56889,253,completed,-27
LoadAware,201,3037662008,56736,56992,256,completed,-27
LoadAware,202,3037662008,56836,57093,257,completed,-27
LoadAware,203,3037662008,57038,57196,158,completed,-27
LoadAware,204,3037662008,57138,57299,161,completed,-27
LoadAware,205,3037662008,57238,57402,164,completed,-27
LoadAware,206,3037662008,57346,57505,159,completed,-27
LoadAware,207,3037662008,57446,57608,162,completed,-27
LoadAware,208,3037662008,57546,57711,165,completed,-27
LoadAware,209,3037662008,57646,57814,168,completed,-26
LoadAware,210,3037662008,57746,57916,170,completed,-26
LoadAware,211,3658959723,58033,58157,124,completed,-12
LoadAware,212,3658959723,58133,58265,132,completed,-12
LoadAware,213,3658959723,58233,58374,141,completed,-12
LoadAware,214,3658959723,58338,58477,139,completed,-12
LoadAware,215,3658959723,58438,58580,142,completed,-12
LoadAware,216,3658959723,58538,58683,145,completed,-12
LoadAware,217,3658959723,58638,58786,148,completed,-12
LoadAware,218,3658959723,58738,58889,151,completed,-12
LoadAware,219,3658959723,58838,58992,154,completed,-12
LoadAware,220,3658959723,59040,59164,124,completed,-12
LoadAware,221,3658959723,59140,59267,127,completed,-12
LoadAware,222,3658959723,59240,59370,130,completed,-12
LoadAware,223,3658959723,59347,59491,144,completed,-12
LoadAware,224,3658959723,59447,59702,255,completed,-12
LoadAware,225,3658959723,59547,59805,258,completed,-12
LoadAware,226,3658959723,59647,59908,261,completed,-14
LoadAware,228,3037662008,60035,60138,103,completed,-23
LoadAware,229,3037662008,60135,60264,129,completed,-23
LoadAware,227,3658959723,59747,60009,262,completed,-14
LoadAware,230,3037662008,60235,60372,137,completed,-23
LoadAware,231,3037662008,60335,60481,146,completed,-23
LoadAware,232,3037662008,60435,60584,149,completed,-23
LoadAware,233,3037662008,60535,60687,152,completed,-23
LoadAware,234,3037662008,60635,60790,155,completed,-23
LoadAware,235,3037662008,60735,60893,158,completed,-23
LoadAware,236,3037662008,60835,60995,160,completed,-23
LoadAware,237,3037662008,61041,61145,104,completed,-23
LoadAware,238,3037662008,61141,61254,113,completed,-23
LoadAware,239,3037662008,61241,61356,115,completed,-23
LoadAware,240,3037662008,61343,61459,116,completed,-23
LoadAware,241,3037662008,61443,61562,119,completed,-23
LoadAware,242,3037662008,61543,61665,122,completed,-23
LoadAware,243,3037662008,61643,61768,125,completed,-23
LoadAware,244,3037662008,61743,61871,128,completed,-28
LoadAware,245,3037662008,61843,61973,130,completed,-28
LoadAware,246,3037662008,62043,62149,106,completed,-28
LoadAware,247,3037662008,62143,62258,115,completed,-28
LoadAware,248,3037662008,62243,62366,123,completed,-28
LoadAware,249,3037662008,62343,62469,126,completed,-28
LoadAware,250,3037662008,62443,62572,129,completed,-28
LoadAware,251,3037662008,62543,62675,132,completed,-28
LoadAware,252,3037662008,62643,62778,135,completed,-28
LoadAware,253,3037662008,62743,62881,138,completed,-28
LoadAware,254,3037662008,62843,62984,141,completed,-28
LoadAware,255,3037662008,63043,63150,107,completed,-28
LoadAware,256,3037662008,63143,63253,110,completed,-28
LoadAware,257,3037662008,63243,63356,113,completed,-28
LoadAware,258,3037662008,63349,63459,110,completed,-28
LoadAware,259,3037662008,63449,63562,113,completed,-28
LoadAware,260,3037662008,63549,63670,121,completed,-28
LoadAware,261,3037662008,63649,63773,124,completed,-28
LoadAware,262,3037662008,63749,63876,127,completed,-29
LoadAware,263,3037662008,64042,64197,155,completed,-29
LoadAware,264,3037662008,64142,64305,163,completed,-29
LoadAware,265,3037662008,64242,64411,169,completed,-29
LoadAware,266,3037662008,64342,64514,172,completed,-29
LoadAware,267,3037662008,64442,64618,176,completed,-29
LoadAware,269,3658959723,64642,64765,123,completed,-12
LoadAware,270,3658959723,64742,64868,126,completed,-12
LoadAware,271,3658959723,64842,64970,128,completed,-12
LoadAware,272,3658959723,65047,65171,124,completed,-12
LoadAware,273,3658959723,65147,65274,127,completed,-12
LoadAware,274,3658959723,65247,65376,129,completed,-12
LoadAware,275,3658959723,65354,65492,138,completed,-12
LoadAware,276,3658959723,65454,65638,184,completed,-12
LoadAware,277,3658959723,65554,65741,187,completed,-12
LoadAware,278,3658959723,65654,65844,190,completed,-13
LoadAware,279,3658959723,65754,65946,192,completed,-13
LoadAware,280,3658959723,66042,66167,125,completed,-13
LoadAware,281,3658959723,66142,66277,135,completed,-13
LoadAware,282,3658959723,66242,66380,138,completed,-13
LoadAware,283,3658959723,66342,66483,141,completed,-13
LoadAware,284,3658959723,66442,66586,144,completed,-13
LoadAware,285,3658959723,66542,66689,147,completed,-13
LoadAware,286,3658959723,66642,66791,149,completed,-13
LoadAware,287,3658959723,66742,66894,152,completed,-13
LoadAware,288,3658959723,66842,66997,155,completed,-13
LoadAware,289,3658959723,67047,67174,127,completed,-13
LoadAware,290,3658959723,67147,67277,130,completed,-13
LoadAware,291,3658959723,67247,67382,135,completed,-13
LoadAware,292,3658959723,67347,67485,138,completed,-13
LoadAware,293,3658959723,67447,67588,141,completed,-13
LoadAware,294,3658959723,67547,67690,143,completed,-13
LoadAware,295,3658959723,67647,67793,146,completed,-13
LoadAware,296,3658959723,67747,67896,149,completed,-13
LoadAware,297,3658959723,67847,67998,151,completed,-13
LoadAware,298,3658959723,68049,68174,125,completed,-13
LoadAware,299,3658959723,68149,68276,127,completed,-13
LoadAware,300,3658959723,68249,68379,130,completed,-13
LoadAware,301,3658959723,68349,68482,133,completed,-13
LoadAware,302,3658959723,68449,68585,136,completed,-13
LoadAware,303,3658959723,68549,68688,139,completed,-13
LoadAware,304,3658959723,68649,68791,142,completed,-13
LoadAware,305,3658959723,68749,68894,145,completed,-13
LoadAware,306,3658959723,68850,68997,147,completed,-13
LoadAware,307,3658959723,69051,69175,124,completed,-13
LoadAware,308,3658959723,69151,69278,127,completed,-13
LoadAware,309,3658959723,69251,69384,133,completed,-13
LoadAware,310,3658959723,69351,69486,135,completed,-13
LoadAware,311,3658959723,69451,69589,138,completed,-13
LoadAware,268,3658959723,69543,69692,149,completed,-13
LoadAware,312,3658959723,69551,69795,244,completed,-13
LoadAware,313,3658959723,69651,69898,247,completed,-14
LoadAware,314,3658959723,69751,70001,250,completed,-14
LoadAware,315,3658959723,69851,70103,252,completed,-14
LoadAware,316,3658959723,70052,70205,153,completed,-14
LoadAware,317,3658959723,70152,70308,156,completed,-14
LoadAware,318,3658959723,70252,70411,159,completed,-14
LoadAware,319,3658959723,70352,70514,162,completed,-14
LoadAware,320,3658959723,70452,70616,164,completed,-14
LoadAware,321,3658959723,70552,70719,167,completed,-14
LoadAware,322,3658959723,70652,70822,170,completed,-14
LoadAware,323,3658959723,70752,70925,173,completed,-14
LoadAware,324,3658959723,70852,71028,176,completed,-14
LoadAware,325,3658959723,71052,71176,124,completed,-14
LoadAware,326,3658959723,71152,71279,127,completed,-14
LoadAware,327,3658959723,71252,71382,130,completed,-14
LoadAware,328,3658959723,71352,71485,133,completed,-14
LoadAware,329,3658959723,71452,71588,136,completed,-14
LoadAware,330,3658959723,71552,71690,138,completed,-14
LoadAware,331,3658959723,71652,71793,141,completed,-14
LoadAware,332,3658959723,71752,71896,144,completed,-13
LoadAware,333,3658959723,71852,71999,147,completed,-13
LoadAware,334,3658959723,72053,72178,125,completed,-13
LoadAware,335,3658959723,72153,72286,133,completed,-13
LoadAware,336,3658959723,72253,72389,136,completed,-13
LoadAware,337,3658959723,72353,72492,139,completed,-13
LoadAware,338,3658959723,72453,72598,145,completed,-13
LoadAware,339,3658959723,72553,72701,148,completed,-13
LoadAware,340,3658959723,72653,72804,151,completed,-13
LoadAware,341,3658959723,72753,72907,154,completed,-13
LoadAware,342,3658959723,72853,73010,157,completed,-13
LoadAware,343,3658959723,73054,73185,131,completed,-13
LoadAware,344,3658959723,73154,73288,134,completed,-13
LoadAware,345,3658959723,73254,73391,137,completed,-13
LoadAware,346,3658959723,73355,73494,139,completed,-13
LoadAware,347,3658959723,73455,73596,141,completed,-13
LoadAware,348,3658959723,73555,73699,144,completed,-13
LoadAware,349,3658959723,73655,73805,150,completed,-13
LoadAware,350,3658959723,73755,73908,153,completed,-14
LoadAware,351,3658959723,73855,74009,154,completed,-14
LoadAware,352,3658959723,74056,74180,124,completed,-14
LoadAware,353,3658959723,74156,74288,132,completed,-14
LoadAware,354,3658959723,74256,74398,142,completed,-14
LoadAware,355,3658959723,74356,74501,145,completed,-14
LoadAware,356,3658959723,74456,74604,148,completed,-14
LoadAware,357,3658959723,74556,74707,151,completed,-14
LoadAware,358,3658959723,74656,74810,154,completed,-14
LoadAware,359,3658959723,74756,74913,157,completed,-14
LoadAware,360,3658959723,74856,75015,159,completed,-14
LoadAware,361,3658959723,75058,75181,123,completed,-14
LoadAware,362,3658959723,75158,75284,126,completed,-14
LoadAware,363,3658959723,75258,75387,129,completed,-14
LoadAware,364,3658959723,75358,75490,132,completed,-14
LoadAware,365,3658959723,75458,75592,134,completed,-14
LoadAware,366,3658959723,75558,75695,137,completed,-14
LoadAware,367,3658959723,75658,75797,139,completed,-14
LoadAware,368,3658959723,75758,75900,142,completed,-13
LoadAware,369,3658959723,75858,76002,144,completed,-13
LoadAware,370,3658959723,76058,76184,126,completed,-13
LoadAware,371,3658959723,76158,76293,135,completed,-13
LoadAware,372,3658959723,76258,76396,138,completed,-13
LoadAware,373,3658959723,76358,76499,141,completed,-13
LoadAware,374,3658959723,76458,76602,144,completed,-13
LoadAware,375,3658959723,76558,76705,147,completed,-13
LoadAware,376,3658959723,76658,76808,150,completed,-13
LoadAware,377,3658959723,76758,76911,153,completed,-13
LoadAware,378,3658959723,76858,77014,156,completed,-13
LoadAware,379,3658959723,77059,77185,126,completed,-13
LoadAware,380,3658959723,77159,77288,129,completed,-13
LoadAware,381,3658959723,77259,77391,132,completed,-13
LoadAware,382,3658959723,77359,77494,135,completed,-13
LoadAware,383,3658959723,77459,77596,137,completed,-13
LoadAware,384,3658959723,79699,80095,396,completed,-12
LoadAware,385,3658959723,79904,80198,294,completed,-12
LoadAware,386,3658959723,80004,80301,297,completed,-12
LoadAware,387,3658959723,80104,80404,300,completed,-12
LoadAware,388,3658959723,80204,80507,303,completed,-12
LoadAware,389,3658959723,80304,80610,306,completed,-12
LoadAware,390,3658959723,80404,80713,309,completed,-12
LoadAware,391,3658959723,80504,80816,312,completed,-12
LoadAware,392,3658959723,80604,80917,313,completed,-12
LoadAware,393,3658959723,80707,81027,320,completed,-12
LoadAware,394,3658959723,80903,81130,227,completed,-12
LoadAware,395,3658959723,81003,81233,230,completed,-12
LoadAware,396,3658959723,81103,81336,233,completed,-12
LoadAware,397,3658959723,81203,81439,236,completed,-12
LoadAware,398,3658959723,81303,81542,239,completed,-12
LoadAware,399,3658959723,81403,81645,242,completed,-12
LoadAware,400,3658959723,81503,81748,245,completed,-12
LoadAware,401,3658959723,81603,81851,248,completed,-14
LoadAware,402,3658959723,81704,82028,324,completed,-14
LoadAware,403,3658959723,81910,82134,224,completed,-14
LoadAware,404,3658959723,82010,82237,227,completed,-14
LoadAware,405,3658959723,82110,82340,230,completed,-14
LoadAware,406,3658959723,82210,82443,233,completed,-14
LoadAware,407,3658959723,82310,82546,236,completed,-14
LoadAware,408,3658959723,82410,82649,239,completed,-14
LoadAware,409,3658959723,82510,82752,242,completed,-14
LoadAware,410,3658959723,82610,82854,244,completed,-14
LoadAware,411,3658959723,82710,83027,317,completed,-14
LoadAware,412,3658959723,82905,83162,257,completed,-14
LoadAware,413,3658959723,83005,83265,260,completed,-14
LoadAware,414,3658959723,83105,83368,263,completed,-14
LoadAware,415,3658959723,83205,83471,266,completed,-14
LoadAware,416,3658959723,83305,83574,269,completed,-14
LoadAware,417,3658959723,83405,83677,272,completed,-14
LoadAware,418,3658959723,83505,83780,275,completed,-14
LoadAware,419,3658959723,83605,83883,278,completed,-13
LoadAware,420,3658959723,83705,84029,324,completed,-13
LoadAware,421,3658959723,83913,84132,219,completed,-13
LoadAware,422,3658959723,84013,84238,225,completed,-13
LoadAware,423,3658959723,84113,84341,228,completed,-13
LoadAware,424,3658959723,84213,84444,231,completed,-13
LoadAware,425,3658959723,84313,84547,234,completed,-13
LoadAware,426,3658959723,84413,84650,237,completed,-13
LoadAware,427,3658959723,84513,84753,240,completed,-13
LoadAware,428,3658959723,84613,84855,242,completed,-13
LoadAware,429,3658959723,84713,85030,317,completed,-13
LoadAware,430,3658959723,84908,85211,303,completed,-13
LoadAware,431,3658959723,85008,85314,306,completed,-13
LoadAware,432,3658959723,85108,85417,309,completed,-13
LoadAware,433,3658959723,85208,85520,312,completed,-13
LoadAware,434,3658959723,85308,85623,315,completed,-13
LoadAware,435,3658959723,85408,85726,318,completed,-13
LoadAware,436,3658959723,85508,85829,321,completed,-13
LoadAware,437,3658959723,85608,85934,326,completed,-12
LoadAware,438,3658959723,85708,86047,339,completed,-12
LoadAware,439,3658959723,85915,86150,235,completed,-12
LoadAware,440,3658959723,86015,86253,238,completed,-12
LoadAware,441,3658959723,86115,86356,241,completed,-12
LoadAware,442,3658959723,86215,86459,244,completed,-12
LoadAware,443,3658959723,86315,86562,247,completed,-12
LoadAware,444,3658959723,86415,86665,250,completed,-12
LoadAware,445,3658959723,86515,86768,253,completed,-12
LoadAware,446,3658959723,86615,86870,255,completed,-12
LoadAware,447,3658959723,86715,87035,320,completed,-12
LoadAware,448,3658959723,86912,87140,228,completed,-12
LoadAware,449,3658959723,87012,87242,230,completed,-12
LoadAware,450,3658959723,87112,87344,232,completed,-12
LoadAware,451,3658959723,87212,87446,234,completed,-12
LoadAware,452,3658959723,87312,87549,237,completed,-12
LoadAware,453,3658959723,87412,87652,240,completed,-12
LoadAware,454,3658959723,87512,87755,243,completed,-12
LoadAware,455,3658959723,87612,87857,245,completed,-13
LoadAware,456,3658959723,87712,88038,326,completed,-13
LoadAware,457,3658959723,87921,88144,223,completed,-13
LoadAware,458,3658959723,88021,88246,225,completed,-13
LoadAware,459,3658959723,88121,88348,227,completed,-13
LoadAware,460,3658959723,88221,88451,230,completed,-13
LoadAware,461,3658959723,88322,88554,232,completed,-13
LoadAware,462,3658959723,88422,88657,235,completed,-13
LoadAware,463,3658959723,88522,88760,238,completed,-13
LoadAware,464,3658959723,88622,88863,241,completed,-13
LoadAware,465,3658959723,88915,89041,126,completed,-13
LoadAware,466,3658959723,89015,89144,129,completed,-13
LoadAware,467,3658959723,89115,89247,132,completed,-13
LoadAware,468,3658959723,89215,89350,135,completed,-13
LoadAware,469,3658959723,89315,89453,138,completed,-13
LoadAware,470,3658959723,89415,89556,141,completed,-13
LoadAware,471,3658959723,89515,89659,144,completed,-13
LoadAware,472,3658959723,89615,89762,147,completed,-13
LoadAware,473,3658959723,89715,90040,325,completed,-13
LoadAware,474,3658959723,89924,90143,219,completed,-13
LoadAware,475,3658959723,90024,90250,226,completed,-13
LoadAware,476,3658959723,90124,90353,229,completed,-13
LoadAware,477,3658959723,90224,90456,232,completed,-13
LoadAware,478,3658959723,90324,90562,238,completed,-13
LoadAware,479,3658959723,90424,90665,241,completed,-13
LoadAware,480,3658959723,90524,90768,244,completed,-13
LoadAware,481,3658959723,90624,90870,246,completed,-13
LoadAware,482,3658959723,90915,91042,127,completed,-13
LoadAware,483,3658959723,91015,91145,130,completed,-13
LoadAware,484,3658959723,91115,91248,133,completed,-13
LoadAware,485,3658959723,91215,91351,136,completed,-13
LoadAware,486,3658959723,91315,91454,139,completed,-13
LoadAware,487,3658959723,91415,91557,142,completed,-13
LoadAware,488,3658959723,91515,91660,145,completed,-13
LoadAware,489,3658959723,91615,91763,148,completed,-13
LoadAware,490,3658959723,91715,92042,327,completed,-13
LoadAware,491,3658959723,91926,92145,219,completed,-13
LoadAware,492,3658959723,92026,92252,226,completed,-13
LoadAware,493,3658959723,92126,92355,229,completed,-13
LoadAware,494,3658959723,92226,92457,231,completed,-13
LoadAware,495,3658959723,92326,92560,234,completed,-13
LoadAware,496,3658959723,92426,92663,237,completed,-13
LoadAware,497,3658959723,92526,92766,240,completed,-13
LoadAware,498,3658959723,92626,92868,242,completed,-13
LoadAware,499,3658959723,92916,93042,126,completed,-13
LoadAware,500,3658959723,93016,93147,131,completed,-13
LoadAware,501,3658959723,93116,93250,134,completed,-13
LoadAware,502,3658959723,93216,93353,137,completed,-13
LoadAware,503,3658959723,93320,93455,135,completed,-13
LoadAware,504,3658959723,93420,93558,138,completed,-13
LoadAware,505,3658959723,93520,93661,141,completed,-13
LoadAware,506,3658959723,93620,93764,144,completed,-13
LoadAware,507,3658959723,93720,93867,147,completed,-13
LoadAware,508,3658959723,93922,94047,125,completed,-13
LoadAware,509,3658959723,94022,94150,128,completed,-13
LoadAware,510,3658959723,94122,94253,131,completed,-13
LoadAware,511,3658959723,94222,94356,134,completed,-13
LoadAware,512,3658959723,94322,94458,136,completed,-13
LoadAware,513,3658959723,94422,94561,139,completed,-13
LoadAware,514,3037662008,94522,94663,141,completed,-24
LoadAware,535,3658959723,99021,99143,122,completed,-11
LoadAware,515,3037662008,94622,94766,144,completed,-24
LoadAware,516,3037662008,94722,94869,147,completed,-24
LoadAware,517,3037662008,94920,97215,2295,completed,-25
LoadAware,518,3037662008,97123,97422,299,completed,-25
LoadAware,519,3037662008,97323,97524,201,completed,-25
LoadAware,520,3037662008,97423,97788,365,completed,-25
LoadAware,536,3658959723,99121,99444,323,completed,-11
LoadAware,521,3037662008,97523,98063,540,completed,-27
LoadAware,522,3037662008,97623,98421,798,completed,-27
LoadAware,523,3037662008,97723,98615,892,completed,-27
LoadAware,524,3037662008,97823,98717,894,completed,-27
LoadAware,525,3037662008,97923,98887,964,completed,-27
LoadAware,537,3658959723,99327,99580,253,completed,-11
LoadAware,526,3037662008,98023,99162,1139,completed,-27
LoadAware,527,3037662008,98123,99439,1316,completed,-27
LoadAware,528,3037662008,98321,99540,1219,completed,-27
LoadAware,529,3037662008,98421,99642,1221,completed,-27
LoadAware,530,3037662008,98521,99744,1223,completed,-27
LoadAware,531,3037662008,98621,99846,1225,completed,-28
LoadAware,544,3658959723,100027,100149,122,completed,-12
LoadAware,532,3037662008,98721,99948,1227,completed,-28
LoadAware,545,3658959723,100127,100445,318,completed,-12
LoadAware,546,3658959723,100340,100556,216,completed,-12
LoadAware,533,3037662008,98821,100050,1229,completed,-28
LoadAware,534,3037662008,98921,100152,1231,completed,-28
LoadAware,547,3658959723,100440,100659,219,completed,-12
LoadAware,548,3658959723,100540,100763,223,completed,-12
LoadAware,538,3037662008,99427,100253,826,completed,-28
LoadAware,549,3658959723,100640,100865,225,completed,-12
LoadAware,550,3658959723,100740,100968,228,completed,-12
LoadAware,551,3658959723,100840,101071,231,completed,-12
LoadAware,539,3037662008,99527,100354,827,completed,-28
LoadAware,540,3037662008,99627,100456,829,completed,-28
LoadAware,552,3658959723,100940,101173,233,completed,-12
LoadAware,553,3658959723,101040,101276,236,completed,-12
LoadAware,541,3037662008,99727,100558,831,completed,-28
LoadAware,542,3037662008,99827,100660,833,completed,-28
LoadAware,554,3658959723,101331,101521,190,completed,-12
LoadAware,555,3658959723,101431,101623,192,completed,-12
LoadAware,543,3037662008,99927,100762,835,completed,-28
LoadAware,556,3658959723,101531,101727,196,completed,-12
LoadAware,557,3658959723,101631,101830,199,completed,-12
LoadAware,558,3658959723,101731,101933,202,completed,-13
LoadAware,559,3658959723,101831,102036,205,completed,-13
LoadAware,560,3037662008,101932,102037,105,completed,-27
LoadAware,561,3037662008,102032,102140,108,completed,-27
LoadAware,562,3037662008,102132,102432,300,completed,-27
LoadAware,563,3037662008,102327,102535,208,completed,-27
LoadAware,564,3037662008,102427,102638,211,completed,-27
LoadAware,565,3037662008,102527,102741,214,completed,-27
LoadAware,566,3037662008,102627,102844,217,completed,-27
LoadAware,567,3037662008,102727,102947,220,completed,-27
LoadAware,568,3037662008,102827,103050,223,completed,-27
LoadAware,569,3037662008,102927,103153,226,completed,-27
LoadAware,570,3037662008,103027,103256,229,completed,-27
LoadAware,571,3037662008,103127,103358,231,completed,-27
LoadAware,572,3037662008,103333,103461,128,completed,-27
LoadAware,573,3037662008,103433,103564,131,completed,-27
LoadAware,574,3037662008,103533,103667,134,completed,-27
LoadAware,575,3037662008,103633,103770,137,completed,-27
LoadAware,576,3037662008,103733,103873,140,completed,-28
LoadAware,577,3037662008,103833,103976,143,completed,-28
LoadAware,578,3037662008,103933,104079,146,completed,-28
LoadAware,579,3037662008,104033,104182,149,completed,-28
LoadAware,580,3037662008,104133,104433,300,completed,-28
LoadAware,581,3037662008,104329,104574,245,completed,-28
LoadAware,582,3037662008,104429,104677,248,completed,-28
LoadAware,583,3037662008,104529,104780,251,completed,-28
LoadAware,584,3037662008,104629,104883,254,completed,-28
LoadAware,585,3037662008,104729,104986,257,completed,-28
LoadAware,586,3037662008,104829,105089,260,completed,-28
LoadAware,587,3037662008,104929,105192,263,completed,-28
LoadAware,588,3037662008,105029,105295,266,completed,-28
LoadAware,589,3037662008,105129,105397,268,completed,-28
LoadAware,590,3037662008,105345,105500,155,completed,-28
LoadAware,591,3037662008,105445,105602,157,completed,-28
LoadAware,592,3037662008,105545,105705,160,completed,-28
LoadAware,593,3037662008,105645,105808,163,completed,-28
LoadAware,594,3037662008,105745,105911,166,completed,-26
LoadAware,595,3037662008,105845,106014,169,completed,-26
LoadAware,596,3037662008,105945,106117,172,completed,-26
LoadAware,597,3037662008,106045,106220,175,completed,-26
LoadAware,598,3037662008,106330,106435,105,completed,-26
LoadAware,599,3037662008,106430,106561,131,completed,-26
LoadAware,600,3037662008,106530,106664,134,completed,-26
LoadAware,601,3037662008,106630,106767,137,completed,-26
LoadAware,602,3037662008,106730,106870,140,completed,-26
LoadAware,603,3037662008,106830,106973,143,completed,-26
LoadAware,604,3037662008,106930,107076,146,completed,-26
LoadAware,605,3037662008,107030,107179,149,completed,-26
LoadAware,606,3037662008,107130,107282,152,completed,-26
LoadAware,607,3037662008,107344,107451,107,completed,-26
LoadAware,608,3037662008,107444,107555,111,completed,-26
LoadAware,609,3037662008,107544,107658,114,completed,-26
LoadAware,610,3037662008,107644,107761,117,completed,-26
LoadAware,611,3037662008,107744,107864,120,completed,-26
LoadAware,612,3037662008,107844,107966,122,completed,-26
LoadAware,613,3037662008,107944,108069,125,completed,-26
LoadAware,614,3037662008,108044,108172,128,completed,-26
LoadAware,615,3037662008,108342,108448,106,completed,-26
LoadAware,616,3037662008,108442,108550,108,completed,-26
LoadAware,617,3037662008,108542,108653,111,completed,-26
LoadAware,618,3037662008,108642,108756,114,completed,-26
LoadAware,619,3037662008,108742,108859,117,completed,-26
LoadAware,620,3037662008,108842,108962,120,completed,-26
LoadAware,621,3037662008,108942,109065,123,completed,-26
LoadAware,622,3037662008,109042,109168,126,completed,-26
LoadAware,623,3037662008,109337,109445,108,completed,-26
LoadAware,624,3037662008,109437,109548,111,completed,-26
LoadAware,625,3037662008,109537,109651,114,completed,-26
LoadAware,626,3037662008,109637,109754,117,completed,-26
LoadAware,627,3037662008,109737,109857,120,completed,-27
LoadAware,628,3037662008,109837,109960,123,completed,-27
LoadAware,629,3037662008,109937,110062,125,completed,-27
LoadAware,630,3037662008,110037,110165,128,completed,-27
LoadAware,631,3037662008,110137,110268,131,completed,-27
LoadAware,632,3037662008,110338,110445,107,completed,-27
LoadAware,633,3037662008,110438,110548,110,completed,-27
LoadAware,634,3037662008,110538,110651,113,completed,-27
LoadAware,635,3037662008,110638,110754,116,completed,-27
LoadAware,636,3037662008,110738,110857,119,completed,-27
LoadAware,637,3037662008,110838,110960,122,completed,-27
LoadAware,638,3037662008,110938,111063,125,completed,-27
LoadAware,639,3037662008,111038,111166,128,completed,-27
LoadAware,640,3037662008,111138,111439,301,completed,-27
LoadAware,641,3037662008,111350,111542,192,completed,-27
LoadAware,642,3037662008,111450,111644,194,completed,-27
LoadAware,643,3037662008,111551,111747,196,completed,-27
LoadAware,644,3037662008,111651,111850,199,completed,-31
LoadAware,646,3658959723,111851,111973,122,completed,-11
LoadAware,647,3658959723,111951,112083,132,completed,-11
LoadAware,645,3037662008,111751,111953,202,completed,-31
LoadAware,648,3658959723,112051,112186,135,completed,-11
LoadAware,649,3658959723,112349,112473,124,completed,-11
LoadAware,650,3658959723,114552,114903,351,completed,-11
LoadAware,651,3658959723,114750,115408,658,completed,-11
LoadAware,652,3658959723,114850,115510,660,completed,-11
LoadAware,653,3658959723,114950,115870,920,completed,-14
LoadAware,654,3658959723,115050,115971,921,completed,-14
LoadAware,655,3658959723,115150,116222,1072,completed,-14
LoadAware,656,3658959723,115250,116447,1197,completed,-14
LoadAware,666,3037662008,116351,116456,105,completed,-29
LoadAware,657,3658959723,115350,116550,1200,completed,-14
LoadAware,667,3037662008,116451,116565,114,completed,-29
LoadAware,658,3658959723,115450,116653,1203,completed,-14
LoadAware,659,3658959723,115550,116756,1206,completed,-14
LoadAware,660,3658959723,115750,116857,1107,completed,-14
LoadAware,668,3037662008,116551,116853,302,completed,-29
LoadAware,669,3037662008,116759,116965,206,completed,-29
LoadAware,661,3658959723,115850,116960,1110,completed,-14
LoadAware,662,3658959723,115950,117062,1112,completed,-14
LoadAware,670,3037662008,116860,117068,208,completed,-29
LoadAware,671,3037662008,116960,117171,211,completed,-29
LoadAware,672,3037662008,117060,117274,214,completed,-29
LoadAware,663,3658959723,116050,117165,1115,completed,-14
LoadAware,673,3037662008,117160,117377,217,completed,-29
LoadAware,674,3037662008,117260,117480,220,completed,-29
LoadAware,675,3037662008,117360,117583,223,completed,-29
LoadAware,664,3658959723,116150,117267,1117,completed,-14
LoadAware,676,3037662008,117460,117686,226,completed,-29
LoadAware,677,3037662008,117759,117867,108,completed,-27
LoadAware,678,3037662008,117859,117968,109,completed,-27
LoadAware,665,3658959723,116250,117369,1119,completed,-14
LoadAware,679,3037662008,117959,118069,110,completed,-27
LoadAware,680,3037662008,118059,118172,113,completed,-27
LoadAware,681,3037662008,118159,118275,116,completed,-27
LoadAware,682,3037662008,118259,118378,119,completed,-27
LoadAware,683,3037662008,118359,118481,122,completed,-27
LoadAware,684,3037662008,118459,118584,125,completed,-27
LoadAware,685,3037662008,118559,118856,297,completed,-27
LoadAware,686,3037662008,118759,118963,204,completed,-27
LoadAware,687,3037662008,118860,119066,206,completed,-27
LoadAware,688,3037662008,118960,119169,209,completed,-27
LoadAware,689,3037662008,119060,119271,211,completed,-27
LoadAware,690,3037662008,119160,119374,214,completed,-27
LoadAware,691,3037662008,119260,119477,217,completed,-27
LoadAware,692,3037662008,119363,119580,217,completed,-27
LoadAware,693,3037662008,119463,119683,220,completed,-27
LoadAware,694,3037662008,119758,119865,107,completed,-27
LoadAware,695,3037662008,119858,119968,110,completed,-27
LoadAware,696,3037662008,119958,120071,113,completed,-27
LoadAware,697,3037662008,120058,120174,116,completed,-27
LoadAware,698,3037662008,120158,120277,119,completed,-27
LoadAware,699,3037662008,120258,120380,122,completed,-27
LoadAware,700,3037662008,120358,120483,125,completed,-27
LoadAware,701,3037662008,120458,120586,128,completed,-27
LoadAware,702,3037662008,120559,120859,300,completed,-27
LoadAware,703,3037662008,120762,120962,200,completed,-27
LoadAware,704,3037662008,120862,121068,206,completed,-27
LoadAware,705,3037662008,120962,121171,209,completed,-27
LoadAware,706,3037662008,121062,121274,212,completed,-27
LoadAware,707,3037662008,121162,121377,215,completed,-27
LoadAware,708,3037662008,121262,121482,220,completed,-27
LoadAware,709,3037662008,121362,121585,223,completed,-27
LoadAware,710,3037662008,121462,121686,224,completed,-27
LoadAware,711,3037662008,121562,121861,299,completed,-27
LoadAware,712,3037662008,121757,122066,309,completed,-27
LoadAware,713,3037662008,121857,122168,311,completed,-27
LoadAware,714,3037662008,121957,122271,314,completed,-27
LoadAware,715,3037662008,122057,122373,316,completed,-27
LoadAware,716,3037662008,122157,122475,318,completed,-27
LoadAware,717,3037662008,122257,122577,320,completed,-27
LoadAware,718,3037662008,122357,122680,323,completed,-27
LoadAware,719,3037662008,122457,122781,324,completed,-27
LoadAware,720,3037662008,122557,122884,327,completed,-27
LoadAware,721,3037662008,122763,122987,224,completed,-27
LoadAware,722,3037662008,122863,123090,227,completed,-27
LoadAware,723,3037662008,122963,123193,230,completed,-27
LoadAware,724,3037662008,123063,123295,232,completed,-27
LoadAware,725,3037662008,123163,123398,235,completed,-27
LoadAware,726,3037662008,123263,123500,237,completed,-27
LoadAware,727,3037662008,123363,123602,239,completed,-27
LoadAware,728,3037662008,123463,123705,242,completed,-27
LoadAware,729,3037662008,123563,123807,244,completed,-27
LoadAware,730,3037662008,123769,123908,139,completed,-30
LoadAware,731,3037662008,123869,124010,141,completed,-30
LoadAware,732,3037662008,123969,124112,143,completed,-30
LoadAware,733,3037662008,124069,124214,145,completed,-30
LoadAware,734,3037662008,124169,124316,147,completed,-30
LoadAware,735,3037662008,124269,124419,150,completed,-30
LoadAware,736,3037662008,124369,124521,152,completed,-30
LoadAware,737,3037662008,124469,124623,154,completed,-30
LoadAware,738,3037662008,124767,124871,104,completed,-30
LoadAware,739,3037662008,124867,124981,114,completed,-30
LoadAware,740,3037662008,124967,125084,117,completed,-30
LoadAware,741,3037662008,125067,125187,120,completed,-30
LoadAware,742,3037662008,125167,125290,123,completed,-30
LoadAware,743,3037662008,125267,125393,126,completed,-30
LoadAware,744,3037662008,125367,125496,129,completed,-30
LoadAware,745,3037662008,125467,125599,132,completed,-30
LoadAware,746,3037662008,125567,125866,299,completed,-28
LoadAware,747,3037662008,125762,126062,300,completed,-28
LoadAware,748,3037662008,125862,126165,303,completed,-28
LoadAware,749,3037662008,125962,126268,306,completed,-28
LoadAware,750,3037662008,126062,126371,309,completed,-28
LoadAware,751,3037662008,126162,126474,312,completed,-28
LoadAware,752,3037662008,126262,126577,315,completed,-28
LoadAware,753,3037662008,126362,126680,318,completed,-28
LoadAware,754,3037662008,126462,126782,320,completed,-28
LoadAware,755,3037662008,126562,126883,321,completed,-28
LoadAware,756,3037662008,126769,127112,343,completed,-28
LoadAware,757,3037662008,126869,127214,345,completed,-28
LoadAware,758,3037662008,126969,127316,347,completed,-28
LoadAware,759,3037662008,127069,127419,350,completed,-28
LoadAware,760,3037662008,127169,127522,353,completed,-28
LoadAware,761,3037662008,127269,127625,356,completed,-28
LoadAware,762,3037662008,127369,127728,359,completed,-28
LoadAware,763,3037662008,127469,127829,360,completed,-28
LoadAware,764,3037662008,127569,127932,363,completed,-28
LoadAware,767,3658959723,127971,128094,123,completed,-12
LoadAware,768,3658959723,128071,128196,125,completed,-12
LoadAware,769,3658959723,128171,128307,136,completed,-12
LoadAware,765,3037662008,127771,128034,263,completed,-28
LoadAware,770,3658959723,128271,128410,139,completed,-12
LoadAware,771,3658959723,128371,128513,142,completed,-12
LoadAware,766,3037662008,127871,128136,265,completed,-28
LoadAware,772,3658959723,128471,128616,145,completed,-12
LoadAware,773,3658959723,128573,128891,318,completed,-12
LoadAware,774,3658959723,128773,128994,221,completed,-12
LoadAware,775,3658959723,128873,129096,223,completed,-12
LoadAware,776,3658959723,128973,129199,226,completed,-12
LoadAware,777,3658959723,129073,129302,229,completed,-12
LoadAware,778,3658959723,129173,129405,232,completed,-12
LoadAware,779,3658959723,129273,129507,234,completed,-12
LoadAware,780,3658959723,129373,129610,237,completed,-12
LoadAware,781,3658959723,129473,129713,240,completed,-12
LoadAware,782,3658959723,129573,129892,319,completed,-13
LoadAware,783,3658959723,129776,129993,217,completed,-13
LoadAware,784,3037662008,131983,132284,301,completed,-26
LoadAware,785,3037662008,132188,132661,473,completed,-26
LoadAware,786,3037662008,132288,132910,622,completed,-26
LoadAware,787,3037662008,132388,133284,896,completed,-26
LoadAware,788,3037662008,132488,133386,898,completed,-26
LoadAware,789,3037662008,132588,133488,900,completed,-26
LoadAware,790,3037662008,132688,133591,903,completed,-26
LoadAware,791,3037662008,132788,133693,905,completed,-26
LoadAware,792,3037662008,132888,133796,908,completed,-26
LoadAware,793,3037662008,133181,133899,718,completed,-28
LoadAware,801,3658959723,133981,134104,123,completed,-13
LoadAware,802,3658959723,134188,134320,132,completed,-13
LoadAware,803,3658959723,134288,134430,142,completed,-13
LoadAware,794,3037662008,133281,134000,719,completed,-28
LoadAware,804,3658959723,134388,134533,145,completed,-13
LoadAware,805,3658959723,134488,134636,148,completed,-13
LoadAware,795,3037662008,133381,134101,720,completed,-28
LoadAware,806,3658959723,134588,134739,151,completed,-13
LoadAware,796,3037662008,133481,134202,721,completed,-28
LoadAware,807,3658959723,134688,134842,154,completed,-13
LoadAware,808,3658959723,134788,134945,157,completed,-13
LoadAware,809,3658959723,134888,135048,160,completed,-13
LoadAware,797,3037662008,133581,134304,723,completed,-28
LoadAware,810,3658959723,134988,135306,318,completed,-13
LoadAware,811,3658959723,135184,135409,225,completed,-13
LoadAware,798,3037662008,133681,134406,725,completed,-28
LoadAware,812,3658959723,135284,135512,228,completed,-13
LoadAware,813,3658959723,135384,135615,231,completed,-13
LoadAware,814,3658959723,135484,135718,234,completed,-13
LoadAware,799,3037662008,133781,134508,727,completed,-28
LoadAware,815,3658959723,135584,135821,237,completed,-13
LoadAware,816,3658959723,135684,135924,240,completed,-14
LoadAware,800,3037662008,133881,134610,729,completed,-28
LoadAware,817,3658959723,135784,136026,242,completed,-14
LoadAware,818,3658959723,135884,136128,244,completed,-14
LoadAware,819,3658959723,135984,136230,246,completed,-14
LoadAware,821,3037662008,136298,136403,105,completed,-28
LoadAware,822,3037662008,136398,136506,108,completed,-28
LoadAware,820,3658959723,136198,136332,134,completed,-14
LoadAware,823,3037662008,136498,136608,110,completed,-28
LoadAware,824,3037662008,136598,136711,113,completed,-28
LoadAware,825,3037662008,136698,136813,115,completed,-28
LoadAware,826,3037662008,136798,136915,117,completed,-28
LoadAware,827,3037662008,136898,137018,120,completed,-28
LoadAware,828,3037662008,136998,137299,301,completed,-28
LoadAware,829,3037662008,137193,137402,209,completed,-28
LoadAware,830,3037662008,137293,137505,212,completed,-28
LoadAware,831,3037662008,137393,137608,215,completed,-28
LoadAware,832,3037662008,137493,137710,217,completed,-28
LoadAware,833,3037662008,137593,137813,220,completed,-28
LoadAware,834,3037662008,137693,137916,223,completed,-29
LoadAware,835,3037662008,137793,138019,226,completed,-29
LoadAware,836,3037662008,137893,138122,229,completed,-29
LoadAware,837,3658959723,137993,138322,329,completed,-11
LoadAware,838,3658959723,138199,138432,233,completed,-11
LoadAware,839,3658959723,138299,138535,236,completed,-11
LoadAware,840,3658959723,138399,138638,239,completed,-11
LoadAware,841,3658959723,138499,138741,242,completed,-11
LoadAware,842,3658959723,138599,138844,245,completed,-11
LoadAware,843,3658959723,138699,138947,248,completed,-11
LoadAware,844,3658959723,138799,139050,251,completed,-11
LoadAware,845,3658959723,138899,139153,254,completed,-11
LoadAware,846,3658959723,138999,139255,256,completed,-11
LoadAware,847,3658959723,139199,139357,158,completed,-11
LoadAware,848,3658959723,139299,139460,161,completed,-11
LoadAware,849,3658959723,139399,139563,164,completed,-11
LoadAware,850,3658959723,139499,139666,167,completed,-11
LoadAware,851,3658959723,139599,139769,170,completed,-11
LoadAware,852,3658959723,139699,139872,173,completed,-13
LoadAware,854,3037662008,139899,140003,104,completed,-27
LoadAware,853,3658959723,139799,139974,175,completed,-13
LoadAware,855,3037662008,139999,140410,411,completed,-27
LoadAware,856,3037662008,140206,140519,313,completed,-27
LoadAware,857,3037662008,140306,140628,322,completed,-27
LoadAware,858,3037662008,140406,140731,325,completed,-27
LoadAware,859,3037662008,140506,140834,328,completed,-27
LoadAware,860,3037662008,140606,140937,331,completed,-27
LoadAware,861,3037662008,140706,141040,334,completed,-27
LoadAware,862,3037662008,140806,141143,337,completed,-27
LoadAware,863,3037662008,140906,141245,339,completed,-27
LoadAware,864,3037662008,141201,141348,147,completed,-27
LoadAware,865,3037662008,141301,141451,150,completed,-27
LoadAware,866,3037662008,141401,141554,153,completed,-27
LoadAware,867,3037662008,141501,141657,156,completed,-27
LoadAware,868,3037662008,141601,141760,159,completed,-27
LoadAware,869,3037662008,141701,141863,162,completed,-28
LoadAware,870,3037662008,141801,141966,165,completed,-28
LoadAware,871,3658959723,141901,142024,123,completed,-12
LoadAware,872,3658959723,142001,142504,503,completed,-12
LoadAware,873,3658959723,142205,142613,408,completed,-12
LoadAware,874,3658959723,142305,142723,418,completed,-12
LoadAware,875,3658959723,142405,142826,421,completed,-12
LoadAware,876,3658959723,142505,142929,424,completed,-12
LoadAware,877,3658959723,142606,143032,426,completed,-12
LoadAware,878,3658959723,142706,143135,429,completed,-12
LoadAware,879,3658959723,142806,143236,430,completed,-12
LoadAware,880,3658959723,142906,143339,433,completed,-12
LoadAware,881,3658959723,143006,143441,435,completed,-12
LoadAware,882,3658959723,143206,143544,338,completed,-12
LoadAware,883,3658959723,143306,143647,341,completed,-12
LoadAware,884,3658959723,143406,143750,344,completed,-12
LoadAware,885,3658959723,143506,143852,346,completed,-12
LoadAware,886,3658959723,143606,143955,349,completed,-14
LoadAware,889,3037662008,143906,144012,106,completed,-27
LoadAware,887,3658959723,143706,144057,351,completed,-14
LoadAware,888,3658959723,143806,144160,354,completed,-14
LoadAware,890,3037662008,144006,144305,299,completed,-27
LoadAware,891,3037662008,144209,144414,205,completed,-27
LoadAware,892,3037662008,144309,144516,207,completed,-27
LoadAware,893,3037662008,144409,144619,210,completed,-27
LoadAware,894,3037662008,144509,144721,212,completed,-27
LoadAware,895,3037662008,144609,144823,214,completed,-27
LoadAware,896,3037662008,144709,144926,217,completed,-27
LoadAware,897,3037662008,144809,145028,219,completed,-27
LoadAware,898,3037662008,144909,145131,222,completed,-27
LoadAware,899,3037662008,145009,145308,299,completed,-27
LoadAware,900,3037662008,145209,145413,204,completed,-27
LoadAware,901,3037662008,145309,145516,207,completed,-27
LoadAware,902,3037662008,145409,145618,209,completed,-27
LoadAware,903,3037662008,145509,145721,212,completed,-27
LoadAware,904,3037662008,145609,145824,215,completed,-27
LoadAware,905,3037662008,145709,145927,218,completed,-29
LoadAware,906,3037662008,145809,146030,221,completed,-29
LoadAware,907,3037662008,145909,146133,224,completed,-29
LoadAware,908,3658959723,146009,146333,324,completed,-12
LoadAware,909,3658959723,146208,146441,233,completed,-12
LoadAware,910,3658959723,146308,146549,241,completed,-12
LoadAware,911,3658959723,146408,146651,243,completed,-12
LoadAware,912,3658959723,146508,146754,246,completed,-12
LoadAware,913,3658959723,146608,146857,249,completed,-12
LoadAware,914,3658959723,146708,146960,252,completed,-12
LoadAware,915,3658959723,146808,147063,255,completed,-12
LoadAware,916,3658959723,146908,147166,258,completed,-12
LoadAware,917,3658959723,147008,147268,260,completed,-12
LoadAware,918,3658959723,147211,147370,159,completed,-12
LoadAware,919,3037662008,149417,149716,299,completed,-26
LoadAware,920,3037662008,149620,149825,205,completed,-26
LoadAware,921,3037662008,149720,149933,213,completed,-28
LoadAware,922,3037662008,149822,150036,214,completed,-28
LoadAware,923,3037662008,149922,150139,217,completed,-28
LoadAware,924,3037662008,150022,150242,220,completed,-28
LoadAware,925,3037662008,150122,150345,223,completed,-28
LoadAware,926,3037662008,150222,150448,226,completed,-28
LoadAware,927,3037662008,150322,150551,229,completed,-28
LoadAware,928,3037662008,150617,150724,107,completed,-28
LoadAware,929,3037662008,150717,150827,110,completed,-28
LoadAware,930,3037662008,150817,150930,113,completed,-28
LoadAware,931,3037662008,150917,151033,116,completed,-28
LoadAware,932,3037662008,151017,151135,118,completed,-28
LoadAware,933,3037662008,151117,151238,121,completed,-28
LoadAware,934,3037662008,151217,151353,136,completed,-28
LoadAware,935,3037662008,151323,151456,133,completed,-28
LoadAware,936,3037662008,151618,151835,217,completed,-28
LoadAware,937,3037662008,151718,151938,220,completed,-28
LoadAware,939,3658959723,151918,152040,122,completed,-12
LoadAware,938,3037662008,151818,152041,223,completed,-28
LoadAware,940,3658959723,152018,152150,132,completed,-12
LoadAware,941,3658959723,152118,152253,135,completed,-12
LoadAware,942,3658959723,152218,152355,137,completed,-12
LoadAware,943,3658959723,152318,152458,140,completed,-12
LoadAware,944,3658959723,152418,152561,143,completed,-12
LoadAware,945,3658959723,152620,152746,126,completed,-12
LoadAware,946,3658959723,152720,152849,129,completed,-12
LoadAware,947,3658959723,152820,152952,132,completed,-12
LoadAware,948,3658959723,152920,153055,135,completed,-12
LoadAware,949,3658959723,153020,153158,138,completed,-12
LoadAware,950,3658959723,153120,153261,141,completed,-12
LoadAware,951,3658959723,153220,153364,144,completed,-12
LoadAware,952,3658959723,153320,153467,147,completed,-12
LoadAware,953,3658959723,153420,153569,149,completed,-12
LoadAware,954,3658959723,153624,153748,124,completed,-12
LoadAware,955,3658959723,153724,153863,139,completed,-12
LoadAware,957,3037662008,153924,154028,104,completed,-27
LoadAware,958,3037662008,154024,154137,113,completed,-27
LoadAware,956,3658959723,153824,153994,170,completed,-13
LoadAware,959,3037662008,154124,154240,116,completed,-27
LoadAware,SUMMARY,ALL,0,0,120000,batch_complete,0
----------------,---,---,---,---,---,----------------,---
LoadAware,960,3037662008,154224,154343,119,completed,-27
LoadAware,961,3037662008,166827,167127,300,completed,-25
LoadAware,962,3037662008,167029,167610,581,completed,-25
LoadAware,963,3037662008,167129,167886,757,completed,-24
LoadAware,964,3037662008,167229,168137,908,completed,-24
LoadAware,965,3037662008,167329,168240,911,completed,-24
LoadAware,966,3037662008,167429,168343,914,completed,-24
LoadAware,967,3037662008,167529,168446,917,completed,-24
LoadAware,968,3037662008,167629,168549,920,completed,-24
LoadAware,969,3037662008,167729,168652,923,completed,-24
LoadAware,970,3037662008,167829,168755,926,completed,-24
LoadAware,971,3037662008,168027,168858,831,completed,-24
LoadAware,972,3037662008,168127,168960,833,completed,-24
LoadAware,973,3037662008,168227,169061,834,completed,-24
LoadAware,974,3037662008,168327,169164,837,completed,-24
LoadAware,975,3037662008,168427,169266,839,completed,-24
LoadAware,976,3037662008,168527,169369,842,completed,-24
LoadAware,977,3037662008,168627,169472,845,completed,-24
LoadAware,978,3037662008,168727,169575,848,completed,-24
LoadAware,979,3037662008,168827,169678,851,completed,-24
LoadAware,980,3037662008,169031,169780,749,completed,-24
LoadAware,989,3658959723,170033,170158,125,completed,-12
LoadAware,990,3658959723,170133,170267,134,completed,-12
LoadAware,981,3037662008,169131,169883,752,completed,-26
LoadAware,982,3037662008,169231,169984,753,completed,-26
LoadAware,991,3658959723,170233,170377,144,completed,-12
LoadAware,992,3658959723,170333,170479,146,completed,-12
LoadAware,983,3037662008,169331,170085,754,completed,-26
LoadAware,993,3658959723,170433,170582,149,completed,-12
LoadAware,994,3658959723,170533,170685,152,completed,-12
LoadAware,995,3658959723,170633,170788,155,completed,-12
LoadAware,984,3037662008,169431,170186,755,completed,-26
LoadAware,985,3037662008,169531,170287,756,completed,-26
LoadAware,996,3658959723,170733,170891,158,completed,-12
LoadAware,986,3037662008,169631,170388,757,completed,-26
LoadAware,987,3037662008,169731,170490,759,completed,-26
LoadAware,997,3658959723,170834,171164,330,completed,-12
LoadAware,998,3658959723,171037,171280,243,completed,-12
LoadAware,988,3037662008,169831,170592,761,completed,-26
LoadAware,999,3658959723,171137,171389,252,completed,-12
LoadAware,1000,3658959723,171237,171492,255,completed,-12
LoadAware,1001,3658959723,171337,171595,258,completed,-12
LoadAware,1002,3658959723,171437,171698,261,completed,-12
LoadAware,1003,3658959723,171537,171801,264,completed,-12
LoadAware,1006,3037662008,172034,172138,104,completed,-25
LoadAware,1007,3037662008,172134,172247,113,completed,-25
LoadAware,1004,3658959723,171637,171904,267,completed,-14
LoadAware,1008,3037662008,172234,172350,116,completed,-25
LoadAware,1009,3037662008,172334,172470,136,completed,-25
LoadAware,1005,3658959723,171737,172005,268,completed,-14
LoadAware,1010,3037662008,172434,172573,139,completed,-25
LoadAware,1011,3037662008,172534,172676,142,completed,-25
LoadAware,1012,3037662008,172634,172779,145,completed,-25
LoadAware,1013,3037662008,172734,172882,148,completed,-25
LoadAware,1014,3037662008,172834,172985,151,completed,-25
LoadAware,1015,3037662008,173035,173144,109,completed,-25
LoadAware,1016,3037662008,173135,173246,111,completed,-25
LoadAware,1017,3037662008,173235,173349,114,completed,-25
LoadAware,1018,3037662008,173341,173452,111,completed,-25
LoadAware,1019,3037662008,173441,173555,114,completed,-25
LoadAware,1020,3037662008,173541,173658,117,completed,-25
LoadAware,1021,3037662008,173641,173761,120,completed,-25
LoadAware,1022,3037662008,173741,173864,123,completed,-25
LoadAware,1023,3037662008,174037,174143,106,completed,-25
LoadAware,1024,3037662008,174137,174246,109,completed,-25
LoadAware,1025,3037662008,174237,174349,112,completed,-25
LoadAware,1026,3037662008,174337,174452,115,completed,-25
LoadAware,1027,3037662008,174437,174554,117,completed,-25
LoadAware,1028,3037662008,174537,174657,120,completed,-25
LoadAware,1029,3037662008,174637,174760,123,completed,-25
LoadAware,1030,3037662008,174737,174863,126,completed,-25
LoadAware,1031,3037662008,174837,175136,299,completed,-25
LoadAware,1032,3037662008,175038,175245,207,completed,-25
LoadAware,1033,3037662008,175138,175350,212,completed,-25
LoadAware,1034,3037662008,175238,175453,215,completed,-25
LoadAware,1035,3037662008,175344,175556,212,completed,-25
LoadAware,1036,3037662008,175444,175659,215,completed,-25
LoadAware,1037,3037662008,175544,175762,218,completed,-25
LoadAware,1038,3037662008,175644,175865,221,completed,-25
LoadAware,1040,3658959723,176039,176163,124,completed,-13
LoadAware,1041,3658959723,176139,176266,127,completed,-13
LoadAware,1039,3037662008,175744,175966,222,completed,-25
LoadAware,1042,3658959723,176239,176369,130,completed,-13
LoadAware,1043,3658959723,176339,176472,133,completed,-13
LoadAware,1044,3658959723,176439,176575,136,completed,-13
LoadAware,1045,3658959723,176539,176678,139,completed,-13
LoadAware,1046,3658959723,176639,176781,142,completed,-13
LoadAware,1047,3658959723,176739,176884,145,completed,-13
LoadAware,1048,3658959723,176839,177160,321,completed,-13
LoadAware,1049,3658959723,177036,177269,233,completed,-13
LoadAware,1050,3658959723,177136,177372,236,completed,-13
LoadAware,1051,3658959723,177236,177475,239,completed,-13
LoadAware,1052,3658959723,177336,177577,241,completed,-13
LoadAware,1053,3658959723,177436,177680,244,completed,-13
LoadAware,1054,3658959723,177536,177783,247,completed,-13
LoadAware,1055,3658959723,177636,177886,250,completed,-13
LoadAware,1058,3037662008,178042,178148,106,completed,-25
LoadAware,1059,3037662008,178142,178259,117,completed,-25
LoadAware,1056,3658959723,177736,177989,253,completed,-13
LoadAware,1060,3037662008,178242,178361,119,completed,-25
LoadAware,1061,3037662008,178348,178464,116,completed,-25
LoadAware,1062,3037662008,178448,178566,118,completed,-25
LoadAware,1057,3658959723,177836,178091,255,completed,-13
LoadAware,1063,3037662008,178548,178669,121,completed,-25
LoadAware,1064,3037662008,178648,178772,124,completed,-25
LoadAware,1065,3037662008,178748,178875,127,completed,-25
LoadAware,1066,3037662008,179041,179148,107,completed,-25
LoadAware,1067,3037662008,179141,179257,116,completed,-25
LoadAware,1068,3037662008,179241,179367,126,completed,-25
LoadAware,1069,3037662008,179348,179475,127,completed,-25
LoadAware,1070,3037662008,179448,179633,185,completed,-25
LoadAware,1071,3037662008,179548,179736,188,completed,-25
LoadAware,1072,3037662008,179648,179839,191,completed,-25
LoadAware,1073,3037662008,179748,179942,194,completed,-27
LoadAware,1074,3037662008,179849,180148,299,completed,-27
LoadAware,1075,3037662008,180052,180251,199,completed,-27
LoadAware,1076,3037662008,180152,180357,205,completed,-27
LoadAware,1077,3037662008,180252,180460,208,completed,-27
LoadAware,1078,3037662008,180352,180563,211,completed,-27
LoadAware,1079,3037662008,180452,180665,213,completed,-27
LoadAware,1080,3037662008,180552,180767,215,completed,-27
LoadAware,1081,3037662008,180652,180870,218,completed,-27
LoadAware,1082,3037662008,180752,180972,220,completed,-27
LoadAware,1083,3037662008,180852,181152,300,completed,-27
LoadAware,1084,3037662008,181054,181255,201,completed,-27
LoadAware,1085,3037662008,181154,181358,204,completed,-27
LoadAware,1086,3037662008,181254,181461,207,completed,-27
LoadAware,1087,3037662008,181354,181563,209,completed,-27
LoadAware,1088,3037662008,181454,181666,212,completed,-27
LoadAware,1089,3037662008,181554,181769,215,completed,-27
LoadAware,1090,3037662008,181654,181872,218,completed,-27
LoadAware,1091,3037662008,181754,181974,220,completed,-27
LoadAware,1092,3037662008,181854,182156,302,completed,-27
LoadAware,1093,3658959723,182059,182193,134,completed,-12
LoadAware,1112,3037662008,186479,186585,106,completed,-25
LoadAware,1113,3037662008,186579,186694,115,completed,-25
LoadAware,1094,3658959723,184273,184598,325,completed,-13
LoadAware,1095,3658959723,184473,184980,507,completed,-13
LoadAware,1096,3658959723,184573,185252,679,completed,-13
LoadAware,1097,3658959723,184673,185592,919,completed,-13
LoadAware,1098,3658959723,184773,185802,1029,completed,-13
LoadAware,1114,3037662008,186679,186804,125,completed,-25
LoadAware,1099,3658959723,184873,186078,1205,completed,-13
LoadAware,1100,3658959723,184973,186180,1207,completed,-13
LoadAware,1101,3658959723,185073,186352,1279,completed,-13
LoadAware,1102,3658959723,185173,186628,1455,completed,-13
LoadAware,1103,3658959723,185273,186869,1596,completed,-13
LoadAware,1115,3037662008,186779,186913,134,completed,-25
LoadAware,1104,3658959723,185478,186976,1498,completed,-13
LoadAware,1116,3037662008,186879,187016,137,completed,-25
LoadAware,1105,3658959723,185578,187079,1501,completed,-13
LoadAware,1117,3037662008,186979,187119,140,completed,-25
LoadAware,1118,3037662008,187079,187222,143,completed,-25
LoadAware,1119,3037662008,187179,187325,146,completed,-25
LoadAware,1106,3658959723,185678,187182,1504,completed,-13
LoadAware,1107,3658959723,185778,187283,1505,completed,-13
LoadAware,1108,3658959723,185878,187386,1508,completed,-13
LoadAware,1120,3037662008,187280,187578,298,completed,-25
LoadAware,1121,3037662008,187553,187707,154,completed,-25
LoadAware,1109,3658959723,185978,187487,1509,completed,-13
LoadAware,1122,3037662008,187653,187810,157,completed,-25
LoadAware,1110,3658959723,186078,187588,1510,completed,-13
LoadAware,1111,3658959723,186178,187690,1512,completed,-13
LoadAware,1123,3037662008,187753,187913,160,completed,-27
LoadAware,1124,3037662008,187853,188014,161,completed,-27
LoadAware,1125,3658959723,187953,188081,128,completed,-13
LoadAware,1126,3658959723,188053,188184,131,completed,-13
LoadAware,1127,3658959723,188153,188286,133,completed,-13
LoadAware,1128,3658959723,188253,188388,135,completed,-13
LoadAware,1129,3658959723,188489,188616,127,completed,-13
LoadAware,1130,3658959723,188589,188718,129,completed,-13
LoadAware,1131,3658959723,188689,188821,132,completed,-13
LoadAware,1132,3658959723,188789,188924,135,completed,-13
LoadAware,1133,3658959723,188889,189027,138,completed,-13
LoadAware,1134,3658959723,188989,189130,141,completed,-13
LoadAware,1135,3658959723,189089,189232,143,completed,-13
LoadAware,1136,3658959723,189189,189335,146,completed,-13
LoadAware,1137,3658959723,189487,189611,124,completed,-13
LoadAware,1138,3658959723,189587,189714,127,completed,-13
LoadAware,1139,3658959723,189687,189816,129,completed,-13
LoadAware,1141,3037662008,189887,189992,105,completed,-24
LoadAware,1142,3037662008,189987,190094,107,completed,-24
LoadAware,1143,3037662008,190087,190197,110,completed,-24
LoadAware,1140,3658959723,189787,189919,132,completed,-14
LoadAware,1144,3037662008,190187,190300,113,completed,-24
LoadAware,1145,3037662008,190288,190587,299,completed,-24
LoadAware,1146,3037662008,190495,190695,200,completed,-24
LoadAware,1147,3037662008,190597,190805,208,completed,-24
LoadAware,1148,3037662008,190697,190911,214,completed,-24
LoadAware,1149,3037662008,190797,191014,217,completed,-24
LoadAware,1150,3037662008,190897,191117,220,completed,-24
LoadAware,1151,3037662008,190997,191220,223,completed,-24
LoadAware,1152,3037662008,191097,191323,226,completed,-24
LoadAware,1153,3037662008,191197,191426,229,completed,-24
LoadAware,1154,3037662008,191496,191663,167,completed,-24
LoadAware,1155,3037662008,191596,191772,176,completed,-24
LoadAware,1156,3037662008,191696,191880,184,completed,-26
LoadAware,1157,3037662008,191796,191982,186,completed,-26
LoadAware,1158,3037662008,191896,192085,189,completed,-26
LoadAware,1159,3037662008,191996,192188,192,completed,-26
LoadAware,1160,3037662008,192096,192291,195,completed,-26
LoadAware,1161,3037662008,192198,192394,196,completed,-26
LoadAware,1162,3037662008,192492,192596,104,completed,-26
LoadAware,1163,3037662008,192592,192699,107,completed,-26
LoadAware,1164,3037662008,192692,192802,110,completed,-26
LoadAware,1165,3037662008,192792,192906,114,completed,-26
LoadAware,1166,3037662008,192894,193009,115,completed,-26
LoadAware,1167,3037662008,192994,193112,118,completed,-26
LoadAware,1168,3037662008,193094,193215,121,completed,-26
LoadAware,1169,3037662008,193194,193318,124,completed,-26
LoadAware,1170,3037662008,193495,193601,106,completed,-26
LoadAware,1171,3037662008,193595,193703,108,completed,-26
LoadAware,1172,3037662008,193695,193806,111,completed,-26
LoadAware,1173,3037662008,193795,193909,114,completed,-27
LoadAware,1174,3037662008,193895,194012,117,completed,-27
LoadAware,1175,3037662008,193995,194115,120,completed,-27
LoadAware,1176,3037662008,194095,194218,123,completed,-27
LoadAware,1177,3037662008,194195,194321,126,completed,-27
LoadAware,1178,3037662008,194497,194603,106,completed,-27
LoadAware,1179,3037662008,194597,194712,115,completed,-27
LoadAware,1180,3037662008,194697,194819,122,completed,-27
LoadAware,1181,3037662008,194797,194922,125,completed,-27
LoadAware,1182,3037662008,194897,195025,128,completed,-27
LoadAware,1183,3037662008,194997,195128,131,completed,-27
LoadAware,1184,3037662008,195097,195231,134,completed,-27
LoadAware,1185,3037662008,195197,195334,137,completed,-27
LoadAware,1186,3037662008,195497,195603,106,completed,-27
LoadAware,1187,3037662008,195597,195711,114,completed,-27
LoadAware,1188,3037662008,195697,195814,117,completed,-27
LoadAware,1189,3037662008,195797,195917,120,completed,-27
LoadAware,1190,3037662008,195897,196018,121,completed,-27
LoadAware,1191,3037662008,195997,196121,124,completed,-27
LoadAware,1192,3037662008,196097,196224,127,completed,-27
LoadAware,1193,3037662008,196197,196327,130,completed,-27
LoadAware,1194,3037662008,196499,196605,106,completed,-27
LoadAware,1195,3037662008,196599,196708,109,completed,-27
LoadAware,1196,3037662008,196699,196811,112,completed,-27
LoadAware,1197,3037662008,196799,196913,114,completed,-27
LoadAware,1198,3037662008,196899,197015,116,completed,-27
LoadAware,1199,3037662008,196999,197117,118,completed,-27
LoadAware,1200,3037662008,197099,197220,121,completed,-27
LoadAware,1201,3037662008,197199,197323,124,completed,-27
LoadAware,1202,3037662008,197501,197605,104,completed,-27
LoadAware,1203,3037662008,197601,197714,113,completed,-27
LoadAware,1204,3037662008,197701,197817,116,completed,-27
LoadAware,1205,3037662008,197801,197920,119,completed,-27
LoadAware,1206,3037662008,197901,198023,122,completed,-27
LoadAware,1207,3037662008,198001,198129,128,completed,-27
LoadAware,1208,3037662008,198101,198232,131,completed,-27
LoadAware,1209,3037662008,198201,198335,134,completed,-27
LoadAware,1210,3037662008,198502,198607,105,completed,-27
LoadAware,1211,3037662008,198602,198743,141,completed,-27
LoadAware,1213,3658959723,198802,198925,123,completed,-12
LoadAware,1214,3658959723,198902,199042,140,completed,-12
LoadAware,1215,3658959723,199002,199151,149,completed,-12
LoadAware,1216,3658959723,199102,199254,152,completed,-12
LoadAware,1217,3658959723,199202,199357,155,completed,-12
LoadAware,1218,3658959723,199500,199624,124,completed,-12
LoadAware,1219,3658959723,201701,202023,322,completed,-13
LoadAware,1220,3658959723,201914,202302,388,completed,-13
LoadAware,1221,3658959723,202017,202405,388,completed,-13
LoadAware,1222,3658959723,202117,202508,391,completed,-13
LoadAware,1223,3658959723,202217,202611,394,completed,-13
LoadAware,1224,3658959723,202317,202714,397,completed,-13
LoadAware,1225,3658959723,202417,202817,400,completed,-13
LoadAware,1226,3658959723,202517,202922,405,completed,-13
LoadAware,1227,3658959723,202617,203024,407,completed,-13
LoadAware,1228,3658959723,202897,203127,230,completed,-13
LoadAware,1229,3658959723,202997,203229,232,completed,-13
LoadAware,1230,3658959723,203097,203332,235,completed,-13
LoadAware,1231,3658959723,203197,203434,237,completed,-13
LoadAware,1232,3658959723,203297,203537,240,completed,-13
LoadAware,1233,3658959723,203397,203640,243,completed,-13
LoadAware,1234,3658959723,203497,203743,246,completed,-13
LoadAware,1235,3658959723,203597,203846,249,completed,-13
LoadAware,1236,3658959723,203697,203948,251,completed,-12
LoadAware,1212,3658959723,203703,204051,348,completed,-12
LoadAware,1237,3658959723,203906,204154,248,completed,-12
LoadAware,1238,3658959723,204006,204257,251,completed,-12
LoadAware,1239,3658959723,204106,204360,254,completed,-12
LoadAware,1240,3658959723,204206,204467,261,completed,-12
LoadAware,1241,3658959723,204306,204570,264,completed,-12
LoadAware,1242,3658959723,204406,204673,267,completed,-12
LoadAware,1243,3658959723,204506,204776,270,completed,-12
LoadAware,1244,3658959723,204606,204879,273,completed,-12
LoadAware,1245,3658959723,204706,205025,319,completed,-12
LoadAware,1246,3658959723,204906,205131,225,completed,-12
LoadAware,1247,3658959723,205006,205234,228,completed,-12
LoadAware,1248,3658959723,205106,205337,231,completed,-12
LoadAware,1249,3658959723,205206,205440,234,completed,-12
LoadAware,1250,3658959723,205306,205543,237,completed,-12
LoadAware,1251,3658959723,205406,205647,241,completed,-12
LoadAware,1252,3658959723,205506,205750,244,completed,-12
LoadAware,1253,3658959723,205606,205853,247,completed,-12
LoadAware,1254,3658959723,205707,206029,322,completed,-13
LoadAware,1255,3658959723,205911,206135,224,completed,-13
LoadAware,1256,3658959723,206011,206238,227,completed,-13
LoadAware,1257,3658959723,206111,206341,230,completed,-13
LoadAware,1258,3658959723,206211,206443,232,completed,-13
LoadAware,1259,3658959723,206311,206546,235,completed,-13
LoadAware,1260,3658959723,206411,206649,238,completed,-13
LoadAware,1261,3658959723,206511,206752,241,completed,-13
LoadAware,1262,3658959723,206611,206855,244,completed,-13
LoadAware,1263,3658959723,206906,207035,129,completed,-13
LoadAware,1264,3658959723,207006,207138,132,completed,-13
LoadAware,1265,3658959723,207106,207241,135,completed,-13
LoadAware,1266,3658959723,207206,207344,138,completed,-13
LoadAware,1267,3658959723,207306,207447,141,completed,-13
LoadAware,1268,3658959723,207406,207550,144,completed,-13
LoadAware,1269,3658959723,207506,207652,146,completed,-13
LoadAware,1270,3658959723,207606,207755,149,completed,-13
LoadAware,1271,3658959723,207706,207858,152,completed,-13
LoadAware,1272,3658959723,207912,208036,124,completed,-14
LoadAware,1273,3658959723,208012,208177,165,completed,-14
LoadAware,1274,3658959723,208112,208280,168,completed,-14
LoadAware,1275,3658959723,208212,208383,171,completed,-14
LoadAware,1276,3658959723,208312,208486,174,completed,-14
LoadAware,1277,3658959723,208412,208589,177,completed,-14
LoadAware,1278,3658959723,208512,208692,180,completed,-14
LoadAware,1279,3658959723,208612,208795,183,completed,-14
LoadAware,1280,3658959723,208712,209030,318,completed,-14
LoadAware,1281,3658959723,208907,209203,296,completed,-14
LoadAware,1282,3658959723,209007,209306,299,completed,-14
LoadAware,1283,3658959723,209107,209409,302,completed,-14
LoadAware,1284,3658959723,209207,209512,305,completed,-14
LoadAware,1285,3658959723,209307,209615,308,completed,-14
LoadAware,1286,3658959723,209407,209717,310,completed,-14
LoadAware,1287,3658959723,209507,209819,312,completed,-14
LoadAware,1288,3658959723,209607,209921,314,completed,-13
LoadAware,1289,3658959723,209707,210022,315,completed,-13
LoadAware,1290,3658959723,209914,210124,210,completed,-13
LoadAware,1291,3658959723,210014,210226,212,completed,-13
LoadAware,1292,3658959723,210114,210328,214,completed,-13
LoadAware,1293,3658959723,210214,210431,217,completed,-13
LoadAware,1294,3658959723,210314,210533,219,completed,-13
LoadAware,1295,3658959723,210414,210639,225,completed,-13
LoadAware,1296,3658959723,210514,210742,228,completed,-13
LoadAware,1297,3658959723,210614,210845,231,completed,-13
LoadAware,1298,3658959723,210714,211032,318,completed,-13
LoadAware,1299,3658959723,210915,211142,227,completed,-13
LoadAware,1300,3658959723,211015,211252,237,completed,-13
LoadAware,1301,3658959723,211115,211355,240,completed,-13
LoadAware,1302,3658959723,211215,211458,243,completed,-13
LoadAware,1303,3658959723,211315,211561,246,completed,-13
LoadAware,1304,3658959723,211415,211663,248,completed,-13
LoadAware,1305,3658959723,211515,211765,250,completed,-13
LoadAware,1306,3658959723,211615,211867,252,completed,-13
LoadAware,1307,3658959723,211715,212037,322,completed,-13
LoadAware,1308,3658959723,211920,212139,219,completed,-13
LoadAware,1309,3658959723,212020,212280,260,completed,-13
LoadAware,1310,3658959723,212120,212383,263,completed,-13
LoadAware,1311,3658959723,212220,212486,266,completed,-13
LoadAware,1312,3658959723,212320,212589,269,completed,-13
LoadAware,1313,3658959723,212420,212692,272,completed,-13
LoadAware,1314,3658959723,212520,212795,275,completed,-13
LoadAware,1315,3658959723,212620,212898,278,completed,-13
LoadAware,1316,3658959723,212914,213040,126,completed,-13
LoadAware,1317,3658959723,213014,213143,129,completed,-13
LoadAware,1318,3658959723,213114,213246,132,completed,-13
LoadAware,1319,3658959723,213214,213349,135,completed,-13
LoadAware,1320,3658959723,213314,213452,138,completed,-13
LoadAware,1321,3658959723,213414,213555,141,completed,-13
LoadAware,1322,3658959723,213514,213658,144,completed,-13
LoadAware,1323,3658959723,213614,213761,147,completed,-13
LoadAware,1324,3658959723,213714,213864,150,completed,-13
LoadAware,1325,3658959723,213918,214045,127,completed,-14
LoadAware,1326,3658959723,214018,214148,130,completed,-14
LoadAware,1327,3658959723,214118,214250,132,completed,-14
LoadAware,1328,3658959723,214218,214353,135,completed,-14
LoadAware,1329,3658959723,214318,214455,137,completed,-14
LoadAware,1330,3658959723,214418,214558,140,completed,-14
LoadAware,1331,3658959723,214518,214661,143,completed,-14
LoadAware,1332,3658959723,214618,214764,146,completed,-14
LoadAware,1333,3658959723,214718,215038,320,completed,-14
LoadAware,1334,3658959723,214918,215142,224,completed,-14
LoadAware,1335,3658959723,215018,215245,227,completed,-14
LoadAware,1336,3658959723,215118,215348,230,completed,-14
LoadAware,1337,3658959723,215218,215450,232,completed,-14
LoadAware,1338,3658959723,215318,215553,235,completed,-14
LoadAware,1339,3658959723,215418,215656,238,completed,-14
LoadAware,1340,3658959723,215518,215759,241,completed,-14
LoadAware,1341,3658959723,215618,215862,244,completed,-14
LoadAware,1342,3658959723,215718,216040,322,completed,-13
LoadAware,1343,3658959723,215922,216142,220,completed,-13
LoadAware,1344,3658959723,216022,216291,269,completed,-13
LoadAware,1345,3658959723,216122,216394,272,completed,-13
LoadAware,1346,3658959723,216222,216497,275,completed,-13
LoadAware,1347,3658959723,216322,216600,278,completed,-13
LoadAware,1348,3658959723,216422,216703,281,completed,-13
LoadAware,1349,3658959723,216522,216806,284,completed,-13
LoadAware,1350,3658959723,216622,216909,287,completed,-13
LoadAware,1351,3658959723,216722,217041,319,completed,-13
LoadAware,1352,3658959723,216925,217144,219,completed,-13
LoadAware,1353,3658959723,219134,219452,318,completed,-13
LoadAware,1354,3658959723,219336,219624,288,completed,-13
LoadAware,1355,3658959723,219436,219733,297,completed,-13
LoadAware,1356,3658959723,219536,219876,340,completed,-13
LoadAware,1357,3658959723,219636,219979,343,completed,-13
LoadAware,1358,3658959723,219736,220082,346,completed,-13
LoadAware,1359,3658959723,219836,220185,349,completed,-13
LoadAware,1360,3658959723,219936,220288,352,completed,-13
LoadAware,1361,3658959723,220036,220390,354,completed,-13
LoadAware,1362,3658959723,220136,220493,357,completed,-13
LoadAware,1363,3658959723,220344,220596,252,completed,-13
LoadAware,1364,3658959723,220444,220699,255,completed,-13
LoadAware,1365,3658959723,220544,220802,258,completed,-13
LoadAware,1366,3658959723,220644,220905,261,completed,-13
LoadAware,1367,3658959723,220744,221008,264,completed,-13
LoadAware,1368,3658959723,220844,221111,267,completed,-13
LoadAware,1369,3658959723,220944,221213,269,completed,-13
LoadAware,1370,3658959723,221044,221316,272,completed,-13
LoadAware,1371,3658959723,221347,221474,127,completed,-13
LoadAware,1372,3658959723,221447,221577,130,completed,-13
LoadAware,1373,3658959723,221547,221680,133,completed,-13
LoadAware,1374,3658959723,221647,221783,136,completed,-13
LoadAware,1375,3658959723,221747,221885,138,completed,-13
LoadAware,1376,3658959723,221847,221987,140,completed,-12
LoadAware,1377,3658959723,221947,222089,142,completed,-12
LoadAware,1378,3658959723,222047,222192,145,completed,-12
LoadAware,1379,3658959723,222341,222466,125,completed,-12
LoadAware,1380,3658959723,222441,222569,128,completed,-12
LoadAware,1381,3658959723,222541,222672,131,completed,-12
LoadAware,1382,3658959723,222641,222775,134,completed,-12
LoadAware,1383,3658959723,222741,222878,137,completed,-12
LoadAware,1384,3658959723,222841,222981,140,completed,-12
LoadAware,1385,3658959723,222941,223084,143,completed,-12
LoadAware,1386,3658959723,223041,223187,146,completed,-12
LoadAware,1387,3658959723,223141,223458,317,completed,-12
LoadAware,1388,3658959723,223342,223561,219,completed,-12
LoadAware,1389,3658959723,223442,223667,225,completed,-12
LoadAware,1390,3658959723,223542,223770,228,completed,-12
LoadAware,1391,3658959723,223642,223873,231,completed,-12
LoadAware,1392,3658959723,223742,223976,234,completed,-12
LoadAware,1393,3658959723,223842,224079,237,completed,-12
LoadAware,1394,3658959723,223942,224182,240,completed,-12
LoadAware,1395,3658959723,224042,224284,242,completed,-12
LoadAware,1396,3658959723,224142,224459,317,completed,-12
LoadAware,1397,3658959723,224347,224562,215,completed,-12
LoadAware,1398,3658959723,224449,224665,216,completed,-12
LoadAware,1399,3658959723,224549,224768,219,completed,-12
LoadAware,1400,3658959723,224649,224870,221,completed,-12
LoadAware,1401,3658959723,224749,224990,241,completed,-12
LoadAware,1402,3658959723,224849,225093,244,completed,-12
LoadAware,1403,3658959723,224949,225196,247,completed,-12
LoadAware,1404,3658959723,225049,225299,250,completed,-12
LoadAware,1405,3658959723,225342,225469,127,completed,-12
LoadAware,1406,3658959723,225442,225572,130,completed,-12
LoadAware,1407,3658959723,225542,225675,133,completed,-12
LoadAware,1408,3658959723,225642,225777,135,completed,-12
LoadAware,1409,3658959723,225742,225880,138,completed,-12
LoadAware,1410,3658959723,225842,225983,141,completed,-11
LoadAware,1411,3658959723,225942,226085,143,completed,-11
LoadAware,1412,3658959723,226042,226188,146,completed,-11
LoadAware,1413,3658959723,226142,226291,149,completed,-11
LoadAware,1414,3658959723,226350,226475,125,completed,-11
LoadAware,1415,3658959723,226450,226578,128,completed,-11
LoadAware,1416,3658959723,226550,226681,131,completed,-11
LoadAware,1417,3658959723,226650,226784,134,completed,-11
LoadAware,1418,3658959723,226750,226887,137,completed,-11
LoadAware,1419,3658959723,226850,226990,140,completed,-11
LoadAware,1420,3658959723,226950,227093,143,completed,-11
LoadAware,1421,3658959723,227050,227196,146,completed,-11
LoadAware,1422,3658959723,227351,227499,148,completed,-11
LoadAware,1423,3658959723,227451,227602,151,completed,-11
LoadAware,1424,3658959723,227551,227705,154,completed,-11
LoadAware,1425,3658959723,227651,227808,157,completed,-11
LoadAware,1426,3658959723,227751,227911,160,completed,-11
LoadAware,1427,3658959723,227851,228014,163,completed,-13
LoadAware,1428,3658959723,227951,228117,166,completed,-13
LoadAware,1429,3658959723,228051,228220,169,completed,-13
LoadAware,1430,3037662008,228355,228479,124,completed,-23
LoadAware,1431,3037662008,228455,228581,126,completed,-23
LoadAware,1432,3037662008,228555,228684,129,completed,-23
LoadAware,1433,3037662008,228655,228786,131,completed,-23
LoadAware,1434,3037662008,228755,228889,134,completed,-23
LoadAware,1435,3037662008,228855,228992,137,completed,-23
LoadAware,1436,3037662008,228955,229095,140,completed,-23
LoadAware,1437,3037662008,229055,229198,143,completed,-23
LoadAware,1438,3037662008,229355,229475,120,completed,-23
LoadAware,1439,3037662008,229455,229578,123,completed,-23
LoadAware,1440,3037662008,229555,229681,126,completed,-23
LoadAware,1441,3037662008,229655,229784,129,completed,-23
LoadAware,1442,3037662008,229755,229888,133,completed,-26
LoadAware,1443,3037662008,229855,229990,135,completed,-26
LoadAware,1444,3658959723,229955,230079,124,completed,-12
LoadAware,1445,3658959723,230055,230182,127,completed,-12
LoadAware,1446,3658959723,230343,230469,126,completed,-12
LoadAware,1447,3658959723,230443,230579,136,completed,-12
LoadAware,1448,3658959723,230543,230682,139,completed,-12
LoadAware,1449,3658959723,230643,230785,142,completed,-12
LoadAware,1450,3658959723,230743,230888,145,completed,-12
LoadAware,1451,3658959723,230843,230991,148,completed,-12
LoadAware,1452,3658959723,230943,231094,151,completed,-12
LoadAware,1453,3658959723,231043,231197,154,completed,-12
LoadAware,1454,3658959723,231144,231675,531,completed,-12
LoadAware,1455,3658959723,231357,231778,421,completed,-12
LoadAware,1456,3658959723,231457,231881,424,completed,-12
LoadAware,1457,3658959723,231557,231984,427,completed,-13
LoadAware,1461,3037662008,231957,232061,104,completed,-26
LoadAware,1462,3037662008,232057,232170,113,completed,-26
LoadAware,1458,3658959723,231657,232087,430,completed,-13
LoadAware,1463,3037662008,232362,232468,106,completed,-26
LoadAware,1464,3037662008,232462,232577,115,completed,-26
LoadAware,1459,3658959723,231757,232189,432,completed,-13
LoadAware,1460,3658959723,231857,232291,434,completed,-13
LoadAware,1465,3037662008,232562,232687,125,completed,-26
LoadAware,1466,3037662008,232662,232790,128,completed,-26
LoadAware,1467,3037662008,232762,232893,131,completed,-26
LoadAware,1468,3037662008,232862,232996,134,completed,-26
LoadAware,1469,3037662008,232962,233099,137,completed,-26
LoadAware,1470,3037662008,233062,233202,140,completed,-26
LoadAware,1471,3037662008,233360,233466,106,completed,-26
LoadAware,1472,3037662008,233460,233569,109,completed,-26
LoadAware,1473,3037662008,233560,233671,111,completed,-26
LoadAware,1474,3037662008,233660,233774,114,completed,-26
LoadAware,1475,3037662008,233760,233877,117,completed,-26
LoadAware,1476,3037662008,233860,233980,120,completed,-26
LoadAware,1477,3037662008,233960,234082,122,completed,-26
LoadAware,1478,3037662008,234060,234185,125,completed,-26
LoadAware,1479,3037662008,234358,234465,107,completed,-26
LoadAware,1480,3037662008,236566,236867,301,completed,-24
LoadAware,1481,3037662008,236766,237332,566,completed,-24
LoadAware,1482,3037662008,236866,237435,569,completed,-24
LoadAware,1483,3037662008,236966,237538,572,completed,-24
LoadAware,1484,3037662008,237066,237641,575,completed,-24
LoadAware,1485,3037662008,237166,237744,578,completed,-24
LoadAware,1486,3037662008,237266,237846,580,completed,-24
LoadAware,1487,3037662008,237366,237949,583,completed,-28
LoadAware,1488,3037662008,237466,238052,586,completed,-28
LoadAware,1492,3658959723,237970,238095,125,completed,-12
LoadAware,1493,3658959723,238070,238198,128,completed,-12
LoadAware,1494,3658959723,238170,238301,131,completed,-12
LoadAware,1489,3037662008,237566,238155,589,completed,-28
LoadAware,1490,3037662008,237770,238257,487,completed,-28
LoadAware,1495,3658959723,238270,238404,134,completed,-12
LoadAware,1496,3658959723,238370,238507,137,completed,-12
LoadAware,1491,3037662008,237870,238359,489,completed,-28
LoadAware,1497,3658959723,238470,238610,140,completed,-12
LoadAware,1498,3658959723,238570,238888,318,completed,-12
LoadAware,1499,3658959723,238772,239005,233,completed,-12
LoadAware,1500,3658959723,238872,239108,236,completed,-12
LoadAware,1501,3658959723,238972,239211,239,completed,-12
LoadAware,1502,3658959723,239072,239314,242,completed,-12
LoadAware,1503,3658959723,239172,239416,244,completed,-12
LoadAware,1504,3658959723,239272,239519,247,completed,-12
LoadAware,1505,3658959723,239372,239622,250,completed,-12
LoadAware,1506,3658959723,239472,239724,252,completed,-12
LoadAware,1507,3658959723,239572,239891,319,completed,-12
LoadAware,1510,3037662008,239968,240074,106,completed,-27
LoadAware,1511,3037662008,240068,240177,109,completed,-27
LoadAware,1512,3037662008,240168,240280,112,completed,-27
LoadAware,1508,3658959723,239768,240051,283,completed,-12
LoadAware,1513,3037662008,240268,240383,115,completed,-27
LoadAware,1514,3037662008,240368,240486,118,completed,-27
LoadAware,1509,3658959723,239868,240153,285,completed,-12
LoadAware,1515,3037662008,240468,240589,121,completed,-27
LoadAware,1516,3037662008,240570,240692,122,completed,-27
LoadAware,1517,3037662008,240775,240893,118,completed,-27
LoadAware,1518,3037662008,240875,240996,121,completed,-27
LoadAware,1519,3037662008,240975,241099,124,completed,-27
LoadAware,1520,3037662008,241075,241202,127,completed,-27
LoadAware,1521,3037662008,241175,241305,130,completed,-27
LoadAware,1522,3037662008,241275,241408,133,completed,-27
LoadAware,1523,3037662008,241375,241511,136,completed,-27
LoadAware,1524,3037662008,241475,241614,139,completed,-27
LoadAware,1525,3037662008,241575,241875,300,completed,-27
LoadAware,1526,3037662008,241771,241978,207,completed,-30
LoadAware,1528,3658959723,241971,242094,123,completed,-11
LoadAware,1527,3037662008,241871,242081,210,completed,-30
LoadAware,1529,3658959723,242071,242203,132,completed,-11
LoadAware,1530,3658959723,242171,242313,142,completed,-11
LoadAware,1531,3658959723,242271,242416,145,completed,-11
LoadAware,1532,3658959723,242371,242519,148,completed,-11
LoadAware,1533,3658959723,242471,242621,150,completed,-11
LoadAware,1534,3658959723,242571,242724,153,completed,-11
LoadAware,1535,3658959723,242775,242906,131,completed,-11
LoadAware,1536,3658959723,242875,243015,140,completed,-11
LoadAware,1537,3658959723,242975,243118,143,completed,-11
LoadAware,1538,3658959723,243075,243220,145,completed,-11
LoadAware,1539,3658959723,243175,243323,148,completed,-11
LoadAware,1540,3658959723,243275,243426,151,completed,-11
LoadAware,1541,3658959723,243375,243529,154,completed,-11
LoadAware,1542,3658959723,243475,243632,157,completed,-11
LoadAware,1543,3658959723,243575,243735,160,completed,-11
LoadAware,1544,3658959723,243775,243904,129,completed,-11
LoadAware,1546,3037662008,243975,244081,106,completed,-24
LoadAware,1547,3037662008,244075,244184,109,completed,-24
LoadAware,1548,3037662008,244175,244286,111,completed,-24
LoadAware,1545,3658959723,243875,244006,131,completed,-12
LoadAware,1549,3037662008,244275,244389,114,completed,-24
LoadAware,1550,3037662008,244375,244492,117,completed,-24
LoadAware,1551,3037662008,244475,244594,119,completed,-24
LoadAware,1552,3037662008,244577,244876,299,completed,-24
LoadAware,1553,3037662008,244779,244985,206,completed,-24
LoadAware,1554,3037662008,244879,245088,209,completed,-24
LoadAware,1555,3037662008,244979,245191,212,completed,-24
LoadAware,1556,3037662008,245079,245294,215,completed,-24
LoadAware,1557,3037662008,245179,245397,218,completed,-24
LoadAware,1558,3037662008,245279,245500,221,completed,-24
LoadAware,1559,3037662008,245379,245603,224,completed,-24
LoadAware,1560,3037662008,245479,245706,227,completed,-24
LoadAware,1561,3037662008,245579,245878,299,completed,-24
LoadAware,1562,3037662008,245780,245981,201,completed,-31
LoadAware,1563,3037662008,245880,246084,204,completed,-31
LoadAware,1564,3658959723,245980,246103,123,completed,-11
LoadAware,1565,3658959723,246080,246206,126,completed,-11
LoadAware,1566,3658959723,246180,246308,128,completed,-11
LoadAware,1567,3658959723,246280,246411,131,completed,-11
LoadAware,1568,3658959723,246380,246514,134,completed,-11
LoadAware,1569,3658959723,246480,246617,137,completed,-11
LoadAware,1570,3658959723,246580,246899,319,completed,-11
LoadAware,1571,3658959723,246783,247002,219,completed,-11
LoadAware,1572,3658959723,246883,247104,221,completed,-11
LoadAware,1573,3658959723,246983,247207,224,completed,-11
LoadAware,1574,3658959723,247083,247310,227,completed,-11
LoadAware,1575,3658959723,247183,247413,230,completed,-11
LoadAware,1576,3658959723,247283,247516,233,completed,-11
LoadAware,1577,3658959723,247383,247619,236,completed,-11
LoadAware,1578,3658959723,247483,247722,239,completed,-11
LoadAware,1579,3658959723,247583,247903,320,completed,-11
LoadAware,1580,3658959723,247783,248006,223,completed,-13
LoadAware,1582,3037662008,247983,248088,105,completed,-31
LoadAware,1583,3037662008,248083,248206,123,completed,-31
LoadAware,1584,3037662008,248183,248308,125,completed,-31
LoadAware,1581,3658959723,247883,248108,225,completed,-13
LoadAware,1585,3037662008,248283,248411,128,completed,-31
LoadAware,1586,3037662008,248384,248524,140,completed,-31
LoadAware,1587,3037662008,248484,248626,142,completed,-31
LoadAware,1588,3037662008,248588,248896,308,completed,-31
LoadAware,1589,3037662008,248790,249005,215,completed,-31
LoadAware,1590,3037662008,248890,249114,224,completed,-31
LoadAware,1591,3037662008,248990,249217,227,completed,-31
LoadAware,1592,3037662008,249090,249320,230,completed,-31
LoadAware,1593,3037662008,249190,249422,232,completed,-31
LoadAware,1594,3037662008,249290,249524,234,completed,-31
LoadAware,1595,3037662008,249390,249627,237,completed,-31
LoadAware,1596,3037662008,249490,249730,240,completed,-31
LoadAware,1597,3037662008,249590,249890,300,completed,-31
LoadAware,1598,3037662008,249793,249993,200,completed,-30
LoadAware,1599,3037662008,249893,250101,208,completed,-30
LoadAware,1600,3037662008,249993,250204,211,completed,-30
LoadAware,1601,3037662008,250093,250307,214,completed,-30
LoadAware,1602,3037662008,250193,250410,217,completed,-30
LoadAware,1603,3037662008,250293,250513,220,completed,-30
LoadAware,1604,3037662008,250393,250616,223,completed,-30
LoadAware,1605,3037662008,250493,250719,226,completed,-30
LoadAware,1606,3037662008,250593,250893,300,completed,-30
LoadAware,1607,3037662008,250794,250999,205,completed,-30
LoadAware,1608,3037662008,250894,251102,208,completed,-30
LoadAware,1609,3037662008,250994,251204,210,completed,-30
LoadAware,1610,3037662008,251094,251307,213,completed,-30
LoadAware,1611,3037662008,251194,251410,216,completed,-30
LoadAware,1612,3037662008,251294,251513,219,completed,-30
LoadAware,1613,3037662008,251394,251616,222,completed,-30
LoadAware,1614,3037662008,251494,251719,225,completed,-30
LoadAware,1615,3037662008,251594,251895,301,completed,-30
LoadAware,1616,3037662008,251797,254094,2297,completed,-31
LoadAware,1617,3037662008,254008,254308,300,completed,-31
LoadAware,1618,3037662008,254209,254678,469,completed,-31
LoadAware,1619,3037662008,254309,254780,471,completed,-31
LoadAware,1620,3037662008,254409,254952,543,completed,-31
LoadAware,1621,3037662008,254509,255307,798,completed,-31
LoadAware,1622,3037662008,254609,255501,892,completed,-31
LoadAware,1623,3037662008,254709,255779,1070,completed,-31
LoadAware,1624,3037662008,254809,255881,1072,completed,-31
LoadAware,1625,3037662008,254909,256053,1144,completed,-28
LoadAware,1626,3037662008,255009,256327,1318,completed,-28
LoadAware,1627,3037662008,255206,256606,1400,completed,-28
LoadAware,1628,3037662008,255306,256707,1401,completed,-28
LoadAware,1629,3037662008,255406,256808,1402,completed,-28
LoadAware,1630,3037662008,255506,256911,1405,completed,-28
LoadAware,1631,3037662008,255606,257014,1408,completed,-28
LoadAware,1632,3037662008,255706,257117,1411,completed,-28
LoadAware,1633,3037662008,255806,257219,1413,completed,-28
LoadAware,1634,3037662008,255906,257322,1416,completed,-28
LoadAware,1635,3037662008,256006,257425,1419,completed,-28
LoadAware,1636,3037662008,256206,257528,1322,completed,-28
LoadAware,1637,3037662008,256306,257631,1325,completed,-28
LoadAware,1638,3037662008,256406,257733,1327,completed,-28
LoadAware,1639,3037662008,256507,257836,1329,completed,-28
LoadAware,1640,3037662008,256608,257939,1331,completed,-34
LoadAware,1641,3037662008,256708,258042,1334,completed,-34
LoadAware,1653,3658959723,258014,258336,322,completed,-11
LoadAware,1654,3658959723,258215,258445,230,completed,-11
LoadAware,1642,3037662008,256808,258145,1337,completed,-34
LoadAware,1655,3658959723,258315,258548,233,completed,-11
LoadAware,1656,3658959723,258415,258651,236,completed,-11
LoadAware,1657,3658959723,258515,258753,238,completed,-11
LoadAware,1643,3037662008,256908,258247,1339,completed,-34
LoadAware,1658,3658959723,258615,258856,241,completed,-11
LoadAware,1659,3658959723,258715,258958,243,completed,-11
LoadAware,1644,3037662008,257008,258349,1341,completed,-34
LoadAware,1660,3658959723,258815,259061,246,completed,-11
LoadAware,1645,3037662008,257213,258451,1238,completed,-34
LoadAware,1661,3658959723,258915,259164,249,completed,-11
LoadAware,1646,3037662008,257313,258553,1240,completed,-34
LoadAware,1662,3658959723,259015,259342,327,completed,-11
LoadAware,1663,3658959723,259220,259445,225,completed,-11
LoadAware,1664,3658959723,259320,259548,228,completed,-11
LoadAware,1647,3037662008,257413,258655,1242,completed,-34
LoadAware,1665,3658959723,259420,259651,231,completed,-11
LoadAware,1666,3658959723,259520,259754,234,completed,-11
LoadAware,1648,3037662008,257513,258757,1244,completed,-34
LoadAware,1667,3658959723,259620,259857,237,completed,-11
LoadAware,1668,3658959723,259720,259960,240,completed,-12
LoadAware,1649,3037662008,257613,258859,1246,completed,-34
LoadAware,1669,3658959723,259820,260061,241,completed,-12
LoadAware,1650,3037662008,257713,258960,1247,completed,-34
LoadAware,1651,3037662008,257813,259061,1248,completed,-34
LoadAware,1670,3658959723,259920,260163,243,completed,-12
LoadAware,1671,3658959723,260025,260370,345,completed,-12
LoadAware,1672,3658959723,260230,260473,243,completed,-12
LoadAware,1652,3037662008,257913,259163,1250,completed,-34
LoadAware,1673,3658959723,260330,260576,246,completed,-12
LoadAware,1674,3658959723,260430,260679,249,completed,-12
LoadAware,1675,3658959723,260530,260782,252,completed,-12
LoadAware,1678,3037662008,260830,260935,105,completed,-32
LoadAware,1679,3037662008,260930,261038,108,completed,-32
LoadAware,1676,3658959723,260630,260885,255,completed,-12
LoadAware,1680,3037662008,261229,261337,108,completed,-32
LoadAware,1681,3037662008,261329,261450,121,completed,-32
LoadAware,1677,3658959723,260730,260987,257,completed,-12
LoadAware,1682,3037662008,261429,261552,123,completed,-32
LoadAware,1683,3037662008,261529,261655,126,completed,-32
LoadAware,1684,3037662008,261629,261758,129,completed,-32
LoadAware,1685,3037662008,261729,261861,132,completed,-32
LoadAware,1686,3037662008,261829,261963,134,completed,-37
LoadAware,1687,3037662008,261929,262065,136,completed,-37
LoadAware,1688,3037662008,262029,262339,310,completed,-37
LoadAware,1689,3037662008,262230,262442,212,completed,-37
LoadAware,1690,3037662008,262330,262544,214,completed,-37
LoadAware,1691,3037662008,262430,262647,217,completed,-37
LoadAware,1692,3037662008,262530,262750,220,completed,-37
LoadAware,1693,3037662008,262630,262852,222,completed,-37
LoadAware,1694,3037662008,262730,262955,225,completed,-37
LoadAware,1695,3037662008,262830,263058,228,completed,-37
LoadAware,1696,3037662008,262930,263159,229,completed,-37
LoadAware,1697,3037662008,263030,263331,301,completed,-37
LoadAware,1698,3037662008,263225,263434,209,completed,-37
LoadAware,1699,3037662008,263325,263536,211,completed,-37
LoadAware,1700,3037662008,263425,263638,213,completed,-37
LoadAware,1701,3037662008,263525,263740,215,completed,-37
LoadAware,1702,3037662008,263625,263843,218,completed,-37
LoadAware,1703,3037662008,263725,263946,221,completed,-35
LoadAware,1705,3658959723,263925,264048,123,completed,-12
LoadAware,1704,3037662008,263825,264048,223,completed,-35
LoadAware,1706,3658959723,264026,264500,474,completed,-12
LoadAware,1707,3658959723,264233,264603,370,completed,-12
LoadAware,1708,3658959723,264333,264706,373,completed,-12
LoadAware,1709,3658959723,264433,264809,376,completed,-12
LoadAware,1710,3658959723,264533,264912,379,completed,-12
LoadAware,1711,3658959723,264633,265015,382,completed,-12
LoadAware,1712,3658959723,264733,265118,385,completed,-12
LoadAware,1713,3658959723,264833,265219,386,completed,-12
LoadAware,1714,3658959723,264933,265320,387,completed,-12
LoadAware,1715,3658959723,265033,265423,390,completed,-12
LoadAware,1716,3658959723,265229,265526,297,completed,-12
LoadAware,1717,3658959723,265329,265629,300,completed,-12
LoadAware,1718,3658959723,265429,265732,303,completed,-12
LoadAware,1719,3658959723,265529,265835,306,completed,-12
LoadAware,1720,3658959723,265629,265938,309,completed,-13
LoadAware,1721,3658959723,265729,266040,311,completed,-13
LoadAware,1723,3037662008,265929,266034,105,completed,-32
LoadAware,1722,3658959723,265829,266146,317,completed,-13
LoadAware,1724,3037662008,266031,266476,445,completed,-32
LoadAware,1725,3037662008,266233,266601,368,completed,-32
LoadAware,1726,3037662008,266333,266711,378,completed,-32
LoadAware,1727,3037662008,266433,266814,381,completed,-32
LoadAware,1728,3037662008,266533,266917,384,completed,-32
LoadAware,1729,3037662008,266633,267020,387,completed,-32
LoadAware,1730,3037662008,266733,267123,390,completed,-32
LoadAware,1731,3037662008,266833,267226,393,completed,-32
LoadAware,1732,3037662008,266933,267328,395,completed,-32
LoadAware,1733,3037662008,267033,267431,398,completed,-32
LoadAware,1734,3037662008,267234,267534,300,completed,-32
LoadAware,1735,3037662008,267334,267640,306,completed,-32
LoadAware,1736,3037662008,267434,267742,308,completed,-32
LoadAware,1737,3037662008,267534,267845,311,completed,-32
LoadAware,1738,3037662008,267634,267948,314,completed,-36
LoadAware,1739,3037662008,267734,268051,317,completed,-36
LoadAware,1740,3037662008,267834,268154,320,completed,-36
LoadAware,1741,3037662008,267934,268256,322,completed,-36
LoadAware,1742,3658959723,268034,271548,3514,completed,-12
LoadAware,1753,3037662008,271436,271738,302,completed,-32
LoadAware,1743,3658959723,268235,271764,3529,completed,-12
LoadAware,1754,3037662008,271642,271849,207,completed,-32
LoadAware,1744,3658959723,268335,271867,3532,completed,-12
LoadAware,1745,3658959723,268435,271970,3535,completed,-13
LoadAware,1755,3037662008,271742,271960,218,completed,-33
LoadAware,1746,3658959723,268535,272072,3537,completed,-13
LoadAware,1756,3037662008,271842,272063,221,completed,-33
LoadAware,1747,3658959723,268635,272175,3540,completed,-13
LoadAware,1757,3037662008,271942,272166,224,completed,-33
LoadAware,1748,3658959723,268735,272278,3543,completed,-13
LoadAware,1758,3037662008,272042,272269,227,completed,-33
LoadAware,1749,3658959723,268835,272381,3546,completed,-13
LoadAware,1759,3037662008,272142,272372,230,completed,-33
LoadAware,1760,3037662008,272242,272474,232,completed,-33
LoadAware,1750,3658959723,268935,272484,3549,completed,-13
LoadAware,1761,3037662008,272342,272577,235,completed,-33
LoadAware,1751,3658959723,269035,272587,3552,completed,-13
LoadAware,1762,3037662008,272639,272754,115,completed,-33
LoadAware,1763,3037662008,272739,272857,118,completed,-33
LoadAware,1752,3658959723,269232,272688,3456,completed,-13
LoadAware,1764,3037662008,272839,272960,121,completed,-33
LoadAware,1765,3037662008,272939,273063,124,completed,-33
LoadAware,1766,3037662008,273039,273166,127,completed,-33
LoadAware,1767,3037662008,273139,273268,129,completed,-33
LoadAware,1768,3037662008,273239,273371,132,completed,-33
LoadAware,1769,3037662008,273339,273474,135,completed,-33
LoadAware,1770,3037662008,273439,273742,303,completed,-33
LoadAware,1771,3037662008,273637,273845,208,completed,-33
LoadAware,1774,3658959723,273937,274061,124,completed,-12
LoadAware,1772,3037662008,273737,273948,211,completed,-36
LoadAware,1775,3658959723,274037,274164,127,completed,-12
LoadAware,1776,3658959723,274137,274277,140,completed,-12
LoadAware,1777,3658959723,274237,274380,143,completed,-12
LoadAware,1773,3037662008,273837,274049,212,completed,-36
LoadAware,1778,3658959723,274337,274483,146,completed,-12
LoadAware,1779,3658959723,274437,274585,148,completed,-12
LoadAware,1780,3658959723,274641,274766,125,completed,-12
LoadAware,1781,3658959723,274741,274875,134,completed,-12
LoadAware,1782,3658959723,274841,274978,137,completed,-12
LoadAware,1783,3658959723,274941,275081,140,completed,-12
LoadAware,1784,3658959723,275041,275184,143,completed,-12
LoadAware,1785,3658959723,275141,275287,146,completed,-12
LoadAware,1786,3658959723,275241,275391,150,completed,-12
LoadAware,1787,3658959723,275341,275494,153,completed,-12
LoadAware,1788,3658959723,275441,275791,350,completed,-12
LoadAware,1789,3658959723,275638,276001,363,completed,-13
LoadAware,1792,3037662008,275938,276044,106,completed,-32
LoadAware,1790,3658959723,275738,276104,366,completed,-13
LoadAware,1793,3037662008,276038,276147,109,completed,-32
LoadAware,1791,3658959723,275838,276207,369,completed,-13
LoadAware,1794,3037662008,276138,276250,112,completed,-32
LoadAware,1795,3037662008,276238,276353,115,completed,-32
LoadAware,1796,3037662008,276338,276456,118,completed,-32
LoadAware,1797,3037662008,276438,276559,121,completed,-32
LoadAware,1798,3037662008,276641,276749,108,completed,-32
LoadAware,1799,3037662008,276741,276851,110,completed,-32
LoadAware,1800,3037662008,276841,276954,113,completed,-32
LoadAware,1801,3037662008,276941,277057,116,completed,-32
LoadAware,1802,3037662008,277041,277160,119,completed,-32
LoadAware,1803,3037662008,277141,277263,122,completed,-32
LoadAware,1804,3037662008,277241,277366,125,completed,-32
LoadAware,1805,3037662008,277345,277469,124,completed,-32
LoadAware,1806,3037662008,277639,277902,263,completed,-32
LoadAware,1807,3037662008,277739,278005,266,completed,-37
LoadAware,1809,3658959723,277939,278077,138,completed,-12
LoadAware,1810,3658959723,278041,278180,139,completed,-12
LoadAware,1808,3037662008,277839,278108,269,completed,-37
LoadAware,1811,3658959723,278141,278283,142,completed,-12
LoadAware,1812,3658959723,278241,278386,145,completed,-12
LoadAware,1813,3658959723,278341,278489,148,completed,-12
LoadAware,1814,3658959723,278441,278592,151,completed,-12
LoadAware,1815,3658959723,278645,278769,124,completed,-12
LoadAware,1816,3658959723,278745,278877,132,completed,-12
LoadAware,1817,3658959723,278845,279036,191,completed,-12
LoadAware,1818,3658959723,278945,279145,200,completed,-12
LoadAware,1819,3658959723,279045,279255,210,completed,-12
LoadAware,1820,3658959723,279145,279358,213,completed,-12
LoadAware,1821,3658959723,279245,279461,216,completed,-12
LoadAware,1822,3658959723,279355,279564,209,completed,-12
LoadAware,1823,3658959723,279650,279778,128,completed,-12
LoadAware,1824,3658959723,279750,279881,131,completed,-12
LoadAware,1826,3037662008,279950,280055,105,completed,-29
LoadAware,1827,3037662008,280050,280165,115,completed,-29
LoadAware,1825,3658959723,279850,279983,133,completed,-12
LoadAware,1828,3037662008,280150,280268,118,completed,-29
LoadAware,1829,3037662008,280250,280371,121,completed,-29
LoadAware,1830,3037662008,280350,280474,124,completed,-29
LoadAware,1831,3037662008,280450,280577,127,completed,-29
LoadAware,1832,3037662008,280651,280760,109,completed,-29
LoadAware,1833,3037662008,280751,280862,111,completed,-29
LoadAware,1834,3037662008,280851,280964,113,completed,-29
LoadAware,1835,3037662008,280951,281067,116,completed,-29
LoadAware,1836,3037662008,281051,281170,119,completed,-29
LoadAware,1837,3037662008,281151,281273,122,completed,-29
LoadAware,1838,3037662008,281251,281376,125,completed,-29
LoadAware,1839,3037662008,281351,281479,128,completed,-29
LoadAware,1840,3037662008,281451,281751,300,completed,-29
LoadAware,1841,3037662008,281652,281861,209,completed,-29
LoadAware,1842,3037662008,281752,281964,212,completed,-31
LoadAware,1844,3658959723,281952,282076,124,completed,-12
LoadAware,1843,3037662008,281852,282067,215,completed,-31
LoadAware,1845,3658959723,282052,282185,133,completed,-12
LoadAware,1846,3658959723,282152,282288,136,completed,-12
LoadAware,1847,3658959723,282252,282391,139,completed,-12
LoadAware,1848,3658959723,282352,282494,142,completed,-12
LoadAware,1849,3658959723,282452,282597,145,completed,-12
LoadAware,1850,3658959723,282652,282781,129,completed,-12
LoadAware,1851,3658959723,282752,282884,132,completed,-12
LoadAware,1852,3658959723,282852,282987,135,completed,-12
LoadAware,1853,3658959723,282952,283090,138,completed,-12
LoadAware,1854,3658959723,283052,283193,141,completed,-12
LoadAware,1855,3658959723,283152,283296,144,completed,-12
LoadAware,1856,3658959723,283252,283399,147,completed,-12
LoadAware,1857,3658959723,283352,283502,150,completed,-12
LoadAware,1858,3658959723,283452,283771,319,completed,-12
LoadAware,1859,3658959723,283654,283881,227,completed,-12
LoadAware,1862,3037662008,283954,284059,105,completed,-33
LoadAware,1860,3658959723,283754,283984,230,completed,-13
LoadAware,1863,3037662008,284054,284168,114,completed,-33
LoadAware,1864,3037662008,284154,284271,117,completed,-33
LoadAware,1865,3037662008,284254,284374,120,completed,-33
LoadAware,1861,3658959723,283854,284085,231,completed,-13
LoadAware,1866,3037662008,284354,284480,126,completed,-33
LoadAware,1867,3037662008,284454,284583,129,completed,-33
LoadAware,1868,3037662008,284654,284763,109,completed,-33
LoadAware,1869,3037662008,284754,284866,112,completed,-33
LoadAware,1870,3037662008,284854,284968,114,completed,-33
LoadAware,1871,3037662008,284954,285070,116,completed,-33
LoadAware,1872,3037662008,285054,285173,119,completed,-33
LoadAware,1873,3037662008,285154,285275,121,completed,-33
LoadAware,1874,3037662008,285254,285378,124,completed,-33
LoadAware,1875,3037662008,285354,285481,127,completed,-33
LoadAware,1876,3037662008,285454,285757,303,completed,-33
LoadAware,1877,3037662008,285656,285863,207,completed,-33
LoadAware,1878,3037662008,285756,285966,210,completed,-37
LoadAware,1880,3658959723,285956,286080,124,completed,-11
LoadAware,1881,3658959723,286056,286189,133,completed,-11
LoadAware,1879,3037662008,285856,286069,213,completed,-37
LoadAware,1882,3658959723,286156,286292,136,completed,-11
LoadAware,1883,3658959723,286256,286395,139,completed,-11
LoadAware,1884,3658959723,286356,286498,142,completed,-11
LoadAware,1885,3658959723,286456,286600,144,completed,-11
LoadAware,SUMMARY,ALL,0,0,122039,batch_complete,0
----------------,---,---,---,---,---,----------------,---
LoadAware,1886,3658959723,286660,286792,132,completed,-11
LoadAware,1887,3037662008,308568,308875,307,completed,-28
LoadAware,1888,3037662008,308668,308984,316,completed,-28
LoadAware,1889,3037662008,308768,309087,319,completed,-28
LoadAware,1890,3037662008,308868,309190,322,completed,-28
LoadAware,1891,3037662008,308968,309293,325,completed,-28
LoadAware,1892,3037662008,309068,309396,328,completed,-28
LoadAware,1893,3037662008,309168,309498,330,completed,-28
LoadAware,1894,3037662008,309268,309601,333,completed,-28
LoadAware,1895,3037662008,309489,309704,215,completed,-28
LoadAware,1896,3037662008,309589,309807,218,completed,-28
LoadAware,1897,3037662008,309689,309910,221,completed,-28
LoadAware,1898,3037662008,309789,310013,224,completed,-30
LoadAware,1899,3037662008,309889,310115,226,completed,-30
LoadAware,1901,3658959723,310089,310214,125,completed,-11
LoadAware,1900,3037662008,309989,310218,229,completed,-30
LoadAware,1902,3658959723,310189,310317,128,completed,-11
LoadAware,1903,3658959723,310492,310616,124,completed,-11
LoadAware,1904,3658959723,310592,310725,133,completed,-11
LoadAware,1905,3658959723,310692,310835,143,completed,-11
LoadAware,1906,3658959723,310792,310938,146,completed,-11
LoadAware,1907,3658959723,310892,311041,149,completed,-11
LoadAware,1908,3658959723,310992,311144,152,completed,-11
LoadAware,1909,3658959723,311092,311247,155,completed,-11
LoadAware,1910,3658959723,311192,311350,158,completed,-11
LoadAware,1911,3658959723,311486,311613,127,completed,-11
LoadAware,1912,3658959723,311586,311716,130,completed,-11
LoadAware,1913,3658959723,311686,311819,133,completed,-11
LoadAware,1914,3658959723,311786,311922,136,completed,-11
LoadAware,1915,3658959723,311886,312025,139,completed,-14
LoadAware,1916,3037662008,311986,312091,105,completed,-29
LoadAware,1917,3037662008,312086,312203,117,completed,-29
LoadAware,1918,3037662008,312186,312306,120,completed,-29
LoadAware,1919,3037662008,312286,312595,309,completed,-29
LoadAware,1920,3037662008,312493,312703,210,completed,-29
LoadAware,1921,3037662008,312593,312806,213,completed,-29
LoadAware,1922,3037662008,312693,312908,215,completed,-29
LoadAware,1923,3037662008,312793,313011,218,completed,-29
LoadAware,1924,3037662008,312893,313114,221,completed,-29
LoadAware,1925,3037662008,312993,313216,223,completed,-29
LoadAware,1926,3037662008,313093,313319,226,completed,-29
LoadAware,1927,3037662008,313193,313421,228,completed,-29
LoadAware,1928,3037662008,313489,313596,107,completed,-29
LoadAware,1929,3037662008,313589,313699,110,completed,-29
LoadAware,1930,3037662008,313689,313820,131,completed,-29
LoadAware,1931,3037662008,313789,313922,133,completed,-29
LoadAware,1932,3037662008,313889,314024,135,completed,-33
LoadAware,1933,3037662008,313989,314127,138,completed,-33
LoadAware,1934,3037662008,314089,314230,141,completed,-33
LoadAware,1935,3037662008,314189,314332,143,completed,-33
LoadAware,1936,3037662008,314289,314589,300,completed,-33
LoadAware,1937,3037662008,314491,314692,201,completed,-33
LoadAware,1938,3037662008,314591,314797,206,completed,-33
LoadAware,1939,3037662008,314691,314899,208,completed,-33
LoadAware,1940,3037662008,314791,315002,211,completed,-33
LoadAware,1941,3037662008,314891,315104,213,completed,-33
LoadAware,1942,3037662008,314991,315207,216,completed,-33
LoadAware,1943,3037662008,315091,315310,219,completed,-33
LoadAware,1944,3037662008,315191,315413,222,completed,-33
LoadAware,1945,3037662008,315291,315592,301,completed,-33
LoadAware,1946,3037662008,315506,315695,189,completed,-33
LoadAware,1947,3037662008,315606,315798,192,completed,-33
LoadAware,1948,3037662008,315706,315901,195,completed,-33
LoadAware,1949,3037662008,315806,316004,198,completed,-35
LoadAware,1951,3658959723,316010,316134,124,completed,-13
LoadAware,1952,3658959723,316110,316237,127,completed,-13
LoadAware,1950,3037662008,315910,316106,196,completed,-35
LoadAware,1953,3658959723,316210,316340,130,completed,-13
LoadAware,1954,3658959723,316493,316621,128,completed,-13
LoadAware,1955,3658959723,316593,316739,146,completed,-13
LoadAware,1956,3658959723,316693,316842,149,completed,-13
LoadAware,1957,3658959723,316793,316945,152,completed,-13
LoadAware,1958,3658959723,316893,317048,155,completed,-13
LoadAware,1959,3658959723,316993,317151,158,completed,-13
LoadAware,1960,3658959723,317093,317254,161,completed,-13
LoadAware,1968,3037662008,317996,318102,106,completed,-26
LoadAware,1969,3037662008,318096,318205,109,completed,-26
LoadAware,1970,3037662008,318196,318308,112,completed,-26
LoadAware,1971,3037662008,318296,318595,299,completed,-26
LoadAware,1972,3037662008,318505,318698,193,completed,-26
LoadAware,1973,3037662008,318605,318801,196,completed,-26
LoadAware,1974,3037662008,318706,318904,198,completed,-26
LoadAware,1975,3037662008,318806,319007,201,completed,-26
LoadAware,1976,3037662008,318906,319114,208,completed,-26
LoadAware,1977,3037662008,319006,319218,212,completed,-26
LoadAware,1978,3037662008,319106,319321,215,completed,-26
LoadAware,1979,3037662008,319206,319424,218,completed,-26
LoadAware,1980,3037662008,319501,319608,107,completed,-26
LoadAware,1981,3037662008,319601,319710,109,completed,-26
LoadAware,1982,3037662008,319701,319812,111,completed,-26
LoadAware,1983,3037662008,319801,319914,113,completed,-26
LoadAware,1984,3037662008,319901,320017,116,completed,-34
LoadAware,1985,3037662008,320001,320119,118,completed,-34
LoadAware,1986,3037662008,320101,320222,121,completed,-34
LoadAware,1987,3037662008,320201,320325,124,completed,-34
LoadAware,1988,3037662008,320503,320609,106,completed,-34
LoadAware,1989,3037662008,320603,320719,116,completed,-34
LoadAware,1990,3037662008,320703,320822,119,completed,-34
LoadAware,1991,3037662008,320803,320931,128,completed,-34
LoadAware,1992,3037662008,320903,321033,130,completed,-34
LoadAware,1993,3037662008,321003,321136,133,completed,-34
LoadAware,1994,3037662008,321103,321238,135,completed,-34
LoadAware,1995,3037662008,321203,321340,137,completed,-34
LoadAware,1996,3037662008,321506,321611,105,completed,-34
LoadAware,1961,3658959723,317193,317357,164,completed,-13
LoadAware,1962,3658959723,323720,317615,4294961191,completed,-13
LoadAware,1963,3658959723,323722,317769,4294961343,completed,-13
LoadAware,1964,3658959723,323723,318043,4294961616,completed,-13
LoadAware,1965,3658959723,323724,318293,4294961865,completed,-13
LoadAware,1966,3658959723,323725,318622,4294962193,completed,-13
LoadAware,1967,3658959723,323726,318724,4294962294,completed,-13
LoadAware,1997,3037662008,323718,324025,307,completed,-39
LoadAware,1998,3037662008,323930,324746,816,completed,-39
LoadAware,1999,3037662008,324030,324849,819,completed,-39
LoadAware,2000,3037662008,324130,324951,821,completed,-39
LoadAware,2001,3037662008,324230,325054,824,completed,-39
LoadAware,2002,3037662008,324334,325157,823,completed,-39
LoadAware,2003,3037662008,324434,325260,826,completed,-39
LoadAware,2004,3037662008,324534,325363,829,completed,-39
LoadAware,2005,3037662008,324634,325465,831,completed,-39
LoadAware,2006,3037662008,324928,325568,640,completed,-39
LoadAware,2007,3037662008,325028,325671,643,completed,-39
LoadAware,2008,3037662008,325128,325774,646,completed,-39
LoadAware,2009,3037662008,325228,325877,649,completed,-39
LoadAware,2010,3037662008,325328,325978,650,completed,-33
LoadAware,2016,3658959723,326030,326155,125,completed,-10
LoadAware,2011,3037662008,325428,326081,653,completed,-33
LoadAware,2012,3037662008,325528,326183,655,completed,-33
LoadAware,2017,3658959723,326130,326258,128,completed,-10
LoadAware,2018,3658959723,326230,326361,131,completed,-10
LoadAware,2019,3658959723,326330,326464,134,completed,-10
LoadAware,2013,3037662008,325628,326284,656,completed,-33
LoadAware,2020,3658959723,326430,326567,137,completed,-10
LoadAware,2021,3658959723,326530,326682,152,completed,-10
LoadAware,2022,3658959723,326630,326785,155,completed,-10
LoadAware,2014,3037662008,325728,326386,658,completed,-33
LoadAware,2023,3658959723,326730,327050,320,completed,-10
LoadAware,2024,3658959723,326926,327153,227,completed,-10
LoadAware,2015,3037662008,325930,326487,557,completed,-33
LoadAware,2025,3658959723,327026,327256,230,completed,-10
LoadAware,2026,3658959723,327126,327359,233,completed,-10
LoadAware,2027,3658959723,327226,327462,236,completed,-10
LoadAware,2028,3658959723,327326,327565,239,completed,-10
LoadAware,2029,3658959723,327426,327668,242,completed,-10
LoadAware,2030,3658959723,327526,327770,244,completed,-10
LoadAware,2031,3658959723,327626,327872,246,completed,-10
LoadAware,2032,3658959723,327726,327973,247,completed,-12
LoadAware,2034,3037662008,328033,328139,106,completed,-31
LoadAware,2035,3037662008,328133,328243,110,completed,-31
LoadAware,2033,3658959723,327933,328075,142,completed,-12
LoadAware,2036,3037662008,328233,328346,113,completed,-31
LoadAware,2037,3037662008,328333,328449,116,completed,-31
LoadAware,2038,3037662008,328433,328552,119,completed,-31
LoadAware,2039,3037662008,328533,328655,122,completed,-31
LoadAware,2040,3037662008,328633,328758,125,completed,-31
LoadAware,2041,3037662008,328733,329034,301,completed,-31
LoadAware,2042,3037662008,328929,329225,296,completed,-31
LoadAware,2043,3037662008,329029,329328,299,completed,-31
LoadAware,2044,3037662008,329129,329431,302,completed,-31
LoadAware,2045,3037662008,329230,329537,307,completed,-31
LoadAware,2046,3037662008,329330,329640,310,completed,-31
LoadAware,2047,3037662008,329430,329743,313,completed,-31
LoadAware,2048,3037662008,329530,329845,315,completed,-31
LoadAware,2052,3658959723,330036,330161,125,completed,-12
LoadAware,2049,3037662008,329630,329946,316,completed,-39
LoadAware,2053,3658959723,330136,330264,128,completed,-12
LoadAware,2054,3658959723,330236,330367,131,completed,-12
LoadAware,2055,3658959723,330336,330470,134,completed,-12
LoadAware,2050,3037662008,329730,330048,318,completed,-39
LoadAware,2056,3658959723,330436,330591,155,completed,-12
LoadAware,2057,3658959723,330536,330694,158,completed,-12
LoadAware,2058,3658959723,330636,330797,161,completed,-12
LoadAware,2051,3037662008,329936,330150,214,completed,-39
LoadAware,2059,3658959723,330736,331055,319,completed,-12
LoadAware,2060,3658959723,330932,331220,288,completed,-12
LoadAware,2061,3658959723,331032,331323,291,completed,-12
LoadAware,2062,3658959723,331132,331426,294,completed,-12
LoadAware,2063,3658959723,331232,331529,297,completed,-12
LoadAware,2064,3658959723,331332,331632,300,completed,-12
LoadAware,2065,3658959723,331432,331735,303,completed,-12
LoadAware,2066,3658959723,331532,331838,306,completed,-12
LoadAware,2067,3658959723,331632,331941,309,completed,-12
LoadAware,2070,3037662008,332037,332145,108,completed,-36
LoadAware,2068,3658959723,331732,332043,311,completed,-13
LoadAware,2071,3037662008,332137,332254,117,completed,-36
LoadAware,2072,3037662008,332237,332357,120,completed,-36
LoadAware,2069,3658959723,331937,332145,208,completed,-13
LoadAware,2073,3037662008,332337,332460,123,completed,-36
LoadAware,2074,3037662008,332437,332563,126,completed,-36
LoadAware,2075,3037662008,332537,332666,129,completed,-36
LoadAware,2076,3037662008,332637,332769,132,completed,-36
LoadAware,2077,3037662008,332737,332872,135,completed,-36
LoadAware,2078,3037662008,332938,333045,107,completed,-36
LoadAware,2079,3037662008,333038,333169,131,completed,-36
LoadAware,2080,3037662008,333138,333324,186,completed,-36
LoadAware,2081,3037662008,333238,333427,189,completed,-36
LoadAware,2082,3037662008,333338,333530,192,completed,-36
LoadAware,2083,3037662008,333438,333633,195,completed,-36
LoadAware,2084,3037662008,333540,333736,196,completed,-36
LoadAware,2085,3037662008,333641,333839,198,completed,-36
LoadAware,2086,3037662008,333746,334047,301,completed,-36
LoadAware,2087,3037662008,333948,334149,201,completed,-36
LoadAware,2088,3037662008,334048,334255,207,completed,-36
LoadAware,2089,3037662008,334148,334357,209,completed,-36
LoadAware,2090,3037662008,334248,334459,211,completed,-36
LoadAware,2091,3037662008,334348,334561,213,completed,-36
LoadAware,2092,3037662008,334448,334664,216,completed,-36
LoadAware,2093,3037662008,334548,334767,219,completed,-36
LoadAware,2094,3037662008,334648,334869,221,completed,-36
LoadAware,2095,3037662008,334748,335057,309,completed,-36
LoadAware,2096,3037662008,334943,335159,216,completed,-36
LoadAware,2097,3037662008,335043,335262,219,completed,-36
LoadAware,2098,3037662008,335143,335365,222,completed,-36
LoadAware,2099,3037662008,335243,335467,224,completed,-36
LoadAware,2100,3037662008,335343,335570,227,completed,-36
LoadAware,2101,3037662008,335443,335673,230,completed,-36
LoadAware,2102,3037662008,335543,335776,233,completed,-36
LoadAware,2103,3037662008,335643,335879,236,completed,-36
LoadAware,2104,3037662008,335743,336051,308,completed,-37
LoadAware,2105,3037662008,335952,336153,201,completed,-37
LoadAware,2106,3037662008,336052,336259,207,completed,-37
LoadAware,2107,3037662008,336152,336363,211,completed,-37
LoadAware,2108,3037662008,336252,336466,214,completed,-37
LoadAware,2109,3037662008,336355,336569,214,completed,-37
LoadAware,2110,3037662008,336455,336671,216,completed,-37
LoadAware,2111,3037662008,336555,336773,218,completed,-37
LoadAware,2112,3037662008,336655,336876,221,completed,-37
LoadAware,2113,3037662008,336948,337055,107,completed,-37
LoadAware,2114,3037662008,337048,337157,109,completed,-37
LoadAware,2115,3037662008,337148,337260,112,completed,-37
LoadAware,2116,3037662008,337248,337363,115,completed,-37
LoadAware,2117,3037662008,337348,337466,118,completed,-37
LoadAware,2118,3037662008,337448,337569,121,completed,-37
LoadAware,2119,3037662008,337548,337672,124,completed,-37
LoadAware,2120,3037662008,337648,337775,127,completed,-37
LoadAware,2121,3037662008,337748,338050,302,completed,-36
LoadAware,2122,3037662008,337951,338153,202,completed,-36
LoadAware,2123,3037662008,338051,338259,208,completed,-36
LoadAware,2124,3037662008,338151,338362,211,completed,-36
LoadAware,2125,3037662008,338251,338465,214,completed,-36
LoadAware,2126,3037662008,338355,338568,213,completed,-36
LoadAware,2127,3037662008,338455,338671,216,completed,-36
LoadAware,2128,3037662008,338555,338774,219,completed,-36
LoadAware,2129,3037662008,338655,338877,222,completed,-36
LoadAware,2130,3037662008,338952,339061,109,completed,-36
LoadAware,2131,3037662008,341158,341457,299,completed,-38
LoadAware,2132,3037662008,341360,341672,312,completed,-38
LoadAware,2133,3037662008,341460,341781,321,completed,-38
LoadAware,2134,3037662008,341560,341884,324,completed,-38
LoadAware,2135,3037662008,341660,341987,327,completed,-37
LoadAware,2136,3037662008,341760,342089,329,completed,-37
LoadAware,2139,3658959723,342063,342188,125,completed,-11
LoadAware,2137,3037662008,341860,342191,331,completed,-37
LoadAware,2140,3658959723,342366,342493,127,completed,-11
LoadAware,2141,3658959723,342466,342596,130,completed,-11
LoadAware,2138,3037662008,341963,342293,330,completed,-37
LoadAware,2142,3658959723,342566,342698,132,completed,-11
LoadAware,2143,3658959723,342666,342801,135,completed,-11
LoadAware,2144,3658959723,342766,342904,138,completed,-11
LoadAware,2145,3658959723,342866,343007,141,completed,-11
LoadAware,2146,3658959723,342966,343110,144,completed,-11
LoadAware,2147,3658959723,343066,343213,147,completed,-11
LoadAware,2148,3658959723,343371,343497,126,completed,-11
LoadAware,2149,3658959723,343471,343599,128,completed,-11
LoadAware,2150,3658959723,343571,343701,130,completed,-11
LoadAware,2151,3658959723,343671,343804,133,completed,-11
LoadAware,2152,3658959723,343771,343906,135,completed,-11
LoadAware,2153,3658959723,343871,344009,138,completed,-13
LoadAware,2154,3658959723,343971,344112,141,completed,-13
LoadAware,2155,3658959723,344071,344215,144,completed,-13
LoadAware,2156,3658959723,344368,344494,126,completed,-13
LoadAware,2157,3658959723,344468,344597,129,completed,-13
LoadAware,2158,3658959723,344568,344722,154,completed,-13
LoadAware,2159,3658959723,344668,344825,157,completed,-13
LoadAware,2160,3658959723,344768,344928,160,completed,-13
LoadAware,2161,3658959723,344868,345031,163,completed,-13
LoadAware,2162,3658959723,344968,345134,166,completed,-13
LoadAware,2163,3658959723,345068,345237,169,completed,-13
LoadAware,2164,3658959723,345366,345491,125,completed,-13
LoadAware,2165,3658959723,345467,345603,136,completed,-13
LoadAware,2166,3658959723,345567,345706,139,completed,-13
LoadAware,2167,3658959723,345667,345808,141,completed,-13
LoadAware,2168,3658959723,345767,345911,144,completed,-13
LoadAware,2169,3658959723,345867,346014,147,completed,-13
LoadAware,2170,3658959723,345967,346117,150,completed,-13
LoadAware,2171,3658959723,346067,346220,153,completed,-13
LoadAware,2172,3658959723,346167,346492,325,completed,-13
LoadAware,2173,3658959723,346374,346598,224,completed,-13
LoadAware,2174,3658959723,346474,346701,227,completed,-13
LoadAware,2175,3658959723,346574,346803,229,completed,-13
LoadAware,2176,3658959723,346674,346905,231,completed,-13
LoadAware,2177,3658959723,346774,347008,234,completed,-13
LoadAware,2178,3658959723,346874,347111,237,completed,-13
LoadAware,2179,3658959723,346974,347214,240,completed,-13
LoadAware,2180,3658959723,347074,347317,243,completed,-13
LoadAware,2181,3658959723,347374,347503,129,completed,-13
LoadAware,2182,3658959723,347474,347606,132,completed,-13
LoadAware,2183,3658959723,347574,347709,135,completed,-13
LoadAware,2184,3658959723,347674,347812,138,completed,-13
LoadAware,2185,3658959723,347774,347915,141,completed,-13
LoadAware,2186,3658959723,347874,348018,144,completed,-12
LoadAware,2187,3658959723,347974,348121,147,completed,-12
LoadAware,2188,3658959723,348074,348224,150,completed,-12
LoadAware,2189,3658959723,348372,348497,125,completed,-12
LoadAware,2190,3658959723,348472,348606,134,completed,-12
LoadAware,2191,3658959723,348572,348709,137,completed,-12
LoadAware,2192,3658959723,348672,348812,140,completed,-12
LoadAware,2193,3658959723,348772,348915,143,completed,-12
LoadAware,2194,3658959723,348872,349018,146,completed,-12
LoadAware,2195,3658959723,348972,349121,149,completed,-12
LoadAware,2196,3658959723,349072,349224,152,completed,-12
LoadAware,2197,3658959723,349372,349497,125,completed,-12
LoadAware,2198,3658959723,349472,349605,133,completed,-12
LoadAware,2199,3658959723,349572,349735,163,completed,-12
LoadAware,2200,3658959723,349672,349844,172,completed,-12
LoadAware,2201,3658959723,349772,349947,175,completed,-12
LoadAware,2202,3658959723,349872,350050,178,completed,-13
LoadAware,2203,3658959723,349972,350152,180,completed,-13
LoadAware,2204,3658959723,350072,350254,182,completed,-13
LoadAware,2205,3658959723,350172,350495,323,completed,-13
LoadAware,2206,3658959723,350383,350598,215,completed,-13
LoadAware,2207,3658959723,350484,350701,217,completed,-13
LoadAware,2208,3658959723,350587,350804,217,completed,-13
LoadAware,2209,3658959723,350690,350907,217,completed,-13
LoadAware,2210,3658959723,350794,351010,216,completed,-13
LoadAware,2211,3658959723,350897,351113,216,completed,-13
LoadAware,2212,3658959723,350997,351216,219,completed,-13
LoadAware,2213,3658959723,351097,351319,222,completed,-13
LoadAware,2214,3658959723,351377,351504,127,completed,-13
LoadAware,2215,3658959723,351477,351607,130,completed,-13
LoadAware,2216,3658959723,351577,351710,133,completed,-13
LoadAware,2217,3658959723,351677,351813,136,completed,-13
LoadAware,2218,3658959723,351777,351916,139,completed,-13
LoadAware,2219,3658959723,351877,352019,142,completed,-12
LoadAware,2220,3658959723,351977,352122,145,completed,-12
LoadAware,2221,3658959723,352077,352225,148,completed,-12
LoadAware,2222,3658959723,352378,352504,126,completed,-12
LoadAware,2223,3658959723,352478,352613,135,completed,-12
LoadAware,2224,3658959723,352578,352723,145,completed,-12
LoadAware,2225,3658959723,352678,352826,148,completed,-12
LoadAware,2226,3658959723,352778,352929,151,completed,-12
LoadAware,2227,3658959723,352878,353032,154,completed,-12
LoadAware,2228,3658959723,352978,353135,157,completed,-12
LoadAware,2229,3658959723,353078,353238,160,completed,-12
LoadAware,2230,3658959723,353381,353522,141,completed,-12
LoadAware,2231,3658959723,353481,353631,150,completed,-12
LoadAware,2232,3658959723,353581,353740,159,completed,-12
LoadAware,2233,3658959723,353681,353843,162,completed,-12
LoadAware,2234,3658959723,353781,353946,165,completed,-12
LoadAware,2235,3658959723,353881,354049,168,completed,-12
LoadAware,2236,3658959723,353981,354151,170,completed,-12
LoadAware,2237,3658959723,354081,354253,172,completed,-12
LoadAware,2238,3658959723,354380,354506,126,completed,-12
LoadAware,2239,3658959723,354480,354609,129,completed,-12
LoadAware,2240,3658959723,354580,354712,132,completed,-12
LoadAware,2241,3658959723,354680,354815,135,completed,-12
LoadAware,2242,3658959723,354780,354918,138,completed,-12
LoadAware,2243,3658959723,354880,355021,141,completed,-12
LoadAware,2244,3658959723,354980,355124,144,completed,-12
LoadAware,2245,3658959723,355080,355227,147,completed,-12
LoadAware,2246,3658959723,355385,355515,130,completed,-12
LoadAware,2247,3658959723,355485,355625,140,completed,-12
LoadAware,2248,3658959723,355585,355728,143,completed,-12
LoadAware,2249,3658959723,355685,355831,146,completed,-12
LoadAware,2250,3658959723,355785,355934,149,completed,-12
LoadAware,2251,3658959723,355885,356036,151,completed,-12
LoadAware,2252,3658959723,355985,356138,153,completed,-12
LoadAware,2253,3658959723,356085,356241,156,completed,-12
LoadAware,2254,3658959723,356384,356510,126,completed,-12
LoadAware,2255,3658959723,358592,358915,323,completed,-12
LoadAware,2256,3658959723,358791,359441,650,completed,-12
LoadAware,2257,3658959723,358891,359543,652,completed,-12
LoadAware,2258,3658959723,358991,359716,725,completed,-12
LoadAware,2259,3658959723,359091,359992,901,completed,-12
LoadAware,2260,3658959723,359191,360269,1078,completed,-12
LoadAware,2261,3658959723,359291,360372,1081,completed,-12
LoadAware,2262,3658959723,359391,360475,1084,completed,-12
LoadAware,2263,3658959723,359491,360578,1087,completed,-12
LoadAware,2264,3658959723,359591,360681,1090,completed,-12
LoadAware,2265,3658959723,359788,360784,996,completed,-12
LoadAware,2266,3658959723,359888,360886,998,completed,-12
LoadAware,2267,3658959723,359988,360989,1001,completed,-12
LoadAware,2268,3658959723,360088,361091,1003,completed,-12
LoadAware,2269,3658959723,360189,361194,1005,completed,-12
LoadAware,2270,3658959723,360289,361297,1008,completed,-12
LoadAware,2271,3658959723,360389,361400,1011,completed,-12
LoadAware,2272,3658959723,360489,361503,1014,completed,-12
LoadAware,2273,3658959723,360589,361606,1017,completed,-12
LoadAware,2274,3658959723,360799,361709,910,completed,-12
LoadAware,2275,3658959723,360899,361811,912,completed,-12
LoadAware,2276,3658959723,360999,361918,919,completed,-12
LoadAware,2277,3658959723,361099,362023,924,completed,-12
LoadAware,2278,3658959723,361199,362125,926,completed,-12
LoadAware,2279,3658959723,361299,362227,928,completed,-12
LoadAware,2280,3658959723,361399,362330,931,completed,-12
LoadAware,2281,3658959723,361499,362433,934,completed,-12
LoadAware,2282,3658959723,361792,362536,744,completed,-12
LoadAware,2283,3658959723,361892,362638,746,completed,-12
LoadAware,2284,3658959723,361992,362741,749,completed,-12
LoadAware,2285,3658959723,362092,362842,750,completed,-12
LoadAware,2286,3658959723,362192,362944,752,completed,-12
LoadAware,2287,3658959723,362292,363046,754,completed,-12
LoadAware,2288,3658959723,362392,363149,757,completed,-12
LoadAware,2289,3658959723,362492,363252,760,completed,-12
LoadAware,2290,3658959723,362592,363355,763,completed,-12
LoadAware,2291,3658959723,362799,363458,659,completed,-12
LoadAware,2292,3658959723,362899,363561,662,completed,-12
LoadAware,2293,3658959723,362999,363664,665,completed,-12
LoadAware,2294,3658959723,363099,363767,668,completed,-12
LoadAware,2295,3658959723,363199,363868,669,completed,-12
LoadAware,2296,3658959723,363299,363971,672,completed,-12
LoadAware,2297,3658959723,363399,364074,675,completed,-13
LoadAware,2298,3658959723,363499,364176,677,completed,-13
LoadAware,2299,3658959723,363599,364279,680,completed,-13
LoadAware,2300,3658959723,363801,364382,581,completed,-13
LoadAware,2301,3658959723,363901,364485,584,completed,-13
LoadAware,2302,3658959723,364001,364588,587,completed,-13
LoadAware,2303,3658959723,364101,364690,589,completed,-13
LoadAware,2304,3658959723,364201,364793,592,completed,-13
LoadAware,2305,3658959723,364301,364895,594,completed,-13
LoadAware,2306,3658959723,364401,364998,597,completed,-13
LoadAware,2307,3658959723,364501,365101,600,completed,-13
LoadAware,2308,3658959723,364601,365204,603,completed,-13
LoadAware,2309,3658959723,364803,365307,504,completed,-13
LoadAware,2310,3658959723,364903,365410,507,completed,-13
LoadAware,2311,3658959723,365003,365513,510,completed,-13
LoadAware,2312,3658959723,365103,365616,513,completed,-13
LoadAware,2313,3658959723,365203,365718,515,completed,-13
LoadAware,2314,3658959723,365303,365823,520,completed,-13
LoadAware,2315,3658959723,365403,365926,523,completed,-13
LoadAware,2316,3658959723,365503,366032,529,completed,-12
LoadAware,2317,3658959723,365606,366134,528,completed,-12
LoadAware,2318,3658959723,365806,366237,431,completed,-12
LoadAware,2319,3658959723,365906,366340,434,completed,-12
LoadAware,2320,3658959723,366006,366443,437,completed,-12
LoadAware,2321,3658959723,366106,366546,440,completed,-12
LoadAware,2322,3658959723,366206,366649,443,completed,-12
LoadAware,2323,3658959723,366306,366752,446,completed,-12
LoadAware,2324,3658959723,366406,366853,447,completed,-12
LoadAware,2325,3658959723,366506,366956,450,completed,-12
LoadAware,2326,3658959723,366606,367058,452,completed,-12
LoadAware,2327,3658959723,366809,367161,352,completed,-12
LoadAware,2328,3658959723,366909,367264,355,completed,-12
LoadAware,2329,3658959723,367009,367367,358,completed,-12
LoadAware,2330,3658959723,367109,367470,361,completed,-12
LoadAware,2331,3658959723,367209,367573,364,completed,-12
LoadAware,2332,3658959723,367309,367676,367,completed,-12
LoadAware,2333,3658959723,367409,367779,370,completed,-12
LoadAware,2334,3658959723,367509,367880,371,completed,-12
LoadAware,2335,3658959723,367609,367983,374,completed,-12
LoadAware,2336,3658959723,367809,368087,278,completed,-12
LoadAware,2337,3658959723,367909,368190,281,completed,-12
LoadAware,2338,3658959723,368009,368293,284,completed,-12
LoadAware,2339,3658959723,368109,368396,287,completed,-12
LoadAware,2340,3658959723,368209,368499,290,completed,-12
LoadAware,2341,3658959723,368309,368602,293,completed,-12
LoadAware,2342,3658959723,368409,368705,296,completed,-12
LoadAware,2343,3658959723,368509,368808,299,completed,-12
LoadAware,2344,3658959723,368609,368929,320,completed,-12
LoadAware,2345,3658959723,368810,369034,224,completed,-12
LoadAware,2346,3658959723,368910,369137,227,completed,-12
LoadAware,2347,3658959723,369010,369242,232,completed,-12
LoadAware,2348,3658959723,369110,369347,237,completed,-12
LoadAware,2349,3658959723,369210,369450,240,completed,-12
LoadAware,2350,3658959723,369310,369556,246,completed,-12
LoadAware,2351,3658959723,369412,369659,247,completed,-12
LoadAware,2352,3658959723,369512,369760,248,completed,-12
LoadAware,2353,3658959723,369612,369938,326,completed,-12
LoadAware,2354,3658959723,369809,370041,232,completed,-13
LoadAware,2355,3658959723,369909,370142,233,completed,-13
LoadAware,2356,3658959723,370009,370244,235,completed,-13
LoadAware,2357,3658959723,370109,370347,238,completed,-13
LoadAware,2358,3658959723,370209,370450,241,completed,-13
LoadAware,2359,3658959723,370309,370553,244,completed,-13
LoadAware,2360,3658959723,370409,370656,247,completed,-13
LoadAware,2361,3658959723,370509,370758,249,completed,-13
LoadAware,2362,3658959723,370609,370932,323,completed,-13
LoadAware,2363,3658959723,370815,371035,220,completed,-13
LoadAware,2364,3658959723,370915,371141,226,completed,-13
LoadAware,2365,3658959723,371015,371244,229,completed,-13
LoadAware,2366,3658959723,371115,371347,232,completed,-13
LoadAware,2367,3658959723,371215,371450,235,completed,-13
LoadAware,2368,3658959723,371315,371552,237,completed,-13
LoadAware,2369,3658959723,371415,371655,240,completed,-13
LoadAware,2370,3658959723,371515,371758,243,completed,-13
LoadAware,2371,3658959723,371615,371934,319,completed,-13
LoadAware,2372,3658959723,371815,372037,222,completed,-13
LoadAware,2373,3658959723,371915,372143,228,completed,-13
LoadAware,2374,3658959723,372015,372246,231,completed,-13
LoadAware,2375,3658959723,372115,372349,234,completed,-13
LoadAware,2376,3658959723,372215,372452,237,completed,-13
LoadAware,2378,3037662008,372415,372598,183,completed,-30
LoadAware,2377,3658959723,372315,372555,240,completed,-13
LoadAware,2379,3037662008,372515,372708,193,completed,-30
LoadAware,2380,3037662008,372615,372919,304,completed,-30
LoadAware,2381,3037662008,372820,373030,210,completed,-30
LoadAware,2382,3037662008,372920,373132,212,completed,-30
LoadAware,2383,3037662008,373020,373234,214,completed,-30
LoadAware,2384,3037662008,373120,373337,217,completed,-30
LoadAware,2385,3037662008,373220,373440,220,completed,-30
LoadAware,2386,3037662008,373320,373542,222,completed,-30
LoadAware,2387,3037662008,373420,373645,225,completed,-30
LoadAware,2388,3037662008,373520,373748,228,completed,-30
LoadAware,2389,3037662008,373620,373922,302,completed,-30
LoadAware,2390,3037662008,373822,376117,2295,completed,-36
LoadAware,2391,3037662008,376031,376332,301,completed,-36
LoadAware,2392,3037662008,376237,376452,215,completed,-36
LoadAware,2393,3037662008,376341,376555,214,completed,-36
LoadAware,2394,3037662008,376441,376658,217,completed,-36
LoadAware,2395,3037662008,376541,376761,220,completed,-36
LoadAware,2396,3037662008,376641,376864,223,completed,-36
LoadAware,2397,3037662008,376741,376967,226,completed,-36
LoadAware,2398,3037662008,376841,377070,229,completed,-36
LoadAware,2399,3037662008,376941,377173,232,completed,-36
LoadAware,2400,3037662008,377232,377340,108,completed,-36
LoadAware,2401,3037662008,377332,377453,121,completed,-36
LoadAware,2402,3037662008,377432,377555,123,completed,-36
LoadAware,2403,3037662008,377532,377658,126,completed,-36
LoadAware,2404,3037662008,377632,377761,129,completed,-36
LoadAware,2405,3037662008,377732,377864,132,completed,-36
LoadAware,2406,3037662008,377832,377967,135,completed,-36
LoadAware,2407,3037662008,377932,378070,138,completed,-34
LoadAware,2408,3037662008,378032,378173,141,completed,-34
LoadAware,2409,3037662008,378241,378346,105,completed,-34
LoadAware,2410,3037662008,378341,378455,114,completed,-34
LoadAware,2411,3037662008,378441,378573,132,completed,-34
LoadAware,2412,3037662008,378541,378676,135,completed,-34
LoadAware,2413,3037662008,378641,378779,138,completed,-34
LoadAware,2414,3037662008,378741,378882,141,completed,-34
LoadAware,2415,3037662008,378841,378985,144,completed,-34
LoadAware,2416,3037662008,378941,379088,147,completed,-34
LoadAware,2417,3037662008,379041,379343,302,completed,-34
LoadAware,2418,3037662008,379238,379446,208,completed,-34
LoadAware,2419,3037662008,379338,379549,211,completed,-34
LoadAware,2420,3037662008,379438,379652,214,completed,-34
LoadAware,2421,3037662008,379538,379755,217,completed,-34
LoadAware,2422,3037662008,379638,379858,220,completed,-34
LoadAware,2423,3037662008,379738,379961,223,completed,-34
LoadAware,2424,3037662008,379838,380064,226,completed,-34
LoadAware,2425,3037662008,379938,380167,229,completed,-34
LoadAware,2426,3658959723,380038,380363,325,completed,-11
LoadAware,2427,3658959723,380242,380489,247,completed,-11
LoadAware,2428,3658959723,380342,380592,250,completed,-11
LoadAware,2429,3658959723,380442,380695,253,completed,-11
LoadAware,2430,3658959723,380542,380798,256,completed,-11
LoadAware,2431,3658959723,380642,380901,259,completed,-11
LoadAware,2432,3658959723,380742,381004,262,completed,-11
LoadAware,2433,3658959723,380842,381107,265,completed,-11
LoadAware,2434,3658959723,380942,381210,268,completed,-11
LoadAware,2435,3658959723,381042,381312,270,completed,-11
LoadAware,2436,3658959723,381243,381414,171,completed,-11
LoadAware,2437,3658959723,381343,381516,173,completed,-11
LoadAware,2438,3658959723,381443,381618,175,completed,-11
LoadAware,2439,3658959723,381543,381721,178,completed,-11
LoadAware,2440,3658959723,381643,381824,181,completed,-11
LoadAware,2441,3658959723,381743,381927,184,completed,-11
LoadAware,2442,3658959723,381843,382030,187,completed,-11
LoadAware,2443,3658959723,381943,382133,190,completed,-11
LoadAware,2444,3037662008,382043,382353,310,completed,-31
LoadAware,2445,3037662008,382243,382461,218,completed,-31
LoadAware,2446,3037662008,382343,382570,227,completed,-31
LoadAware,2447,3037662008,382443,382673,230,completed,-31
LoadAware,2448,3037662008,382543,382776,233,completed,-31
LoadAware,2449,3037662008,382643,382879,236,completed,-31
LoadAware,2450,3037662008,382743,382982,239,completed,-31
LoadAware,2451,3037662008,382843,383085,242,completed,-31
LoadAware,2452,3037662008,382943,383188,245,completed,-31
LoadAware,2453,3037662008,383043,383289,246,completed,-31
LoadAware,2454,3037662008,383244,383391,147,completed,-31
LoadAware,2455,3037662008,383353,383493,140,completed,-31
LoadAware,2456,3037662008,383453,383596,143,completed,-31
LoadAware,2457,3037662008,383553,383699,146,completed,-31
LoadAware,2458,3037662008,383653,383802,149,completed,-31
LoadAware,2459,3037662008,383753,383905,152,completed,-31
LoadAware,2460,3037662008,383853,384008,155,completed,-34
LoadAware,2461,3037662008,383953,384109,156,completed,-34
LoadAware,2462,3658959723,384244,384370,126,completed,-11
LoadAware,2463,3658959723,384344,384473,129,completed,-11
LoadAware,2464,3658959723,384444,384576,132,completed,-11
LoadAware,2465,3658959723,384544,384679,135,completed,-11
LoadAware,2466,3658959723,384644,384782,138,completed,-11
LoadAware,2467,3658959723,384744,384885,141,completed,-11
LoadAware,2468,3658959723,384844,384988,144,completed,-11
LoadAware,2469,3658959723,384944,385091,147,completed,-11
LoadAware,2470,3658959723,385044,385194,150,completed,-11
LoadAware,2471,3658959723,385246,385373,127,completed,-11
LoadAware,2472,3658959723,385346,385476,130,completed,-11
LoadAware,2473,3658959723,385446,385579,133,completed,-11
LoadAware,2474,3658959723,385546,385682,136,completed,-11
LoadAware,2475,3658959723,385646,385785,139,completed,-11
LoadAware,2476,3658959723,385746,385888,142,completed,-11
LoadAware,2477,3658959723,385846,385991,145,completed,-11
LoadAware,2478,3658959723,385946,386094,148,completed,-12
LoadAware,2479,3037662008,386047,386348,301,completed,-31
LoadAware,2480,3037662008,386249,386464,215,completed,-31
LoadAware,2481,3037662008,386356,386567,211,completed,-31
LoadAware,2482,3037662008,386456,386670,214,completed,-31
LoadAware,2483,3037662008,386556,386772,216,completed,-31
LoadAware,2484,3037662008,386656,386875,219,completed,-31
LoadAware,2485,3037662008,386756,386978,222,completed,-31
LoadAware,2486,3037662008,386856,387081,225,completed,-31
LoadAware,2487,3037662008,386956,387183,227,completed,-31
LoadAware,2488,3037662008,387244,387351,107,completed,-31
LoadAware,2489,3037662008,387344,387546,202,completed,-31
LoadAware,2490,3037662008,387444,387653,209,completed,-31
LoadAware,2491,3037662008,387544,387756,212,completed,-31
LoadAware,2492,3037662008,387644,387859,215,completed,-31
LoadAware,2493,3037662008,387744,387962,218,completed,-31
LoadAware,2494,3037662008,387844,388065,221,completed,-33
LoadAware,2496,3658959723,388048,388380,332,completed,-11
LoadAware,2497,3658959723,388252,388496,244,completed,-11
LoadAware,2495,3037662008,387944,388168,224,completed,-33
LoadAware,2498,3658959723,388352,388599,247,completed,-11
LoadAware,2499,3658959723,388452,388702,250,completed,-11
LoadAware,2500,3658959723,388552,388805,253,completed,-11
LoadAware,2501,3658959723,388652,388908,256,completed,-11
LoadAware,2502,3658959723,388752,389011,259,completed,-11
LoadAware,2503,3658959723,388852,389114,262,completed,-11
LoadAware,2504,3658959723,388952,389217,265,completed,-11
LoadAware,2505,3658959723,389052,389370,318,completed,-11
LoadAware,2506,3658959723,389253,389507,254,completed,-11
LoadAware,2507,3658959723,389354,389615,261,completed,-11
LoadAware,2508,3658959723,389454,389723,269,completed,-11
LoadAware,2509,3658959723,389554,389832,278,completed,-11
LoadAware,2510,3658959723,389654,389935,281,completed,-11
LoadAware,2511,3658959723,389754,390038,284,completed,-12
LoadAware,2512,3658959723,389854,390140,286,completed,-12
LoadAware,2513,3658959723,389954,390242,288,completed,-12
LoadAware,2514,3037662008,390054,390375,321,completed,-33
LoadAware,2515,3037662008,390249,390478,229,completed,-33
LoadAware,2516,3037662008,390353,390581,228,completed,-33
LoadAware,2517,3037662008,390453,390684,231,completed,-33
LoadAware,2518,3037662008,390553,390787,234,completed,-33
LoadAware,2519,3037662008,390653,390891,238,completed,-33
LoadAware,2520,3037662008,390753,390994,241,completed,-33
LoadAware,2521,3037662008,390853,391097,244,completed,-33
LoadAware,2522,3037662008,390953,391200,247,completed,-33
LoadAware,2523,3037662008,391053,391301,248,completed,-33
LoadAware,2524,3037662008,391255,391404,149,completed,-33
LoadAware,2525,3037662008,393461,393760,299,completed,-35
LoadAware,2526,3037662008,393662,393944,282,completed,-35
LoadAware,2527,3037662008,393762,394052,290,completed,-31
LoadAware,2528,3037662008,393864,394155,291,completed,-31
LoadAware,2529,3037662008,393964,394258,294,completed,-31
LoadAware,2530,3037662008,394064,394361,297,completed,-31
LoadAware,2531,3037662008,394164,394465,301,completed,-31
LoadAware,2532,3037662008,394266,394568,302,completed,-31
LoadAware,2533,3037662008,394369,394671,302,completed,-31
LoadAware,2534,3037662008,394662,394773,111,completed,-31
LoadAware,2535,3037662008,394762,394876,114,completed,-31
LoadAware,2536,3037662008,394862,394979,117,completed,-31
LoadAware,2537,3037662008,394962,395082,120,completed,-31
LoadAware,2538,3037662008,395062,395185,123,completed,-31
LoadAware,2539,3037662008,395162,395288,126,completed,-31
LoadAware,2540,3037662008,395262,395391,129,completed,-31
LoadAware,2541,3037662008,395368,395494,126,completed,-31
LoadAware,2542,3037662008,395664,395773,109,completed,-31
LoadAware,2543,3037662008,395764,395876,112,completed,-31
LoadAware,2544,3037662008,395864,395978,114,completed,-31
LoadAware,2545,3037662008,395964,396081,117,completed,-32
LoadAware,2546,3037662008,396064,396182,118,completed,-32
LoadAware,2547,3037662008,396164,396285,121,completed,-32
LoadAware,2548,3037662008,396264,396388,124,completed,-32
LoadAware,2549,3037662008,396364,396491,127,completed,-32
LoadAware,2550,3037662008,396464,396593,129,completed,-32
LoadAware,2551,3037662008,396665,396775,110,completed,-32
LoadAware,2552,3037662008,396765,396877,112,completed,-32
LoadAware,2553,3037662008,396865,396980,115,completed,-32
LoadAware,2554,3037662008,396965,397082,117,completed,-32
LoadAware,2555,3037662008,397065,397185,120,completed,-32
LoadAware,2556,3037662008,397165,397288,123,completed,-32
LoadAware,2557,3037662008,397265,397391,126,completed,-32
LoadAware,2558,3037662008,397370,397494,124,completed,-32
LoadAware,2559,3037662008,397666,397775,109,completed,-32
LoadAware,2560,3037662008,397766,397891,125,completed,-32
LoadAware,2563,3658959723,398066,398191,125,completed,-11
LoadAware,2561,3037662008,397866,398008,142,completed,-32
LoadAware,2562,3037662008,397966,398109,143,completed,-32
LoadAware,2564,3658959723,398166,398294,128,completed,-11
LoadAware,2565,3658959723,398266,398397,131,completed,-11
LoadAware,2566,3658959723,398366,398500,134,completed,-11
LoadAware,2567,3658959723,398466,398603,137,completed,-11
LoadAware,2568,3658959723,398667,398796,129,completed,-11
LoadAware,2569,3658959723,398767,398899,132,completed,-11
LoadAware,2570,3658959723,398867,399002,135,completed,-11
LoadAware,2571,3658959723,398967,399105,138,completed,-11
LoadAware,2572,3658959723,399067,399208,141,completed,-11
LoadAware,2573,3658959723,399167,399311,144,completed,-11
LoadAware,2574,3658959723,399267,399414,147,completed,-11
LoadAware,2575,3658959723,399367,399517,150,completed,-11
LoadAware,2576,3658959723,399469,399789,320,completed,-11
LoadAware,2577,3658959723,399669,399898,229,completed,-11
LoadAware,2581,3037662008,400069,400175,106,completed,-31
LoadAware,2578,3658959723,399769,400008,239,completed,-12
LoadAware,2582,3037662008,400169,400278,109,completed,-31
LoadAware,2583,3037662008,400269,400381,112,completed,-31
LoadAware,2579,3658959723,399869,400109,240,completed,-12
LoadAware,2584,3037662008,400369,400484,115,completed,-31
LoadAware,2585,3037662008,400469,400587,118,completed,-31
LoadAware,2580,3658959723,399969,400211,242,completed,-12
LoadAware,2586,3037662008,400670,400778,108,completed,-31
LoadAware,2587,3037662008,400770,400881,111,completed,-31
LoadAware,2588,3037662008,400870,400984,114,completed,-31
LoadAware,2589,3037662008,400970,401087,117,completed,-31
LoadAware,2590,3037662008,401070,401190,120,completed,-31
LoadAware,2591,3037662008,401170,401293,123,completed,-31
LoadAware,2592,3037662008,401270,401396,126,completed,-31
LoadAware,2593,3037662008,401374,401499,125,completed,-31
LoadAware,2594,3037662008,401671,401781,110,completed,-31
LoadAware,2595,3037662008,401771,401884,113,completed,-31
LoadAware,2598,3658959723,402071,402195,124,completed,-11
LoadAware,2596,3037662008,401871,401987,116,completed,-34
LoadAware,2599,3658959723,402171,402304,133,completed,-11
LoadAware,2600,3658959723,402271,402407,136,completed,-11
LoadAware,2601,3658959723,402371,402510,139,completed,-11
LoadAware,2597,3037662008,401971,402089,118,completed,-34
LoadAware,2602,3658959723,402471,402613,142,completed,-11
LoadAware,2603,3658959723,402674,402810,136,completed,-11
LoadAware,2604,3658959723,402774,402925,151,completed,-11
LoadAware,2605,3658959723,402874,403054,180,completed,-11
LoadAware,2606,3658959723,402974,403157,183,completed,-11
LoadAware,2607,3658959723,403074,403260,186,completed,-11
LoadAware,2608,3658959723,403174,403363,189,completed,-11
LoadAware,2609,3658959723,403274,403466,192,completed,-11
LoadAware,2610,3658959723,403374,403569,195,completed,-11
LoadAware,2611,3658959723,403474,403792,318,completed,-11
LoadAware,2612,3658959723,403674,403902,228,completed,-11
LoadAware,2616,3037662008,404074,404180,106,completed,-33
LoadAware,2613,3658959723,403774,404006,232,completed,-12
LoadAware,2617,3037662008,404174,404283,109,completed,-33
LoadAware,2618,3037662008,404274,404386,112,completed,-33
LoadAware,2619,3037662008,404374,404489,115,completed,-33
LoadAware,2614,3658959723,403874,404108,234,completed,-12
LoadAware,2620,3037662008,404474,404778,304,completed,-33
LoadAware,2621,3037662008,404670,404887,217,completed,-33
LoadAware,2615,3658959723,403974,404210,236,completed,-12
LoadAware,2622,3037662008,404770,404990,220,completed,-33
LoadAware,2623,3037662008,404870,405093,223,completed,-33
LoadAware,2624,3037662008,404970,405196,226,completed,-33
LoadAware,2625,3037662008,405070,405298,228,completed,-33
LoadAware,2626,3037662008,405170,405401,231,completed,-33
LoadAware,2627,3037662008,405270,405504,234,completed,-33
LoadAware,2628,3037662008,405370,405606,236,completed,-33
LoadAware,2629,3037662008,405471,405708,237,completed,-33
LoadAware,2630,3037662008,405675,405810,135,completed,-33
LoadAware,2631,3037662008,405775,405913,138,completed,-33
LoadAware,2634,3658959723,406075,406202,127,completed,-11
LoadAware,2632,3037662008,405875,406016,141,completed,-37
LoadAware,2635,3658959723,406175,406305,130,completed,-11
LoadAware,2636,3658959723,406275,406408,133,completed,-11
LoadAware,2633,3037662008,405975,406117,142,completed,-37
LoadAware,2637,3658959723,406375,406511,136,completed,-11
LoadAware,2638,3658959723,406475,406613,138,completed,-11
LoadAware,2639,3658959723,406679,406808,129,completed,-11
LoadAware,2640,3658959723,406779,406911,132,completed,-11
LoadAware,2641,3658959723,406879,407013,134,completed,-11
LoadAware,2642,3658959723,406979,407116,137,completed,-11
LoadAware,2643,3658959723,407079,407219,140,completed,-11
LoadAware,2644,3658959723,407179,407322,143,completed,-11
LoadAware,2645,3658959723,407279,407425,146,completed,-11
LoadAware,2646,3658959723,407379,407528,149,completed,-11
LoadAware,2647,3658959723,407479,407797,318,completed,-11
LoadAware,2648,3658959723,407679,407906,227,completed,-11
LoadAware,2649,3658959723,407779,408015,236,completed,-12
LoadAware,2652,3037662008,408079,408186,107,completed,-30
LoadAware,2653,3037662008,408179,408295,116,completed,-30
LoadAware,2654,3037662008,408279,408398,119,completed,-30
LoadAware,2650,3658959723,407879,408116,237,completed,-12
LoadAware,2655,3037662008,408379,408501,122,completed,-30
LoadAware,2656,3037662008,408479,408780,301,completed,-30
LoadAware,2651,3658959723,407979,408218,239,completed,-12
LoadAware,2657,3037662008,408681,410977,2296,completed,-33
LoadAware,2658,3037662008,410885,411188,303,completed,-33
LoadAware,2659,3037662008,411093,411297,204,completed,-33
LoadAware,2660,3037662008,411197,411400,203,completed,-33
LoadAware,2661,3037662008,411297,411503,206,completed,-33
LoadAware,2662,3037662008,411397,411606,209,completed,-33
LoadAware,2663,3037662008,411497,411708,211,completed,-33
LoadAware,2664,3037662008,411597,411811,214,completed,-33
LoadAware,2665,3037662008,411697,411914,217,completed,-33
LoadAware,2666,3037662008,411797,412017,220,completed,-36
LoadAware,2667,3037662008,412087,412194,107,completed,-36
LoadAware,2668,3037662008,412187,412296,109,completed,-36
LoadAware,2669,3037662008,412287,412397,110,completed,-36
LoadAware,2670,3037662008,412391,412500,109,completed,-36
LoadAware,2671,3037662008,412491,412603,112,completed,-36
LoadAware,2672,3037662008,412591,412705,114,completed,-36
LoadAware,2673,3037662008,412691,412808,117,completed,-36
LoadAware,2674,3037662008,412791,412911,120,completed,-36
LoadAware,2675,3037662008,413088,413197,109,completed,-36
LoadAware,2676,3037662008,413188,413306,118,completed,-36
LoadAware,2677,3037662008,413288,413415,127,completed,-36
LoadAware,2678,3037662008,413388,413518,130,completed,-36
LoadAware,2679,3037662008,413488,413621,133,completed,-36
LoadAware,2680,3037662008,413588,413724,136,completed,-36
LoadAware,2681,3037662008,413688,413827,139,completed,-36
LoadAware,2682,3037662008,413788,413930,142,completed,-36
LoadAware,2683,3037662008,413888,414032,144,completed,-35
LoadAware,2684,3037662008,414089,414200,111,completed,-35
LoadAware,2685,3037662008,414189,414303,114,completed,-35
LoadAware,2686,3037662008,414289,414405,116,completed,-35
LoadAware,2687,3037662008,414389,414507,118,completed,-35
LoadAware,2688,3037662008,414489,414609,120,completed,-35
LoadAware,2689,3037662008,414589,414712,123,completed,-35
LoadAware,2690,3037662008,414689,414815,126,completed,-35
LoadAware,2691,3037662008,414789,414918,129,completed,-35
LoadAware,2692,3037662008,414889,415021,132,completed,-35
LoadAware,2693,3037662008,415092,415200,108,completed,-35
LoadAware,2694,3037662008,415192,415311,119,completed,-35
LoadAware,2695,3037662008,415292,415423,131,completed,-35
LoadAware,2696,3037662008,415392,415526,134,completed,-35
LoadAware,2697,3037662008,415492,415629,137,completed,-35
LoadAware,2698,3037662008,415592,415732,140,completed,-35
LoadAware,2699,3037662008,415692,415835,143,completed,-35
LoadAware,2700,3037662008,415792,415938,146,completed,-35
LoadAware,2701,3037662008,415892,416205,313,completed,-36
LoadAware,2702,3037662008,416092,416308,216,completed,-36
LoadAware,2703,3037662008,416192,416411,219,completed,-36
LoadAware,2704,3037662008,416292,416514,222,completed,-36
LoadAware,2705,3037662008,416392,416617,225,completed,-36
LoadAware,2706,3037662008,416492,416720,228,completed,-36
LoadAware,2707,3037662008,416592,416823,231,completed,-36
LoadAware,2708,3037662008,416692,416926,234,completed,-36
LoadAware,2709,3037662008,416792,417029,237,completed,-36
LoadAware,2710,3037662008,416892,417131,239,completed,-36
LoadAware,2711,3037662008,417096,417234,138,completed,-36
LoadAware,2712,3037662008,417196,417337,141,completed,-36
LoadAware,2713,3037662008,417296,417440,144,completed,-36
LoadAware,2714,3037662008,417396,417543,147,completed,-36
LoadAware,2715,3037662008,417496,417646,150,completed,-36
LoadAware,2716,3037662008,417596,417749,153,completed,-36
LoadAware,2717,3037662008,417696,417852,156,completed,-36
LoadAware,2718,3037662008,417796,417955,159,completed,-36
LoadAware,2719,3037662008,417896,418197,301,completed,-36
LoadAware,2720,3037662008,418099,418300,201,completed,-36
LoadAware,2721,3037662008,418199,418403,204,completed,-36
LoadAware,2722,3037662008,418299,418506,207,completed,-36
LoadAware,2723,3037662008,418399,418608,209,completed,-36
LoadAware,2724,3037662008,418499,418711,212,completed,-36
LoadAware,2725,3037662008,418599,418814,215,completed,-36
LoadAware,2726,3037662008,418699,418917,218,completed,-36
LoadAware,2727,3037662008,418799,419019,220,completed,-36
LoadAware,2728,3037662008,418899,419200,301,completed,-36
LoadAware,2729,3037662008,419100,419303,203,completed,-36
LoadAware,2730,3037662008,419200,419409,209,completed,-36
LoadAware,2731,3037662008,419300,419512,212,completed,-36
LoadAware,2732,3037662008,419400,419615,215,completed,-36
LoadAware,2733,3037662008,419500,419718,218,completed,-36
LoadAware,2734,3037662008,419600,419820,220,completed,-36
LoadAware,2735,3037662008,419700,419923,223,completed,-36
LoadAware,2736,3037662008,419800,420025,225,completed,-31
LoadAware,2737,3037662008,419900,420201,301,completed,-31
LoadAware,2738,3037662008,420102,420303,201,completed,-31
LoadAware,2739,3037662008,420202,420410,208,completed,-31
LoadAware,2740,3037662008,420302,420513,211,completed,-31
LoadAware,2741,3037662008,420402,420616,214,completed,-31
LoadAware,2742,3037662008,420502,420719,217,completed,-31
LoadAware,2743,3037662008,420602,420822,220,completed,-31
LoadAware,2744,3037662008,420702,420925,223,completed,-31
LoadAware,2745,3037662008,420802,421028,226,completed,-31
LoadAware,2746,3037662008,420902,421203,301,completed,-31
LoadAware,2747,3037662008,421104,421313,209,completed,-31
LoadAware,2748,3037662008,421204,421416,212,completed,-31
LoadAware,2749,3037662008,421304,421519,215,completed,-31
LoadAware,2750,3037662008,421404,421622,218,completed,-31
LoadAware,2751,3037662008,421504,421725,221,completed,-31
LoadAware,2752,3037662008,421604,421828,224,completed,-31
LoadAware,2753,3037662008,421704,421931,227,completed,-31
LoadAware,2754,3037662008,421804,422032,228,completed,-37
LoadAware,2755,3037662008,421904,422205,301,completed,-37
LoadAware,2756,3037662008,422105,422307,202,completed,-37
LoadAware,2757,3037662008,422205,422413,208,completed,-37
LoadAware,2758,3037662008,422305,422515,210,completed,-37
LoadAware,2759,3037662008,422405,422618,213,completed,-37
LoadAware,2760,3037662008,422505,422721,216,completed,-37
LoadAware,2761,3037662008,422605,422823,218,completed,-37
LoadAware,2762,3037662008,422705,422926,221,completed,-37
LoadAware,2763,3037662008,422805,423029,224,completed,-37
LoadAware,2764,3037662008,422905,423209,304,completed,-37
LoadAware,2765,3037662008,423105,423312,207,completed,-37
LoadAware,2766,3037662008,423205,423414,209,completed,-37
LoadAware,2767,3037662008,423305,423517,212,completed,-37
LoadAware,2768,3037662008,423405,423619,214,completed,-37
LoadAware,2769,3037662008,423505,423722,217,completed,-37
LoadAware,2770,3037662008,423605,423825,220,completed,-37
LoadAware,2771,3037662008,423705,423928,223,completed,-37
LoadAware,2772,3037662008,423805,424031,226,completed,-34
LoadAware,2773,3037662008,423905,424132,227,completed,-34
LoadAware,2775,3658959723,424207,424331,124,completed,-11
LoadAware,2776,3658959723,424307,424443,136,completed,-11
LoadAware,2774,3037662008,424107,424233,126,completed,-34
LoadAware,2777,3658959723,424407,424546,139,completed,-11
LoadAware,2778,3658959723,424507,424649,142,completed,-11
LoadAware,2779,3658959723,424607,424752,145,completed,-11
LoadAware,2780,3658959723,424707,424855,148,completed,-11
LoadAware,2781,3658959723,424807,424957,150,completed,-11
LoadAware,2782,3658959723,424907,425227,320,completed,-11
LoadAware,2783,3658959723,425109,425330,221,completed,-11
LoadAware,2784,3658959723,425209,425433,224,completed,-11
LoadAware,2785,3658959723,425309,425536,227,completed,-11
LoadAware,2786,3658959723,425409,425639,230,completed,-11
LoadAware,2787,3658959723,425509,425742,233,completed,-11
LoadAware,2788,3658959723,425609,425845,236,completed,-11
LoadAware,2789,3658959723,425709,425948,239,completed,-11
LoadAware,2790,3658959723,425809,426051,242,completed,-13
LoadAware,2791,3658959723,425909,426231,322,completed,-13
LoadAware,2792,3658959723,426113,426333,220,completed,-13
LoadAware,SUMMARY,ALL,0,0,120004,batch_complete,0
----------------,---,---,---,---,---,----------------,---
LoadAware,2793,3037662008,428332,428663,331,completed,-30
LoadAware,2794,3037662008,428548,428979,431,completed,-30
LoadAware,2795,3037662008,452737,452864,127,completed,-33
LoadAware,2796,3037662008,452972,453080,108,completed,-33
LoadAware,2797,3037662008,453072,453183,111,completed,-33
LoadAware,2798,3037662008,453172,453286,114,completed,-33
LoadAware,2799,3037662008,453272,453398,126,completed,-33
LoadAware,2800,3037662008,453372,453610,238,completed,-33
LoadAware,2801,3037662008,453472,453713,241,completed,-33
LoadAware,2802,3037662008,453572,453816,244,completed,-33
LoadAware,2803,3037662008,453672,453919,247,completed,-33
LoadAware,2804,3037662008,453775,454076,301,completed,-29
LoadAware,2806,3658959723,454076,454200,124,completed,-11
LoadAware,2807,3658959723,454176,454310,134,completed,-11
LoadAware,2805,3037662008,453976,454179,203,completed,-29
LoadAware,2808,3658959723,454276,454412,136,completed,-11
LoadAware,2809,3658959723,454376,454515,139,completed,-11
LoadAware,2810,3658959723,454476,454618,142,completed,-11
LoadAware,2811,3658959723,454576,454721,145,completed,-11
LoadAware,2812,3658959723,454676,454824,148,completed,-11
LoadAware,2813,3658959723,454776,454927,151,completed,-11
LoadAware,2814,3658959723,454977,455104,127,completed,-11
LoadAware,2815,3658959723,455077,455207,130,completed,-11
LoadAware,2816,3658959723,455177,455310,133,completed,-11
LoadAware,2817,3658959723,455277,455413,136,completed,-11
LoadAware,2818,3658959723,455377,455516,139,completed,-11
LoadAware,2819,3658959723,455477,455619,142,completed,-11
LoadAware,2820,3658959723,455577,455722,145,completed,-11
LoadAware,2821,3658959723,455677,455825,148,completed,-11
LoadAware,2822,3658959723,455777,456097,320,completed,-13
LoadAware,2823,3658959723,455979,456200,221,completed,-13
LoadAware,2824,3037662008,456079,456186,107,completed,-29
LoadAware,2825,3037662008,456179,456289,110,completed,-29
LoadAware,2826,3037662008,456279,456391,112,completed,-29
LoadAware,2827,3037662008,456379,456494,115,completed,-29
LoadAware,2828,3037662008,456479,456597,118,completed,-29
LoadAware,2829,3037662008,456579,456700,121,completed,-29
LoadAware,2830,3037662008,456679,456803,124,completed,-29
LoadAware,2831,3037662008,456779,457080,301,completed,-29
LoadAware,2832,3037662008,456979,457189,210,completed,-29
LoadAware,2833,3037662008,457079,457298,219,completed,-29
LoadAware,2834,3037662008,457179,457409,230,completed,-29
LoadAware,2835,3037662008,457279,457512,233,completed,-29
LoadAware,2836,3037662008,457379,457615,236,completed,-29
LoadAware,2837,3037662008,457479,457718,239,completed,-29
LoadAware,2838,3037662008,457579,457821,242,completed,-29
LoadAware,2839,3037662008,457679,457924,245,completed,-29
LoadAware,2842,3658959723,458082,458207,125,completed,-12
LoadAware,2840,3037662008,457779,458081,302,completed,-32
LoadAware,2843,3658959723,458182,458316,134,completed,-12
LoadAware,2844,3658959723,458282,458425,143,completed,-12
LoadAware,2845,3658959723,458382,458528,146,completed,-12
LoadAware,2841,3037662008,457982,458183,201,completed,-32
LoadAware,2846,3658959723,458482,458631,149,completed,-12
LoadAware,2847,3658959723,458582,458734,152,completed,-12
LoadAware,2848,3658959723,458682,458837,155,completed,-12
LoadAware,2849,3658959723,458782,459102,320,completed,-12
LoadAware,2850,3658959723,458977,459237,260,completed,-12
LoadAware,2851,3658959723,459077,459340,263,completed,-12
LoadAware,2852,3658959723,459177,459443,266,completed,-12
LoadAware,2853,3658959723,459277,459546,269,completed,-12
LoadAware,2854,3658959723,459377,459649,272,completed,-12
LoadAware,2855,3658959723,459477,459752,275,completed,-12
LoadAware,2856,3658959723,459577,459855,278,completed,-12
LoadAware,2857,3658959723,459677,459958,281,completed,-12
LoadAware,2860,3037662008,460083,460190,107,completed,-28
LoadAware,2858,3658959723,459777,460103,326,completed,-14
LoadAware,2859,3658959723,459983,460205,222,completed,-14
LoadAware,2861,3037662008,460183,460293,110,completed,-28
LoadAware,2862,3037662008,460283,460396,113,completed,-28
LoadAware,2863,3037662008,460383,460499,116,completed,-28
LoadAware,2864,3037662008,460483,460601,118,completed,-28
LoadAware,2865,3037662008,460583,460703,120,completed,-28
LoadAware,2866,3037662008,460683,460806,123,completed,-28
LoadAware,2867,3037662008,460783,461087,304,completed,-28
LoadAware,2868,3037662008,460981,463282,2301,completed,-30
LoadAware,2869,3037662008,463189,463515,326,completed,-30
LoadAware,2870,3037662008,463387,463816,429,completed,-30
LoadAware,2871,3037662008,463487,463918,431,completed,-30
LoadAware,2872,3037662008,463587,464021,434,completed,-28
LoadAware,2873,3037662008,463687,464122,435,completed,-28
LoadAware,2874,3037662008,463787,464223,436,completed,-28
LoadAware,2877,3658959723,464087,464211,124,completed,-12
LoadAware,2878,3658959723,464188,464515,327,completed,-12
LoadAware,2879,3658959723,464395,464636,241,completed,-12
LoadAware,2880,3658959723,464495,464739,244,completed,-12
LoadAware,2875,3037662008,463887,464325,438,completed,-28
LoadAware,2881,3658959723,464595,464842,247,completed,-12
LoadAware,2882,3658959723,464695,464945,250,completed,-12
LoadAware,2876,3037662008,463987,464426,439,completed,-28
LoadAware,2883,3658959723,464795,465048,253,completed,-12
LoadAware,2884,3658959723,464895,465151,256,completed,-12
LoadAware,2885,3658959723,464995,465254,259,completed,-12
LoadAware,2886,3658959723,465095,465357,262,completed,-12
LoadAware,2887,3658959723,465195,465517,322,completed,-12
LoadAware,2888,3658959723,465406,465620,214,completed,-12
LoadAware,2889,3658959723,465506,465723,217,completed,-12
LoadAware,2890,3658959723,465609,465826,217,completed,-12
LoadAware,2891,3658959723,465712,465929,217,completed,-12
LoadAware,2892,3658959723,465815,466032,217,completed,-12
LoadAware,2893,3658959723,465918,466135,217,completed,-12
LoadAware,2895,3037662008,466124,466233,109,completed,-29
LoadAware,2894,3658959723,466023,466238,215,completed,-12
LoadAware,2896,3037662008,466398,466509,111,completed,-29
LoadAware,2897,3037662008,466498,466619,121,completed,-29
LoadAware,2898,3037662008,466598,466722,124,completed,-29
LoadAware,2899,3037662008,466698,466825,127,completed,-29
LoadAware,2900,3037662008,466798,466928,130,completed,-29
LoadAware,2901,3037662008,466898,467031,133,completed,-29
LoadAware,2902,3037662008,466998,467134,136,completed,-29
LoadAware,2903,3037662008,467098,467237,139,completed,-29
LoadAware,2904,3037662008,467198,467499,301,completed,-29
LoadAware,2905,3037662008,467406,467607,201,completed,-29
LoadAware,2906,3037662008,467507,467713,206,completed,-29
LoadAware,2907,3037662008,467607,467816,209,completed,-29
LoadAware,2908,3037662008,467707,467919,212,completed,-29
LoadAware,2909,3037662008,467807,468022,215,completed,-28
LoadAware,2912,3658959723,468107,468232,125,completed,-12
LoadAware,2910,3037662008,467907,468125,218,completed,-28
LoadAware,2913,3658959723,468405,468539,134,completed,-12
LoadAware,2911,3037662008,468007,468227,220,completed,-28
LoadAware,2914,3658959723,468505,468650,145,completed,-12
LoadAware,2915,3658959723,468605,468795,190,completed,-12
LoadAware,2916,3658959723,468705,468898,193,completed,-12
LoadAware,2917,3658959723,468805,469001,196,completed,-12
LoadAware,2918,3658959723,468905,469104,199,completed,-12
LoadAware,2919,3658959723,469005,469207,202,completed,-12
LoadAware,2920,3658959723,469105,469310,205,completed,-12
LoadAware,2921,3658959723,469408,469534,126,completed,-12
LoadAware,2922,3658959723,469508,469637,129,completed,-12
LoadAware,2923,3658959723,469608,469740,132,completed,-12
LoadAware,2924,3658959723,469708,469843,135,completed,-12
LoadAware,2925,3658959723,469808,469946,138,completed,-12
LoadAware,2928,3037662008,470108,470215,107,completed,-27
LoadAware,2926,3658959723,469908,470049,141,completed,-14
LoadAware,2929,3037662008,470410,470517,107,completed,-27
LoadAware,2930,3037662008,470510,470620,110,completed,-27
LoadAware,2927,3658959723,470008,470150,142,completed,-14
LoadAware,2931,3037662008,470610,470722,112,completed,-27
LoadAware,2932,3037662008,470710,470825,115,completed,-27
LoadAware,2933,3037662008,470810,470927,117,completed,-27
LoadAware,2934,3037662008,470910,471030,120,completed,-27
LoadAware,2935,3037662008,471010,471133,123,completed,-27
LoadAware,2936,3037662008,471110,471236,126,completed,-27
LoadAware,2937,3037662008,471403,471511,108,completed,-27
LoadAware,2938,3037662008,471503,471613,110,completed,-27
LoadAware,2939,3037662008,471603,471715,112,completed,-27
LoadAware,2940,3037662008,471703,471818,115,completed,-27
LoadAware,2941,3037662008,471803,471921,118,completed,-27
LoadAware,2942,3037662008,471903,472024,121,completed,-30
LoadAware,2943,3037662008,472003,472125,122,completed,-30
LoadAware,2944,3658959723,472103,472229,126,completed,-12
LoadAware,2945,3658959723,472203,472522,319,completed,-12
LoadAware,2946,3658959723,472412,472633,221,completed,-12
LoadAware,2947,3658959723,472515,472800,285,completed,-12
LoadAware,2948,3658959723,472615,472903,288,completed,-12
LoadAware,2949,3658959723,472715,473006,291,completed,-12
LoadAware,2950,3658959723,472815,473109,294,completed,-12
LoadAware,2951,3658959723,472915,473212,297,completed,-12
LoadAware,2952,3658959723,473015,473315,300,completed,-12
LoadAware,2953,3658959723,473115,473422,307,completed,-12
LoadAware,2954,3658959723,473400,473528,128,completed,-12
LoadAware,2955,3658959723,473500,473631,131,completed,-12
LoadAware,2956,3658959723,473600,473734,134,completed,-12
LoadAware,2957,3658959723,473700,473840,140,completed,-12
LoadAware,2958,3658959723,473800,473943,143,completed,-12
LoadAware,2961,3037662008,474100,474208,108,completed,-31
LoadAware,2959,3658959723,473900,474046,146,completed,-14
LoadAware,2962,3037662008,474200,474310,110,completed,-31
LoadAware,2963,3037662008,474411,474528,117,completed,-31
LoadAware,2964,3037662008,474511,474631,120,completed,-31
LoadAware,2960,3658959723,474000,474148,148,completed,-14
LoadAware,2965,3037662008,474611,474734,123,completed,-31
LoadAware,2966,3037662008,474711,474837,126,completed,-31
LoadAware,2967,3037662008,474811,474939,128,completed,-31
LoadAware,2968,3037662008,474911,475042,131,completed,-31
LoadAware,2969,3037662008,475011,475145,134,completed,-31
LoadAware,2970,3037662008,475111,475248,137,completed,-31
LoadAware,2971,3037662008,475406,475514,108,completed,-31
LoadAware,2972,3037662008,475506,475625,119,completed,-31
LoadAware,2973,3037662008,475606,475727,121,completed,-31
LoadAware,2974,3037662008,475706,475830,124,completed,-31
LoadAware,2975,3037662008,475806,475933,127,completed,-31
LoadAware,2978,3658959723,476106,476232,126,completed,-12
LoadAware,2976,3037662008,475906,476035,129,completed,-31
LoadAware,2979,3658959723,476206,476527,321,completed,-12
LoadAware,2980,3658959723,476415,476630,215,completed,-12
LoadAware,2977,3037662008,476006,476136,130,completed,-31
LoadAware,2981,3658959723,476516,476733,217,completed,-12
LoadAware,2982,3658959723,476618,476836,218,completed,-12
LoadAware,2983,3658959723,476721,476939,218,completed,-12
LoadAware,2984,3658959723,476821,477042,221,completed,-12
LoadAware,2985,3658959723,476921,477146,225,completed,-12
LoadAware,2986,3658959723,477021,477248,227,completed,-12
LoadAware,2987,3658959723,477121,477350,229,completed,-12
LoadAware,2988,3658959723,477415,477560,145,completed,-12
LoadAware,2989,3658959723,477515,477666,151,completed,-12
LoadAware,2990,3658959723,477615,477769,154,completed,-12
LoadAware,2991,3658959723,477715,477872,157,completed,-12
LoadAware,2992,3658959723,477815,477975,160,completed,-12
LoadAware,2995,3037662008,478115,478222,107,completed,-32
LoadAware,2993,3658959723,477915,478078,163,completed,-15
LoadAware,2996,3037662008,478422,478531,109,completed,-32
LoadAware,2994,3658959723,478015,478180,165,completed,-15
LoadAware,2997,3037662008,480630,480951,321,completed,-32
LoadAware,2998,3037662008,480829,481388,559,completed,-32
LoadAware,2999,3037662008,480929,481663,734,completed,-32
LoadAware,3000,3037662008,481029,481940,911,completed,-32
LoadAware,3001,3037662008,481129,482042,913,completed,-33
LoadAware,3002,3037662008,481229,482233,1004,completed,-33
LoadAware,3003,3037662008,481329,482488,1159,completed,-33
LoadAware,3004,3037662008,481429,482734,1305,completed,-33
LoadAware,3005,3037662008,481529,482939,1410,completed,-33
LoadAware,3006,3037662008,481629,483042,1413,completed,-33
LoadAware,3007,3037662008,481826,483145,1319,completed,-33
LoadAware,3008,3037662008,481926,483248,1322,completed,-33
LoadAware,3009,3037662008,482026,483350,1324,completed,-33
LoadAware,3010,3037662008,482126,483452,1326,completed,-33
LoadAware,3022,3658959723,483439,483563,124,completed,-12
LoadAware,3011,3037662008,482226,483555,1329,completed,-33
LoadAware,3023,3658959723,483539,483672,133,completed,-12
LoadAware,3024,3658959723,483639,483959,320,completed,-12
LoadAware,3025,3658959723,483840,484065,225,completed,-13
LoadAware,3026,3658959723,483940,484168,228,completed,-13
LoadAware,3027,3658959723,484040,484271,231,completed,-13
LoadAware,3028,3658959723,484140,484373,233,completed,-13
LoadAware,3029,3658959723,484240,484476,236,completed,-13
LoadAware,3030,3658959723,484340,484579,239,completed,-13
LoadAware,3031,3658959723,484440,484682,242,completed,-13
LoadAware,3032,3658959723,484540,484785,245,completed,-13
LoadAware,3033,3658959723,484641,484975,334,completed,-13
LoadAware,3034,3658959723,484841,485078,237,completed,-13
LoadAware,3035,3658959723,484941,485181,240,completed,-13
LoadAware,3036,3658959723,485041,485284,243,completed,-13
LoadAware,3037,3658959723,485141,485387,246,completed,-13
LoadAware,3038,3658959723,485241,485489,248,completed,-13
LoadAware,3039,3658959723,485341,485592,251,completed,-13
LoadAware,3040,3658959723,485441,485695,254,completed,-13
LoadAware,3041,3658959723,485541,485798,257,completed,-13
LoadAware,3042,3658959723,485641,485899,258,completed,-13
LoadAware,3043,3658959723,485844,486002,158,completed,-13
LoadAware,3044,3658959723,485944,486105,161,completed,-13
LoadAware,3045,3658959723,486044,486207,163,completed,-13
LoadAware,3046,3658959723,486144,486310,166,completed,-13
LoadAware,3047,3658959723,486244,486413,169,completed,-13
LoadAware,3048,3658959723,486344,486516,172,completed,-13
LoadAware,3049,3658959723,486444,486619,175,completed,-13
LoadAware,3050,3658959723,486544,486722,178,completed,-13
LoadAware,3051,3658959723,486644,486963,319,completed,-13
LoadAware,3052,3658959723,486844,487075,231,completed,-13
LoadAware,3053,3658959723,486944,487178,234,completed,-13
LoadAware,3054,3658959723,487044,487281,237,completed,-13
LoadAware,3055,3658959723,487144,487384,240,completed,-13
LoadAware,3056,3658959723,487244,487487,243,completed,-13
LoadAware,3012,3658959723,487327,487590,263,completed,-13
LoadAware,3057,3658959723,487344,487693,349,completed,-13
LoadAware,3013,3658959723,487427,487796,369,completed,-13
LoadAware,3058,3658959723,487444,487897,453,completed,-13
LoadAware,3014,3658959723,487527,488000,473,completed,-13
LoadAware,3059,3658959723,487544,488103,559,completed,-13
LoadAware,3015,3658959723,487638,488206,568,completed,-13
LoadAware,3060,3658959723,487644,488309,665,completed,-13
LoadAware,3061,3658959723,487846,488415,569,completed,-13
LoadAware,3016,3658959723,487848,488518,670,completed,-13
LoadAware,3017,3658959723,487940,488621,681,completed,-13
LoadAware,3062,3658959723,487946,488724,778,completed,-13
LoadAware,3018,3658959723,488040,488827,787,completed,-13
LoadAware,3063,3658959723,488046,488929,883,completed,-13
LoadAware,3019,3658959723,488140,489031,891,completed,-13
LoadAware,3064,3658959723,488146,489133,987,completed,-13
LoadAware,3020,3658959723,488240,489236,996,completed,-13
LoadAware,3065,3658959723,488246,489339,1093,completed,-13
LoadAware,3021,3658959723,488340,489442,1102,completed,-13
LoadAware,3066,3658959723,488346,489545,1199,completed,-13
LoadAware,3067,3658959723,488446,489648,1202,completed,-13
LoadAware,3068,3658959723,488546,489751,1205,completed,-13
LoadAware,3069,3658959723,488646,489853,1207,completed,-13
LoadAware,3070,3658959723,488848,489954,1106,completed,-13
LoadAware,3071,3658959723,488948,490057,1109,completed,-13
LoadAware,3072,3658959723,489048,490158,1110,completed,-13
LoadAware,3073,3658959723,489148,490261,1113,completed,-13
LoadAware,3074,3658959723,489248,490364,1116,completed,-13
LoadAware,3075,3658959723,489356,490466,1110,completed,-13
LoadAware,3076,3658959723,489456,490569,1113,completed,-13
LoadAware,3077,3658959723,489556,490672,1116,completed,-13
LoadAware,3078,3658959723,489841,490774,933,completed,-13
LoadAware,3079,3658959723,489943,490879,936,completed,-13
LoadAware,3080,3658959723,490043,490982,939,completed,-13
LoadAware,3081,3658959723,490147,491085,938,completed,-13
LoadAware,3082,3658959723,490250,491188,938,completed,-13
LoadAware,3083,3658959723,490350,491291,941,completed,-13
LoadAware,3084,3658959723,490450,491394,944,completed,-13
LoadAware,3085,3658959723,490550,491497,947,completed,-13
LoadAware,3086,3658959723,490650,491600,950,completed,-13
LoadAware,3087,3658959723,490850,491703,853,completed,-13
LoadAware,3088,3658959723,490950,491806,856,completed,-13
LoadAware,3089,3658959723,491050,491907,857,completed,-13
LoadAware,3090,3658959723,491150,492009,859,completed,-13
LoadAware,3091,3658959723,491250,492112,862,completed,-14
LoadAware,3092,3658959723,491350,492215,865,completed,-14
LoadAware,3093,3658959723,491450,492318,868,completed,-14
LoadAware,3094,3658959723,491550,492421,871,completed,-14
LoadAware,3095,3658959723,491650,492524,874,completed,-14
LoadAware,3096,3658959723,491850,492627,777,completed,-14
LoadAware,3097,3658959723,491950,492730,780,completed,-14
LoadAware,3098,3658959723,492050,492833,783,completed,-14
LoadAware,3099,3658959723,492150,492934,784,completed,-14
LoadAware,3100,3658959723,492250,493036,786,completed,-14
LoadAware,3101,3658959723,492350,493139,789,completed,-14
LoadAware,3102,3658959723,492450,493242,792,completed,-14
LoadAware,3103,3658959723,492550,493345,795,completed,-14
LoadAware,3104,3658959723,492650,493448,798,completed,-14
LoadAware,3105,3658959723,492853,493551,698,completed,-14
LoadAware,3106,3658959723,492953,493654,701,completed,-14
LoadAware,3107,3658959723,493053,493757,704,completed,-14
LoadAware,3108,3658959723,493153,493859,706,completed,-14
LoadAware,3109,3658959723,493253,493960,707,completed,-14
LoadAware,3110,3658959723,493360,494062,702,completed,-14
LoadAware,3111,3658959723,493460,494164,704,completed,-14
LoadAware,3112,3658959723,493560,494266,706,completed,-14
LoadAware,3113,3658959723,493847,494368,521,completed,-14
LoadAware,3114,3658959723,493947,494474,527,completed,-14
LoadAware,3115,3658959723,494047,494577,530,completed,-14
LoadAware,3116,3658959723,494147,494680,533,completed,-14
LoadAware,3117,3658959723,494247,494783,536,completed,-14
LoadAware,3118,3658959723,494347,494885,538,completed,-14
LoadAware,3119,3658959723,494447,494988,541,completed,-14
LoadAware,3120,3658959723,494547,495090,543,completed,-14
LoadAware,3121,3658959723,494647,495193,546,completed,-14
LoadAware,3122,3658959723,494855,495296,441,completed,-14
LoadAware,3123,3658959723,494955,495399,444,completed,-14
LoadAware,3124,3658959723,495055,495502,447,completed,-14
LoadAware,3125,3658959723,495155,495605,450,completed,-14
LoadAware,3126,3658959723,495255,495708,453,completed,-14
LoadAware,3127,3658959723,495363,495811,448,completed,-14
LoadAware,3128,3658959723,495463,495912,449,completed,-14
LoadAware,3129,3658959723,495563,496014,451,completed,-14
LoadAware,3130,3658959723,495851,496115,264,completed,-13
LoadAware,3131,3658959723,498062,498387,325,completed,-12
LoadAware,3132,3658959723,498268,498489,221,completed,-12
LoadAware,3133,3658959723,498368,498595,227,completed,-12
LoadAware,3134,3658959723,498468,498698,230,completed,-12
LoadAware,3135,3658959723,498568,498801,233,completed,-12
LoadAware,3136,3658959723,498668,498904,236,completed,-12
LoadAware,3137,3658959723,498768,499007,239,completed,-12
LoadAware,3138,3658959723,498868,499110,242,completed,-12
LoadAware,3139,3658959723,498968,499213,245,completed,-12
LoadAware,3140,3658959723,499263,499393,130,completed,-12
LoadAware,3141,3658959723,499363,499496,133,completed,-12
LoadAware,3142,3658959723,499463,499598,135,completed,-12
LoadAware,3143,3658959723,499563,499701,138,completed,-12
LoadAware,3144,3658959723,499663,499804,141,completed,-12
LoadAware,3145,3658959723,499763,499907,144,completed,-12
LoadAware,3146,3658959723,499863,500010,147,completed,-12
LoadAware,3147,3658959723,499963,500113,150,completed,-13
LoadAware,3148,3658959723,500064,500215,151,completed,-13
LoadAware,3149,3658959723,500267,500394,127,completed,-13
LoadAware,3150,3658959723,500367,500497,130,completed,-13
LoadAware,3151,3658959723,500467,500599,132,completed,-13
LoadAware,3152,3658959723,500567,500702,135,completed,-13
LoadAware,3153,3658959723,500667,500805,138,completed,-13
LoadAware,3154,3658959723,500767,500908,141,completed,-13
LoadAware,3155,3658959723,500867,501011,144,completed,-13
LoadAware,3156,3658959723,500967,501114,147,completed,-13
LoadAware,3157,3658959723,501067,501217,150,completed,-13
LoadAware,3158,3658959723,501267,501398,131,completed,-13
LoadAware,3159,3658959723,501367,501513,146,completed,-13
LoadAware,3160,3658959723,501467,501616,149,completed,-13
LoadAware,3161,3658959723,501567,501719,152,completed,-13
LoadAware,3162,3658959723,501667,501822,155,completed,-13
LoadAware,3163,3658959723,501767,501925,158,completed,-13
LoadAware,3164,3658959723,501867,502028,161,completed,-13
LoadAware,3165,3658959723,501967,502131,164,completed,-13
LoadAware,3166,3658959723,502067,502387,320,completed,-13
LoadAware,3167,3658959723,502265,502496,231,completed,-13
LoadAware,3168,3658959723,502365,502599,234,completed,-13
LoadAware,3169,3658959723,502465,502702,237,completed,-13
LoadAware,3170,3658959723,502565,502805,240,completed,-13
LoadAware,3171,3658959723,502665,502908,243,completed,-13
LoadAware,3172,3658959723,502765,503011,246,completed,-13
LoadAware,3173,3658959723,502865,503114,249,completed,-13
LoadAware,3174,3658959723,502965,503217,252,completed,-13
LoadAware,3175,3658959723,503065,503319,254,completed,-13
LoadAware,3176,3658959723,503270,503422,152,completed,-13
LoadAware,3177,3658959723,503374,503525,151,completed,-13
LoadAware,3178,3658959723,503474,503628,154,completed,-13
LoadAware,3179,3658959723,503574,503731,157,completed,-13
LoadAware,3180,3658959723,503674,503834,160,completed,-13
LoadAware,3181,3658959723,503774,503937,163,completed,-13
LoadAware,3182,3658959723,503874,504040,166,completed,-13
LoadAware,3183,3658959723,503974,504143,169,completed,-13
LoadAware,3184,3658959723,504271,504396,125,completed,-13
LoadAware,3185,3658959723,504371,504506,135,completed,-13
LoadAware,3186,3658959723,504471,504609,138,completed,-13
LoadAware,3187,3658959723,504571,504712,141,completed,-13
LoadAware,3188,3658959723,504671,504815,144,completed,-13
LoadAware,3189,3658959723,504771,504918,147,completed,-13
LoadAware,3190,3658959723,504871,505021,150,completed,-13
LoadAware,3191,3658959723,504971,505124,153,completed,-13
LoadAware,3192,3658959723,505072,505392,320,completed,-13
LoadAware,3193,3658959723,505273,505495,222,completed,-13
LoadAware,3194,3658959723,505373,505598,225,completed,-13
LoadAware,3195,3658959723,505473,505701,228,completed,-13
LoadAware,3196,3658959723,505573,505804,231,completed,-13
LoadAware,3197,3658959723,505673,505907,234,completed,-13
LoadAware,3198,3658959723,505773,506010,237,completed,-13
LoadAware,3199,3658959723,505873,506113,240,completed,-13
LoadAware,3200,3658959723,505973,506215,242,completed,-13
LoadAware,3201,3658959723,506073,506394,321,completed,-13
LoadAware,3202,3658959723,506274,506496,222,completed,-13
LoadAware,3203,3658959723,506374,506599,225,completed,-13
LoadAware,3204,3658959723,506474,506705,231,completed,-13
LoadAware,3205,3658959723,506574,506808,234,completed,-13
LoadAware,3206,3658959723,506674,506911,237,completed,-13
LoadAware,3207,3658959723,506774,507014,240,completed,-13
LoadAware,3208,3658959723,506874,507117,243,completed,-13
LoadAware,3209,3658959723,506974,507220,246,completed,-13
LoadAware,3210,3658959723,507074,507395,321,completed,-13
LoadAware,3211,3658959723,507274,507501,227,completed,-13
LoadAware,3212,3658959723,507374,507605,231,completed,-13
LoadAware,3213,3658959723,507474,507708,234,completed,-13
LoadAware,3214,3658959723,507574,507811,237,completed,-13
LoadAware,3215,3658959723,507674,507913,239,completed,-13
LoadAware,3216,3658959723,507774,508016,242,completed,-13
LoadAware,3217,3658959723,507874,508118,244,completed,-13
LoadAware,3218,3658959723,507974,508220,246,completed,-13
LoadAware,3219,3658959723,508074,508395,321,completed,-13
LoadAware,3220,3658959723,508276,508498,222,completed,-13
LoadAware,3221,3658959723,508376,508600,224,completed,-13
LoadAware,3222,3658959723,508476,508703,227,completed,-13
LoadAware,3223,3658959723,508576,508806,230,completed,-13
LoadAware,3224,3658959723,508676,508909,233,completed,-13
LoadAware,3225,3658959723,508776,509012,236,completed,-13
LoadAware,3226,3658959723,508876,509115,239,completed,-13
LoadAware,3227,3658959723,508976,509218,242,completed,-13
LoadAware,3228,3658959723,509076,509396,320,completed,-13
LoadAware,3229,3658959723,509277,509502,225,completed,-13
LoadAware,3230,3658959723,509377,509605,228,completed,-13
LoadAware,3231,3658959723,509477,509708,231,completed,-13
LoadAware,3232,3658959723,509577,509811,234,completed,-13
LoadAware,3233,3658959723,509677,509914,237,completed,-13
LoadAware,3234,3658959723,509777,510017,240,completed,-13
LoadAware,3235,3658959723,509877,510120,243,completed,-12
LoadAware,3236,3658959723,509977,510223,246,completed,-12
LoadAware,3237,3658959723,510077,510325,248,completed,-12
LoadAware,3238,3658959723,510282,510427,145,completed,-12
LoadAware,3239,3658959723,510382,510529,147,completed,-12
LoadAware,3240,3658959723,510482,510631,149,completed,-12
LoadAware,3241,3658959723,510582,510734,152,completed,-12
LoadAware,3242,3658959723,510682,510837,155,completed,-12
LoadAware,3243,3658959723,510782,510940,158,completed,-12
LoadAware,3244,3658959723,510882,511043,161,completed,-12
LoadAware,3245,3658959723,510982,511146,164,completed,-12
LoadAware,3246,3658959723,511082,511248,166,completed,-12
LoadAware,3247,3658959723,511283,511411,128,completed,-12
LoadAware,3248,3658959723,511383,511513,130,completed,-12
LoadAware,3249,3658959723,511483,511641,158,completed,-12
LoadAware,3250,3658959723,511583,511744,161,completed,-12
LoadAware,3251,3658959723,511683,511847,164,completed,-12
LoadAware,3252,3658959723,511783,511950,167,completed,-12
LoadAware,3253,3658959723,511883,512053,170,completed,-12
LoadAware,3254,3658959723,511983,512156,173,completed,-12
LoadAware,3255,3658959723,512084,512403,319,completed,-12
LoadAware,3257,3037662008,512385,512536,151,completed,-32
LoadAware,3256,3658959723,512285,512506,221,completed,-12
LoadAware,3258,3037662008,512485,512653,168,completed,-32
LoadAware,3259,3037662008,512585,512762,177,completed,-32
LoadAware,3260,3037662008,512685,512865,180,completed,-32
LoadAware,3261,3037662008,512785,512968,183,completed,-32
LoadAware,3262,3037662008,512885,513071,186,completed,-32
LoadAware,3263,3037662008,512985,513174,189,completed,-32
LoadAware,3264,3037662008,513085,513277,192,completed,-32
LoadAware,3265,3037662008,513287,513401,114,completed,-32
LoadAware,3266,3037662008,515491,515793,302,completed,-30
LoadAware,3267,3037662008,515696,516136,440,completed,-34
LoadAware,3268,3037662008,515796,516411,615,completed,-34
LoadAware,3269,3037662008,515896,516795,899,completed,-34
LoadAware,3270,3037662008,515996,516898,902,completed,-34
LoadAware,3271,3037662008,516096,517001,905,completed,-34
LoadAware,3272,3037662008,516196,517104,908,completed,-34
LoadAware,3273,3037662008,516296,517208,912,completed,-34
LoadAware,3274,3037662008,516396,517311,915,completed,-34
LoadAware,3275,3037662008,516693,517414,721,completed,-34
LoadAware,3276,3037662008,516793,517517,724,completed,-34
LoadAware,3277,3037662008,516893,517619,726,completed,-34
LoadAware,3278,3037662008,516993,517720,727,completed,-34
LoadAware,3279,3037662008,517093,517822,729,completed,-34
LoadAware,3280,3037662008,517193,517925,732,completed,-34
LoadAware,3281,3037662008,517293,518028,735,completed,-34
LoadAware,3282,3037662008,517393,518130,737,completed,-31
LoadAware,3283,3037662008,517493,518233,740,completed,-31
LoadAware,3289,3658959723,518199,518325,126,completed,-11
LoadAware,3290,3658959723,518299,518428,129,completed,-11
LoadAware,3291,3658959723,518399,518531,132,completed,-11
LoadAware,3284,3037662008,517699,518335,636,completed,-31
LoadAware,3292,3658959723,518499,518819,320,completed,-11
LoadAware,3285,3037662008,517799,518437,638,completed,-31
LoadAware,3293,3658959723,518694,519058,364,completed,-11
LoadAware,3294,3658959723,518794,519161,367,completed,-11
LoadAware,3286,3037662008,517899,518539,640,completed,-31
LoadAware,3287,3037662008,517999,518641,642,completed,-31
LoadAware,3295,3658959723,518894,519264,370,completed,-11
LoadAware,3296,3658959723,518994,519367,373,completed,-11
LoadAware,3297,3658959723,519094,519470,376,completed,-11
LoadAware,3288,3037662008,518099,518742,643,completed,-31
LoadAware,3298,3658959723,519194,519573,379,completed,-11
LoadAware,3299,3658959723,519294,519676,382,completed,-11
LoadAware,3300,3658959723,519394,519777,383,completed,-11
LoadAware,3301,3658959723,519494,519880,386,completed,-11
LoadAware,3302,3658959723,519702,519983,281,completed,-11
LoadAware,3306,3037662008,520102,520209,107,completed,-33
LoadAware,3303,3658959723,519802,520086,284,completed,-12
LoadAware,3307,3037662008,520202,520312,110,completed,-33
LoadAware,3308,3037662008,520302,520414,112,completed,-33
LoadAware,3309,3037662008,520402,520517,115,completed,-33
LoadAware,3304,3658959723,519902,520187,285,completed,-12
LoadAware,3310,3037662008,520502,520806,304,completed,-33
LoadAware,3311,3037662008,520698,520909,211,completed,-33
LoadAware,3305,3658959723,520002,520288,286,completed,-12
LoadAware,3312,3037662008,520798,521012,214,completed,-33
LoadAware,3313,3037662008,520898,521115,217,completed,-33
LoadAware,3314,3037662008,520998,521218,220,completed,-33
LoadAware,3315,3037662008,521098,521320,222,completed,-33
LoadAware,3316,3037662008,521198,521423,225,completed,-33
LoadAware,3317,3037662008,521298,521526,228,completed,-33
LoadAware,3318,3037662008,521398,521629,231,completed,-33
LoadAware,3319,3037662008,521500,521731,231,completed,-33
LoadAware,3320,3037662008,521703,521833,130,completed,-33
LoadAware,3321,3037662008,521803,521936,133,completed,-33
LoadAware,3322,3037662008,521903,522039,136,completed,-33
LoadAware,3323,3037662008,522003,522142,139,completed,-29
LoadAware,3324,3037662008,522103,522245,142,completed,-29
LoadAware,3325,3037662008,522203,522348,145,completed,-29
LoadAware,3326,3037662008,522303,522451,148,completed,-29
LoadAware,3327,3037662008,522403,522554,151,completed,-29
LoadAware,3328,3037662008,522503,522657,154,completed,-29
LoadAware,3329,3037662008,522704,522814,110,completed,-29
LoadAware,3330,3037662008,522804,522916,112,completed,-29
LoadAware,3331,3037662008,522904,523019,115,completed,-29
LoadAware,3332,3037662008,523004,523121,117,completed,-29
LoadAware,3333,3037662008,523104,523223,119,completed,-29
LoadAware,3334,3037662008,523204,523326,122,completed,-29
LoadAware,3335,3037662008,523304,523429,125,completed,-29
LoadAware,3336,3037662008,523404,523532,128,completed,-29
LoadAware,3337,3037662008,523504,523635,131,completed,-29
LoadAware,3338,3037662008,523708,523815,107,completed,-29
LoadAware,3339,3037662008,523808,523918,110,completed,-29
LoadAware,3340,3037662008,523908,524021,113,completed,-29
LoadAware,3341,3037662008,524008,524124,116,completed,-30
LoadAware,3342,3037662008,524108,524227,119,completed,-30
LoadAware,3343,3037662008,524208,524330,122,completed,-30
LoadAware,3344,3037662008,524308,524433,125,completed,-30
LoadAware,3345,3037662008,524408,524536,128,completed,-30
LoadAware,3346,3037662008,524508,524811,303,completed,-30
LoadAware,3347,3037662008,524704,524913,209,completed,-30
LoadAware,3348,3037662008,524804,525016,212,completed,-30
LoadAware,3349,3037662008,524904,525118,214,completed,-30
LoadAware,3350,3037662008,525004,525221,217,completed,-30
LoadAware,3351,3037662008,525104,525323,219,completed,-30
LoadAware,3352,3037662008,525204,525426,222,completed,-30
LoadAware,3353,3037662008,525304,525530,226,completed,-30
LoadAware,3354,3037662008,525404,525632,228,completed,-30
LoadAware,3355,3037662008,525504,525811,307,completed,-30
LoadAware,3356,3037662008,525708,525918,210,completed,-30
LoadAware,3357,3037662008,525808,526021,213,completed,-30
LoadAware,3358,3037662008,525908,526124,216,completed,-29
LoadAware,3361,3658959723,526208,526334,126,completed,-12
LoadAware,3362,3658959723,526308,526436,128,completed,-12
LoadAware,3363,3658959723,526408,526538,130,completed,-12
LoadAware,3359,3037662008,526008,526226,218,completed,-29
LoadAware,3364,3658959723,526508,526641,133,completed,-12
LoadAware,3360,3037662008,526108,526327,219,completed,-29
LoadAware,3365,3658959723,526710,526843,133,completed,-12
LoadAware,3366,3658959723,526810,527083,273,completed,-12
LoadAware,3367,3658959723,526910,527186,276,completed,-12
LoadAware,3368,3658959723,527010,527289,279,completed,-12
LoadAware,3369,3658959723,527110,527392,282,completed,-12
LoadAware,3370,3658959723,527210,527495,285,completed,-12
LoadAware,3371,3658959723,527310,527598,288,completed,-12
LoadAware,3372,3658959723,527410,527701,291,completed,-12
LoadAware,3373,3658959723,527510,527803,293,completed,-12
LoadAware,3374,3658959723,527710,527906,196,completed,-12
LoadAware,3375,3658959723,527810,528009,199,completed,-12
LoadAware,3378,3037662008,528110,528219,109,completed,-29
LoadAware,3376,3658959723,527910,528112,202,completed,-13
LoadAware,3379,3037662008,528210,528322,112,completed,-29
LoadAware,3380,3037662008,528310,528425,115,completed,-29
LoadAware,3381,3037662008,528410,528528,118,completed,-29
LoadAware,3377,3658959723,528010,528213,203,completed,-13
LoadAware,3382,3037662008,528510,528630,120,completed,-29
LoadAware,3383,3037662008,528717,528828,111,completed,-29
LoadAware,3384,3037662008,528817,528931,114,completed,-29
LoadAware,3385,3037662008,528917,529034,117,completed,-29
LoadAware,3386,3037662008,529017,529137,120,completed,-29
LoadAware,3387,3037662008,529117,529240,123,completed,-29
LoadAware,3388,3037662008,529217,529343,126,completed,-29
LoadAware,3389,3037662008,529317,529446,129,completed,-29
LoadAware,3390,3037662008,529417,529549,132,completed,-29
LoadAware,3391,3037662008,529713,529822,109,completed,-29
LoadAware,3392,3037662008,529813,529925,112,completed,-29
LoadAware,3393,3037662008,529913,530028,115,completed,-29
LoadAware,3394,3037662008,530013,530131,118,completed,-30
LoadAware,3395,3037662008,530113,530232,119,completed,-30
LoadAware,3396,3037662008,530213,530335,122,completed,-30
LoadAware,3397,3037662008,530313,530438,125,completed,-30
LoadAware,3398,3037662008,530413,530541,128,completed,-30
LoadAware,3399,3037662008,530513,530644,131,completed,-30
LoadAware,3400,3037662008,530716,530828,112,completed,-30
LoadAware,3401,3037662008,532919,533255,336,completed,-32
LoadAware,3402,3037662008,533122,533372,250,completed,-32
LoadAware,3403,3037662008,533222,533475,253,completed,-32
LoadAware,3404,3037662008,533322,533578,256,completed,-32
LoadAware,3405,3037662008,533422,533681,259,completed,-32
LoadAware,3406,3037662008,533522,533784,262,completed,-32
LoadAware,3407,3037662008,533622,533887,265,completed,-32
LoadAware,3408,3037662008,533722,533990,268,completed,-32
LoadAware,3409,3037662008,533822,534092,270,completed,-31
LoadAware,3410,3037662008,533922,534228,306,completed,-31
LoadAware,3411,3037662008,534121,534331,210,completed,-31
LoadAware,3412,3037662008,534221,534433,212,completed,-31
LoadAware,3413,3037662008,534321,534536,215,completed,-31
LoadAware,3414,3037662008,534421,534639,218,completed,-31
LoadAware,3415,3037662008,534521,534742,221,completed,-31
LoadAware,3416,3037662008,534621,534845,224,completed,-31
LoadAware,3417,3037662008,534721,534948,227,completed,-31
LoadAware,3418,3037662008,534821,535051,230,completed,-31
LoadAware,3419,3037662008,534921,535153,232,completed,-31
LoadAware,3420,3037662008,535125,535256,131,completed,-31
LoadAware,3421,3037662008,535225,535359,134,completed,-31
LoadAware,3422,3037662008,535325,535462,137,completed,-31
LoadAware,3423,3037662008,535425,535565,140,completed,-31
LoadAware,3424,3037662008,535525,535668,143,completed,-31
LoadAware,3425,3037662008,535625,535771,146,completed,-31
LoadAware,3426,3037662008,535725,535874,149,completed,-31
LoadAware,3427,3037662008,535825,535977,152,completed,-31
LoadAware,3428,3037662008,535925,536227,302,completed,-35
LoadAware,3429,3037662008,536127,536330,203,completed,-35
LoadAware,3430,3037662008,536227,536432,205,completed,-35
LoadAware,3431,3037662008,536327,536538,211,completed,-35
LoadAware,3432,3037662008,536427,536641,214,completed,-35
LoadAware,3433,3037662008,536527,536744,217,completed,-35
LoadAware,3434,3037662008,536627,536847,220,completed,-35
LoadAware,3435,3037662008,536727,536950,223,completed,-35
LoadAware,3436,3037662008,536827,537052,225,completed,-35
LoadAware,3437,3037662008,536927,537230,303,completed,-35
LoadAware,3438,3037662008,537130,537333,203,completed,-35
LoadAware,3439,3037662008,537230,537435,205,completed,-35
LoadAware,3440,3037662008,537330,537561,231,completed,-35
LoadAware,3441,3037662008,537430,537664,234,completed,-35
LoadAware,3442,3037662008,537530,537767,237,completed,-35
LoadAware,3443,3037662008,537630,537870,240,completed,-35
LoadAware,3444,3037662008,537730,537973,243,completed,-35
LoadAware,3445,3037662008,537830,538075,245,completed,-31
LoadAware,3446,3037662008,538127,538236,109,completed,-31
LoadAware,3447,3037662008,538227,538339,112,completed,-31
LoadAware,3448,3037662008,538327,538442,115,completed,-31
LoadAware,3449,3037662008,538427,538545,118,completed,-31
LoadAware,3450,3037662008,538527,538648,121,completed,-31
LoadAware,3451,3037662008,538627,538751,124,completed,-31
LoadAware,3452,3037662008,538727,538854,127,completed,-31
LoadAware,3453,3037662008,538827,538957,130,completed,-31
LoadAware,3454,3037662008,538927,539229,302,completed,-31
LoadAware,3455,3037662008,539128,539335,207,completed,-31
LoadAware,3456,3037662008,539228,539553,325,completed,-31
LoadAware,3457,3037662008,539328,539656,328,completed,-31
LoadAware,3458,3037662008,539428,539759,331,completed,-31
LoadAware,3459,3037662008,539528,539862,334,completed,-31
LoadAware,3460,3037662008,539628,539965,337,completed,-31
LoadAware,3465,3658959723,540232,540358,126,completed,-12
LoadAware,3461,3037662008,539728,540068,340,completed,-31
LoadAware,3466,3658959723,540332,540497,165,completed,-12
LoadAware,3462,3037662008,539828,540169,341,completed,-31
LoadAware,3467,3658959723,540432,540605,173,completed,-12
LoadAware,3468,3658959723,540532,540804,272,completed,-12
LoadAware,3469,3658959723,540632,540907,275,completed,-12
LoadAware,3463,3037662008,539928,540271,343,completed,-31
LoadAware,3470,3658959723,540732,541010,278,completed,-12
LoadAware,3471,3658959723,540832,541113,281,completed,-12
LoadAware,3472,3658959723,540932,541259,327,completed,-12
LoadAware,3473,3658959723,541135,541361,226,completed,-12
LoadAware,3464,3037662008,540132,540373,241,completed,-31
LoadAware,3474,3658959723,541235,541464,229,completed,-12
LoadAware,3475,3658959723,541335,541567,232,completed,-12
LoadAware,3476,3658959723,541435,541669,234,completed,-12
LoadAware,3477,3658959723,541535,541772,237,completed,-12
LoadAware,3478,3658959723,541635,541875,240,completed,-12
LoadAware,3479,3658959723,541735,541978,243,completed,-12
LoadAware,3480,3658959723,541835,542081,246,completed,-13
LoadAware,3481,3658959723,542132,542280,148,completed,-13
LoadAware,3482,3658959723,542232,542383,151,completed,-13
LoadAware,3483,3658959723,542340,542486,146,completed,-13
LoadAware,3484,3658959723,542440,542589,149,completed,-13
LoadAware,3485,3658959723,542540,542692,152,completed,-13
LoadAware,3486,3658959723,542640,542795,155,completed,-13
LoadAware,3487,3658959723,542740,542898,158,completed,-13
LoadAware,3488,3658959723,542840,543001,161,completed,-13
LoadAware,3489,3658959723,543133,543261,128,completed,-13
LoadAware,3490,3658959723,543233,543370,137,completed,-13
LoadAware,3491,3658959723,543333,543485,152,completed,-13
LoadAware,3492,3658959723,543433,543588,155,completed,-13
LoadAware,3493,3658959723,543533,543691,158,completed,-13
LoadAware,3494,3658959723,543633,543794,161,completed,-13
LoadAware,3495,3658959723,543733,543897,164,completed,-13
LoadAware,3497,3037662008,543933,544039,106,completed,-28
LoadAware,3496,3658959723,543833,544000,167,completed,-13
LoadAware,3498,3037662008,544139,544251,112,completed,-29
LoadAware,3499,3037662008,544239,544354,115,completed,-29
LoadAware,3500,3037662008,544339,544456,117,completed,-29
LoadAware,3501,3037662008,544439,544559,120,completed,-29
LoadAware,3502,3037662008,544539,544662,123,completed,-29
LoadAware,3503,3037662008,544639,544765,126,completed,-29
LoadAware,3504,3037662008,544739,544868,129,completed,-29
LoadAware,3505,3037662008,544840,544978,138,completed,-29
LoadAware,3506,3037662008,545134,545245,111,completed,-29
LoadAware,3507,3037662008,545234,545348,114,completed,-29
LoadAware,3508,3037662008,545334,545450,116,completed,-29
LoadAware,3509,3037662008,545434,545553,119,completed,-29
LoadAware,3510,3037662008,545534,545655,121,completed,-29
LoadAware,3511,3037662008,545634,545757,123,completed,-29
LoadAware,3512,3037662008,545734,545859,125,completed,-29
LoadAware,3513,3037662008,545834,545962,128,completed,-29
LoadAware,3514,3037662008,545934,546065,131,completed,-31
LoadAware,3515,3037662008,546137,546247,110,completed,-31
LoadAware,3516,3037662008,546237,546354,117,completed,-31
LoadAware,3517,3037662008,546343,546457,114,completed,-31
LoadAware,3518,3037662008,546443,546560,117,completed,-31
LoadAware,3519,3037662008,546543,546663,120,completed,-31
LoadAware,3520,3037662008,546643,546766,123,completed,-31
LoadAware,3521,3037662008,546743,546869,126,completed,-31
LoadAware,3522,3037662008,546843,546972,129,completed,-31
LoadAware,3523,3037662008,547136,547245,109,completed,-31
LoadAware,3524,3037662008,547236,547353,117,completed,-31
LoadAware,3525,3037662008,547336,547455,119,completed,-31
LoadAware,3526,3037662008,547436,547557,121,completed,-31
LoadAware,3527,3037662008,547536,547660,124,completed,-31
LoadAware,3528,3037662008,547636,547763,127,completed,-31
LoadAware,3529,3037662008,547736,547866,130,completed,-31
LoadAware,3530,3037662008,547836,547969,133,completed,-31
LoadAware,3531,3037662008,547936,548072,136,completed,-34
LoadAware,3532,3037662008,548139,548249,110,completed,-34
LoadAware,3533,3037662008,550348,550749,401,completed,-30
LoadAware,3534,3037662008,550553,550960,407,completed,-30
LoadAware,3535,3037662008,550653,551235,582,completed,-30
LoadAware,3536,3037662008,550757,551338,581,completed,-30
LoadAware,3547,3037662008,552054,552969,915,completed,-30
LoadAware,3548,3037662008,552154,553140,986,completed,-30
LoadAware,3549,3037662008,552254,553242,988,completed,-30
LoadAware,3550,3037662008,552359,553343,984,completed,-30
LoadAware,3551,3037662008,552564,553445,881,completed,-30
LoadAware,3552,3037662008,552664,553547,883,completed,-30
LoadAware,3553,3037662008,552764,553648,884,completed,-30
LoadAware,3554,3037662008,552864,553750,886,completed,-30
LoadAware,3555,3037662008,552964,553852,888,completed,-30
LoadAware,3556,3037662008,553064,553954,890,completed,-30
LoadAware,3557,3037662008,553164,554057,893,completed,-30
LoadAware,3558,3037662008,553264,554160,896,completed,-31
LoadAware,3565,3658959723,554166,554293,127,completed,-12
LoadAware,3537,3037662008,550860,551441,581,completed,-30
LoadAware,3538,3037662008,550960,551545,585,completed,-30
LoadAware,3539,3037662008,551060,551653,593,completed,-30
LoadAware,3540,3037662008,551160,551755,595,completed,-30
LoadAware,3541,3037662008,551260,551857,597,completed,-30
LoadAware,3542,3037662008,551554,552058,504,completed,-30
LoadAware,3543,3037662008,551654,552333,679,completed,-30
LoadAware,3544,3037662008,551754,552663,909,completed,-30
LoadAware,3545,3037662008,551854,552765,911,completed,-30
LoadAware,3546,3037662008,551954,552867,913,completed,-30
LoadAware,3559,3037662008,553563,554263,700,completed,-31
LoadAware,3566,3658959723,554266,554396,130,completed,-12
LoadAware,3560,3037662008,553663,554369,706,completed,-31
LoadAware,3567,3658959723,554568,554703,135,completed,-12
LoadAware,3568,3658959723,554668,554815,147,completed,-12
LoadAware,3561,3037662008,553763,554471,708,completed,-31
LoadAware,3569,3658959723,554768,554918,150,completed,-12
LoadAware,3570,3658959723,554868,555021,153,completed,-12
LoadAware,3562,3037662008,553863,554572,709,completed,-31
LoadAware,3571,3658959723,554968,555124,156,completed,-12
LoadAware,3572,3658959723,555068,555227,159,completed,-12
LoadAware,3573,3658959723,555168,555330,162,completed,-12
LoadAware,3563,3037662008,553963,554674,711,completed,-31
LoadAware,3574,3658959723,555268,555432,164,completed,-12
LoadAware,3564,3037662008,554064,554776,712,completed,-31
LoadAware,3575,3658959723,555372,555766,394,completed,-12
LoadAware,3576,3658959723,555578,555875,297,completed,-12
LoadAware,3577,3658959723,555678,555978,300,completed,-12
LoadAware,3578,3658959723,555778,556083,305,completed,-14
LoadAware,3579,3658959723,555878,556185,307,completed,-14
LoadAware,3581,3037662008,556078,556185,107,completed,-29
LoadAware,3582,3037662008,556178,556296,118,completed,-29
LoadAware,3580,3658959723,555978,556287,309,completed,-14
LoadAware,3583,3037662008,556278,556405,127,completed,-29
LoadAware,3584,3037662008,556574,556687,113,completed,-29
LoadAware,3585,3037662008,556674,556790,116,completed,-29
LoadAware,3586,3037662008,556774,556893,119,completed,-29
LoadAware,3587,3037662008,556874,556996,122,completed,-29
LoadAware,3588,3037662008,556974,557099,125,completed,-29
LoadAware,3589,3037662008,557074,557202,128,completed,-29
LoadAware,3590,3037662008,557174,557305,131,completed,-29
LoadAware,3591,3037662008,557274,557408,134,completed,-29
LoadAware,3592,3037662008,557374,557511,137,completed,-29
LoadAware,3593,3037662008,557575,557685,110,completed,-29
LoadAware,3594,3037662008,557675,557788,113,completed,-29
LoadAware,3595,3037662008,557775,557891,116,completed,-29
LoadAware,3596,3037662008,557875,557994,119,completed,-29
LoadAware,3597,3037662008,557975,558097,122,completed,-31
LoadAware,3598,3037662008,558075,558198,123,completed,-31
LoadAware,3599,3037662008,558175,558301,126,completed,-31
LoadAware,3600,3037662008,558275,558404,129,completed,-31
LoadAware,3601,3037662008,558375,558680,305,completed,-31
LoadAware,3602,3037662008,558583,558788,205,completed,-31
LoadAware,3603,3037662008,558687,558894,207,completed,-31
LoadAware,3604,3037662008,558787,558997,210,completed,-31
LoadAware,3605,3037662008,558887,559100,213,completed,-31
LoadAware,3606,3037662008,558987,559203,216,completed,-31
LoadAware,3607,3037662008,559087,559306,219,completed,-31
LoadAware,3608,3037662008,559187,559409,222,completed,-31
LoadAware,3609,3037662008,559287,559512,225,completed,-31
LoadAware,3610,3037662008,559579,559686,107,completed,-31
LoadAware,3611,3037662008,559679,559795,116,completed,-31
LoadAware,3612,3037662008,559779,559905,126,completed,-31
LoadAware,3613,3037662008,559879,560007,128,completed,-31
LoadAware,3614,3037662008,559979,560110,131,completed,-31
LoadAware,3615,3037662008,560079,560213,134,completed,-31
LoadAware,3616,3037662008,560179,560316,137,completed,-31
LoadAware,3617,3037662008,560279,560418,139,completed,-31
LoadAware,3618,3037662008,560379,560680,301,completed,-31
LoadAware,3619,3037662008,560580,560783,203,completed,-31
LoadAware,3620,3037662008,560680,560888,208,completed,-31
LoadAware,3621,3037662008,560780,560991,211,completed,-31
LoadAware,3622,3037662008,560880,561094,214,completed,-31
LoadAware,3623,3037662008,560980,561197,217,completed,-31
LoadAware,3624,3037662008,561080,561300,220,completed,-31
LoadAware,3625,3037662008,561180,561403,223,completed,-31
LoadAware,3626,3037662008,561280,561506,226,completed,-31
LoadAware,3627,3037662008,561380,561684,304,completed,-31
LoadAware,3628,3037662008,561584,561787,203,completed,-31
LoadAware,3629,3037662008,561684,561890,206,completed,-31
LoadAware,3630,3037662008,561784,561993,209,completed,-31
LoadAware,3631,3037662008,561884,562096,212,completed,-33
LoadAware,3632,3037662008,561984,562197,213,completed,-33
LoadAware,3634,3658959723,562184,562309,125,completed,-12
LoadAware,3633,3037662008,562084,562300,216,completed,-33
LoadAware,3635,3658959723,562284,562418,134,completed,-12
LoadAware,3636,3658959723,562581,562708,127,completed,-12
LoadAware,3637,3658959723,562681,562818,137,completed,-12
LoadAware,3638,3658959723,562781,562921,140,completed,-12
LoadAware,3639,3658959723,562881,563024,143,completed,-12
LoadAware,3640,3658959723,562981,563127,146,completed,-12
LoadAware,3641,3658959723,563081,563230,149,completed,-12
LoadAware,3642,3658959723,563181,563333,152,completed,-12
LoadAware,3643,3658959723,563281,563436,155,completed,-12
LoadAware,3644,3658959723,563381,563539,158,completed,-12
LoadAware,3645,3658959723,563594,563722,128,completed,-12
LoadAware,3646,3658959723,563694,563831,137,completed,-12
LoadAware,3647,3658959723,563794,563941,147,completed,-12
LoadAware,3648,3658959723,563894,564044,150,completed,-12
LoadAware,3650,3037662008,564094,564202,108,completed,-30
LoadAware,3651,3037662008,564194,564309,115,completed,-30
LoadAware,3649,3658959723,563994,564147,153,completed,-14
LoadAware,3652,3037662008,564294,564412,118,completed,-30
LoadAware,3653,3037662008,564585,564695,110,completed,-30
LoadAware,3654,3037662008,564685,564823,138,completed,-30
LoadAware,3655,3037662008,564785,564926,141,completed,-30
LoadAware,3656,3037662008,564885,565029,144,completed,-30
LoadAware,3657,3037662008,564985,565132,147,completed,-30
LoadAware,3658,3037662008,565085,565235,150,completed,-30
LoadAware,3659,3037662008,565185,565338,153,completed,-30
LoadAware,3674,3658959723,569085,569211,126,completed,-12
LoadAware,3675,3658959723,569185,569314,129,completed,-12
LoadAware,3676,3658959723,569285,569417,132,completed,-12
LoadAware,3677,3658959723,569385,569520,135,completed,-12
LoadAware,3678,3658959723,569485,569623,138,completed,-12
LoadAware,3679,3658959723,569585,569726,141,completed,-12
LoadAware,3680,3658959723,569685,569829,144,completed,-12
LoadAware,3681,3658959723,569785,569932,147,completed,-12
LoadAware,3682,3658959723,569992,570118,126,completed,-13
LoadAware,3683,3658959723,570092,570221,129,completed,-13
LoadAware,3684,3658959723,570192,570324,132,completed,-13
LoadAware,3660,3658959723,570286,570427,141,completed,-13
LoadAware,3685,3658959723,570292,570530,238,completed,-13
LoadAware,3661,3658959723,570386,570633,247,completed,-13
LoadAware,3686,3658959723,570393,570736,343,completed,-13
LoadAware,3687,3658959723,570493,570839,346,completed,-13
LoadAware,3662,3658959723,570585,570942,357,completed,-13
LoadAware,3688,3658959723,570593,571043,450,completed,-13
LoadAware,3689,3658959723,570693,571147,454,completed,-13
LoadAware,3690,3658959723,570793,571250,457,completed,-13
LoadAware,3691,3658959723,570995,571353,358,completed,-13
LoadAware,3692,3658959723,571095,571456,361,completed,-13
LoadAware,3693,3658959723,571195,571559,364,completed,-13
LoadAware,3694,3658959723,571295,571662,367,completed,-13
LoadAware,3695,3658959723,571395,571765,370,completed,-13
LoadAware,3696,3658959723,571495,571868,373,completed,-13
LoadAware,3697,3658959723,571595,571971,376,completed,-13
LoadAware,3663,3037662008,567787,568089,302,completed,-32
LoadAware,3664,3037662008,567984,568432,448,completed,-32
LoadAware,3665,3037662008,568084,568709,625,completed,-32
LoadAware,3698,3658959723,571695,572072,377,completed,-13
LoadAware,3666,3037662008,568184,568811,627,completed,-32
LoadAware,3667,3037662008,568284,569089,805,completed,-32
LoadAware,3668,3037662008,568384,569257,873,completed,-32
LoadAware,3669,3037662008,568484,569532,1048,completed,-32
LoadAware,3670,3037662008,568584,569808,1224,completed,-32
LoadAware,3699,3658959723,571795,572174,379,completed,-13
LoadAware,3671,3037662008,568684,569910,1226,completed,-32
LoadAware,SUMMARY,ALL,0,0,120000,batch_complete,0
----------------,---,---,---,---,---,----------------,---
LoadAware,3672,3037662008,568784,570091,1307,completed,-28
LoadAware,3673,3037662008,568985,570333,1348,completed,-28
LoadAware,3700,3037662008,571999,572109,110,completed,-32
LoadAware,3701,3037662008,572099,572211,112,completed,-32
LoadAware,3702,3037662008,572199,572313,114,completed,-32
LoadAware,3703,3037662008,572299,572415,116,completed,-32
LoadAware,3704,3037662008,572399,572517,118,completed,-32
LoadAware,3705,3037662008,572499,572619,120,completed,-32
LoadAware,3706,3037662008,572599,572721,122,completed,-32
LoadAware,3707,3037662008,572699,572823,124,completed,-32
LoadAware,3708,3037662008,586038,586146,108,completed,-29
LoadAware,3709,3037662008,586138,586249,111,completed,-29
LoadAware,3710,3037662008,586405,586513,108,completed,-29
LoadAware,3711,3037662008,586505,586624,119,completed,-29
LoadAware,3712,3037662008,586605,586727,122,completed,-29
LoadAware,3713,3037662008,586705,586830,125,completed,-29
LoadAware,3714,3037662008,586805,586932,127,completed,-29
LoadAware,3715,3037662008,586905,587035,130,completed,-29
LoadAware,3716,3037662008,587005,587137,132,completed,-29
LoadAware,3717,3037662008,587105,587240,135,completed,-29
LoadAware,3718,3037662008,587409,587519,110,completed,-29
LoadAware,3719,3037662008,587509,587628,119,completed,-29
LoadAware,3720,3037662008,587609,587731,122,completed,-29
LoadAware,3721,3037662008,587709,587834,125,completed,-29
LoadAware,3722,3037662008,587809,587936,127,completed,-29
LoadAware,3723,3037662008,587909,588039,130,completed,-29
LoadAware,3724,3037662008,588009,588142,133,completed,-30
LoadAware,3725,3037662008,588109,588244,135,completed,-30
LoadAware,3726,3037662008,588405,588515,110,completed,-30
LoadAware,3727,3037662008,588505,588618,113,completed,-30
LoadAware,3728,3037662008,588605,588721,116,completed,-30
LoadAware,3729,3037662008,588705,588824,119,completed,-30
LoadAware,3730,3037662008,588805,588927,122,completed,-30
LoadAware,3731,3037662008,588905,589029,124,completed,-30
LoadAware,3732,3037662008,589005,589132,127,completed,-30
LoadAware,3733,3037662008,589105,589234,129,completed,-30
LoadAware,3734,3037662008,589405,589520,115,completed,-30
LoadAware,3735,3037662008,589505,589623,118,completed,-30
LoadAware,3736,3037662008,589605,589726,121,completed,-30
LoadAware,3737,3037662008,589705,589829,124,completed,-30
LoadAware,3738,3037662008,589805,589932,127,completed,-30
LoadAware,3739,3037662008,589905,590035,130,completed,-30
LoadAware,3740,3037662008,590005,590138,133,completed,-31
LoadAware,3741,3037662008,590105,590241,136,completed,-31
LoadAware,3742,3037662008,590407,590517,110,completed,-31
LoadAware,3743,3037662008,590507,590620,113,completed,-31
LoadAware,3744,3037662008,590607,590723,116,completed,-31
LoadAware,3745,3037662008,590707,590826,119,completed,-31
LoadAware,3746,3037662008,590807,590929,122,completed,-31
LoadAware,3747,3037662008,590907,591032,125,completed,-31
LoadAware,3748,3037662008,591007,591135,128,completed,-31
LoadAware,3749,3037662008,591107,591237,130,completed,-31
LoadAware,3750,3037662008,591413,591521,108,completed,-31
LoadAware,3751,3037662008,591513,591632,119,completed,-31
LoadAware,3752,3037662008,591613,591749,136,completed,-31
LoadAware,3753,3037662008,591713,591860,147,completed,-31
LoadAware,3754,3037662008,591813,591963,150,completed,-31
LoadAware,3755,3037662008,591913,592066,153,completed,-31
LoadAware,3756,3037662008,592013,592169,156,completed,-32
LoadAware,3757,3037662008,592113,592271,158,completed,-32
LoadAware,3758,3037662008,592407,592516,109,completed,-32
LoadAware,3759,3037662008,592507,592619,112,completed,-32
LoadAware,3760,3037662008,592607,592722,115,completed,-32
LoadAware,3761,3037662008,592707,592847,140,completed,-32
LoadAware,3762,3037662008,592807,592950,143,completed,-32
LoadAware,3763,3037662008,592907,593053,146,completed,-32
LoadAware,3764,3037662008,593007,593156,149,completed,-32
LoadAware,3765,3037662008,593107,593259,152,completed,-32
LoadAware,3766,3037662008,593207,593510,303,completed,-32
LoadAware,3767,3037662008,593417,593619,202,completed,-32
LoadAware,3768,3037662008,593518,593722,204,completed,-32
LoadAware,3769,3037662008,593618,593825,207,completed,-32
LoadAware,3770,3037662008,593718,593928,210,completed,-32
LoadAware,3771,3037662008,593818,594031,213,completed,-32
LoadAware,3772,3037662008,593918,594134,216,completed,-29
LoadAware,3773,3037662008,594018,594236,218,completed,-29
LoadAware,3775,3658959723,594413,594554,141,completed,-12
LoadAware,3776,3658959723,594513,594663,150,completed,-12
LoadAware,3774,3037662008,594118,594338,220,completed,-29
LoadAware,3777,3658959723,594613,594766,153,completed,-12
LoadAware,3778,3658959723,594713,594869,156,completed,-12
LoadAware,3779,3658959723,594813,594972,159,completed,-12
LoadAware,3780,3658959723,594913,595075,162,completed,-12
LoadAware,3781,3658959723,595013,595178,165,completed,-12
LoadAware,3782,3658959723,595113,595281,168,completed,-12
LoadAware,3783,3658959723,595418,595546,128,completed,-12
LoadAware,3784,3658959723,595518,595648,130,completed,-12
LoadAware,3785,3658959723,595618,595751,133,completed,-12
LoadAware,3786,3658959723,595718,595854,136,completed,-12
LoadAware,3787,3658959723,595818,595957,139,completed,-12
LoadAware,3788,3658959723,595918,596060,142,completed,-12
LoadAware,3790,3037662008,596118,596226,108,completed,-28
LoadAware,3791,3037662008,596420,596530,110,completed,-28
LoadAware,3792,3037662008,596520,596633,113,completed,-28
LoadAware,3789,3658959723,596018,596163,145,completed,-13
LoadAware,3793,3037662008,596620,596736,116,completed,-28
LoadAware,3794,3037662008,596720,596839,119,completed,-28
LoadAware,3795,3037662008,596820,596942,122,completed,-28
LoadAware,3796,3037662008,596920,597045,125,completed,-28
LoadAware,3797,3037662008,597020,597148,128,completed,-28
LoadAware,3798,3037662008,597120,597251,131,completed,-28
LoadAware,3799,3037662008,597419,597528,109,completed,-28
LoadAware,3800,3037662008,597519,597630,111,completed,-28
LoadAware,3801,3037662008,597619,597733,114,completed,-28
LoadAware,3802,3037662008,597719,597836,117,completed,-28
LoadAware,3803,3037662008,597819,597939,120,completed,-28
LoadAware,3804,3037662008,597919,598042,123,completed,-28
LoadAware,3805,3037662008,598019,598145,126,completed,-32
LoadAware,3806,3037662008,598119,598246,127,completed,-32
LoadAware,3807,3037662008,598418,598556,138,completed,-32
LoadAware,3808,3037662008,598518,598659,141,completed,-32
LoadAware,3809,3037662008,598618,598762,144,completed,-32
LoadAware,3810,3037662008,598718,598865,147,completed,-32
LoadAware,3811,3037662008,598818,598968,150,completed,-32
LoadAware,3812,3037662008,598918,599071,153,completed,-32
LoadAware,3813,3037662008,599018,599174,156,completed,-32
LoadAware,3814,3037662008,599118,599277,159,completed,-32
LoadAware,3815,3037662008,599415,599526,111,completed,-32
LoadAware,3816,3037662008,599515,599635,120,completed,-32
LoadAware,3817,3037662008,599615,599738,123,completed,-32
LoadAware,3818,3037662008,599715,599841,126,completed,-32
LoadAware,3819,3037662008,599815,599944,129,completed,-32
LoadAware,3820,3037662008,599915,600047,132,completed,-32
LoadAware,3821,3037662008,600015,600150,135,completed,-30
LoadAware,3822,3037662008,600115,600253,138,completed,-30
LoadAware,3823,3037662008,600215,600519,304,completed,-30
LoadAware,3824,3037662008,600419,602718,2299,completed,-30
LoadAware,3825,3037662008,602623,602925,302,completed,-30
LoadAware,3826,3037662008,602821,603235,414,completed,-30
LoadAware,3827,3037662008,602921,603455,534,completed,-30
LoadAware,3828,3037662008,603021,603731,710,completed,-30
LoadAware,3829,3037662008,603121,603931,810,completed,-30
LoadAware,3830,3037662008,603221,604032,811,completed,-30
LoadAware,3831,3037662008,603321,604133,812,completed,-30
LoadAware,3839,3658959723,604225,604350,125,completed,-12
LoadAware,3832,3037662008,603421,604235,814,completed,-30
LoadAware,3833,3037662008,603521,604337,816,completed,-30
LoadAware,3840,3658959723,604325,604489,164,completed,-12
LoadAware,3841,3658959723,604425,604592,167,completed,-12
LoadAware,3834,3037662008,603621,604439,818,completed,-30
LoadAware,3842,3658959723,604525,604695,170,completed,-12
LoadAware,3843,3658959723,604625,604798,173,completed,-12
LoadAware,3844,3658959723,604832,604965,133,completed,-12
LoadAware,3845,3658959723,604932,605068,136,completed,-12
LoadAware,3835,3037662008,603824,604541,717,completed,-30
LoadAware,3846,3658959723,605032,605171,139,completed,-12
LoadAware,3847,3658959723,605132,605274,142,completed,-12
LoadAware,3848,3658959723,605232,605377,145,completed,-12
LoadAware,3836,3037662008,603924,604643,719,completed,-30
LoadAware,3849,3658959723,605332,605480,148,completed,-12
LoadAware,3850,3658959723,605432,605583,151,completed,-12
LoadAware,3837,3037662008,604024,604744,720,completed,-30
LoadAware,3851,3658959723,605532,605686,154,completed,-12
LoadAware,3838,3037662008,604125,604845,720,completed,-30
LoadAware,3852,3658959723,605632,605954,322,completed,-12
LoadAware,3853,3658959723,605828,606063,235,completed,-12
LoadAware,3856,3037662008,606128,606235,107,completed,-28
LoadAware,3857,3037662008,606228,606344,116,completed,-28
LoadAware,3854,3658959723,605928,606166,238,completed,-14
LoadAware,3858,3037662008,606328,606447,119,completed,-28
LoadAware,3859,3037662008,606428,606550,122,completed,-28
LoadAware,3860,3037662008,606528,606653,125,completed,-28
LoadAware,3855,3658959723,606028,606268,240,completed,-14
LoadAware,3861,3037662008,606628,606756,128,completed,-28
LoadAware,3862,3037662008,606837,606949,112,completed,-28
LoadAware,3863,3037662008,606937,607059,122,completed,-28
LoadAware,3864,3037662008,607037,607161,124,completed,-28
LoadAware,3865,3037662008,607137,607264,127,completed,-28
LoadAware,3866,3037662008,607237,607367,130,completed,-28
LoadAware,3867,3037662008,607337,607469,132,completed,-28
LoadAware,3868,3037662008,607437,607571,134,completed,-28
LoadAware,3869,3037662008,607537,607674,137,completed,-28
LoadAware,3870,3037662008,607832,607941,109,completed,-28
LoadAware,3871,3037662008,607932,608043,111,completed,-28
LoadAware,3872,3037662008,608032,608146,114,completed,-31
LoadAware,3873,3037662008,608132,608249,117,completed,-31
LoadAware,3874,3037662008,608232,608352,120,completed,-31
LoadAware,3875,3037662008,608332,608454,122,completed,-31
LoadAware,3876,3037662008,608432,608557,125,completed,-31
LoadAware,3877,3037662008,608532,608660,128,completed,-31
LoadAware,3878,3037662008,608634,608947,313,completed,-31
LoadAware,3879,3037662008,608836,609050,214,completed,-31
LoadAware,3880,3037662008,608936,609153,217,completed,-31
LoadAware,3881,3037662008,609036,609256,220,completed,-31
LoadAware,3882,3037662008,609136,609359,223,completed,-31
LoadAware,3883,3037662008,609236,609462,226,completed,-31
LoadAware,3884,3037662008,609336,609564,228,completed,-31
LoadAware,3885,3037662008,609436,609667,231,completed,-31
LoadAware,3886,3037662008,609536,609770,234,completed,-31
LoadAware,3887,3037662008,609636,609939,303,completed,-31
LoadAware,3888,3037662008,609837,610043,206,completed,-31
LoadAware,3892,3658959723,610237,610362,125,completed,-12
LoadAware,3889,3037662008,609937,610148,211,completed,-31
LoadAware,3893,3658959723,610343,610471,128,completed,-12
LoadAware,3894,3658959723,610443,610581,138,completed,-12
LoadAware,3890,3037662008,610037,610250,213,completed,-31
LoadAware,3895,3658959723,610543,610684,141,completed,-12
LoadAware,3891,3037662008,610137,610352,215,completed,-31
LoadAware,3896,3658959723,610843,611199,356,completed,-12
LoadAware,3897,3658959723,610943,611308,365,completed,-12
LoadAware,3898,3658959723,611043,611417,374,completed,-12
LoadAware,3899,3658959723,611143,611520,377,completed,-12
LoadAware,3900,3658959723,611243,611623,380,completed,-12
LoadAware,3901,3658959723,611343,611726,383,completed,-12
LoadAware,3902,3658959723,611443,611829,386,completed,-12
LoadAware,3903,3658959723,611543,611931,388,completed,-12
LoadAware,3904,3658959723,611836,612033,197,completed,-12
LoadAware,3905,3658959723,611936,612135,199,completed,-14
LoadAware,3907,3037662008,612136,612243,107,completed,-27
LoadAware,3908,3037662008,612236,612352,116,completed,-27
LoadAware,3906,3658959723,612036,612238,202,completed,-14
LoadAware,3909,3037662008,612336,612455,119,completed,-27
LoadAware,3910,3037662008,612436,612558,122,completed,-27
LoadAware,3911,3037662008,612536,612660,124,completed,-27
LoadAware,3912,3037662008,612636,612940,304,completed,-27
LoadAware,3913,3037662008,612839,613049,210,completed,-27
LoadAware,3914,3037662008,612939,613152,213,completed,-27
LoadAware,3915,3037662008,613039,613255,216,completed,-27
LoadAware,3916,3037662008,613139,613358,219,completed,-27
LoadAware,3917,3037662008,613239,613461,222,completed,-27
LoadAware,3918,3037662008,613339,613564,225,completed,-27
LoadAware,3919,3037662008,613439,613666,227,completed,-27
LoadAware,3920,3037662008,613539,613769,230,completed,-27
LoadAware,3921,3037662008,613640,613943,303,completed,-27
LoadAware,3922,3037662008,613846,614046,200,completed,-27
LoadAware,3923,3037662008,613950,614155,205,completed,-30
LoadAware,3924,3037662008,614053,614257,204,completed,-30
LoadAware,3925,3037662008,614156,614360,204,completed,-30
LoadAware,3926,3037662008,614256,614463,207,completed,-30
LoadAware,3927,3037662008,614364,614566,202,completed,-30
LoadAware,3928,3037662008,614464,614669,205,completed,-30
LoadAware,3929,3037662008,614564,614771,207,completed,-30
LoadAware,3930,3037662008,614840,614951,111,completed,-30
LoadAware,3931,3037662008,614940,615054,114,completed,-30
LoadAware,3932,3037662008,615040,615157,117,completed,-30
LoadAware,3933,3037662008,615140,615260,120,completed,-30
LoadAware,3934,3037662008,615240,615363,123,completed,-30
LoadAware,3935,3037662008,615340,615466,126,completed,-30
LoadAware,3936,3037662008,615440,615569,129,completed,-30
LoadAware,3937,3037662008,615540,615672,132,completed,-30
LoadAware,3938,3037662008,615640,615775,135,completed,-30
LoadAware,3939,3037662008,615843,615951,108,completed,-30
LoadAware,3940,3037662008,615943,616054,111,completed,-30
LoadAware,3941,3037662008,616043,616157,114,completed,-31
LoadAware,3942,3037662008,616143,616258,115,completed,-31
LoadAware,3943,3037662008,616243,616360,117,completed,-31
LoadAware,3944,3037662008,616343,616463,120,completed,-31
LoadAware,3945,3037662008,616443,616566,123,completed,-31
LoadAware,3946,3037662008,616543,616669,126,completed,-31
LoadAware,3948,3658959723,616856,616982,126,completed,-12
LoadAware,3949,3658959723,616956,617085,129,completed,-12
LoadAware,3950,3658959723,617056,617188,132,completed,-12
LoadAware,3951,3658959723,617156,617291,135,completed,-12
LoadAware,3952,3658959723,617256,617394,138,completed,-12
LoadAware,3953,3658959723,617356,617497,141,completed,-12
LoadAware,3954,3658959723,617456,617600,144,completed,-12
LoadAware,3955,3658959723,617556,617703,147,completed,-12
LoadAware,3956,3658959723,617845,617977,132,completed,-12
LoadAware,3958,0,620270,0,0,lost,0
LoadAware,3959,0,620370,0,0,lost,0
LoadAware,3960,0,620470,0,0,lost,0
LoadAware,3961,0,620570,0,0,lost,0
LoadAware,3962,0,620670,0,0,lost,0
LoadAware,3963,0,620770,0,0,lost,0
LoadAware,3964,0,620870,0,0,lost,0
LoadAware,3965,0,620970,0,0,lost,0
LoadAware,3966,0,621252,0,0,lost,0
LoadAware,3957,3658959723,625056,620382,4294962622,completed,-13
LoadAware,3967,3658959723,626353,626489,136,completed,-11
LoadAware,3968,3658959723,626453,626593,140,completed,-11
LoadAware,3969,3658959723,626553,626700,147,completed,-11
LoadAware,3947,3658959723,626645,626803,158,completed,-11
LoadAware,3970,3658959723,626653,626906,253,completed,-11
LoadAware,3971,3658959723,626753,627009,256,completed,-11
LoadAware,3972,3658959723,626853,627112,259,completed,-11
LoadAware,3973,3658959723,626953,627215,262,completed,-11
LoadAware,3974,3658959723,627053,627317,264,completed,-11
LoadAware,3976,3658959723,627367,627523,156,completed,-11
LoadAware,3977,3658959723,627464,627626,162,completed,-11
LoadAware,3978,3658959723,627564,627729,165,completed,-11
LoadAware,3979,3658959723,627664,627832,168,completed,-11
LoadAware,3980,3658959723,627764,627935,171,completed,-11
LoadAware,3981,3658959723,627864,628038,174,completed,-11
LoadAware,3982,3658959723,627964,628141,177,completed,-13
LoadAware,3983,3658959723,628273,628243,4294967266,completed,-13
LoadAware,3984,3658959723,623354,628344,4990,completed,-13
LoadAware,3985,3658959723,623454,628447,4993,completed,-13
LoadAware,3986,3658959723,623554,628550,4996,completed,-13
LoadAware,3987,3658959723,623654,628653,4999,completed,-13
LoadAware,3988,3658959723,623754,628756,5002,completed,-13
LoadAware,3989,3658959723,623854,628859,5005,completed,-13
LoadAware,3990,3658959723,623954,628962,5008,completed,-13
LoadAware,3991,3658959723,624054,629065,5011,completed,-13
LoadAware,3992,3658959723,624258,629168,4910,completed,-13
LoadAware,3993,3658959723,624362,629271,4909,completed,-13
LoadAware,3994,3658959723,624462,629372,4910,completed,-13
LoadAware,3995,3658959723,624562,629475,4913,completed,-13
LoadAware,3996,3658959723,624662,629577,4915,completed,-13
LoadAware,3997,3658959723,624762,629680,4918,completed,-13
LoadAware,3998,3658959723,624862,629783,4921,completed,-13
LoadAware,3999,3658959723,624962,629886,4924,completed,-13
LoadAware,4000,3658959723,630065,630092,27,completed,-13
LoadAware,4001,3658959723,630274,630195,4294967217,completed,-13
LoadAware,4012,3658959723,626466,630504,4038,completed,-13
LoadAware,4013,3658959723,626566,630709,4143,completed,-13
LoadAware,4014,3658959723,626666,631016,4350,completed,-13
LoadAware,4015,3658959723,626766,631223,4457,completed,-13
LoadAware,4016,3658959723,626866,631427,4561,completed,-13
LoadAware,4017,3658959723,626966,631633,4667,completed,-13
LoadAware,4018,3658959723,627265,631839,4574,completed,-13
LoadAware,3975,3658959723,627268,631942,4674,completed,-13
LoadAware,4020,3658959723,627466,632148,4682,completed,-12
LoadAware,4021,3658959723,627566,632351,4785,completed,-12
LoadAware,4022,3658959723,627666,632557,4891,completed,-12
LoadAware,4023,3658959723,627766,632763,4997,completed,-12
LoadAware,4024,3658959723,632867,632969,102,completed,-12
LoadAware,4025,3658959723,632967,633175,208,completed,-12
LoadAware,4026,3658959723,633067,633278,211,completed,-12
LoadAware,4027,3658959723,633276,633380,104,completed,-12
LoadAware,4028,3658959723,633372,633586,214,completed,-12
LoadAware,4029,3658959723,633472,633689,217,completed,-12
LoadAware,4030,3658959723,633577,633792,215,completed,-12
LoadAware,4031,3658959723,633672,633895,223,completed,-12
LoadAware,4032,3658959723,633772,633997,225,completed,-12
LoadAware,4033,3658959723,633872,634100,228,completed,-12
LoadAware,4034,3658959723,633972,634203,231,completed,-12
LoadAware,4035,3658959723,634282,634308,26,completed,-12
LoadAware,1,3037662008,47762,46591,4294966125,completed,-34
LoadAware,2,3037662008,47998,46830,4294966128,completed,-34
LoadAware,3,3037662008,48098,46938,4294966136,completed,-34
LoadAware,4,3037662008,48198,47041,4294966139,completed,-34
LoadAware,5,3037662008,48298,47144,4294966142,completed,-34
LoadAware,6,3037662008,48398,47246,4294966144,completed,-34
LoadAware,7,3037662008,48498,47348,4294966146,completed,-34
LoadAware,8,3037662008,48598,47451,4294966149,completed,-34
LoadAware,9,3037662008,48698,47554,4294966152,completed,-34
LoadAware,10,3037662008,48798,47657,4294966155,completed,-34
LoadAware,11,3037662008,49000,47833,4294966129,completed,-31
LoadAware,12,3037662008,49100,47935,4294966131,completed,-31
LoadAware,13,3037662008,49200,48037,4294966133,completed,-31
LoadAware,14,3037662008,49300,48140,4294966136,completed,-31
LoadAware,15,3037662008,49400,48242,4294966138,completed,-31
LoadAware,16,3037662008,49500,48345,4294966141,completed,-31
LoadAware,17,3037662008,49600,48447,4294966143,completed,-31
LoadAware,18,3037662008,49700,48550,4294966146,completed,-31
LoadAware,19,3037662008,49800,48653,4294966149,completed,-31
LoadAware,20,3037662008,50000,48833,4294966129,completed,-31
LoadAware,21,3037662008,50100,48936,4294966132,completed,-31
LoadAware,22,3037662008,50200,49039,4294966135,completed,-31
LoadAware,23,3037662008,50300,49141,4294966137,completed,-31
LoadAware,24,3037662008,50400,49244,4294966140,completed,-31
LoadAware,25,3037662008,50500,49347,4294966143,completed,-31
LoadAware,26,3037662008,50600,49450,4294966146,completed,-31
LoadAware,27,3037662008,50700,49553,4294966149,completed,-31
LoadAware,28,3037662008,50800,49656,4294966152,completed,-31
LoadAware,29,3037662008,51004,49834,4294966126,completed,-34
LoadAware,30,3037662008,51104,49937,4294966129,completed,-34
LoadAware,31,3037662008,51204,50040,4294966132,completed,-34
LoadAware,32,3037662008,51304,50143,4294966135,completed,-34
LoadAware,33,3037662008,51404,50246,4294966138,completed,-34
LoadAware,34,3037662008,51504,50349,4294966141,completed,-34
LoadAware,35,3037662008,51604,50452,4294966144,completed,-34
LoadAware,36,3037662008,51704,50555,4294966147,completed,-34
LoadAware,37,3037662008,51804,50826,4294966318,completed,-34
LoadAware,38,3037662008,52004,50935,4294966227,completed,-34
LoadAware,39,3037662008,52104,51044,4294966236,completed,-34
LoadAware,40,3037662008,52204,51147,4294966239,completed,-34
LoadAware,41,3037662008,52304,51250,4294966242,completed,-34
LoadAware,42,3037662008,52404,51352,4294966244,completed,-34
LoadAware,43,3037662008,52504,51455,4294966247,completed,-34
LoadAware,44,3037662008,52604,51558,4294966250,completed,-34
LoadAware,45,3037662008,52704,51660,4294966252,completed,-34
LoadAware,46,3037662008,52804,51762,4294966254,completed,-30
LoadAware,47,3037662008,53004,51864,4294966156,completed,-30
LoadAware,48,3037662008,53104,51966,4294966158,completed,-30
LoadAware,49,3037662008,53204,52068,4294966160,completed,-30
LoadAware,50,3037662008,53304,52171,4294966163,completed,-30
LoadAware,51,3037662008,53404,52274,4294966166,completed,-30
LoadAware,52,3037662008,53504,52377,4294966169,completed,-30
LoadAware,53,3037662008,53604,52480,4294966172,completed,-30
LoadAware,54,3037662008,53704,52582,4294966174,completed,-30
LoadAware,55,3037662008,53804,52685,4294966177,completed,-30
LoadAware,56,3037662008,54004,52838,4294966130,completed,-30
LoadAware,57,3037662008,54104,52947,4294966139,completed,-30
LoadAware,58,3037662008,54204,53050,4294966142,completed,-30
LoadAware,59,3037662008,54304,53153,4294966145,completed,-30
LoadAware,60,3037662008,54404,53256,4294966148,completed,-30
LoadAware,61,3037662008,54504,53359,4294966151,completed,-30
LoadAware,62,3037662008,54604,53462,4294966154,completed,-30
LoadAware,63,3037662008,54704,53565,4294966157,completed,-30
LoadAware,64,3037662008,54804,53668,4294966160,completed,-30
LoadAware,65,3037662008,55005,53838,4294966129,completed,-32
LoadAware,66,3037662008,55105,53941,4294966132,completed,-32
LoadAware,67,3037662008,55205,54044,4294966135,completed,-32
LoadAware,68,3037662008,55305,54147,4294966138,completed,-32
LoadAware,69,3037662008,55405,54250,4294966141,completed,-32
LoadAware,70,3037662008,55505,54353,4294966144,completed,-32
LoadAware,71,3037662008,55605,54456,4294966147,completed,-32
LoadAware,72,3037662008,55705,54559,4294966150,completed,-32
LoadAware,73,3037662008,55805,54662,4294966153,completed,-32
LoadAware,74,3037662008,56008,54841,4294966129,completed,-32
LoadAware,75,3037662008,56108,54950,4294966138,completed,-32
LoadAware,76,3037662008,56208,55059,4294966147,completed,-32
LoadAware,77,3037662008,56308,55162,4294966150,completed,-32
LoadAware,78,3037662008,56408,55265,4294966153,completed,-32
LoadAware,79,3037662008,56508,55368,4294966156,completed,-32
LoadAware,80,3037662008,56608,55471,4294966159,completed,-32
LoadAware,81,3037662008,56708,55574,4294966162,completed,-32
LoadAware,82,3037662008,56808,55677,4294966165,completed,-32
LoadAware,83,3037662008,57008,55841,4294966129,completed,-32
LoadAware,84,3037662008,57108,55942,4294966130,completed,-32
LoadAware,85,3037662008,57208,56045,4294966133,completed,-32
LoadAware,86,3037662008,57308,56148,4294966136,completed,-32
LoadAware,87,3037662008,57408,56251,4294966139,completed,-32
LoadAware,88,3037662008,57508,56353,4294966141,completed,-32
LoadAware,89,3037662008,57608,56456,4294966144,completed,-32
LoadAware,90,3037662008,57708,56559,4294966147,completed,-32
LoadAware,91,3037662008,57808,56662,4294966150,completed,-32
LoadAware,92,3037662008,58008,56841,4294966129,completed,-32
LoadAware,93,3037662008,58108,56943,4294966131,completed,-32
LoadAware,94,3037662008,58208,57046,4294966134,completed,-32
LoadAware,95,3037662008,58308,57149,4294966137,completed,-32
LoadAware,96,3037662008,58408,57252,4294966140,completed,-32
LoadAware,97,3037662008,58508,57355,4294966143,completed,-32
LoadAware,98,3037662008,58608,57457,4294966145,completed,-32
LoadAware,99,3037662008,58708,57560,4294966148,completed,-32
LoadAware,100,3037662008,58808,57663,4294966151,completed,-32
LoadAware,101,3037662008,59010,57841,4294966127,completed,-30
LoadAware,102,3037662008,59110,57944,4294966130,completed,-30
LoadAware,103,3037662008,59210,58046,4294966132,completed,-30
LoadAware,104,3037662008,59310,58149,4294966135,completed,-30
LoadAware,105,3037662008,59410,58252,4294966138,completed,-30
LoadAware,106,3037662008,59510,58354,4294966140,completed,-30
LoadAware,107,3037662008,59610,58457,4294966143,completed,-30
LoadAware,108,3037662008,59710,58560,4294966146,completed,-30
LoadAware,109,3037662008,59810,58663,4294966149,completed,-30
LoadAware,110,3037662008,60010,58843,4294966129,completed,-30
LoadAware,111,3037662008,60110,58946,4294966132,completed,-30
LoadAware,112,3037662008,60210,59049,4294966135,completed,-30
LoadAware,113,3037662008,60310,59152,4294966138,completed,-30
LoadAware,114,3037662008,60410,59255,4294966141,completed,-30
LoadAware,115,3037662008,60510,59358,4294966144,completed,-30
LoadAware,116,3037662008,60610,59461,4294966147,completed,-30
LoadAware,117,3037662008,60710,59564,4294966150,completed,-30
LoadAware,118,3037662008,60810,59667,4294966153,completed,-30
LoadAware,119,3037662008,61014,59845,4294966127,completed,-38
LoadAware,120,3037662008,61114,59947,4294966129,completed,-38
LoadAware,121,3037662008,61214,60050,4294966132,completed,-38
LoadAware,122,3037662008,61314,60153,4294966135,completed,-38
LoadAware,123,3037662008,61414,60256,4294966138,completed,-38
LoadAware,124,3037662008,61514,60359,4294966141,completed,-38
LoadAware,125,3037662008,61614,60461,4294966143,completed,-38
LoadAware,126,3037662008,61714,60564,4294966146,completed,-38
LoadAware,127,3037662008,61814,60667,4294966149,completed,-38
LoadAware,128,3037662008,62016,60846,4294966126,completed,-38
LoadAware,129,3037662008,62116,61086,4294966266,completed,-38
LoadAware,130,3037662008,62216,61189,4294966269,completed,-38
LoadAware,131,3037662008,62316,61292,4294966272,completed,-38
LoadAware,132,3037662008,62416,61394,4294966274,completed,-38
LoadAware,133,3037662008,62516,61497,4294966277,completed,-38
LoadAware,134,3037662008,62616,61600,4294966280,completed,-38
LoadAware,135,3037662008,62716,61702,4294966282,completed,-38
LoadAware,136,3037662008,62816,61840,4294966320,completed,-31
LoadAware,137,3037662008,63011,61943,4294966228,completed,-31
LoadAware,138,3037662008,63111,62046,4294966231,completed,-31
LoadAware,139,3037662008,63211,62149,4294966234,completed,-31
LoadAware,140,3037662008,63311,62252,4294966237,completed,-31
LoadAware,141,3037662008,63411,62355,4294966240,completed,-31
LoadAware,142,3037662008,63511,62458,4294966243,completed,-31
LoadAware,143,3037662008,63611,62561,4294966246,completed,-31
LoadAware,144,3037662008,63711,62664,4294966249,completed,-31
LoadAware,145,3037662008,63811,62765,4294966250,completed,-31
LoadAware,146,3037662008,64016,62867,4294966147,completed,-31
LoadAware,147,3037662008,64116,62969,4294966149,completed,-31
LoadAware,148,3037662008,64216,63072,4294966152,completed,-31
LoadAware,149,3037662008,64316,63175,4294966155,completed,-31
LoadAware,150,3037662008,64416,63278,4294966158,completed,-31
LoadAware,151,3037662008,64516,63381,4294966161,completed,-31
LoadAware,152,3037662008,64616,63484,4294966164,completed,-31
LoadAware,153,3037662008,64716,63587,4294966167,completed,-31
LoadAware,154,3037662008,64816,63690,4294966170,completed,-31
LoadAware,155,3037662008,65019,63853,4294966130,completed,-37
LoadAware,156,3037662008,65119,63956,4294966133,completed,-37
LoadAware,157,3037662008,65219,64058,4294966135,completed,-37
LoadAware,158,3037662008,65319,64161,4294966138,completed,-37
LoadAware,159,3037662008,65419,64265,4294966142,completed,-37
LoadAware,160,3037662008,65519,64374,4294966151,completed,-37
LoadAware,161,3037662008,65619,64477,4294966154,completed,-37
LoadAware,162,3037662008,65719,64580,4294966157,completed,-37
LoadAware,163,3037662008,65819,64682,4294966159,completed,-37
LoadAware,164,3037662008,66019,64852,4294966129,completed,-37
LoadAware,165,3037662008,66119,64962,4294966139,completed,-37
LoadAware,166,3037662008,66219,65065,4294966142,completed,-37
LoadAware,167,3037662008,66319,65167,4294966144,completed,-37
LoadAware,168,3037662008,66419,65270,4294966147,completed,-37
LoadAware,169,3037662008,66519,65373,4294966150,completed,-37
LoadAware,170,3037662008,66619,65476,4294966153,completed,-37
LoadAware,171,3037662008,66719,65579,4294966156,completed,-37
LoadAware,172,3037662008,66819,65682,4294966159,completed,-37
LoadAware,173,3037662008,67019,65854,4294966131,completed,-37
LoadAware,174,3037662008,67119,65957,4294966134,completed,-37
LoadAware,175,3037662008,67219,66059,4294966136,completed,-37
LoadAware,176,3037662008,67319,66162,4294966139,completed,-37
LoadAware,177,3037662008,67419,66264,4294966141,completed,-37
LoadAware,178,3037662008,67519,66367,4294966144,completed,-37
LoadAware,179,3037662008,67619,66470,4294966147,completed,-37
LoadAware,180,3037662008,67719,66573,4294966150,completed,-37
LoadAware,181,3037662008,67819,66676,4294966153,completed,-37
LoadAware,182,3037662008,68021,66856,4294966131,completed,-37
LoadAware,183,3037662008,68121,66964,4294966139,completed,-37
LoadAware,184,3037662008,68221,67066,4294966141,completed,-37
LoadAware,185,3037662008,68321,67168,4294966143,completed,-37
LoadAware,186,3037662008,68421,67271,4294966146,completed,-37
LoadAware,187,3037662008,68521,67374,4294966149,completed,-37
LoadAware,188,3037662008,68621,67477,4294966152,completed,-37
LoadAware,189,3037662008,68721,67580,4294966155,completed,-37
LoadAware,190,3037662008,68821,67683,4294966158,completed,-37
LoadAware,191,3037662008,69021,67854,4294966129,completed,-37
LoadAware,192,3037662008,69121,67957,4294966132,completed,-37
LoadAware,193,3037662008,69221,68086,4294966161,completed,-37
LoadAware,194,3037662008,69321,68195,4294966170,completed,-37
LoadAware,195,3037662008,69421,68298,4294966173,completed,-37
LoadAware,196,3037662008,69521,68401,4294966176,completed,-37
LoadAware,197,3037662008,69621,68504,4294966179,completed,-37
LoadAware,198,3037662008,69721,68607,4294966182,completed,-37
LoadAware,199,3037662008,69821,68710,4294966185,completed,-37
LoadAware,200,3037662008,70022,68855,4294966129,completed,-37
LoadAware,201,3037662008,70122,68964,4294966138,completed,-37
LoadAware,202,3037662008,70222,69067,4294966141,completed,-37
LoadAware,203,3037662008,70322,69169,4294966143,completed,-37
LoadAware,204,3037662008,70422,69271,4294966145,completed,-37
LoadAware,205,3037662008,70522,69374,4294966148,completed,-37
LoadAware,206,3037662008,70622,69477,4294966151,completed,-37
LoadAware,207,3037662008,70722,69580,4294966154,completed,-37
LoadAware,208,3037662008,70822,69682,4294966156,completed,-37
LoadAware,209,3037662008,71025,69857,4294966128,completed,-35
LoadAware,210,3037662008,71125,70087,4294966258,completed,-35
LoadAware,211,3037662008,71225,70190,4294966261,completed,-35
LoadAware,212,3037662008,71325,70293,4294966264,completed,-35
LoadAware,213,3037662008,71425,70395,4294966266,completed,-35
LoadAware,214,3037662008,71525,70498,4294966269,completed,-35
LoadAware,215,3037662008,71625,70601,4294966272,completed,-35
LoadAware,216,3037662008,71725,70704,4294966275,completed,-35
LoadAware,217,3037662008,71825,70805,4294966276,completed,-35
LoadAware,218,3037662008,72026,70907,4294966177,completed,-35
LoadAware,219,3037662008,72126,71010,4294966180,completed,-35
LoadAware,220,3037662008,72226,71113,4294966183,completed,-35
LoadAware,221,3037662008,72326,71216,4294966186,completed,-35
LoadAware,222,3037662008,72426,71319,4294966189,completed,-35
LoadAware,223,3037662008,72526,71422,4294966192,completed,-35
LoadAware,224,3037662008,72626,71525,4294966195,completed,-35
LoadAware,225,3037662008,72726,71628,4294966198,completed,-35
LoadAware,226,3037662008,72826,71732,4294966202,completed,-35
LoadAware,227,3037662008,73028,71860,4294966128,completed,-35
LoadAware,228,3037662008,73128,71962,4294966130,completed,-35
LoadAware,229,3037662008,73228,72065,4294966133,completed,-35
LoadAware,230,3037662008,73328,72168,4294966136,completed,-35
LoadAware,231,3037662008,73428,72271,4294966139,completed,-35
LoadAware,232,3037662008,73528,72374,4294966142,completed,-35
LoadAware,233,3037662008,73628,72477,4294966145,completed,-35
LoadAware,234,3037662008,73728,72580,4294966148,completed,-35
LoadAware,235,3037662008,73828,72682,4294966150,completed,-35
LoadAware,236,3037662008,74030,72860,4294966126,completed,-35
LoadAware,237,3037662008,74130,72980,4294966146,completed,-35
LoadAware,238,3037662008,74230,73083,4294966149,completed,-35
LoadAware,239,3037662008,74330,73186,4294966152,completed,-35
LoadAware,240,3037662008,74430,73289,4294966155,completed,-35
LoadAware,241,3037662008,74530,73392,4294966158,completed,-35
LoadAware,242,3037662008,74630,73495,4294966161,completed,-35
LoadAware,243,3037662008,74732,73598,4294966162,completed,-35
LoadAware,244,3037662008,74832,73857,4294966321,completed,-36
LoadAware,245,3037662008,75028,74112,4294966380,completed,-36
LoadAware,246,3037662008,75128,74215,4294966383,completed,-36
LoadAware,247,3037662008,75228,74318,4294966386,completed,-36
LoadAware,248,3037662008,75328,74421,4294966389,completed,-36
LoadAware,249,3037662008,75428,74524,4294966392,completed,-36
LoadAware,250,3037662008,75528,74627,4294966395,completed,-36
LoadAware,251,3037662008,75628,74730,4294966398,completed,-36
LoadAware,252,3037662008,75728,74831,4294966399,completed,-36
LoadAware,253,3037662008,75828,74934,4294966402,completed,-36
LoadAware,254,3037662008,76031,75037,4294966302,completed,-36
LoadAware,255,3037662008,76131,75140,4294966305,completed,-36
LoadAware,256,3037662008,76231,75243,4294966308,completed,-36
LoadAware,257,3037662008,76331,75346,4294966311,completed,-36
LoadAware,258,3037662008,76431,75449,4294966314,completed,-36
LoadAware,259,3037662008,76531,75552,4294966317,completed,-36
LoadAware,260,3037662008,76631,75656,4294966321,completed,-36
LoadAware,264,3658959723,77135,74425,4294964586,completed,-11
LoadAware,261,3037662008,76731,75759,4294966324,completed,-33
LoadAware,265,3658959723,77235,74536,4294964597,completed,-11
LoadAware,266,3658959723,77335,74639,4294964600,completed,-11
LoadAware,267,3658959723,77435,74742,4294964603,completed,-11
LoadAware,262,3037662008,76831,75860,4294966325,completed,-33
LoadAware,263,3037662008,77035,75962,4294966223,completed,-33
LoadAware,268,3658959723,77535,74845,4294964606,completed,-11
LoadAware,269,3658959723,77635,74948,4294964609,completed,-11
LoadAware,270,3658959723,77735,75051,4294964612,completed,-11
LoadAware,271,3658959723,77835,75155,4294964616,completed,-11
LoadAware,272,3658959723,78038,75334,4294964592,completed,-11
LoadAware,273,3658959723,78138,75436,4294964594,completed,-11
LoadAware,274,3658959723,78238,75539,4294964597,completed,-11
LoadAware,275,3658959723,78338,75642,4294964600,completed,-11
LoadAware,276,3658959723,78438,75745,4294964603,completed,-11
LoadAware,277,3658959723,78545,75848,4294964599,completed,-11
LoadAware,278,3658959723,78645,75951,4294964602,completed,-14
LoadAware,279,3658959723,78745,76054,4294964605,completed,-14
LoadAware,280,3658959723,79040,76333,4294964589,completed,-14
LoadAware,281,3658959723,79140,76436,4294964592,completed,-14
LoadAware,282,3658959723,79240,76539,4294964595,completed,-14
LoadAware,283,3658959723,79340,76642,4294964598,completed,-14
LoadAware,284,3658959723,79440,76744,4294964600,completed,-14
LoadAware,285,3658959723,79540,76847,4294964603,completed,-14
LoadAware,286,3658959723,79640,76950,4294964606,completed,-14
LoadAware,287,3658959723,79740,77053,4294964609,completed,-14
LoadAware,288,3658959723,79840,77156,4294964612,completed,-14
LoadAware,289,3658959723,80042,77335,4294964589,completed,-14
LoadAware,290,3658959723,80142,77438,4294964592,completed,-14
LoadAware,291,3658959723,80242,77541,4294964595,completed,-14
LoadAware,292,3658959723,80342,77644,4294964598,completed,-14
LoadAware,293,3658959723,80442,77746,4294964600,completed,-14
LoadAware,294,3658959723,80542,77849,4294964603,completed,-14
LoadAware,295,3658959723,80642,77952,4294964606,completed,-14
LoadAware,296,3658959723,80742,78054,4294964608,completed,-14
LoadAware,297,3658959723,80842,78156,4294964610,completed,-14
LoadAware,298,3658959723,81044,78341,4294964593,completed,-14
LoadAware,299,3658959723,81144,78444,4294964596,completed,-14
LoadAware,300,3658959723,81244,78547,4294964599,completed,-14
LoadAware,301,3658959723,81344,78650,4294964602,completed,-14
LoadAware,302,3658959723,81444,78753,4294964605,completed,-14
LoadAware,303,3658959723,81544,78856,4294964608,completed,-14
LoadAware,304,3658959723,81644,78958,4294964610,completed,-14
LoadAware,305,3658959723,81744,79061,4294964613,completed,-14
LoadAware,306,3658959723,81844,79328,4294964780,completed,-14
LoadAware,307,3658959723,82044,79437,4294964689,completed,-14
LoadAware,308,3658959723,82144,79540,4294964692,completed,-14
LoadAware,309,3658959723,82244,79643,4294964695,completed,-14
LoadAware,310,3658959723,82344,79746,4294964698,completed,-14
LoadAware,311,3658959723,82444,79848,4294964700,completed,-14
LoadAware,312,3658959723,82544,79951,4294964703,completed,-14
LoadAware,313,3658959723,82644,80054,4294964706,completed,-14
LoadAware,314,3658959723,82744,80157,4294964709,completed,-14
LoadAware,315,3658959723,82844,80259,4294964711,completed,-14
LoadAware,316,3658959723,83046,80361,4294964611,completed,-14
LoadAware,317,3658959723,83146,80464,4294964614,completed,-14
LoadAware,318,3658959723,83246,80567,4294964617,completed,-14
LoadAware,319,3658959723,83346,80670,4294964620,completed,-14
LoadAware,320,3658959723,83446,80773,4294964623,completed,-14
LoadAware,321,3658959723,83546,80876,4294964626,completed,-14
LoadAware,322,3658959723,83646,80979,4294964629,completed,-14
LoadAware,323,3658959723,83746,81082,4294964632,completed,-14
LoadAware,324,3658959723,83846,81185,4294964635,completed,-14
LoadAware,325,3658959723,84046,81341,4294964591,completed,-14
LoadAware,326,3658959723,84146,81451,4294964601,completed,-14
LoadAware,327,3658959723,84246,81554,4294964604,completed,-14
LoadAware,328,3658959723,84346,81657,4294964607,completed,-14
LoadAware,329,3658959723,84446,81760,4294964610,completed,-14
LoadAware,330,3658959723,84546,81863,4294964613,completed,-14
LoadAware,331,3658959723,84646,81966,4294964616,completed,-13
LoadAware,332,3658959723,84746,82069,4294964619,completed,-13
LoadAware,333,3658959723,84846,82172,4294964622,completed,-13
LoadAware,334,3658959723,85050,82344,4294964590,completed,-13
LoadAware,335,3658959723,85150,82447,4294964593,completed,-13
LoadAware,336,3658959723,85250,82550,4294964596,completed,-13
LoadAware,337,3658959723,85350,82653,4294964599,completed,-13
LoadAware,338,3658959723,85450,82756,4294964602,completed,-13
LoadAware,339,3658959723,85550,82859,4294964605,completed,-13
LoadAware,340,3658959723,85650,82962,4294964608,completed,-13
LoadAware,341,3658959723,85750,83065,4294964611,completed,-13
LoadAware,342,3658959723,85850,83334,4294964780,completed,-13
LoadAware,343,3658959723,86050,83436,4294964682,completed,-13
LoadAware,344,3658959723,86150,83546,4294964692,completed,-13
LoadAware,345,3658959723,86250,83656,4294964702,completed,-13
LoadAware,346,3658959723,86350,83759,4294964705,completed,-13
LoadAware,347,3658959723,86450,83862,4294964708,completed,-13
LoadAware,348,3658959723,86550,83965,4294964711,completed,-12
LoadAware,349,3658959723,86650,84067,4294964713,completed,-12
LoadAware,350,3658959723,86750,84170,4294964716,completed,-12
LoadAware,351,3658959723,86850,84271,4294964717,completed,-12
LoadAware,352,3658959723,87052,84374,4294964618,completed,-12
LoadAware,353,3658959723,87152,84477,4294964621,completed,-12
LoadAware,354,3658959723,87252,84580,4294964624,completed,-12
LoadAware,355,3658959723,87352,84683,4294964627,completed,-12
LoadAware,356,3658959723,87452,84786,4294964630,completed,-12
LoadAware,357,3658959723,87552,84889,4294964633,completed,-12
LoadAware,358,3658959723,87652,84992,4294964636,completed,-12
LoadAware,359,3658959723,87752,85095,4294964639,completed,-12
LoadAware,360,3658959723,87852,85198,4294964642,completed,-12
LoadAware,361,3658959723,88052,85348,4294964592,completed,-12
LoadAware,362,3658959723,88152,85457,4294964601,completed,-12
LoadAware,363,3658959723,88252,85566,4294964610,completed,-12
LoadAware,364,3658959723,88352,85669,4294964613,completed,-12
LoadAware,365,3658959723,88452,85772,4294964616,completed,-12
LoadAware,366,3658959723,88552,85875,4294964619,completed,-12
LoadAware,367,3658959723,88652,85978,4294964622,completed,-13
LoadAware,368,3658959723,88752,86080,4294964624,completed,-13
LoadAware,369,3658959723,88852,86182,4294964626,completed,-13
LoadAware,370,3658959723,89057,86352,4294964591,completed,-13
LoadAware,371,3658959723,89157,86455,4294964594,completed,-13
LoadAware,372,3658959723,89257,86558,4294964597,completed,-13
LoadAware,373,3658959723,89357,86661,4294964600,completed,-13
LoadAware,374,3658959723,89457,86764,4294964603,completed,-13
LoadAware,375,3658959723,89557,86867,4294964606,completed,-13
LoadAware,376,3658959723,89657,86970,4294964609,completed,-13
LoadAware,377,3658959723,89757,87073,4294964612,completed,-13
LoadAware,378,3658959723,89857,87347,4294964786,completed,-13
LoadAware,379,3658959723,90053,87450,4294964693,completed,-13
LoadAware,380,3658959723,90153,87553,4294964696,completed,-13
LoadAware,381,3658959723,90253,87656,4294964699,completed,-13
LoadAware,382,3658959723,90353,87759,4294964702,completed,-13
LoadAware,383,3658959723,90453,87862,4294964705,completed,-13
LoadAware,384,3658959723,90553,87965,4294964708,completed,-13
LoadAware,385,3658959723,90653,88067,4294964710,completed,-13
LoadAware,386,3658959723,90753,88169,4294964712,completed,-13
LoadAware,387,3658959723,90853,88271,4294964714,completed,-13
LoadAware,388,3658959723,91058,88374,4294964612,completed,-13
LoadAware,389,3658959723,91158,88477,4294964615,completed,-13
LoadAware,390,3658959723,91258,88580,4294964618,completed,-13
LoadAware,391,3658959723,91358,88682,4294964620,completed,-13
LoadAware,392,3658959723,91458,88785,4294964623,completed,-13
LoadAware,393,3658959723,91558,88888,4294964626,completed,-13
LoadAware,394,3658959723,91658,88991,4294964629,completed,-13
LoadAware,395,3658959723,91758,89094,4294964632,completed,-13
LoadAware,396,3658959723,91858,89197,4294964635,completed,-13
LoadAware,397,3658959723,92059,89356,4294964593,completed,-13
LoadAware,398,3658959723,92159,89459,4294964596,completed,-13
LoadAware,399,3658959723,92259,89562,4294964599,completed,-13
LoadAware,400,3658959723,92359,89665,4294964602,completed,-13
LoadAware,401,3658959723,92459,89768,4294964605,completed,-13
LoadAware,402,3658959723,92559,89871,4294964608,completed,-13
LoadAware,403,3658959723,92659,89974,4294964611,completed,-14
LoadAware,404,3658959723,92759,90076,4294964613,completed,-14
LoadAware,405,3658959723,92859,90179,4294964616,completed,-14
LoadAware,406,3658959723,93060,90355,4294964591,completed,-14
LoadAware,407,3658959723,93160,90458,4294964594,completed,-14
LoadAware,408,3658959723,93260,90561,4294964597,completed,-14
LoadAware,409,3658959723,93360,90664,4294964600,completed,-14
LoadAware,410,3658959723,93469,90767,4294964594,completed,-14
LoadAware,411,3658959723,93569,90870,4294964597,completed,-14
LoadAware,412,3658959723,93669,90973,4294964600,completed,-14
LoadAware,413,3658959723,93769,91076,4294964603,completed,-14
LoadAware,414,3658959723,94056,91347,4294964587,completed,-14
LoadAware,415,3658959723,94156,91487,4294964627,completed,-14
LoadAware,416,3658959723,94256,91597,4294964637,completed,-14
LoadAware,417,3658959723,94356,91700,4294964640,completed,-14
LoadAware,418,3658959723,94456,91803,4294964643,completed,-14
LoadAware,419,3658959723,94556,91906,4294964646,completed,-14
LoadAware,420,3658959723,94656,92009,4294964649,completed,-12
LoadAware,421,3658959723,94756,92112,4294964652,completed,-12
LoadAware,422,3658959723,94856,92215,4294964655,completed,-12
LoadAware,423,3658959723,95063,92358,4294964591,completed,-12
LoadAware,424,3658959723,95163,92461,4294964594,completed,-12
LoadAware,425,3658959723,95263,92564,4294964597,completed,-12
LoadAware,426,3658959723,95363,92667,4294964600,completed,-12
LoadAware,427,3658959723,95471,92770,4294964595,completed,-12
LoadAware,428,3658959723,95571,92873,4294964598,completed,-12
LoadAware,429,3658959723,95671,92976,4294964601,completed,-12
LoadAware,430,3658959723,95771,93079,4294964604,completed,-12
LoadAware,431,3658959723,96063,93358,4294964591,completed,-12
LoadAware,432,3658959723,96163,93467,4294964600,completed,-12
LoadAware,433,3658959723,96263,93570,4294964603,completed,-12
LoadAware,434,3658959723,96363,93672,4294964605,completed,-12
LoadAware,435,3658959723,96463,93774,4294964607,completed,-12
LoadAware,436,3658959723,96563,93877,4294964610,completed,-12
LoadAware,437,3658959723,96663,93980,4294964613,completed,-14
LoadAware,438,3658959723,96763,94082,4294964615,completed,-14
LoadAware,439,3658959723,96863,94184,4294964617,completed,-14
LoadAware,440,3658959723,97065,94362,4294964593,completed,-14
LoadAware,441,3658959723,97165,94465,4294964596,completed,-14
LoadAware,442,3658959723,97265,94568,4294964599,completed,-14
LoadAware,443,3658959723,97365,94671,4294964602,completed,-14
LoadAware,444,3658959723,97472,94780,4294964604,completed,-14
LoadAware,445,3658959723,97572,94883,4294964607,completed,-14
LoadAware,446,3658959723,97672,94986,4294964610,completed,-14
LoadAware,447,3658959723,97772,95089,4294964613,completed,-14
LoadAware,448,3658959723,98064,95358,4294964590,completed,-14
LoadAware,449,3658959723,98164,95606,4294964738,completed,-14
LoadAware,450,3658959723,98264,95715,4294964747,completed,-14
LoadAware,451,3658959723,98364,95824,4294964756,completed,-14
LoadAware,452,3658959723,98464,95927,4294964759,completed,-13
LoadAware,453,3658959723,98564,96030,4294964762,completed,-13
LoadAware,454,3658959723,98664,96133,4294964765,completed,-13
LoadAware,455,3658959723,98764,96236,4294964768,completed,-13
LoadAware,456,3658959723,98864,96337,4294964769,completed,-13
LoadAware,457,3658959723,99067,96439,4294964668,completed,-13
LoadAware,458,3658959723,99167,96542,4294964671,completed,-13
LoadAware,459,3658959723,99267,96645,4294964674,completed,-13
LoadAware,460,3658959723,99367,96748,4294964677,completed,-13
LoadAware,461,3658959723,99475,96852,4294964673,completed,-13
LoadAware,462,3658959723,99575,96955,4294964676,completed,-13
LoadAware,463,3658959723,99676,97058,4294964678,completed,-13
LoadAware,464,3658959723,99778,97161,4294964679,completed,-13
LoadAware,465,3658959723,100066,97361,4294964591,completed,-13
LoadAware,466,3658959723,100166,97464,4294964594,completed,-13
LoadAware,467,3658959723,100266,97567,4294964597,completed,-13
LoadAware,468,3658959723,100366,97670,4294964600,completed,-13
LoadAware,469,3658959723,100470,97773,4294964599,completed,-13
LoadAware,470,3658959723,100570,97876,4294964602,completed,-13
LoadAware,471,3658959723,100670,97979,4294964605,completed,-11
LoadAware,472,3658959723,100770,98082,4294964608,completed,-11
LoadAware,473,3658959723,100870,98357,4294964783,completed,-11
LoadAware,474,3658959723,101073,98467,4294964690,completed,-11
LoadAware,475,3658959723,101173,98570,4294964693,completed,-11
LoadAware,476,3658959723,101273,98673,4294964696,completed,-11
LoadAware,477,3658959723,101373,98776,4294964699,completed,-11
LoadAware,478,3658959723,101474,98879,4294964701,completed,-11
LoadAware,479,3658959723,101574,98982,4294964704,completed,-11
LoadAware,480,3658959723,101674,99085,4294964707,completed,-11
LoadAware,481,3658959723,101774,99187,4294964709,completed,-11
LoadAware,482,3658959723,102066,99361,4294964591,completed,-11
LoadAware,483,3658959723,102166,99611,4294964741,completed,-11
LoadAware,484,3658959723,102266,99721,4294964751,completed,-11
LoadAware,485,3658959723,102366,99824,4294964754,completed,-11
LoadAware,486,3658959723,102466,99927,4294964757,completed,-13
LoadAware,487,3658959723,102566,100029,4294964759,completed,-13
LoadAware,488,3658959723,102666,100132,4294964762,completed,-13
LoadAware,489,3658959723,102766,100235,4294964765,completed,-13
LoadAware,490,3658959723,102866,100336,4294964766,completed,-13
LoadAware,491,3658959723,103072,100439,4294964663,completed,-13
LoadAware,492,3658959723,103172,100542,4294964666,completed,-13
LoadAware,493,3658959723,103272,100645,4294964669,completed,-13
LoadAware,494,3658959723,103372,100748,4294964672,completed,-13
LoadAware,495,3658959723,103477,100851,4294964670,completed,-13
LoadAware,496,3658959723,103577,100954,4294964673,completed,-13
LoadAware,497,3658959723,103677,101057,4294964676,completed,-13
LoadAware,498,3658959723,103777,101160,4294964679,completed,-13
LoadAware,499,3658959723,104072,101368,4294964592,completed,-13
LoadAware,500,3658959723,104172,101471,4294964595,completed,-13
LoadAware,501,3658959723,104272,101574,4294964598,completed,-13
LoadAware,502,3658959723,104372,101677,4294964601,completed,-13
LoadAware,503,3658959723,104475,101780,4294964601,completed,-13
LoadAware,504,3658959723,104575,101883,4294964604,completed,-13
LoadAware,505,3658959723,104675,101985,4294964606,completed,-12
LoadAware,506,3658959723,104775,102088,4294964609,completed,-12
LoadAware,507,3658959723,104875,102363,4294964784,completed,-12
LoadAware,508,3658959723,105078,102473,4294964691,completed,-12
LoadAware,509,3658959723,105178,102576,4294964694,completed,-12
LoadAware,510,3658959723,105278,102679,4294964697,completed,-12
LoadAware,511,3658959723,105378,102782,4294964700,completed,-12
LoadAware,512,3658959723,105478,102885,4294964703,completed,-12
LoadAware,513,3658959723,105578,102988,4294964706,completed,-12
LoadAware,514,3658959723,105678,103091,4294964709,completed,-12
LoadAware,515,3658959723,105778,103194,4294964712,completed,-12
LoadAware,516,3658959723,105878,103363,4294964781,completed,-12
LoadAware,517,3658959723,106079,103466,4294964683,completed,-12
LoadAware,518,3658959723,106179,103572,4294964689,completed,-12
LoadAware,519,3658959723,106279,103675,4294964692,completed,-12
LoadAware,520,3658959723,106379,103778,4294964695,completed,-12
LoadAware,521,3658959723,106479,103881,4294964698,completed,-12
LoadAware,522,3658959723,106579,103982,4294964699,completed,-13
LoadAware,523,3658959723,106679,104085,4294964702,completed,-13
LoadAware,524,3658959723,106779,104188,4294964705,completed,-13
LoadAware,525,3658959723,106879,104290,4294964707,completed,-13
LoadAware,526,3658959723,107082,104391,4294964605,completed,-13
LoadAware,527,3658959723,107182,104492,4294964606,completed,-13
LoadAware,528,3658959723,107282,104595,4294964609,completed,-13
LoadAware,529,3658959723,107382,104698,4294964612,completed,-13
LoadAware,530,3658959723,107486,104800,4294964610,completed,-13
LoadAware,531,3658959723,107586,104903,4294964613,completed,-13
LoadAware,532,3658959723,107686,105006,4294964616,completed,-13
LoadAware,533,3658959723,107786,105109,4294964619,completed,-13
LoadAware,534,3658959723,108080,105374,4294964590,completed,-13
LoadAware,535,3658959723,108180,105608,4294964724,completed,-13
LoadAware,536,3658959723,108280,105711,4294964727,completed,-13
LoadAware,537,3658959723,108380,105814,4294964730,completed,-13
LoadAware,538,3037662008,108484,107509,4294966321,completed,-26
LoadAware,539,3037662008,108584,107618,4294966330,completed,-26
LoadAware,540,3037662008,108684,107908,4294966520,completed,-27
LoadAware,541,3037662008,108784,108011,4294966523,completed,-27
LoadAware,542,3037662008,108884,108114,4294966526,completed,-27
LoadAware,543,3037662008,109085,108220,4294966431,completed,-27
LoadAware,544,3037662008,109185,108323,4294966434,completed,-27
LoadAware,545,3037662008,109285,108426,4294966437,completed,-27
LoadAware,546,3037662008,109385,108528,4294966439,completed,-27
LoadAware,547,3037662008,109489,108631,4294966438,completed,-27
LoadAware,548,3037662008,109589,108734,4294966441,completed,-27
LoadAware,549,3037662008,109689,108835,4294966442,completed,-27
LoadAware,550,3037662008,109789,108937,4294966444,completed,-27
LoadAware,551,3037662008,110083,109040,4294966253,completed,-27
LoadAware,552,3037662008,110183,109143,4294966256,completed,-27
LoadAware,553,3037662008,110283,109246,4294966259,completed,-27
LoadAware,554,3037662008,110383,109349,4294966262,completed,-27
LoadAware,555,3037662008,110483,109452,4294966265,completed,-27
LoadAware,556,3037662008,110583,109555,4294966268,completed,-27
LoadAware,557,3037662008,110683,109658,4294966271,completed,-27
LoadAware,561,3658959723,111185,108476,4294964587,completed,-11
LoadAware,558,3037662008,110783,109761,4294966274,completed,-29
LoadAware,562,3658959723,111285,108585,4294964596,completed,-11
LoadAware,563,3658959723,111385,108688,4294964599,completed,-11
LoadAware,564,3658959723,111485,108791,4294964602,completed,-11
LoadAware,559,3037662008,110883,109862,4294966275,completed,-29
LoadAware,560,3037662008,111085,109964,4294966175,completed,-29
LoadAware,565,3658959723,111585,108893,4294964604,completed,-11
LoadAware,566,3658959723,111685,108996,4294964607,completed,-11
LoadAware,567,3658959723,111785,109098,4294964609,completed,-11
LoadAware,568,3658959723,111885,109201,4294964612,completed,-11
LoadAware,569,3658959723,112088,109386,4294964594,completed,-11
LoadAware,570,3658959723,112188,109494,4294964602,completed,-11
LoadAware,571,3658959723,112288,109604,4294964612,completed,-11
LoadAware,572,3658959723,112388,109707,4294964615,completed,-11
LoadAware,573,3658959723,112488,109810,4294964618,completed,-11
LoadAware,574,3658959723,112588,109913,4294964621,completed,-11
LoadAware,575,3658959723,112688,110016,4294964624,completed,-13
LoadAware,576,3658959723,112788,110118,4294964626,completed,-13
LoadAware,577,3658959723,112888,110221,4294964629,completed,-13
LoadAware,578,3658959723,113091,110383,4294964588,completed,-13
LoadAware,579,3658959723,113191,110486,4294964591,completed,-13
LoadAware,580,3658959723,113291,110589,4294964594,completed,-13
LoadAware,581,3658959723,113391,110692,4294964597,completed,-13
LoadAware,582,3658959723,113491,110795,4294964600,completed,-13
LoadAware,583,3658959723,113591,110898,4294964603,completed,-13
LoadAware,584,3658959723,113691,111001,4294964606,completed,-13
LoadAware,585,3658959723,113791,111104,4294964609,completed,-13
LoadAware,586,3658959723,113891,111378,4294964783,completed,-13
LoadAware,587,3658959723,114087,111481,4294964690,completed,-13
LoadAware,588,3658959723,114187,111584,4294964693,completed,-13
LoadAware,589,3658959723,114287,111687,4294964696,completed,-13
LoadAware,590,3658959723,114387,111790,4294964699,completed,-13
LoadAware,591,3658959723,114487,111893,4294964702,completed,-13
LoadAware,592,3658959723,114587,111996,4294964705,completed,-13
LoadAware,593,3658959723,114687,112098,4294964707,completed,-13
LoadAware,594,3037662008,114787,113616,4294966125,completed,-25
LoadAware,595,3037662008,114887,113718,4294966127,completed,-25
LoadAware,596,3037662008,115087,113917,4294966126,completed,-28
LoadAware,597,3037662008,115187,114157,4294966266,completed,-28
LoadAware,598,3037662008,115287,114259,4294966268,completed,-28
LoadAware,599,3037662008,115387,114361,4294966270,completed,-28
LoadAware,600,3037662008,115487,114463,4294966272,completed,-28
LoadAware,601,3037662008,115587,114565,4294966274,completed,-28
LoadAware,602,3037662008,115687,114668,4294966277,completed,-28
LoadAware,603,3037662008,115787,114771,4294966280,completed,-28
LoadAware,604,3037662008,115887,114872,4294966281,completed,-28
LoadAware,605,3037662008,116093,114975,4294966178,completed,-28
LoadAware,606,3037662008,116193,115078,4294966181,completed,-28
LoadAware,607,3037662008,116293,115181,4294966184,completed,-28
LoadAware,608,3037662008,116393,115284,4294966187,completed,-28
LoadAware,609,3037662008,116493,115387,4294966190,completed,-28
LoadAware,610,3037662008,116593,115490,4294966193,completed,-28
LoadAware,611,3037662008,116693,115593,4294966196,completed,-28
LoadAware,612,3037662008,116793,115696,4294966199,completed,-28
LoadAware,613,3037662008,116893,115799,4294966202,completed,-29
LoadAware,614,3037662008,117093,115927,4294966130,completed,-29
LoadAware,615,3037662008,117193,116030,4294966133,completed,-29
LoadAware,616,3037662008,117293,116132,4294966135,completed,-29
LoadAware,617,3037662008,117393,116235,4294966138,completed,-29
LoadAware,618,3037662008,117493,116338,4294966141,completed,-29
LoadAware,619,3037662008,117593,116441,4294966144,completed,-29
LoadAware,620,3037662008,117693,116544,4294966147,completed,-29
LoadAware,621,3037662008,117793,116647,4294966150,completed,-29
LoadAware,622,3037662008,117893,116750,4294966153,completed,-29
LoadAware,623,3037662008,118094,116927,4294966129,completed,-29
LoadAware,624,3037662008,118194,117030,4294966132,completed,-29
LoadAware,625,3037662008,118294,117133,4294966135,completed,-29
LoadAware,626,3037662008,118394,117236,4294966138,completed,-29
LoadAware,627,3037662008,118494,117339,4294966141,completed,-29
LoadAware,628,3037662008,118594,117442,4294966144,completed,-29
LoadAware,629,3037662008,118694,117545,4294966147,completed,-29
LoadAware,630,3037662008,118794,117648,4294966150,completed,-29
LoadAware,631,3037662008,118894,117751,4294966153,completed,-29
LoadAware,632,3037662008,119095,117929,4294966130,completed,-28
LoadAware,633,3037662008,119195,118031,4294966132,completed,-28
LoadAware,634,3037662008,119295,118133,4294966134,completed,-28
LoadAware,635,3037662008,119395,118236,4294966137,completed,-28
LoadAware,636,3037662008,119495,118339,4294966140,completed,-28
LoadAware,637,3037662008,119595,118442,4294966143,completed,-28
LoadAware,638,3037662008,119695,118545,4294966146,completed,-28
LoadAware,639,3037662008,119795,118648,4294966149,completed,-28
LoadAware,640,3037662008,119895,118751,4294966152,completed,-28
LoadAware,641,3037662008,120096,118931,4294966131,completed,-28
LoadAware,642,3037662008,120196,119034,4294966134,completed,-28
LoadAware,643,3037662008,120296,119137,4294966137,completed,-28
LoadAware,644,3037662008,120396,119239,4294966139,completed,-28
LoadAware,645,3037662008,120496,119342,4294966142,completed,-28
LoadAware,646,3037662008,120596,119444,4294966144,completed,-28
LoadAware,647,3037662008,120696,119546,4294966146,completed,-28
LoadAware,648,3037662008,120796,119648,4294966148,completed,-28
LoadAware,649,3037662008,120896,119751,4294966151,completed,-28
LoadAware,650,3037662008,121099,119931,4294966128,completed,-28
LoadAware,651,3037662008,121199,120034,4294966131,completed,-28
LoadAware,652,3037662008,121299,120136,4294966133,completed,-28
LoadAware,653,3037662008,121399,120239,4294966136,completed,-28
LoadAware,654,3037662008,121499,120341,4294966138,completed,-28
LoadAware,655,3037662008,121599,120444,4294966141,completed,-28
LoadAware,656,3037662008,121699,120547,4294966144,completed,-28
LoadAware,657,3037662008,121799,120649,4294966146,completed,-28
LoadAware,658,3037662008,121899,120930,4294966327,completed,-28
LoadAware,659,3037662008,122099,121040,4294966237,completed,-28
LoadAware,660,3037662008,122199,121149,4294966246,completed,-28
LoadAware,661,3037662008,122299,121252,4294966249,completed,-28
LoadAware,662,3037662008,122399,121355,4294966252,completed,-28
LoadAware,663,3037662008,122499,121457,4294966254,completed,-28
LoadAware,664,3037662008,122599,121560,4294966257,completed,-28
LoadAware,665,3037662008,122699,121663,4294966260,completed,-28
LoadAware,669,3658959723,123200,120490,4294964586,completed,-11
LoadAware,666,3037662008,122799,121766,4294966263,completed,-29
LoadAware,667,3037662008,122899,121867,4294966264,completed,-29
LoadAware,670,3658959723,123300,120600,4294964596,completed,-11
LoadAware,671,3658959723,123400,120703,4294964599,completed,-11
LoadAware,672,3658959723,123500,120805,4294964601,completed,-11
LoadAware,668,3037662008,123100,121969,4294966165,completed,-29
LoadAware,673,3658959723,123600,120908,4294964604,completed,-11
LoadAware,674,3658959723,123700,121011,4294964607,completed,-11
LoadAware,675,3658959723,123800,121114,4294964610,completed,-11
LoadAware,676,3658959723,123900,121217,4294964613,completed,-11
LoadAware,677,3658959723,124101,121398,4294964593,completed,-11
LoadAware,678,3658959723,124201,121508,4294964603,completed,-11
LoadAware,679,3658959723,124301,121617,4294964612,completed,-11
LoadAware,680,3658959723,124401,121720,4294964615,completed,-11
LoadAware,681,3658959723,124501,121823,4294964618,completed,-11
LoadAware,682,3658959723,124601,121926,4294964621,completed,-11
LoadAware,683,3658959723,124701,122029,4294964624,completed,-12
LoadAware,684,3658959723,124801,122131,4294964626,completed,-12
LoadAware,685,3658959723,124901,122234,4294964629,completed,-12
LoadAware,686,3037662008,125103,123935,4294966128,completed,-25
LoadAware,687,3037662008,125203,124038,4294966131,completed,-25
LoadAware,688,3037662008,125303,124141,4294966134,completed,-25
LoadAware,689,3037662008,125403,124243,4294966136,completed,-25
LoadAware,690,3037662008,125503,124345,4294966138,completed,-25
LoadAware,691,3037662008,125603,124453,4294966146,completed,-25
LoadAware,692,3037662008,125703,124557,4294966150,completed,-25
LoadAware,693,3037662008,125803,124666,4294966159,completed,-25
LoadAware,694,3037662008,125903,124926,4294966319,completed,-25
LoadAware,695,3037662008,126103,125035,4294966228,completed,-25
LoadAware,696,3037662008,126203,125138,4294966231,completed,-25
LoadAware,697,3037662008,126303,125241,4294966234,completed,-25
LoadAware,698,3037662008,126403,125344,4294966237,completed,-25
LoadAware,699,3037662008,126504,125448,4294966240,completed,-25
LoadAware,700,3037662008,126604,125551,4294966243,completed,-25
LoadAware,701,3037662008,126704,125654,4294966246,completed,-25
LoadAware,702,3037662008,126804,125756,4294966248,completed,-25
LoadAware,703,3037662008,126904,125857,4294966249,completed,-29
LoadAware,704,3037662008,127105,125958,4294966149,completed,-29
LoadAware,705,3037662008,127205,126060,4294966151,completed,-29
LoadAware,706,3037662008,127305,126161,4294966152,completed,-29
LoadAware,707,3037662008,127405,126263,4294966154,completed,-29
LoadAware,708,3037662008,127505,126365,4294966156,completed,-29
LoadAware,709,3037662008,127605,126474,4294966165,completed,-29
LoadAware,710,3037662008,127705,126577,4294966168,completed,-29
LoadAware,711,3037662008,127805,126679,4294966170,completed,-29
LoadAware,712,3037662008,127905,126781,4294966172,completed,-29
LoadAware,713,3037662008,128107,126940,4294966129,completed,-29
LoadAware,714,3037662008,128207,127130,4294966219,completed,-29
LoadAware,715,3037662008,128307,127233,4294966222,completed,-29
LoadAware,716,3037662008,128407,127336,4294966225,completed,-29
LoadAware,717,3037662008,128507,127440,4294966229,completed,-29
LoadAware,718,3037662008,128607,127543,4294966232,completed,-29
LoadAware,719,3037662008,128707,127646,4294966235,completed,-29
LoadAware,720,3037662008,128807,127747,4294966236,completed,-29
LoadAware,721,3037662008,128907,127932,4294966321,completed,-26
LoadAware,722,3037662008,129102,128187,4294966381,completed,-26
LoadAware,723,3037662008,129202,128293,4294966387,completed,-26
LoadAware,724,3037662008,129302,128395,4294966389,completed,-26
LoadAware,725,3037662008,129402,128498,4294966392,completed,-26
LoadAware,726,3037662008,129502,128599,4294966393,completed,-26
LoadAware,727,3037662008,129602,128702,4294966396,completed,-26
LoadAware,728,3037662008,129702,128805,4294966399,completed,-26
LoadAware,729,3037662008,129802,128907,4294966401,completed,-26
LoadAware,730,3037662008,129902,129009,4294966403,completed,-26
LoadAware,731,3037662008,130109,129112,4294966299,completed,-26
LoadAware,732,3037662008,130209,129215,4294966302,completed,-26
LoadAware,733,3037662008,130309,129318,4294966305,completed,-26
LoadAware,734,3037662008,130409,129421,4294966308,completed,-26
LoadAware,735,3037662008,130509,129524,4294966311,completed,-26
LoadAware,736,3037662008,130609,129627,4294966314,completed,-26
LoadAware,737,3037662008,130709,129730,4294966317,completed,-26
LoadAware,738,3037662008,130811,129832,4294966317,completed,-28
LoadAware,739,3037662008,130912,129942,4294966326,completed,-28
LoadAware,740,3037662008,131108,130044,4294966232,completed,-28
LoadAware,741,3037662008,131208,130146,4294966234,completed,-28
LoadAware,742,3037662008,131308,130249,4294966237,completed,-28
LoadAware,743,3037662008,131408,130352,4294966240,completed,-28
LoadAware,744,3037662008,131508,130454,4294966242,completed,-28
LoadAware,745,3037662008,131608,130557,4294966245,completed,-28
LoadAware,746,3037662008,131708,130660,4294966248,completed,-28
LoadAware,747,3037662008,131808,130763,4294966251,completed,-28
LoadAware,748,3037662008,131908,130865,4294966253,completed,-28
LoadAware,749,3037662008,132114,130967,4294966149,completed,-28
LoadAware,750,3037662008,132214,131070,4294966152,completed,-28
LoadAware,751,3037662008,132314,131172,4294966154,completed,-28
LoadAware,752,3037662008,132414,131275,4294966157,completed,-28
LoadAware,753,3037662008,132514,131378,4294966160,completed,-28
LoadAware,754,3037662008,132614,131480,4294966162,completed,-28
LoadAware,755,3037662008,132714,131583,4294966165,completed,-28
LoadAware,756,3037662008,132814,131686,4294966168,completed,-28
LoadAware,757,3037662008,132914,131938,4294966320,completed,-27
LoadAware,758,3037662008,133116,132047,4294966227,completed,-27
LoadAware,759,3037662008,133216,132150,4294966230,completed,-27
LoadAware,760,3037662008,133316,132252,4294966232,completed,-27
LoadAware,761,3037662008,133416,132355,4294966235,completed,-27
LoadAware,762,3037662008,133516,132458,4294966238,completed,-27
LoadAware,763,3037662008,133616,132560,4294966240,completed,-27
LoadAware,764,3037662008,133716,132663,4294966243,completed,-27
LoadAware,765,3037662008,133816,132766,4294966246,completed,-27
LoadAware,766,3037662008,133916,132940,4294966320,completed,-27
LoadAware,767,3037662008,134118,133043,4294966221,completed,-27
LoadAware,768,3037662008,134218,133149,4294966227,completed,-27
LoadAware,769,3037662008,134318,133252,4294966230,completed,-27
LoadAware,770,3037662008,134418,133355,4294966233,completed,-27
LoadAware,771,3037662008,134518,133458,4294966236,completed,-27
LoadAware,772,3037662008,134618,133560,4294966238,completed,-27
LoadAware,773,3037662008,134718,133663,4294966241,completed,-27
LoadAware,774,3037662008,134818,133765,4294966243,completed,-28
LoadAware,775,3037662008,134918,133942,4294966320,completed,-28
LoadAware,776,3037662008,135113,134133,4294966316,completed,-28
LoadAware,777,3037662008,135213,134236,4294966319,completed,-28
LoadAware,778,3037662008,135316,134339,4294966319,completed,-28
LoadAware,779,3037662008,135417,134442,4294966321,completed,-28
LoadAware,780,3037662008,135517,134548,4294966327,completed,-28
LoadAware,781,3037662008,135617,134651,4294966330,completed,-28
LoadAware,782,3037662008,135717,134754,4294966333,completed,-28
LoadAware,783,3037662008,135817,134855,4294966334,completed,-28
LoadAware,784,3037662008,135918,134958,4294966336,completed,-28
LoadAware,785,3037662008,136119,135061,4294966238,completed,-28
LoadAware,786,3037662008,136219,135164,4294966241,completed,-28
LoadAware,787,3037662008,136319,135267,4294966244,completed,-28
LoadAware,788,3037662008,136419,135370,4294966247,completed,-28
LoadAware,789,3037662008,136519,135473,4294966250,completed,-28
LoadAware,790,3037662008,136619,135576,4294966253,completed,-28
LoadAware,791,3037662008,136719,135679,4294966256,completed,-28
LoadAware,795,3658959723,137220,134511,4294964587,completed,-11
LoadAware,792,3037662008,136819,135782,4294966259,completed,-27
LoadAware,793,3037662008,136919,135883,4294966260,completed,-27
LoadAware,796,3658959723,137320,134621,4294964597,completed,-11
LoadAware,797,3658959723,137420,134724,4294964600,completed,-11
LoadAware,794,3037662008,137120,135984,4294966160,completed,-27
LoadAware,798,3658959723,137520,134827,4294964603,completed,-11
LoadAware,799,3658959723,137620,134930,4294964606,completed,-11
LoadAware,800,3658959723,137720,135033,4294964609,completed,-11
LoadAware,801,3658959723,137820,135136,4294964612,completed,-11
LoadAware,802,3658959723,137920,135239,4294964615,completed,-11
LoadAware,803,3658959723,138120,135416,4294964592,completed,-11
LoadAware,804,3658959723,138220,135525,4294964601,completed,-11
LoadAware,805,3658959723,138320,135635,4294964611,completed,-11
LoadAware,806,3658959723,138420,135738,4294964614,completed,-11
LoadAware,807,3658959723,138520,135841,4294964617,completed,-11
LoadAware,808,3658959723,138620,135946,4294964622,completed,-13
LoadAware,810,3037662008,138820,137649,4294966125,completed,-27
LoadAware,809,3658959723,138720,136050,4294964626,completed,-13
LoadAware,811,3037662008,138920,137948,4294966324,completed,-26
LoadAware,812,3037662008,139127,138051,4294966220,completed,-26
LoadAware,813,3037662008,139227,138154,4294966223,completed,-26
LoadAware,814,3037662008,139327,138260,4294966229,completed,-26
LoadAware,815,3037662008,139427,138363,4294966232,completed,-26
LoadAware,816,3037662008,139527,138466,4294966235,completed,-26
LoadAware,817,3037662008,139627,138569,4294966238,completed,-26
LoadAware,818,3037662008,139727,138672,4294966241,completed,-26
LoadAware,819,3037662008,139827,138774,4294966243,completed,-26
LoadAware,820,3037662008,140118,138948,4294966126,completed,-26
LoadAware,821,3037662008,140218,139098,4294966176,completed,-26
LoadAware,822,3037662008,140318,139201,4294966179,completed,-26
LoadAware,823,3037662008,140418,139304,4294966182,completed,-26
LoadAware,824,3037662008,140518,139407,4294966185,completed,-26
LoadAware,825,3037662008,140618,139510,4294966188,completed,-26
LoadAware,826,3037662008,140718,139613,4294966191,completed,-26
LoadAware,827,3037662008,140818,139716,4294966194,completed,-26
LoadAware,828,3037662008,140918,139818,4294966196,completed,-29
LoadAware,829,3037662008,141122,139956,4294966130,completed,-29
LoadAware,830,3037662008,141222,140059,4294966133,completed,-29
LoadAware,831,3037662008,141322,140161,4294966135,completed,-29
LoadAware,832,3037662008,141422,140263,4294966137,completed,-29
LoadAware,833,3037662008,141522,140365,4294966139,completed,-29
LoadAware,834,3037662008,141622,140468,4294966142,completed,-29
LoadAware,835,3037662008,141722,140574,4294966148,completed,-29
LoadAware,836,3037662008,141822,140677,4294966151,completed,-29
LoadAware,837,3037662008,141922,140779,4294966153,completed,-29
LoadAware,838,3037662008,142124,140959,4294966131,completed,-29
LoadAware,839,3037662008,142224,141071,4294966143,completed,-29
LoadAware,840,3037662008,142324,141180,4294966152,completed,-29
LoadAware,841,3037662008,142424,141288,4294966160,completed,-29
LoadAware,842,3037662008,142524,141398,4294966170,completed,-29
LoadAware,843,3037662008,142624,141501,4294966173,completed,-29
LoadAware,844,3037662008,142724,141604,4294966176,completed,-29
LoadAware,845,3037662008,142824,141707,4294966179,completed,-29
LoadAware,846,3037662008,142924,141810,4294966182,completed,-29
LoadAware,847,3037662008,143127,141960,4294966129,completed,-29
LoadAware,848,3037662008,143227,142063,4294966132,completed,-29
LoadAware,849,3037662008,143327,142166,4294966135,completed,-29
LoadAware,850,3037662008,143427,142269,4294966138,completed,-29
LoadAware,851,3037662008,143527,142371,4294966140,completed,-29
LoadAware,852,3037662008,143627,142474,4294966143,completed,-29
LoadAware,853,3037662008,143727,142577,4294966146,completed,-29
LoadAware,854,3037662008,143827,142680,4294966149,completed,-29
LoadAware,855,3037662008,143927,142783,4294966152,completed,-29
LoadAware,856,3037662008,144129,142960,4294966127,completed,-29
LoadAware,857,3037662008,144229,143062,4294966129,completed,-29
LoadAware,858,3037662008,144329,143165,4294966132,completed,-29
LoadAware,859,3037662008,144429,143268,4294966135,completed,-29
LoadAware,860,3037662008,144529,143371,4294966138,completed,-29
LoadAware,861,3037662008,144629,143474,4294966141,completed,-29
LoadAware,862,3037662008,144729,143577,4294966144,completed,-29
LoadAware,863,3037662008,144829,143679,4294966146,completed,-29
LoadAware,864,3037662008,144929,143782,4294966149,completed,-28
LoadAware,865,3037662008,145129,143971,4294966138,completed,-28
LoadAware,866,3037662008,145229,144074,4294966141,completed,-28
LoadAware,867,3037662008,145329,144176,4294966143,completed,-28
LoadAware,868,3037662008,145429,144279,4294966146,completed,-28
LoadAware,869,3037662008,145529,144381,4294966148,completed,-28
LoadAware,870,3037662008,145629,144484,4294966151,completed,-28
LoadAware,871,3037662008,145729,144586,4294966153,completed,-28
LoadAware,872,3037662008,145829,144688,4294966155,completed,-28
LoadAware,873,3037662008,145929,144791,4294966158,completed,-28
LoadAware,874,3037662008,146130,144964,4294966130,completed,-28
LoadAware,875,3037662008,146230,145066,4294966132,completed,-28
LoadAware,876,3037662008,146330,145169,4294966135,completed,-28
LoadAware,877,3037662008,146430,145272,4294966138,completed,-28
LoadAware,878,3037662008,146530,145375,4294966141,completed,-28
LoadAware,879,3037662008,146630,145478,4294966144,completed,-28
LoadAware,880,3037662008,146730,145581,4294966147,completed,-28
LoadAware,881,3037662008,146830,145684,4294966150,completed,-28
LoadAware,882,3037662008,146930,145786,4294966152,completed,-27
LoadAware,883,3037662008,147131,145966,4294966131,completed,-27
LoadAware,884,3037662008,147231,146069,4294966134,completed,-27
LoadAware,885,3037662008,147331,146172,4294966137,completed,-27
LoadAware,886,3037662008,147431,146275,4294966140,completed,-27
LoadAware,887,3037662008,147531,146378,4294966143,completed,-27
LoadAware,888,3037662008,147631,146480,4294966145,completed,-27
LoadAware,889,3037662008,147731,146583,4294966148,completed,-27
LoadAware,890,3037662008,147831,146686,4294966151,completed,-27
LoadAware,891,3037662008,147931,146788,4294966153,completed,-27
LoadAware,892,3037662008,148132,146966,4294966130,completed,-27
LoadAware,893,3037662008,148232,147068,4294966132,completed,-27
LoadAware,894,3037662008,148332,147170,4294966134,completed,-27
LoadAware,895,3037662008,148432,147273,4294966137,completed,-27
LoadAware,896,3037662008,148532,147376,4294966140,completed,-27
LoadAware,897,3037662008,148632,147479,4294966143,completed,-27
LoadAware,898,3037662008,148732,147581,4294966145,completed,-27
LoadAware,899,3037662008,148832,147683,4294966147,completed,-27
LoadAware,900,3037662008,148932,147785,4294966149,completed,-27
LoadAware,901,3037662008,149133,147970,4294966133,completed,-27
LoadAware,902,3037662008,149233,148072,4294966135,completed,-27
LoadAware,903,3037662008,149333,148175,4294966138,completed,-27
LoadAware,904,3037662008,149433,148278,4294966141,completed,-27
LoadAware,905,3037662008,149533,148380,4294966143,completed,-27
LoadAware,906,3037662008,149633,148483,4294966146,completed,-27
LoadAware,907,3037662008,149733,148585,4294966148,completed,-27
LoadAware,908,3037662008,149833,148688,4294966151,completed,-27
LoadAware,909,3037662008,149933,148791,4294966154,completed,-27
LoadAware,910,3037662008,150134,148968,4294966130,completed,-27
LoadAware,911,3037662008,150234,149076,4294966138,completed,-27
LoadAware,912,3037662008,150334,149184,4294966146,completed,-27
LoadAware,913,3037662008,150434,149306,4294966168,completed,-27
LoadAware,914,3037662008,150534,149408,4294966170,completed,-27
LoadAware,915,3037662008,150634,149510,4294966172,completed,-27
LoadAware,916,3037662008,150734,149613,4294966175,completed,-27
LoadAware,917,3037662008,150834,149716,4294966178,completed,-27
LoadAware,918,3037662008,150934,149818,4294966180,completed,-26
LoadAware,919,3037662008,151136,149969,4294966129,completed,-26
LoadAware,920,3037662008,151236,150071,4294966131,completed,-26
LoadAware,921,3037662008,151336,150172,4294966132,completed,-26
LoadAware,922,3037662008,151436,150275,4294966135,completed,-26
LoadAware,923,3037662008,151536,150378,4294966138,completed,-26
LoadAware,924,3037662008,151636,150481,4294966141,completed,-26
LoadAware,925,3037662008,151736,150583,4294966143,completed,-26
LoadAware,926,3037662008,151836,150685,4294966145,completed,-26
LoadAware,927,3037662008,151936,150788,4294966148,completed,-26
LoadAware,928,3037662008,152136,150972,4294966132,completed,-26
LoadAware,929,3037662008,152236,151080,4294966140,completed,-26
LoadAware,930,3037662008,152336,151183,4294966143,completed,-26
LoadAware,931,3037662008,152436,151286,4294966146,completed,-26
LoadAware,932,3037662008,152536,151388,4294966148,completed,-26
LoadAware,933,3037662008,152636,151491,4294966151,completed,-26
LoadAware,934,3037662008,152736,151593,4294966153,completed,-26
LoadAware,935,3037662008,152836,151696,4294966156,completed,-26
LoadAware,936,3037662008,152936,151798,4294966158,completed,-26
LoadAware,937,3037662008,153139,151971,4294966128,completed,-26
LoadAware,938,3037662008,153239,152074,4294966131,completed,-26
LoadAware,939,3037662008,153339,152177,4294966134,completed,-26
LoadAware,940,3037662008,153439,152279,4294966136,completed,-26
LoadAware,941,3037662008,153539,152381,4294966138,completed,-26
LoadAware,942,3037662008,153639,152483,4294966140,completed,-26
LoadAware,943,3037662008,153739,152585,4294966142,completed,-26
LoadAware,944,3037662008,153839,152688,4294966145,completed,-26
LoadAware,945,3037662008,153939,152965,4294966322,completed,-26
LoadAware,946,3037662008,154135,153068,4294966229,completed,-26
LoadAware,947,3037662008,154235,153171,4294966232,completed,-26
LoadAware,948,3037662008,154335,153274,4294966235,completed,-26
LoadAware,949,3037662008,154435,153377,4294966238,completed,-26
LoadAware,950,3037662008,154535,153480,4294966241,completed,-26
LoadAware,951,3037662008,154635,153582,4294966243,completed,-26
LoadAware,952,3037662008,154735,153684,4294966245,completed,-26
LoadAware,953,3037662008,154835,153787,4294966248,completed,-27
LoadAware,954,3037662008,154935,153888,4294966249,completed,-27
LoadAware,956,3658959723,155239,152532,4294964589,completed,-12
LoadAware,957,3658959723,155339,152635,4294964592,completed,-12
LoadAware,955,3037662008,155139,153989,4294966146,completed,-27
LoadAware,958,3658959723,155439,152738,4294964595,completed,-12
LoadAware,959,3658959723,155539,152841,4294964598,completed,-12
LoadAware,960,3658959723,155639,152944,4294964601,completed,-12
LoadAware,961,3658959723,155739,153047,4294964604,completed,-12
LoadAware,962,3658959723,155839,153150,4294964607,completed,-12
LoadAware,963,3658959723,155939,153252,4294964609,completed,-12
LoadAware,964,3658959723,156140,153437,4294964593,completed,-12
LoadAware,965,3658959723,156240,153539,4294964595,completed,-12
LoadAware,966,3658959723,156340,153642,4294964598,completed,-12
LoadAware,967,3658959723,156440,153745,4294964601,completed,-12
LoadAware,968,3658959723,156540,153848,4294964604,completed,-12
LoadAware,969,3658959723,156640,153954,4294964610,completed,-13
LoadAware,970,3658959723,156740,154056,4294964612,completed,-13
LoadAware,971,3037662008,156840,155670,4294966126,completed,-27
LoadAware,972,3037662008,156940,155967,4294966323,completed,-25
LoadAware,973,3037662008,157144,156070,4294966222,completed,-25
LoadAware,974,3037662008,157244,156177,4294966229,completed,-25
LoadAware,975,3037662008,157344,156280,4294966232,completed,-25
LoadAware,976,3037662008,157444,156382,4294966234,completed,-25
LoadAware,977,3037662008,157544,156485,4294966237,completed,-25
LoadAware,978,3037662008,157644,156588,4294966240,completed,-25
LoadAware,979,3037662008,157744,156691,4294966243,completed,-25
LoadAware,980,3037662008,157844,156793,4294966245,completed,-25
LoadAware,981,3037662008,157944,156969,4294966321,completed,-25
LoadAware,982,3037662008,158141,157072,4294966227,completed,-25
LoadAware,983,3037662008,158241,157175,4294966230,completed,-25
LoadAware,984,3037662008,158341,157277,4294966232,completed,-25
LoadAware,985,3037662008,158441,157380,4294966235,completed,-25
LoadAware,986,3037662008,158541,157483,4294966238,completed,-25
LoadAware,987,3037662008,158641,157585,4294966240,completed,-25
LoadAware,988,3037662008,158741,157688,4294966243,completed,-25
LoadAware,989,3037662008,158841,157791,4294966246,completed,-27
LoadAware,992,3658959723,159244,156535,4294964587,completed,-12
LoadAware,990,3037662008,158941,157892,4294966247,completed,-27
LoadAware,993,3658959723,159344,156644,4294964596,completed,-12
LoadAware,994,3658959723,159445,156755,4294964606,completed,-12
LoadAware,995,3658959723,159545,156858,4294964609,completed,-12
LoadAware,991,3037662008,159144,157995,4294966147,completed,-27
LoadAware,996,3658959723,159645,156961,4294964612,completed,-12
LoadAware,997,3658959723,159745,157064,4294964615,completed,-12
LoadAware,998,3658959723,159845,157167,4294964618,completed,-12
LoadAware,999,3658959723,159945,157270,4294964621,completed,-12
LoadAware,1000,3658959723,160145,157442,4294964593,completed,-12
LoadAware,1001,3658959723,160245,157545,4294964596,completed,-12
LoadAware,1002,3658959723,160345,157648,4294964599,completed,-12
LoadAware,1003,3658959723,160445,157751,4294964602,completed,-12
LoadAware,1004,3658959723,160545,157854,4294964605,completed,-12
LoadAware,1005,3658959723,160645,157957,4294964608,completed,-13
LoadAware,1006,3658959723,160745,158058,4294964609,completed,-13
LoadAware,1007,3037662008,160845,159676,4294966127,completed,-27
LoadAware,1008,3037662008,160945,159778,4294966129,completed,-24
LoadAware,1009,3037662008,161147,159982,4294966131,completed,-24
LoadAware,1010,3037662008,161247,160085,4294966134,completed,-24
LoadAware,1011,3037662008,161347,160188,4294966137,completed,-24
LoadAware,1012,3037662008,161447,160290,4294966139,completed,-24
LoadAware,1013,3037662008,161547,160393,4294966142,completed,-24
LoadAware,1014,3037662008,161647,160495,4294966144,completed,-24
LoadAware,1015,3037662008,161747,160597,4294966146,completed,-24
LoadAware,1016,3037662008,161847,160700,4294966149,completed,-24
LoadAware,1017,3037662008,161947,160803,4294966152,completed,-24
LoadAware,1018,3037662008,162148,160983,4294966131,completed,-24
LoadAware,1019,3037662008,162248,161092,4294966140,completed,-24
LoadAware,1020,3037662008,162348,161201,4294966149,completed,-24
LoadAware,1021,3037662008,162448,161303,4294966151,completed,-24
LoadAware,1022,3037662008,162548,161405,4294966153,completed,-24
LoadAware,1023,3037662008,162648,161508,4294966156,completed,-24
LoadAware,1024,3037662008,162748,161611,4294966159,completed,-24
LoadAware,1025,3037662008,162848,161714,4294966162,completed,-24
LoadAware,1026,3037662008,162948,161817,4294966165,completed,-28
LoadAware,1027,3037662008,163150,161983,4294966129,completed,-28
LoadAware,1028,3037662008,163250,162086,4294966132,completed,-28
LoadAware,1029,3037662008,163350,162189,4294966135,completed,-28
LoadAware,1030,3037662008,163450,162291,4294966137,completed,-28
LoadAware,1031,3037662008,163550,162393,4294966139,completed,-28
LoadAware,1032,3037662008,163650,162496,4294966142,completed,-28
LoadAware,1033,3037662008,163750,162599,4294966145,completed,-28
LoadAware,1034,3037662008,163850,162702,4294966148,completed,-28
LoadAware,1035,3037662008,163950,162805,4294966151,completed,-28
LoadAware,1036,3037662008,164153,162984,4294966127,completed,-28
LoadAware,1037,3037662008,164253,163087,4294966130,completed,-28
LoadAware,1038,3037662008,164353,163190,4294966133,completed,-28
LoadAware,1039,3037662008,164453,163293,4294966136,completed,-28
LoadAware,1040,3037662008,164553,163396,4294966139,completed,-28
LoadAware,1041,3037662008,164653,163499,4294966142,completed,-28
LoadAware,1042,3037662008,164753,163602,4294966145,completed,-28
LoadAware,1043,3037662008,164853,163705,4294966148,completed,-28
LoadAware,1044,3037662008,164953,163978,4294966321,completed,-27
LoadAware,1045,3037662008,165155,164081,4294966222,completed,-27
LoadAware,1046,3037662008,165255,164187,4294966228,completed,-27
LoadAware,1047,3037662008,165355,164290,4294966231,completed,-27
LoadAware,1048,3037662008,165455,164393,4294966234,completed,-27
LoadAware,1049,3037662008,165555,164496,4294966237,completed,-27
LoadAware,1050,3037662008,165655,164599,4294966240,completed,-27
LoadAware,1051,3037662008,165755,164702,4294966243,completed,-27
LoadAware,1052,3037662008,165855,164804,4294966245,completed,-27
LoadAware,1053,3037662008,165955,164978,4294966319,completed,-27
LoadAware,1054,3037662008,166150,165080,4294966226,completed,-27
LoadAware,1055,3037662008,166250,165182,4294966228,completed,-27
LoadAware,1056,3037662008,166350,165284,4294966230,completed,-27
LoadAware,1057,3037662008,166450,165387,4294966233,completed,-27
LoadAware,1058,3037662008,166550,165489,4294966235,completed,-27
LoadAware,1059,3037662008,166650,165592,4294966238,completed,-27
LoadAware,1060,3037662008,166750,165694,4294966240,completed,-27
LoadAware,1064,3658959723,167256,164548,4294964588,completed,-12
LoadAware,1061,3037662008,166850,165796,4294966242,completed,-27
LoadAware,1065,3658959723,167356,164651,4294964591,completed,-12
LoadAware,1066,3658959723,167456,164753,4294964593,completed,-12
LoadAware,1067,3658959723,167556,164856,4294964596,completed,-12
LoadAware,1062,3037662008,166950,165897,4294966243,completed,-27
LoadAware,1063,3037662008,167156,165999,4294966139,completed,-27
LoadAware,SUMMARY,ALL,0,0,120000,batch_complete,0
----------------,---,---,---,---,---,----------------,---
LoadAware,1068,3658959723,167656,164959,4294964599,completed,-12
LoadAware,1069,3658959723,167756,165062,4294964602,completed,-12
LoadAware,1070,3037662008,684312,684145,4294967129,completed,-24
LoadAware,1071,3037662008,684412,684248,4294967132,completed,-24
LoadAware,1072,3037662008,684512,684351,4294967135,completed,-24
LoadAware,1073,3037662008,684612,684454,4294967138,completed,-24
LoadAware,1074,3037662008,684712,684557,4294967141,completed,-24
LoadAware,1075,3037662008,684812,684660,4294967144,completed,-24
LoadAware,1076,3037662008,684912,684763,4294967147,completed,-24
LoadAware,1077,3037662008,685012,684866,4294967150,completed,-24
LoadAware,1078,3037662008,685302,684969,4294966963,completed,-24
LoadAware,1079,3037662008,685402,685071,4294966965,completed,-24
LoadAware,1080,3037662008,685502,685174,4294966968,completed,-24
LoadAware,1081,3037662008,685608,685277,4294966965,completed,-24
LoadAware,1082,3037662008,685708,685380,4294966968,completed,-24
LoadAware,1083,3037662008,685808,685483,4294966971,completed,-24
LoadAware,1084,3037662008,685908,685586,4294966974,completed,-24
LoadAware,1085,3037662008,686008,685689,4294966977,completed,-24
LoadAware,1086,3037662008,686108,685792,4294966980,completed,-24
LoadAware,1087,3037662008,686311,685895,4294966880,completed,-24
LoadAware,1088,3037662008,686411,685998,4294966883,completed,-24
LoadAware,1089,3037662008,686511,686100,4294966885,completed,-28
LoadAware,1097,3658959723,687412,684706,4294964590,completed,-11
LoadAware,1098,3658959723,687512,684810,4294964594,completed,-11
LoadAware,1090,3037662008,686611,686202,4294966887,completed,-28
LoadAware,1099,3658959723,687614,684914,4294964596,completed,-11
LoadAware,1100,3658959723,687714,685017,4294964599,completed,-11
LoadAware,1091,3037662008,686711,686304,4294966889,completed,-28
LoadAware,1101,3658959723,687814,685120,4294964602,completed,-11
LoadAware,1092,3037662008,686811,686405,4294966890,completed,-28
LoadAware,1102,3658959723,687914,685223,4294964605,completed,-11
LoadAware,1093,3037662008,686911,686507,4294966892,completed,-28
LoadAware,1103,3658959723,688014,685326,4294964608,completed,-11
LoadAware,1094,3037662008,687011,686608,4294966893,completed,-28
LoadAware,1104,3658959723,688114,685603,4294964785,completed,-11
LoadAware,1105,3658959723,688316,685706,4294964686,completed,-11
LoadAware,1095,3037662008,687111,686709,4294966894,completed,-28
LoadAware,1106,3658959723,688416,685813,4294964693,completed,-11
LoadAware,1107,3658959723,688516,685916,4294964696,completed,-11
LoadAware,1108,3658959723,688616,686019,4294964699,completed,-11
LoadAware,1096,3037662008,687312,686811,4294966795,completed,-28
LoadAware,1109,3658959723,688716,686122,4294964702,completed,-11
LoadAware,1110,3658959723,688816,686225,4294964705,completed,-11
LoadAware,1111,3658959723,688916,686328,4294964708,completed,-11
LoadAware,1112,3658959723,689016,686430,4294964710,completed,-11
LoadAware,1115,3037662008,689412,688246,4294966130,completed,-28
LoadAware,1113,3658959723,689116,686603,4294964783,completed,-11
LoadAware,1116,3037662008,689512,688349,4294966133,completed,-28
LoadAware,1117,3037662008,689612,688452,4294966136,completed,-28
LoadAware,1118,3037662008,689712,688555,4294966139,completed,-28
LoadAware,1114,3658959723,689312,686745,4294964729,completed,-11
LoadAware,1119,3037662008,689812,688658,4294966142,completed,-28
LoadAware,1120,3037662008,689912,688761,4294966145,completed,-28
LoadAware,1121,3037662008,690012,688864,4294966148,completed,-28
LoadAware,1122,3037662008,690112,688967,4294966151,completed,-28
LoadAware,1123,3037662008,690315,689154,4294966135,completed,-28
LoadAware,1124,3037662008,690415,689257,4294966138,completed,-28
LoadAware,1125,3037662008,690515,689360,4294966141,completed,-28
LoadAware,1126,3037662008,690615,689462,4294966143,completed,-28
LoadAware,1127,3037662008,690715,689565,4294966146,completed,-28
LoadAware,1128,3037662008,690815,689668,4294966149,completed,-28
LoadAware,1129,3037662008,690915,689770,4294966151,completed,-28
LoadAware,1130,3037662008,691015,689873,4294966154,completed,-28
LoadAware,1131,3037662008,691115,689976,4294966157,completed,-28
LoadAware,1132,3037662008,691317,690155,4294966134,completed,-29
LoadAware,1133,3037662008,691417,690256,4294966135,completed,-29
LoadAware,1134,3037662008,691517,690358,4294966137,completed,-29
LoadAware,1135,3037662008,691617,690461,4294966140,completed,-29
LoadAware,1136,3037662008,691717,690564,4294966143,completed,-29
LoadAware,1137,3037662008,691817,690667,4294966146,completed,-29
LoadAware,1138,3037662008,691917,690770,4294966149,completed,-29
LoadAware,1139,3037662008,692017,690873,4294966152,completed,-29
LoadAware,1140,3037662008,692117,691147,4294966326,completed,-29
LoadAware,1141,3037662008,692319,691250,4294966227,completed,-29
LoadAware,1142,3037662008,692419,691356,4294966233,completed,-29
LoadAware,1143,3037662008,692519,691459,4294966236,completed,-29
LoadAware,1144,3037662008,692619,691561,4294966238,completed,-29
LoadAware,1145,3037662008,692719,691664,4294966241,completed,-29
LoadAware,1146,3037662008,692819,691767,4294966244,completed,-29
LoadAware,1147,3037662008,692919,691870,4294966247,completed,-29
LoadAware,1148,3037662008,693019,691973,4294966250,completed,-29
LoadAware,1149,3037662008,693119,692074,4294966251,completed,-28
LoadAware,1150,3037662008,693321,692176,4294966151,completed,-28
LoadAware,1151,3037662008,693421,692278,4294966153,completed,-28
LoadAware,1152,3037662008,693521,692380,4294966155,completed,-28
LoadAware,1153,3037662008,693625,692482,4294966153,completed,-28
LoadAware,1154,3037662008,693725,692585,4294966156,completed,-28
LoadAware,1155,3037662008,693825,692688,4294966159,completed,-28
LoadAware,1156,3037662008,693925,692791,4294966162,completed,-28
LoadAware,1157,3037662008,694025,692894,4294966165,completed,-28
LoadAware,1158,3037662008,694321,693171,4294966146,completed,-28
LoadAware,1159,3037662008,694421,693281,4294966156,completed,-28
LoadAware,1160,3037662008,694521,693384,4294966159,completed,-28
LoadAware,1161,3037662008,694621,693487,4294966162,completed,-28
LoadAware,1162,3037662008,694721,693590,4294966165,completed,-28
LoadAware,1163,3037662008,694821,693692,4294966167,completed,-28
LoadAware,1164,3037662008,694921,693795,4294966170,completed,-28
LoadAware,1165,3037662008,695021,693898,4294966173,completed,-28
LoadAware,1166,3037662008,695121,694001,4294966176,completed,-28
LoadAware,1167,3037662008,695323,694162,4294966135,completed,-29
LoadAware,1168,3037662008,695423,694265,4294966138,completed,-29
LoadAware,1169,3037662008,695523,694367,4294966140,completed,-29
LoadAware,1170,3037662008,695623,694470,4294966143,completed,-29
LoadAware,1171,3037662008,695723,694573,4294966146,completed,-29
LoadAware,1172,3037662008,695823,694676,4294966149,completed,-29
LoadAware,1173,3037662008,695923,694779,4294966152,completed,-29
LoadAware,1174,3037662008,696023,694882,4294966155,completed,-29
LoadAware,1175,3037662008,696123,695151,4294966324,completed,-29
LoadAware,1176,3037662008,696324,695254,4294966226,completed,-29
LoadAware,1177,3037662008,696424,695358,4294966230,completed,-29
LoadAware,1178,3037662008,696524,695461,4294966233,completed,-29
LoadAware,1179,3037662008,696624,695564,4294966236,completed,-29
LoadAware,1180,3037662008,696724,695667,4294966239,completed,-29
LoadAware,1181,3037662008,696824,695770,4294966242,completed,-29
LoadAware,1182,3037662008,696924,695873,4294966245,completed,-29
LoadAware,1183,3037662008,697024,695976,4294966248,completed,-29
LoadAware,1184,3037662008,697124,696153,4294966325,completed,-31
LoadAware,1185,3037662008,697326,696256,4294966226,completed,-31
LoadAware,1186,3037662008,697426,696361,4294966231,completed,-31
LoadAware,1187,3037662008,697526,696464,4294966234,completed,-31
LoadAware,1188,3037662008,697626,696567,4294966237,completed,-31
LoadAware,1189,3037662008,697726,696670,4294966240,completed,-31
LoadAware,1190,3037662008,697826,696773,4294966243,completed,-31
LoadAware,1191,3037662008,697926,696876,4294966246,completed,-31
LoadAware,1192,3037662008,698026,696979,4294966249,completed,-31
LoadAware,1193,3037662008,698126,697155,4294966325,completed,-31
LoadAware,1194,3037662008,698327,697258,4294966227,completed,-31
LoadAware,1195,3037662008,698427,697360,4294966229,completed,-31
LoadAware,1196,3037662008,698527,697462,4294966231,completed,-31
LoadAware,1197,3037662008,698627,697565,4294966234,completed,-31
LoadAware,1198,3037662008,698727,697668,4294966237,completed,-31
LoadAware,1199,3037662008,698827,697771,4294966240,completed,-31
LoadAware,1200,3037662008,698927,697874,4294966243,completed,-31
LoadAware,1201,3037662008,699027,697977,4294966246,completed,-31
LoadAware,1202,3037662008,699127,698078,4294966247,completed,-29
LoadAware,1203,3037662008,699327,698180,4294966149,completed,-29
LoadAware,1204,3037662008,699427,698282,4294966151,completed,-29
LoadAware,1205,3037662008,699527,698383,4294966152,completed,-29
LoadAware,1206,3037662008,699627,698486,4294966155,completed,-29
LoadAware,1207,3037662008,699727,698589,4294966158,completed,-29
LoadAware,1208,3037662008,699827,698692,4294966161,completed,-29
LoadAware,1209,3037662008,699927,698795,4294966164,completed,-29
LoadAware,1210,3037662008,700027,698898,4294966167,completed,-29
LoadAware,1211,3037662008,700127,699158,4294966327,completed,-29
LoadAware,1212,3037662008,700330,699261,4294966227,completed,-29
LoadAware,1213,3037662008,700430,699364,4294966230,completed,-29
LoadAware,1214,3037662008,700530,699467,4294966233,completed,-29
LoadAware,1215,3037662008,700630,699570,4294966236,completed,-29
LoadAware,1216,3037662008,700730,699673,4294966239,completed,-29
LoadAware,1217,3037662008,700830,699776,4294966242,completed,-29
LoadAware,1218,3037662008,700930,699879,4294966245,completed,-29
LoadAware,1219,3037662008,701030,699980,4294966246,completed,-29
LoadAware,1220,3037662008,701130,700160,4294966326,completed,-28
LoadAware,1221,3037662008,701331,700262,4294966227,completed,-28
LoadAware,1222,3037662008,701431,700368,4294966233,completed,-28
LoadAware,1223,3037662008,701531,700471,4294966236,completed,-28
LoadAware,1224,3037662008,701631,700574,4294966239,completed,-28
LoadAware,1225,3037662008,701731,700677,4294966242,completed,-28
LoadAware,1226,3037662008,701831,700780,4294966245,completed,-28
LoadAware,1227,3037662008,701931,700883,4294966248,completed,-28
LoadAware,1228,3037662008,702031,700986,4294966251,completed,-28
LoadAware,1229,3037662008,702131,701160,4294966325,completed,-28
LoadAware,1230,3037662008,702332,701263,4294966227,completed,-28
LoadAware,1231,3037662008,702432,701365,4294966229,completed,-28
LoadAware,1232,3037662008,702532,701471,4294966235,completed,-28
LoadAware,1233,3037662008,702632,701574,4294966238,completed,-28
LoadAware,1234,3037662008,702732,701677,4294966241,completed,-28
LoadAware,1235,3037662008,702832,701780,4294966244,completed,-28
LoadAware,1236,3037662008,702932,701883,4294966247,completed,-28
LoadAware,1237,3037662008,703032,701986,4294966250,completed,-28
LoadAware,1238,3037662008,703132,702087,4294966251,completed,-29
LoadAware,1239,3037662008,703333,702189,4294966152,completed,-29
LoadAware,1240,3037662008,703433,702291,4294966154,completed,-29
LoadAware,1241,3037662008,703533,702393,4294966156,completed,-29
LoadAware,1242,3037662008,703633,702496,4294966159,completed,-29
LoadAware,1243,3037662008,703733,702599,4294966162,completed,-29
LoadAware,1244,3037662008,703833,702702,4294966165,completed,-29
LoadAware,1245,3037662008,703933,702804,4294966167,completed,-29
LoadAware,1246,3037662008,704033,702907,4294966170,completed,-29
LoadAware,1247,3037662008,704133,703010,4294966173,completed,-29
LoadAware,1248,3037662008,704337,703174,4294966133,completed,-29
LoadAware,1249,3037662008,704437,703276,4294966135,completed,-29
LoadAware,1250,3037662008,704537,703378,4294966137,completed,-29
LoadAware,1251,3037662008,704637,703481,4294966140,completed,-29
LoadAware,1252,3037662008,704737,703583,4294966142,completed,-29
LoadAware,1253,3037662008,704837,703686,4294966145,completed,-29
LoadAware,1254,3037662008,704937,703789,4294966148,completed,-29
LoadAware,1255,3037662008,705037,703892,4294966151,completed,-29
LoadAware,1256,3037662008,705137,704171,4294966330,completed,-28
LoadAware,1257,3037662008,705332,704276,4294966240,completed,-28
LoadAware,1258,3037662008,705432,704379,4294966243,completed,-28
LoadAware,1259,3037662008,705532,704482,4294966246,completed,-28
LoadAware,1260,3037662008,705632,704585,4294966249,completed,-28
LoadAware,1261,3037662008,705732,704688,4294966252,completed,-28
LoadAware,1262,3037662008,705832,704791,4294966255,completed,-28
LoadAware,1263,3037662008,705932,704894,4294966258,completed,-28
LoadAware,1264,3037662008,706032,704997,4294966261,completed,-28
LoadAware,1265,3037662008,706132,705166,4294966330,completed,-28
LoadAware,1266,3037662008,706338,705269,4294966227,completed,-28
LoadAware,1267,3037662008,706438,705376,4294966234,completed,-28
LoadAware,1268,3037662008,706538,705479,4294966237,completed,-28
LoadAware,1269,3037662008,706638,705582,4294966240,completed,-28
LoadAware,1270,3037662008,706738,705684,4294966242,completed,-28
LoadAware,1271,3037662008,706838,705786,4294966244,completed,-28
LoadAware,1272,3037662008,706938,705889,4294966247,completed,-28
LoadAware,1273,3037662008,707038,705991,4294966249,completed,-28
LoadAware,1274,3037662008,707138,706093,4294966251,completed,-29
LoadAware,1275,3037662008,707339,706195,4294966152,completed,-29
LoadAware,1276,3037662008,707439,706297,4294966154,completed,-29
LoadAware,1277,3037662008,707539,706399,4294966156,completed,-29
LoadAware,1278,3037662008,707639,706502,4294966159,completed,-29
LoadAware,1279,3037662008,707739,706604,4294966161,completed,-29
LoadAware,1280,3037662008,707839,706706,4294966163,completed,-29
LoadAware,1281,3037662008,707939,706808,4294966165,completed,-29
LoadAware,1282,3037662008,708039,706911,4294966168,completed,-29
LoadAware,1283,3037662008,708139,707014,4294966171,completed,-29
LoadAware,1284,3037662008,708339,707179,4294966136,completed,-29
LoadAware,1285,3037662008,708439,707282,4294966139,completed,-29
LoadAware,1286,3037662008,708539,707385,4294966142,completed,-29
LoadAware,1287,3037662008,708639,707488,4294966145,completed,-29
LoadAware,1288,3037662008,708739,707591,4294966148,completed,-29
LoadAware,1289,3037662008,708839,707693,4294966150,completed,-29
LoadAware,1290,3037662008,708939,707796,4294966153,completed,-29
LoadAware,1291,3037662008,709039,707899,4294966156,completed,-29
LoadAware,1292,3037662008,709139,708002,4294966159,completed,-29
LoadAware,1293,3037662008,709341,708180,4294966135,completed,-29
LoadAware,1294,3037662008,709441,708287,4294966142,completed,-29
LoadAware,1295,3037662008,709541,708390,4294966145,completed,-29
LoadAware,1296,3037662008,709641,708492,4294966147,completed,-29
LoadAware,1297,3037662008,709741,708595,4294966150,completed,-29
LoadAware,1298,3037662008,709841,708698,4294966153,completed,-29
LoadAware,1299,3037662008,709941,708801,4294966156,completed,-29
LoadAware,1300,3037662008,710041,708904,4294966159,completed,-29
LoadAware,1301,3037662008,710141,709171,4294966326,completed,-29
LoadAware,1302,3037662008,710343,709274,4294966227,completed,-29
LoadAware,1303,3037662008,710443,709380,4294966233,completed,-29
LoadAware,1304,3037662008,710543,709483,4294966236,completed,-29
LoadAware,1305,3037662008,710643,709586,4294966239,completed,-29
LoadAware,1306,3037662008,710743,709689,4294966242,completed,-29
LoadAware,1307,3037662008,710843,709792,4294966245,completed,-29
LoadAware,1308,3037662008,710943,709894,4294966247,completed,-29
LoadAware,1309,3037662008,711043,709997,4294966250,completed,-29
LoadAware,1310,3037662008,711143,710171,4294966324,completed,-27
LoadAware,1311,3037662008,711344,710274,4294966226,completed,-27
LoadAware,1312,3037662008,711444,710378,4294966230,completed,-27
LoadAware,1313,3037662008,711544,710481,4294966233,completed,-27
LoadAware,1314,3037662008,711644,710584,4294966236,completed,-27
LoadAware,1315,3037662008,711744,710686,4294966238,completed,-27
LoadAware,1316,3037662008,711844,710789,4294966241,completed,-27
LoadAware,1317,3037662008,711944,710892,4294966244,completed,-27
LoadAware,1318,3037662008,712044,710995,4294966247,completed,-27
LoadAware,1319,3037662008,712144,711173,4294966325,completed,-27
LoadAware,1320,3037662008,712346,711276,4294966226,completed,-27
LoadAware,1321,3037662008,712446,711381,4294966231,completed,-27
LoadAware,1322,3037662008,712546,711483,4294966233,completed,-27
LoadAware,1323,3037662008,712646,711585,4294966235,completed,-27
LoadAware,1324,3037662008,712746,711688,4294966238,completed,-27
LoadAware,1325,3037662008,712846,711791,4294966241,completed,-27
LoadAware,1326,3037662008,712946,711894,4294966244,completed,-27
LoadAware,1327,3037662008,713050,711996,4294966242,completed,-27
LoadAware,1328,3037662008,713339,712175,4294966132,completed,-30
LoadAware,1329,3037662008,713439,712278,4294966135,completed,-30
LoadAware,1330,3037662008,713539,712379,4294966136,completed,-30
LoadAware,1331,3037662008,713639,712481,4294966138,completed,-30
LoadAware,1332,3037662008,713739,712584,4294966141,completed,-30
LoadAware,1333,3037662008,713839,712687,4294966144,completed,-30
LoadAware,1334,3037662008,713939,712790,4294966147,completed,-30
LoadAware,1335,3037662008,714039,712893,4294966150,completed,-30
LoadAware,1336,3037662008,714139,713177,4294966334,completed,-30
LoadAware,1337,3037662008,714347,713279,4294966228,completed,-30
LoadAware,1338,3037662008,714447,713382,4294966231,completed,-30
LoadAware,1339,3037662008,714547,713484,4294966233,completed,-30
LoadAware,1340,3037662008,714647,713586,4294966235,completed,-30
LoadAware,1343,3658959723,714947,712244,4294964593,completed,-11
LoadAware,1344,3658959723,715049,712346,4294964593,completed,-11
LoadAware,1345,3658959723,715149,712638,4294964785,completed,-11
LoadAware,1346,3658959723,715351,712747,4294964692,completed,-11
LoadAware,1347,3658959723,715451,712850,4294964695,completed,-11
LoadAware,1348,3658959723,715551,712952,4294964697,completed,-11
LoadAware,1349,3658959723,715651,713055,4294964700,completed,-11
LoadAware,1350,3658959723,715751,713157,4294964702,completed,-11
LoadAware,1351,3658959723,715851,713260,4294964705,completed,-11
LoadAware,1352,3658959723,715951,713363,4294964708,completed,-11
LoadAware,1353,3658959723,716051,713466,4294964711,completed,-11
LoadAware,1354,3658959723,716151,713641,4294964786,completed,-11
LoadAware,1355,3658959723,716351,713744,4294964689,completed,-11
LoadAware,1356,3658959723,716451,713847,4294964692,completed,-11
LoadAware,1357,3658959723,716551,713950,4294964695,completed,-11
LoadAware,1358,3658959723,716651,714053,4294964698,completed,-11
LoadAware,1359,3658959723,716751,714156,4294964701,completed,-11
LoadAware,1360,3658959723,716851,714259,4294964704,completed,-13
LoadAware,1361,3658959723,716951,714361,4294964706,completed,-13
LoadAware,1362,3658959723,717051,714464,4294964709,completed,-13
LoadAware,1363,3658959723,717151,714642,4294964787,completed,-13
LoadAware,1364,3658959723,717355,714745,4294964686,completed,-13
LoadAware,1365,3658959723,717455,714851,4294964692,completed,-13
LoadAware,1366,3658959723,717555,714953,4294964694,completed,-13
LoadAware,1367,3658959723,717655,715056,4294964697,completed,-13
LoadAware,1368,3658959723,717755,715159,4294964700,completed,-13
LoadAware,1369,3658959723,717855,715262,4294964703,completed,-13
LoadAware,1370,3658959723,717955,715365,4294964706,completed,-13
LoadAware,1371,3658959723,718055,715468,4294964709,completed,-13
LoadAware,1372,3658959723,718353,715649,4294964592,completed,-13
LoadAware,1373,3658959723,718453,715752,4294964595,completed,-13
LoadAware,1374,3658959723,718553,715855,4294964598,completed,-13
LoadAware,1375,3658959723,718653,715958,4294964601,completed,-13
LoadAware,1376,3658959723,718753,716061,4294964604,completed,-13
LoadAware,1377,3658959723,718853,716164,4294964607,completed,-13
LoadAware,1378,3658959723,718953,716267,4294964610,completed,-13
LoadAware,1379,3658959723,719053,716369,4294964612,completed,-13
LoadAware,1380,3658959723,719153,716646,4294964789,completed,-13
LoadAware,1381,3658959723,719352,716749,4294964693,completed,-13
LoadAware,1382,3658959723,719452,716852,4294964696,completed,-13
LoadAware,1383,3658959723,719552,716955,4294964699,completed,-13
LoadAware,1384,3658959723,719652,717058,4294964702,completed,-13
LoadAware,1341,3658959723,719748,717161,4294964709,completed,-13
LoadAware,1385,3658959723,719752,717265,4294964809,completed,-13
LoadAware,1342,3658959723,719848,717368,4294964816,completed,-13
LoadAware,1386,3658959723,719852,717471,4294964915,completed,-13
LoadAware,1387,3658959723,719952,717573,4294964917,completed,-13
LoadAware,1388,3658959723,720052,717676,4294964920,completed,-13
LoadAware,1389,3658959723,720152,717779,4294964923,completed,-13
LoadAware,1390,3658959723,720354,717882,4294964824,completed,-13
LoadAware,1391,3658959723,720454,717984,4294964826,completed,-13
LoadAware,1392,3658959723,720554,718087,4294964829,completed,-13
LoadAware,1393,3658959723,720654,718190,4294964832,completed,-13
LoadAware,1394,3658959723,720754,718293,4294964835,completed,-13
LoadAware,1395,3658959723,720854,718394,4294964836,completed,-13
LoadAware,1396,3658959723,720954,718497,4294964839,completed,-13
LoadAware,1397,3658959723,721054,718599,4294964841,completed,-13
LoadAware,1398,3658959723,721154,718702,4294964844,completed,-13
LoadAware,1399,3658959723,721357,718804,4294964743,completed,-13
LoadAware,1400,3658959723,721457,718907,4294964746,completed,-13
LoadAware,1401,3658959723,721557,719010,4294964749,completed,-13
LoadAware,1402,3658959723,721657,719113,4294964752,completed,-13
LoadAware,1403,3658959723,721757,719216,4294964755,completed,-13
LoadAware,1404,3658959723,721857,719319,4294964758,completed,-13
LoadAware,1405,3658959723,721957,719422,4294964761,completed,-13
LoadAware,1406,3658959723,722057,719524,4294964763,completed,-13
LoadAware,1407,3658959723,722158,719649,4294964787,completed,-13
LoadAware,1408,3658959723,722355,719751,4294964692,completed,-13
LoadAware,1409,3658959723,722455,719854,4294964695,completed,-13
LoadAware,1410,3658959723,722555,719957,4294964698,completed,-13
LoadAware,1411,3658959723,722655,720059,4294964700,completed,-13
LoadAware,1412,3658959723,722755,720162,4294964703,completed,-13
LoadAware,1413,3658959723,722855,720264,4294964705,completed,-13
LoadAware,1414,3658959723,722955,720366,4294964707,completed,-13
LoadAware,1415,3658959723,723055,720469,4294964710,completed,-13
LoadAware,1416,3658959723,723155,720571,4294964712,completed,-13
LoadAware,1417,3658959723,723358,720674,4294964612,completed,-13
LoadAware,1418,3658959723,723458,720777,4294964615,completed,-13
LoadAware,1419,3658959723,723558,720880,4294964618,completed,-13
LoadAware,1420,3658959723,723658,720983,4294964621,completed,-13
LoadAware,1421,3658959723,723758,721086,4294964624,completed,-13
LoadAware,1422,3658959723,723858,721189,4294964627,completed,-13
LoadAware,1423,3658959723,723958,721292,4294964630,completed,-13
LoadAware,1424,3658959723,724058,721395,4294964633,completed,-13
LoadAware,1425,3658959723,724158,721498,4294964636,completed,-13
LoadAware,1426,3658959723,724359,721659,4294964596,completed,-13
LoadAware,1427,3658959723,724459,721762,4294964599,completed,-13
LoadAware,1428,3658959723,724559,721865,4294964602,completed,-13
LoadAware,1429,3658959723,724659,721968,4294964605,completed,-13
LoadAware,1430,3658959723,724759,722071,4294964608,completed,-13
LoadAware,1431,3658959723,724859,722174,4294964611,completed,-13
LoadAware,1432,3658959723,724959,722277,4294964614,completed,-13
LoadAware,1433,3658959723,725059,722378,4294964615,completed,-13
LoadAware,1434,3658959723,725159,722481,4294964618,completed,-13
LoadAware,1435,3658959723,725367,722665,4294964594,completed,-13
LoadAware,1436,3658959723,725467,722768,4294964597,completed,-13
LoadAware,1437,3658959723,725567,722871,4294964600,completed,-13
LoadAware,1438,3658959723,725667,722974,4294964603,completed,-13
LoadAware,1439,3658959723,725767,723077,4294964606,completed,-13
LoadAware,1440,3658959723,725867,723180,4294964609,completed,-13
LoadAware,1441,3658959723,725967,723283,4294964612,completed,-13
LoadAware,1442,3658959723,726067,723387,4294964616,completed,-13
LoadAware,1443,3658959723,726361,723659,4294964594,completed,-13
LoadAware,1444,3658959723,726461,723762,4294964597,completed,-13
LoadAware,1445,3658959723,726561,723865,4294964600,completed,-13
LoadAware,1446,3658959723,726661,723968,4294964603,completed,-13
LoadAware,1447,3658959723,726761,724071,4294964606,completed,-13
LoadAware,1448,3658959723,726861,724173,4294964608,completed,-13
LoadAware,1449,3658959723,726961,724276,4294964611,completed,-13
LoadAware,1450,3658959723,727061,724379,4294964614,completed,-13
LoadAware,1451,3658959723,727161,724482,4294964617,completed,-13
LoadAware,1452,3658959723,727362,724659,4294964593,completed,-13
LoadAware,1453,3658959723,727462,724762,4294964596,completed,-13
LoadAware,1454,3658959723,727562,724865,4294964599,completed,-13
LoadAware,1455,3658959723,727662,724967,4294964601,completed,-13
LoadAware,1456,3658959723,727762,725070,4294964604,completed,-13
LoadAware,1457,3658959723,727862,725173,4294964607,completed,-13
LoadAware,1458,3658959723,727962,725276,4294964610,completed,-13
LoadAware,1459,3658959723,728062,725379,4294964613,completed,-13
LoadAware,1460,3658959723,728162,725652,4294964786,completed,-13
LoadAware,1461,3658959723,728364,725761,4294964693,completed,-13
LoadAware,1462,3658959723,728464,725864,4294964696,completed,-13
LoadAware,1463,3658959723,728564,725967,4294964699,completed,-13
LoadAware,1464,3658959723,728664,726070,4294964702,completed,-13
LoadAware,1465,3658959723,728764,726173,4294964705,completed,-13
LoadAware,1466,3658959723,728864,726275,4294964707,completed,-14
LoadAware,1467,3658959723,728964,726377,4294964709,completed,-14
LoadAware,1468,3658959723,729064,726478,4294964710,completed,-14
LoadAware,1469,3658959723,729164,726579,4294964711,completed,-14
LoadAware,1470,3658959723,729366,726681,4294964611,completed,-14
LoadAware,1471,3658959723,729466,726782,4294964612,completed,-14
LoadAware,1472,3658959723,729566,726884,4294964614,completed,-14
LoadAware,1473,3658959723,729666,726987,4294964617,completed,-14
LoadAware,1474,3658959723,729766,727090,4294964620,completed,-14
LoadAware,1475,3658959723,729866,727193,4294964623,completed,-14
LoadAware,1476,3658959723,729966,727296,4294964626,completed,-14
LoadAware,1477,3658959723,730066,727399,4294964629,completed,-14
LoadAware,1478,3658959723,730166,727655,4294964785,completed,-14
LoadAware,1479,3658959723,730369,727765,4294964692,completed,-14
LoadAware,1480,3658959723,730469,727887,4294964714,completed,-14
LoadAware,1481,3658959723,730569,727990,4294964717,completed,-14
LoadAware,1482,3658959723,730669,728093,4294964720,completed,-14
LoadAware,1483,3658959723,730769,728196,4294964723,completed,-14
LoadAware,1484,3658959723,730869,728299,4294964726,completed,-13
LoadAware,1485,3658959723,730969,728400,4294964727,completed,-13
LoadAware,1486,3658959723,731069,728501,4294964728,completed,-13
LoadAware,1487,3658959723,731370,728668,4294964594,completed,-13
LoadAware,1488,3658959723,731470,728771,4294964597,completed,-13
LoadAware,1489,3658959723,731570,728873,4294964599,completed,-13
LoadAware,1490,3658959723,731670,728976,4294964602,completed,-13
LoadAware,1491,3658959723,731770,729079,4294964605,completed,-13
LoadAware,1492,3658959723,731870,729182,4294964608,completed,-13
LoadAware,1493,3658959723,731970,729285,4294964611,completed,-13
LoadAware,1494,3658959723,732070,729388,4294964614,completed,-13
LoadAware,1495,3658959723,732170,729659,4294964785,completed,-13
LoadAware,1496,3658959723,732371,729762,4294964687,completed,-13
LoadAware,1497,3658959723,732471,729866,4294964691,completed,-13
LoadAware,1498,3658959723,732571,729970,4294964695,completed,-13
LoadAware,1499,3658959723,732671,730073,4294964698,completed,-13
LoadAware,1500,3658959723,732771,730176,4294964701,completed,-13
LoadAware,1501,3658959723,732871,730279,4294964704,completed,-14
LoadAware,1502,3658959723,732971,730382,4294964707,completed,-14
LoadAware,1503,3658959723,733071,730484,4294964709,completed,-14
LoadAware,1504,3658959723,733171,730664,4294964789,completed,-14
LoadAware,1505,3658959723,733376,730767,4294964687,completed,-14
LoadAware,1506,3658959723,733476,730869,4294964689,completed,-14
LoadAware,1507,3658959723,733576,730972,4294964692,completed,-14
LoadAware,1508,3658959723,733676,731075,4294964695,completed,-14
LoadAware,1509,3658959723,733776,731178,4294964698,completed,-14
LoadAware,1510,3658959723,733876,731281,4294964701,completed,-14
LoadAware,1511,3658959723,733976,731384,4294964704,completed,-14
LoadAware,1512,3658959723,734076,731487,4294964707,completed,-14
LoadAware,1513,3658959723,734371,731674,4294964599,completed,-14
LoadAware,1514,3658959723,734471,731776,4294964601,completed,-14
LoadAware,1515,3658959723,734571,731879,4294964604,completed,-14
LoadAware,1516,3658959723,734671,731982,4294964607,completed,-14
LoadAware,1517,3658959723,734771,732085,4294964610,completed,-14
LoadAware,1518,3658959723,734871,732188,4294964613,completed,-14
LoadAware,1519,3658959723,734971,732291,4294964616,completed,-13
LoadAware,1520,3658959723,735071,732393,4294964618,completed,-13
LoadAware,1521,3658959723,735171,732495,4294964620,completed,-13
LoadAware,1522,3658959723,735376,732682,4294964602,completed,-13
LoadAware,1523,3658959723,735476,732785,4294964605,completed,-13
LoadAware,1524,3658959723,735576,732887,4294964607,completed,-13
LoadAware,1525,3658959723,735676,732990,4294964610,completed,-13
LoadAware,1526,3658959723,735776,733093,4294964613,completed,-13
LoadAware,1527,3658959723,735876,733196,4294964616,completed,-13
LoadAware,1528,3658959723,735976,733299,4294964619,completed,-13
LoadAware,1529,3658959723,736076,733402,4294964622,completed,-13
LoadAware,1530,3658959723,736176,733666,4294964786,completed,-13
LoadAware,1531,3658959723,736378,733769,4294964687,completed,-13
LoadAware,1532,3658959723,736478,733872,4294964690,completed,-13
LoadAware,1533,3658959723,736578,733975,4294964693,completed,-13
LoadAware,1534,3658959723,736678,734078,4294964696,completed,-13
LoadAware,1535,3658959723,736778,734181,4294964699,completed,-13
LoadAware,1536,3658959723,736878,734284,4294964702,completed,-13
LoadAware,1537,3658959723,736978,734386,4294964704,completed,-13
LoadAware,1538,3658959723,737078,734488,4294964706,completed,-13
LoadAware,1539,3658959723,737178,734668,4294964786,completed,-13
LoadAware,1540,3658959723,737374,734771,4294964693,completed,-13
LoadAware,1541,3658959723,737474,734873,4294964695,completed,-13
LoadAware,1542,3658959723,737582,734980,4294964694,completed,-13
LoadAware,1543,3658959723,737682,735083,4294964697,completed,-13
LoadAware,1544,3658959723,737782,735186,4294964700,completed,-13
LoadAware,1545,3658959723,737882,735289,4294964703,completed,-13
LoadAware,1546,3658959723,737982,735392,4294964706,completed,-13
LoadAware,1547,3658959723,738082,735495,4294964709,completed,-13
LoadAware,1548,3658959723,738379,735678,4294964595,completed,-13
LoadAware,1549,3658959723,738479,735781,4294964598,completed,-13
LoadAware,1550,3658959723,738588,735886,4294964594,completed,-13
LoadAware,1551,3658959723,738688,735989,4294964597,completed,-13
LoadAware,1552,3658959723,738788,736092,4294964600,completed,-13
LoadAware,1553,3658959723,738888,736195,4294964603,completed,-13
LoadAware,1554,3658959723,738988,736298,4294964606,completed,-12
LoadAware,1555,3658959723,739088,736401,4294964609,completed,-12
LoadAware,1556,3658959723,739381,736678,4294964593,completed,-12
LoadAware,1557,3658959723,739481,736789,4294964604,completed,-12
LoadAware,1558,3658959723,739581,736892,4294964607,completed,-12
LoadAware,1559,3658959723,739681,736995,4294964610,completed,-12
LoadAware,1560,3658959723,739781,737098,4294964613,completed,-12
LoadAware,1561,3658959723,739881,737201,4294964616,completed,-12
LoadAware,1562,3658959723,739981,737304,4294964619,completed,-12
LoadAware,1563,3658959723,740081,737407,4294964622,completed,-12
LoadAware,1564,3658959723,740181,737669,4294964784,completed,-12
LoadAware,1565,3658959723,740381,737778,4294964693,completed,-12
LoadAware,1566,3658959723,740481,737888,4294964703,completed,-12
LoadAware,1567,3658959723,740581,737991,4294964706,completed,-12
LoadAware,1568,3658959723,740681,738094,4294964709,completed,-12
LoadAware,1569,3658959723,740781,738197,4294964712,completed,-12
LoadAware,1570,3658959723,740881,738300,4294964715,completed,-13
LoadAware,1571,3658959723,740981,738402,4294964717,completed,-13
LoadAware,1572,3658959723,741081,738505,4294964720,completed,-13
LoadAware,1573,3658959723,741181,738607,4294964722,completed,-13
LoadAware,1574,3658959723,741387,738710,4294964619,completed,-13
LoadAware,1575,3658959723,741487,738813,4294964622,completed,-13
LoadAware,1576,3658959723,741596,738916,4294964616,completed,-13
LoadAware,1577,3658959723,741696,739019,4294964619,completed,-13
LoadAware,1578,3658959723,741796,739122,4294964622,completed,-13
LoadAware,1579,3658959723,741896,739225,4294964625,completed,-13
LoadAware,1580,3658959723,741996,739328,4294964628,completed,-13
LoadAware,1581,3658959723,742096,739431,4294964631,completed,-13
LoadAware,1582,3658959723,742383,739679,4294964592,completed,-13
LoadAware,1583,3658959723,742483,739782,4294964595,completed,-13
LoadAware,1584,3658959723,742583,739885,4294964598,completed,-13
LoadAware,1585,3658959723,742683,739988,4294964601,completed,-13
LoadAware,1586,3658959723,742783,740091,4294964604,completed,-13
LoadAware,1587,3658959723,742883,740193,4294964606,completed,-13
LoadAware,1588,3658959723,742983,740296,4294964609,completed,-14
LoadAware,1589,3658959723,743083,740398,4294964611,completed,-14
LoadAware,1590,3658959723,743183,740500,4294964613,completed,-14
LoadAware,1591,3658959723,743386,740689,4294964599,completed,-14
LoadAware,1592,3658959723,743486,740792,4294964602,completed,-14
LoadAware,1593,3658959723,743586,740895,4294964605,completed,-14
LoadAware,1594,3658959723,743686,740998,4294964608,completed,-14
LoadAware,1595,3658959723,743786,741101,4294964611,completed,-14
LoadAware,1596,3658959723,743886,741204,4294964614,completed,-14
LoadAware,1597,3658959723,743986,741307,4294964617,completed,-14
LoadAware,1598,3658959723,744086,741410,4294964620,completed,-14
LoadAware,1599,3658959723,744186,741677,4294964787,completed,-14
LoadAware,1600,3658959723,744389,741780,4294964687,completed,-14
LoadAware,1601,3658959723,744489,741887,4294964694,completed,-14
LoadAware,1603,3037662008,744689,743527,4294966134,completed,-27
LoadAware,1602,3658959723,744589,741990,4294964697,completed,-14
LoadAware,1604,3037662008,744789,743637,4294966144,completed,-27
LoadAware,1605,3037662008,744889,743740,4294966147,completed,-27
LoadAware,1606,3037662008,744989,743843,4294966150,completed,-27
LoadAware,1607,3037662008,745089,743945,4294966152,completed,-27
LoadAware,1608,3037662008,745189,744219,4294966326,completed,-28
LoadAware,1609,3037662008,745384,744442,4294966354,completed,-28
LoadAware,1610,3037662008,745484,744545,4294966357,completed,-28
LoadAware,1611,3037662008,745587,744648,4294966357,completed,-28
LoadAware,1612,3037662008,745687,744750,4294966359,completed,-28
LoadAware,1613,3037662008,745787,744853,4294966362,completed,-28
LoadAware,1614,3037662008,745887,744956,4294966365,completed,-28
LoadAware,1615,3037662008,745987,745059,4294966368,completed,-28
LoadAware,1616,3037662008,746087,745161,4294966370,completed,-28
LoadAware,1617,3037662008,746187,745264,4294966373,completed,-28
LoadAware,1618,3037662008,746388,745367,4294966275,completed,-28
LoadAware,1619,3037662008,746488,745470,4294966278,completed,-28
LoadAware,1620,3037662008,746588,745573,4294966281,completed,-28
LoadAware,1621,3037662008,746688,745676,4294966284,completed,-28
LoadAware,1622,3037662008,746788,745779,4294966287,completed,-28
LoadAware,1623,3037662008,746888,745882,4294966290,completed,-28
LoadAware,1624,3037662008,746988,745985,4294966293,completed,-28
LoadAware,1628,3658959723,747490,744785,4294964591,completed,-11
LoadAware,1625,3037662008,747088,746088,4294966296,completed,-31
LoadAware,1629,3658959723,747596,744892,4294964592,completed,-11
LoadAware,1630,3658959723,747696,745001,4294964601,completed,-11
LoadAware,1631,3658959723,747796,745111,4294964611,completed,-11
LoadAware,1626,3037662008,747188,746189,4294966297,completed,-31
LoadAware,1632,3658959723,747896,745214,4294964614,completed,-11
LoadAware,1627,3037662008,747390,746291,4294966197,completed,-31
LoadAware,1633,3658959723,747996,745317,4294964617,completed,-11
LoadAware,1634,3658959723,748096,745420,4294964620,completed,-11
LoadAware,1635,3658959723,748390,745688,4294964594,completed,-11
LoadAware,1636,3658959723,748490,745807,4294964613,completed,-11
LoadAware,1637,3658959723,748590,745910,4294964616,completed,-11
LoadAware,1638,3658959723,748690,746013,4294964619,completed,-11
LoadAware,1639,3658959723,748790,746116,4294964622,completed,-11
LoadAware,1640,3658959723,748890,746219,4294964625,completed,-11
LoadAware,1641,3658959723,748990,746322,4294964628,completed,-13
LoadAware,1642,3658959723,749090,746424,4294964630,completed,-13
LoadAware,1643,3658959723,749190,746527,4294964633,completed,-13
LoadAware,1644,3037662008,749396,748233,4294966133,completed,-29
LoadAware,1645,3037662008,749496,748341,4294966141,completed,-29
LoadAware,1646,3037662008,749600,748565,4294966261,completed,-29
LoadAware,1647,3037662008,749700,748668,4294966264,completed,-29
LoadAware,1648,3037662008,749800,748771,4294966267,completed,-29
LoadAware,1649,3037662008,749900,748874,4294966270,completed,-29
LoadAware,1650,3037662008,750000,748976,4294966272,completed,-29
LoadAware,1651,3037662008,750100,749078,4294966274,completed,-29
LoadAware,1652,3037662008,750389,749224,4294966131,completed,-29
LoadAware,1653,3037662008,750489,749392,4294966199,completed,-29
LoadAware,1654,3037662008,750589,749495,4294966202,completed,-29
LoadAware,1655,3037662008,750689,749598,4294966205,completed,-29
LoadAware,1656,3037662008,750789,749700,4294966207,completed,-29
LoadAware,1657,3037662008,750889,749803,4294966210,completed,-29
LoadAware,1658,3037662008,750989,749906,4294966213,completed,-29
LoadAware,1659,3037662008,751089,750009,4294966216,completed,-29
LoadAware,1660,3037662008,751189,750112,4294966219,completed,-29
LoadAware,1661,3037662008,751392,750230,4294966134,completed,-29
LoadAware,1662,3037662008,751492,750333,4294966137,completed,-29
LoadAware,1663,3037662008,751593,750436,4294966139,completed,-29
LoadAware,1664,3037662008,751693,750539,4294966142,completed,-29
LoadAware,1665,3037662008,751793,750642,4294966145,completed,-29
LoadAware,1666,3037662008,751893,750744,4294966147,completed,-29
LoadAware,1667,3037662008,751993,750846,4294966149,completed,-29
LoadAware,1668,3037662008,752093,750949,4294966152,completed,-29
LoadAware,1669,3037662008,752193,751225,4294966328,completed,-29
LoadAware,1670,3037662008,752395,751328,4294966229,completed,-29
LoadAware,1671,3037662008,752495,751431,4294966232,completed,-29
LoadAware,1672,3037662008,752603,751534,4294966227,completed,-29
LoadAware,1673,3037662008,752703,751638,4294966231,completed,-29
LoadAware,1674,3037662008,752803,751740,4294966233,completed,-29
LoadAware,1675,3037662008,752903,751842,4294966235,completed,-29
LoadAware,1676,3037662008,753003,751945,4294966238,completed,-29
LoadAware,1677,3037662008,753103,752048,4294966241,completed,-29
LoadAware,1678,3037662008,753396,752233,4294966133,completed,-30
LoadAware,1679,3037662008,753496,752336,4294966136,completed,-30
LoadAware,1680,3037662008,753596,752439,4294966139,completed,-30
LoadAware,1681,3037662008,753696,752541,4294966141,completed,-30
LoadAware,1682,3037662008,753796,752644,4294966144,completed,-30
LoadAware,1683,3037662008,753896,752746,4294966146,completed,-30
LoadAware,1684,3037662008,753996,752849,4294966149,completed,-30
LoadAware,1685,3037662008,754096,752952,4294966152,completed,-30
LoadAware,1686,3037662008,754196,753055,4294966155,completed,-30
LoadAware,1687,3037662008,754399,753235,4294966132,completed,-30
LoadAware,1688,3037662008,754499,753338,4294966135,completed,-30
LoadAware,1689,3037662008,754599,753441,4294966138,completed,-30
LoadAware,1690,3037662008,754699,753544,4294966141,completed,-30
LoadAware,1691,3037662008,754799,753647,4294966144,completed,-30
LoadAware,1692,3037662008,754899,753750,4294966147,completed,-30
LoadAware,1693,3037662008,754999,753852,4294966149,completed,-30
LoadAware,1694,3037662008,755099,753954,4294966151,completed,-30
LoadAware,1695,3037662008,755199,754229,4294966326,completed,-29
LoadAware,1696,3037662008,755394,754331,4294966233,completed,-29
LoadAware,1697,3037662008,755494,754434,4294966236,completed,-29
LoadAware,1698,3037662008,755600,754537,4294966233,completed,-29
LoadAware,1699,3037662008,755700,754639,4294966235,completed,-29
LoadAware,1700,3037662008,755800,754741,4294966237,completed,-29
LoadAware,1701,3037662008,755900,754843,4294966239,completed,-29
LoadAware,1702,3037662008,756000,754946,4294966242,completed,-29
LoadAware,1703,3037662008,756100,755048,4294966244,completed,-29
LoadAware,1704,3037662008,756200,755230,4294966326,completed,-29
LoadAware,1705,3037662008,756402,755333,4294966227,completed,-29
LoadAware,1706,3037662008,756502,755437,4294966231,completed,-29
LoadAware,1707,3037662008,756603,755540,4294966233,completed,-29
LoadAware,1708,3037662008,756703,755642,4294966235,completed,-29
LoadAware,1709,3037662008,756803,755744,4294966237,completed,-29
LoadAware,1710,3037662008,756903,755846,4294966239,completed,-29
LoadAware,1711,3037662008,757003,755949,4294966242,completed,-29
LoadAware,1712,3037662008,757103,756052,4294966245,completed,-29
LoadAware,1713,3037662008,757203,756232,4294966325,completed,-29
LoadAware,1714,3037662008,757404,756335,4294966227,completed,-29
LoadAware,1715,3037662008,757504,756438,4294966230,completed,-29
LoadAware,1716,3037662008,757608,756542,4294966230,completed,-29
LoadAware,1717,3037662008,757708,756645,4294966233,completed,-29
LoadAware,1718,3037662008,757808,756748,4294966236,completed,-29
LoadAware,1719,3037662008,757908,756851,4294966239,completed,-29
LoadAware,1720,3037662008,758008,756954,4294966242,completed,-29
LoadAware,1721,3037662008,758108,757056,4294966244,completed,-29
LoadAware,1722,3037662008,758403,757242,4294966135,completed,-29
LoadAware,1723,3037662008,758503,757344,4294966137,completed,-29
LoadAware,1724,3037662008,758604,757447,4294966139,completed,-29
LoadAware,1725,3037662008,758704,757550,4294966142,completed,-29
LoadAware,1726,3037662008,758804,757653,4294966145,completed,-29
LoadAware,1727,3037662008,758904,757755,4294966147,completed,-29
LoadAware,1728,3037662008,759004,757858,4294966150,completed,-29
LoadAware,1729,3037662008,759104,757961,4294966153,completed,-29
LoadAware,1730,3037662008,759204,758064,4294966156,completed,-29
LoadAware,1731,3037662008,759405,758243,4294966134,completed,-28
LoadAware,1732,3037662008,759505,758348,4294966139,completed,-28
LoadAware,1733,3037662008,759605,758450,4294966141,completed,-28
LoadAware,1734,3037662008,759705,758553,4294966144,completed,-28
LoadAware,1735,3037662008,759805,758656,4294966147,completed,-28
LoadAware,1736,3037662008,759905,758759,4294966150,completed,-28
LoadAware,1737,3037662008,760005,758862,4294966153,completed,-28
LoadAware,1738,3037662008,760105,758965,4294966156,completed,-28
LoadAware,1739,3037662008,760205,759234,4294966325,completed,-28
LoadAware,1740,3037662008,760406,759344,4294966234,completed,-28
LoadAware,1741,3037662008,760506,759446,4294966236,completed,-28
LoadAware,1742,3037662008,760606,759549,4294966239,completed,-28
LoadAware,1743,3037662008,760706,759651,4294966241,completed,-28
LoadAware,1744,3037662008,760806,759753,4294966243,completed,-28
LoadAware,1745,3037662008,760906,759856,4294966246,completed,-28
LoadAware,1746,3037662008,761006,759959,4294966249,completed,-28
LoadAware,1747,3037662008,761106,760061,4294966251,completed,-28
LoadAware,1748,3037662008,761206,760163,4294966253,completed,-30
LoadAware,1749,3037662008,761409,760265,4294966152,completed,-30
LoadAware,1750,3037662008,761509,760368,4294966155,completed,-30
LoadAware,1751,3037662008,761617,760471,4294966150,completed,-30
LoadAware,1752,3037662008,761717,760574,4294966153,completed,-30
LoadAware,1753,3037662008,761817,760677,4294966156,completed,-30
LoadAware,1754,3037662008,761917,760779,4294966158,completed,-30
LoadAware,1755,3037662008,762017,760881,4294966160,completed,-30
LoadAware,1756,3037662008,762117,760985,4294966164,completed,-30
LoadAware,1757,3037662008,762408,761245,4294966133,completed,-30
LoadAware,1758,3037662008,762508,761354,4294966142,completed,-30
LoadAware,1759,3037662008,762608,761463,4294966151,completed,-30
LoadAware,1760,3037662008,762708,761566,4294966154,completed,-30
LoadAware,1761,3037662008,762808,761669,4294966157,completed,-30
LoadAware,1762,3037662008,762908,761772,4294966160,completed,-30
LoadAware,1763,3037662008,763008,761874,4294966162,completed,-30
LoadAware,1764,3037662008,763108,761977,4294966165,completed,-30
LoadAware,1765,3037662008,763208,762080,4294966168,completed,-28
LoadAware,1766,3037662008,763409,762249,4294966136,completed,-28
LoadAware,1767,3037662008,763509,762353,4294966140,completed,-28
LoadAware,1768,3037662008,763619,762458,4294966135,completed,-28
LoadAware,1769,3037662008,763719,762561,4294966138,completed,-28
LoadAware,1770,3037662008,763819,762664,4294966141,completed,-28
LoadAware,1771,3037662008,763919,762767,4294966144,completed,-28
LoadAware,1772,3037662008,764019,762870,4294966147,completed,-28
LoadAware,1773,3037662008,764119,762973,4294966150,completed,-28
LoadAware,1774,3037662008,764410,763247,4294966133,completed,-28
LoadAware,1775,3037662008,764510,763356,4294966142,completed,-28
LoadAware,1776,3037662008,764610,763465,4294966151,completed,-28
LoadAware,1777,3037662008,764710,763574,4294966160,completed,-28
LoadAware,1778,3037662008,764810,763684,4294966170,completed,-28
LoadAware,1779,3037662008,764910,763787,4294966173,completed,-28
LoadAware,1780,3037662008,765010,763890,4294966176,completed,-28
LoadAware,1781,3037662008,765110,763993,4294966179,completed,-28
LoadAware,1782,3037662008,765210,764095,4294966181,completed,-29
LoadAware,1783,3037662008,765411,764254,4294966139,completed,-29
LoadAware,1784,3037662008,765511,764356,4294966141,completed,-29
LoadAware,1785,3037662008,765615,764459,4294966140,completed,-29
LoadAware,1786,3037662008,765715,764562,4294966143,completed,-29
LoadAware,1787,3037662008,765815,764665,4294966146,completed,-29
LoadAware,1788,3037662008,765915,764767,4294966148,completed,-29
LoadAware,1789,3037662008,766015,764870,4294966151,completed,-29
LoadAware,1790,3037662008,766115,764973,4294966154,completed,-29
LoadAware,1791,3037662008,766215,765243,4294966324,completed,-29
LoadAware,1792,3037662008,766415,765346,4294966227,completed,-29
LoadAware,1793,3037662008,766515,765447,4294966228,completed,-29
LoadAware,1794,3037662008,766615,765550,4294966231,completed,-29
LoadAware,1795,3037662008,766715,765653,4294966234,completed,-29
LoadAware,1796,3037662008,766815,765755,4294966236,completed,-29
LoadAware,1797,3037662008,766915,765858,4294966239,completed,-29
LoadAware,1798,3037662008,767015,765961,4294966242,completed,-29
LoadAware,1799,3037662008,767115,766064,4294966245,completed,-29
LoadAware,1800,3037662008,767215,766166,4294966247,completed,-29
LoadAware,1801,3037662008,767416,766268,4294966148,completed,-29
LoadAware,1802,3037662008,767516,766373,4294966153,completed,-29
LoadAware,1803,3037662008,767616,766474,4294966154,completed,-29
LoadAware,1804,3037662008,767716,766577,4294966157,completed,-29
LoadAware,1805,3037662008,767816,766679,4294966159,completed,-29
LoadAware,1806,3037662008,767916,766782,4294966162,completed,-29
LoadAware,1807,3037662008,768016,766885,4294966165,completed,-29
LoadAware,1808,3037662008,768116,766988,4294966168,completed,-29
LoadAware,1809,3037662008,768216,767246,4294966326,completed,-29
LoadAware,1810,3037662008,768418,767356,4294966234,completed,-29
LoadAware,1811,3037662008,768518,767459,4294966237,completed,-29
LoadAware,1812,3037662008,768618,767562,4294966240,completed,-29
LoadAware,1813,3037662008,768718,767665,4294966243,completed,-29
LoadAware,1814,3037662008,768818,767768,4294966246,completed,-29
LoadAware,1815,3037662008,768918,767871,4294966249,completed,-29
LoadAware,1816,3037662008,769018,767974,4294966252,completed,-29
LoadAware,1817,3037662008,769118,768077,4294966255,completed,-29
LoadAware,1818,3037662008,769218,768179,4294966257,completed,-29
LoadAware,1819,3037662008,769419,768281,4294966158,completed,-29
LoadAware,1820,3037662008,769519,768383,4294966160,completed,-29
LoadAware,1821,3037662008,769619,768485,4294966162,completed,-29
LoadAware,1822,3037662008,769719,768588,4294966165,completed,-29
LoadAware,1823,3037662008,769819,768691,4294966168,completed,-29
LoadAware,1824,3037662008,769919,768794,4294966171,completed,-29
LoadAware,1825,3037662008,770019,768897,4294966174,completed,-29
LoadAware,1826,3037662008,770119,769000,4294966177,completed,-29
LoadAware,1827,3037662008,770219,769103,4294966180,completed,-29
LoadAware,1828,3037662008,770420,769259,4294966135,completed,-29
LoadAware,1829,3037662008,770520,769361,4294966137,completed,-29
LoadAware,1830,3037662008,770620,769464,4294966140,completed,-29
LoadAware,1831,3037662008,770720,769567,4294966143,completed,-29
LoadAware,1832,3037662008,770820,769670,4294966146,completed,-29
LoadAware,1833,3037662008,770920,769773,4294966149,completed,-29
LoadAware,1834,3037662008,771020,769876,4294966152,completed,-29
LoadAware,1835,3037662008,771120,769979,4294966155,completed,-29
LoadAware,1836,3037662008,771220,770084,4294966160,completed,-28
LoadAware,1837,3037662008,771421,770259,4294966134,completed,-28
LoadAware,1838,3037662008,771521,770362,4294966137,completed,-28
LoadAware,1839,3037662008,771623,770465,4294966138,completed,-28
LoadAware,1840,3037662008,771723,770567,4294966140,completed,-28
LoadAware,1841,3037662008,771823,770669,4294966142,completed,-28
LoadAware,1842,3037662008,771923,770772,4294966145,completed,-28
LoadAware,1843,3037662008,772023,770875,4294966148,completed,-28
LoadAware,1844,3037662008,772123,770978,4294966151,completed,-28
LoadAware,1845,3037662008,772223,771253,4294966326,completed,-28
LoadAware,1846,3037662008,772425,771362,4294966233,completed,-28
LoadAware,1847,3037662008,772525,771470,4294966241,completed,-28
LoadAware,1848,3037662008,772625,771573,4294966244,completed,-28
LoadAware,1849,3037662008,772725,771676,4294966247,completed,-28
LoadAware,1850,3037662008,772825,771778,4294966249,completed,-28
LoadAware,1851,3037662008,772925,771881,4294966252,completed,-28
LoadAware,1852,3037662008,773025,771983,4294966254,completed,-28
LoadAware,1853,3037662008,773125,772086,4294966257,completed,-27
LoadAware,1854,3037662008,773225,772256,4294966327,completed,-27
LoadAware,1855,3037662008,773427,772358,4294966227,completed,-27
LoadAware,1856,3037662008,773527,772465,4294966234,completed,-27
LoadAware,1857,3037662008,773627,772568,4294966237,completed,-27
LoadAware,1858,3037662008,773727,772670,4294966239,completed,-27
LoadAware,1859,3037662008,773827,772773,4294966242,completed,-27
LoadAware,1860,3037662008,773927,772876,4294966245,completed,-27
LoadAware,1861,3037662008,774027,772979,4294966248,completed,-27
LoadAware,1862,3037662008,774127,773082,4294966251,completed,-27
LoadAware,1863,3037662008,774227,773257,4294966326,completed,-27
LoadAware,1864,3037662008,774428,773363,4294966231,completed,-27
LoadAware,1865,3037662008,774528,773465,4294966233,completed,-27
LoadAware,1866,3037662008,774628,773568,4294966236,completed,-27
LoadAware,1867,3037662008,774728,773671,4294966239,completed,-27
LoadAware,1868,3037662008,774828,773774,4294966242,completed,-27
LoadAware,1869,3037662008,774928,773877,4294966245,completed,-27
LoadAware,1870,3037662008,775028,773980,4294966248,completed,-27
LoadAware,1871,3037662008,775128,774083,4294966251,completed,-27
LoadAware,1872,3037662008,775228,774275,4294966343,completed,-28
LoadAware,1873,3037662008,775430,774378,4294966244,completed,-28
LoadAware,1874,3037662008,775530,774480,4294966246,completed,-28
LoadAware,1875,3037662008,775630,774583,4294966249,completed,-28
LoadAware,1876,3037662008,775730,774686,4294966252,completed,-28
LoadAware,1877,3037662008,775830,774788,4294966254,completed,-28
LoadAware,1878,3037662008,775930,774891,4294966257,completed,-28
LoadAware,1879,3037662008,776030,774994,4294966260,completed,-28
LoadAware,1880,3037662008,776130,775097,4294966263,completed,-28
LoadAware,1881,3037662008,776230,775260,4294966326,completed,-28
LoadAware,1882,3037662008,776432,775417,4294966281,completed,-28
LoadAware,1883,3037662008,776532,775520,4294966284,completed,-28
LoadAware,1884,3037662008,776632,775623,4294966287,completed,-28
LoadAware,1885,3037662008,776732,775726,4294966290,completed,-28
LoadAware,1886,3037662008,776832,775829,4294966293,completed,-28
LoadAware,1887,3037662008,776932,775932,4294966296,completed,-28
LoadAware,1888,3037662008,777032,776035,4294966299,completed,-28
LoadAware,1889,3037662008,777132,776138,4294966302,completed,-29
LoadAware,1890,3037662008,777232,776262,4294966326,completed,-29
LoadAware,1891,3037662008,777434,776365,4294966227,completed,-29
LoadAware,1892,3037662008,777534,776471,4294966233,completed,-29
LoadAware,1893,3037662008,777634,776573,4294966235,completed,-29
LoadAware,1894,3037662008,777734,776676,4294966238,completed,-29
LoadAware,1895,3037662008,777834,776779,4294966241,completed,-29
LoadAware,1896,3037662008,777934,776882,4294966244,completed,-29
LoadAware,1897,3037662008,778034,776985,4294966247,completed,-29
LoadAware,1898,3037662008,778134,777088,4294966250,completed,-29
LoadAware,1899,3037662008,778234,777264,4294966326,completed,-29
LoadAware,1900,3037662008,778436,777366,4294966226,completed,-29
LoadAware,1901,3037662008,778536,777472,4294966232,completed,-29
LoadAware,1902,3037662008,778636,777575,4294966235,completed,-29
LoadAware,1903,3037662008,778736,777677,4294966237,completed,-29
LoadAware,1904,3037662008,778836,777779,4294966239,completed,-29
LoadAware,1905,3037662008,778936,777882,4294966242,completed,-29
LoadAware,1906,3037662008,779036,777985,4294966245,completed,-29
LoadAware,1907,3037662008,779136,778088,4294966248,completed,-28
LoadAware,1908,3037662008,779236,778271,4294966331,completed,-28
LoadAware,1909,3037662008,779436,778375,4294966235,completed,-28
LoadAware,1910,3037662008,779536,778477,4294966237,completed,-28
LoadAware,1911,3037662008,779636,778580,4294966240,completed,-28
LoadAware,1912,3037662008,779736,778683,4294966243,completed,-28
LoadAware,1913,3037662008,779836,778786,4294966246,completed,-28
LoadAware,1914,3037662008,779936,778888,4294966248,completed,-28
LoadAware,1915,3037662008,780036,778991,4294966251,completed,-28
LoadAware,1916,3037662008,780136,779094,4294966254,completed,-28
LoadAware,1917,3037662008,780236,779196,4294966256,completed,-28
LoadAware,1918,3037662008,780437,779298,4294966157,completed,-28
LoadAware,1919,3037662008,780537,779401,4294966160,completed,-28
LoadAware,1920,3037662008,780637,779504,4294966163,completed,-28
LoadAware,1921,3037662008,780737,779607,4294966166,completed,-28
LoadAware,1922,3037662008,780837,779710,4294966169,completed,-28
LoadAware,1923,3037662008,780937,779812,4294966171,completed,-28
LoadAware,1924,3037662008,781037,779915,4294966174,completed,-28
LoadAware,1925,3037662008,781137,780018,4294966177,completed,-28
LoadAware,1926,3037662008,781237,780121,4294966180,completed,-28
LoadAware,1935,3037662008,782245,781322,4294966373,completed,-28
LoadAware,1936,3037662008,782441,781443,4294966298,completed,-28
LoadAware,1937,3037662008,782541,781552,4294966307,completed,-28
LoadAware,1938,3037662008,782641,781661,4294966316,completed,-28
LoadAware,1939,3037662008,782741,781764,4294966319,completed,-28
LoadAware,1940,3037662008,782841,781867,4294966322,completed,-28
LoadAware,1941,3037662008,782941,781970,4294966325,completed,-28
LoadAware,1942,3037662008,783043,782073,4294966326,completed,-28
LoadAware,1927,3037662008,781439,780348,4294966205,completed,-28
LoadAware,1928,3037662008,781539,780450,4294966207,completed,-28
LoadAware,1929,3037662008,781639,780553,4294966210,completed,-28
LoadAware,1930,3037662008,781739,780656,4294966213,completed,-28
LoadAware,1931,3037662008,781839,780759,4294966216,completed,-28
LoadAware,1932,3037662008,781939,780862,4294966219,completed,-28
LoadAware,1933,3037662008,782039,780965,4294966222,completed,-28
LoadAware,1934,3037662008,782141,781068,4294966223,completed,-28
LoadAware,1943,3037662008,783145,782176,4294966327,completed,-27
LoadAware,1944,3037662008,783246,782278,4294966328,completed,-27
LoadAware,1945,3037662008,783447,782380,4294966229,completed,-27
LoadAware,1946,3037662008,783547,782490,4294966239,completed,-27
LoadAware,1947,3037662008,783647,782593,4294966242,completed,-27
LoadAware,1948,3037662008,783747,782695,4294966244,completed,-27
LoadAware,1949,3037662008,783847,782797,4294966246,completed,-27
LoadAware,1950,3037662008,783947,782900,4294966249,completed,-27
LoadAware,1951,3037662008,784047,783002,4294966251,completed,-27
LoadAware,1952,3037662008,784148,783105,4294966253,completed,-27
LoadAware,1953,3037662008,784248,783278,4294966326,completed,-27
LoadAware,1954,3037662008,784449,783380,4294966227,completed,-27
LoadAware,1955,3037662008,784549,783538,4294966285,completed,-27
LoadAware,1956,3037662008,784649,783641,4294966288,completed,-27
LoadAware,1957,3037662008,784749,783744,4294966291,completed,-27
LoadAware,1958,3037662008,784849,783847,4294966294,completed,-27
LoadAware,1959,3037662008,784949,783950,4294966297,completed,-27
LoadAware,1960,3037662008,785049,784053,4294966300,completed,-27
LoadAware,1961,3037662008,785149,784156,4294966303,completed,-29
LoadAware,1962,3037662008,785249,784278,4294966325,completed,-29
LoadAware,1963,3037662008,785450,784381,4294966227,completed,-29
LoadAware,1964,3037662008,785550,784483,4294966229,completed,-29
LoadAware,1965,3037662008,785655,784585,4294966226,completed,-29
LoadAware,1966,3037662008,785755,784688,4294966229,completed,-29
LoadAware,1967,3037662008,785855,784790,4294966231,completed,-29
LoadAware,1968,3037662008,785955,784892,4294966233,completed,-29
LoadAware,1969,3037662008,786055,784995,4294966236,completed,-29
LoadAware,1970,3037662008,786155,785098,4294966239,completed,-29
LoadAware,1971,3037662008,786451,785287,4294966132,completed,-29
LoadAware,1972,3037662008,786551,785390,4294966135,completed,-29
LoadAware,1973,3037662008,786651,785493,4294966138,completed,-29
LoadAware,1974,3037662008,786751,785596,4294966141,completed,-29
LoadAware,1975,3037662008,786851,785699,4294966144,completed,-29
LoadAware,1976,3037662008,786951,785802,4294966147,completed,-29
LoadAware,1977,3037662008,787051,785905,4294966150,completed,-29
LoadAware,1978,3037662008,787151,786008,4294966153,completed,-29
LoadAware,1979,3037662008,787251,786282,4294966327,completed,-27
LoadAware,1980,3037662008,787455,786386,4294966227,completed,-27
LoadAware,1981,3037662008,787555,786490,4294966231,completed,-27
LoadAware,1982,3037662008,787655,786593,4294966234,completed,-27
LoadAware,1983,3037662008,787755,786695,4294966236,completed,-27
LoadAware,1984,3037662008,787855,786798,4294966239,completed,-27
LoadAware,1985,3037662008,787955,786901,4294966242,completed,-27
LoadAware,1986,3037662008,788055,787003,4294966244,completed,-27
LoadAware,1987,3037662008,788155,787105,4294966246,completed,-27
LoadAware,1988,3037662008,788446,787282,4294966132,completed,-27
LoadAware,1989,3037662008,788546,787415,4294966165,completed,-27
LoadAware,1990,3037662008,788646,787518,4294966168,completed,-27
LoadAware,1991,3037662008,788746,787621,4294966171,completed,-27
LoadAware,1992,3037662008,788846,787723,4294966173,completed,-27
LoadAware,1993,3037662008,788946,787825,4294966175,completed,-27
LoadAware,1994,3037662008,789046,787928,4294966178,completed,-27
LoadAware,1995,3037662008,789146,788031,4294966181,completed,-27
LoadAware,1996,3037662008,789246,788134,4294966184,completed,-30
LoadAware,1997,3037662008,789452,788290,4294966134,completed,-30
LoadAware,1998,3037662008,789552,788392,4294966136,completed,-30
LoadAware,1999,3037662008,789652,788495,4294966139,completed,-30
LoadAware,2000,3037662008,789752,788598,4294966142,completed,-30
LoadAware,2001,3037662008,789852,788701,4294966145,completed,-30
LoadAware,2002,3037662008,789952,788804,4294966148,completed,-30
LoadAware,2003,3037662008,790052,788907,4294966151,completed,-30
LoadAware,2004,3037662008,790152,789028,4294966172,completed,-30
LoadAware,2005,3037662008,790252,789284,4294966328,completed,-30
LoadAware,2006,3037662008,790455,789387,4294966228,completed,-30
LoadAware,2007,3037662008,790555,789493,4294966234,completed,-30
LoadAware,2008,3037662008,790655,789596,4294966237,completed,-30
LoadAware,2009,3037662008,790755,789698,4294966239,completed,-30
LoadAware,2010,3037662008,790855,789801,4294966242,completed,-30
LoadAware,2011,3037662008,790955,789904,4294966245,completed,-30
LoadAware,2012,3037662008,791055,790006,4294966247,completed,-30
LoadAware,2013,3037662008,791155,790108,4294966249,completed,-28
LoadAware,2014,3037662008,791255,790286,4294966327,completed,-28
LoadAware,2015,3037662008,791451,790389,4294966234,completed,-28
LoadAware,2016,3037662008,791551,790492,4294966237,completed,-28
LoadAware,2017,3037662008,791651,790595,4294966240,completed,-28
LoadAware,2018,3037662008,791751,790698,4294966243,completed,-28
LoadAware,2019,3037662008,791851,790801,4294966246,completed,-28
LoadAware,2020,3037662008,791951,790904,4294966249,completed,-28
LoadAware,2021,3037662008,792051,791006,4294966251,completed,-28
LoadAware,2022,3037662008,792152,791109,4294966253,completed,-28
LoadAware,2023,3037662008,792252,791286,4294966330,completed,-28
LoadAware,2024,3037662008,792458,791389,4294966227,completed,-28
LoadAware,2025,3037662008,792558,791493,4294966231,completed,-28
LoadAware,2026,3037662008,792658,791595,4294966233,completed,-28
LoadAware,2027,3037662008,792758,791698,4294966236,completed,-28
LoadAware,2028,3037662008,792858,791801,4294966239,completed,-28
LoadAware,2029,3037662008,792958,791904,4294966242,completed,-28
LoadAware,2030,3037662008,793058,792007,4294966245,completed,-28
LoadAware,2031,3037662008,793158,792109,4294966247,completed,-30
LoadAware,2032,3037662008,793258,792292,4294966330,completed,-30
LoadAware,2033,3037662008,793453,792394,4294966237,completed,-30
LoadAware,2034,3037662008,793553,792496,4294966239,completed,-30
LoadAware,2035,3037662008,793653,792599,4294966242,completed,-30
LoadAware,2036,3037662008,793753,792702,4294966245,completed,-30
LoadAware,2037,3037662008,793853,792805,4294966248,completed,-30
LoadAware,2038,3037662008,793953,792908,4294966251,completed,-30
LoadAware,2039,3037662008,794053,793011,4294966254,completed,-30
LoadAware,2040,3037662008,794153,793114,4294966257,completed,-30
LoadAware,2041,3037662008,794253,793289,4294966332,completed,-30
LoadAware,2042,3037662008,794461,793392,4294966227,completed,-30
LoadAware,2043,3037662008,794561,793498,4294966233,completed,-30
LoadAware,2044,3037662008,794661,793601,4294966236,completed,-30
LoadAware,2045,3037662008,794761,793704,4294966239,completed,-30
LoadAware,2046,3037662008,794861,793807,4294966242,completed,-30
LoadAware,2047,3037662008,794961,793909,4294966244,completed,-30
LoadAware,2048,3037662008,795061,794012,4294966247,completed,-30
LoadAware,2049,3037662008,795161,794115,4294966250,completed,-28
LoadAware,2050,3037662008,795458,794296,4294966134,completed,-28
LoadAware,2051,3037662008,795558,794398,4294966136,completed,-28
LoadAware,2052,3037662008,795658,794501,4294966139,completed,-28
LoadAware,2053,3037662008,795758,794604,4294966142,completed,-28
LoadAware,2054,3037662008,795858,794707,4294966145,completed,-28
LoadAware,2055,3037662008,795958,794810,4294966148,completed,-28
LoadAware,2056,3037662008,796058,794913,4294966151,completed,-28
LoadAware,2057,3037662008,796158,795022,4294966160,completed,-28
LoadAware,2058,3037662008,796258,795124,4294966162,completed,-28
LoadAware,2059,3037662008,796459,795298,4294966135,completed,-28
LoadAware,2060,3037662008,796559,795401,4294966138,completed,-28
LoadAware,2061,3037662008,796659,795504,4294966141,completed,-28
LoadAware,2062,3037662008,796759,795607,4294966144,completed,-28
LoadAware,2063,3037662008,796859,795710,4294966147,completed,-28
LoadAware,2064,3037662008,796959,795812,4294966149,completed,-28
LoadAware,2065,3037662008,797059,795915,4294966152,completed,-28
LoadAware,2066,3037662008,797159,796018,4294966155,completed,-28
LoadAware,2067,3037662008,797259,796120,4294966157,completed,-28
LoadAware,2068,3037662008,797463,796306,4294966139,completed,-28
LoadAware,2069,3037662008,797563,796408,4294966141,completed,-28
LoadAware,2070,3037662008,797663,796510,4294966143,completed,-28
LoadAware,2071,3037662008,797763,796613,4294966146,completed,-28
LoadAware,2072,3037662008,797863,796716,4294966149,completed,-28
LoadAware,2073,3037662008,797963,796834,4294966167,completed,-28
LoadAware,2074,3037662008,798063,796943,4294966176,completed,-28
LoadAware,2075,3037662008,798163,797046,4294966179,completed,-28
LoadAware,2076,3037662008,798263,797293,4294966326,completed,-28
LoadAware,2077,3037662008,798465,797396,4294966227,completed,-28
LoadAware,2078,3037662008,798565,797504,4294966235,completed,-28
LoadAware,2079,3037662008,798665,797606,4294966237,completed,-28
LoadAware,2080,3037662008,798765,797709,4294966240,completed,-28
LoadAware,2081,3037662008,798865,797812,4294966243,completed,-28
LoadAware,2082,3037662008,798965,797915,4294966246,completed,-28
LoadAware,2083,3037662008,799065,798018,4294966249,completed,-28
LoadAware,2084,3037662008,799165,798120,4294966251,completed,-28
LoadAware,2085,3037662008,799265,798296,4294966327,completed,-28
LoadAware,2086,3037662008,799461,798550,4294966385,completed,-28
LoadAware,2087,3037662008,799561,798653,4294966388,completed,-28
LoadAware,2088,3037662008,799661,798756,4294966391,completed,-28
LoadAware,2089,3037662008,799761,798859,4294966394,completed,-28
LoadAware,2090,3037662008,799861,798965,4294966400,completed,-28
LoadAware,2091,3037662008,799961,799068,4294966403,completed,-28
LoadAware,2092,3037662008,800061,799171,4294966406,completed,-28
LoadAware,2093,3037662008,800161,799272,4294966407,completed,-28
LoadAware,2094,3037662008,800261,799373,4294966408,completed,-28
LoadAware,2095,3037662008,800462,800310,4294967144,completed,-26
LoadAware,2096,3037662008,800562,800411,4294967145,completed,-26
LoadAware,2097,3037662008,800662,800516,4294967150,completed,-26
LoadAware,2098,3037662008,800762,800618,4294967152,completed,-26
LoadAware,2099,3037662008,800862,800721,4294967155,completed,-26
LoadAware,2100,3037662008,800962,800824,4294967158,completed,-26
LoadAware,2101,3037662008,801062,800926,4294967160,completed,-26
LoadAware,2102,3037662008,801162,801029,4294967163,completed,-26
LoadAware,2103,3037662008,801262,801132,4294967166,completed,-26
LoadAware,2104,3037662008,801461,801234,4294967069,completed,-26
LoadAware,2105,3037662008,801561,801337,4294967072,completed,-26
LoadAware,2106,3037662008,801661,801439,4294967074,completed,-26
LoadAware,2107,3037662008,801761,801542,4294967077,completed,-26
LoadAware,2108,3037662008,801861,801644,4294967079,completed,-26
LoadAware,2109,3037662008,801961,801747,4294967082,completed,-26
LoadAware,2110,3037662008,802061,801849,4294967084,completed,-26
LoadAware,2111,3037662008,802161,801951,4294967086,completed,-26
LoadAware,2112,3037662008,802261,802054,4294967089,completed,-26
LoadAware,2113,3037662008,802469,802157,4294966984,completed,-28
LoadAware,2114,3037662008,802569,802258,4294966985,completed,-28
LoadAware,2115,3037662008,802669,802361,4294966988,completed,-28
LoadAware,2123,3658959723,803570,800866,4294964592,completed,-12
LoadAware,2116,3037662008,802769,802464,4294966991,completed,-28
LoadAware,2124,3658959723,803670,800975,4294964601,completed,-12
LoadAware,2125,3658959723,803770,801078,4294964604,completed,-12
LoadAware,2126,3658959723,803870,801181,4294964607,completed,-12
LoadAware,2117,3037662008,802869,802565,4294966992,completed,-28
LoadAware,2127,3658959723,803970,801284,4294964610,completed,-12
LoadAware,2118,3037662008,802969,802667,4294966994,completed,-28
LoadAware,2128,3658959723,804070,801387,4294964613,completed,-12
LoadAware,2129,3658959723,804170,801497,4294964623,completed,-12
LoadAware,SUMMARY,ALL,0,0,120163,batch_complete,0
----------------,---,---,---,---,---,----------------,---
LoadAware,2119,3037662008,803069,802769,4294966996,completed,-28
LoadAware,2120,3037662008,803169,802871,4294966998,completed,-28
LoadAware,2130,3658959723,804270,801759,4294964785,completed,-12
LoadAware,2121,3037662008,803269,802973,4294967000,completed,-28
LoadAware,2122,3037662008,803470,803074,4294966900,completed,-28
LoadAware,2131,3037662008,812939,811776,4294966133,completed,-27
LoadAware,2132,3037662008,813039,811889,4294966146,completed,-27
LoadAware,2133,3037662008,813139,811992,4294966149,completed,-27
LoadAware,2134,3037662008,813239,812095,4294966152,completed,-27
LoadAware,2135,3037662008,813478,812316,4294966134,completed,-29
LoadAware,2136,3037662008,813578,812419,4294966137,completed,-29
LoadAware,2137,3037662008,813678,812522,4294966140,completed,-29
LoadAware,2138,3037662008,813778,812624,4294966142,completed,-29
LoadAware,2139,3037662008,813878,812727,4294966145,completed,-29
LoadAware,2140,3037662008,813978,812830,4294966148,completed,-29
LoadAware,2141,3037662008,814078,812933,4294966151,completed,-29
LoadAware,2142,3037662008,814178,813036,4294966154,completed,-29
LoadAware,2143,3037662008,814278,813139,4294966157,completed,-29
LoadAware,2144,3037662008,814481,813317,4294966132,completed,-29
LoadAware,2145,3037662008,814581,813426,4294966141,completed,-29
LoadAware,2146,3037662008,814681,813528,4294966143,completed,-29
LoadAware,2147,3037662008,814781,813631,4294966146,completed,-29
LoadAware,2148,3037662008,814881,813734,4294966149,completed,-29
LoadAware,2149,3037662008,814981,813837,4294966152,completed,-29
LoadAware,2150,3037662008,815081,813940,4294966155,completed,-29
LoadAware,2151,3037662008,815181,814043,4294966158,completed,-29
LoadAware,2152,3037662008,815281,814310,4294966325,completed,-28
LoadAware,2153,3037662008,815481,814413,4294966228,completed,-28
LoadAware,2154,3037662008,815581,814519,4294966234,completed,-28
LoadAware,2155,3037662008,815681,814622,4294966237,completed,-28
LoadAware,2156,3037662008,815781,814724,4294966239,completed,-28
LoadAware,2157,3037662008,815881,814827,4294966242,completed,-28
LoadAware,2158,3037662008,815981,814929,4294966244,completed,-28
LoadAware,2159,3037662008,816081,815032,4294966247,completed,-28
LoadAware,2160,3037662008,816181,815135,4294966250,completed,-28
LoadAware,2161,3037662008,816281,815236,4294966251,completed,-28
LoadAware,2162,3037662008,816482,815337,4294966151,completed,-28
LoadAware,2163,3037662008,816582,815440,4294966154,completed,-28
LoadAware,2164,3037662008,816682,815542,4294966156,completed,-28
LoadAware,2165,3037662008,816782,815644,4294966158,completed,-28
LoadAware,2166,3037662008,816882,815747,4294966161,completed,-28
LoadAware,2167,3037662008,816982,815850,4294966164,completed,-28
LoadAware,2168,3037662008,817082,815953,4294966167,completed,-28
LoadAware,2169,3037662008,817182,816056,4294966170,completed,-28
LoadAware,2170,3037662008,817282,816159,4294966173,completed,-29
LoadAware,2171,3037662008,817482,816323,4294966137,completed,-29
LoadAware,2172,3037662008,817582,816426,4294966140,completed,-29
LoadAware,2173,3037662008,817682,816529,4294966143,completed,-29
LoadAware,2174,3037662008,817782,816632,4294966146,completed,-29
LoadAware,2175,3037662008,817882,816735,4294966149,completed,-29
LoadAware,2176,3037662008,817982,816837,4294966151,completed,-29
LoadAware,2177,3037662008,818082,816939,4294966153,completed,-29
LoadAware,2178,3037662008,818182,817047,4294966161,completed,-29
LoadAware,2179,3037662008,818282,817150,4294966164,completed,-29
LoadAware,2180,3037662008,818484,817344,4294966156,completed,-29
LoadAware,2181,3037662008,818584,817447,4294966159,completed,-29
LoadAware,2182,3037662008,818684,817550,4294966162,completed,-29
LoadAware,2183,3037662008,818784,817653,4294966165,completed,-29
LoadAware,2184,3037662008,818884,817756,4294966168,completed,-29
LoadAware,2185,3037662008,818984,817859,4294966171,completed,-29
LoadAware,2186,3037662008,819084,817962,4294966174,completed,-29
LoadAware,2187,3037662008,819184,818065,4294966177,completed,-29
LoadAware,2188,3037662008,819284,818167,4294966179,completed,-29
LoadAware,2189,3037662008,819484,818326,4294966138,completed,-29
LoadAware,2190,3037662008,819584,818428,4294966140,completed,-29
LoadAware,2191,3037662008,819684,818531,4294966143,completed,-29
LoadAware,2192,3037662008,819784,818634,4294966146,completed,-29
LoadAware,2193,3037662008,819884,818737,4294966149,completed,-29
LoadAware,2194,3037662008,819984,818840,4294966152,completed,-29
LoadAware,2195,3037662008,820084,818943,4294966155,completed,-29
LoadAware,2196,3037662008,820184,819051,4294966163,completed,-29
LoadAware,2197,3037662008,820284,819315,4294966327,completed,-29
LoadAware,2198,3037662008,820486,819418,4294966228,completed,-29
LoadAware,2199,3037662008,820586,819520,4294966230,completed,-29
LoadAware,2200,3037662008,820686,819623,4294966233,completed,-29
LoadAware,2201,3037662008,820786,819726,4294966236,completed,-29
LoadAware,2202,3037662008,820886,819829,4294966239,completed,-29
LoadAware,2203,3037662008,820986,819932,4294966242,completed,-29
LoadAware,2204,3037662008,821086,820035,4294966245,completed,-29
LoadAware,2205,3037662008,821186,820138,4294966248,completed,-28
LoadAware,2206,3037662008,821286,820239,4294966249,completed,-28
LoadAware,2208,3658959723,821588,818883,4294964591,completed,-11
LoadAware,2207,3037662008,821488,820342,4294966150,completed,-28
LoadAware,2209,3658959723,821688,818992,4294964600,completed,-11
LoadAware,2210,3658959723,821788,819101,4294964609,completed,-11
LoadAware,2211,3658959723,821888,819210,4294964618,completed,-11
LoadAware,2212,3658959723,821988,819319,4294964627,completed,-11
LoadAware,2213,3658959723,822088,819422,4294964630,completed,-11
LoadAware,2214,3658959723,822188,819543,4294964651,completed,-11
LoadAware,2215,3658959723,822288,819777,4294964785,completed,-11
LoadAware,2216,3658959723,822488,819886,4294964694,completed,-11
LoadAware,2217,3658959723,822588,819988,4294964696,completed,-11
LoadAware,2218,3658959723,822688,820091,4294964699,completed,-11
LoadAware,2219,3658959723,822788,820194,4294964702,completed,-11
LoadAware,2223,3037662008,823188,822023,4294966131,completed,-28
LoadAware,2220,3658959723,822888,820297,4294964705,completed,-13
LoadAware,2224,3037662008,823288,822320,4294966328,completed,-27
LoadAware,2221,3658959723,822988,820399,4294964707,completed,-13
LoadAware,2225,3037662008,823495,822538,4294966339,completed,-27
LoadAware,2226,3037662008,823600,822641,4294966337,completed,-27
LoadAware,2227,3037662008,823700,822744,4294966340,completed,-27
LoadAware,2222,3658959723,823088,820501,4294964709,completed,-13
LoadAware,2228,3037662008,823800,822847,4294966343,completed,-27
LoadAware,2229,3037662008,823900,822950,4294966346,completed,-27
LoadAware,2230,3037662008,824000,823052,4294966348,completed,-27
LoadAware,2231,3037662008,824100,823154,4294966350,completed,-27
LoadAware,2232,3037662008,824200,823256,4294966352,completed,-27
LoadAware,2233,3037662008,824486,823358,4294966168,completed,-27
LoadAware,2234,3037662008,824586,823459,4294966169,completed,-27
LoadAware,2235,3037662008,824686,823561,4294966171,completed,-27
LoadAware,2236,3037662008,824786,823663,4294966173,completed,-27
LoadAware,2237,3037662008,824886,823766,4294966176,completed,-27
LoadAware,2238,3037662008,824986,823869,4294966179,completed,-27
LoadAware,2239,3037662008,825086,823972,4294966182,completed,-27
LoadAware,2240,3037662008,825186,824075,4294966185,completed,-27
LoadAware,2241,3037662008,825286,824178,4294966188,completed,-28
LoadAware,2242,3037662008,825489,824328,4294966135,completed,-28
LoadAware,2243,3037662008,825589,824431,4294966138,completed,-28
LoadAware,2244,3037662008,825689,824534,4294966141,completed,-28
LoadAware,2245,3037662008,825789,824637,4294966144,completed,-28
LoadAware,2246,3037662008,825889,824739,4294966146,completed,-28
LoadAware,2247,3037662008,825989,824842,4294966149,completed,-28
LoadAware,2248,3037662008,826089,824945,4294966152,completed,-28
LoadAware,2249,3037662008,826189,825053,4294966160,completed,-28
LoadAware,2250,3037662008,826289,825322,4294966329,completed,-28
LoadAware,2251,3037662008,826493,825425,4294966228,completed,-28
LoadAware,2252,3037662008,826593,825532,4294966235,completed,-28
LoadAware,2253,3037662008,826693,825634,4294966237,completed,-28
LoadAware,2254,3037662008,826793,825737,4294966240,completed,-28
LoadAware,2255,3037662008,826893,825839,4294966242,completed,-28
LoadAware,2256,3037662008,826993,825942,4294966245,completed,-28
LoadAware,2257,3037662008,827093,826044,4294966247,completed,-28
LoadAware,2258,3037662008,827193,826147,4294966250,completed,-28
LoadAware,2259,3037662008,827293,826323,4294966326,completed,-28
LoadAware,2260,3037662008,827494,826426,4294966228,completed,-28
LoadAware,2261,3037662008,827594,826529,4294966231,completed,-28
LoadAware,2262,3037662008,827694,826632,4294966234,completed,-28
LoadAware,2263,3037662008,827794,826735,4294966237,completed,-28
LoadAware,2264,3037662008,827894,826838,4294966240,completed,-28
LoadAware,2265,3037662008,827994,826941,4294966243,completed,-28
LoadAware,2266,3037662008,828094,827044,4294966246,completed,-28
LoadAware,2267,3037662008,828194,827147,4294966249,completed,-28
LoadAware,2268,3037662008,828294,827324,4294966326,completed,-28
LoadAware,2269,3037662008,828496,827427,4294966227,completed,-28
LoadAware,2270,3037662008,828596,827530,4294966230,completed,-28
LoadAware,2271,3037662008,828699,827637,4294966234,completed,-28
LoadAware,2272,3037662008,828799,827739,4294966236,completed,-28
LoadAware,2273,3037662008,828899,827842,4294966239,completed,-28
LoadAware,2274,3037662008,828999,827945,4294966242,completed,-28
LoadAware,2275,3037662008,829099,828047,4294966244,completed,-28
LoadAware,2276,3037662008,829199,828150,4294966247,completed,-29
LoadAware,2277,3037662008,829495,828333,4294966134,completed,-29
LoadAware,2278,3037662008,829595,828436,4294966137,completed,-29
LoadAware,2279,3037662008,829695,828539,4294966140,completed,-29
LoadAware,2280,3037662008,829795,828642,4294966143,completed,-29
LoadAware,2281,3037662008,829895,828745,4294966146,completed,-29
LoadAware,2282,3037662008,829995,828848,4294966149,completed,-29
LoadAware,2283,3037662008,830095,828951,4294966152,completed,-29
LoadAware,2284,3037662008,830195,829054,4294966155,completed,-29
LoadAware,2285,3037662008,830295,829157,4294966158,completed,-29
LoadAware,2286,3037662008,830497,829337,4294966136,completed,-29
LoadAware,2287,3037662008,830597,829443,4294966142,completed,-29
LoadAware,2288,3037662008,830697,829546,4294966145,completed,-29
LoadAware,2289,3037662008,830797,829648,4294966147,completed,-29
LoadAware,2290,3037662008,830897,829751,4294966150,completed,-29
LoadAware,2291,3037662008,830997,829853,4294966152,completed,-29
LoadAware,2292,3037662008,831097,829956,4294966155,completed,-29
LoadAware,2293,3037662008,831197,830059,4294966158,completed,-29
LoadAware,2294,3037662008,831297,830327,4294966326,completed,-28
LoadAware,2295,3037662008,831499,830430,4294966227,completed,-28
LoadAware,2296,3037662008,831606,830533,4294966223,completed,-28
LoadAware,2297,3037662008,831708,830636,4294966224,completed,-28
LoadAware,2298,3037662008,831808,830739,4294966227,completed,-28
LoadAware,2299,3037662008,831908,830846,4294966234,completed,-28
LoadAware,2300,3037662008,832008,830949,4294966237,completed,-28
LoadAware,2301,3037662008,832108,831051,4294966239,completed,-28
LoadAware,2302,3037662008,832208,831153,4294966241,completed,-28
LoadAware,2303,3037662008,832496,831335,4294966135,completed,-28
LoadAware,2304,3037662008,832596,831438,4294966138,completed,-28
LoadAware,2305,3037662008,832696,831540,4294966140,completed,-28
LoadAware,2306,3037662008,832796,831642,4294966142,completed,-28
LoadAware,2307,3037662008,832896,831744,4294966144,completed,-28
LoadAware,2308,3037662008,832996,831847,4294966147,completed,-28
LoadAware,2309,3037662008,833096,831949,4294966149,completed,-28
LoadAware,2310,3037662008,833196,832052,4294966152,completed,-28
LoadAware,2311,3037662008,833296,832155,4294966155,completed,-30
LoadAware,2312,3037662008,833498,832339,4294966137,completed,-30
LoadAware,2313,3037662008,833606,832445,4294966135,completed,-30
LoadAware,2314,3037662008,833706,832548,4294966138,completed,-30
LoadAware,2315,3037662008,833806,832651,4294966141,completed,-30
LoadAware,2316,3037662008,833906,832754,4294966144,completed,-30
LoadAware,2317,3037662008,834006,832857,4294966147,completed,-30
LoadAware,2318,3037662008,834106,832961,4294966151,completed,-30
LoadAware,2319,3037662008,834206,833064,4294966154,completed,-30
LoadAware,2320,3037662008,834499,833337,4294966134,completed,-30
LoadAware,2321,3037662008,834600,833446,4294966142,completed,-30
LoadAware,2322,3037662008,834700,833549,4294966145,completed,-30
LoadAware,2323,3037662008,834800,833651,4294966147,completed,-30
LoadAware,2324,3037662008,834900,833753,4294966149,completed,-30
LoadAware,2325,3037662008,835000,833856,4294966152,completed,-30
LoadAware,2326,3037662008,835100,833958,4294966154,completed,-30
LoadAware,2327,3037662008,835200,834061,4294966157,completed,-30
LoadAware,2328,3037662008,835300,834164,4294966160,completed,-29
LoadAware,2329,3037662008,835503,834341,4294966134,completed,-29
LoadAware,2330,3037662008,835611,834449,4294966134,completed,-29
LoadAware,2331,3037662008,835711,834552,4294966137,completed,-29
LoadAware,2332,3037662008,835811,834655,4294966140,completed,-29
LoadAware,2333,3037662008,835911,834758,4294966143,completed,-29
LoadAware,2334,3037662008,836011,834861,4294966146,completed,-29
LoadAware,2335,3037662008,836111,834963,4294966148,completed,-29
LoadAware,2336,3037662008,836211,835066,4294966151,completed,-29
LoadAware,2337,3037662008,836501,835339,4294966134,completed,-29
LoadAware,2338,3037662008,836605,835448,4294966139,completed,-29
LoadAware,2339,3037662008,836705,835557,4294966148,completed,-29
LoadAware,2340,3037662008,836805,835660,4294966151,completed,-29
LoadAware,2341,3037662008,836905,835763,4294966154,completed,-29
LoadAware,2342,3037662008,837005,835866,4294966157,completed,-29
LoadAware,2343,3037662008,837105,835969,4294966160,completed,-29
LoadAware,2344,3037662008,837205,836072,4294966163,completed,-29
LoadAware,2345,3037662008,837305,836337,4294966328,completed,-30
LoadAware,2346,3037662008,837501,836442,4294966237,completed,-30
LoadAware,2347,3037662008,837601,836545,4294966240,completed,-30
LoadAware,2348,3037662008,837701,836648,4294966243,completed,-30
LoadAware,2349,3037662008,837801,836751,4294966246,completed,-30
LoadAware,2350,3037662008,837901,836853,4294966248,completed,-30
LoadAware,2351,3037662008,838001,836956,4294966251,completed,-30
LoadAware,2352,3037662008,838101,837059,4294966254,completed,-30
LoadAware,2353,3037662008,838201,837161,4294966256,completed,-30
LoadAware,2354,3037662008,838301,837262,4294966257,completed,-30
LoadAware,2355,3037662008,838504,837364,4294966156,completed,-30
LoadAware,2356,3037662008,838604,837466,4294966158,completed,-30
LoadAware,2357,3037662008,838704,837569,4294966161,completed,-30
LoadAware,2358,3037662008,838804,837672,4294966164,completed,-30
LoadAware,2359,3037662008,838904,837775,4294966167,completed,-30
LoadAware,2360,3037662008,839004,837877,4294966169,completed,-30
LoadAware,2361,3037662008,839104,837980,4294966172,completed,-30
LoadAware,2362,3037662008,839204,838083,4294966175,completed,-30
LoadAware,2363,3037662008,839304,838186,4294966178,completed,-29
LoadAware,2364,3037662008,839506,838346,4294966136,completed,-29
LoadAware,2365,3037662008,839606,838449,4294966139,completed,-29
LoadAware,2366,3037662008,839706,838551,4294966141,completed,-29
LoadAware,2367,3037662008,839806,838654,4294966144,completed,-29
LoadAware,2368,3037662008,839906,838757,4294966147,completed,-29
LoadAware,2369,3037662008,840006,838860,4294966150,completed,-29
LoadAware,2370,3037662008,840106,838963,4294966153,completed,-29
LoadAware,2371,3037662008,840206,839071,4294966161,completed,-29
LoadAware,2372,3037662008,840306,839337,4294966327,completed,-29
LoadAware,2373,3037662008,840508,839447,4294966235,completed,-29
LoadAware,2374,3037662008,840608,839550,4294966238,completed,-29
LoadAware,2375,3037662008,840708,839653,4294966241,completed,-29
LoadAware,2376,3037662008,840808,839757,4294966245,completed,-29
LoadAware,2377,3037662008,840908,839860,4294966248,completed,-29
LoadAware,2378,3037662008,841008,839963,4294966251,completed,-29
LoadAware,2379,3037662008,841112,840066,4294966250,completed,-29
LoadAware,2380,3037662008,841212,840167,4294966251,completed,-29
LoadAware,2381,3037662008,841503,840340,4294966133,completed,-29
LoadAware,2382,3037662008,841607,840446,4294966135,completed,-29
LoadAware,2383,3037662008,841707,840547,4294966136,completed,-29
LoadAware,2384,3037662008,841807,840649,4294966138,completed,-29
LoadAware,2385,3037662008,841907,840752,4294966141,completed,-29
LoadAware,2386,3037662008,842007,840855,4294966144,completed,-29
LoadAware,2387,3037662008,842107,840958,4294966147,completed,-29
LoadAware,2388,3037662008,842207,841061,4294966150,completed,-29
LoadAware,2389,3037662008,842307,841164,4294966153,completed,-29
LoadAware,2390,3037662008,842511,841349,4294966134,completed,-29
LoadAware,2391,3037662008,842611,841458,4294966143,completed,-29
LoadAware,2392,3037662008,842711,841568,4294966153,completed,-29
LoadAware,2393,3037662008,842811,841671,4294966156,completed,-29
LoadAware,2394,3037662008,842911,841774,4294966159,completed,-29
LoadAware,2395,3037662008,843011,841877,4294966162,completed,-29
LoadAware,2396,3037662008,843112,841980,4294966164,completed,-29
LoadAware,2397,3037662008,843212,842083,4294966167,completed,-29
LoadAware,2398,3037662008,843312,842343,4294966327,completed,-28
LoadAware,2399,3037662008,843514,842446,4294966228,completed,-28
LoadAware,2401,3658959723,843717,841012,4294964591,completed,-12
LoadAware,2402,3658959723,843817,841115,4294964594,completed,-12
LoadAware,2403,3658959723,843917,841218,4294964597,completed,-12
LoadAware,2404,3658959723,844017,841321,4294964600,completed,-12
LoadAware,2405,3658959723,844117,841424,4294964603,completed,-12
LoadAware,2406,3658959723,844217,841532,4294964611,completed,-12
LoadAware,2407,3658959723,844511,841809,4294964594,completed,-12
LoadAware,2408,3658959723,844611,841912,4294964597,completed,-12
LoadAware,2409,3658959723,844711,842015,4294964600,completed,-12
LoadAware,2410,3658959723,844811,842118,4294964603,completed,-12
LoadAware,2411,3658959723,844911,842221,4294964606,completed,-12
LoadAware,2412,3658959723,845011,842323,4294964608,completed,-13
LoadAware,2413,3658959723,845113,842426,4294964609,completed,-13
LoadAware,2414,3658959723,845213,842529,4294964612,completed,-13
LoadAware,2415,3658959723,845313,842632,4294964615,completed,-13
LoadAware,2416,3658959723,845515,842817,4294964598,completed,-13
LoadAware,2417,3658959723,845619,842920,4294964597,completed,-13
LoadAware,2418,3658959723,845719,843023,4294964600,completed,-13
LoadAware,2419,3658959723,845819,843126,4294964603,completed,-13
LoadAware,2420,3658959723,845919,843229,4294964606,completed,-13
LoadAware,2421,3658959723,846019,843332,4294964609,completed,-13
LoadAware,2422,3658959723,846119,843435,4294964612,completed,-13
LoadAware,2423,3658959723,846219,843543,4294964620,completed,-13
LoadAware,2424,3658959723,846515,843812,4294964593,completed,-13
LoadAware,2425,3658959723,846615,843915,4294964596,completed,-13
LoadAware,2426,3658959723,846715,844018,4294964599,completed,-13
LoadAware,2427,3658959723,846815,844121,4294964602,completed,-13
LoadAware,2428,3658959723,846915,844224,4294964605,completed,-13
LoadAware,2429,3658959723,847015,844327,4294964608,completed,-13
LoadAware,2430,3658959723,847115,844430,4294964611,completed,-13
LoadAware,2431,3658959723,847215,844532,4294964613,completed,-13
LoadAware,2432,3658959723,847315,844635,4294964616,completed,-13
LoadAware,2433,3658959723,847518,844815,4294964593,completed,-13
LoadAware,2434,3658959723,847618,844918,4294964596,completed,-13
LoadAware,2435,3658959723,847718,845021,4294964599,completed,-13
LoadAware,2436,3658959723,847818,845124,4294964602,completed,-13
LoadAware,2437,3658959723,847918,845227,4294964605,completed,-13
LoadAware,2438,3658959723,848018,845330,4294964608,completed,-13
LoadAware,2439,3658959723,848118,845433,4294964611,completed,-13
LoadAware,2440,3658959723,848218,845543,4294964621,completed,-13
LoadAware,2441,3658959723,848318,845807,4294964785,completed,-13
LoadAware,2442,3658959723,848518,845913,4294964691,completed,-13
LoadAware,2443,3658959723,848619,846016,4294964693,completed,-13
LoadAware,2400,3658959723,848621,846119,4294964794,completed,-13
LoadAware,2444,3658959723,848719,846222,4294964799,completed,-13
LoadAware,2445,3658959723,848819,846325,4294964802,completed,-14
LoadAware,2446,3658959723,848919,846427,4294964804,completed,-14
LoadAware,2447,3658959723,849019,846530,4294964807,completed,-14
LoadAware,2448,3658959723,849119,846632,4294964809,completed,-14
LoadAware,2449,3658959723,849219,846733,4294964810,completed,-14
LoadAware,2450,3658959723,849319,846836,4294964813,completed,-14
LoadAware,2451,3658959723,849526,846939,4294964709,completed,-14
LoadAware,2452,3658959723,849630,847042,4294964708,completed,-14
LoadAware,2453,3658959723,849730,847145,4294964711,completed,-14
LoadAware,2454,3658959723,849830,847248,4294964714,completed,-14
LoadAware,2455,3658959723,849930,847351,4294964717,completed,-14
LoadAware,2456,3658959723,850030,847454,4294964720,completed,-14
LoadAware,2457,3658959723,850130,847557,4294964723,completed,-14
LoadAware,2458,3658959723,850230,847660,4294964726,completed,-14
LoadAware,2459,3658959723,850519,847818,4294964595,completed,-14
LoadAware,2460,3658959723,850619,847921,4294964598,completed,-14
LoadAware,2461,3658959723,850719,848023,4294964600,completed,-14
LoadAware,2462,3658959723,850819,848126,4294964603,completed,-14
LoadAware,2463,3658959723,850919,848229,4294964606,completed,-14
LoadAware,2464,3658959723,851019,848332,4294964609,completed,-13
LoadAware,2465,3658959723,851119,848434,4294964611,completed,-13
LoadAware,2466,3658959723,851219,848537,4294964614,completed,-13
LoadAware,2467,3658959723,851319,848639,4294964616,completed,-13
LoadAware,2468,3658959723,851521,848824,4294964599,completed,-13
LoadAware,2469,3658959723,851622,848926,4294964600,completed,-13
LoadAware,2470,3658959723,851722,849029,4294964603,completed,-13
LoadAware,2471,3658959723,851822,849131,4294964605,completed,-13
LoadAware,2472,3658959723,851922,849234,4294964608,completed,-13
LoadAware,2473,3658959723,852022,849337,4294964611,completed,-13
LoadAware,2474,3658959723,852122,849440,4294964614,completed,-13
LoadAware,2475,3658959723,852222,849550,4294964624,completed,-13
LoadAware,2476,3658959723,852322,849814,4294964788,completed,-13
LoadAware,2477,3658959723,852523,849920,4294964693,completed,-13
LoadAware,2478,3658959723,852623,850023,4294964696,completed,-13
LoadAware,2479,3658959723,852723,850126,4294964699,completed,-13
LoadAware,2480,3658959723,852823,850229,4294964702,completed,-13
LoadAware,2481,3658959723,852923,850332,4294964705,completed,-13
LoadAware,2482,3658959723,853023,850435,4294964708,completed,-13
LoadAware,2483,3658959723,853123,850537,4294964710,completed,-13
LoadAware,2484,3658959723,853223,850640,4294964713,completed,-13
LoadAware,2485,3658959723,853323,850816,4294964789,completed,-13
LoadAware,2486,3658959723,853529,850925,4294964692,completed,-13
LoadAware,2487,3658959723,853629,851028,4294964695,completed,-13
LoadAware,2488,3658959723,853729,851131,4294964698,completed,-13
LoadAware,2489,3658959723,853829,851234,4294964701,completed,-13
LoadAware,2490,3658959723,853929,851337,4294964704,completed,-13
LoadAware,2491,3658959723,854029,851439,4294964706,completed,-13
LoadAware,2492,3658959723,854129,851542,4294964709,completed,-13
LoadAware,2493,3658959723,854229,851644,4294964711,completed,-13
LoadAware,2494,3658959723,854519,851814,4294964591,completed,-13
LoadAware,2495,3658959723,854619,852034,4294964711,completed,-13
LoadAware,2496,3658959723,854719,852137,4294964714,completed,-13
LoadAware,2497,3658959723,854819,852240,4294964717,completed,-13
LoadAware,2498,3658959723,854919,852343,4294964720,completed,-14
LoadAware,2499,3658959723,855019,852446,4294964723,completed,-14
LoadAware,2500,3658959723,855119,852549,4294964726,completed,-14
LoadAware,2501,3658959723,855219,852651,4294964728,completed,-14
LoadAware,2502,3658959723,855319,852753,4294964730,completed,-14
LoadAware,2503,3658959723,855527,852855,4294964624,completed,-14
LoadAware,2504,3658959723,855627,852958,4294964627,completed,-14
LoadAware,2505,3658959723,855727,853061,4294964630,completed,-14
LoadAware,2506,3658959723,855827,853164,4294964633,completed,-14
LoadAware,2507,3658959723,855927,853267,4294964636,completed,-14
LoadAware,2508,3658959723,856027,853370,4294964639,completed,-14
LoadAware,2509,3658959723,856127,853473,4294964642,completed,-14
LoadAware,2510,3658959723,856227,853582,4294964651,completed,-14
LoadAware,2511,3658959723,856327,853815,4294964784,completed,-14
LoadAware,2512,3658959723,856527,853918,4294964687,completed,-14
LoadAware,2513,3658959723,856627,854021,4294964690,completed,-14
LoadAware,2514,3658959723,856727,854124,4294964693,completed,-14
LoadAware,2515,3658959723,856827,854227,4294964696,completed,-14
LoadAware,2516,3658959723,856927,854330,4294964699,completed,-13
LoadAware,2517,3658959723,857027,854432,4294964701,completed,-13
LoadAware,2518,3658959723,857127,854535,4294964704,completed,-13
LoadAware,2519,3658959723,857227,854638,4294964707,completed,-13
LoadAware,2520,3658959723,857327,854739,4294964708,completed,-13
LoadAware,2521,3658959723,857530,854841,4294964607,completed,-13
LoadAware,2522,3658959723,857630,854944,4294964610,completed,-13
LoadAware,2523,3658959723,857730,855046,4294964612,completed,-13
LoadAware,2524,3658959723,857830,855149,4294964615,completed,-13
LoadAware,2525,3658959723,857930,855251,4294964617,completed,-13
LoadAware,2526,3658959723,858030,855354,4294964620,completed,-13
LoadAware,2527,3658959723,858130,855457,4294964623,completed,-13
LoadAware,2528,3658959723,858230,855565,4294964631,completed,-13
LoadAware,2529,3658959723,858330,855821,4294964787,completed,-13
LoadAware,2530,3658959723,858531,855926,4294964691,completed,-13
LoadAware,2531,3658959723,858631,856029,4294964694,completed,-13
LoadAware,2532,3658959723,858731,856132,4294964697,completed,-13
LoadAware,2533,3658959723,858831,856235,4294964700,completed,-13
LoadAware,2534,3658959723,858931,856338,4294964703,completed,-14
LoadAware,2535,3658959723,859031,856441,4294964706,completed,-14
LoadAware,2536,3658959723,859131,856544,4294964709,completed,-14
LoadAware,2537,3658959723,859231,856647,4294964712,completed,-14
LoadAware,2538,3658959723,859331,856824,4294964789,completed,-14
LoadAware,2539,3658959723,859535,856930,4294964691,completed,-14
LoadAware,2540,3658959723,859635,857033,4294964694,completed,-14
LoadAware,2541,3658959723,859735,857136,4294964697,completed,-14
LoadAware,2542,3658959723,859835,857239,4294964700,completed,-14
LoadAware,2543,3658959723,859935,857342,4294964703,completed,-14
LoadAware,2544,3658959723,860035,857445,4294964706,completed,-14
LoadAware,2545,3658959723,860135,857548,4294964709,completed,-14
LoadAware,2546,3658959723,860235,857650,4294964711,completed,-14
LoadAware,2547,3658959723,860527,857824,4294964593,completed,-14
LoadAware,2548,3658959723,860627,858039,4294964708,completed,-14
LoadAware,2549,3658959723,860727,858142,4294964711,completed,-14
LoadAware,2550,3658959723,860827,858245,4294964714,completed,-14
LoadAware,2551,3658959723,860927,858348,4294964717,completed,-13
LoadAware,2552,3658959723,861027,858451,4294964720,completed,-13
LoadAware,2553,3658959723,861127,858554,4294964723,completed,-13
LoadAware,2554,3658959723,861227,858657,4294964726,completed,-13
LoadAware,2555,3658959723,861327,858759,4294964728,completed,-13
LoadAware,2556,3658959723,861534,858862,4294964624,completed,-13
LoadAware,2557,3658959723,861634,858965,4294964627,completed,-13
LoadAware,2558,3658959723,861734,859068,4294964630,completed,-13
LoadAware,2559,3658959723,861834,859171,4294964633,completed,-13
LoadAware,2560,3658959723,861934,859274,4294964636,completed,-13
LoadAware,2561,3658959723,862034,859377,4294964639,completed,-13
LoadAware,2562,3658959723,862134,859480,4294964642,completed,-13
LoadAware,2563,3658959723,862234,859583,4294964645,completed,-13
LoadAware,2564,3658959723,862334,859686,4294964648,completed,-13
LoadAware,2565,3658959723,862535,859837,4294964598,completed,-13
LoadAware,2566,3658959723,862635,859940,4294964601,completed,-13
LoadAware,2567,3658959723,862735,860042,4294964603,completed,-13
LoadAware,2568,3658959723,862835,860145,4294964606,completed,-13
LoadAware,2569,3658959723,862935,860248,4294964609,completed,-13
LoadAware,2570,3658959723,863035,860351,4294964612,completed,-13
LoadAware,2571,3658959723,863135,860454,4294964615,completed,-13
LoadAware,2572,3658959723,863235,860557,4294964618,completed,-13
LoadAware,2573,3658959723,863335,860659,4294964620,completed,-13
LoadAware,2574,3658959723,863538,860837,4294964595,completed,-13
LoadAware,2575,3658959723,863638,860940,4294964598,completed,-13
LoadAware,2576,3658959723,863738,861043,4294964601,completed,-13
LoadAware,2577,3658959723,863838,861146,4294964604,completed,-13
LoadAware,2578,3658959723,863938,861249,4294964607,completed,-13
LoadAware,2579,3658959723,864038,861352,4294964610,completed,-13
LoadAware,2580,3658959723,864138,861455,4294964613,completed,-13
LoadAware,2581,3658959723,864238,861565,4294964623,completed,-13
LoadAware,2582,3658959723,864338,861828,4294964786,completed,-13
LoadAware,2583,3658959723,864538,861934,4294964692,completed,-13
LoadAware,2584,3658959723,864638,862092,4294964750,completed,-13
LoadAware,2585,3658959723,864738,862201,4294964759,completed,-13
LoadAware,2586,3658959723,864838,862304,4294964762,completed,-13
LoadAware,2587,3658959723,864938,862408,4294964766,completed,-14
LoadAware,2588,3658959723,865038,862510,4294964768,completed,-14
LoadAware,2589,3658959723,865138,862613,4294964771,completed,-14
LoadAware,2590,3658959723,865238,862715,4294964773,completed,-14
LoadAware,2591,3658959723,865338,862831,4294964789,completed,-14
LoadAware,2592,3658959723,865537,862936,4294964695,completed,-14
LoadAware,2593,3658959723,865641,863039,4294964694,completed,-14
LoadAware,2594,3658959723,865741,863142,4294964697,completed,-14
LoadAware,2595,3658959723,865841,863245,4294964700,completed,-14
LoadAware,2596,3658959723,865941,863347,4294964702,completed,-14
LoadAware,2597,3658959723,866041,863450,4294964705,completed,-14
LoadAware,2598,3658959723,866141,863553,4294964708,completed,-14
LoadAware,2599,3658959723,866241,863656,4294964711,completed,-14
LoadAware,2600,3658959723,866341,863831,4294964786,completed,-14
LoadAware,2601,3658959723,866543,863934,4294964687,completed,-14
LoadAware,2602,3658959723,866643,864038,4294964691,completed,-14
LoadAware,2603,3658959723,866743,864141,4294964694,completed,-14
LoadAware,2604,3658959723,866843,864243,4294964696,completed,-14
LoadAware,2605,3658959723,866943,864345,4294964698,completed,-14
LoadAware,2606,3658959723,867043,864447,4294964700,completed,-14
LoadAware,2607,3658959723,867143,864549,4294964702,completed,-14
LoadAware,2608,3658959723,867243,864652,4294964705,completed,-14
LoadAware,2609,3658959723,867343,864836,4294964789,completed,-14
LoadAware,2610,3658959723,867546,864942,4294964692,completed,-14
LoadAware,2611,3658959723,867646,865045,4294964695,completed,-14
LoadAware,2612,3658959723,867746,865147,4294964697,completed,-14
LoadAware,2613,3658959723,867846,865250,4294964700,completed,-14
LoadAware,2614,3658959723,867946,865353,4294964703,completed,-14
LoadAware,2615,3658959723,868046,865456,4294964706,completed,-14
LoadAware,2616,3658959723,868146,865559,4294964709,completed,-14
LoadAware,2617,3658959723,868246,865662,4294964712,completed,-14
LoadAware,2618,3658959723,868346,865835,4294964785,completed,-14
LoadAware,2619,3658959723,868548,865938,4294964686,completed,-14
LoadAware,2620,3658959723,868648,866041,4294964689,completed,-14
LoadAware,2621,3658959723,868748,866144,4294964692,completed,-14
LoadAware,2622,3658959723,868848,866247,4294964695,completed,-14
LoadAware,2623,3658959723,868948,866349,4294964697,completed,-14
LoadAware,2624,3658959723,869048,866452,4294964700,completed,-14
LoadAware,2625,3658959723,869148,866554,4294964702,completed,-14
LoadAware,2626,3658959723,869248,866657,4294964705,completed,-14
LoadAware,2627,3658959723,869348,866843,4294964791,completed,-14
LoadAware,2628,3658959723,869552,866953,4294964697,completed,-14
LoadAware,2629,3658959723,869652,867056,4294964700,completed,-14
LoadAware,2630,3658959723,869752,867158,4294964702,completed,-14
LoadAware,2631,3658959723,869852,867261,4294964705,completed,-14
LoadAware,2632,3658959723,869952,867363,4294964707,completed,-14
LoadAware,2633,3658959723,870052,867466,4294964710,completed,-14
LoadAware,2634,3658959723,870152,867568,4294964712,completed,-14
LoadAware,2635,3658959723,870252,867670,4294964714,completed,-14
LoadAware,2636,3658959723,870543,867840,4294964593,completed,-14
LoadAware,2637,3658959723,870643,868061,4294964714,completed,-14
LoadAware,2638,3658959723,870743,868164,4294964717,completed,-14
LoadAware,2639,3658959723,870843,868267,4294964720,completed,-14
LoadAware,2640,3658959723,870943,868370,4294964723,completed,-14
LoadAware,2641,3658959723,871043,868473,4294964726,completed,-14
LoadAware,2642,3658959723,871143,868575,4294964728,completed,-14
LoadAware,2643,3658959723,871243,868678,4294964731,completed,-14
LoadAware,2644,3658959723,871343,868780,4294964733,completed,-14
LoadAware,2645,3658959723,871551,868881,4294964626,completed,-14
LoadAware,2646,3658959723,871651,868984,4294964629,completed,-14
LoadAware,2647,3658959723,871751,869086,4294964631,completed,-14
LoadAware,2648,3658959723,871851,869188,4294964633,completed,-14
LoadAware,2649,3658959723,871951,869291,4294964636,completed,-14
LoadAware,2650,3658959723,872051,869394,4294964639,completed,-14
LoadAware,2651,3658959723,872151,869497,4294964642,completed,-14
LoadAware,2652,3658959723,872251,869616,4294964661,completed,-14
LoadAware,2653,3658959723,872351,869839,4294964784,completed,-14
LoadAware,2654,3658959723,872551,869942,4294964687,completed,-14
LoadAware,2655,3658959723,872651,870045,4294964690,completed,-14
LoadAware,2656,3658959723,872751,870148,4294964693,completed,-14
LoadAware,2657,3658959723,872851,870250,4294964695,completed,-14
LoadAware,2658,3658959723,872951,870353,4294964698,completed,-13
LoadAware,2659,3658959723,873051,870456,4294964701,completed,-13
LoadAware,2660,3658959723,873151,870559,4294964704,completed,-13
LoadAware,2661,3658959723,873251,870662,4294964707,completed,-13
LoadAware,2662,3658959723,873351,870764,4294964709,completed,-13
LoadAware,2663,3658959723,873554,870865,4294964607,completed,-13
LoadAware,2664,3037662008,873654,872657,4294966299,completed,-27
LoadAware,2665,3037662008,873754,872782,4294966324,completed,-27
LoadAware,2666,3037662008,873854,872885,4294966327,completed,-27
LoadAware,2667,3037662008,873954,872988,4294966330,completed,-27
LoadAware,2668,3037662008,874054,873091,4294966333,completed,-27
LoadAware,2669,3037662008,874154,873194,4294966336,completed,-27
LoadAware,2670,3037662008,874254,873295,4294966337,completed,-27
LoadAware,2671,3037662008,874354,873396,4294966338,completed,-27
LoadAware,2672,3037662008,874557,873499,4294966238,completed,-27
LoadAware,2673,3037662008,874657,873602,4294966241,completed,-27
LoadAware,2674,3037662008,874757,873705,4294966244,completed,-27
LoadAware,2675,3037662008,874857,873808,4294966247,completed,-27
LoadAware,2676,3037662008,874957,873911,4294966250,completed,-27
LoadAware,2677,3037662008,875057,874014,4294966253,completed,-27
LoadAware,2678,3037662008,875157,874117,4294966256,completed,-27
LoadAware,2679,3037662008,875257,874219,4294966258,completed,-29
LoadAware,2680,3037662008,875357,874390,4294966329,completed,-29
LoadAware,2681,3037662008,875553,874493,4294966236,completed,-29
LoadAware,2682,3037662008,875653,874595,4294966238,completed,-29
LoadAware,2683,3037662008,875753,874698,4294966241,completed,-29
LoadAware,2684,3037662008,875853,874800,4294966243,completed,-29
LoadAware,2685,3037662008,875953,874903,4294966246,completed,-29
LoadAware,2686,3037662008,876053,875005,4294966248,completed,-29
LoadAware,2687,3037662008,876153,875108,4294966251,completed,-29
LoadAware,2688,3037662008,876253,875211,4294966254,completed,-29
LoadAware,2689,3037662008,876353,875313,4294966256,completed,-29
LoadAware,2690,3037662008,876559,875416,4294966153,completed,-29
LoadAware,2691,3037662008,876659,875518,4294966155,completed,-29
LoadAware,2692,3037662008,876759,875621,4294966158,completed,-29
LoadAware,2693,3037662008,876859,875724,4294966161,completed,-29
LoadAware,2694,3037662008,876959,875827,4294966164,completed,-29
LoadAware,2695,3037662008,877059,875930,4294966167,completed,-29
LoadAware,2696,3037662008,877159,876033,4294966170,completed,-29
LoadAware,2697,3037662008,877259,876138,4294966175,completed,-28
LoadAware,2698,3037662008,877359,876389,4294966326,completed,-28
LoadAware,2699,3037662008,877560,876491,4294966227,completed,-28
LoadAware,2700,3037662008,877660,876593,4294966229,completed,-28
LoadAware,2701,3037662008,877760,876709,4294966245,completed,-28
LoadAware,2702,3037662008,877860,876812,4294966248,completed,-28
LoadAware,2703,3037662008,877960,876915,4294966251,completed,-28
LoadAware,2704,3037662008,878060,877018,4294966254,completed,-28
LoadAware,2705,3037662008,878160,877121,4294966257,completed,-28
LoadAware,2706,3037662008,878260,877224,4294966260,completed,-28
LoadAware,2707,3037662008,878360,877391,4294966327,completed,-28
LoadAware,2708,3037662008,878561,877497,4294966232,completed,-28
LoadAware,2709,3037662008,878661,877600,4294966235,completed,-28
LoadAware,2710,3037662008,878761,877702,4294966237,completed,-28
LoadAware,2711,3037662008,878861,877804,4294966239,completed,-28
LoadAware,2712,3037662008,878961,877907,4294966242,completed,-28
LoadAware,2713,3037662008,879061,878010,4294966245,completed,-28
LoadAware,2714,3037662008,879161,878113,4294966248,completed,-28
LoadAware,2715,3037662008,879261,878216,4294966251,completed,-30
LoadAware,2716,3037662008,879361,878391,4294966326,completed,-30
LoadAware,2717,3037662008,879562,878494,4294966228,completed,-30
LoadAware,2718,3037662008,879662,878600,4294966234,completed,-30
LoadAware,2719,3037662008,879762,878703,4294966237,completed,-30
LoadAware,2720,3037662008,879862,878806,4294966240,completed,-30
LoadAware,2721,3037662008,879962,878909,4294966243,completed,-30
LoadAware,2722,3037662008,880062,879011,4294966245,completed,-30
LoadAware,2723,3037662008,880162,879113,4294966247,completed,-30
LoadAware,2724,3037662008,880262,879215,4294966249,completed,-30
LoadAware,2725,3037662008,880362,879317,4294966251,completed,-30
LoadAware,2726,3037662008,880563,879418,4294966151,completed,-30
LoadAware,2727,3037662008,880663,879521,4294966154,completed,-30
LoadAware,2728,3037662008,880763,879623,4294966156,completed,-30
LoadAware,2729,3037662008,880863,879726,4294966159,completed,-30
LoadAware,2730,3037662008,880963,879829,4294966162,completed,-30
LoadAware,2731,3037662008,881063,879932,4294966165,completed,-30
LoadAware,2732,3037662008,881163,880035,4294966168,completed,-30
LoadAware,2733,3037662008,881263,880140,4294966173,completed,-30
LoadAware,2735,3658959723,881563,878859,4294964592,completed,-12
LoadAware,2736,3658959723,881663,878962,4294964595,completed,-12
LoadAware,2734,3037662008,881363,880242,4294966175,completed,-30
LoadAware,2737,3658959723,881763,879065,4294964598,completed,-12
LoadAware,2738,3658959723,881863,879363,4294964796,completed,-12
LoadAware,2739,3658959723,881963,879472,4294964805,completed,-12
LoadAware,2740,3658959723,882063,879575,4294964808,completed,-12
LoadAware,2741,3658959723,882163,879678,4294964811,completed,-12
LoadAware,2742,3658959723,882263,879855,4294964888,completed,-12
LoadAware,2743,3658959723,882363,879958,4294964891,completed,-12
LoadAware,2744,3658959723,882567,880065,4294964794,completed,-12
LoadAware,2745,3658959723,882667,880168,4294964797,completed,-12
LoadAware,2746,3658959723,882767,880270,4294964799,completed,-12
LoadAware,2747,3658959723,882867,880373,4294964802,completed,-14
LoadAware,2748,3658959723,882967,880474,4294964803,completed,-14
LoadAware,2751,3037662008,883267,882109,4294966138,completed,-30
LoadAware,2749,3658959723,883067,880575,4294964804,completed,-14
LoadAware,2752,3037662008,883367,882399,4294966328,completed,-29
LoadAware,2750,3658959723,883167,880677,4294964806,completed,-14
LoadAware,2753,3037662008,883570,882502,4294966228,completed,-29
LoadAware,2754,3037662008,883670,882604,4294966230,completed,-29
LoadAware,2755,3037662008,883770,882711,4294966237,completed,-29
LoadAware,2756,3037662008,883870,882814,4294966240,completed,-29
LoadAware,2757,3037662008,883970,882917,4294966243,completed,-29
LoadAware,2758,3037662008,884070,883020,4294966246,completed,-29
LoadAware,2759,3037662008,884170,883123,4294966249,completed,-29
LoadAware,2760,3037662008,884270,883226,4294966252,completed,-29
LoadAware,2761,3037662008,884569,883406,4294966133,completed,-29
LoadAware,2762,3037662008,884669,883508,4294966135,completed,-29
LoadAware,2763,3037662008,884769,883611,4294966138,completed,-29
LoadAware,2764,3037662008,884869,883713,4294966140,completed,-29
LoadAware,2765,3037662008,884969,883816,4294966143,completed,-29
LoadAware,2766,3037662008,885069,883919,4294966146,completed,-29
LoadAware,2767,3037662008,885169,884022,4294966149,completed,-29
LoadAware,2768,3037662008,885269,884125,4294966152,completed,-29
LoadAware,2769,3037662008,885370,884400,4294966326,completed,-29
LoadAware,2770,3037662008,885572,884503,4294966227,completed,-29
LoadAware,2771,3037662008,885672,884606,4294966230,completed,-29
LoadAware,2772,3037662008,885772,884709,4294966233,completed,-29
LoadAware,2773,3037662008,885872,884812,4294966236,completed,-29
LoadAware,2774,3037662008,885972,884915,4294966239,completed,-29
LoadAware,2775,3037662008,886072,885018,4294966242,completed,-29
LoadAware,2776,3037662008,886172,885121,4294966245,completed,-29
LoadAware,2777,3037662008,886272,885223,4294966247,completed,-29
LoadAware,2778,3037662008,886372,885431,4294966355,completed,-29
LoadAware,2779,3037662008,886573,885534,4294966257,completed,-29
LoadAware,2780,3037662008,886673,885637,4294966260,completed,-29
LoadAware,2781,3037662008,886773,885740,4294966263,completed,-29
LoadAware,2782,3037662008,886873,885843,4294966266,completed,-29
LoadAware,2783,3037662008,886973,885946,4294966269,completed,-29
LoadAware,2784,3037662008,887073,886049,4294966272,completed,-29
LoadAware,2785,3037662008,887173,886152,4294966275,completed,-29
LoadAware,2786,3037662008,887273,886253,4294966276,completed,-29
LoadAware,2788,3658959723,887572,884867,4294964591,completed,-12
LoadAware,2789,3658959723,887672,884976,4294964600,completed,-12
LoadAware,2790,3658959723,887772,885078,4294964602,completed,-12
LoadAware,2787,3037662008,887373,886403,4294966326,completed,-29
LoadAware,2791,3658959723,887872,885181,4294964605,completed,-12
LoadAware,2792,3658959723,887972,885283,4294964607,completed,-12
LoadAware,2793,3658959723,888072,885386,4294964610,completed,-12
LoadAware,2794,3658959723,888172,885489,4294964613,completed,-12
LoadAware,2795,3658959723,888272,885592,4294964616,completed,-12
LoadAware,2796,3658959723,888372,885695,4294964619,completed,-12
LoadAware,2797,3658959723,888573,885871,4294964594,completed,-12
LoadAware,2798,3658959723,888673,885974,4294964597,completed,-12
LoadAware,2799,3658959723,888773,886077,4294964600,completed,-12
LoadAware,2800,3658959723,888873,886179,4294964602,completed,-12
LoadAware,2801,3658959723,888973,886282,4294964605,completed,-12
LoadAware,2802,3658959723,889073,886384,4294964607,completed,-14
LoadAware,2803,3658959723,889173,886487,4294964610,completed,-14
LoadAware,2804,3658959723,889273,886590,4294964613,completed,-14
LoadAware,2805,3658959723,889373,886693,4294964616,completed,-14
LoadAware,2806,3037662008,889576,888416,4294966136,completed,-28
LoadAware,2807,3037662008,889676,888518,4294966138,completed,-28
LoadAware,2808,3037662008,889776,888621,4294966141,completed,-28
LoadAware,2809,3037662008,889876,888723,4294966143,completed,-28
LoadAware,2810,3037662008,889976,888826,4294966146,completed,-28
LoadAware,2811,3037662008,890076,888929,4294966149,completed,-28
LoadAware,2812,3037662008,890176,889032,4294966152,completed,-28
LoadAware,2813,3037662008,890276,889143,4294966163,completed,-28
LoadAware,2814,3037662008,890376,889406,4294966326,completed,-28
LoadAware,2815,3037662008,890577,889508,4294966227,completed,-28
LoadAware,2816,3037662008,890677,889611,4294966230,completed,-28
LoadAware,2817,3037662008,890777,889714,4294966233,completed,-28
LoadAware,2818,3037662008,890877,889817,4294966236,completed,-28
LoadAware,2819,3037662008,890977,889920,4294966239,completed,-28
LoadAware,2820,3037662008,891077,890023,4294966242,completed,-28
LoadAware,2821,3037662008,891177,890126,4294966245,completed,-28
LoadAware,2822,3037662008,891277,890229,4294966248,completed,-29
LoadAware,2823,3037662008,891377,890407,4294966326,completed,-29
LoadAware,2824,3037662008,891578,890510,4294966228,completed,-29
LoadAware,2825,3037662008,891678,890616,4294966234,completed,-29
LoadAware,2826,3037662008,891778,890718,4294966236,completed,-29
LoadAware,2827,3037662008,891878,890821,4294966239,completed,-29
LoadAware,2828,3037662008,891978,890923,4294966241,completed,-29
LoadAware,2829,3037662008,892078,891026,4294966244,completed,-29
LoadAware,2830,3037662008,892178,891129,4294966247,completed,-29
LoadAware,2831,3037662008,892278,891232,4294966250,completed,-29
LoadAware,2832,3037662008,892378,891410,4294966328,completed,-29
LoadAware,2833,3037662008,892581,891513,4294966228,completed,-29
LoadAware,2834,3037662008,892681,891620,4294966235,completed,-29
LoadAware,2835,3037662008,892781,891722,4294966237,completed,-29
LoadAware,2836,3037662008,892881,891824,4294966239,completed,-29
LoadAware,2837,3037662008,892981,891927,4294966242,completed,-29
LoadAware,2838,3037662008,893081,892030,4294966245,completed,-29
LoadAware,2839,3037662008,893181,892132,4294966247,completed,-29
LoadAware,2840,3037662008,893281,892235,4294966250,completed,-29
LoadAware,2841,3037662008,893381,892412,4294966327,completed,-29
LoadAware,2842,3037662008,893582,892519,4294966233,completed,-29
LoadAware,2843,3037662008,893682,892622,4294966236,completed,-29
LoadAware,2844,3037662008,893782,892724,4294966238,completed,-29
LoadAware,2845,3037662008,893882,892827,4294966241,completed,-29
LoadAware,2846,3037662008,893982,892930,4294966244,completed,-29
LoadAware,2847,3037662008,894082,893033,4294966247,completed,-29
LoadAware,2848,3037662008,894182,893135,4294966249,completed,-29
LoadAware,2849,3037662008,894282,893238,4294966252,completed,-29
LoadAware,2850,3037662008,894382,893413,4294966327,completed,-29
LoadAware,2851,3037662008,894584,893516,4294966228,completed,-29
LoadAware,2852,3037662008,894684,893622,4294966234,completed,-29
LoadAware,2853,3037662008,894784,893725,4294966237,completed,-29
LoadAware,2854,3037662008,894884,893828,4294966240,completed,-29
LoadAware,2855,3037662008,894984,893931,4294966243,completed,-29
LoadAware,2856,3037662008,895084,894034,4294966246,completed,-29
LoadAware,2857,3037662008,895184,894137,4294966249,completed,-29
LoadAware,2858,3037662008,895284,894239,4294966251,completed,-29
LoadAware,2859,3037662008,895384,894416,4294966328,completed,-29
LoadAware,2860,3037662008,895579,894518,4294966235,completed,-29
LoadAware,2861,3037662008,895679,894620,4294966237,completed,-29
LoadAware,2862,3037662008,895779,894723,4294966240,completed,-29
LoadAware,2863,3037662008,895879,894826,4294966243,completed,-29
LoadAware,2864,3037662008,895979,894929,4294966246,completed,-29
LoadAware,2865,3037662008,896079,895032,4294966249,completed,-29
LoadAware,2866,3037662008,896179,895135,4294966252,completed,-29
LoadAware,2867,3037662008,896279,895238,4294966255,completed,-29
LoadAware,2868,3037662008,896379,895340,4294966257,completed,-29
LoadAware,2869,3037662008,896584,895442,4294966154,completed,-29
LoadAware,2870,3037662008,896684,895545,4294966157,completed,-29
LoadAware,2871,3037662008,896784,895648,4294966160,completed,-29
LoadAware,2872,3037662008,896884,895751,4294966163,completed,-29
LoadAware,2873,3037662008,896984,895854,4294966166,completed,-29
LoadAware,2874,3037662008,897084,895957,4294966169,completed,-29
LoadAware,2875,3037662008,897184,896060,4294966172,completed,-29
LoadAware,2876,3037662008,897284,896163,4294966175,completed,-29
LoadAware,2878,3658959723,897595,894905,4294964606,completed,-12
LoadAware,2879,3658959723,897695,895008,4294964609,completed,-12
LoadAware,2877,3037662008,897384,896264,4294966176,completed,-29
LoadAware,2880,3658959723,897795,895111,4294964612,completed,-12
LoadAware,2881,3658959723,897895,895214,4294964615,completed,-12
LoadAware,2882,3658959723,897995,895317,4294964618,completed,-12
LoadAware,2883,3658959723,898095,895420,4294964621,completed,-12
LoadAware,2884,3658959723,898195,895523,4294964624,completed,-12
LoadAware,2885,3658959723,898295,895640,4294964641,completed,-12
LoadAware,2886,3658959723,898584,895882,4294964594,completed,-12
LoadAware,2887,3658959723,898684,895991,4294964603,completed,-12
LoadAware,2888,3658959723,898784,896094,4294964606,completed,-12
LoadAware,2889,3658959723,898884,896197,4294964609,completed,-12
LoadAware,2890,3658959723,898984,896300,4294964612,completed,-12
LoadAware,2891,3658959723,899084,896403,4294964615,completed,-14
LoadAware,2892,3658959723,899184,896506,4294964618,completed,-14
LoadAware,2893,3658959723,899284,896609,4294964621,completed,-14
LoadAware,2894,3658959723,899384,896712,4294964624,completed,-14
LoadAware,2895,3037662008,899591,898439,4294966144,completed,-27
LoadAware,2896,3037662008,899691,898547,4294966152,completed,-27
LoadAware,2897,3037662008,899791,898664,4294966169,completed,-27
LoadAware,2898,3037662008,899891,898767,4294966172,completed,-27
LoadAware,2899,3037662008,899991,898870,4294966175,completed,-27
LoadAware,2900,3037662008,900091,898973,4294966178,completed,-27
LoadAware,2901,3037662008,900191,899076,4294966181,completed,-27
LoadAware,2902,3037662008,900291,899186,4294966191,completed,-27
LoadAware,2903,3037662008,900586,899425,4294966135,completed,-27
LoadAware,2904,3037662008,900686,899528,4294966138,completed,-27
LoadAware,2905,3037662008,900786,899631,4294966141,completed,-27
LoadAware,2906,3037662008,900886,899734,4294966144,completed,-27
LoadAware,2907,3037662008,900986,899837,4294966147,completed,-27
LoadAware,2908,3037662008,901086,899940,4294966150,completed,-27
LoadAware,2909,3037662008,901186,900042,4294966152,completed,-27
LoadAware,2910,3037662008,901286,900144,4294966154,completed,-27
LoadAware,2911,3037662008,901386,900246,4294966156,completed,-28
LoadAware,2912,3037662008,901588,900428,4294966136,completed,-28
LoadAware,2913,3037662008,901688,900530,4294966138,completed,-28
LoadAware,2914,3037662008,901788,900633,4294966141,completed,-28
LoadAware,2915,3037662008,901888,900736,4294966144,completed,-28
LoadAware,2916,3037662008,901988,900839,4294966147,completed,-28
LoadAware,2917,3037662008,902088,900942,4294966150,completed,-28
LoadAware,2918,3037662008,902188,901045,4294966153,completed,-28
LoadAware,2919,3037662008,902288,901147,4294966155,completed,-28
LoadAware,2920,3037662008,902388,901250,4294966158,completed,-28
LoadAware,2921,3037662008,902597,901437,4294966136,completed,-28
LoadAware,2922,3037662008,902697,901540,4294966139,completed,-28
LoadAware,2923,3037662008,902797,901642,4294966141,completed,-28
LoadAware,2924,3037662008,902897,901745,4294966144,completed,-28
LoadAware,2925,3037662008,902997,901847,4294966146,completed,-28
LoadAware,2926,3037662008,903097,901949,4294966148,completed,-28
LoadAware,2927,3037662008,903197,902052,4294966151,completed,-28
LoadAware,2928,3037662008,903297,902155,4294966154,completed,-30
LoadAware,2929,3037662008,903589,902427,4294966134,completed,-30
LoadAware,2930,3037662008,903689,902529,4294966136,completed,-30
LoadAware,2931,3037662008,903789,902631,4294966138,completed,-30
LoadAware,2932,3037662008,903889,902734,4294966141,completed,-30
LoadAware,2933,3037662008,903989,902837,4294966144,completed,-30
LoadAware,2934,3037662008,904089,902940,4294966147,completed,-30
LoadAware,2935,3037662008,904189,903043,4294966150,completed,-30
LoadAware,2936,3037662008,904289,903146,4294966153,completed,-30
LoadAware,2937,3037662008,904389,903249,4294966156,completed,-30
LoadAware,2938,3037662008,904591,903430,4294966135,completed,-30
LoadAware,2939,3037662008,904691,903532,4294966137,completed,-30
LoadAware,2940,3037662008,904791,903634,4294966139,completed,-30
LoadAware,2941,3037662008,904891,903736,4294966141,completed,-30
LoadAware,2942,3037662008,904991,903839,4294966144,completed,-30
LoadAware,2943,3037662008,905091,903941,4294966146,completed,-30
LoadAware,2944,3037662008,905191,904044,4294966149,completed,-30
LoadAware,2945,3037662008,905291,904146,4294966151,completed,-30
LoadAware,2946,3037662008,905391,904248,4294966153,completed,-30
LoadAware,2947,3037662008,905592,904434,4294966138,completed,-30
LoadAware,2948,3037662008,905692,904536,4294966140,completed,-30
LoadAware,2949,3037662008,905792,904639,4294966143,completed,-30
LoadAware,2950,3037662008,905892,904742,4294966146,completed,-30
LoadAware,2951,3037662008,905992,904845,4294966149,completed,-30
LoadAware,2952,3037662008,906092,904948,4294966152,completed,-30
LoadAware,2953,3037662008,906192,905051,4294966155,completed,-30
LoadAware,2954,3037662008,906292,905162,4294966166,completed,-30
LoadAware,2955,3037662008,906392,905264,4294966168,completed,-30
LoadAware,2956,3037662008,906593,905436,4294966139,completed,-30
LoadAware,2957,3037662008,906693,905539,4294966142,completed,-30
LoadAware,2958,3037662008,906793,905642,4294966145,completed,-30
LoadAware,2959,3037662008,906893,905745,4294966148,completed,-30
LoadAware,2960,3037662008,906993,905848,4294966151,completed,-30
LoadAware,2961,3037662008,907093,905951,4294966154,completed,-30
LoadAware,2962,3037662008,907193,906054,4294966157,completed,-30
LoadAware,2963,3037662008,907293,906157,4294966160,completed,-31
LoadAware,2964,3037662008,907393,906258,4294966161,completed,-31
LoadAware,2965,3658959723,907595,904900,4294964601,completed,-13
LoadAware,2966,3658959723,907695,905009,4294964610,completed,-13
LoadAware,2967,3658959723,907795,905112,4294964613,completed,-13
LoadAware,2968,3658959723,907895,905215,4294964616,completed,-13
LoadAware,2969,3658959723,907995,905317,4294964618,completed,-13
LoadAware,2970,3658959723,908095,905420,4294964621,completed,-13
LoadAware,2971,3658959723,908195,905523,4294964624,completed,-13
LoadAware,2972,3658959723,908295,905626,4294964627,completed,-13
LoadAware,2973,3658959723,908395,905729,4294964630,completed,-13
LoadAware,2974,3658959723,908597,905897,4294964596,completed,-13
LoadAware,2975,3658959723,908697,906000,4294964599,completed,-13
LoadAware,2976,3658959723,908797,906103,4294964602,completed,-13
LoadAware,2977,3658959723,908897,906206,4294964605,completed,-13
LoadAware,2978,3658959723,908997,906309,4294964608,completed,-13
LoadAware,2979,3658959723,909097,906412,4294964611,completed,-13
LoadAware,2980,3658959723,909197,906515,4294964614,completed,-13
LoadAware,2981,3658959723,909297,906618,4294964617,completed,-13
LoadAware,2982,3658959723,909397,906720,4294964619,completed,-13
LoadAware,2983,3037662008,909608,908446,4294966134,completed,-28
LoadAware,2984,3037662008,909708,908548,4294966136,completed,-28
LoadAware,2985,3037662008,909808,908651,4294966139,completed,-28
LoadAware,2986,3037662008,909908,908754,4294966142,completed,-28
LoadAware,2987,3037662008,910008,908857,4294966145,completed,-28
LoadAware,2988,3037662008,910108,908960,4294966148,completed,-28
LoadAware,2989,3037662008,910208,909063,4294966151,completed,-28
LoadAware,2990,3037662008,910308,909172,4294966160,completed,-28
LoadAware,2991,3037662008,910597,909439,4294966138,completed,-28
LoadAware,2992,3037662008,910697,909547,4294966146,completed,-28
LoadAware,2993,3037662008,910797,909650,4294966149,completed,-28
LoadAware,2994,3037662008,910897,909753,4294966152,completed,-28
LoadAware,2995,3037662008,910997,909856,4294966155,completed,-28
LoadAware,2996,3037662008,911097,909958,4294966157,completed,-28
LoadAware,2997,3037662008,911197,910061,4294966160,completed,-28
LoadAware,2998,3037662008,911297,910164,4294966163,completed,-30
LoadAware,2999,3037662008,911397,910265,4294966164,completed,-30
LoadAware,3000,3658959723,911598,908893,4294964591,completed,-12
LoadAware,3001,3658959723,911698,908996,4294964594,completed,-12
LoadAware,3002,3658959723,911798,909099,4294964597,completed,-12
LoadAware,3003,3658959723,911898,909202,4294964600,completed,-12
LoadAware,3004,3658959723,911998,909304,4294964602,completed,-12
LoadAware,3005,3658959723,912098,909407,4294964605,completed,-12
LoadAware,3006,3658959723,912198,909510,4294964608,completed,-12
LoadAware,3007,3658959723,912298,909619,4294964617,completed,-12
LoadAware,3008,3658959723,912398,909892,4294964790,completed,-12
LoadAware,3009,3658959723,912610,909995,4294964681,completed,-12
LoadAware,3010,3658959723,912710,910098,4294964684,completed,-12
LoadAware,3011,3658959723,912811,910201,4294964686,completed,-12
LoadAware,3012,3658959723,912911,910308,4294964693,completed,-12
LoadAware,3013,3658959723,913011,910411,4294964696,completed,-14
LoadAware,3014,3658959723,913111,910512,4294964697,completed,-14
LoadAware,3016,3037662008,913311,912147,4294966132,completed,-30
LoadAware,3015,3658959723,913211,910613,4294964698,completed,-14
LoadAware,3017,3037662008,913601,912442,4294966137,completed,-27
LoadAware,3018,3037662008,913701,912545,4294966140,completed,-27
LoadAware,3019,3037662008,913801,912648,4294966143,completed,-27
LoadAware,3020,3037662008,913901,912751,4294966146,completed,-27
LoadAware,3021,3037662008,914001,912853,4294966148,completed,-27
LoadAware,3022,3037662008,914101,912956,4294966151,completed,-27
LoadAware,3023,3037662008,914201,913059,4294966154,completed,-27
LoadAware,3024,3037662008,914301,913161,4294966156,completed,-27
LoadAware,3025,3037662008,914401,913264,4294966159,completed,-27
LoadAware,3026,3037662008,914609,913448,4294966135,completed,-27
LoadAware,3027,3037662008,914709,913551,4294966138,completed,-27
LoadAware,3028,3037662008,914809,913653,4294966140,completed,-27
LoadAware,3029,3037662008,914909,913756,4294966143,completed,-27
LoadAware,3030,3037662008,915009,913858,4294966145,completed,-27
LoadAware,3031,3037662008,915109,913961,4294966148,completed,-27
LoadAware,3032,3037662008,915209,914063,4294966150,completed,-27
LoadAware,3033,3037662008,915309,914166,4294966153,completed,-31
LoadAware,3034,3037662008,915612,914460,4294966144,completed,-31
LoadAware,3035,3037662008,915712,914562,4294966146,completed,-31
LoadAware,3036,3037662008,915812,914665,4294966149,completed,-31
LoadAware,3037,3037662008,915912,914768,4294966152,completed,-31
LoadAware,3038,3037662008,916012,914870,4294966154,completed,-31
LoadAware,3039,3037662008,916112,914973,4294966157,completed,-31
LoadAware,3040,3037662008,916212,915076,4294966160,completed,-31
LoadAware,3041,3037662008,916312,915178,4294966162,completed,-31
LoadAware,3042,3037662008,916600,915437,4294966133,completed,-31
LoadAware,3043,3037662008,916700,915657,4294966253,completed,-31
LoadAware,3044,3037662008,916800,915760,4294966256,completed,-31
LoadAware,3045,3037662008,916900,915863,4294966259,completed,-31
LoadAware,3046,3037662008,917000,915966,4294966262,completed,-31
LoadAware,3047,3037662008,917100,916069,4294966265,completed,-31
LoadAware,3048,3037662008,917200,916172,4294966268,completed,-30
LoadAware,3051,3658959723,917617,914922,4294964601,completed,-12
LoadAware,3052,3658959723,917717,915038,4294964617,completed,-12
LoadAware,3049,3037662008,917300,916273,4294966269,completed,-30
LoadAware,3053,3658959723,917817,915141,4294964620,completed,-12
LoadAware,3054,3658959723,917917,915244,4294964623,completed,-12
LoadAware,3055,3658959723,918017,915347,4294964626,completed,-12
LoadAware,3056,3658959723,918117,915450,4294964629,completed,-12
LoadAware,3057,3658959723,918218,915553,4294964631,completed,-12
LoadAware,3050,3037662008,917400,916374,4294966270,completed,-30
LoadAware,3058,3658959723,918318,915656,4294964634,completed,-12
LoadAware,3059,3658959723,918614,915926,4294964608,completed,-12
LoadAware,3060,3658959723,918714,916035,4294964617,completed,-12
LoadAware,3061,3658959723,918814,916138,4294964620,completed,-12
LoadAware,3062,3658959723,918914,916241,4294964623,completed,-12
LoadAware,3063,3658959723,919014,916344,4294964626,completed,-14
LoadAware,3064,3658959723,919114,916445,4294964627,completed,-14
LoadAware,3065,3658959723,919214,916547,4294964629,completed,-14
LoadAware,3066,3658959723,919314,916649,4294964631,completed,-14
LoadAware,3067,3037662008,919618,918457,4294966135,completed,-27
LoadAware,3068,3037662008,919718,918560,4294966138,completed,-27
LoadAware,3069,3037662008,919818,918662,4294966140,completed,-27
LoadAware,3070,3037662008,919918,918764,4294966142,completed,-27
LoadAware,3071,3037662008,920018,918867,4294966145,completed,-27
LoadAware,3072,3037662008,920118,918969,4294966147,completed,-27
LoadAware,3073,3037662008,920218,919081,4294966159,completed,-27
LoadAware,3074,3037662008,920318,919190,4294966168,completed,-27
LoadAware,3075,3037662008,920617,919453,4294966132,completed,-27
LoadAware,3076,3037662008,920717,919569,4294966148,completed,-27
LoadAware,3077,3037662008,920817,919672,4294966151,completed,-27
LoadAware,3078,3037662008,920917,919775,4294966154,completed,-27
LoadAware,3079,3037662008,921017,919878,4294966157,completed,-27
LoadAware,3080,3037662008,921117,919987,4294966166,completed,-27
LoadAware,3081,3037662008,921217,920089,4294966168,completed,-27
LoadAware,3082,3037662008,921317,920192,4294966171,completed,-28
LoadAware,3083,3037662008,921617,920456,4294966135,completed,-28
LoadAware,3084,3037662008,921717,920559,4294966138,completed,-28
LoadAware,3085,3037662008,921817,920662,4294966141,completed,-28
LoadAware,3086,3037662008,921917,920764,4294966143,completed,-28
LoadAware,3087,3037662008,922017,920866,4294966145,completed,-28
LoadAware,3088,3037662008,922117,920969,4294966148,completed,-28
LoadAware,3089,3037662008,922217,921071,4294966150,completed,-28
LoadAware,3090,3037662008,922317,921174,4294966153,completed,-28
LoadAware,3091,3037662008,922614,921452,4294966134,completed,-28
LoadAware,3092,3037662008,922714,921560,4294966142,completed,-28
LoadAware,3093,3037662008,922814,921671,4294966153,completed,-28
LoadAware,3094,3037662008,922914,921774,4294966156,completed,-28
LoadAware,3095,3037662008,923014,921877,4294966159,completed,-28
LoadAware,3096,3037662008,923114,921980,4294966162,completed,-28
LoadAware,3097,3037662008,923214,922083,4294966165,completed,-28
LoadAware,3098,3037662008,923314,922186,4294966168,completed,-29
LoadAware,3099,3037662008,923414,922445,4294966327,completed,-29
LoadAware,3100,3037662008,923621,922548,4294966223,completed,-29
LoadAware,3101,3037662008,923722,922651,4294966225,completed,-29
LoadAware,3102,3037662008,923826,922754,4294966224,completed,-29
LoadAware,3103,3037662008,923928,922857,4294966225,completed,-29
LoadAware,3104,3037662008,924032,922960,4294966224,completed,-29
LoadAware,3105,3037662008,924132,923063,4294966227,completed,-29
LoadAware,3106,3037662008,924232,923166,4294966230,completed,-29
LoadAware,3107,3037662008,924332,923269,4294966233,completed,-29
LoadAware,3108,3037662008,924623,923463,4294966136,completed,-29
LoadAware,3109,3037662008,924723,923566,4294966139,completed,-29
LoadAware,3110,3037662008,924823,923669,4294966142,completed,-29
LoadAware,3111,3037662008,924923,923771,4294966144,completed,-29
LoadAware,3112,3037662008,925023,923874,4294966147,completed,-29
LoadAware,3113,3037662008,925123,923977,4294966150,completed,-29
LoadAware,3114,3037662008,925223,924080,4294966153,completed,-29
LoadAware,3115,3037662008,925323,924183,4294966156,completed,-30
LoadAware,3116,3037662008,925620,924459,4294966135,completed,-30
LoadAware,3117,3037662008,925720,924562,4294966138,completed,-30
LoadAware,3118,3037662008,925820,924665,4294966141,completed,-30
LoadAware,3119,3037662008,925920,924768,4294966144,completed,-30
LoadAware,3120,3037662008,926020,924870,4294966146,completed,-30
LoadAware,3121,3037662008,926120,924972,4294966148,completed,-30
LoadAware,3122,3037662008,926220,925074,4294966150,completed,-30
LoadAware,3123,3037662008,926320,925176,4294966152,completed,-30
LoadAware,3124,3037662008,926623,925462,4294966135,completed,-30
LoadAware,3125,3037662008,926723,925565,4294966138,completed,-30
LoadAware,3126,3037662008,926823,925668,4294966141,completed,-30
LoadAware,3127,3037662008,926923,925771,4294966144,completed,-30
LoadAware,3128,3037662008,927023,925874,4294966147,completed,-30
LoadAware,3129,3037662008,927123,925977,4294966150,completed,-30
LoadAware,3130,3037662008,927223,926080,4294966153,completed,-30
LoadAware,3131,3037662008,927323,926183,4294966156,completed,-30
LoadAware,3132,3037662008,927623,926461,4294966134,completed,-30
LoadAware,3133,3037662008,927723,926569,4294966142,completed,-30
LoadAware,3134,3037662008,927823,926672,4294966145,completed,-30
LoadAware,3135,3037662008,927923,926774,4294966147,completed,-30
LoadAware,3136,3037662008,928023,926876,4294966149,completed,-30
LoadAware,3137,3037662008,928123,926979,4294966152,completed,-30
LoadAware,3138,3037662008,928223,927082,4294966155,completed,-30
LoadAware,3139,3037662008,928323,927185,4294966158,completed,-30
LoadAware,3140,3037662008,928625,927464,4294966135,completed,-30
LoadAware,3141,3037662008,928725,927567,4294966138,completed,-30
LoadAware,3142,3037662008,928825,927670,4294966141,completed,-30
LoadAware,3143,3037662008,928925,927772,4294966143,completed,-30
LoadAware,3144,3037662008,929025,927875,4294966146,completed,-30
LoadAware,3145,3037662008,929125,927977,4294966148,completed,-30
LoadAware,3146,3037662008,929225,928080,4294966151,completed,-30
LoadAware,3147,3037662008,929325,928183,4294966154,completed,-29
LoadAware,3148,3037662008,929625,928464,4294966135,completed,-29
LoadAware,3149,3037662008,929725,928566,4294966137,completed,-29
LoadAware,3150,3037662008,929825,928669,4294966140,completed,-29
LoadAware,3151,3037662008,929925,928772,4294966143,completed,-29
LoadAware,3152,3037662008,930025,928875,4294966146,completed,-29
LoadAware,3153,3037662008,930125,928978,4294966149,completed,-29
LoadAware,3154,3037662008,930225,929081,4294966152,completed,-29
LoadAware,3155,3037662008,930325,929183,4294966154,completed,-29
LoadAware,3156,3037662008,930627,929465,4294966134,completed,-29
LoadAware,3157,3037662008,930727,929574,4294966143,completed,-29
LoadAware,3158,3037662008,930827,929676,4294966145,completed,-29
LoadAware,3159,3037662008,930927,929778,4294966147,completed,-29
LoadAware,3160,3037662008,931027,929880,4294966149,completed,-29
LoadAware,3161,3037662008,931127,929983,4294966152,completed,-29
LoadAware,3162,3037662008,931227,930086,4294966155,completed,-29
LoadAware,3163,3037662008,931327,930189,4294966158,completed,-29
LoadAware,3164,3037662008,931626,930465,4294966135,completed,-29
LoadAware,3165,3037662008,931726,930568,4294966138,completed,-29
LoadAware,3166,3037662008,931826,930671,4294966141,completed,-29
LoadAware,3167,3037662008,931926,930774,4294966144,completed,-29
LoadAware,3168,3037662008,932026,930877,4294966147,completed,-29
LoadAware,3169,3037662008,932126,930980,4294966150,completed,-29
LoadAware,3170,3037662008,932226,931082,4294966152,completed,-29
LoadAware,3171,3037662008,932326,931185,4294966155,completed,-29
LoadAware,3172,3037662008,932626,931470,4294966140,completed,-29
LoadAware,3173,3037662008,932726,931579,4294966149,completed,-29
LoadAware,SUMMARY,ALL,0,0,120000,batch_complete,0
----------------,---,---,---,---,---,----------------,---
LoadAware,3174,3037662008,932826,931681,4294966151,completed,-29
LoadAware,3175,3037662008,932926,931784,4294966154,completed,-29
LoadAware,3176,3037662008,939356,938195,4294966135,completed,-29
LoadAware,3177,3037662008,939637,938476,4294966135,completed,-29
LoadAware,3178,3037662008,939737,938579,4294966138,completed,-29
LoadAware,3179,3037662008,939837,938682,4294966141,completed,-29
LoadAware,3180,3037662008,939937,938785,4294966144,completed,-29
LoadAware,3181,3037662008,940037,938888,4294966147,completed,-29
LoadAware,3182,3037662008,940137,938990,4294966149,completed,-29
LoadAware,3183,3037662008,940237,939099,4294966158,completed,-29
LoadAware,3184,3037662008,940337,939202,4294966161,completed,-29
LoadAware,3185,3037662008,940627,939465,4294966134,completed,-29
LoadAware,3186,3037662008,940727,939567,4294966136,completed,-29
LoadAware,3187,3037662008,940827,939670,4294966139,completed,-29
LoadAware,3188,3037662008,940927,939773,4294966142,completed,-29
LoadAware,3189,3037662008,941027,939876,4294966145,completed,-29
LoadAware,3190,3037662008,941127,939978,4294966147,completed,-29
LoadAware,3191,3037662008,941227,940081,4294966150,completed,-29
LoadAware,3194,3658959723,941639,938938,4294964595,completed,-12
LoadAware,3195,3658959723,941739,939041,4294964598,completed,-12
LoadAware,3192,3037662008,941327,940184,4294966153,completed,-28
LoadAware,3196,3658959723,941839,939144,4294964601,completed,-12
LoadAware,3197,3658959723,941939,939246,4294964603,completed,-12
LoadAware,3193,3037662008,941427,940285,4294966154,completed,-28
LoadAware,3198,3658959723,942039,939349,4294964606,completed,-12
LoadAware,3199,3658959723,942139,939452,4294964609,completed,-12
LoadAware,3200,3658959723,942239,939561,4294964618,completed,-12
LoadAware,3201,3658959723,942339,939669,4294964626,completed,-12
LoadAware,3202,3658959723,942639,939937,4294964594,completed,-12
LoadAware,3203,3658959723,942739,940039,4294964596,completed,-12
LoadAware,3204,3658959723,942839,940142,4294964599,completed,-12
LoadAware,3205,3658959723,942939,940245,4294964602,completed,-12
LoadAware,3206,3658959723,943039,940348,4294964605,completed,-14
LoadAware,3208,3037662008,943239,942076,4294966133,completed,-28
LoadAware,3207,3658959723,943139,940449,4294964606,completed,-14
LoadAware,3209,3037662008,943339,942179,4294966136,completed,-26
LoadAware,3210,3037662008,943639,942478,4294966135,completed,-26
LoadAware,3211,3037662008,943739,942581,4294966138,completed,-26
LoadAware,3212,3037662008,943839,942683,4294966140,completed,-26
LoadAware,3213,3037662008,943939,942786,4294966143,completed,-26
LoadAware,3214,3037662008,944039,942888,4294966145,completed,-26
LoadAware,3215,3037662008,944139,942991,4294966148,completed,-26
LoadAware,3216,3037662008,944239,943100,4294966157,completed,-26
LoadAware,3217,3037662008,944339,943203,4294966160,completed,-26
LoadAware,3218,3037662008,944642,943481,4294966135,completed,-26
LoadAware,3219,3037662008,944742,943590,4294966144,completed,-26
LoadAware,3220,3037662008,944842,943704,4294966158,completed,-26
LoadAware,3221,3037662008,944942,943820,4294966174,completed,-26
LoadAware,3222,3037662008,945042,943930,4294966184,completed,-26
LoadAware,3223,3037662008,945142,944033,4294966187,completed,-26
LoadAware,3224,3037662008,945242,944136,4294966190,completed,-26
LoadAware,3225,3037662008,945342,944239,4294966193,completed,-27
LoadAware,3226,3037662008,945643,944482,4294966135,completed,-27
LoadAware,3227,3037662008,945743,944584,4294966137,completed,-27
LoadAware,3228,3037662008,945843,944687,4294966140,completed,-27
LoadAware,3229,3037662008,945943,944790,4294966143,completed,-27
LoadAware,3230,3037662008,946043,944893,4294966146,completed,-27
LoadAware,3231,3037662008,946143,944996,4294966149,completed,-27
LoadAware,3232,3037662008,946243,945098,4294966151,completed,-27
LoadAware,3233,3037662008,946343,945201,4294966154,completed,-27
LoadAware,3234,3037662008,946640,945478,4294966134,completed,-27
LoadAware,3235,3037662008,946740,945587,4294966143,completed,-27
LoadAware,3236,3037662008,946840,945697,4294966153,completed,-27
LoadAware,3237,3037662008,946940,945800,4294966156,completed,-27
LoadAware,3238,3037662008,947040,945903,4294966159,completed,-27
LoadAware,3239,3037662008,947140,946006,4294966162,completed,-27
LoadAware,3240,3037662008,947240,946109,4294966165,completed,-27
LoadAware,3241,3037662008,947340,946212,4294966168,completed,-32
LoadAware,3242,3037662008,947440,946472,4294966328,completed,-32
LoadAware,3243,3037662008,947648,946575,4294966223,completed,-32
LoadAware,3244,3037662008,947749,946678,4294966225,completed,-32
LoadAware,3245,3037662008,947852,946781,4294966225,completed,-32
LoadAware,3246,3037662008,947956,946884,4294966224,completed,-32
LoadAware,3247,3037662008,948058,946987,4294966225,completed,-32
LoadAware,3248,3037662008,948161,947090,4294966225,completed,-32
LoadAware,3249,3037662008,948261,947199,4294966234,completed,-32
LoadAware,3250,3037662008,948361,947301,4294966236,completed,-32
LoadAware,3251,3037662008,948644,947481,4294966133,completed,-32
LoadAware,3252,3037662008,948744,947584,4294966136,completed,-32
LoadAware,3253,3037662008,948844,947686,4294966138,completed,-32
LoadAware,3254,3037662008,948944,947789,4294966141,completed,-32
LoadAware,3255,3037662008,949044,947891,4294966143,completed,-32
LoadAware,3256,3037662008,949144,947994,4294966146,completed,-32
LoadAware,3257,3037662008,949244,948097,4294966149,completed,-32
LoadAware,3258,3037662008,949344,948200,4294966152,completed,-28
LoadAware,3259,3037662008,949444,948476,4294966328,completed,-28
LoadAware,3260,3037662008,949648,948579,4294966227,completed,-28
LoadAware,3261,3037662008,949748,948685,4294966233,completed,-28
LoadAware,3262,3037662008,949848,948787,4294966235,completed,-28
LoadAware,3263,3037662008,949948,948889,4294966237,completed,-28
LoadAware,3264,3037662008,950048,948991,4294966239,completed,-28
LoadAware,3265,3037662008,950148,949094,4294966242,completed,-28
LoadAware,3266,3037662008,950248,949197,4294966245,completed,-28
LoadAware,3267,3037662008,950348,949299,4294966247,completed,-28
LoadAware,3268,3037662008,950648,949498,4294966146,completed,-28
LoadAware,3269,3037662008,950748,949601,4294966149,completed,-28
LoadAware,3270,3037662008,950848,949704,4294966152,completed,-28
LoadAware,3271,3037662008,950948,949807,4294966155,completed,-28
LoadAware,3272,3037662008,951048,949909,4294966157,completed,-28
LoadAware,3273,3037662008,951148,950012,4294966160,completed,-28
LoadAware,3274,3037662008,951248,950115,4294966163,completed,-28
LoadAware,3275,3037662008,951348,950217,4294966165,completed,-28
LoadAware,3276,3037662008,951449,950481,4294966328,completed,-28
LoadAware,3277,3037662008,951653,950584,4294966227,completed,-28
LoadAware,3278,3037662008,951753,950689,4294966232,completed,-28
LoadAware,3279,3037662008,951853,950792,4294966235,completed,-28
LoadAware,3280,3037662008,951953,950895,4294966238,completed,-28
LoadAware,3281,3037662008,952053,950998,4294966241,completed,-28
LoadAware,3282,3037662008,952153,951101,4294966244,completed,-28
LoadAware,3283,3037662008,952253,951203,4294966246,completed,-28
LoadAware,3284,3037662008,952353,951306,4294966249,completed,-28
LoadAware,3285,3037662008,952656,951495,4294966135,completed,-28
LoadAware,3286,3037662008,952756,951598,4294966138,completed,-28
LoadAware,3287,3037662008,952856,951700,4294966140,completed,-28
LoadAware,3288,3037662008,952956,951803,4294966143,completed,-28
LoadAware,3289,3037662008,953056,951905,4294966145,completed,-28
LoadAware,3290,3037662008,953156,952008,4294966148,completed,-28
LoadAware,3291,3037662008,953256,952111,4294966151,completed,-28
LoadAware,3292,3037662008,953356,952214,4294966154,completed,-31
LoadAware,3293,3037662008,953659,952499,4294966136,completed,-31
LoadAware,3294,3037662008,953759,952602,4294966139,completed,-31
LoadAware,3295,3037662008,953859,952704,4294966141,completed,-31
LoadAware,3296,3037662008,953959,952807,4294966144,completed,-31
LoadAware,3297,3037662008,954059,952910,4294966147,completed,-31
LoadAware,3298,3037662008,954159,953013,4294966150,completed,-31
LoadAware,3299,3037662008,954259,953122,4294966159,completed,-31
LoadAware,3300,3037662008,954359,953231,4294966168,completed,-31
LoadAware,3301,3037662008,954658,953496,4294966134,completed,-31
LoadAware,3302,3037662008,954758,953605,4294966143,completed,-31
LoadAware,3303,3037662008,954858,953708,4294966146,completed,-31
LoadAware,3304,3037662008,954958,953811,4294966149,completed,-31
LoadAware,3305,3037662008,955058,953914,4294966152,completed,-31
LoadAware,3306,3037662008,955158,954016,4294966154,completed,-31
LoadAware,3307,3037662008,955258,954118,4294966156,completed,-31
LoadAware,3308,3037662008,955358,954221,4294966159,completed,-29
LoadAware,3309,3037662008,955657,954495,4294966134,completed,-29
LoadAware,3310,3037662008,955757,954598,4294966137,completed,-29
LoadAware,3311,3037662008,955857,954700,4294966139,completed,-29
LoadAware,3312,3037662008,955957,954803,4294966142,completed,-29
LoadAware,3313,3037662008,956057,954906,4294966145,completed,-29
LoadAware,3314,3037662008,956157,955009,4294966148,completed,-29
LoadAware,3315,3037662008,956257,955117,4294966156,completed,-29
LoadAware,3316,3037662008,956357,955220,4294966159,completed,-29
LoadAware,3317,3037662008,956659,955497,4294966134,completed,-29
LoadAware,3318,3037662008,956759,955605,4294966142,completed,-29
LoadAware,3319,3037662008,956859,955707,4294966144,completed,-29
LoadAware,3320,3037662008,956959,955810,4294966147,completed,-29
LoadAware,3321,3037662008,957059,955912,4294966149,completed,-29
LoadAware,3322,3037662008,957159,956014,4294966151,completed,-29
LoadAware,3323,3037662008,957259,956117,4294966154,completed,-29
LoadAware,3324,3037662008,957359,956220,4294966157,completed,-28
LoadAware,3325,3037662008,957661,956500,4294966135,completed,-28
LoadAware,3326,3037662008,957761,956602,4294966137,completed,-28
LoadAware,3327,3037662008,957861,956704,4294966139,completed,-28
LoadAware,3328,3037662008,957961,956807,4294966142,completed,-28
LoadAware,3329,3037662008,958061,956910,4294966145,completed,-28
LoadAware,3330,3037662008,958161,957013,4294966148,completed,-28
LoadAware,3331,3037662008,958261,957116,4294966151,completed,-28
LoadAware,3332,3037662008,958361,957219,4294966154,completed,-28
LoadAware,3333,3037662008,958662,957500,4294966134,completed,-28
LoadAware,3334,3037662008,958762,957609,4294966143,completed,-28
LoadAware,3335,3037662008,958862,957712,4294966146,completed,-28
LoadAware,3336,3037662008,958962,957815,4294966149,completed,-28
LoadAware,3337,3037662008,959062,957918,4294966152,completed,-28
LoadAware,3338,3037662008,959162,958021,4294966155,completed,-28
LoadAware,3339,3037662008,959262,958124,4294966158,completed,-28
LoadAware,3340,3037662008,959362,958227,4294966161,completed,-31
LoadAware,3341,3037662008,959660,958497,4294966133,completed,-31
LoadAware,3342,3037662008,959760,958606,4294966142,completed,-31
LoadAware,3343,3037662008,959860,958708,4294966144,completed,-31
LoadAware,3344,3037662008,959960,958810,4294966146,completed,-31
LoadAware,3345,3037662008,960060,958912,4294966148,completed,-31
LoadAware,3346,3037662008,960160,959014,4294966150,completed,-31
LoadAware,3347,3037662008,960260,959124,4294966160,completed,-31
LoadAware,3348,3037662008,960360,959226,4294966162,completed,-31
LoadAware,3349,3037662008,960460,959492,4294966328,completed,-31
LoadAware,3350,3037662008,960665,959595,4294966226,completed,-31
LoadAware,3351,3037662008,960765,959698,4294966229,completed,-31
LoadAware,3352,3037662008,960865,959804,4294966235,completed,-31
LoadAware,3353,3037662008,960965,959907,4294966238,completed,-31
LoadAware,3354,3037662008,961065,960010,4294966241,completed,-31
LoadAware,3355,3037662008,961165,960113,4294966244,completed,-31
LoadAware,3356,3037662008,961265,960215,4294966246,completed,-28
LoadAware,3358,3658959723,961664,958961,4294964593,completed,-12
LoadAware,3359,3658959723,961764,959070,4294964602,completed,-12
LoadAware,3357,3037662008,961365,960316,4294966247,completed,-28
LoadAware,3360,3658959723,961864,959173,4294964605,completed,-12
LoadAware,3361,3658959723,961965,959275,4294964606,completed,-12
LoadAware,3362,3658959723,962065,959378,4294964609,completed,-12
LoadAware,3363,3658959723,962165,959481,4294964612,completed,-12
LoadAware,3364,3658959723,962265,959592,4294964623,completed,-12
LoadAware,3365,3658959723,962365,959695,4294964626,completed,-12
LoadAware,3366,3658959723,962667,959964,4294964593,completed,-12
LoadAware,3367,3658959723,962767,960072,4294964601,completed,-12
LoadAware,3368,3658959723,962867,960175,4294964604,completed,-12
LoadAware,3369,3658959723,962967,960278,4294964607,completed,-12
LoadAware,3370,3658959723,963067,960381,4294964610,completed,-13
LoadAware,3371,3658959723,963167,960484,4294964613,completed,-13
LoadAware,3372,3658959723,963267,960587,4294964616,completed,-13
LoadAware,3373,3658959723,963367,960690,4294964619,completed,-13
LoadAware,3374,3037662008,963668,962507,4294966135,completed,-27
LoadAware,3375,3037662008,963768,962610,4294966138,completed,-27
LoadAware,3376,3037662008,963868,962712,4294966140,completed,-27
LoadAware,3377,3037662008,963968,962815,4294966143,completed,-27
LoadAware,3378,3037662008,964068,962917,4294966145,completed,-27
LoadAware,3379,3037662008,964168,963020,4294966148,completed,-27
LoadAware,3380,3037662008,964268,963129,4294966157,completed,-27
LoadAware,3381,3037662008,964368,963238,4294966166,completed,-27
LoadAware,3382,3037662008,964670,963510,4294966136,completed,-27
LoadAware,3383,3037662008,964770,963613,4294966139,completed,-27
LoadAware,3384,3037662008,964870,963716,4294966142,completed,-27
LoadAware,3385,3037662008,964970,963818,4294966144,completed,-27
LoadAware,3386,3037662008,965070,963921,4294966147,completed,-27
LoadAware,3387,3037662008,965172,964024,4294966148,completed,-27
LoadAware,3388,3037662008,965272,964127,4294966151,completed,-27
LoadAware,3389,3037662008,965372,964230,4294966154,completed,-28
LoadAware,3390,3037662008,965670,964511,4294966137,completed,-28
LoadAware,3391,3037662008,965773,964613,4294966136,completed,-28
LoadAware,3392,3037662008,965873,964716,4294966139,completed,-28
LoadAware,3393,3037662008,965973,964818,4294966141,completed,-28
LoadAware,3394,3037662008,966073,964921,4294966144,completed,-28
LoadAware,3395,3037662008,966173,965024,4294966147,completed,-28
LoadAware,3396,3037662008,966273,965133,4294966156,completed,-28
LoadAware,3397,3037662008,966373,965235,4294966158,completed,-28
LoadAware,3398,3037662008,966675,965513,4294966134,completed,-28
LoadAware,3399,3037662008,966775,965621,4294966142,completed,-28
LoadAware,3400,3037662008,966875,965724,4294966145,completed,-28
LoadAware,3401,3037662008,966975,965827,4294966148,completed,-28
LoadAware,3402,3037662008,967075,965930,4294966151,completed,-28
LoadAware,3403,3037662008,967175,966033,4294966154,completed,-28
LoadAware,3404,3037662008,967275,966135,4294966156,completed,-28
LoadAware,3405,3037662008,967375,966238,4294966159,completed,-28
LoadAware,3406,3037662008,967671,966510,4294966135,completed,-28
LoadAware,3407,3037662008,967771,966613,4294966138,completed,-28
LoadAware,3408,3037662008,967871,966716,4294966141,completed,-28
LoadAware,3409,3037662008,967971,966818,4294966143,completed,-28
LoadAware,3410,3037662008,968071,966921,4294966146,completed,-28
LoadAware,3411,3037662008,968171,967024,4294966149,completed,-28
LoadAware,3412,3037662008,968271,967127,4294966152,completed,-28
LoadAware,3413,3037662008,968371,967230,4294966155,completed,-28
LoadAware,3414,3037662008,968471,967502,4294966327,completed,-28
LoadAware,3415,3037662008,968675,967605,4294966226,completed,-28
LoadAware,3416,3037662008,968775,967708,4294966229,completed,-28
LoadAware,3417,3037662008,968875,967811,4294966232,completed,-28
LoadAware,3418,3037662008,968975,967914,4294966235,completed,-28
LoadAware,3419,3037662008,969075,968016,4294966237,completed,-28
LoadAware,3420,3037662008,969175,968119,4294966240,completed,-28
LoadAware,3421,3037662008,969275,968222,4294966243,completed,-29
LoadAware,3422,3037662008,969375,968325,4294966246,completed,-29
LoadAware,3423,3658959723,969680,966977,4294964593,completed,-11
LoadAware,3424,3658959723,969780,967080,4294964596,completed,-11
LoadAware,3425,3658959723,969880,967183,4294964599,completed,-11
LoadAware,3426,3658959723,969980,967286,4294964602,completed,-11
LoadAware,3427,3658959723,970080,967389,4294964605,completed,-11
LoadAware,3428,3658959723,970180,967492,4294964608,completed,-11
LoadAware,3429,3658959723,970280,967601,4294964617,completed,-11
LoadAware,3430,3658959723,970380,967723,4294964639,completed,-11
LoadAware,3431,3658959723,970678,967975,4294964593,completed,-11
LoadAware,3432,3658959723,970778,968078,4294964596,completed,-11
LoadAware,3433,3658959723,970878,968180,4294964598,completed,-11
LoadAware,3434,3658959723,970978,968283,4294964601,completed,-11
LoadAware,3435,3658959723,971078,968386,4294964604,completed,-14
LoadAware,3436,3658959723,971178,968489,4294964607,completed,-14
LoadAware,3437,3658959723,971278,968592,4294964610,completed,-14
LoadAware,3438,3658959723,971378,968695,4294964613,completed,-14
LoadAware,3439,3037662008,971678,970532,4294966150,completed,-28
LoadAware,3440,3037662008,971778,970641,4294966159,completed,-28
LoadAware,3441,3037662008,971878,970751,4294966169,completed,-28
LoadAware,3442,3037662008,971978,970854,4294966172,completed,-28
LoadAware,3443,3037662008,972078,970957,4294966175,completed,-28
LoadAware,3444,3037662008,972178,971060,4294966178,completed,-28
LoadAware,3445,3037662008,972278,971180,4294966198,completed,-28
LoadAware,3446,3037662008,972378,971283,4294966201,completed,-28
LoadAware,3447,3037662008,972677,971516,4294966135,completed,-28
LoadAware,3448,3037662008,972777,971619,4294966138,completed,-28
LoadAware,3449,3037662008,972877,971722,4294966141,completed,-28
LoadAware,3450,3037662008,972977,971824,4294966143,completed,-28
LoadAware,3451,3037662008,973077,971927,4294966146,completed,-28
LoadAware,3452,3037662008,973177,972030,4294966149,completed,-28
LoadAware,3453,3037662008,975383,974418,4294966331,completed,-28
LoadAware,3455,3658959723,975692,973127,4294964731,completed,-12
LoadAware,3456,3658959723,975792,973236,4294964740,completed,-12
LoadAware,3457,3658959723,975892,973339,4294964743,completed,-12
LoadAware,3458,3658959723,975992,973442,4294964746,completed,-12
LoadAware,3459,3658959723,976092,973545,4294964749,completed,-12
LoadAware,3460,3658959723,976192,973648,4294964752,completed,-12
LoadAware,3461,3658959723,976292,973750,4294964754,completed,-12
LoadAware,3462,3658959723,976579,973876,4294964593,completed,-12
LoadAware,3463,3658959723,976679,973979,4294964596,completed,-12
LoadAware,3464,3658959723,976779,974082,4294964599,completed,-12
LoadAware,3465,3658959723,976879,974184,4294964601,completed,-12
LoadAware,3466,3658959723,976979,974286,4294964603,completed,-12
LoadAware,3467,3658959723,977079,974389,4294964606,completed,-13
LoadAware,3468,3658959723,977179,974492,4294964609,completed,-13
LoadAware,3469,3658959723,977279,974596,4294964613,completed,-13
LoadAware,3470,3658959723,977379,974699,4294964616,completed,-13
LoadAware,3471,3658959723,977600,974897,4294964593,completed,-13
LoadAware,3472,3658959723,977700,975000,4294964596,completed,-13
LoadAware,3473,3658959723,977800,975103,4294964599,completed,-13
LoadAware,3474,3658959723,977900,975206,4294964602,completed,-13
LoadAware,3475,3658959723,978000,975309,4294964605,completed,-13
LoadAware,3476,3658959723,978100,975411,4294964607,completed,-13
LoadAware,3477,3658959723,978200,975514,4294964610,completed,-13
LoadAware,3478,3658959723,978300,975617,4294964613,completed,-13
LoadAware,3479,3658959723,978582,975878,4294964592,completed,-13
LoadAware,3480,3658959723,978682,976027,4294964641,completed,-13
LoadAware,3481,3658959723,978782,976130,4294964644,completed,-13
LoadAware,3482,3658959723,978882,976233,4294964647,completed,-13
LoadAware,3483,3658959723,978982,976335,4294964649,completed,-13
LoadAware,3484,3658959723,979082,976438,4294964652,completed,-14
LoadAware,3485,3658959723,979182,976539,4294964653,completed,-14
LoadAware,3486,3658959723,979282,976640,4294964654,completed,-14
LoadAware,3487,3658959723,979382,976743,4294964657,completed,-14
LoadAware,3488,3658959723,979600,976897,4294964593,completed,-14
LoadAware,3489,3658959723,979700,977006,4294964602,completed,-14
LoadAware,3490,3658959723,979800,977109,4294964605,completed,-14
LoadAware,3491,3658959723,979900,977212,4294964608,completed,-14
LoadAware,3492,3658959723,980000,977314,4294964610,completed,-14
LoadAware,3493,3658959723,980100,977417,4294964613,completed,-14
LoadAware,3494,3658959723,980200,977520,4294964616,completed,-14
LoadAware,3495,3658959723,980300,977623,4294964619,completed,-14
LoadAware,3496,3658959723,980583,977881,4294964594,completed,-14
LoadAware,3454,3658959723,980593,977990,4294964693,completed,-14
LoadAware,3497,3658959723,980683,978093,4294964706,completed,-14
LoadAware,3498,3658959723,980783,978196,4294964709,completed,-14
LoadAware,3499,3658959723,980883,978299,4294964712,completed,-14
LoadAware,3500,3658959723,980983,978402,4294964715,completed,-14
LoadAware,3501,3658959723,981083,978505,4294964718,completed,-14
LoadAware,3502,3658959723,981183,978608,4294964721,completed,-14
LoadAware,3503,3658959723,981283,978711,4294964724,completed,-14
LoadAware,3504,3658959723,981383,978812,4294964725,completed,-14
LoadAware,3505,3658959723,981595,978924,4294964625,completed,-14
LoadAware,3506,3658959723,981695,979040,4294964641,completed,-14
LoadAware,3507,3658959723,981795,979143,4294964644,completed,-14
LoadAware,3508,3658959723,981895,979246,4294964647,completed,-14
LoadAware,3509,3658959723,981995,979349,4294964650,completed,-14
LoadAware,3510,3658959723,982095,979452,4294964653,completed,-14
LoadAware,3511,3658959723,982195,979555,4294964656,completed,-14
LoadAware,3512,3658959723,982295,979658,4294964659,completed,-14
LoadAware,3513,3658959723,982590,979887,4294964593,completed,-14
LoadAware,3514,3658959723,982690,979990,4294964596,completed,-14
LoadAware,3515,3658959723,982790,980093,4294964599,completed,-14
LoadAware,3516,3658959723,982890,980196,4294964602,completed,-14
LoadAware,3517,3658959723,982990,980299,4294964605,completed,-14
LoadAware,3518,3658959723,983090,980402,4294964608,completed,-12
LoadAware,3519,3658959723,983190,980505,4294964611,completed,-12
LoadAware,3520,3658959723,983290,980608,4294964614,completed,-12
LoadAware,3521,3658959723,983392,980891,4294964795,completed,-12
LoadAware,3522,3658959723,983595,980994,4294964695,completed,-12
LoadAware,3523,3658959723,983695,981097,4294964698,completed,-12
LoadAware,3524,3658959723,983795,981199,4294964700,completed,-12
LoadAware,3525,3658959723,983895,981302,4294964703,completed,-12
LoadAware,3526,3658959723,983995,981405,4294964706,completed,-12
LoadAware,3527,3658959723,984095,981507,4294964708,completed,-12
LoadAware,3528,3658959723,984195,981610,4294964711,completed,-12
LoadAware,3529,3658959723,984295,981713,4294964714,completed,-12
LoadAware,3530,3658959723,984395,981885,4294964786,completed,-12
LoadAware,3531,3658959723,984596,981988,4294964688,completed,-12
LoadAware,3532,3658959723,984697,982091,4294964690,completed,-12
LoadAware,3533,3658959723,984797,982194,4294964693,completed,-12
LoadAware,3534,3658959723,984897,982297,4294964696,completed,-12
LoadAware,3535,3658959723,984997,982399,4294964698,completed,-13
LoadAware,3536,3658959723,985097,982502,4294964701,completed,-13
LoadAware,3537,3658959723,985197,982605,4294964704,completed,-13
LoadAware,3538,3658959723,985297,982708,4294964707,completed,-13
LoadAware,3539,3658959723,985397,982893,4294964792,completed,-13
LoadAware,3540,3658959723,985601,983000,4294964695,completed,-13
LoadAware,3541,3658959723,985701,983103,4294964698,completed,-13
LoadAware,3542,3658959723,985801,983206,4294964701,completed,-13
LoadAware,3543,3658959723,985901,983309,4294964704,completed,-13
LoadAware,3544,3658959723,986001,983412,4294964707,completed,-13
LoadAware,3545,3658959723,986101,983515,4294964710,completed,-13
LoadAware,3546,3658959723,986201,983618,4294964713,completed,-13
LoadAware,3547,3658959723,986301,983720,4294964715,completed,-13
LoadAware,3548,3658959723,986601,983907,4294964602,completed,-13
LoadAware,3549,3658959723,986701,984016,4294964611,completed,-13
LoadAware,3550,3658959723,986801,984118,4294964613,completed,-13
LoadAware,3551,3658959723,986901,984221,4294964616,completed,-13
LoadAware,3552,3658959723,987001,984324,4294964619,completed,-13
LoadAware,3553,3658959723,987101,984427,4294964622,completed,-13
LoadAware,3554,3658959723,987201,984529,4294964624,completed,-13
LoadAware,3555,3658959723,987301,984631,4294964626,completed,-13
LoadAware,3556,3658959723,987600,984901,4294964597,completed,-13
LoadAware,3557,3658959723,987700,985010,4294964606,completed,-13
LoadAware,3558,3658959723,987800,985113,4294964609,completed,-13
LoadAware,3559,3658959723,987900,985216,4294964612,completed,-13
LoadAware,3560,3658959723,988000,985319,4294964615,completed,-13
LoadAware,3561,3658959723,988100,985422,4294964618,completed,-13
LoadAware,3562,3658959723,988200,985525,4294964621,completed,-13
LoadAware,3563,3658959723,988300,985628,4294964624,completed,-13
LoadAware,3564,3658959723,988400,985891,4294964787,completed,-13
LoadAware,3565,3658959723,988605,985995,4294964686,completed,-13
LoadAware,3566,3658959723,988705,986098,4294964689,completed,-13
LoadAware,3567,3658959723,988805,986201,4294964692,completed,-13
LoadAware,3568,3658959723,988905,986304,4294964695,completed,-13
LoadAware,3569,3658959723,989005,986407,4294964698,completed,-13
LoadAware,3570,3658959723,989105,986509,4294964700,completed,-13
LoadAware,3571,3658959723,989205,986611,4294964702,completed,-13
LoadAware,3572,3658959723,989305,986714,4294964705,completed,-13
LoadAware,3573,3658959723,989603,986902,4294964595,completed,-13
LoadAware,3574,3658959723,989703,987004,4294964597,completed,-13
LoadAware,3575,3658959723,989803,987106,4294964599,completed,-13
LoadAware,3576,3658959723,989903,987209,4294964602,completed,-13
LoadAware,3577,3658959723,990003,987312,4294964605,completed,-13
LoadAware,3578,3658959723,990103,987415,4294964608,completed,-13
LoadAware,3579,3658959723,990203,987518,4294964611,completed,-13
LoadAware,3580,3658959723,990303,987621,4294964614,completed,-13
LoadAware,3581,3658959723,990403,987894,4294964787,completed,-13
LoadAware,3582,0,990612,0,0,lost,0
LoadAware,3583,3658959723,992815,990306,4294964787,completed,-13
LoadAware,3584,3658959723,993013,990553,4294964836,completed,-15
LoadAware,3585,3658959723,993121,990825,4294965000,completed,-15
LoadAware,3586,3658959723,993221,991100,4294965175,completed,-15
LoadAware,3587,3658959723,993321,991377,4294965352,completed,-15
LoadAware,3588,3658959723,993421,991479,4294965354,completed,-15
LoadAware,3589,3658959723,993521,991649,4294965424,completed,-15
LoadAware,3590,3658959723,993621,991925,4294965600,completed,-15
LoadAware,3591,3658959723,993721,992308,4294965883,completed,-15
LoadAware,3592,3658959723,994011,992477,4294965762,completed,-12
LoadAware,3593,3658959723,994111,992579,4294965764,completed,-12
LoadAware,3594,3658959723,994211,992749,4294965834,completed,-12
LoadAware,3609,3658959723,995815,993310,4294964791,completed,-12
LoadAware,3610,3658959723,996017,993578,4294964857,completed,-12
LoadAware,3611,3658959723,996117,993680,4294964859,completed,-12
LoadAware,3612,3658959723,996217,993782,4294964861,completed,-12
LoadAware,3613,3658959723,996317,993884,4294964863,completed,-12
LoadAware,3614,3658959723,996417,993986,4294964865,completed,-12
LoadAware,3615,3658959723,996517,994088,4294964867,completed,-12
LoadAware,3616,3658959723,996617,994190,4294964869,completed,-12
LoadAware,3617,3658959723,996717,994291,4294964870,completed,-12
LoadAware,3618,3658959723,996820,994393,4294964869,completed,-13
LoadAware,3619,3658959723,997022,994494,4294964768,completed,-13
LoadAware,3620,3658959723,997122,994596,4294964770,completed,-13
LoadAware,3621,3658959723,997222,994698,4294964772,completed,-13
LoadAware,3622,3658959723,997322,994800,4294964774,completed,-13
LoadAware,3623,3658959723,997422,994902,4294964776,completed,-13
LoadAware,3624,3658959723,997522,995004,4294964778,completed,-13
LoadAware,3625,3658959723,997622,995106,4294964780,completed,-13
LoadAware,3626,3658959723,997722,995211,4294964785,completed,-13
LoadAware,3627,3658959723,997822,995315,4294964789,completed,-13
LoadAware,3628,3658959723,998017,995418,4294964697,completed,-13
LoadAware,3629,3658959723,998117,995520,4294964699,completed,-13
LoadAware,3630,3658959723,998217,995622,4294964701,completed,-13
LoadAware,3631,3658959723,998317,995725,4294964704,completed,-13
LoadAware,3632,3658959723,998417,995827,4294964706,completed,-13
LoadAware,3633,3658959723,998517,995930,4294964709,completed,-13
LoadAware,3634,3658959723,998617,996033,4294964712,completed,-13
LoadAware,3635,3658959723,998717,996136,4294964715,completed,-13
LoadAware,3636,3658959723,998817,996237,4294964716,completed,-13
LoadAware,3637,3658959723,999026,996401,4294964671,completed,-13
LoadAware,3638,3658959723,999126,996503,4294964673,completed,-13
LoadAware,3639,3658959723,999226,996610,4294964680,completed,-13
LoadAware,3595,3658959723,999312,996713,4294964697,completed,-13
LoadAware,3640,3658959723,999326,996816,4294964786,completed,-13
LoadAware,3596,3658959723,999412,996919,4294964803,completed,-13
LoadAware,3641,3658959723,999428,997022,4294964890,completed,-13
LoadAware,3597,3658959723,999512,997125,4294964909,completed,-13
LoadAware,3642,3658959723,999531,997227,4294964992,completed,-13
LoadAware,3598,3658959723,999621,997330,4294965005,completed,-13
LoadAware,3643,3658959723,999635,997433,4294965094,completed,-13
LoadAware,3599,3658959723,999712,997536,4294965120,completed,-13
LoadAware,3644,3658959723,999739,997639,4294965196,completed,-13
LoadAware,3600,3658959723,999812,997742,4294965226,completed,-13
LoadAware,3645,3658959723,1000026,997845,4294965115,completed,-13
LoadAware,3601,3658959723,1000028,997948,4294965216,completed,-13
LoadAware,3602,3658959723,1000116,998051,4294965231,completed,-13
LoadAware,3646,3658959723,1000126,998154,4294965324,completed,-13
LoadAware,3603,3658959723,1000216,998256,4294965336,completed,-13
LoadAware,3647,3658959723,1000226,998359,4294965429,completed,-13
LoadAware,3604,3658959723,1000316,998462,4294965442,completed,-11
LoadAware,3648,3658959723,1000326,998565,4294965535,completed,-11
LoadAware,3605,3658959723,1000416,998670,4294965550,completed,-11
LoadAware,3649,3658959723,1000426,998778,4294965648,completed,-11
LoadAware,3606,3658959723,1000516,998881,4294965661,completed,-11
LoadAware,3650,3658959723,1000526,998984,4294965754,completed,-11
LoadAware,3607,3658959723,1000616,999087,4294965767,completed,-11
LoadAware,3651,3658959723,1000626,999190,4294965860,completed,-11
LoadAware,3608,3658959723,1000716,999292,4294965872,completed,-11
LoadAware,3652,3658959723,1000726,999395,4294965965,completed,-11
LoadAware,3653,3658959723,1000826,999501,4294965971,completed,-11
LoadAware,3654,3658959723,1001029,999603,4294965870,completed,-11
LoadAware,3655,3658959723,1001129,999706,4294965873,completed,-11
LoadAware,3656,3658959723,1001229,999809,4294965876,completed,-11
LoadAware,3657,3658959723,1001329,999912,4294965879,completed,-11
LoadAware,3658,3658959723,1001429,1000015,4294965882,completed,-11
LoadAware,3659,3658959723,1001529,1000121,4294965888,completed,-11
LoadAware,3660,3658959723,1001629,1000225,4294965892,completed,-11
LoadAware,3661,3658959723,1001729,1000330,4294965897,completed,-11
LoadAware,3662,3658959723,1001829,1000433,4294965900,completed,-14
LoadAware,3663,3658959723,1002030,1000536,4294965802,completed,-14
LoadAware,3664,3658959723,1002130,1000639,4294965805,completed,-14
LoadAware,3665,3658959723,1002230,1000742,4294965808,completed,-14
LoadAware,3666,3658959723,1002330,1000845,4294965811,completed,-14
LoadAware,3667,3658959723,1002430,1000948,4294965814,completed,-14
LoadAware,3668,3658959723,1002530,1001051,4294965817,completed,-14
LoadAware,3678,3037662008,1003631,1002865,4294966530,completed,-26
LoadAware,3679,3037662008,1003731,1002974,4294966539,completed,-26
LoadAware,3669,3658959723,1002630,1001153,4294965819,completed,-14
LoadAware,3680,3037662008,1003831,1003077,4294966542,completed,-26
LoadAware,3681,3037662008,1004032,1003180,4294966444,completed,-26
LoadAware,3682,3037662008,1004132,1003283,4294966447,completed,-26
LoadAware,3670,3658959723,1002730,1001254,4294965820,completed,-14
LoadAware,3683,3037662008,1004232,1003386,4294966450,completed,-26
LoadAware,3684,3037662008,1004332,1003489,4294966453,completed,-26
LoadAware,3671,3658959723,1002833,1001356,4294965819,completed,-14
LoadAware,3685,3037662008,1004432,1003592,4294966456,completed,-26
LoadAware,3672,3658959723,1003030,1001458,4294965724,completed,-14
LoadAware,3686,3037662008,1004532,1003695,4294966459,completed,-26
LoadAware,3687,3037662008,1004632,1003797,4294966461,completed,-26
LoadAware,3688,3037662008,1004732,1003898,4294966462,completed,-26
LoadAware,3689,3037662008,1004836,1004000,4294966460,completed,-26
LoadAware,3673,3658959723,1003130,1001559,4294965725,completed,-14
LoadAware,3690,3037662008,1005042,1004103,4294966357,completed,-26
LoadAware,3691,3037662008,1005142,1004206,4294966360,completed,-28
LoadAware,3674,3658959723,1003230,1001661,4294965727,completed,-14
LoadAware,3692,3037662008,1005242,1004308,4294966362,completed,-28
LoadAware,3693,3037662008,1005342,1004411,4294966365,completed,-28
LoadAware,3694,3037662008,1005442,1004514,4294966368,completed,-28
LoadAware,3695,3037662008,1005542,1004617,4294966371,completed,-28
LoadAware,3675,3658959723,1003330,1001762,4294965728,completed,-14
LoadAware,3696,3037662008,1005642,1004720,4294966374,completed,-28
LoadAware,3676,3658959723,1003430,1001864,4294965730,completed,-14
LoadAware,3697,3037662008,1005742,1004822,4294966376,completed,-28
LoadAware,3677,3658959723,1003530,1001966,4294965732,completed,-14
LoadAware,3698,3037662008,1006038,1004924,4294966182,completed,-28
LoadAware,3699,3037662008,1006138,1005027,4294966185,completed,-28
LoadAware,3700,3037662008,1006238,1005130,4294966188,completed,-28
LoadAware,3702,3658959723,1006438,1003735,4294964593,completed,-12
LoadAware,3701,3037662008,1006338,1005233,4294966191,completed,-28
LoadAware,3703,3658959723,1006538,1003838,4294964596,completed,-12
LoadAware,3704,3658959723,1006638,1003945,4294964603,completed,-12
LoadAware,3705,3658959723,1006738,1004330,4294964888,completed,-12
LoadAware,3706,3658959723,1006838,1004445,4294964903,completed,-13
LoadAware,3707,3658959723,1007035,1004548,4294964809,completed,-13
LoadAware,3708,3658959723,1007135,1004651,4294964812,completed,-13
LoadAware,3709,3658959723,1007235,1004754,4294964815,completed,-13
LoadAware,3712,3037662008,1007535,1006373,4294966134,completed,-28
LoadAware,3713,3037662008,1007635,1006476,4294966137,completed,-28
LoadAware,3710,3658959723,1007335,1004857,4294964818,completed,-13
LoadAware,3714,3037662008,1007735,1006578,4294966139,completed,-28
LoadAware,3715,3037662008,1007835,1006681,4294966142,completed,-28
LoadAware,3711,3658959723,1007435,1004959,4294964820,completed,-13
LoadAware,3716,3037662008,1008040,1006885,4294966141,completed,-28
LoadAware,3717,3037662008,1010251,1009285,4294966330,completed,-27
LoadAware,3718,3037662008,1010460,1009388,4294966224,completed,-27
LoadAware,3719,3037662008,1010562,1009491,4294966225,completed,-27
LoadAware,3720,3037662008,1010665,1009594,4294966225,completed,-27
LoadAware,3721,3037662008,1010768,1009697,4294966225,completed,-27
LoadAware,3722,3037662008,1010870,1009800,4294966226,completed,-27
LoadAware,3723,3037662008,1010970,1009903,4294966229,completed,-27
LoadAware,3724,3037662008,1011070,1010006,4294966232,completed,-27
LoadAware,3725,3037662008,1011170,1010109,4294966235,completed,-27
LoadAware,3726,3037662008,1011452,1010293,4294966137,completed,-29
LoadAware,3727,3037662008,1011552,1010395,4294966139,completed,-29
LoadAware,3728,3037662008,1011652,1010498,4294966142,completed,-29
LoadAware,3729,3037662008,1011752,1010601,4294966145,completed,-29
LoadAware,3730,3037662008,1011852,1010704,4294966148,completed,-29
LoadAware,3731,3037662008,1011952,1010807,4294966151,completed,-29
LoadAware,3732,3037662008,1012052,1010910,4294966154,completed,-29
LoadAware,3733,3037662008,1012152,1011013,4294966157,completed,-29
LoadAware,3734,3037662008,1012252,1011115,4294966159,completed,-29
LoadAware,3735,3037662008,1012457,1011296,4294966135,completed,-29
LoadAware,3736,3037662008,1012557,1011399,4294966138,completed,-29
LoadAware,3737,3037662008,1012657,1011502,4294966141,completed,-29
LoadAware,3738,3037662008,1012757,1011605,4294966144,completed,-29
LoadAware,3739,3037662008,1012857,1011707,4294966146,completed,-29
LoadAware,3740,3037662008,1012957,1011810,4294966149,completed,-29
LoadAware,3741,3037662008,1013057,1011913,4294966152,completed,-29
LoadAware,3742,3037662008,1013157,1012015,4294966154,completed,-29
LoadAware,3743,3037662008,1013257,1012288,4294966327,completed,-29
LoadAware,3744,3037662008,1013458,1012391,4294966229,completed,-29
LoadAware,3745,3037662008,1013558,1012498,4294966236,completed,-29
LoadAware,3746,3037662008,1013658,1012601,4294966239,completed,-29
LoadAware,3747,3037662008,1013758,1012704,4294966242,completed,-29
LoadAware,3748,3037662008,1013858,1012807,4294966245,completed,-29
LoadAware,3749,3037662008,1013958,1012910,4294966248,completed,-29
LoadAware,3750,3037662008,1014058,1013013,4294966251,completed,-29
LoadAware,3751,3037662008,1014158,1013116,4294966254,completed,-29
LoadAware,3752,3037662008,1014259,1013303,4294966340,completed,-29
LoadAware,3753,3037662008,1014465,1013406,4294966237,completed,-29
LoadAware,3754,3037662008,1014565,1013508,4294966239,completed,-29
LoadAware,3755,3037662008,1014665,1013611,4294966242,completed,-29
LoadAware,3756,3037662008,1014765,1013713,4294966244,completed,-29
LoadAware,3757,3037662008,1014865,1013816,4294966247,completed,-29
LoadAware,3758,3037662008,1014965,1013919,4294966250,completed,-29
LoadAware,3759,3037662008,1015065,1014022,4294966253,completed,-29
LoadAware,3760,3037662008,1015165,1014125,4294966256,completed,-29
LoadAware,3761,3037662008,1015459,1014300,4294966137,completed,-27
LoadAware,3762,3037662008,1015559,1014403,4294966140,completed,-27
LoadAware,3763,3037662008,1015659,1014505,4294966142,completed,-27
LoadAware,3764,3037662008,1015759,1014608,4294966145,completed,-27
LoadAware,3765,3037662008,1015859,1014711,4294966148,completed,-27
LoadAware,3766,3037662008,1015959,1014814,4294966151,completed,-27
LoadAware,3767,3037662008,1016059,1014917,4294966154,completed,-27
LoadAware,3768,3037662008,1016159,1015020,4294966157,completed,-27
LoadAware,3769,3037662008,1016259,1015292,4294966329,completed,-27
LoadAware,3770,3037662008,1016462,1015402,4294966236,completed,-27
LoadAware,3771,3037662008,1016562,1015512,4294966246,completed,-27
LoadAware,3772,3037662008,1016662,1015622,4294966256,completed,-27
LoadAware,3773,3037662008,1016762,1015725,4294966259,completed,-27
LoadAware,3774,3037662008,1016862,1015828,4294966262,completed,-27
LoadAware,3775,3037662008,1016962,1015931,4294966265,completed,-27
LoadAware,3776,3037662008,1017062,1016034,4294966268,completed,-27
LoadAware,3777,3037662008,1017162,1016137,4294966271,completed,-27
LoadAware,3778,3037662008,1017262,1016294,4294966328,completed,-31
LoadAware,3779,3037662008,1017464,1016397,4294966229,completed,-31
LoadAware,3780,3658959723,1017564,1014860,4294964592,completed,-12
LoadAware,3781,3658959723,1017664,1014962,4294964594,completed,-12
LoadAware,3782,3658959723,1017764,1015065,4294964597,completed,-12
LoadAware,3783,3658959723,1017864,1015168,4294964600,completed,-12
LoadAware,3784,3658959723,1017964,1015271,4294964603,completed,-12
LoadAware,3785,3658959723,1018064,1015374,4294964606,completed,-12
LoadAware,3786,3658959723,1018164,1015477,4294964609,completed,-12
LoadAware,3787,3658959723,1018264,1015753,4294964785,completed,-12
LoadAware,3788,3658959723,1018464,1015862,4294964694,completed,-12
LoadAware,3789,3658959723,1018564,1015965,4294964697,completed,-12
LoadAware,3790,3658959723,1018664,1016068,4294964700,completed,-12
LoadAware,3791,3658959723,1018764,1016171,4294964703,completed,-12
LoadAware,3792,3658959723,1018864,1016274,4294964706,completed,-12
LoadAware,3793,3658959723,1018964,1016377,4294964709,completed,-12
LoadAware,3794,3658959723,1019064,1016480,4294964712,completed,-13
LoadAware,3795,3658959723,1019164,1016583,4294964715,completed,-13
LoadAware,3796,3037662008,1019267,1018298,4294966327,completed,-27
LoadAware,3797,3037662008,1019468,1018401,4294966229,completed,-27
LoadAware,3798,3037662008,1019568,1018507,4294966235,completed,-27
LoadAware,3799,3037662008,1019668,1018609,4294966237,completed,-27
LoadAware,3800,3037662008,1019768,1018712,4294966240,completed,-27
LoadAware,3801,3037662008,1019868,1018815,4294966243,completed,-27
LoadAware,3802,3037662008,1019968,1018918,4294966246,completed,-27
LoadAware,3803,3037662008,1020068,1019021,4294966249,completed,-27
LoadAware,3804,3037662008,1020168,1019124,4294966252,completed,-27
LoadAware,3805,3037662008,1020268,1019300,4294966328,completed,-27
LoadAware,3806,3037662008,1020470,1019403,4294966229,completed,-27
LoadAware,3807,3037662008,1020570,1019506,4294966232,completed,-27
LoadAware,3808,3037662008,1020670,1019609,4294966235,completed,-27
LoadAware,3809,3037662008,1020770,1019712,4294966238,completed,-27
LoadAware,3810,3037662008,1020870,1019815,4294966241,completed,-27
LoadAware,3811,3037662008,1020970,1019918,4294966244,completed,-27
LoadAware,3812,3037662008,1021070,1020021,4294966247,completed,-27
LoadAware,3813,3037662008,1021170,1020124,4294966250,completed,-27
LoadAware,3814,3037662008,1021270,1020302,4294966328,completed,-27
LoadAware,3815,3037662008,1021472,1020405,4294966229,completed,-27
LoadAware,3816,3037662008,1021572,1020511,4294966235,completed,-27
LoadAware,3817,3037662008,1021672,1020613,4294966237,completed,-27
LoadAware,3818,3037662008,1021772,1020715,4294966239,completed,-27
LoadAware,3819,3037662008,1021872,1020818,4294966242,completed,-27
LoadAware,3820,3037662008,1021972,1020921,4294966245,completed,-27
LoadAware,3821,3037662008,1022072,1021024,4294966248,completed,-27
LoadAware,3822,3037662008,1022172,1021127,4294966251,completed,-27
LoadAware,3823,3037662008,1022272,1021305,4294966329,completed,-27
LoadAware,3824,3037662008,1022476,1021408,4294966228,completed,-27
LoadAware,3825,3037662008,1022576,1021515,4294966235,completed,-27
LoadAware,3826,3037662008,1022676,1021618,4294966238,completed,-27
LoadAware,3827,3037662008,1022776,1021721,4294966241,completed,-27
LoadAware,3828,3037662008,1022876,1021824,4294966244,completed,-27
LoadAware,3829,3037662008,1022976,1021927,4294966247,completed,-27
LoadAware,3830,3037662008,1023076,1022030,4294966250,completed,-27
LoadAware,3831,3037662008,1023176,1022133,4294966253,completed,-27
LoadAware,3832,3037662008,1023472,1022318,4294966142,completed,-29
LoadAware,3833,3037662008,1023572,1022421,4294966145,completed,-29
LoadAware,3834,3037662008,1023672,1022524,4294966148,completed,-29
LoadAware,3835,3037662008,1023772,1022627,4294966151,completed,-29
LoadAware,3836,3037662008,1023872,1022729,4294966153,completed,-29
LoadAware,3837,3037662008,1023972,1022832,4294966156,completed,-29
LoadAware,3838,3037662008,1024072,1022934,4294966158,completed,-29
LoadAware,3839,3037662008,1024172,1023037,4294966161,completed,-29
LoadAware,3840,3037662008,1024272,1023306,4294966330,completed,-29
LoadAware,3841,3037662008,1024475,1023409,4294966230,completed,-29
LoadAware,3842,3037662008,1024575,1023515,4294966236,completed,-29
LoadAware,3843,3037662008,1024675,1023618,4294966239,completed,-29
LoadAware,3844,3037662008,1024775,1023720,4294966241,completed,-29
LoadAware,3845,3037662008,1024875,1023823,4294966244,completed,-29
LoadAware,3846,3037662008,1024975,1023926,4294966247,completed,-29
LoadAware,3847,3037662008,1025075,1024029,4294966250,completed,-29
LoadAware,3848,3037662008,1025175,1024132,4294966253,completed,-29
LoadAware,3849,3037662008,1025275,1024309,4294966330,completed,-28
LoadAware,3850,3037662008,1025478,1024411,4294966229,completed,-28
LoadAware,3851,3037662008,1027686,1026725,4294966335,completed,-28
LoadAware,3852,3037662008,1027890,1027199,4294966605,completed,-28
LoadAware,3853,3037662008,1027990,1027472,4294966778,completed,-28
LoadAware,3854,3037662008,1028090,1027749,4294966955,completed,-28
LoadAware,3855,3037662008,1028190,1027851,4294966957,completed,-28
LoadAware,3856,3037662008,1028290,1028026,4294967032,completed,-28
LoadAware,3857,3037662008,1028390,1028129,4294967035,completed,-28
LoadAware,3858,3037662008,1028490,1028232,4294967038,completed,-29
LoadAware,3859,3037662008,1028590,1028334,4294967040,completed,-29
LoadAware,3860,3037662008,1028690,1028437,4294967043,completed,-29
LoadAware,3868,3658959723,1029584,1026881,4294964593,completed,-12
LoadAware,3869,3658959723,1029684,1026984,4294964596,completed,-12
LoadAware,3861,3037662008,1028884,1028539,4294966951,completed,-29
LoadAware,3870,3658959723,1029895,1027200,4294964601,completed,-12
LoadAware,3871,3658959723,1029995,1027303,4294964604,completed,-12
LoadAware,3872,3658959723,1030095,1027406,4294964607,completed,-12
LoadAware,3862,3037662008,1028984,1028641,4294966953,completed,-29
LoadAware,3873,3658959723,1030195,1027509,4294964610,completed,-12
LoadAware,3874,3658959723,1030295,1027612,4294964613,completed,-12
LoadAware,3863,3037662008,1029084,1028742,4294966954,completed,-29
LoadAware,3864,3037662008,1029184,1028844,4294966956,completed,-29
LoadAware,3875,3658959723,1030395,1027715,4294964616,completed,-12
LoadAware,3876,3658959723,1030495,1027818,4294964619,completed,-12
LoadAware,3877,3658959723,1030595,1027921,4294964622,completed,-12
LoadAware,3865,3037662008,1029284,1028945,4294966957,completed,-29
LoadAware,3878,3658959723,1030887,1028184,4294964593,completed,-12
LoadAware,3879,3658959723,1030987,1028287,4294964596,completed,-12
LoadAware,3866,3037662008,1029384,1029046,4294966958,completed,-29
LoadAware,3880,3658959723,1031087,1028391,4294964600,completed,-13
LoadAware,3881,3658959723,1031187,1028494,4294964603,completed,-13
LoadAware,3882,3658959723,1031287,1028597,4294964606,completed,-13
LoadAware,3867,3037662008,1029484,1029148,4294966960,completed,-29
LoadAware,3883,3658959723,1031387,1028700,4294964609,completed,-13
LoadAware,3884,3658959723,1031487,1028803,4294964612,completed,-13
LoadAware,3885,3658959723,1031587,1028906,4294964615,completed,-13
LoadAware,3886,3658959723,1031687,1029009,4294964618,completed,-13
LoadAware,3887,3037662008,1031900,1030739,4294966135,completed,-26
LoadAware,3888,3037662008,1032000,1030842,4294966138,completed,-26
LoadAware,3889,3037662008,1032100,1030945,4294966141,completed,-26
LoadAware,3890,3037662008,1032200,1031048,4294966144,completed,-26
LoadAware,3891,3037662008,1032300,1031151,4294966147,completed,-26
LoadAware,3892,3037662008,1032400,1031253,4294966149,completed,-26
LoadAware,3893,3037662008,1032500,1031356,4294966152,completed,-26
LoadAware,3894,3037662008,1032600,1031459,4294966155,completed,-26
LoadAware,3895,3037662008,1032892,1031733,4294966137,completed,-26
LoadAware,3896,3037662008,1032992,1031841,4294966145,completed,-26
LoadAware,3897,3037662008,1033092,1031943,4294966147,completed,-26
LoadAware,3898,3037662008,1033192,1032046,4294966150,completed,-26
LoadAware,3899,3037662008,1033292,1032149,4294966153,completed,-26
LoadAware,3900,3037662008,1033392,1032252,4294966156,completed,-28
LoadAware,3901,3037662008,1033492,1032355,4294966159,completed,-28
LoadAware,3902,3037662008,1033596,1032458,4294966158,completed,-28
LoadAware,3903,3037662008,1033696,1032728,4294966328,completed,-28
LoadAware,3904,3037662008,1033896,1032837,4294966237,completed,-28
LoadAware,3905,3037662008,1033996,1032940,4294966240,completed,-28
LoadAware,3906,3037662008,1034096,1033043,4294966243,completed,-28
LoadAware,3907,3037662008,1034196,1033146,4294966246,completed,-28
LoadAware,3908,3037662008,1034296,1033249,4294966249,completed,-28
LoadAware,3909,3037662008,1034396,1033352,4294966252,completed,-28
LoadAware,3910,3037662008,1034496,1033455,4294966255,completed,-28
LoadAware,3911,3037662008,1034596,1033558,4294966258,completed,-28
LoadAware,3912,3037662008,1034696,1033728,4294966328,completed,-28
LoadAware,3913,3037662008,1034897,1033837,4294966236,completed,-28
LoadAware,3914,3037662008,1034997,1033953,4294966252,completed,-28
LoadAware,3915,3037662008,1035097,1034061,4294966260,completed,-28
LoadAware,3916,3037662008,1035197,1034171,4294966270,completed,-28
LoadAware,3919,3658959723,1035497,1032793,4294964592,completed,-12
LoadAware,3917,3037662008,1035297,1034274,4294966273,completed,-28
LoadAware,3920,3658959723,1035606,1032904,4294964594,completed,-12
LoadAware,3918,3037662008,1035397,1034376,4294966275,completed,-28
LoadAware,3921,3658959723,1035902,1033447,4294964841,completed,-12
LoadAware,3922,3658959723,1036002,1033556,4294964850,completed,-12
LoadAware,3923,3658959723,1036102,1033659,4294964853,completed,-12
LoadAware,3924,3658959723,1036202,1033762,4294964856,completed,-12
LoadAware,3925,3658959723,1036302,1033865,4294964859,completed,-12
LoadAware,3926,3658959723,1036402,1033968,4294964862,completed,-12
LoadAware,3927,3658959723,1036502,1034070,4294964864,completed,-12
LoadAware,3928,3658959723,1036602,1034171,4294964865,completed,-12
LoadAware,3929,3658959723,1036702,1034274,4294964868,completed,-12
LoadAware,3930,3658959723,1036898,1034377,4294964775,completed,-12
LoadAware,3934,3037662008,1037298,1036136,4294966134,completed,-28
LoadAware,3931,3658959723,1036998,1034480,4294964778,completed,-13
LoadAware,3935,3037662008,1037398,1036239,4294966137,completed,-28
LoadAware,3936,3037662008,1037498,1036342,4294966140,completed,-28
LoadAware,3932,3658959723,1037098,1034582,4294964780,completed,-13
LoadAware,3937,3037662008,1037598,1036444,4294966142,completed,-28
LoadAware,3933,3658959723,1037198,1034684,4294964782,completed,-13
LoadAware,3938,3037662008,1037698,1036737,4294966335,completed,-28
LoadAware,3939,3037662008,1037911,1036840,4294966225,completed,-28
LoadAware,3940,3037662008,1038014,1036943,4294966225,completed,-28
LoadAware,3941,3037662008,1038117,1037046,4294966225,completed,-28
LoadAware,3942,3037662008,1038219,1037149,4294966226,completed,-28
LoadAware,3943,3037662008,1038323,1037252,4294966225,completed,-28
LoadAware,3944,3037662008,1038425,1037355,4294966226,completed,-28
LoadAware,3945,3037662008,1038525,1037458,4294966229,completed,-28
LoadAware,3946,3037662008,1038625,1037561,4294966232,completed,-28
LoadAware,3947,3037662008,1038905,1037746,4294966137,completed,-28
LoadAware,3948,3037662008,1039005,1037849,4294966140,completed,-28
LoadAware,3949,3037662008,1039105,1037951,4294966142,completed,-28
LoadAware,3950,3037662008,1039205,1038054,4294966145,completed,-28
LoadAware,3951,3037662008,1039305,1038157,4294966148,completed,-28
LoadAware,3952,3037662008,1039405,1038260,4294966151,completed,-27
LoadAware,3953,3037662008,1039505,1038361,4294966152,completed,-27
LoadAware,3954,3037662008,1039605,1038464,4294966155,completed,-27
LoadAware,3955,3037662008,1039705,1038738,4294966329,completed,-27
LoadAware,3956,3037662008,1039907,1038847,4294966236,completed,-27
LoadAware,3957,3037662008,1040007,1038958,4294966247,completed,-27
LoadAware,3958,3037662008,1040107,1039060,4294966249,completed,-27
LoadAware,3959,3037662008,1040210,1039162,4294966248,completed,-27
LoadAware,3960,3037662008,1040310,1039265,4294966251,completed,-27
LoadAware,3961,3037662008,1040410,1039368,4294966254,completed,-27
LoadAware,3962,3037662008,1040510,1039470,4294966256,completed,-27
LoadAware,3963,3037662008,1040616,1039571,4294966251,completed,-27
LoadAware,3964,3037662008,1040908,1039751,4294966139,completed,-27
LoadAware,3965,3037662008,1041008,1039858,4294966146,completed,-27
LoadAware,3966,3037662008,1041108,1039961,4294966149,completed,-27
LoadAware,3967,3037662008,1041208,1040064,4294966152,completed,-27
LoadAware,3968,3037662008,1041308,1040170,4294966158,completed,-27
LoadAware,3969,3037662008,1041408,1040273,4294966161,completed,-28
LoadAware,3970,3037662008,1041508,1040376,4294966164,completed,-28
LoadAware,3971,3037662008,1041608,1040479,4294966167,completed,-28
LoadAware,3972,3037662008,1041708,1040746,4294966334,completed,-28
LoadAware,3973,3037662008,1041910,1040855,4294966241,completed,-28
LoadAware,3974,3037662008,1042010,1040958,4294966244,completed,-28
LoadAware,3975,3037662008,1042110,1041060,4294966246,completed,-28
LoadAware,3976,3037662008,1042210,1041162,4294966248,completed,-28
LoadAware,3977,3037662008,1042310,1041265,4294966251,completed,-28
LoadAware,3978,3037662008,1042410,1041368,4294966254,completed,-28
LoadAware,3979,3037662008,1042510,1041471,4294966257,completed,-28
LoadAware,3980,3037662008,1042614,1041574,4294966256,completed,-28
LoadAware,3981,3037662008,1042911,1041752,4294966137,completed,-28
LoadAware,3982,3037662008,1045114,1044145,4294966327,completed,-28
LoadAware,3983,3037662008,1045315,1044323,4294966304,completed,-30
LoadAware,3984,3037662008,1045415,1044426,4294966307,completed,-30
LoadAware,3985,3037662008,1045515,1044529,4294966310,completed,-30
LoadAware,3986,3037662008,1045615,1044632,4294966313,completed,-30
LoadAware,3987,3037662008,1045715,1044735,4294966316,completed,-30
LoadAware,3988,3037662008,1045815,1044838,4294966319,completed,-30
LoadAware,3989,3037662008,1045915,1044941,4294966322,completed,-30
LoadAware,3990,3037662008,1046015,1045044,4294966325,completed,-30
LoadAware,3991,3037662008,1046115,1045146,4294966327,completed,-30
LoadAware,3992,3037662008,1046316,1045249,4294966229,completed,-30
LoadAware,3993,3037662008,1046416,1045355,4294966235,completed,-30
LoadAware,3994,3037662008,1046516,1045458,4294966238,completed,-30
LoadAware,3995,3037662008,1046616,1045560,4294966240,completed,-30
LoadAware,3996,3037662008,1046716,1045663,4294966243,completed,-30
LoadAware,3997,3037662008,1046816,1045766,4294966246,completed,-30
LoadAware,3998,3037662008,1046916,1045869,4294966249,completed,-30
LoadAware,3999,3037662008,1047016,1045972,4294966252,completed,-30
LoadAware,4000,3037662008,1047116,1046073,4294966253,completed,-30
LoadAware,4001,3037662008,1047320,1046176,4294966152,completed,-30
LoadAware,4002,3037662008,1047420,1046279,4294966155,completed,-29
LoadAware,4003,3037662008,1047520,1046381,4294966157,completed,-29
LoadAware,4004,3037662008,1047625,1046482,4294966153,completed,-29
LoadAware,4005,3037662008,1047725,1046583,4294966154,completed,-29
LoadAware,4006,3037662008,1047825,1046686,4294966157,completed,-29
LoadAware,4007,3037662008,1047925,1046788,4294966159,completed,-29
LoadAware,4008,3037662008,1048025,1046891,4294966162,completed,-29
LoadAware,4009,3037662008,1048314,1047152,4294966134,completed,-29
LoadAware,4010,3037662008,1048414,1047398,4294966280,completed,-29
LoadAware,4011,3037662008,1048514,1047501,4294966283,completed,-29
LoadAware,4012,3037662008,1048614,1047604,4294966286,completed,-29
LoadAware,4013,3037662008,1048714,1047707,4294966289,completed,-29
LoadAware,4014,3037662008,1048814,1047810,4294966292,completed,-29
LoadAware,4015,3037662008,1048914,1047913,4294966295,completed,-29
LoadAware,4016,3037662008,1049014,1048016,4294966298,completed,-29
LoadAware,4017,3037662008,1049114,1048117,4294966299,completed,-29
LoadAware,4018,3037662008,1049322,1048220,4294966194,completed,-29
LoadAware,4019,3037662008,1049422,1048323,4294966197,completed,-28
LoadAware,4020,3037662008,1049522,1048426,4294966200,completed,-28
LoadAware,4021,3037662008,1049629,1048529,4294966196,completed,-28
LoadAware,4022,3037662008,1049729,1048632,4294966199,completed,-28
LoadAware,4023,3037662008,1049829,1048735,4294966202,completed,-28
LoadAware,4024,3037662008,1049929,1048838,4294966205,completed,-28
LoadAware,4025,3037662008,1050029,1048941,4294966208,completed,-28
LoadAware,4026,3037662008,1050317,1049155,4294966134,completed,-28
LoadAware,4027,3037662008,1050417,1049258,4294966137,completed,-28
LoadAware,4028,3037662008,1050517,1049361,4294966140,completed,-28
LoadAware,4029,3037662008,1050617,1049464,4294966143,completed,-28
LoadAware,4030,3037662008,1050717,1049567,4294966146,completed,-28
LoadAware,4031,3037662008,1050817,1049670,4294966149,completed,-28
LoadAware,4032,3037662008,1050917,1049773,4294966152,completed,-28
LoadAware,4033,3037662008,1051017,1049876,4294966155,completed,-28
LoadAware,4034,3037662008,1051117,1049978,4294966157,completed,-28
LoadAware,4035,3037662008,1051327,1050247,4294966216,completed,-28
LoadAware,4037,3658959723,1051527,1048823,4294964592,completed,-12
LoadAware,4038,3658959723,1051627,1048926,4294964595,completed,-12
LoadAware,4036,3037662008,1051427,1050348,4294966217,completed,-28
LoadAware,4039,3658959723,1051727,1049029,4294964598,completed,-12
LoadAware,4040,3658959723,1051827,1049132,4294964601,completed,-12
LoadAware,4041,3658959723,1051927,1049235,4294964604,completed,-12
LoadAware,4042,3658959723,1052027,1049338,4294964607,completed,-12
LoadAware,4043,3658959723,1052322,1049622,4294964596,completed,-12
LoadAware,4044,3658959723,1052422,1049731,4294964605,completed,-12
LoadAware,4045,3658959723,1052522,1049849,4294964623,completed,-12
LoadAware,4046,3658959723,1052622,1049952,4294964626,completed,-12
LoadAware,4047,3658959723,1052722,1050055,4294964629,completed,-12
LoadAware,4048,3658959723,1052822,1050158,4294964632,completed,-12
LoadAware,4049,3658959723,1052922,1050261,4294964635,completed,-12
LoadAware,4050,3658959723,1053022,1050364,4294964638,completed,-12
LoadAware,4051,3658959723,1053124,1050616,4294964788,completed,-13
LoadAware,4052,3658959723,1053326,1050719,4294964689,completed,-13
LoadAware,4054,3037662008,1053526,1052363,4294966133,completed,-26
LoadAware,4055,3037662008,1053626,1052475,4294966145,completed,-26
LoadAware,4056,3037662008,1053726,1052578,4294966148,completed,-26
LoadAware,4053,3658959723,1053426,1050821,4294964691,completed,-13
LoadAware,4057,3037662008,1053826,1052681,4294966151,completed,-26
LoadAware,4058,3037662008,1053926,1052784,4294966154,completed,-26
LoadAware,4059,3037662008,1054026,1052886,4294966156,completed,-26
LoadAware,4060,3037662008,1054126,1053156,4294966326,completed,-26
LoadAware,4061,3037662008,1054326,1053276,4294966246,completed,-26
LoadAware,4062,3037662008,1054426,1053379,4294966249,completed,-26
LoadAware,4063,3037662008,1054526,1053482,4294966252,completed,-26
LoadAware,4064,3037662008,1054626,1053585,4294966255,completed,-26
LoadAware,4065,3037662008,1054726,1053687,4294966257,completed,-26
LoadAware,4066,3037662008,1054826,1053790,4294966260,completed,-26
LoadAware,4067,3037662008,1054926,1053893,4294966263,completed,-26
LoadAware,4068,3037662008,1055026,1053996,4294966266,completed,-26
LoadAware,4069,3037662008,1055126,1054159,4294966329,completed,-26
LoadAware,4070,3037662008,1055332,1054262,4294966226,completed,-28
LoadAware,4072,3658959723,1055535,1052834,4294964595,completed,-11
LoadAware,4073,3658959723,1055638,1052937,4294964595,completed,-11
LoadAware,4071,3037662008,1055435,1054363,4294966224,completed,-28
LoadAware,4074,3658959723,1055738,1053040,4294964598,completed,-11
LoadAware,4075,3658959723,1055840,1053143,4294964599,completed,-11
LoadAware,4076,3658959723,1055940,1053245,4294964601,completed,-11
LoadAware,4077,3658959723,1056040,1053348,4294964604,completed,-11
LoadAware,4078,3658959723,1056327,1053627,4294964596,completed,-11
LoadAware,4079,3658959723,1056427,1053736,4294964605,completed,-11
LoadAware,4080,3658959723,1056527,1053839,4294964608,completed,-11
LoadAware,4081,3658959723,1056627,1053942,4294964611,completed,-11
LoadAware,4082,3658959723,1056727,1054045,4294964614,completed,-11
LoadAware,4083,3658959723,1056827,1054148,4294964617,completed,-11
LoadAware,4084,3658959723,1056927,1054251,4294964620,completed,-11
LoadAware,4085,3658959723,1057027,1054354,4294964623,completed,-11
LoadAware,4086,3658959723,1057127,1054621,4294964790,completed,-13
LoadAware,4087,3658959723,1057332,1054724,4294964688,completed,-13
LoadAware,4088,3658959723,1057432,1054827,4294964691,completed,-13
LoadAware,4089,3037662008,1057532,1056369,4294966133,completed,-26
LoadAware,4090,3037662008,1057633,1056489,4294966152,completed,-26
LoadAware,4091,3037662008,1057733,1056598,4294966161,completed,-26
LoadAware,4092,3037662008,1057833,1056700,4294966163,completed,-26
LoadAware,4093,3037662008,1057933,1056803,4294966166,completed,-26
LoadAware,4094,3037662008,1058033,1056906,4294966169,completed,-26
LoadAware,4095,3037662008,1058328,1057168,4294966136,completed,-26
LoadAware,4096,3037662008,1058428,1057277,4294966145,completed,-26
LoadAware,4097,3037662008,1058528,1057380,4294966148,completed,-26
LoadAware,4098,3037662008,1058628,1057483,4294966151,completed,-26
LoadAware,4099,3037662008,1058728,1057585,4294966153,completed,-26
LoadAware,4100,3037662008,1058828,1057687,4294966155,completed,-26
LoadAware,4101,3037662008,1058928,1057790,4294966158,completed,-26
LoadAware,4102,3037662008,1059028,1057893,4294966161,completed,-26
LoadAware,SUMMARY,ALL,0,0,120000,batch_complete,0
----------------,---,---,---,---,---,----------------,---
LoadAware,4103,3037662008,1059128,1058163,4294966331,completed,-26
LoadAware,4104,3037662008,1059334,1058266,4294966228,completed,-27
LoadAware,4105,3037662008,1066848,1066343,4294966791,completed,-26
LoadAware,4106,3037662008,1066948,1066565,4294966913,completed,-26
LoadAware,4107,3037662008,1067048,1066668,4294966916,completed,-26
LoadAware,4108,3037662008,1067148,1066771,4294966919,completed,-26
LoadAware,4109,3037662008,1067248,1066874,4294966922,completed,-26
LoadAware,4110,3037662008,1067348,1066977,4294966925,completed,-26
LoadAware,4111,3037662008,1067448,1067080,4294966928,completed,-26
LoadAware,4112,3037662008,1067742,1067183,4294966737,completed,-26
LoadAware,4113,3037662008,1067844,1067286,4294966738,completed,-26
LoadAware,4114,3037662008,1067946,1067389,4294966739,completed,-26
LoadAware,4115,3037662008,1068049,1067490,4294966737,completed,-26
LoadAware,4116,3037662008,1068153,1067592,4294966735,completed,-26
LoadAware,4117,3037662008,1068254,1067695,4294966737,completed,-26
LoadAware,4118,3037662008,1068358,1067798,4294966736,completed,-26
LoadAware,4119,3037662008,1068462,1067901,4294966735,completed,-26
LoadAware,4120,3037662008,1068742,1068004,4294966558,completed,-26
LoadAware,4121,3037662008,1068842,1068107,4294966561,completed,-26
LoadAware,4122,3037662008,1068942,1068210,4294966564,completed,-26
LoadAware,4123,3037662008,1069042,1068313,4294966567,completed,-28
LoadAware,4124,3037662008,1069142,1068415,4294966569,completed,-28
LoadAware,4129,3658959723,1069839,1067135,4294964592,completed,-12
LoadAware,4125,3037662008,1069242,1068516,4294966570,completed,-28
LoadAware,4130,3658959723,1069939,1067244,4294964601,completed,-12
LoadAware,4131,3658959723,1070039,1067347,4294964604,completed,-12
LoadAware,4126,3037662008,1069342,1068618,4294966572,completed,-28
LoadAware,4132,3658959723,1070139,1067450,4294964607,completed,-12
LoadAware,4133,3658959723,1070239,1067553,4294964610,completed,-12
LoadAware,4134,3658959723,1070339,1067656,4294964613,completed,-12
LoadAware,4127,3037662008,1069442,1068719,4294966573,completed,-28
LoadAware,4128,3037662008,1069739,1068821,4294966378,completed,-28
LoadAware,4135,3658959723,1070439,1067759,4294964616,completed,-12
LoadAware,4136,3658959723,1070539,1068065,4294964822,completed,-12
LoadAware,4137,3658959723,1070741,1068168,4294964723,completed,-12
LoadAware,4138,3658959723,1070841,1068271,4294964726,completed,-12
LoadAware,4139,3658959723,1070941,1068374,4294964729,completed,-12
LoadAware,4140,3658959723,1071041,1068477,4294964732,completed,-13
LoadAware,4141,3658959723,1071141,1068580,4294964735,completed,-13
LoadAware,4142,3658959723,1071241,1068683,4294964738,completed,-13
LoadAware,4143,3658959723,1071341,1068786,4294964741,completed,-13
LoadAware,4144,3658959723,1071441,1068889,4294964744,completed,-13
LoadAware,4145,3037662008,1071541,1070573,4294966328,completed,-27
LoadAware,4146,3037662008,1071749,1070681,4294966228,completed,-27
LoadAware,4147,3037662008,1071850,1070784,4294966230,completed,-27
LoadAware,4148,3037662008,1071950,1070887,4294966233,completed,-27
LoadAware,4149,3037662008,1072050,1070990,4294966236,completed,-27
LoadAware,4150,3037662008,1072150,1071093,4294966239,completed,-27
LoadAware,4151,3037662008,1072250,1071196,4294966242,completed,-27
LoadAware,4152,3037662008,1072350,1071299,4294966245,completed,-27
LoadAware,4153,3037662008,1072450,1071402,4294966248,completed,-27
LoadAware,4154,3037662008,1072750,1071608,4294966154,completed,-27
LoadAware,4155,3037662008,1072850,1071718,4294966164,completed,-27
LoadAware,4156,3037662008,1072950,1071829,4294966175,completed,-27
LoadAware,4157,3037662008,1073050,1071932,4294966178,completed,-27
LoadAware,4158,3037662008,1073150,1072035,4294966181,completed,-27
LoadAware,4159,3037662008,1073250,1072138,4294966184,completed,-27
LoadAware,4160,3037662008,1073350,1072241,4294966187,completed,-28
LoadAware,4162,3658959723,1073739,1071046,4294964603,completed,-12
LoadAware,4163,3658959723,1073839,1071155,4294964612,completed,-12
LoadAware,4161,3037662008,1073450,1072342,4294966188,completed,-28
LoadAware,4164,3658959723,1073939,1071258,4294964615,completed,-12
LoadAware,4165,3658959723,1074039,1071361,4294964618,completed,-12
LoadAware,4166,3658959723,1074139,1071464,4294964621,completed,-12
LoadAware,4167,3658959723,1074239,1071567,4294964624,completed,-12
LoadAware,4168,3658959723,1074339,1071670,4294964627,completed,-12
LoadAware,4169,3658959723,1074439,1071773,4294964630,completed,-12
LoadAware,4170,3658959723,1074539,1072035,4294964792,completed,-12
LoadAware,4171,3658959723,1074746,1072138,4294964688,completed,-12
LoadAware,4172,3658959723,1074846,1072242,4294964692,completed,-12
LoadAware,4173,3658959723,1074946,1072345,4294964695,completed,-12
LoadAware,4174,3658959723,1075046,1072448,4294964698,completed,-13
LoadAware,4177,3037662008,1075346,1074183,4294966133,completed,-28
LoadAware,4175,3658959723,1075146,1072551,4294964701,completed,-13
LoadAware,4178,3037662008,1075446,1074292,4294966142,completed,-27
LoadAware,4176,3658959723,1075246,1072653,4294964703,completed,-13
LoadAware,4179,3037662008,1075546,1074578,4294966328,completed,-27
LoadAware,4180,3037662008,1075754,1074681,4294966223,completed,-27
LoadAware,4181,3037662008,1075856,1074784,4294966224,completed,-27
LoadAware,4182,3037662008,1075958,1074887,4294966225,completed,-27
LoadAware,4183,3037662008,1076062,1074990,4294966224,completed,-27
LoadAware,4184,3037662008,1076163,1075093,4294966226,completed,-27
LoadAware,4185,3037662008,1076267,1075196,4294966225,completed,-27
LoadAware,4186,3037662008,1076369,1075299,4294966226,completed,-27
LoadAware,4187,3037662008,1076473,1075402,4294966225,completed,-27
LoadAware,4188,3037662008,1076756,1075595,4294966135,completed,-27
LoadAware,4189,3037662008,1076856,1075698,4294966138,completed,-27
LoadAware,4190,3037662008,1076956,1075801,4294966141,completed,-27
LoadAware,4191,3037662008,1077056,1075904,4294966144,completed,-27
LoadAware,4192,3037662008,1077156,1076007,4294966147,completed,-27
LoadAware,4193,3037662008,1077256,1076110,4294966150,completed,-27
LoadAware,4194,3037662008,1077356,1076213,4294966153,completed,-27
LoadAware,4195,3037662008,1077456,1076316,4294966156,completed,-27
LoadAware,4196,3037662008,1077757,1076596,4294966135,completed,-27
LoadAware,4197,3037662008,1079977,1079008,4294966327,completed,-27
LoadAware,4198,3037662008,1080178,1079126,4294966244,completed,-27
LoadAware,4199,3037662008,1080278,1079229,4294966247,completed,-27
LoadAware,4200,3037662008,1080378,1079332,4294966250,completed,-27
LoadAware,4201,3037662008,1080478,1079435,4294966253,completed,-27
LoadAware,4202,3037662008,1080578,1079537,4294966255,completed,-27
LoadAware,4203,3037662008,1080678,1079640,4294966258,completed,-27
LoadAware,4204,3037662008,1080778,1079743,4294966261,completed,-27
LoadAware,4205,3037662008,1080878,1079846,4294966264,completed,-27
LoadAware,4206,3037662008,1080978,1080011,4294966329,completed,-27
LoadAware,4207,3037662008,1081183,1080114,4294966227,completed,-27
LoadAware,4208,3037662008,1081283,1080217,4294966230,completed,-27
LoadAware,4211,3658959723,1081583,1078879,4294964592,completed,-12
LoadAware,4209,3037662008,1081383,1080320,4294966233,completed,-27
LoadAware,4212,3658959723,1081683,1078990,4294964603,completed,-12
LoadAware,4213,3658959723,1081783,1079093,4294964606,completed,-12
LoadAware,4210,3037662008,1081483,1080421,4294966234,completed,-27
LoadAware,4214,3658959723,1081883,1079196,4294964609,completed,-12
LoadAware,4215,3658959723,1082176,1079618,4294964738,completed,-12
LoadAware,4216,3658959723,1082276,1079727,4294964747,completed,-12
LoadAware,4217,3658959723,1082376,1079837,4294964757,completed,-12
LoadAware,4218,3658959723,1082476,1079940,4294964760,completed,-12
LoadAware,4219,3658959723,1082576,1080043,4294964763,completed,-12
LoadAware,4220,3658959723,1082676,1080146,4294964766,completed,-12
LoadAware,4221,3658959723,1082776,1080249,4294964769,completed,-12
LoadAware,4222,3658959723,1082876,1080352,4294964772,completed,-12
LoadAware,4225,3037662008,1083279,1082118,4294966135,completed,-27
LoadAware,4223,3658959723,1082976,1080454,4294964774,completed,-12
LoadAware,4224,3658959723,1083179,1080556,4294964673,completed,-12
LoadAware,4226,3037662008,1083379,1082220,4294966137,completed,-27
LoadAware,4227,3037662008,1083479,1082323,4294966140,completed,-27
LoadAware,4228,3037662008,1083579,1082425,4294966142,completed,-27
LoadAware,4229,3037662008,1083679,1082528,4294966145,completed,-27
LoadAware,4230,3037662008,1083779,1082631,4294966148,completed,-27
LoadAware,4231,3037662008,1083879,1082734,4294966151,completed,-27
LoadAware,4232,3037662008,1083979,1082836,4294966153,completed,-27
LoadAware,4233,3037662008,1084185,1083033,4294966144,completed,-27
LoadAware,4234,3037662008,1084285,1083142,4294966153,completed,-27
LoadAware,4235,3037662008,1084385,1083245,4294966156,completed,-27
LoadAware,4236,3037662008,1084485,1083348,4294966159,completed,-27
LoadAware,4237,3037662008,1084585,1083451,4294966162,completed,-27
LoadAware,4238,3037662008,1084685,1083554,4294966165,completed,-27
LoadAware,4239,3037662008,1084785,1083657,4294966168,completed,-27
LoadAware,4240,3037662008,1084885,1083760,4294966171,completed,-27
LoadAware,4241,3037662008,1085182,1084022,4294966136,completed,-27
LoadAware,4242,3037662008,1085282,1084131,4294966145,completed,-27
LoadAware,4243,3037662008,1085382,1084233,4294966147,completed,-27
LoadAware,4244,3037662008,1085482,1084336,4294966150,completed,-28
LoadAware,4245,3037662008,1085582,1084438,4294966152,completed,-28
LoadAware,4246,3037662008,1085682,1084541,4294966155,completed,-28
LoadAware,4247,3037662008,1085782,1084644,4294966158,completed,-28
LoadAware,4248,3037662008,1085882,1084747,4294966161,completed,-28
LoadAware,4249,3037662008,1085985,1085017,4294966328,completed,-28
LoadAware,4250,3037662008,1086186,1085120,4294966230,completed,-28
LoadAware,4251,3037662008,1086286,1085226,4294966236,completed,-28
LoadAware,4252,3037662008,1086386,1085329,4294966239,completed,-28
LoadAware,4253,3037662008,1086486,1085431,4294966241,completed,-28
LoadAware,4254,3037662008,1086586,1085534,4294966244,completed,-28
LoadAware,4255,3037662008,1086686,1085637,4294966247,completed,-28
LoadAware,4256,3037662008,1086786,1085740,4294966250,completed,-28
LoadAware,4257,3037662008,1086886,1085843,4294966253,completed,-28
LoadAware,4258,3037662008,1086986,1086020,4294966330,completed,-28
LoadAware,4259,3037662008,1087189,1086122,4294966229,completed,-28
LoadAware,4260,3037662008,1087289,1086230,4294966237,completed,-28
LoadAware,4263,3658959723,1087589,1084885,4294964592,completed,-12
LoadAware,4261,3037662008,1087389,1086333,4294966240,completed,-29
LoadAware,4264,3658959723,1087689,1085003,4294964610,completed,-12
LoadAware,4265,3658959723,1087789,1085106,4294964613,completed,-12
LoadAware,4262,3037662008,1087489,1086434,4294966241,completed,-29
LoadAware,4266,3658959723,1087889,1085209,4294964616,completed,-12
LoadAware,4267,3658959723,1087990,1085490,4294964796,completed,-12
LoadAware,4268,3658959723,1088194,1085593,4294964695,completed,-12
LoadAware,4269,3658959723,1088294,1085696,4294964698,completed,-12
LoadAware,4270,3658959723,1088394,1085799,4294964701,completed,-12
LoadAware,4271,3658959723,1088494,1085902,4294964704,completed,-12
LoadAware,4272,3658959723,1088594,1086005,4294964707,completed,-12
LoadAware,4273,3658959723,1088694,1086108,4294964710,completed,-12
LoadAware,4274,3658959723,1088794,1086211,4294964713,completed,-12
LoadAware,4275,3658959723,1088894,1086313,4294964715,completed,-12
LoadAware,4276,3658959723,1089185,1086483,4294964594,completed,-13
LoadAware,4277,3658959723,1089285,1086585,4294964596,completed,-13
LoadAware,4278,3658959723,1089385,1086687,4294964598,completed,-13
LoadAware,4279,3658959723,1089485,1086790,4294964601,completed,-13
LoadAware,4280,3037662008,1089585,1088423,4294966134,completed,-27
LoadAware,4281,3037662008,1089685,1088526,4294966137,completed,-27
LoadAware,4282,3037662008,1089785,1088629,4294966140,completed,-27
LoadAware,4283,3037662008,1089885,1088732,4294966143,completed,-27
LoadAware,4284,3037662008,1089986,1089023,4294966333,completed,-27
LoadAware,4285,3037662008,1090192,1089126,4294966230,completed,-27
LoadAware,4286,3037662008,1090292,1089229,4294966233,completed,-27
LoadAware,4287,3037662008,1090392,1089332,4294966236,completed,-27
LoadAware,4288,3037662008,1090492,1089435,4294966239,completed,-27
LoadAware,4289,3037662008,1090592,1089538,4294966242,completed,-27
LoadAware,4290,3037662008,1090692,1089641,4294966245,completed,-27
LoadAware,4291,3037662008,1090792,1089744,4294966248,completed,-27
LoadAware,4292,3037662008,1090892,1089847,4294966251,completed,-27
LoadAware,4293,3037662008,1090992,1090024,4294966328,completed,-27
LoadAware,4294,3037662008,1091193,1090127,4294966230,completed,-27
LoadAware,4295,3037662008,1091293,1090229,4294966232,completed,-27
LoadAware,4296,3037662008,1091393,1090371,4294966274,completed,-28
LoadAware,4297,3037662008,1091493,1090474,4294966277,completed,-28
LoadAware,4298,3037662008,1091593,1090577,4294966280,completed,-28
LoadAware,4299,3037662008,1091693,1090680,4294966283,completed,-28
LoadAware,4300,3037662008,1091793,1090783,4294966286,completed,-28
LoadAware,4301,3037662008,1091893,1090886,4294966289,completed,-28
LoadAware,4302,3037662008,1091993,1091025,4294966328,completed,-28
LoadAware,4303,3037662008,1092195,1091128,4294966229,completed,-28
LoadAware,4304,3037662008,1092295,1091235,4294966236,completed,-28
LoadAware,4305,3037662008,1092395,1091338,4294966239,completed,-28
LoadAware,4306,3037662008,1092495,1091441,4294966242,completed,-28
LoadAware,4307,3037662008,1092595,1091544,4294966245,completed,-28
LoadAware,4308,3037662008,1092695,1091647,4294966248,completed,-28
LoadAware,4309,3037662008,1092795,1091749,4294966250,completed,-28
LoadAware,4310,3037662008,1092895,1091852,4294966253,completed,-28
LoadAware,4311,3037662008,1092995,1092027,4294966328,completed,-28
LoadAware,4312,3037662008,1093196,1092130,4294966230,completed,-28
LoadAware,4313,3037662008,1093296,1092236,4294966236,completed,-28
LoadAware,4316,3658959723,1093598,1090895,4294964593,completed,-12
LoadAware,4314,3037662008,1093396,1092339,4294966239,completed,-29
LoadAware,4317,3658959723,1093698,1091003,4294964601,completed,-12
LoadAware,4318,3658959723,1093798,1091117,4294964615,completed,-12
LoadAware,4315,3037662008,1093496,1092441,4294966241,completed,-29
LoadAware,4319,3658959723,1093898,1091220,4294964618,completed,-12
LoadAware,4320,3658959723,1094196,1091496,4294964596,completed,-12
LoadAware,4321,3658959723,1094296,1091605,4294964605,completed,-12
LoadAware,4322,3658959723,1094396,1091708,4294964608,completed,-12
LoadAware,4323,3658959723,1094496,1091811,4294964611,completed,-12
LoadAware,4324,3658959723,1094596,1091914,4294964614,completed,-12
LoadAware,4325,3658959723,1094696,1092017,4294964617,completed,-12
LoadAware,4326,3658959723,1094796,1092120,4294964620,completed,-12
LoadAware,4327,3658959723,1094896,1092223,4294964623,completed,-12
LoadAware,4328,3658959723,1094996,1092326,4294964626,completed,-12
LoadAware,4329,3658959723,1095194,1094683,4294966785,completed,-13
LoadAware,4330,3037662008,1097400,1096434,4294966330,completed,-27
LoadAware,4331,3037662008,1097608,1096571,4294966259,completed,-27
LoadAware,4332,3037662008,1097711,1096674,4294966259,completed,-27
LoadAware,4333,3037662008,1097811,1096777,4294966262,completed,-27
LoadAware,4334,3037662008,1097911,1096880,4294966265,completed,-27
LoadAware,4335,3037662008,1098011,1096983,4294966268,completed,-27
LoadAware,4336,3037662008,1098111,1097091,4294966276,completed,-27
LoadAware,4337,3037662008,1098211,1097194,4294966279,completed,-27
LoadAware,4338,3037662008,1098311,1097297,4294966282,completed,-27
LoadAware,4339,3658959723,1098615,1095914,4294964595,completed,-13
LoadAware,4340,3658959723,1098715,1096021,4294964602,completed,-13
LoadAware,4341,3658959723,1098815,1096124,4294964605,completed,-13
LoadAware,4342,3658959723,1098915,1096227,4294964608,completed,-13
LoadAware,4343,3658959723,1099015,1096330,4294964611,completed,-13
LoadAware,4344,3658959723,1099115,1096433,4294964614,completed,-13
LoadAware,4345,3658959723,1099215,1096536,4294964617,completed,-13
LoadAware,4346,3658959723,1099315,1096639,4294964620,completed,-13
LoadAware,4347,3658959723,1099618,1096916,4294964594,completed,-13
LoadAware,4348,3658959723,1099718,1097026,4294964604,completed,-13
LoadAware,4349,3658959723,1099818,1097129,4294964607,completed,-13
LoadAware,4350,3658959723,1099918,1097232,4294964610,completed,-13
LoadAware,4351,3658959723,1100018,1097335,4294964613,completed,-13
LoadAware,4352,3658959723,1100118,1097438,4294964616,completed,-13
LoadAware,4353,3658959723,1100218,1097541,4294964619,completed,-13
LoadAware,4354,3658959723,1100318,1097644,4294964622,completed,-13
LoadAware,4355,3658959723,1100604,1097904,4294964596,completed,-13
LoadAware,4356,3658959723,1100704,1098013,4294964605,completed,-13
LoadAware,4357,3658959723,1100804,1098119,4294964611,completed,-13
LoadAware,4358,3658959723,1100904,1098222,4294964614,completed,-13
LoadAware,4359,3658959723,1101004,1098325,4294964617,completed,-13
LoadAware,4360,3658959723,1101104,1098429,4294964621,completed,-13
LoadAware,4361,3658959723,1101204,1098531,4294964623,completed,-13
LoadAware,4362,3658959723,1101304,1098633,4294964625,completed,-13
LoadAware,4363,3658959723,1101404,1098735,4294964627,completed,-13
LoadAware,4364,3658959723,1101622,1098921,4294964595,completed,-13
LoadAware,4365,3658959723,1101722,1099029,4294964603,completed,-13
LoadAware,4366,3658959723,1101822,1099139,4294964613,completed,-13
LoadAware,4367,3658959723,1101922,1099242,4294964616,completed,-13
LoadAware,4368,3658959723,1102022,1099345,4294964619,completed,-13
LoadAware,4369,3658959723,1102122,1099448,4294964622,completed,-13
LoadAware,4370,3658959723,1102222,1099551,4294964625,completed,-13
LoadAware,4371,3658959723,1102322,1099654,4294964628,completed,-13
LoadAware,4372,3658959723,1102613,1099910,4294964593,completed,-13
LoadAware,4373,3658959723,1102713,1100013,4294964596,completed,-13
LoadAware,4374,3658959723,1102813,1100116,4294964599,completed,-13
LoadAware,4375,3658959723,1102913,1100219,4294964602,completed,-13
LoadAware,4376,3658959723,1103013,1100322,4294964605,completed,-13
LoadAware,4377,3658959723,1103113,1100425,4294964608,completed,-13
LoadAware,4378,3658959723,1103213,1100528,4294964611,completed,-12
LoadAware,4379,3658959723,1103313,1100631,4294964614,completed,-12
LoadAware,4380,3658959723,1103611,1100910,4294964595,completed,-12
LoadAware,4381,3658959723,1103711,1101013,4294964598,completed,-12
LoadAware,4382,3658959723,1103811,1101116,4294964601,completed,-12
LoadAware,4383,3658959723,1103911,1101219,4294964604,completed,-12
LoadAware,4384,3658959723,1104011,1101322,4294964607,completed,-12
LoadAware,4385,3658959723,1104111,1101425,4294964610,completed,-12
LoadAware,4386,3658959723,1104211,1101528,4294964613,completed,-12
LoadAware,4387,3658959723,1104311,1101631,4294964616,completed,-12
LoadAware,4388,3658959723,1104411,1101901,4294964786,completed,-12
LoadAware,4389,3658959723,1104611,1102004,4294964689,completed,-12
LoadAware,4390,3658959723,1104711,1102107,4294964692,completed,-12
LoadAware,4391,3658959723,1104811,1102210,4294964695,completed,-12
LoadAware,4392,3658959723,1104911,1102313,4294964698,completed,-12
LoadAware,4393,3658959723,1105011,1102416,4294964701,completed,-12
LoadAware,4394,3658959723,1105111,1102519,4294964704,completed,-12
LoadAware,4395,3658959723,1105211,1102621,4294964706,completed,-12
LoadAware,4396,3658959723,1105311,1102724,4294964709,completed,-12
LoadAware,4397,3658959723,1105416,1102912,4294964792,completed,-12
LoadAware,4398,3658959723,1105628,1103029,4294964697,completed,-12
LoadAware,4399,3658959723,1105730,1103132,4294964698,completed,-12
LoadAware,4400,3658959723,1105830,1103235,4294964701,completed,-12
LoadAware,4401,3658959723,1105930,1103338,4294964704,completed,-12
LoadAware,4402,3658959723,1106030,1103441,4294964707,completed,-12
LoadAware,4403,3658959723,1106130,1103544,4294964710,completed,-12
LoadAware,4404,3658959723,1106230,1103647,4294964713,completed,-12
LoadAware,4405,3658959723,1106330,1103749,4294964715,completed,-12
LoadAware,4406,3658959723,1106621,1103920,4294964595,completed,-12
LoadAware,4407,3658959723,1106721,1104023,4294964598,completed,-12
LoadAware,4408,3658959723,1106821,1104126,4294964601,completed,-12
LoadAware,4409,3658959723,1106921,1104229,4294964604,completed,-12
LoadAware,4410,3658959723,1107021,1104332,4294964607,completed,-12
LoadAware,4411,3658959723,1107121,1104435,4294964610,completed,-14
LoadAware,4412,3658959723,1107221,1104537,4294964612,completed,-14
LoadAware,4413,3658959723,1107321,1104639,4294964614,completed,-14
LoadAware,4414,3658959723,1107629,1104927,4294964594,completed,-14
LoadAware,4415,3658959723,1107729,1105039,4294964606,completed,-14
LoadAware,4416,3658959723,1107829,1105142,4294964609,completed,-14
LoadAware,4417,3658959723,1107929,1105245,4294964612,completed,-14
LoadAware,4418,3658959723,1108029,1105348,4294964615,completed,-14
LoadAware,4419,3658959723,1108129,1105451,4294964618,completed,-14
LoadAware,4420,3658959723,1108229,1105554,4294964621,completed,-14
LoadAware,4421,3658959723,1108329,1105657,4294964624,completed,-14
LoadAware,4422,3658959723,1108622,1105920,4294964594,completed,-14
LoadAware,4423,3658959723,1108722,1106029,4294964603,completed,-14
LoadAware,4424,3658959723,1108822,1106132,4294964606,completed,-14
LoadAware,4425,3658959723,1108922,1106235,4294964609,completed,-14
LoadAware,4426,3658959723,1109022,1106338,4294964612,completed,-14
LoadAware,4427,3658959723,1109122,1106441,4294964615,completed,-13
LoadAware,4428,3658959723,1109222,1106543,4294964617,completed,-13
LoadAware,4429,3658959723,1109322,1106645,4294964619,completed,-13
LoadAware,4430,3658959723,1109423,1106919,4294964792,completed,-13
LoadAware,4431,3658959723,1109636,1107028,4294964688,completed,-13
LoadAware,4432,3658959723,1109738,1107131,4294964689,completed,-13
LoadAware,4433,3658959723,1109838,1107234,4294964692,completed,-13
LoadAware,4434,3658959723,1109938,1107337,4294964695,completed,-13
LoadAware,4435,3658959723,1110038,1107440,4294964698,completed,-13
LoadAware,4436,3658959723,1110138,1107543,4294964701,completed,-13
LoadAware,4437,3658959723,1110238,1107646,4294964704,completed,-13
LoadAware,4438,3658959723,1110338,1107748,4294964706,completed,-13
LoadAware,4439,3658959723,1110627,1107927,4294964596,completed,-13
LoadAware,4440,3658959723,1110727,1108030,4294964599,completed,-13
LoadAware,4441,3658959723,1110827,1108133,4294964602,completed,-13
LoadAware,4442,3658959723,1110927,1108237,4294964606,completed,-13
LoadAware,4443,3658959723,1111027,1108340,4294964609,completed,-13
LoadAware,4444,3658959723,1111127,1108443,4294964612,completed,-13
LoadAware,4445,3658959723,1111227,1108545,4294964614,completed,-13
LoadAware,4446,3658959723,1111327,1108647,4294964616,completed,-13
LoadAware,4447,3658959723,1111635,1108939,4294964600,completed,-13
LoadAware,4448,3658959723,1111735,1109048,4294964609,completed,-13
LoadAware,4449,3658959723,1111835,1109151,4294964612,completed,-13
LoadAware,4450,3658959723,1111935,1109254,4294964615,completed,-13
LoadAware,4451,3658959723,1112035,1109357,4294964618,completed,-13
LoadAware,4452,3658959723,1112135,1109460,4294964621,completed,-13
LoadAware,4453,3658959723,1112235,1109563,4294964624,completed,-13
LoadAware,4454,3658959723,1112335,1109666,4294964627,completed,-13
LoadAware,4455,3658959723,1112632,1109930,4294964594,completed,-13
LoadAware,4456,3658959723,1114843,1112337,4294964790,completed,-12
LoadAware,4457,3658959723,1115050,1112542,4294964788,completed,-13
LoadAware,4458,3658959723,1115150,1112645,4294964791,completed,-13
LoadAware,4459,3658959723,1115252,1112748,4294964792,completed,-13
LoadAware,4460,3658959723,1115352,1112851,4294964795,completed,-13
LoadAware,4461,3658959723,1115452,1112954,4294964798,completed,-13
LoadAware,4462,3658959723,1115552,1113057,4294964801,completed,-13
LoadAware,4463,3658959723,1115652,1113160,4294964804,completed,-13
LoadAware,4464,3658959723,1115752,1113262,4294964806,completed,-13
LoadAware,4465,3658959723,1116045,1113364,4294964615,completed,-13
LoadAware,4466,3658959723,1116145,1113467,4294964618,completed,-13
LoadAware,4467,3658959723,1116245,1113570,4294964621,completed,-13
LoadAware,4468,3658959723,1116345,1113673,4294964624,completed,-13
LoadAware,4469,3658959723,1116445,1113776,4294964627,completed,-13
LoadAware,4470,3658959723,1116545,1113879,4294964630,completed,-13
LoadAware,4471,3658959723,1116645,1113982,4294964633,completed,-13
LoadAware,4472,3658959723,1116745,1114085,4294964636,completed,-13
LoadAware,4473,3658959723,1116845,1114188,4294964639,completed,-13
LoadAware,4474,3658959723,1117049,1114347,4294964594,completed,-13
LoadAware,4475,3658959723,1117149,1114450,4294964597,completed,-13
LoadAware,4476,3658959723,1117249,1114553,4294964600,completed,-13
LoadAware,4477,3658959723,1117349,1114656,4294964603,completed,-13
LoadAware,4478,3658959723,1117449,1114759,4294964606,completed,-13
LoadAware,4479,3658959723,1117549,1114862,4294964609,completed,-13
LoadAware,4480,3658959723,1117649,1114965,4294964612,completed,-13
LoadAware,4481,3658959723,1117749,1115068,4294964615,completed,-13
LoadAware,4482,3658959723,1117849,1115340,4294964787,completed,-13
LoadAware,4483,3658959723,1118049,1115446,4294964693,completed,-13
LoadAware,4484,3658959723,1118149,1115602,4294964749,completed,-13
LoadAware,4485,3658959723,1118249,1115711,4294964758,completed,-13
LoadAware,4486,3658959723,1118349,1115814,4294964761,completed,-13
LoadAware,4487,3658959723,1118449,1115917,4294964764,completed,-13
LoadAware,4488,3658959723,1118549,1116020,4294964767,completed,-13
LoadAware,4489,3658959723,1118649,1116123,4294964770,completed,-13
LoadAware,4490,3658959723,1118749,1116226,4294964773,completed,-13
LoadAware,4491,3658959723,1118851,1116342,4294964787,completed,-13
LoadAware,4492,3658959723,1119054,1116452,4294964694,completed,-14
LoadAware,4493,3658959723,1119154,1116554,4294964696,completed,-14
LoadAware,4494,3658959723,1119254,1116657,4294964699,completed,-14
LoadAware,4495,3658959723,1119354,1116760,4294964702,completed,-14
LoadAware,4496,3658959723,1119454,1116863,4294964705,completed,-14
LoadAware,4497,3658959723,1119554,1116966,4294964708,completed,-14
LoadAware,4498,3658959723,1119654,1117069,4294964711,completed,-14
LoadAware,4499,3658959723,1119754,1117171,4294964713,completed,-14
LoadAware,4500,3658959723,1120046,1117345,4294964595,completed,-14
LoadAware,4501,3658959723,1120146,1117448,4294964598,completed,-14
LoadAware,4502,3658959723,1120246,1117550,4294964600,completed,-14
LoadAware,4503,3658959723,1120346,1117652,4294964602,completed,-14
LoadAware,4504,3658959723,1120446,1117755,4294964605,completed,-14
LoadAware,4505,3658959723,1120546,1117858,4294964608,completed,-14
LoadAware,4506,3658959723,1120646,1117961,4294964611,completed,-14
LoadAware,4507,3658959723,1120746,1118064,4294964614,completed,-14
LoadAware,4508,3658959723,1120846,1118167,4294964617,completed,-14
LoadAware,4509,3658959723,1121054,1118369,4294964611,completed,-14
LoadAware,4510,3658959723,1121154,1118472,4294964614,completed,-12
LoadAware,4511,3658959723,1121254,1118574,4294964616,completed,-12
LoadAware,4512,3658959723,1121354,1118677,4294964619,completed,-12
LoadAware,4513,3658959723,1121454,1118780,4294964622,completed,-12
LoadAware,4514,3658959723,1121554,1118883,4294964625,completed,-12
LoadAware,4515,3658959723,1121654,1118986,4294964628,completed,-12
LoadAware,4516,3658959723,1121754,1119089,4294964631,completed,-12
LoadAware,4517,3658959723,1121854,1119347,4294964789,completed,-12
LoadAware,4518,3658959723,1122049,1119543,4294964790,completed,-12
LoadAware,4519,3658959723,1122149,1119646,4294964793,completed,-12
LoadAware,4520,3658959723,1122249,1119749,4294964796,completed,-12
LoadAware,4521,3658959723,1122349,1119851,4294964798,completed,-12
LoadAware,4522,3658959723,1122449,1119954,4294964801,completed,-12
LoadAware,4523,3658959723,1122549,1120057,4294964804,completed,-12
LoadAware,4524,3658959723,1122649,1120160,4294964807,completed,-12
LoadAware,4525,3658959723,1122749,1120262,4294964809,completed,-12
LoadAware,4526,3658959723,1122849,1120365,4294964812,completed,-12
LoadAware,4527,3658959723,1123055,1120467,4294964708,completed,-12
LoadAware,4528,3658959723,1123155,1120570,4294964711,completed,-12
LoadAware,4529,3658959723,1123255,1120673,4294964714,completed,-12
LoadAware,4530,3658959723,1123355,1120776,4294964717,completed,-12
LoadAware,4531,3658959723,1123455,1120879,4294964720,completed,-12
LoadAware,4532,3658959723,1123555,1120982,4294964723,completed,-12
LoadAware,4533,3658959723,1123655,1121085,4294964726,completed,-12
LoadAware,4534,3658959723,1123755,1121188,4294964729,completed,-12
LoadAware,4535,3658959723,1123855,1121289,4294964730,completed,-12
LoadAware,4536,3658959723,1124056,1121391,4294964631,completed,-12
LoadAware,4537,3658959723,1124156,1121493,4294964633,completed,-12
LoadAware,4538,3658959723,1124256,1121596,4294964636,completed,-12
LoadAware,4539,3658959723,1124356,1121699,4294964639,completed,-12
LoadAware,4540,3658959723,1124456,1121802,4294964642,completed,-12
LoadAware,4541,3658959723,1124556,1121905,4294964645,completed,-12
LoadAware,4542,3658959723,1124656,1122008,4294964648,completed,-12
LoadAware,4543,3658959723,1124756,1122111,4294964651,completed,-12
LoadAware,4544,3658959723,1124856,1122348,4294964788,completed,-12
LoadAware,4545,3658959723,1125058,1122457,4294964695,completed,-13
LoadAware,4546,3658959723,1125158,1122560,4294964698,completed,-13
LoadAware,4547,3658959723,1125258,1122663,4294964701,completed,-13
LoadAware,4548,3658959723,1125358,1122766,4294964704,completed,-13
LoadAware,4549,3658959723,1125458,1122869,4294964707,completed,-13
LoadAware,4550,3658959723,1125558,1122971,4294964709,completed,-13
LoadAware,4551,3658959723,1125658,1123074,4294964712,completed,-13
LoadAware,4552,3658959723,1125758,1123176,4294964714,completed,-13
LoadAware,4553,3658959723,1125858,1123350,4294964788,completed,-13
LoadAware,4554,3658959723,1126054,1123594,4294964836,completed,-13
LoadAware,4555,3658959723,1126154,1123697,4294964839,completed,-13
LoadAware,4556,3658959723,1126254,1123800,4294964842,completed,-13
LoadAware,4557,3658959723,1126354,1123903,4294964845,completed,-13
LoadAware,4558,3658959723,1126454,1124006,4294964848,completed,-13
LoadAware,4559,3658959723,1126554,1124109,4294964851,completed,-13
LoadAware,4560,3658959723,1126654,1124212,4294964854,completed,-13
LoadAware,4561,3658959723,1126754,1124313,4294964855,completed,-13
LoadAware,4562,3658959723,1126855,1124416,4294964857,completed,-13
LoadAware,4563,3658959723,1127062,1124519,4294964753,completed,-13
LoadAware,4564,3658959723,1127162,1124621,4294964755,completed,-13
LoadAware,4565,3658959723,1127262,1124724,4294964758,completed,-13
LoadAware,4566,3658959723,1127362,1124827,4294964761,completed,-13
LoadAware,4569,3037662008,1127662,1126541,4294966175,completed,-26
LoadAware,4570,3037662008,1127762,1126657,4294966191,completed,-26
LoadAware,4567,3658959723,1127462,1124930,4294964764,completed,-13
LoadAware,4571,3037662008,1127862,1126895,4294966329,completed,-26
LoadAware,4572,3037662008,1128067,1126998,4294966227,completed,-26
LoadAware,4568,3658959723,1127562,1125032,4294964766,completed,-13
LoadAware,4573,3037662008,1128168,1127101,4294966229,completed,-26
LoadAware,4574,3037662008,1128268,1127204,4294966232,completed,-26
LoadAware,4575,3037662008,1128368,1127307,4294966235,completed,-26
LoadAware,4576,3037662008,1128468,1127410,4294966238,completed,-26
LoadAware,4577,3037662008,1128568,1127513,4294966241,completed,-26
LoadAware,4578,3037662008,1128668,1127616,4294966244,completed,-26
LoadAware,4579,3037662008,1128768,1127719,4294966247,completed,-26
LoadAware,4580,3037662008,1129062,1127904,4294966138,completed,-26
LoadAware,4581,3037662008,1129162,1128007,4294966141,completed,-26
LoadAware,4582,3037662008,1129262,1128110,4294966144,completed,-26
LoadAware,4583,3037662008,1129362,1128213,4294966147,completed,-26
LoadAware,4584,3037662008,1129462,1128316,4294966150,completed,-30
LoadAware,4585,3037662008,1129562,1128418,4294966152,completed,-30
LoadAware,4586,3037662008,1129662,1128521,4294966155,completed,-30
LoadAware,4587,3037662008,1129762,1128624,4294966158,completed,-30
LoadAware,4588,3037662008,1129862,1128726,4294966160,completed,-30
LoadAware,4589,3037662008,1130065,1128906,4294966137,completed,-30
LoadAware,4590,3037662008,1132275,1131310,4294966331,completed,-27
LoadAware,4591,3037662008,1132484,1131412,4294966224,completed,-27
LoadAware,4592,3037662008,1132584,1131616,4294966328,completed,-27
LoadAware,4593,3037662008,1132684,1131866,4294966478,completed,-27
LoadAware,4594,3037662008,1132784,1132310,4294966822,completed,-27
LoadAware,4600,3658959723,1133579,1130876,4294964593,completed,-12
LoadAware,4595,3037662008,1132884,1132413,4294966825,completed,-27
LoadAware,4601,3658959723,1133679,1130986,4294964603,completed,-12
LoadAware,4602,3658959723,1133779,1131089,4294964606,completed,-12
LoadAware,4596,3037662008,1132984,1132515,4294966827,completed,-27
LoadAware,4603,3658959723,1133879,1131192,4294964609,completed,-12
LoadAware,4604,3658959723,1133979,1131295,4294964612,completed,-12
LoadAware,4605,3658959723,1134079,1131398,4294964615,completed,-12
LoadAware,4597,3037662008,1133084,1132617,4294966829,completed,-27
LoadAware,4606,3658959723,1134179,1131501,4294964618,completed,-12
LoadAware,4598,3037662008,1133184,1132718,4294966830,completed,-27
LoadAware,4599,3037662008,1133479,1132820,4294966637,completed,-27
LoadAware,4607,3658959723,1134279,1131795,4294964812,completed,-12
LoadAware,4608,3658959723,1134486,1131904,4294964714,completed,-12
LoadAware,4609,3658959723,1134586,1132019,4294964729,completed,-12
LoadAware,4610,3658959723,1134686,1132128,4294964738,completed,-12
LoadAware,4611,3658959723,1134786,1132231,4294964741,completed,-12
LoadAware,4612,3658959723,1134886,1132334,4294964744,completed,-12
LoadAware,4613,3658959723,1134986,1132437,4294964747,completed,-12
LoadAware,4617,3037662008,1135574,1134413,4294966135,completed,-26
LoadAware,4614,3658959723,1135086,1132540,4294964750,completed,-14
LoadAware,4615,3658959723,1135186,1132641,4294964751,completed,-14
LoadAware,4618,3037662008,1135674,1134516,4294966138,completed,-26
LoadAware,4619,3037662008,1135774,1134619,4294966141,completed,-26
LoadAware,4616,3658959723,1135474,1132772,4294964594,completed,-14
LoadAware,4620,3037662008,1135874,1134722,4294966144,completed,-26
LoadAware,4621,3037662008,1135974,1134825,4294966147,completed,-26
LoadAware,4622,3037662008,1136074,1134928,4294966150,completed,-26
LoadAware,4623,3037662008,1136174,1135031,4294966153,completed,-26
LoadAware,4624,3037662008,1136274,1135134,4294966156,completed,-26
LoadAware,4625,3037662008,1136485,1135333,4294966144,completed,-26
LoadAware,4626,3037662008,1136585,1135443,4294966154,completed,-26
LoadAware,4627,3037662008,1136685,1135546,4294966157,completed,-26
LoadAware,4628,3037662008,1136785,1135649,4294966160,completed,-26
LoadAware,4629,3037662008,1136885,1135751,4294966162,completed,-26
LoadAware,4630,3037662008,1136985,1135854,4294966165,completed,-26
LoadAware,4631,3037662008,1137085,1135957,4294966168,completed,-26
LoadAware,4632,3037662008,1137185,1136060,4294966171,completed,-26
LoadAware,4633,3037662008,1137478,1136317,4294966135,completed,-28
LoadAware,4634,3037662008,1137578,1136568,4294966286,completed,-28
LoadAware,4635,3037662008,1137678,1136671,4294966289,completed,-28
LoadAware,4636,3037662008,1137778,1136774,4294966292,completed,-28
LoadAware,4637,3037662008,1137878,1136877,4294966295,completed,-28
LoadAware,4638,3037662008,1137978,1136980,4294966298,completed,-28
LoadAware,4639,3037662008,1138078,1137083,4294966301,completed,-28
LoadAware,4640,3037662008,1138178,1137186,4294966304,completed,-28
LoadAware,4641,3037662008,1138278,1137287,4294966305,completed,-28
LoadAware,4642,3037662008,1138485,1137390,4294966201,completed,-28
LoadAware,4643,3037662008,1138585,1137493,4294966204,completed,-28
LoadAware,4644,3037662008,1138685,1137596,4294966207,completed,-28
LoadAware,4645,3037662008,1138785,1137698,4294966209,completed,-28
LoadAware,4646,3037662008,1138885,1137801,4294966212,completed,-28
LoadAware,4647,3037662008,1138985,1137904,4294966215,completed,-28
LoadAware,4648,3037662008,1139085,1138007,4294966218,completed,-28
LoadAware,4649,3037662008,1139185,1138110,4294966221,completed,-28
LoadAware,4650,3037662008,1139285,1138316,4294966327,completed,-29
LoadAware,4651,3037662008,1139485,1138419,4294966230,completed,-29
LoadAware,4652,3037662008,1139585,1138525,4294966236,completed,-29
LoadAware,4653,3037662008,1139685,1138628,4294966239,completed,-29
LoadAware,4654,3037662008,1139785,1138733,4294966244,completed,-29
LoadAware,4655,3037662008,1139885,1138836,4294966247,completed,-29
LoadAware,4656,3037662008,1139985,1138939,4294966250,completed,-29
LoadAware,4657,3037662008,1140085,1139042,4294966253,completed,-29
LoadAware,4658,3037662008,1140185,1139145,4294966256,completed,-29
LoadAware,4659,3037662008,1140286,1139320,4294966330,completed,-29
LoadAware,4660,3037662008,1140489,1139492,4294966299,completed,-29
LoadAware,4661,3037662008,1140589,1139595,4294966302,completed,-29
LoadAware,4662,3037662008,1140689,1139698,4294966305,completed,-29
LoadAware,4663,3037662008,1140789,1139801,4294966308,completed,-29
LoadAware,4664,3037662008,1140889,1139904,4294966311,completed,-29
LoadAware,4665,3037662008,1140989,1140007,4294966314,completed,-29
LoadAware,4666,3037662008,1141089,1140110,4294966317,completed,-29
LoadAware,4667,3037662008,1141189,1140212,4294966319,completed,-29
LoadAware,4670,3658959723,1141584,1138882,4294964594,completed,-12
LoadAware,4668,3037662008,1141289,1140320,4294966327,completed,-29
LoadAware,4671,3658959723,1141684,1138992,4294964604,completed,-12
LoadAware,4672,3658959723,1141784,1139095,4294964607,completed,-12
LoadAware,4673,3658959723,1141884,1139198,4294964610,completed,-12
LoadAware,4669,3037662008,1141484,1140421,4294966233,completed,-29
LoadAware,4674,3658959723,1141984,1139301,4294964613,completed,-12
LoadAware,4675,3658959723,1142084,1139404,4294964616,completed,-12
LoadAware,4676,3658959723,1142184,1139507,4294964619,completed,-12
LoadAware,4677,3658959723,1142284,1139610,4294964622,completed,-12
LoadAware,4678,3658959723,1142492,1139789,4294964593,completed,-12
LoadAware,4679,3658959723,1142592,1139898,4294964602,completed,-12
LoadAware,4680,3658959723,1142692,1140008,4294964612,completed,-12
LoadAware,4681,3658959723,1142792,1140111,4294964615,completed,-12
LoadAware,4682,3658959723,1142892,1140214,4294964618,completed,-12
LoadAware,4683,3658959723,1142992,1140317,4294964621,completed,-12
LoadAware,4684,3658959723,1143092,1140420,4294964624,completed,-12
LoadAware,4685,3658959723,1143192,1140523,4294964627,completed,-14
LoadAware,4686,3658959723,1143292,1140783,4294964787,completed,-14
LoadAware,4688,3037662008,1143588,1142427,4294966135,completed,-28
LoadAware,4687,3658959723,1143488,1140886,4294964694,completed,-14
LoadAware,4689,3037662008,1143688,1142537,4294966145,completed,-28
LoadAware,4690,3037662008,1143788,1142639,4294966147,completed,-28
LoadAware,4691,3037662008,1143888,1142742,4294966150,completed,-28
LoadAware,4692,3037662008,1143988,1142845,4294966153,completed,-28
LoadAware,4693,3037662008,1144088,1142948,4294966156,completed,-28
LoadAware,4694,3037662008,1144188,1143051,4294966159,completed,-28
LoadAware,4695,3037662008,1144289,1143325,4294966332,completed,-28
LoadAware,4696,3037662008,1144494,1143434,4294966236,completed,-28
LoadAware,4697,3037662008,1144594,1143542,4294966244,completed,-28
LoadAware,4698,3037662008,1144694,1143644,4294966246,completed,-28
LoadAware,4699,3037662008,1144794,1143747,4294966249,completed,-28
LoadAware,4700,3037662008,1144894,1143850,4294966252,completed,-28
LoadAware,4701,3037662008,1144994,1143953,4294966255,completed,-28
LoadAware,4702,3037662008,1145094,1144056,4294966258,completed,-28
LoadAware,4703,3037662008,1145194,1144159,4294966261,completed,-28
LoadAware,4704,3037662008,1145294,1144261,4294966263,completed,-28
LoadAware,4705,3037662008,1145494,1144364,4294966166,completed,-31
LoadAware,4706,3037662008,1145594,1144466,4294966168,completed,-31
LoadAware,4707,3037662008,1145694,1144567,4294966169,completed,-31
LoadAware,4708,3037662008,1145794,1144670,4294966172,completed,-31
LoadAware,4709,3037662008,1145894,1144773,4294966175,completed,-31
LoadAware,4710,3037662008,1145994,1144876,4294966178,completed,-31
LoadAware,4711,3037662008,1146094,1144979,4294966181,completed,-31
LoadAware,4712,3037662008,1146194,1145081,4294966183,completed,-31
LoadAware,4713,3037662008,1146294,1145183,4294966185,completed,-31
LoadAware,4714,3037662008,1146497,1145337,4294966136,completed,-31
LoadAware,4715,3037662008,1146597,1145439,4294966138,completed,-31
LoadAware,4716,3037662008,1146697,1145542,4294966141,completed,-31
LoadAware,4717,3037662008,1146797,1145645,4294966144,completed,-31
LoadAware,4718,3037662008,1146897,1145748,4294966147,completed,-31
LoadAware,4719,3037662008,1146997,1145851,4294966150,completed,-31
LoadAware,4720,3037662008,1147097,1145954,4294966153,completed,-31
LoadAware,4721,3037662008,1147197,1146057,4294966156,completed,-31
LoadAware,4722,3037662008,1147297,1146332,4294966331,completed,-27
LoadAware,4723,3037662008,1147495,1146435,4294966236,completed,-27
LoadAware,4724,3658959723,1149705,1147207,4294964798,completed,-12
LoadAware,4725,3658959723,1149909,1147310,4294964697,completed,-12
LoadAware,4726,3658959723,1150009,1147413,4294964700,completed,-12
LoadAware,4727,3658959723,1150109,1147516,4294964703,completed,-12
LoadAware,4728,3658959723,1150209,1147619,4294964706,completed,-12
LoadAware,4729,3658959723,1150309,1147722,4294964709,completed,-12
LoadAware,4730,3658959723,1150409,1147825,4294964712,completed,-12
LoadAware,4731,3658959723,1150509,1147928,4294964715,completed,-12
LoadAware,4732,3658959723,1150609,1148031,4294964718,completed,-12
LoadAware,4733,3658959723,1150709,1148200,4294964787,completed,-12
LoadAware,4734,3658959723,1150911,1148303,4294964688,completed,-12
LoadAware,4735,3658959723,1151011,1148405,4294964690,completed,-12
LoadAware,4736,3658959723,1151111,1148516,4294964701,completed,-13
LoadAware,4737,3658959723,1151211,1148619,4294964704,completed,-13
LoadAware,4738,3658959723,1151311,1148721,4294964706,completed,-13
LoadAware,4739,3037662008,1151411,1150249,4294966134,completed,-26
LoadAware,4740,3037662008,1151511,1150351,4294966136,completed,-28
LoadAware,4741,3037662008,1151617,1150540,4294966219,completed,-28
LoadAware,4742,3037662008,1151910,1150823,4294966209,completed,-28
LoadAware,4743,3037662008,1152010,1150925,4294966211,completed,-28
LoadAware,4744,3037662008,1152110,1151027,4294966213,completed,-28
LoadAware,4745,3037662008,1152210,1151129,4294966215,completed,-28
LoadAware,4746,3037662008,1152310,1151232,4294966218,completed,-28
LoadAware,4747,3037662008,1152410,1151336,4294966222,completed,-28
LoadAware,4748,3037662008,1152511,1151439,4294966224,completed,-28
LoadAware,4749,3037662008,1152616,1151542,4294966222,completed,-28
LoadAware,4750,3037662008,1152908,1151749,4294966137,completed,-28
LoadAware,4751,3037662008,1153008,1151852,4294966140,completed,-28
LoadAware,4752,3037662008,1153108,1151955,4294966143,completed,-28
LoadAware,4753,3037662008,1153208,1152058,4294966146,completed,-28
LoadAware,4754,3037662008,1153308,1152161,4294966149,completed,-28
LoadAware,4755,3037662008,1153408,1152264,4294966152,completed,-28
LoadAware,4756,3037662008,1153508,1152367,4294966155,completed,-30
LoadAware,4757,3037662008,1153614,1152469,4294966151,completed,-30
LoadAware,4758,3037662008,1153714,1152571,4294966153,completed,-30
LoadAware,4759,3037662008,1153919,1152763,4294966140,completed,-30
LoadAware,4760,3037662008,1154019,1152865,4294966142,completed,-30
LoadAware,4761,3037662008,1154119,1152968,4294966145,completed,-30
LoadAware,4762,3037662008,1154219,1153071,4294966148,completed,-30
LoadAware,4763,3037662008,1154319,1153173,4294966150,completed,-30
LoadAware,4764,3037662008,1154419,1153276,4294966153,completed,-30
LoadAware,4765,3037662008,1154519,1153379,4294966156,completed,-30
LoadAware,4766,3037662008,1154619,1153482,4294966159,completed,-30
LoadAware,4767,3037662008,1154719,1153585,4294966162,completed,-30
LoadAware,4768,3037662008,1154919,1153761,4294966138,completed,-30
LoadAware,4769,3037662008,1155019,1153864,4294966141,completed,-30
LoadAware,4770,3037662008,1155119,1153966,4294966143,completed,-30
LoadAware,4771,3037662008,1155219,1154069,4294966146,completed,-30
LoadAware,4772,3037662008,1155319,1154172,4294966149,completed,-30
LoadAware,4773,3037662008,1155419,1154275,4294966152,completed,-30
LoadAware,4774,3037662008,1155519,1154378,4294966155,completed,-27
LoadAware,4775,3037662008,1155619,1154481,4294966158,completed,-27
LoadAware,4776,3037662008,1155719,1154753,4294966330,completed,-27
LoadAware,4777,3037662008,1155921,1154862,4294966237,completed,-27
LoadAware,4778,3037662008,1156021,1154974,4294966249,completed,-27
LoadAware,4779,3037662008,1156121,1155077,4294966252,completed,-27
LoadAware,4780,3037662008,1156221,1155180,4294966255,completed,-27
LoadAware,4781,3037662008,1156321,1155282,4294966257,completed,-27
LoadAware,4782,3037662008,1156421,1155385,4294966260,completed,-27
LoadAware,4783,3037662008,1156521,1155488,4294966263,completed,-27
LoadAware,4784,3037662008,1156621,1155591,4294966266,completed,-27
LoadAware,4785,3037662008,1156721,1155693,4294966268,completed,-27
LoadAware,4786,3037662008,1156922,1155794,4294966168,completed,-27
LoadAware,4787,3037662008,1157022,1155895,4294966169,completed,-27
LoadAware,4788,3037662008,1157122,1155997,4294966171,completed,-27
LoadAware,4789,3037662008,1157222,1156100,4294966174,completed,-27
LoadAware,4790,3037662008,1157322,1156203,4294966177,completed,-27
LoadAware,4791,3037662008,1157422,1156306,4294966180,completed,-29
LoadAware,4792,3037662008,1157522,1156407,4294966181,completed,-29
LoadAware,4793,3658959723,1157622,1154922,4294964596,completed,-12
LoadAware,4794,3658959723,1157722,1155340,4294964914,completed,-12
LoadAware,4795,3658959723,1157923,1155450,4294964823,completed,-12
LoadAware,4796,3658959723,1158023,1155553,4294964826,completed,-12
LoadAware,4797,3658959723,1158123,1155656,4294964829,completed,-12
LoadAware,4798,3658959723,1158223,1155759,4294964832,completed,-12
LoadAware,4799,3658959723,1158323,1155862,4294964835,completed,-12
LoadAware,4800,3658959723,1158423,1155965,4294964838,completed,-12
LoadAware,4801,3658959723,1158523,1156068,4294964841,completed,-12
LoadAware,4802,3658959723,1158623,1156170,4294964843,completed,-12
LoadAware,4803,3658959723,1158723,1156273,4294964846,completed,-12
LoadAware,4804,3658959723,1158924,1156376,4294964748,completed,-12
LoadAware,4805,3658959723,1159024,1156479,4294964751,completed,-13
LoadAware,4808,3037662008,1159324,1158162,4294966134,completed,-29
LoadAware,4806,3658959723,1159124,1156581,4294964753,completed,-13
LoadAware,4809,3037662008,1159424,1158279,4294966151,completed,-29
LoadAware,4810,3037662008,1159524,1158383,4294966155,completed,-26
LoadAware,4807,3658959723,1159224,1156683,4294964755,completed,-13
LoadAware,4811,3037662008,1159633,1158486,4294966149,completed,-26
LoadAware,4812,3037662008,1159925,1158767,4294966138,completed,-26
LoadAware,4813,3037662008,1160025,1158870,4294966141,completed,-26
LoadAware,4814,3037662008,1160125,1158973,4294966144,completed,-26
LoadAware,4815,3037662008,1160225,1159075,4294966146,completed,-26
LoadAware,4816,3037662008,1160325,1159178,4294966149,completed,-26
LoadAware,4817,3037662008,1160425,1159281,4294966152,completed,-26
LoadAware,4818,3037662008,1160525,1159384,4294966155,completed,-26
LoadAware,4819,3037662008,1160625,1159487,4294966158,completed,-26
LoadAware,4820,3037662008,1160725,1159589,4294966160,completed,-26
LoadAware,4821,3037662008,1160928,1159767,4294966135,completed,-26
LoadAware,4822,3037662008,1161028,1159876,4294966144,completed,-26
LoadAware,4823,3037662008,1161128,1159978,4294966146,completed,-26
LoadAware,4824,3037662008,1161228,1160080,4294966148,completed,-26
LoadAware,4825,3658959723,1161328,1158625,4294964593,completed,-12
LoadAware,4826,3658959723,1161428,1158728,4294964596,completed,-12
LoadAware,4827,3658959723,1161528,1158831,4294964599,completed,-12
LoadAware,4828,3037662008,1161632,1160473,4294966137,completed,-28
LoadAware,4829,3037662008,1161927,1160918,4294966287,completed,-28
LoadAware,4830,3037662008,1162027,1161021,4294966290,completed,-28
LoadAware,4831,3037662008,1162127,1161124,4294966293,completed,-28
LoadAware,4832,3037662008,1162227,1161227,4294966296,completed,-28
LoadAware,4833,3037662008,1162327,1161330,4294966299,completed,-28
LoadAware,4834,3037662008,1162427,1161433,4294966302,completed,-28
LoadAware,4835,3037662008,1162527,1161536,4294966305,completed,-28
LoadAware,4836,3037662008,1162627,1161639,4294966308,completed,-28
LoadAware,4837,3037662008,1162727,1161741,4294966310,completed,-28
LoadAware,4838,3037662008,1162928,1161844,4294966212,completed,-28
LoadAware,4839,3037662008,1163028,1161947,4294966215,completed,-28
LoadAware,4840,3037662008,1163128,1162050,4294966218,completed,-28
LoadAware,4841,3037662008,1163228,1162153,4294966221,completed,-28
LoadAware,4842,3037662008,1163328,1162256,4294966224,completed,-28
LoadAware,4843,3037662008,1163428,1162359,4294966227,completed,-27
LoadAware,4844,3037662008,1163528,1162461,4294966229,completed,-27
LoadAware,4845,3658959723,1163628,1160925,4294964593,completed,-12
LoadAware,4846,3658959723,1163728,1161389,4294964957,completed,-12
LoadAware,4847,3658959723,1163933,1161498,4294964861,completed,-12
LoadAware,4848,3658959723,1164033,1161601,4294964864,completed,-12
LoadAware,4849,3658959723,1164133,1161704,4294964867,completed,-12
LoadAware,4850,3658959723,1164233,1161807,4294964870,completed,-12
LoadAware,4851,3658959723,1164333,1161911,4294964874,completed,-12
LoadAware,4852,3658959723,1164433,1162014,4294964877,completed,-12
LoadAware,4853,3658959723,1164533,1162117,4294964880,completed,-12
LoadAware,4854,3658959723,1164633,1162221,4294964884,completed,-12
LoadAware,4855,3658959723,1164933,1162324,4294964687,completed,-12
LoadAware,4856,3037662008,1167142,1166175,4294966329,completed,-26
LoadAware,4857,3037662008,1167346,1166295,4294966245,completed,-26
LoadAware,4858,3037662008,1167446,1166398,4294966248,completed,-26
LoadAware,4859,3037662008,1167546,1166500,4294966250,completed,-26
LoadAware,4860,3037662008,1167646,1166603,4294966253,completed,-26
LoadAware,4861,3037662008,1167746,1166706,4294966256,completed,-26
LoadAware,4862,3037662008,1167846,1166809,4294966259,completed,-26
LoadAware,4863,3037662008,1167946,1166912,4294966262,completed,-26
LoadAware,4864,3037662008,1168046,1167015,4294966265,completed,-26
LoadAware,4865,3037662008,1168146,1167180,4294966330,completed,-26
LoadAware,4866,3037662008,1168348,1167284,4294966232,completed,-26
LoadAware,4867,3037662008,1168448,1167390,4294966238,completed,-26
LoadAware,4868,3037662008,1168548,1167493,4294966241,completed,-26
LoadAware,4869,3037662008,1168648,1167595,4294966243,completed,-26
LoadAware,4870,3037662008,1168748,1167698,4294966246,completed,-26
LoadAware,4871,3037662008,1168848,1167801,4294966249,completed,-26
LoadAware,4872,3037662008,1168948,1167904,4294966252,completed,-26
LoadAware,4873,3037662008,1169048,1168006,4294966254,completed,-26
LoadAware,4874,3037662008,1169148,1168182,4294966330,completed,-26
LoadAware,4875,3037662008,1169353,1168288,4294966231,completed,-28
LoadAware,4876,3037662008,1169453,1168390,4294966233,completed,-28
LoadAware,4878,3658959723,1169653,1166950,4294964593,completed,-12
LoadAware,4877,3037662008,1169553,1168493,4294966236,completed,-28
LoadAware,4879,3658959723,1169753,1167053,4294964596,completed,-12
LoadAware,4880,3658959723,1169853,1167156,4294964599,completed,-12
LoadAware,4881,3658959723,1169953,1167260,4294964603,completed,-12
LoadAware,4882,3658959723,1170053,1167363,4294964606,completed,-12
LoadAware,4883,3658959723,1170348,1167646,4294964594,completed,-12
LoadAware,4884,3658959723,1170448,1167748,4294964596,completed,-12
LoadAware,4885,3658959723,1170548,1167851,4294964599,completed,-12
LoadAware,4886,3658959723,1170648,1167954,4294964602,completed,-12
LoadAware,4887,3658959723,1170748,1168057,4294964605,completed,-12
LoadAware,4888,3658959723,1170848,1168160,4294964608,completed,-12
LoadAware,4889,3658959723,1170948,1168263,4294964611,completed,-12
LoadAware,4890,3658959723,1171048,1168366,4294964614,completed,-12
LoadAware,4891,3658959723,1171149,1168642,4294964789,completed,-13
LoadAware,4892,3658959723,1171353,1168745,4294964688,completed,-13
LoadAware,4893,3658959723,1171453,1168851,4294964694,completed,-13
LoadAware,4895,3037662008,1171653,1170491,4294966134,completed,-26
LoadAware,4896,3037662008,1171753,1170594,4294966137,completed,-26
LoadAware,4894,3658959723,1171553,1168954,4294964697,completed,-13
LoadAware,4897,3037662008,1171853,1170697,4294966140,completed,-26
LoadAware,4898,3037662008,1171953,1170799,4294966142,completed,-26
LoadAware,4899,3037662008,1172053,1170901,4294966144,completed,-26
LoadAware,4900,3037662008,1172153,1171185,4294966328,completed,-26
LoadAware,4901,3037662008,1172353,1171291,4294966234,completed,-26
LoadAware,4902,3037662008,1172453,1171394,4294966237,completed,-26
LoadAware,4903,3037662008,1172553,1171497,4294966240,completed,-26
LoadAware,4904,3037662008,1172653,1171600,4294966243,completed,-26
LoadAware,4905,3037662008,1172753,1171703,4294966246,completed,-26
LoadAware,4906,3037662008,1172853,1171806,4294966249,completed,-26
LoadAware,4907,3037662008,1172953,1171909,4294966252,completed,-26
LoadAware,4908,3037662008,1173053,1172012,4294966255,completed,-26
LoadAware,4909,3037662008,1173153,1172114,4294966257,completed,-26
LoadAware,4910,3037662008,1173358,1172217,4294966155,completed,-26
LoadAware,4911,3037662008,1173458,1172320,4294966158,completed,-29
LoadAware,4912,3037662008,1173558,1172422,4294966160,completed,-29
LoadAware,4913,3037662008,1173658,1172524,4294966162,completed,-29
LoadAware,4914,3037662008,1173758,1172627,4294966165,completed,-29
LoadAware,4915,3037662008,1173858,1172730,4294966168,completed,-29
LoadAware,4916,3037662008,1173958,1172833,4294966171,completed,-29
LoadAware,4917,3037662008,1174058,1172936,4294966174,completed,-29
LoadAware,4918,3037662008,1174354,1173195,4294966137,completed,-29
LoadAware,4919,3037662008,1174454,1173298,4294966140,completed,-29
LoadAware,4920,3037662008,1174554,1173401,4294966143,completed,-29
LoadAware,4921,3037662008,1174654,1173503,4294966145,completed,-29
LoadAware,4922,3037662008,1174754,1173605,4294966147,completed,-29
LoadAware,4923,3037662008,1174854,1173708,4294966150,completed,-29
LoadAware,4924,3037662008,1174954,1173811,4294966153,completed,-29
LoadAware,4925,3037662008,1175054,1173914,4294966156,completed,-29
LoadAware,4926,3037662008,1175154,1174189,4294966331,completed,-29
LoadAware,4927,3037662008,1175359,1174299,4294966236,completed,-27
LoadAware,4928,3037662008,1175459,1174402,4294966239,completed,-27
LoadAware,4930,3658959723,1175659,1172956,4294964593,completed,-12
LoadAware,4931,3658959723,1175759,1173066,4294964603,completed,-12
LoadAware,4929,3037662008,1175559,1174504,4294966241,completed,-27
LoadAware,4932,3658959723,1175859,1173169,4294964606,completed,-12
LoadAware,4933,3658959723,1175959,1173272,4294964609,completed,-12
LoadAware,4934,3658959723,1176059,1173375,4294964612,completed,-12
LoadAware,4935,3658959723,1176159,1173659,4294964796,completed,-12
LoadAware,4936,3658959723,1176360,1173762,4294964698,completed,-12
LoadAware,4937,3658959723,1176460,1173865,4294964701,completed,-12
LoadAware,4938,3658959723,1176560,1173968,4294964704,completed,-12
LoadAware,4939,3658959723,1176660,1174071,4294964707,completed,-12
LoadAware,4940,3658959723,1176760,1174174,4294964710,completed,-12
LoadAware,4941,3658959723,1176860,1174277,4294964713,completed,-12
LoadAware,4942,3658959723,1176960,1174380,4294964716,completed,-12
LoadAware,4943,3658959723,1177060,1174483,4294964719,completed,-14
LoadAware,4944,3658959723,1177160,1174652,4294964788,completed,-14
LoadAware,4947,3037662008,1177565,1176403,4294966134,completed,-30
LoadAware,4945,3658959723,1177362,1174755,4294964689,completed,-14
LoadAware,4948,3037662008,1177665,1176513,4294966144,completed,-30
LoadAware,4949,3037662008,1177765,1176616,4294966147,completed,-30
LoadAware,4946,3658959723,1177462,1174857,4294964691,completed,-14
LoadAware,4950,3037662008,1177865,1176719,4294966150,completed,-30
LoadAware,4951,3037662008,1177965,1176822,4294966153,completed,-30
LoadAware,4952,3037662008,1178065,1176925,4294966156,completed,-30
LoadAware,4953,3037662008,1178360,1177201,4294966137,completed,-30
LoadAware,4954,3037662008,1178460,1177304,4294966140,completed,-30
LoadAware,4955,3037662008,1178560,1177407,4294966143,completed,-30
LoadAware,4956,3037662008,1178660,1177510,4294966146,completed,-30
LoadAware,4957,3037662008,1178760,1177612,4294966148,completed,-30
LoadAware,4958,3037662008,1178860,1177715,4294966151,completed,-30
LoadAware,4959,3037662008,1178960,1177818,4294966154,completed,-30
LoadAware,4960,3037662008,1179060,1177921,4294966157,completed,-30
LoadAware,4961,3037662008,1179160,1178194,4294966330,completed,-30
LoadAware,4962,3037662008,1179364,1178304,4294966236,completed,-27
LoadAware,4964,3658959723,1179564,1176861,4294964593,completed,-13
LoadAware,4965,3658959723,1179664,1176970,4294964602,completed,-13
LoadAware,4966,3658959723,1179764,1177073,4294964605,completed,-13
LoadAware,4963,3037662008,1179464,1178405,4294966237,completed,-27
LoadAware,4967,3658959723,1179864,1177176,4294964608,completed,-13
LoadAware,4968,3658959723,1179964,1177279,4294964611,completed,-13
LoadAware,4969,3658959723,1180064,1177382,4294964614,completed,-13
LoadAware,4970,3658959723,1180164,1177655,4294964787,completed,-13
LoadAware,4971,3658959723,1180365,1177765,4294964696,completed,-13
LoadAware,4972,3658959723,1180465,1177868,4294964699,completed,-13
LoadAware,4973,3658959723,1180565,1177971,4294964702,completed,-13
LoadAware,4974,3658959723,1180665,1178074,4294964705,completed,-13
LoadAware,4975,3658959723,1180765,1178177,4294964708,completed,-13
LoadAware,4976,3658959723,1180865,1178280,4294964711,completed,-13
LoadAware,4977,3658959723,1180965,1178383,4294964714,completed,-13
LoadAware,4978,3658959723,1181065,1178486,4294964717,completed,-13
LoadAware,4979,3658959723,1181165,1178658,4294964789,completed,-13
LoadAware,4982,3037662008,1181568,1180407,4294966135,completed,-27
LoadAware,4980,3658959723,1181368,1178761,4294964689,completed,-13
LoadAware,4983,3037662008,1181668,1180510,4294966138,completed,-27
LoadAware,4984,3037662008,1181768,1180613,4294966141,completed,-27
LoadAware,4981,3658959723,1181468,1178863,4294964691,completed,-13
LoadAware,4985,3037662008,1181868,1180715,4294966143,completed,-27
LoadAware,4986,3037662008,1181968,1180818,4294966146,completed,-27
LoadAware,4987,3037662008,1182068,1180921,4294966149,completed,-27
LoadAware,4988,3037662008,1182363,1181203,4294966136,completed,-27
LoadAware,4989,3037662008,1184571,1183630,4294966355,completed,-35
LoadAware,4990,3037662008,1184774,1183840,4294966362,completed,-35
LoadAware,4991,3037662008,1184874,1183943,4294966365,completed,-35
LoadAware,4992,3037662008,1184974,1184046,4294966368,completed,-35
LoadAware,4993,3037662008,1185074,1184149,4294966371,completed,-35
LoadAware,4994,3037662008,1185174,1184252,4294966374,completed,-35
LoadAware,4995,3037662008,1185274,1184355,4294966377,completed,-29
LoadAware,4996,3037662008,1185374,1184457,4294966379,completed,-29
LoadAware,4998,3658959723,1185574,1183066,4294964788,completed,-12
LoadAware,4999,3658959723,1185779,1183169,4294964686,completed,-12
LoadAware,4997,3037662008,1185474,1184558,4294966380,completed,-29
LoadAware,5000,3658959723,1185879,1183272,4294964689,completed,-12
LoadAware,5001,3658959723,1185979,1183376,4294964693,completed,-12
LoadAware,5002,3658959723,1186079,1183479,4294964696,completed,-12
LoadAware,5003,3658959723,1186179,1183582,4294964699,completed,-12
LoadAware,5004,3658959723,1186279,1183685,4294964702,completed,-12
LoadAware,5005,3658959723,1186379,1183788,4294964705,completed,-12
LoadAware,5006,3658959723,1186479,1183890,4294964707,completed,-12
LoadAware,SUMMARY,ALL,0,0,120000,batch_complete,0
----------------,---,---,---,---,---,----------------,---
LoadAware,5007,3658959723,1186784,1184082,4294964594,completed,-12
LoadAware,5008,3037662008,1195465,1194308,4294966139,completed,-26
LoadAware,5009,3037662008,1195565,1194411,4294966142,completed,-26
LoadAware,5010,3037662008,1195789,1194630,4294966137,completed,-26
LoadAware,5011,3037662008,1195889,1194733,4294966140,completed,-26
LoadAware,5012,3037662008,1195989,1194836,4294966143,completed,-26
LoadAware,5013,3037662008,1196089,1194939,4294966146,completed,-26
LoadAware,5014,3037662008,1196189,1195042,4294966149,completed,-26
LoadAware,5015,3037662008,1196289,1195145,4294966152,completed,-26
LoadAware,5016,3037662008,1196389,1195248,4294966155,completed,-26
LoadAware,5017,3037662008,1196489,1195351,4294966158,completed,-26
LoadAware,5018,3037662008,1196793,1195650,4294966153,completed,-26
LoadAware,5019,3037662008,1196893,1195753,4294966156,completed,-26
LoadAware,5020,3037662008,1196993,1195856,4294966159,completed,-26
LoadAware,5021,3037662008,1197093,1195959,4294966162,completed,-26
LoadAware,5022,3037662008,1197193,1196062,4294966165,completed,-26
LoadAware,5023,3037662008,1197293,1196165,4294966168,completed,-26
LoadAware,5024,3037662008,1197393,1196268,4294966171,completed,-26
LoadAware,5025,3037662008,1197493,1196371,4294966174,completed,-28
LoadAware,5026,3037662008,1197793,1196632,4294966135,completed,-28
LoadAware,5027,3037662008,1197893,1196741,4294966144,completed,-28
LoadAware,5028,3037662008,1197993,1196850,4294966153,completed,-28
LoadAware,5029,3037662008,1198093,1196953,4294966156,completed,-28
LoadAware,5030,3037662008,1198193,1197056,4294966159,completed,-28
LoadAware,5031,3037662008,1198293,1197159,4294966162,completed,-28
LoadAware,5032,3037662008,1198393,1197262,4294966165,completed,-28
LoadAware,5033,3037662008,1198493,1197364,4294966167,completed,-28
LoadAware,5034,3037662008,1198795,1197634,4294966135,completed,-28
LoadAware,5035,3037662008,1198895,1197736,4294966137,completed,-28
LoadAware,5036,3037662008,1198995,1197838,4294966139,completed,-28
LoadAware,5037,3037662008,1199095,1197941,4294966142,completed,-28
LoadAware,5038,3037662008,1199195,1198044,4294966145,completed,-28
LoadAware,5039,3037662008,1199295,1198147,4294966148,completed,-28
LoadAware,5040,3037662008,1199395,1198250,4294966151,completed,-28
LoadAware,5041,3037662008,1199495,1198353,4294966154,completed,-30
LoadAware,5042,3037662008,1199795,1198635,4294966136,completed,-30
LoadAware,5043,3037662008,1202001,1201040,4294966335,completed,-28
LoadAware,5044,3037662008,1202201,1201143,4294966238,completed,-28
LoadAware,5045,3037662008,1202301,1201245,4294966240,completed,-28
LoadAware,5046,3037662008,1202401,1201348,4294966243,completed,-28
LoadAware,5047,3037662008,1202501,1201451,4294966246,completed,-28
LoadAware,5048,3037662008,1202601,1201554,4294966249,completed,-28
LoadAware,5049,3037662008,1202701,1201657,4294966252,completed,-28
LoadAware,5050,3037662008,1202801,1201760,4294966255,completed,-28
LoadAware,5051,3037662008,1202901,1201863,4294966258,completed,-28
LoadAware,5052,3037662008,1203001,1201965,4294966260,completed,-28
LoadAware,5053,3037662008,1203202,1202067,4294966161,completed,-28
LoadAware,5054,3037662008,1203302,1202170,4294966164,completed,-28
LoadAware,5055,3037662008,1203402,1202273,4294966167,completed,-28
LoadAware,5056,3037662008,1203502,1202376,4294966170,completed,-28
LoadAware,5057,3037662008,1203602,1202478,4294966172,completed,-28
LoadAware,5058,3037662008,1203702,1202581,4294966175,completed,-28
LoadAware,5059,3037662008,1203802,1202684,4294966178,completed,-28
LoadAware,5060,3037662008,1203902,1202787,4294966181,completed,-28
LoadAware,5061,3037662008,1204002,1202890,4294966184,completed,-28
LoadAware,5062,3037662008,1204208,1203053,4294966141,completed,-28
LoadAware,5063,3037662008,1204308,1203156,4294966144,completed,-28
LoadAware,5064,3037662008,1204408,1203259,4294966147,completed,-28
LoadAware,5065,3037662008,1204508,1203362,4294966150,completed,-28
LoadAware,5066,3037662008,1204608,1203465,4294966153,completed,-28
LoadAware,5067,3037662008,1204708,1203567,4294966155,completed,-28
LoadAware,5068,3037662008,1204808,1203670,4294966158,completed,-28
LoadAware,5069,3037662008,1204908,1203773,4294966161,completed,-28
LoadAware,5070,3037662008,1205204,1204046,4294966138,completed,-28
LoadAware,5071,3037662008,1205304,1204149,4294966141,completed,-28
LoadAware,5072,3037662008,1205404,1204251,4294966143,completed,-28
LoadAware,5073,3037662008,1205504,1204354,4294966146,completed,-29
LoadAware,5074,3037662008,1205604,1204457,4294966149,completed,-29
LoadAware,5075,3037662008,1205704,1204560,4294966152,completed,-29
LoadAware,5076,3037662008,1205804,1204663,4294966155,completed,-29
LoadAware,5077,3037662008,1205904,1204766,4294966158,completed,-29
LoadAware,5078,3037662008,1206004,1204869,4294966161,completed,-29
LoadAware,5079,3037662008,1206209,1205049,4294966136,completed,-29
LoadAware,5080,3037662008,1206309,1205151,4294966138,completed,-29
LoadAware,5081,3037662008,1206409,1205254,4294966141,completed,-29
LoadAware,5082,3037662008,1206509,1205357,4294966144,completed,-29
LoadAware,5083,3037662008,1206609,1205459,4294966146,completed,-29
LoadAware,5084,3037662008,1206709,1205562,4294966149,completed,-29
LoadAware,5085,3037662008,1206809,1205665,4294966152,completed,-29
LoadAware,5086,3037662008,1206909,1205768,4294966155,completed,-29
LoadAware,5087,3037662008,1207206,1206047,4294966137,completed,-29
LoadAware,5088,3037662008,1207306,1206156,4294966146,completed,-29
LoadAware,5089,3037662008,1207406,1206259,4294966149,completed,-29
LoadAware,5090,3037662008,1207506,1206361,4294966151,completed,-28
LoadAware,5091,3037662008,1207606,1206464,4294966154,completed,-28
LoadAware,5092,3037662008,1207706,1206567,4294966157,completed,-28
LoadAware,5093,3037662008,1207806,1206670,4294966160,completed,-28
LoadAware,5094,3037662008,1207906,1206773,4294966163,completed,-28
LoadAware,5095,3037662008,1208006,1206876,4294966166,completed,-28
LoadAware,5096,3037662008,1208209,1207211,4294966298,completed,-28
LoadAware,5097,3037662008,1208309,1207320,4294966307,completed,-28
LoadAware,5098,3037662008,1208409,1207429,4294966316,completed,-28
LoadAware,5099,3037662008,1208509,1207532,4294966319,completed,-28
LoadAware,5100,3037662008,1208609,1207635,4294966322,completed,-28
LoadAware,5101,3037662008,1208709,1207738,4294966325,completed,-28
LoadAware,5102,3037662008,1208809,1207841,4294966328,completed,-28
LoadAware,5103,3037662008,1208910,1207945,4294966331,completed,-28
LoadAware,5104,3037662008,1209013,1208049,4294966332,completed,-28
LoadAware,5105,3037662008,1209210,1208263,4294966349,completed,-28
LoadAware,5109,3658959723,1209610,1206908,4294964594,completed,-12
LoadAware,5106,3037662008,1209310,1208366,4294966352,completed,-28
LoadAware,5110,3658959723,1209710,1207010,4294964596,completed,-12
LoadAware,5111,3658959723,1209810,1207112,4294964598,completed,-12
LoadAware,5107,3037662008,1209410,1208468,4294966354,completed,-28
LoadAware,5108,3037662008,1209510,1208570,4294966356,completed,-28
LoadAware,5112,3658959723,1209910,1207215,4294964601,completed,-12
LoadAware,5113,3658959723,1210012,1207510,4294964794,completed,-12
LoadAware,5114,3658959723,1210221,1207621,4294964696,completed,-12
LoadAware,5115,3658959723,1210321,1207731,4294964706,completed,-12
LoadAware,5116,3658959723,1210421,1207834,4294964709,completed,-12
LoadAware,5117,3658959723,1210521,1207937,4294964712,completed,-12
LoadAware,5118,3658959723,1210621,1208040,4294964715,completed,-12
LoadAware,5119,3658959723,1210721,1208143,4294964718,completed,-12
LoadAware,5120,3658959723,1210821,1208246,4294964721,completed,-12
LoadAware,5121,3658959723,1210921,1208349,4294964724,completed,-12
LoadAware,5122,3658959723,1211021,1208513,4294964788,completed,-13
LoadAware,5123,3658959723,1211223,1208614,4294964687,completed,-13
LoadAware,5124,3658959723,1211323,1208721,4294964694,completed,-13
LoadAware,5127,3037662008,1211625,1210465,4294966136,completed,-25
LoadAware,5125,3658959723,1211423,1208824,4294964697,completed,-13
LoadAware,5128,3037662008,1211725,1210567,4294966138,completed,-25
LoadAware,5129,3037662008,1211825,1210670,4294966141,completed,-25
LoadAware,5126,3658959723,1211523,1208926,4294964699,completed,-13
LoadAware,5130,3037662008,1211925,1210773,4294966144,completed,-25
LoadAware,5131,3037662008,1212222,1211064,4294966138,completed,-25
LoadAware,5132,3037662008,1212322,1211173,4294966147,completed,-25
LoadAware,5133,3037662008,1212422,1211276,4294966150,completed,-25
LoadAware,5134,3037662008,1212522,1211379,4294966153,completed,-25
LoadAware,5135,3037662008,1212622,1211482,4294966156,completed,-25
LoadAware,5136,3037662008,1212722,1211585,4294966159,completed,-25
LoadAware,5137,3037662008,1212822,1211688,4294966162,completed,-25
LoadAware,5138,3037662008,1212922,1211791,4294966165,completed,-25
LoadAware,5139,3037662008,1213022,1211894,4294966168,completed,-25
LoadAware,5140,3037662008,1213223,1212064,4294966137,completed,-25
LoadAware,5141,3037662008,1213323,1212167,4294966140,completed,-25
LoadAware,5142,3037662008,1213423,1212269,4294966142,completed,-25
LoadAware,5143,3037662008,1213523,1212371,4294966144,completed,-29
LoadAware,5144,3037662008,1213624,1212472,4294966144,completed,-29
LoadAware,5145,3037662008,1213724,1212574,4294966146,completed,-29
LoadAware,5146,3037662008,1213824,1212677,4294966149,completed,-29
LoadAware,5147,3037662008,1213924,1212780,4294966152,completed,-29
LoadAware,5148,3037662008,1214024,1213057,4294966329,completed,-29
LoadAware,5149,3037662008,1214225,1213160,4294966231,completed,-29
LoadAware,5150,3037662008,1214325,1213264,4294966235,completed,-29
LoadAware,5151,3037662008,1214425,1213367,4294966238,completed,-29
LoadAware,5152,3037662008,1214525,1213470,4294966241,completed,-29
LoadAware,5153,3037662008,1214625,1213573,4294966244,completed,-29
LoadAware,5154,3037662008,1214725,1213675,4294966246,completed,-29
LoadAware,5155,3037662008,1214825,1213778,4294966249,completed,-29
LoadAware,5156,3037662008,1214925,1213881,4294966252,completed,-29
LoadAware,5157,3037662008,1215025,1214059,4294966330,completed,-29
LoadAware,5158,3037662008,1215226,1214165,4294966235,completed,-29
LoadAware,5159,3037662008,1215326,1214267,4294966237,completed,-29
LoadAware,5162,3658959723,1215635,1212933,4294964594,completed,-12
LoadAware,5160,3037662008,1215426,1214370,4294966240,completed,-30
LoadAware,5163,3658959723,1215735,1213041,4294964602,completed,-12
LoadAware,5164,3658959723,1215835,1213144,4294964605,completed,-12
LoadAware,5161,3037662008,1215526,1214472,4294966242,completed,-30
LoadAware,5165,3658959723,1215935,1213247,4294964608,completed,-12
LoadAware,5166,3658959723,1216226,1213525,4294964595,completed,-12
LoadAware,5167,3658959723,1216326,1213628,4294964598,completed,-12
LoadAware,5168,3658959723,1216426,1213731,4294964601,completed,-12
LoadAware,5169,3658959723,1216526,1213834,4294964604,completed,-12
LoadAware,5170,3658959723,1216626,1213937,4294964607,completed,-12
LoadAware,5171,3658959723,1216726,1214040,4294964610,completed,-12
LoadAware,5172,3658959723,1216826,1214143,4294964613,completed,-12
LoadAware,5173,3658959723,1216926,1214246,4294964616,completed,-12
LoadAware,5174,3658959723,1217026,1214349,4294964619,completed,-12
LoadAware,5175,3658959723,1217229,1214533,4294964600,completed,-13
LoadAware,5176,3037662008,1219437,1218472,4294966331,completed,-27
LoadAware,5177,3037662008,1219641,1218985,4294966640,completed,-27
LoadAware,5178,3037662008,1219741,1219261,4294966816,completed,-27
LoadAware,5179,3037662008,1219841,1219537,4294966992,completed,-27
LoadAware,5180,3037662008,1219941,1219639,4294966994,completed,-27
LoadAware,5181,3037662008,1220041,1219812,4294967067,completed,-27
LoadAware,5182,3037662008,1220141,1220085,4294967240,completed,-27
LoadAware,5183,3037662008,1220241,1220637,396,completed,-28
LoadAware,5184,3037662008,1220341,1220739,398,completed,-28
LoadAware,5185,3037662008,1220441,1220910,469,completed,-28
LoadAware,5186,3037662008,1220637,1221186,549,completed,-28
LoadAware,5187,3037662008,1220737,1221479,742,completed,-28
LoadAware,5188,3037662008,1220837,1221748,911,completed,-28
LoadAware,5189,3037662008,1220937,1221855,918,completed,-28
LoadAware,5190,3037662008,1221037,1221957,920,completed,-28
LoadAware,5191,3037662008,1221137,1222059,922,completed,-28
LoadAware,5192,3037662008,1221237,1222162,925,completed,-28
LoadAware,5193,3037662008,1221337,1222265,928,completed,-28
LoadAware,5194,3037662008,1221437,1222367,930,completed,-29
LoadAware,5195,3037662008,1221647,1222468,821,completed,-29
LoadAware,5196,3037662008,1221747,1222571,824,completed,-29
LoadAware,5212,3658959723,1223755,1221053,4294964594,completed,-12
LoadAware,5197,3037662008,1221847,1222674,827,completed,-29
LoadAware,5213,3658959723,1223855,1221156,4294964597,completed,-12
LoadAware,5214,3658959723,1223955,1221259,4294964600,completed,-12
LoadAware,5215,3658959723,1224055,1221362,4294964603,completed,-12
LoadAware,5198,3037662008,1221947,1222776,829,completed,-29
LoadAware,5216,3658959723,1224155,1221465,4294964606,completed,-12
LoadAware,5217,3658959723,1224255,1221568,4294964609,completed,-12
LoadAware,5218,3658959723,1224355,1221671,4294964612,completed,-12
LoadAware,5199,3037662008,1222047,1222878,831,completed,-29
LoadAware,5200,3037662008,1222147,1222980,833,completed,-29
LoadAware,5219,3658959723,1224656,1221971,4294964611,completed,-12
LoadAware,5220,3658959723,1224756,1222080,4294964620,completed,-12
LoadAware,5201,3037662008,1222247,1223082,835,completed,-29
LoadAware,5221,3658959723,1224856,1222183,4294964623,completed,-12
LoadAware,5222,3658959723,1224956,1222286,4294964626,completed,-12
LoadAware,5202,3037662008,1222347,1223184,837,completed,-29
LoadAware,5223,3658959723,1225056,1222389,4294964629,completed,-12
LoadAware,5224,3658959723,1225156,1222492,4294964632,completed,-13
LoadAware,5203,3037662008,1222652,1223286,634,completed,-29
LoadAware,5225,3658959723,1225256,1222594,4294964634,completed,-13
LoadAware,5204,3037662008,1222752,1223387,635,completed,-29
LoadAware,5226,3658959723,1225356,1222695,4294964635,completed,-13
LoadAware,5205,3037662008,1222852,1223489,637,completed,-29
LoadAware,5206,3037662008,1222952,1223590,638,completed,-29
LoadAware,5227,3658959723,1225658,1222967,4294964605,completed,-13
LoadAware,5228,3658959723,1225758,1223076,4294964614,completed,-13
LoadAware,5207,3037662008,1223052,1223691,639,completed,-29
LoadAware,5208,3037662008,1223152,1223793,641,completed,-29
LoadAware,5229,3658959723,1225858,1223179,4294964617,completed,-13
LoadAware,5230,3658959723,1225958,1223282,4294964620,completed,-13
LoadAware,5231,3658959723,1226058,1223385,4294964623,completed,-13
LoadAware,5209,3037662008,1223252,1223895,643,completed,-29
LoadAware,5210,3037662008,1223352,1223996,644,completed,-29
LoadAware,5232,3658959723,1226158,1223488,4294964626,completed,-13
LoadAware,5233,3658959723,1226258,1223591,4294964629,completed,-13
LoadAware,5211,3037662008,1223655,1224098,443,completed,-29
LoadAware,5234,3658959723,1226358,1223694,4294964632,completed,-13
LoadAware,5235,3658959723,1226653,1223961,4294964604,completed,-13
LoadAware,5236,3658959723,1226753,1224071,4294964614,completed,-13
LoadAware,5237,3658959723,1226853,1224174,4294964617,completed,-13
LoadAware,5238,3658959723,1226953,1224277,4294964620,completed,-13
LoadAware,5239,3658959723,1227053,1224380,4294964623,completed,-13
LoadAware,5240,3658959723,1227153,1224483,4294964626,completed,-13
LoadAware,5241,3658959723,1227253,1224586,4294964629,completed,-13
LoadAware,5242,3658959723,1227353,1224689,4294964632,completed,-13
LoadAware,5243,3658959723,1227659,1224958,4294964595,completed,-13
LoadAware,5244,3658959723,1227759,1225061,4294964598,completed,-13
LoadAware,5245,3658959723,1227859,1225164,4294964601,completed,-13
LoadAware,5246,3658959723,1227959,1225267,4294964604,completed,-13
LoadAware,5247,3658959723,1228059,1225370,4294964607,completed,-13
LoadAware,5248,3658959723,1228159,1225473,4294964610,completed,-13
LoadAware,5249,3658959723,1228259,1225576,4294964613,completed,-13
LoadAware,5250,3658959723,1228359,1225679,4294964616,completed,-13
LoadAware,5251,3658959723,1228653,1225951,4294964594,completed,-13
LoadAware,5252,3658959723,1228753,1226054,4294964597,completed,-13
LoadAware,5253,3658959723,1228853,1226157,4294964600,completed,-13
LoadAware,5254,3658959723,1228953,1226260,4294964603,completed,-13
LoadAware,5255,3658959723,1229053,1226363,4294964606,completed,-13
LoadAware,5256,3658959723,1229153,1226466,4294964609,completed,-13
LoadAware,5257,3658959723,1229253,1226569,4294964612,completed,-14
LoadAware,5258,3658959723,1229353,1226671,4294964614,completed,-14
LoadAware,5259,3658959723,1229453,1226952,4294964795,completed,-14
LoadAware,5260,3658959723,1229664,1227055,4294964687,completed,-14
LoadAware,5261,3658959723,1229764,1227158,4294964690,completed,-14
LoadAware,5262,3658959723,1229864,1227263,4294964695,completed,-14
LoadAware,5263,3658959723,1229964,1227366,4294964698,completed,-14
LoadAware,5264,3658959723,1230064,1227469,4294964701,completed,-14
LoadAware,5265,3658959723,1230164,1227572,4294964704,completed,-14
LoadAware,5266,3658959723,1230264,1227675,4294964707,completed,-14
LoadAware,5267,3658959723,1230364,1227777,4294964709,completed,-14
LoadAware,5268,3658959723,1230658,1227957,4294964595,completed,-14
LoadAware,5269,3658959723,1230758,1228059,4294964597,completed,-14
LoadAware,5270,3658959723,1230858,1228162,4294964600,completed,-14
LoadAware,5271,3658959723,1230958,1228265,4294964603,completed,-14
LoadAware,5272,3658959723,1231058,1228368,4294964606,completed,-14
LoadAware,5273,3658959723,1231158,1228471,4294964609,completed,-14
LoadAware,5274,3658959723,1231258,1228574,4294964612,completed,-14
LoadAware,5275,3658959723,1231358,1228677,4294964615,completed,-14
LoadAware,5276,3658959723,1231666,1228964,4294964594,completed,-14
LoadAware,5277,3658959723,1231766,1229073,4294964603,completed,-14
LoadAware,5278,3658959723,1231866,1229176,4294964606,completed,-14
LoadAware,5279,3658959723,1231966,1229279,4294964609,completed,-14
LoadAware,5280,3658959723,1232066,1229382,4294964612,completed,-14
LoadAware,5281,3658959723,1232166,1229485,4294964615,completed,-14
LoadAware,5282,3658959723,1232266,1229588,4294964618,completed,-14
LoadAware,5283,3658959723,1232366,1229691,4294964621,completed,-14
LoadAware,5284,3658959723,1232660,1229959,4294964595,completed,-14
LoadAware,5285,3658959723,1232760,1230068,4294964604,completed,-14
LoadAware,5286,3658959723,1232860,1230171,4294964607,completed,-14
LoadAware,5287,3658959723,1232960,1230274,4294964610,completed,-14
LoadAware,5288,3658959723,1233060,1230377,4294964613,completed,-14
LoadAware,5289,3658959723,1233160,1230480,4294964616,completed,-14
LoadAware,5290,3658959723,1233260,1230583,4294964619,completed,-13
LoadAware,5291,3658959723,1233360,1230685,4294964621,completed,-13
LoadAware,5292,3658959723,1233664,1231022,4294964654,completed,-13
LoadAware,5293,3658959723,1233764,1231125,4294964657,completed,-13
LoadAware,5294,3658959723,1233864,1231228,4294964660,completed,-13
LoadAware,5295,3658959723,1233964,1231331,4294964663,completed,-13
LoadAware,5296,3658959723,1234064,1231434,4294964666,completed,-13
LoadAware,5297,3658959723,1234164,1231537,4294964669,completed,-13
LoadAware,5298,3658959723,1234264,1231640,4294964672,completed,-13
LoadAware,5299,3658959723,1234364,1231743,4294964675,completed,-13
LoadAware,5300,3658959723,1234654,1231976,4294964618,completed,-13
LoadAware,5301,3658959723,1236863,1234355,4294964788,completed,-14
LoadAware,5302,3658959723,1237065,1234482,4294964713,completed,-14
LoadAware,5303,3658959723,1237165,1234585,4294964716,completed,-14
LoadAware,5304,3658959723,1237265,1234688,4294964719,completed,-14
LoadAware,5305,3658959723,1237365,1234791,4294964722,completed,-14
LoadAware,5306,3658959723,1237465,1234894,4294964725,completed,-14
LoadAware,5307,3658959723,1237565,1234997,4294964728,completed,-14
LoadAware,5308,3658959723,1237665,1235100,4294964731,completed,-14
LoadAware,5309,3658959723,1237765,1235202,4294964733,completed,-14
LoadAware,5310,3658959723,1237865,1235357,4294964788,completed,-14
LoadAware,5311,3658959723,1238060,1235512,4294964748,completed,-14
LoadAware,5312,3658959723,1238160,1235616,4294964752,completed,-14
LoadAware,5313,3658959723,1238260,1235718,4294964754,completed,-14
LoadAware,5314,3658959723,1238360,1235821,4294964757,completed,-14
LoadAware,5315,3658959723,1238460,1235924,4294964760,completed,-14
LoadAware,5316,3658959723,1238560,1236027,4294964763,completed,-14
LoadAware,5317,3658959723,1238660,1236130,4294964766,completed,-14
LoadAware,5318,3658959723,1238760,1236233,4294964769,completed,-14
LoadAware,5319,3658959723,1238860,1236335,4294964771,completed,-14
LoadAware,5320,3658959723,1239068,1236438,4294964666,completed,-14
LoadAware,5321,3658959723,1239168,1236541,4294964669,completed,-13
LoadAware,5322,3658959723,1239268,1236644,4294964672,completed,-13
LoadAware,5323,3658959723,1239368,1236747,4294964675,completed,-13
LoadAware,5324,3658959723,1239468,1236850,4294964678,completed,-13
LoadAware,5325,3658959723,1239568,1236953,4294964681,completed,-13
LoadAware,5326,3658959723,1239668,1237056,4294964684,completed,-13
LoadAware,5327,3658959723,1239770,1237159,4294964685,completed,-13
LoadAware,5328,3658959723,1240066,1237366,4294964596,completed,-13
LoadAware,5329,3658959723,1240166,1237469,4294964599,completed,-13
LoadAware,5330,3658959723,1240266,1237572,4294964602,completed,-13
LoadAware,5331,3658959723,1240366,1237675,4294964605,completed,-13
LoadAware,5332,3658959723,1240466,1237778,4294964608,completed,-13
LoadAware,5333,3658959723,1240566,1237881,4294964611,completed,-13
LoadAware,5334,3658959723,1240666,1237984,4294964614,completed,-13
LoadAware,5335,3658959723,1240766,1238087,4294964617,completed,-13
LoadAware,5336,3658959723,1240866,1238359,4294964789,completed,-13
LoadAware,5337,3658959723,1241068,1238468,4294964696,completed,-13
LoadAware,5338,3658959723,1241168,1238578,4294964706,completed,-14
LoadAware,5339,3658959723,1241268,1238680,4294964708,completed,-14
LoadAware,5340,3658959723,1241368,1238783,4294964711,completed,-14
LoadAware,5341,3658959723,1241468,1238886,4294964714,completed,-14
LoadAware,5342,3658959723,1241568,1238989,4294964717,completed,-14
LoadAware,5343,3658959723,1241668,1239092,4294964720,completed,-14
LoadAware,5344,3658959723,1241768,1239195,4294964723,completed,-14
LoadAware,5345,3658959723,1241868,1239297,4294964725,completed,-14
LoadAware,5346,3658959723,1242072,1239400,4294964624,completed,-14
LoadAware,5347,3658959723,1242172,1239503,4294964627,completed,-14
LoadAware,5348,3658959723,1242272,1239606,4294964630,completed,-14
LoadAware,5349,3658959723,1242372,1239709,4294964633,completed,-14
LoadAware,5350,3658959723,1242472,1239812,4294964636,completed,-14
LoadAware,5351,3658959723,1242572,1239915,4294964639,completed,-14
LoadAware,5352,3658959723,1242672,1240018,4294964642,completed,-14
LoadAware,5353,3658959723,1242772,1240121,4294964645,completed,-14
LoadAware,5354,3658959723,1242872,1240364,4294964788,completed,-14
LoadAware,5355,3658959723,1243074,1240476,4294964698,completed,-14
LoadAware,5356,3658959723,1243174,1240579,4294964701,completed,-14
LoadAware,5357,3658959723,1243274,1240682,4294964704,completed,-14
LoadAware,5358,3658959723,1243374,1240785,4294964707,completed,-14
LoadAware,5359,3658959723,1243474,1240888,4294964710,completed,-14
LoadAware,5360,3658959723,1243574,1240991,4294964713,completed,-14
LoadAware,5361,3658959723,1243674,1241094,4294964716,completed,-14
LoadAware,5362,3658959723,1243774,1241196,4294964718,completed,-14
LoadAware,5363,3658959723,1243874,1241368,4294964790,completed,-14
LoadAware,5364,3658959723,1244071,1241471,4294964696,completed,-14
LoadAware,5365,3658959723,1244171,1241574,4294964699,completed,-14
LoadAware,5366,3658959723,1244271,1241677,4294964702,completed,-14
LoadAware,5367,3658959723,1244371,1241780,4294964705,completed,-14
LoadAware,5368,3658959723,1244471,1241883,4294964708,completed,-14
LoadAware,5369,3658959723,1244571,1241986,4294964711,completed,-14
LoadAware,5370,3658959723,1244671,1242089,4294964714,completed,-14
LoadAware,5371,3658959723,1244771,1242192,4294964717,completed,-14
LoadAware,5372,3658959723,1244873,1242368,4294964791,completed,-14
LoadAware,5373,3658959723,1245077,1242471,4294964690,completed,-14
LoadAware,5374,3658959723,1245177,1242575,4294964694,completed,-14
LoadAware,5375,3658959723,1245277,1242679,4294964698,completed,-14
LoadAware,5376,3658959723,1245377,1242781,4294964700,completed,-14
LoadAware,5377,3658959723,1245477,1242884,4294964703,completed,-14
LoadAware,5378,3658959723,1245577,1242988,4294964707,completed,-14
LoadAware,5379,3658959723,1245677,1243091,4294964710,completed,-14
LoadAware,5380,3658959723,1245777,1243193,4294964712,completed,-14
LoadAware,5381,3658959723,1245877,1243369,4294964788,completed,-14
LoadAware,5382,3658959723,1246072,1243472,4294964696,completed,-14
LoadAware,5383,3658959723,1246172,1243575,4294964699,completed,-14
LoadAware,5384,3658959723,1246272,1243678,4294964702,completed,-14
LoadAware,5385,3658959723,1246372,1243781,4294964705,completed,-14
LoadAware,5386,3658959723,1246472,1243884,4294964708,completed,-14
LoadAware,5387,3658959723,1246572,1243987,4294964711,completed,-14
LoadAware,5388,3658959723,1246672,1244090,4294964714,completed,-14
LoadAware,5389,3658959723,1246772,1244192,4294964716,completed,-14
LoadAware,5390,3658959723,1246873,1244294,4294964717,completed,-14
LoadAware,5391,3658959723,1247078,1244396,4294964614,completed,-14
LoadAware,5392,3658959723,1247178,1244499,4294964617,completed,-14
LoadAware,5393,3658959723,1247278,1244603,4294964621,completed,-13
LoadAware,5394,3658959723,1247378,1244706,4294964624,completed,-13
LoadAware,5395,3658959723,1247478,1244808,4294964626,completed,-13
LoadAware,5396,3658959723,1247578,1244911,4294964629,completed,-13
LoadAware,5397,3658959723,1247678,1245014,4294964632,completed,-13
LoadAware,5398,3658959723,1247778,1245117,4294964635,completed,-13
LoadAware,5399,3658959723,1247878,1245220,4294964638,completed,-13
LoadAware,5400,3658959723,1248079,1245380,4294964597,completed,-13
LoadAware,5401,3658959723,1248179,1245483,4294964600,completed,-13
LoadAware,5402,3658959723,1248279,1245586,4294964603,completed,-13
LoadAware,5403,3658959723,1248379,1245689,4294964606,completed,-13
LoadAware,5404,3658959723,1248479,1245792,4294964609,completed,-13
LoadAware,5405,3658959723,1248579,1245895,4294964612,completed,-13
LoadAware,5406,3658959723,1248679,1245998,4294964615,completed,-13
LoadAware,5407,3658959723,1248779,1246101,4294964618,completed,-13
LoadAware,5408,3658959723,1248879,1246373,4294964790,completed,-13
LoadAware,5409,3658959723,1249084,1246476,4294964688,completed,-13
LoadAware,5410,3658959723,1249184,1246582,4294964694,completed,-13
LoadAware,5411,3658959723,1249284,1246685,4294964697,completed,-13
LoadAware,5412,3658959723,1249384,1246788,4294964700,completed,-13
LoadAware,5413,3658959723,1249484,1246891,4294964703,completed,-13
LoadAware,5414,3658959723,1249584,1246994,4294964706,completed,-13
LoadAware,5415,3658959723,1249684,1247097,4294964709,completed,-13
LoadAware,5416,3658959723,1249784,1247199,4294964711,completed,-13
LoadAware,5417,3658959723,1250076,1247376,4294964596,completed,-13
LoadAware,5418,3658959723,1250176,1247488,4294964608,completed,-13
LoadAware,5419,3658959723,1250276,1247590,4294964610,completed,-13
LoadAware,5420,3658959723,1250376,1247693,4294964613,completed,-13
LoadAware,5421,3658959723,1250476,1247796,4294964616,completed,-13
LoadAware,5422,3658959723,1250576,1247899,4294964619,completed,-13
LoadAware,5423,3658959723,1250676,1248002,4294964622,completed,-13
LoadAware,5424,3658959723,1250776,1248105,4294964625,completed,-13
LoadAware,5425,3658959723,1250876,1248374,4294964794,completed,-13
LoadAware,5426,3658959723,1251083,1248483,4294964696,completed,-13
LoadAware,5427,3658959723,1251183,1248586,4294964699,completed,-14
LoadAware,5428,3658959723,1251283,1248689,4294964702,completed,-14
LoadAware,5429,3658959723,1251383,1248792,4294964705,completed,-14
LoadAware,5430,3658959723,1251483,1248895,4294964708,completed,-14
LoadAware,5431,3658959723,1251583,1248998,4294964711,completed,-14
LoadAware,5432,3658959723,1251683,1249101,4294964714,completed,-14
LoadAware,5433,3658959723,1251783,1249203,4294964716,completed,-14
LoadAware,5434,3658959723,1251883,1249377,4294964790,completed,-14
LoadAware,5435,3658959723,1252081,1249479,4294964694,completed,-14
LoadAware,5436,3658959723,1254296,1251791,4294964791,completed,-14
LoadAware,5437,3658959723,1254501,1251901,4294964696,completed,-14
LoadAware,5438,3658959723,1254602,1252011,4294964705,completed,-14
LoadAware,5439,3658959723,1254702,1252114,4294964708,completed,-14
LoadAware,5440,3658959723,1254802,1252217,4294964711,completed,-14
LoadAware,5441,3658959723,1254902,1252320,4294964714,completed,-14
LoadAware,5442,3658959723,1255002,1252423,4294964717,completed,-14
LoadAware,5443,3658959723,1255102,1252526,4294964720,completed,-13
LoadAware,5444,3658959723,1255202,1252627,4294964721,completed,-13
LoadAware,5445,3658959723,1255496,1252795,4294964595,completed,-13
LoadAware,5446,3658959723,1255596,1252898,4294964598,completed,-13
LoadAware,5447,3037662008,1255696,1254535,4294966135,completed,-26
LoadAware,5448,3037662008,1255796,1254638,4294966138,completed,-26
LoadAware,5449,3037662008,1255896,1254741,4294966141,completed,-26
LoadAware,5450,3037662008,1255996,1254843,4294966143,completed,-26
LoadAware,5451,3037662008,1256096,1254946,4294966146,completed,-26
LoadAware,5452,3037662008,1256196,1255048,4294966148,completed,-26
LoadAware,5453,3037662008,1256296,1255151,4294966151,completed,-26
LoadAware,5454,3037662008,1256503,1255350,4294966143,completed,-26
LoadAware,5455,3037662008,1256605,1255458,4294966149,completed,-26
LoadAware,5456,3037662008,1256705,1255560,4294966151,completed,-26
LoadAware,5457,3037662008,1256805,1255663,4294966154,completed,-26
LoadAware,5458,3037662008,1256905,1255766,4294966157,completed,-26
LoadAware,5459,3037662008,1257005,1255868,4294966159,completed,-26
LoadAware,5460,3037662008,1257105,1255971,4294966162,completed,-26
LoadAware,5461,3037662008,1257205,1256074,4294966165,completed,-26
LoadAware,5462,3037662008,1257503,1256343,4294966136,completed,-29
LoadAware,5463,3037662008,1257607,1256449,4294966138,completed,-29
LoadAware,5464,3037662008,1257707,1256552,4294966141,completed,-29
LoadAware,5465,3037662008,1257807,1256655,4294966144,completed,-29
LoadAware,5466,3037662008,1257907,1256758,4294966147,completed,-29
LoadAware,5467,3037662008,1258007,1256861,4294966150,completed,-29
LoadAware,5468,3037662008,1258107,1256964,4294966153,completed,-29
LoadAware,5469,3037662008,1258207,1257067,4294966156,completed,-29
LoadAware,5470,3037662008,1258501,1257344,4294966139,completed,-29
LoadAware,5471,3037662008,1258601,1257447,4294966142,completed,-29
LoadAware,5472,3037662008,1258701,1257550,4294966145,completed,-29
LoadAware,5473,3037662008,1258801,1257653,4294966148,completed,-29
LoadAware,5474,3037662008,1258901,1257756,4294966151,completed,-29
LoadAware,5475,3037662008,1259001,1257859,4294966154,completed,-29
LoadAware,5476,3037662008,1259101,1257962,4294966157,completed,-29
LoadAware,5477,3037662008,1259201,1258065,4294966160,completed,-29
LoadAware,5478,3037662008,1259301,1258168,4294966163,completed,-29
LoadAware,5479,3037662008,1259506,1258346,4294966136,completed,-30
LoadAware,5480,3037662008,1259606,1258452,4294966142,completed,-30
LoadAware,5481,3037662008,1259706,1258555,4294966145,completed,-30
LoadAware,5482,3037662008,1259806,1258658,4294966148,completed,-30
LoadAware,5483,3037662008,1259906,1258761,4294966151,completed,-30
LoadAware,5484,3037662008,1260006,1258863,4294966153,completed,-30
LoadAware,5485,3037662008,1260106,1258965,4294966155,completed,-30
LoadAware,5486,3037662008,1260206,1259068,4294966158,completed,-30
LoadAware,5487,3037662008,1260306,1259345,4294966335,completed,-30
LoadAware,5488,3037662008,1260507,1259448,4294966237,completed,-30
LoadAware,5489,3037662008,1260607,1259550,4294966239,completed,-30
LoadAware,5490,3037662008,1260707,1259653,4294966242,completed,-30
LoadAware,5491,3037662008,1260807,1259756,4294966245,completed,-30
LoadAware,5492,3037662008,1260907,1259859,4294966248,completed,-30
LoadAware,5493,3037662008,1261007,1259962,4294966251,completed,-30
LoadAware,5494,3037662008,1261107,1260065,4294966254,completed,-30
LoadAware,5495,3037662008,1261207,1260168,4294966257,completed,-30
LoadAware,5496,3037662008,1261307,1260341,4294966330,completed,-30
LoadAware,5498,3658959723,1261609,1258907,4294964594,completed,-12
LoadAware,5499,3658959723,1261709,1259010,4294964597,completed,-12
LoadAware,5497,3037662008,1261509,1260444,4294966231,completed,-30
LoadAware,5500,3658959723,1261809,1259113,4294964600,completed,-12
LoadAware,5501,3658959723,1261909,1259215,4294964602,completed,-12
LoadAware,5502,3658959723,1262009,1259317,4294964604,completed,-12
LoadAware,5503,3658959723,1262109,1259420,4294964607,completed,-12
LoadAware,5504,3658959723,1262209,1259523,4294964610,completed,-12
LoadAware,5505,3658959723,1262309,1259800,4294964787,completed,-12
LoadAware,5506,3658959723,1262510,1259909,4294964695,completed,-12
LoadAware,5507,3658959723,1262610,1260014,4294964700,completed,-12
LoadAware,5508,3658959723,1262710,1260117,4294964703,completed,-12
LoadAware,5509,3658959723,1262810,1260220,4294964706,completed,-12
LoadAware,5510,3658959723,1262910,1260323,4294964709,completed,-12
LoadAware,5511,3658959723,1263010,1260425,4294964711,completed,-12
LoadAware,5512,3658959723,1263110,1260528,4294964714,completed,-14
LoadAware,5513,3658959723,1263210,1260629,4294964715,completed,-14
LoadAware,5514,3658959723,1263310,1260802,4294964788,completed,-14
LoadAware,5515,3037662008,1263511,1262352,4294966137,completed,-28
LoadAware,5516,3037662008,1263612,1262455,4294966139,completed,-28
LoadAware,5517,3037662008,1263712,1262557,4294966141,completed,-28
LoadAware,5518,3037662008,1263812,1262660,4294966144,completed,-28
LoadAware,5519,3037662008,1263912,1262763,4294966147,completed,-28
LoadAware,5520,3037662008,1264012,1262866,4294966150,completed,-28
LoadAware,5521,3037662008,1264112,1262969,4294966153,completed,-28
LoadAware,5522,3037662008,1264212,1263072,4294966156,completed,-28
LoadAware,5523,3037662008,1264312,1263345,4294966329,completed,-28
LoadAware,5524,3037662008,1264512,1263462,4294966246,completed,-28
LoadAware,5525,3037662008,1264612,1263565,4294966249,completed,-28
LoadAware,5526,3037662008,1264712,1263668,4294966252,completed,-28
LoadAware,5527,3037662008,1264812,1263771,4294966255,completed,-28
LoadAware,5528,3037662008,1264912,1263874,4294966258,completed,-28
LoadAware,5529,3037662008,1265012,1263978,4294966262,completed,-28
LoadAware,5530,3037662008,1265112,1264080,4294966264,completed,-28
LoadAware,5531,3037662008,1265212,1264182,4294966266,completed,-28
LoadAware,5534,3658959723,1265613,1262913,4294964596,completed,-12
LoadAware,5532,3037662008,1265312,1264346,4294966330,completed,-28
LoadAware,5535,3658959723,1265713,1263023,4294964606,completed,-12
LoadAware,5536,3658959723,1265813,1263126,4294964609,completed,-12
LoadAware,5537,3658959723,1265913,1263229,4294964612,completed,-12
LoadAware,5533,3037662008,1265513,1264447,4294966230,completed,-28
LoadAware,5538,3658959723,1266013,1263332,4294964615,completed,-12
LoadAware,5539,3658959723,1266113,1263435,4294964618,completed,-12
LoadAware,5540,3658959723,1266213,1263538,4294964621,completed,-12
LoadAware,5541,3658959723,1266313,1263804,4294964787,completed,-12
LoadAware,5542,3658959723,1266513,1263907,4294964690,completed,-12
LoadAware,5543,3658959723,1266613,1264010,4294964693,completed,-12
LoadAware,5544,3658959723,1266713,1264113,4294964696,completed,-12
LoadAware,5545,3658959723,1266813,1264216,4294964699,completed,-12
LoadAware,5546,3658959723,1266913,1264319,4294964702,completed,-12
LoadAware,5547,3658959723,1267013,1264422,4294964705,completed,-12
LoadAware,5548,3658959723,1267113,1264525,4294964708,completed,-14
LoadAware,5551,3037662008,1267513,1266354,4294966137,completed,-27
LoadAware,5552,3037662008,1267613,1266457,4294966140,completed,-27
LoadAware,5549,3658959723,1267213,1264626,4294964709,completed,-14
LoadAware,5553,3037662008,1267713,1266560,4294966143,completed,-27
LoadAware,5554,3037662008,1267813,1266663,4294966146,completed,-27
LoadAware,5555,3037662008,1267913,1266766,4294966149,completed,-27
LoadAware,5550,3658959723,1267313,1264727,4294964710,completed,-14
LoadAware,5556,3037662008,1268013,1266869,4294966152,completed,-27
LoadAware,5557,3037662008,1268113,1266972,4294966155,completed,-27
LoadAware,5558,3037662008,1268213,1267075,4294966158,completed,-27
LoadAware,5559,3037662008,1268313,1267350,4294966333,completed,-27
LoadAware,5560,3037662008,1268517,1267454,4294966233,completed,-27
LoadAware,5561,3037662008,1268625,1267557,4294966228,completed,-27
LoadAware,5562,3037662008,1268725,1267660,4294966231,completed,-27
LoadAware,5563,3037662008,1268825,1267764,4294966235,completed,-27
LoadAware,5564,3037662008,1268925,1267866,4294966237,completed,-27
LoadAware,5565,3037662008,1269025,1267969,4294966240,completed,-27
LoadAware,5566,3037662008,1269125,1268072,4294966243,completed,-27
LoadAware,5567,3037662008,1269225,1268175,4294966246,completed,-27
LoadAware,5568,3037662008,1269521,1268361,4294966136,completed,-29
LoadAware,5569,3037662008,1271729,1270763,4294966330,completed,-27
LoadAware,5570,3037662008,1271932,1271007,4294966371,completed,-27
LoadAware,5571,3037662008,1272032,1271282,4294966546,completed,-27
LoadAware,5572,3037662008,1272132,1271532,4294966696,completed,-27
LoadAware,5573,3037662008,1272232,1271809,4294966873,completed,-27
LoadAware,5574,3037662008,1272332,1271911,4294966875,completed,-27
LoadAware,5575,3037662008,1272432,1272057,4294966921,completed,-27
LoadAware,5576,3037662008,1272532,1272295,4294967059,completed,-27
LoadAware,5577,3037662008,1272632,1272397,4294967061,completed,-29
LoadAware,5578,3037662008,1272732,1272498,4294967062,completed,-29
LoadAware,5579,3037662008,1272927,1272600,4294966969,completed,-29
LoadAware,5580,3037662008,1273027,1272701,4294966970,completed,-29
LoadAware,5581,3037662008,1273127,1272805,4294966974,completed,-29
LoadAware,5588,3658959723,1273940,1271358,4294964714,completed,-12
LoadAware,5582,3037662008,1273227,1272908,4294966977,completed,-29
LoadAware,5583,3037662008,1273329,1273011,4294966978,completed,-29
LoadAware,5589,3658959723,1274040,1271473,4294964729,completed,-12
LoadAware,5584,3037662008,1273429,1273114,4294966981,completed,-29
LoadAware,5590,3658959723,1274140,1271576,4294964732,completed,-12
LoadAware,5585,3037662008,1273529,1273217,4294966984,completed,-29
LoadAware,5591,3658959723,1274240,1271679,4294964735,completed,-12
LoadAware,5592,3658959723,1274340,1271782,4294964738,completed,-12
LoadAware,5593,3658959723,1274440,1271885,4294964741,completed,-12
LoadAware,5586,3037662008,1273629,1273320,4294966987,completed,-29
LoadAware,5594,3658959723,1274540,1271988,4294964744,completed,-12
LoadAware,5595,3658959723,1274640,1272091,4294964747,completed,-12
LoadAware,5587,3037662008,1273729,1273422,4294966989,completed,-29
LoadAware,5596,3658959723,1274938,1272242,4294964600,completed,-12
LoadAware,5597,3658959723,1275038,1272351,4294964609,completed,-12
LoadAware,5598,3658959723,1275138,1272454,4294964612,completed,-12
LoadAware,5599,3658959723,1275238,1272557,4294964615,completed,-14
LoadAware,5600,3658959723,1275338,1272660,4294964618,completed,-14
LoadAware,5601,3658959723,1275438,1272763,4294964621,completed,-14
LoadAware,5603,3037662008,1275638,1274480,4294966138,completed,-26
LoadAware,5602,3658959723,1275538,1272866,4294964624,completed,-14
LoadAware,5604,3037662008,1275738,1274772,4294966330,completed,-26
LoadAware,5605,3037662008,1275945,1274880,4294966231,completed,-26
LoadAware,5606,3037662008,1276047,1274990,4294966239,completed,-26
LoadAware,5607,3037662008,1276147,1275093,4294966242,completed,-26
LoadAware,5608,3037662008,1276247,1275196,4294966245,completed,-26
LoadAware,5609,3037662008,1276347,1275299,4294966248,completed,-26
LoadAware,5610,3037662008,1276447,1275402,4294966251,completed,-26
LoadAware,5611,3037662008,1276547,1275504,4294966253,completed,-26
LoadAware,5612,3037662008,1276647,1275607,4294966256,completed,-26
LoadAware,5613,3037662008,1276938,1275781,4294966139,completed,-26
LoadAware,5614,3037662008,1277038,1275884,4294966142,completed,-26
LoadAware,5615,3037662008,1277138,1275987,4294966145,completed,-26
LoadAware,5616,3037662008,1277238,1276089,4294966147,completed,-26
LoadAware,5617,3037662008,1277338,1276192,4294966150,completed,-26
LoadAware,5618,3037662008,1277438,1276295,4294966153,completed,-26
LoadAware,5619,3037662008,1277538,1276398,4294966156,completed,-29
LoadAware,5620,3037662008,1277638,1276500,4294966158,completed,-29
LoadAware,5621,3037662008,1277738,1276601,4294966159,completed,-29
LoadAware,5622,3037662008,1277942,1276788,4294966142,completed,-29
LoadAware,5623,3037662008,1278042,1276891,4294966145,completed,-29
LoadAware,5624,3037662008,1278142,1276993,4294966147,completed,-29
LoadAware,5625,3037662008,1278242,1277096,4294966150,completed,-29
LoadAware,5626,3037662008,1278342,1277198,4294966152,completed,-29
LoadAware,5627,3037662008,1278442,1277301,4294966155,completed,-29
LoadAware,5628,3037662008,1278542,1277404,4294966158,completed,-29
LoadAware,5629,3037662008,1278642,1277507,4294966161,completed,-29
LoadAware,5630,3037662008,1278742,1277776,4294966330,completed,-29
LoadAware,5631,3037662008,1278943,1277879,4294966232,completed,-29
LoadAware,5632,3037662008,1279043,1277982,4294966235,completed,-29
LoadAware,5633,3037662008,1279143,1278085,4294966238,completed,-29
LoadAware,5634,3037662008,1279243,1278188,4294966241,completed,-29
LoadAware,5635,3037662008,1279343,1278290,4294966243,completed,-29
LoadAware,5636,3037662008,1279443,1278393,4294966246,completed,-29
LoadAware,5637,3037662008,1279543,1278496,4294966249,completed,-29
LoadAware,5639,3658959723,1279745,1277248,4294964799,completed,-11
LoadAware,5640,3658959723,1279946,1277357,4294964707,completed,-11
LoadAware,5638,3037662008,1279643,1278599,4294966252,completed,-29
LoadAware,5641,3658959723,1280046,1277466,4294964716,completed,-11
LoadAware,5642,3658959723,1280146,1277569,4294964719,completed,-11
LoadAware,5643,3658959723,1280246,1277672,4294964722,completed,-11
LoadAware,5644,3658959723,1280346,1277775,4294964725,completed,-11
LoadAware,5645,3658959723,1280446,1277878,4294964728,completed,-11
LoadAware,5646,3658959723,1280546,1277981,4294964731,completed,-11
LoadAware,5647,3658959723,1280646,1278084,4294964734,completed,-11
LoadAware,5648,3658959723,1280746,1278239,4294964789,completed,-11
LoadAware,5649,3658959723,1280947,1278345,4294964694,completed,-11
LoadAware,5650,3658959723,1281047,1278447,4294964696,completed,-11
LoadAware,5653,3037662008,1281347,1280187,4294966136,completed,-29
LoadAware,5651,3658959723,1281147,1278550,4294964699,completed,-13
LoadAware,5652,3658959723,1281247,1278652,4294964701,completed,-13
LoadAware,5654,3037662008,1281447,1280289,4294966138,completed,-29
LoadAware,5655,3037662008,1281547,1280392,4294966141,completed,-30
LoadAware,5656,3037662008,1281647,1280495,4294966144,completed,-30
LoadAware,5657,3037662008,1281747,1280782,4294966331,completed,-30
LoadAware,5658,3037662008,1281950,1280885,4294966231,completed,-30
LoadAware,5659,3037662008,1282050,1280987,4294966233,completed,-30
LoadAware,5660,3037662008,1282150,1281090,4294966236,completed,-30
LoadAware,5661,3037662008,1282250,1281192,4294966238,completed,-30
LoadAware,5662,3037662008,1282350,1281295,4294966241,completed,-30
LoadAware,5663,3037662008,1282450,1281398,4294966244,completed,-30
LoadAware,5664,3037662008,1282550,1281501,4294966247,completed,-30
LoadAware,5665,3037662008,1282650,1281604,4294966250,completed,-30
LoadAware,5666,3037662008,1282750,1281785,4294966331,completed,-30
LoadAware,5667,3037662008,1282953,1281888,4294966231,completed,-30
LoadAware,5668,3037662008,1283053,1281989,4294966232,completed,-30
LoadAware,5669,3037662008,1283153,1282128,4294966271,completed,-30
LoadAware,5670,3037662008,1283253,1282237,4294966280,completed,-30
LoadAware,5671,3037662008,1283353,1282346,4294966289,completed,-29
LoadAware,5672,3037662008,1283453,1282452,4294966295,completed,-29
LoadAware,5674,3658959723,1283653,1280951,4294964594,completed,-12
LoadAware,5673,3037662008,1283553,1282554,4294966297,completed,-29
LoadAware,5675,3658959723,1283753,1281306,4294964849,completed,-12
LoadAware,5676,3658959723,1283956,1281415,4294964755,completed,-12
LoadAware,5677,3658959723,1284056,1281524,4294964764,completed,-12
LoadAware,5678,3658959723,1284156,1281627,4294964767,completed,-12
LoadAware,5679,3658959723,1284256,1281730,4294964770,completed,-12
LoadAware,5680,3658959723,1284356,1281833,4294964773,completed,-12
LoadAware,5681,3658959723,1284456,1281936,4294964776,completed,-12
LoadAware,5682,3658959723,1284556,1282039,4294964779,completed,-12
LoadAware,5683,3658959723,1284656,1282142,4294964782,completed,-12
LoadAware,5684,3658959723,1284756,1282248,4294964788,completed,-12
LoadAware,5685,3658959723,1284958,1282351,4294964689,completed,-12
LoadAware,5686,3658959723,1285058,1282453,4294964691,completed,-12
LoadAware,5689,3037662008,1285358,1284197,4294966135,completed,-29
LoadAware,5687,3658959723,1285158,1282559,4294964697,completed,-12
LoadAware,5690,3037662008,1285458,1284306,4294966144,completed,-29
LoadAware,5691,3037662008,1285558,1284423,4294966161,completed,-28
LoadAware,5688,3658959723,1285258,1282661,4294964699,completed,-12
LoadAware,5692,3037662008,1285658,1284526,4294966164,completed,-28
LoadAware,5693,3037662008,1285758,1284792,4294966330,completed,-28
LoadAware,5694,3037662008,1285959,1284901,4294966238,completed,-28
LoadAware,5695,3037662008,1286059,1285004,4294966241,completed,-28
LoadAware,5696,3037662008,1286159,1285107,4294966244,completed,-28
LoadAware,5697,3037662008,1286259,1285210,4294966247,completed,-28
LoadAware,5698,3037662008,1286359,1285313,4294966250,completed,-28
LoadAware,5699,3037662008,1286459,1285415,4294966252,completed,-28
LoadAware,5700,3037662008,1286559,1285518,4294966255,completed,-28
LoadAware,5701,3037662008,1286659,1285621,4294966258,completed,-28
LoadAware,5702,3037662008,1286759,1285795,4294966332,completed,-28
LoadAware,5703,3037662008,1286963,1285898,4294966231,completed,-28
LoadAware,5704,3037662008,1289174,1288210,4294966332,completed,-29
LoadAware,5705,3037662008,1289379,1288320,4294966237,completed,-29
LoadAware,5706,3037662008,1289479,1288423,4294966240,completed,-30
LoadAware,5707,3037662008,1289579,1288526,4294966243,completed,-30
LoadAware,5708,3658959723,1289679,1286977,4294964594,completed,-12
LoadAware,5709,3658959723,1289779,1287079,4294964596,completed,-12
LoadAware,5710,3658959723,1289879,1287257,4294964674,completed,-12
LoadAware,5711,3658959723,1289979,1287359,4294964676,completed,-12
LoadAware,5712,3658959723,1290079,1287710,4294964927,completed,-12
LoadAware,5713,3658959723,1290374,1287812,4294964734,completed,-12
LoadAware,5714,3658959723,1290474,1288083,4294964905,completed,-12
LoadAware,5715,3658959723,1290574,1288247,4294964969,completed,-12
LoadAware,5716,3658959723,1290674,1288349,4294964971,completed,-12
LoadAware,5717,3658959723,1290774,1288451,4294964973,completed,-12
LoadAware,5723,3037662008,1291481,1290320,4294966135,completed,-30
LoadAware,5718,3658959723,1290874,1288553,4294964975,completed,-13
LoadAware,5724,3037662008,1291581,1290429,4294966144,completed,-28
LoadAware,5725,3037662008,1291681,1290531,4294966146,completed,-28
LoadAware,5726,3037662008,1291781,1290633,4294966148,completed,-28
LoadAware,5719,3658959723,1290975,1288654,4294964975,completed,-13
LoadAware,5727,3037662008,1291881,1290736,4294966151,completed,-28
LoadAware,5728,3037662008,1291981,1290839,4294966154,completed,-28
LoadAware,5729,3037662008,1292081,1290942,4294966157,completed,-28
LoadAware,5720,3658959723,1291075,1288756,4294964977,completed,-13
LoadAware,5730,3037662008,1292375,1291222,4294966143,completed,-28
LoadAware,5721,3658959723,1291175,1288857,4294964978,completed,-13
LoadAware,5722,3658959723,1291381,1288959,4294964874,completed,-13
LoadAware,5731,3037662008,1292475,1291382,4294966203,completed,-28
LoadAware,5732,3037662008,1292575,1291485,4294966206,completed,-28
LoadAware,5733,3037662008,1292675,1291588,4294966209,completed,-28
LoadAware,5734,3037662008,1292775,1291691,4294966212,completed,-28
LoadAware,5735,3037662008,1292875,1291794,4294966215,completed,-28
LoadAware,5736,3037662008,1292975,1291897,4294966218,completed,-28
LoadAware,5737,3037662008,1293075,1292000,4294966221,completed,-28
LoadAware,5738,3037662008,1293175,1292103,4294966224,completed,-28
LoadAware,5739,3037662008,1293384,1292224,4294966136,completed,-28
LoadAware,5740,3037662008,1293484,1292350,4294966162,completed,-31
LoadAware,5741,3037662008,1293584,1292464,4294966176,completed,-31
LoadAware,5742,3037662008,1293684,1292567,4294966179,completed,-31
LoadAware,5743,3037662008,1293784,1292670,4294966182,completed,-31
LoadAware,5744,3037662008,1293884,1292773,4294966185,completed,-31
LoadAware,5745,3037662008,1293984,1292876,4294966188,completed,-31
LoadAware,5746,3037662008,1294084,1292979,4294966191,completed,-31
LoadAware,5747,3037662008,1294380,1293221,4294966137,completed,-31
LoadAware,5748,3037662008,1294480,1293324,4294966140,completed,-31
LoadAware,5749,3037662008,1294580,1293427,4294966143,completed,-31
LoadAware,5750,3037662008,1294680,1293530,4294966146,completed,-31
LoadAware,5751,3037662008,1294780,1293633,4294966149,completed,-31
LoadAware,5752,3037662008,1294880,1293736,4294966152,completed,-31
LoadAware,5753,3037662008,1294980,1293839,4294966155,completed,-31
LoadAware,5754,3037662008,1295080,1293942,4294966158,completed,-31
LoadAware,5755,3037662008,1295180,1294045,4294966161,completed,-31
LoadAware,5756,3037662008,1295388,1294228,4294966136,completed,-31
LoadAware,5757,3037662008,1295488,1294331,4294966139,completed,-31
LoadAware,5758,3037662008,1295588,1294434,4294966142,completed,-28
LoadAware,5759,3037662008,1295688,1294537,4294966145,completed,-28
LoadAware,5760,3037662008,1295788,1294640,4294966148,completed,-28
LoadAware,5761,3037662008,1295888,1294742,4294966150,completed,-28
LoadAware,5762,3037662008,1295988,1294845,4294966153,completed,-28
LoadAware,5763,3037662008,1296088,1294947,4294966155,completed,-28
LoadAware,5764,3037662008,1296378,1295219,4294966137,completed,-28
LoadAware,5765,3037662008,1296478,1295329,4294966147,completed,-28
LoadAware,5766,3037662008,1296578,1295432,4294966150,completed,-28
LoadAware,5767,3037662008,1296678,1295535,4294966153,completed,-28
LoadAware,5768,3037662008,1296778,1295638,4294966156,completed,-28
LoadAware,5769,3037662008,1296878,1295741,4294966159,completed,-28
LoadAware,5770,3037662008,1296978,1295844,4294966162,completed,-28
LoadAware,5771,3037662008,1297078,1295947,4294966165,completed,-28
LoadAware,5772,3037662008,1297178,1296050,4294966168,completed,-28
LoadAware,5773,3037662008,1297388,1296230,4294966138,completed,-28
LoadAware,5774,3037662008,1297488,1296333,4294966141,completed,-28
LoadAware,5775,3037662008,1297588,1296435,4294966143,completed,-31
LoadAware,5776,3037662008,1297688,1296538,4294966146,completed,-31
LoadAware,5777,3037662008,1297788,1296641,4294966149,completed,-31
LoadAware,5778,3037662008,1297888,1296744,4294966152,completed,-31
LoadAware,5779,3037662008,1297988,1296847,4294966155,completed,-31
LoadAware,5780,3037662008,1298088,1296950,4294966158,completed,-31
LoadAware,5781,3037662008,1298380,1297222,4294966138,completed,-31
LoadAware,5782,3037662008,1298480,1297325,4294966141,completed,-31
LoadAware,5783,3037662008,1298580,1297428,4294966144,completed,-31
LoadAware,5784,3037662008,1298680,1297531,4294966147,completed,-31
LoadAware,5785,3037662008,1298780,1297634,4294966150,completed,-31
LoadAware,5786,3037662008,1298880,1297737,4294966153,completed,-31
LoadAware,5787,3037662008,1298980,1297840,4294966156,completed,-31
LoadAware,5788,3037662008,1299080,1297943,4294966159,completed,-31
LoadAware,5789,3037662008,1299180,1298046,4294966162,completed,-31
LoadAware,5790,3037662008,1299391,1298407,4294966312,completed,-28
LoadAware,5793,3658959723,1299691,1296988,4294964593,completed,-12
LoadAware,5791,3037662008,1299491,1298510,4294966315,completed,-28
LoadAware,5794,3658959723,1299791,1297097,4294964602,completed,-12
LoadAware,5795,3658959723,1299891,1297207,4294964612,completed,-12
LoadAware,5796,3658959723,1299991,1297317,4294964622,completed,-12
LoadAware,5792,3037662008,1299591,1298612,4294966317,completed,-28
LoadAware,5797,3658959723,1300091,1297420,4294964625,completed,-12
LoadAware,5798,3658959723,1300387,1297690,4294964599,completed,-12
LoadAware,5799,3658959723,1300487,1297793,4294964602,completed,-12
LoadAware,5800,3658959723,1300587,1297896,4294964605,completed,-12
LoadAware,5801,3658959723,1300687,1297998,4294964607,completed,-12
LoadAware,5802,3658959723,1300787,1298101,4294964610,completed,-12
LoadAware,5803,3658959723,1300887,1298204,4294964613,completed,-12
LoadAware,5804,3658959723,1300987,1298307,4294964616,completed,-12
LoadAware,5805,3658959723,1301087,1298410,4294964619,completed,-12
LoadAware,5806,3658959723,1301187,1298681,4294964790,completed,-14
LoadAware,5807,3658959723,1301390,1298784,4294964690,completed,-14
LoadAware,5808,3658959723,1301490,1298890,4294964696,completed,-14
LoadAware,5810,3037662008,1301690,1300529,4294966135,completed,-27
LoadAware,5809,3658959723,1301590,1298993,4294964699,completed,-14
LoadAware,5811,3037662008,1301790,1300642,4294966148,completed,-27
LoadAware,5812,3037662008,1301890,1300744,4294966150,completed,-27
LoadAware,5813,3037662008,1301990,1300847,4294966153,completed,-27
LoadAware,5814,3037662008,1302090,1300950,4294966156,completed,-27
LoadAware,5815,3037662008,1302190,1301223,4294966329,completed,-27
LoadAware,5816,3037662008,1302390,1301327,4294966233,completed,-27
LoadAware,5817,3037662008,1302490,1301430,4294966236,completed,-27
LoadAware,5818,3037662008,1302590,1301532,4294966238,completed,-27
LoadAware,5819,3037662008,1302690,1301634,4294966240,completed,-27
LoadAware,5820,3037662008,1302790,1301737,4294966243,completed,-27
LoadAware,5821,3037662008,1302890,1301840,4294966246,completed,-27
LoadAware,5822,3037662008,1302990,1301943,4294966249,completed,-27
LoadAware,5823,3037662008,1303090,1302046,4294966252,completed,-27
LoadAware,5824,3037662008,1303190,1302147,4294966253,completed,-27
LoadAware,5825,3037662008,1303392,1302250,4294966154,completed,-27
LoadAware,5826,3037662008,1303492,1302355,4294966159,completed,-27
LoadAware,5827,3037662008,1303592,1302456,4294966160,completed,-27
LoadAware,5828,3658959723,1303692,1300990,4294964594,completed,-13
LoadAware,5829,3658959723,1303792,1301256,4294964760,completed,-13
LoadAware,5830,3658959723,1303892,1301686,4294965090,completed,-13
LoadAware,5831,3658959723,1303992,1303883,4294967187,completed,-13
LoadAware,5835,3037662008,1306600,1305635,4294966331,completed,-26
LoadAware,5832,3658959723,1304092,1304122,30,completed,-13
LoadAware,5833,3658959723,1304192,1304225,33,completed,-13
LoadAware,5836,3037662008,1306806,1305831,4294966321,completed,-26
LoadAware,5834,3658959723,1304391,1304335,4294967240,completed,-13
LoadAware,5837,3037662008,1306911,1305934,4294966319,completed,-26
LoadAware,5838,3037662008,1307011,1306037,4294966322,completed,-26
LoadAware,5839,3037662008,1307111,1306140,4294966325,completed,-26
LoadAware,5840,3037662008,1307211,1306243,4294966328,completed,-26
LoadAware,5841,3037662008,1307312,1306346,4294966330,completed,-26
LoadAware,5845,3658959723,1307908,1305206,4294964594,completed,-14
LoadAware,5842,3037662008,1307414,1306449,4294966331,completed,-28
LoadAware,5843,3037662008,1307518,1306551,4294966329,completed,-28
LoadAware,5846,3658959723,1308008,1305316,4294964604,completed,-14
LoadAware,5847,3658959723,1308108,1305419,4294964607,completed,-14
LoadAware,5848,3658959723,1308208,1305522,4294964610,completed,-14
LoadAware,5844,3037662008,1307808,1306653,4294966141,completed,-28
LoadAware,5849,3658959723,1308308,1305625,4294964613,completed,-14
LoadAware,5850,3658959723,1308408,1305728,4294964616,completed,-14
LoadAware,5851,3658959723,1308508,1305831,4294964619,completed,-14
LoadAware,5852,3658959723,1308813,1306139,4294964622,completed,-14
LoadAware,5853,3658959723,1308913,1306242,4294964625,completed,-14
LoadAware,5854,3658959723,1309013,1306345,4294964628,completed,-14
LoadAware,5855,3658959723,1309113,1306448,4294964631,completed,-14
LoadAware,5858,3037662008,1309413,1308253,4294966136,completed,-28
LoadAware,5856,3658959723,1309213,1306551,4294964634,completed,-14
LoadAware,5859,3037662008,1309513,1308379,4294966162,completed,-27
LoadAware,5857,3658959723,1309313,1306652,4294964635,completed,-14
LoadAware,5860,3037662008,1309816,1308658,4294966138,completed,-27
LoadAware,5861,3037662008,1309916,1308761,4294966141,completed,-27
LoadAware,5862,3037662008,1310016,1308864,4294966144,completed,-27
LoadAware,5863,3037662008,1310116,1308966,4294966146,completed,-27
LoadAware,5864,3037662008,1310216,1309077,4294966157,completed,-27
LoadAware,5865,3037662008,1310316,1309180,4294966160,completed,-27
LoadAware,5866,3037662008,1310416,1309283,4294966163,completed,-27
LoadAware,5867,3037662008,1310516,1309386,4294966166,completed,-27
LoadAware,5868,3037662008,1310813,1309655,4294966138,completed,-27
LoadAware,5869,3037662008,1310913,1309758,4294966141,completed,-27
LoadAware,5870,3037662008,1311013,1309860,4294966143,completed,-27
LoadAware,5871,3037662008,1311113,1309963,4294966146,completed,-27
LoadAware,5872,3037662008,1311213,1310066,4294966149,completed,-27
LoadAware,5873,3037662008,1311313,1310169,4294966152,completed,-27
LoadAware,5874,3037662008,1311413,1310272,4294966155,completed,-27
LoadAware,5875,3037662008,1311513,1310375,4294966158,completed,-30
LoadAware,5876,3037662008,1311812,1310653,4294966137,completed,-30
LoadAware,5877,3037662008,1311912,1310755,4294966139,completed,-30
LoadAware,5878,3037662008,1312012,1310858,4294966142,completed,-30
LoadAware,5879,3037662008,1312112,1310968,4294966152,completed,-30
LoadAware,5880,3037662008,1312212,1311070,4294966154,completed,-30
LoadAware,5881,3037662008,1312312,1311173,4294966157,completed,-30
LoadAware,5882,3037662008,1312412,1311276,4294966160,completed,-30
LoadAware,5883,3037662008,1312512,1311379,4294966163,completed,-30
LoadAware,5884,3037662008,1312816,1311658,4294966138,completed,-30
LoadAware,5885,3037662008,1312916,1311768,4294966148,completed,-30
LoadAware,5886,3037662008,1313016,1311871,4294966151,completed,-30
LoadAware,5887,3037662008,1313116,1311974,4294966154,completed,-30
LoadAware,5888,3037662008,1313216,1312077,4294966157,completed,-30
LoadAware,5889,3037662008,1313316,1312180,4294966160,completed,-30
LoadAware,5890,3037662008,1313416,1312283,4294966163,completed,-30
LoadAware,5891,3037662008,1313516,1312386,4294966166,completed,-27
LoadAware,5892,3037662008,1313814,1312655,4294966137,completed,-27
LoadAware,5893,3037662008,1313914,1312758,4294966140,completed,-27
LoadAware,5894,3037662008,1314014,1312872,4294966154,completed,-27
LoadAware,5895,3037662008,1314114,1312984,4294966166,completed,-27
LoadAware,5896,3037662008,1314214,1313095,4294966177,completed,-27
LoadAware,5897,3037662008,1314314,1313198,4294966180,completed,-27
LoadAware,5898,3037662008,1314414,1313301,4294966183,completed,-27
LoadAware,5899,3037662008,1314514,1313404,4294966186,completed,-27
LoadAware,5900,3037662008,1314810,1313856,4294966342,completed,-27
LoadAware,5901,3037662008,1314910,1313959,4294966345,completed,-27
LoadAware,5902,3037662008,1315010,1314062,4294966348,completed,-27
LoadAware,5903,3037662008,1315110,1314164,4294966350,completed,-27
LoadAware,SUMMARY,ALL,0,0,120000,batch_complete,0
----------------,---,---,---,---,---,----------------,---
LoadAware,5904,3037662008,1315210,1314267,4294966353,completed,-27
LoadAware,5905,3037662008,1315310,1314369,4294966355,completed,-28
LoadAware,5906,3037662008,1315410,1314470,4294966356,completed,-28
