algorithm,seq,worker_id,send_ts,comp_ts,latency_ms,status,rssi
Greedy,1,3658959723,1561255,1561387,132,completed,-15
Greedy,2,3658959723,1561586,1561718,132,completed,-15
Greedy,3,3658959723,1561786,1561917,131,completed,-15
Greedy,4,3658959723,1561986,1562117,131,completed,-15
Greedy,5,3658959723,1562186,1562317,131,completed,-15
Greedy,6,3658959723,1562389,1562521,132,completed,-15
Greedy,7,3658959723,1562598,1562729,131,completed,-9
Greedy,8,3658959723,1562798,1562929,131,completed,-9
Greedy,9,3658959723,1562998,1563129,131,completed,-9
Greedy,10,3658959723,1563198,1563329,131,completed,-9
Greedy,11,3658959723,1563398,1563722,324,completed,-9
Greedy,12,3658959723,1563598,1563840,242,completed,-9
Greedy,13,3658959723,1563798,1563943,145,completed,-9
Greedy,14,3658959723,1563998,1564129,131,completed,-9
Greedy,15,3658959723,1564198,1564328,130,completed,-9
Greedy,16,3658959723,1564398,1565760,1362,completed,-8
Greedy,17,3658959723,1564598,1565939,1341,completed,-8
Greedy,18,3658959723,1564798,1566215,1417,completed,-8
Greedy,19,3658959723,1564998,1566318,1320,completed,-8
Greedy,20,3658959723,1565198,1566421,1223,completed,-8
Greedy,21,3658959723,1565398,1566524,1126,completed,-8
Greedy,22,3658959723,1565598,1566631,1033,completed,-9
Greedy,23,3658959723,1565798,1566732,934,completed,-9
Greedy,24,3658959723,1565998,1566835,837,completed,-9
Greedy,25,3658959723,1566199,1566937,738,completed,-9
Greedy,26,3658959723,1566399,1567038,639,completed,-9
Greedy,27,3658959723,1566607,1567140,533,completed,-9
Greedy,28,3037662008,1566807,1566923,116,completed,-36
Greedy,29,3037662008,1567007,1567123,116,completed,-36
Greedy,30,3037662008,1567208,1567325,117,completed,-36
Greedy,31,3037662008,1567408,1567716,308,completed,-36
Greedy,32,3037662008,1567612,1567895,283,completed,-36
Greedy,33,3037662008,1567812,1568173,361,completed,-36
Greedy,34,3037662008,1568012,1568275,263,completed,-36
Greedy,35,3037662008,1568212,1568377,165,completed,-36
Greedy,36,3658959723,1568606,1568738,132,completed,-9
Greedy,37,3658959723,1568806,1568937,131,completed,-9
Greedy,38,3658959723,1569006,1569137,131,completed,-9
Greedy,39,3658959723,1569206,1569338,132,completed,-9
Greedy,40,3658959723,1569406,1569536,130,completed,-9
Greedy,41,3658959723,1569608,1569740,132,completed,-9
Greedy,42,3658959723,1569808,1569939,131,completed,-9
Greedy,43,3658959723,1570008,1570139,131,completed,-9
Greedy,44,3658959723,1570208,1570340,132,completed,-9
Greedy,45,3658959723,1570408,1570735,327,completed,-9
Greedy,46,3658959723,1570610,1570844,234,completed,-9
Greedy,47,3658959723,1570810,1570947,137,completed,-9
Greedy,48,3658959723,1571010,1571141,131,completed,-9
Greedy,49,3658959723,1571210,1571340,130,completed,-9
Greedy,50,3658959723,1571410,1571541,131,completed,-9
Greedy,51,3658959723,1571610,1571742,132,completed,-9
Greedy,52,3658959723,1571810,1571941,131,completed,-9
Greedy,53,3658959723,1572010,1572142,132,completed,-9
Greedy,54,3658959723,1572210,1572341,131,completed,-9
Greedy,55,3658959723,1572410,1572737,327,completed,-8
Greedy,56,3658959723,1572612,1572846,234,completed,-8
Greedy,57,3658959723,1572812,1572964,152,completed,-8
Greedy,58,3658959723,1573012,1573143,131,completed,-8
Greedy,59,3658959723,1573212,1573342,130,completed,-8
Greedy,60,3658959723,1573412,1573543,131,completed,-8
Greedy,61,3658959723,1573612,1573744,132,completed,-8
Greedy,62,3658959723,1573812,1573943,131,completed,-8
Greedy,63,3658959723,1574012,1574143,131,completed,-8
Greedy,64,3658959723,1574212,1574342,130,completed,-8
Greedy,65,3658959723,1574412,1574740,328,completed,-9
Greedy,66,3658959723,1574616,1574842,226,completed,-9
Greedy,67,3658959723,1574816,1574948,132,completed,-9
Greedy,68,3658959723,1575016,1575147,131,completed,-9
Greedy,69,3658959723,1575216,1575347,131,completed,-9
Greedy,70,3658959723,1575416,1575741,325,completed,-9
Greedy,71,3658959723,1577814,1578141,327,completed,-9
Greedy,72,3658959723,1578016,1578247,231,completed,-9
Greedy,73,3658959723,1578216,1578351,135,completed,-9
Greedy,74,3658959723,1578416,1578547,131,completed,-9
Greedy,75,3658959723,1578616,1578748,132,completed,-10
Greedy,76,3658959723,1578816,1579138,322,completed,-10
Greedy,77,3658959723,1579016,1579241,225,completed,-10
Greedy,78,3658959723,1579216,1579348,132,completed,-10
Greedy,79,3658959723,1579416,1579547,131,completed,-10
Greedy,80,3658959723,1579616,1579747,131,completed,-10
Greedy,81,3658959723,1579816,1579949,133,completed,-10
Greedy,82,3658959723,1580018,1580239,221,completed,-10
Greedy,83,3658959723,1580221,1580354,133,completed,-10
Greedy,84,3658959723,1580421,1580553,132,completed,-10
Greedy,85,3658959723,1580621,1580753,132,completed,-9
Greedy,86,3658959723,1580821,1581143,322,completed,-9
Greedy,87,3658959723,1581021,1581252,231,completed,-9
Greedy,88,3658959723,1581221,1581355,134,completed,-9
Greedy,89,3658959723,1581421,1581553,132,completed,-9
Greedy,90,3658959723,1581621,1581751,130,completed,-9
Greedy,91,3658959723,1581822,1582146,324,completed,-9
Greedy,92,3658959723,1582022,1582255,233,completed,-9
Greedy,93,3658959723,1582222,1582358,136,completed,-9
Greedy,94,3658959723,1582422,1582554,132,completed,-9
Greedy,95,3658959723,1582622,1582756,134,completed,-9
Greedy,96,3658959723,1582822,1582953,131,completed,-9
Greedy,97,3658959723,1583022,1583154,132,completed,-9
Greedy,98,3658959723,1583222,1583354,132,completed,-9
Greedy,99,3658959723,1583422,1583553,131,completed,-9
Greedy,100,3658959723,1583622,1583752,130,completed,-9
Greedy,101,3658959723,1583823,1584147,324,completed,-9
Greedy,102,3658959723,1584023,1584258,235,completed,-9
Greedy,103,3658959723,1584223,1584361,138,completed,-9
Greedy,104,3658959723,1584423,1584555,132,completed,-9
Greedy,105,3658959723,1584623,1584754,131,completed,-9
Greedy,106,3658959723,1584823,1584954,131,completed,-9
Greedy,107,3658959723,1585023,1585156,133,completed,-9
Greedy,108,3658959723,1585223,1585354,131,completed,-9
Greedy,109,3658959723,1585423,1585554,131,completed,-9
Greedy,110,3658959723,1585623,1585754,131,completed,-9
Greedy,111,3658959723,1585824,1585955,131,completed,-9
Greedy,112,3658959723,1586025,1586157,132,completed,-9
Greedy,113,3658959723,1586225,1586356,131,completed,-9
Greedy,114,3658959723,1586425,1586696,271,completed,-9
Greedy,115,3658959723,1586625,1586799,174,completed,-9
Greedy,116,3658959723,1586825,1586958,133,completed,-9
Greedy,117,3658959723,1587026,1587161,135,completed,-9
Greedy,118,3658959723,1587226,1587359,133,completed,-9
Greedy,119,3658959723,1587426,1587557,131,completed,-9
Greedy,120,3658959723,1587626,1587758,132,completed,-9
Greedy,121,3658959723,1587826,1588152,326,completed,-9
Greedy,122,3658959723,1588026,1588257,231,completed,-9
Greedy,123,3658959723,1588226,1588360,134,completed,-9
Greedy,124,3658959723,1588426,1588558,132,completed,-9
Greedy,125,3658959723,1588626,1588757,131,completed,-9
Greedy,126,3658959723,1588826,1588959,133,completed,-9
Greedy,127,3658959723,1589028,1589162,134,completed,-9
Greedy,128,3658959723,1589228,1589359,131,completed,-9
Greedy,129,3658959723,1589428,1589559,131,completed,-9
Greedy,130,3658959723,1589628,1589759,131,completed,-9
Greedy,131,3658959723,1589828,1589958,130,completed,-9
Greedy,132,3658959723,1590029,1590161,132,completed,-9
Greedy,133,3658959723,1590229,1590360,131,completed,-9
Greedy,134,3658959723,1590429,1590560,131,completed,-9
Greedy,135,3658959723,1590629,1590761,132,completed,-9
Greedy,136,3658959723,1590829,1590960,131,completed,-9
Greedy,137,3658959723,1591029,1591162,133,completed,-9
Greedy,138,3658959723,1591229,1591360,131,completed,-9
Greedy,139,3658959723,1591429,1591560,131,completed,-9
Greedy,140,3658959723,1591629,1591760,131,completed,-9
Greedy,141,3658959723,1591829,1592155,326,completed,-9
Greedy,142,3658959723,1592029,1592263,234,completed,-9
Greedy,143,3658959723,1592229,1592366,137,completed,-9
Greedy,144,3658959723,1592429,1592561,132,completed,-9
Greedy,145,3658959723,1592629,1592759,130,completed,-10
Greedy,146,3658959723,1592829,1592960,131,completed,-10
Greedy,147,3658959723,1593033,1593167,134,completed,-10
Greedy,148,3658959723,1595241,1595570,329,completed,-9
Greedy,149,3658959723,1595441,1595672,231,completed,-9
Greedy,150,3658959723,1595641,1595863,222,completed,-9
Greedy,151,3658959723,1595841,1596137,296,completed,-9
Greedy,152,3658959723,1596041,1596568,527,completed,-9
Greedy,153,3658959723,1596241,1596669,428,completed,-10
Greedy,154,3658959723,1596445,1596770,325,completed,-10
Greedy,155,3658959723,1596645,1596915,270,completed,-10
Greedy,156,3658959723,1596845,1597017,172,completed,-10
Greedy,157,3658959723,1597045,1597177,132,completed,-10
Greedy,158,3658959723,1597247,1597614,367,completed,-10
Greedy,159,3658959723,1597454,1597716,262,completed,-10
Greedy,160,3658959723,1597654,1597818,164,completed,-10
Greedy,161,3658959723,1597854,1597986,132,completed,-10
Greedy,162,3658959723,1598054,1598186,132,completed,-10
Greedy,163,3658959723,1598443,1598574,131,completed,-10
Greedy,164,3658959723,1598643,1598775,132,completed,-10
Greedy,165,3658959723,1598843,1598982,139,completed,-10
Greedy,166,3658959723,1599043,1599174,131,completed,-10
Greedy,167,3658959723,1599243,1599376,133,completed,-10
Greedy,168,3658959723,1599453,1599585,132,completed,-10
Greedy,169,3658959723,1599653,1599784,131,completed,-10
Greedy,170,3658959723,1599853,1599984,131,completed,-10
Greedy,171,3658959723,1600053,1600185,132,completed,-10
Greedy,172,3658959723,1600451,1600582,131,completed,-10
Greedy,173,3658959723,1600651,1600783,132,completed,-10
Greedy,174,3658959723,1600851,1600982,131,completed,-10
Greedy,175,3658959723,1601051,1601182,131,completed,-10
Greedy,176,3658959723,1601251,1601592,341,completed,-10
Greedy,177,3658959723,1601453,1601702,249,completed,-10
Greedy,178,3658959723,1601653,1601811,158,completed,-10
Greedy,179,3658959723,1601853,1601984,131,completed,-10
Greedy,180,3658959723,1602053,1602185,132,completed,-10
Greedy,181,3658959723,1602253,1602577,324,completed,-10
Greedy,182,3658959723,1602455,1602680,225,completed,-9
Greedy,183,3658959723,1602655,1602811,156,completed,-9
Greedy,184,3658959723,1602855,1602987,132,completed,-9
Greedy,185,3658959723,1603055,1603189,134,completed,-9
Greedy,186,3658959723,1603255,1603579,324,completed,-9
Greedy,187,3658959723,1603459,1603687,228,completed,-9
Greedy,188,3658959723,1603659,1603793,134,completed,-9
Greedy,189,3658959723,1603859,1603991,132,completed,-9
Greedy,190,3658959723,1604059,1604190,131,completed,-9
Greedy,191,3658959723,1604457,1604589,132,completed,-9
Greedy,192,3658959723,1604657,1604789,132,completed,-9
Greedy,193,3658959723,1604857,1604988,131,completed,-9
Greedy,194,3658959723,1605057,1605188,131,completed,-9
Greedy,195,3658959723,1605257,1606706,1449,completed,-9
Greedy,196,3658959723,1605459,1606814,1355,completed,-9
Greedy,197,3658959723,1605659,1606917,1258,completed,-9
Greedy,198,3658959723,1605859,1607020,1161,completed,-9
Greedy,199,3658959723,1606059,1607123,1064,completed,-9
Greedy,200,3658959723,1606259,1607226,967,completed,-9
Greedy,201,3658959723,1606460,1607329,869,completed,-9
Greedy,202,3658959723,1606660,1607432,772,completed,-9
Greedy,203,3658959723,1606860,1607533,673,completed,-9
Greedy,204,3658959723,1607060,1607635,575,completed,-9
Greedy,205,3658959723,1607260,1607737,477,completed,-9
Greedy,206,3658959723,1607467,1607838,371,completed,-9
Greedy,207,3658959723,1607667,1607940,273,completed,-9
Greedy,208,3658959723,1607867,1608042,175,completed,-9
Greedy,209,3658959723,1608067,1608198,131,completed,-9
Greedy,210,3658959723,1608455,1608602,147,completed,-9
Greedy,211,3658959723,1608655,1608787,132,completed,-9
Greedy,212,3658959723,1608855,1608987,132,completed,-9
Greedy,213,3658959723,1609055,1609186,131,completed,-9
Greedy,214,3658959723,1609255,1609588,333,completed,-9
Greedy,215,3658959723,1609463,1609690,227,completed,-9
Greedy,216,3658959723,1609663,1609796,133,completed,-9
Greedy,217,3658959723,1609863,1609994,131,completed,-9
Greedy,218,3658959723,1610063,1610193,130,completed,-9
Greedy,219,3658959723,1610263,1610589,326,completed,-9
Greedy,220,3658959723,1612665,1612991,326,completed,-9
Greedy,221,3658959723,1612871,1613133,262,completed,-9
Greedy,222,3658959723,1613071,1613239,168,completed,-9
Greedy,223,3658959723,1613271,1613403,132,completed,-9
Greedy,224,3658959723,1613471,1613602,131,completed,-9
Greedy,225,3658959723,1613859,1613992,133,completed,-9
Greedy,226,3658959723,1614059,1614192,133,completed,-9
Greedy,227,3658959723,1614259,1614390,131,completed,-9
Greedy,228,3658959723,1614459,1614590,131,completed,-9
Greedy,229,3658959723,1614659,1614789,130,completed,-9
Greedy,230,3658959723,1614868,1614999,131,completed,-9
Greedy,231,3658959723,1615068,1615199,131,completed,-9
Greedy,232,3658959723,1615268,1615399,131,completed,-9
Greedy,233,3658959723,1615468,1615599,131,completed,-9
Greedy,234,3658959723,1615668,1615800,132,completed,-9
Greedy,235,3658959723,1615868,1616001,133,completed,-9
Greedy,236,3658959723,1616068,1616199,131,completed,-9
Greedy,237,3658959723,1616268,1616399,131,completed,-9
Greedy,238,3658959723,1616468,1616599,131,completed,-9
Greedy,239,3658959723,1616668,1616801,133,completed,-9
Greedy,240,3658959723,1616870,1617062,192,completed,-9
Greedy,241,3658959723,1617070,1617201,131,completed,-9
Greedy,242,3658959723,1617270,1617401,131,completed,-9
Greedy,243,3658959723,1617470,1617602,132,completed,-9
Greedy,244,3658959723,1617670,1617801,131,completed,-9
Greedy,245,3658959723,1617870,1618005,135,completed,-9
Greedy,246,3658959723,1618070,1618201,131,completed,-9
Greedy,247,3658959723,1618270,1618401,131,completed,-9
Greedy,248,3658959723,1618470,1618602,132,completed,-9
Greedy,249,3658959723,1618670,1618807,137,completed,-8
Greedy,250,3658959723,1618873,1619005,132,completed,-8
Greedy,251,3658959723,1619073,1619204,131,completed,-8
Greedy,252,3658959723,1619273,1619405,132,completed,-8
Greedy,253,3658959723,1619473,1619604,131,completed,-8
Greedy,254,3658959723,1619674,1619996,322,completed,-8
Greedy,255,3658959723,1619874,1620105,231,completed,-8
Greedy,256,3658959723,1620074,1620220,146,completed,-8
Greedy,257,3658959723,1620274,1620406,132,completed,-8
Greedy,258,3658959723,1620474,1620605,131,completed,-8
Greedy,259,3658959723,1620675,1621000,325,completed,-9
Greedy,260,3658959723,1620875,1621103,228,completed,-9
Greedy,261,3658959723,1621075,1621210,135,completed,-9
Greedy,262,3658959723,1621275,1621406,131,completed,-9
Greedy,263,3658959723,1621475,1621606,131,completed,-9
Greedy,264,3658959723,1621675,1621806,131,completed,-9
Greedy,265,3658959723,1621875,1622007,132,completed,-9
Greedy,266,3658959723,1622075,1622207,132,completed,-9
Greedy,267,3658959723,1622275,1622406,131,completed,-9
Greedy,268,3658959723,1622475,1622606,131,completed,-9
Greedy,269,3658959723,1622677,1622809,132,completed,-9
Greedy,270,3658959723,1622881,1623014,133,completed,-9
Greedy,271,3658959723,1623081,1623212,131,completed,-9
Greedy,272,3658959723,1623281,1623412,131,completed,-9
Greedy,273,3658959723,1623481,1623612,131,completed,-9
Greedy,274,3658959723,1623681,1623812,131,completed,-9
Greedy,275,3658959723,1623882,1624015,133,completed,-9
Greedy,276,3658959723,1624082,1624214,132,completed,-9
Greedy,277,3658959723,1624282,1624413,131,completed,-9
Greedy,278,3658959723,1624482,1624629,147,completed,-9
Greedy,279,3037662008,1624684,1624995,311,completed,-30
Greedy,280,3037662008,1624884,1625100,216,completed,-30
Greedy,281,3037662008,1625084,1625203,119,completed,-30
Greedy,282,3037662008,1625284,1625400,116,completed,-30
Greedy,283,3037662008,1625484,1625600,116,completed,-30
Greedy,284,3037662008,1625684,1625801,117,completed,-30
Greedy,285,3037662008,1625885,1626002,117,completed,-30
Greedy,286,3037662008,1626085,1626201,116,completed,-30
Greedy,287,3037662008,1626285,1626401,116,completed,-30
Greedy,288,3037662008,1626485,1626601,116,completed,-32
Greedy,289,3658959723,1626685,1627010,325,completed,-8
Greedy,290,3658959723,1626885,1627113,228,completed,-8
Greedy,291,3658959723,1627085,1627219,134,completed,-8
Greedy,292,3658959723,1627285,1627416,131,completed,-8
Greedy,293,3658959723,1627485,1627616,131,completed,-8
Greedy,294,3658959723,1627685,1627818,133,completed,-8
Greedy,295,3658959723,1630084,1630409,325,completed,-9
Greedy,296,3658959723,1630285,1630685,400,completed,-9
Greedy,298,3037662008,1630685,1630801,116,completed,-34
Greedy,297,3658959723,1630485,1630788,303,completed,-9
Greedy,299,3037662008,1630885,1631001,116,completed,-34
Greedy,300,3037662008,1631085,1631200,115,completed,-34
Greedy,301,3037662008,1631286,1631404,118,completed,-34
Greedy,302,3037662008,1631486,1631623,137,completed,-34
Greedy,303,3037662008,1631686,1631802,116,completed,-34
Greedy,304,3037662008,1631886,1632002,116,completed,-34
Greedy,305,3037662008,1632086,1632396,310,completed,-34
Greedy,306,3037662008,1632286,1632502,216,completed,-34
Greedy,308,3658959723,1632686,1632818,132,completed,-9
Greedy,307,3037662008,1632486,1632605,119,completed,-35
Greedy,309,3658959723,1632886,1633017,131,completed,-9
Greedy,310,3658959723,1633086,1633217,131,completed,-9
Greedy,311,3658959723,1633287,1633419,132,completed,-9
Greedy,312,3658959723,1633487,1633618,131,completed,-9
Greedy,313,3658959723,1633687,1633819,132,completed,-9
Greedy,314,3658959723,1633887,1634018,131,completed,-9
Greedy,315,3658959723,1634087,1634219,132,completed,-9
Greedy,316,3658959723,1634290,1634660,370,completed,-9
Greedy,318,3037662008,1634690,1634809,119,completed,-34
Greedy,317,3658959723,1634490,1634763,273,completed,-9
Greedy,319,3037662008,1634890,1635007,117,completed,-34
Greedy,320,3037662008,1635090,1635399,309,completed,-34
Greedy,321,3037662008,1635290,1635507,217,completed,-34
Greedy,322,3037662008,1635490,1635610,120,completed,-34
Greedy,323,3037662008,1635690,1635806,116,completed,-34
Greedy,324,3037662008,1635890,1636007,117,completed,-34
Greedy,325,3037662008,1636092,1636402,310,completed,-34
Greedy,326,3037662008,1636292,1636511,219,completed,-34
Greedy,328,3658959723,1636692,1636823,131,completed,-9
Greedy,327,3037662008,1636492,1636617,125,completed,-38
Greedy,329,3658959723,1636892,1637023,131,completed,-9
Greedy,330,3658959723,1637092,1637223,131,completed,-9
Greedy,331,3658959723,1637292,1637426,134,completed,-9
Greedy,332,3658959723,1637492,1637623,131,completed,-9
Greedy,333,3658959723,1637692,1637823,131,completed,-9
Greedy,334,3658959723,1637892,1638023,131,completed,-9
Greedy,335,3658959723,1638093,1638420,327,completed,-9
Greedy,336,3658959723,1638293,1638525,232,completed,-9
Greedy,337,3658959723,1638493,1638627,134,completed,-9
Greedy,338,3037662008,1638693,1638810,117,completed,-34
Greedy,339,3037662008,1638893,1639008,115,completed,-34
Greedy,340,3037662008,1639093,1639209,116,completed,-34
Greedy,341,3037662008,1639294,1639413,119,completed,-34
Greedy,342,3037662008,1639494,1639610,116,completed,-34
Greedy,343,3037662008,1639694,1639811,117,completed,-34
Greedy,344,3037662008,1639894,1640010,116,completed,-34
Greedy,345,3037662008,1640094,1640405,311,completed,-34
Greedy,346,3037662008,1640294,1640513,219,completed,-34
Greedy,348,3658959723,1640694,1640825,131,completed,-9
Greedy,347,3037662008,1640494,1640640,146,completed,-35
Greedy,349,3658959723,1640894,1641026,132,completed,-9
Greedy,350,3658959723,1641094,1641226,132,completed,-9
Greedy,351,3658959723,1641296,1641430,134,completed,-9
Greedy,352,3658959723,1641496,1641627,131,completed,-9
Greedy,353,3658959723,1641696,1641827,131,completed,-9
Greedy,354,3658959723,1641896,1642029,133,completed,-9
Greedy,355,3658959723,1642096,1642459,363,completed,-9
Greedy,356,3658959723,1642296,1642567,271,completed,-9
Greedy,358,3037662008,1642696,1642812,116,completed,-36
Greedy,357,3658959723,1642496,1642677,181,completed,-10
Greedy,359,3037662008,1642896,1643012,116,completed,-36
Greedy,360,3037662008,1643096,1643213,117,completed,-36
Greedy,361,3037662008,1643298,1643416,118,completed,-36
Greedy,362,3037662008,1643498,1643614,116,completed,-36
Greedy,363,3037662008,1643698,1643814,116,completed,-36
Greedy,364,3037662008,1643898,1644014,116,completed,-36
Greedy,365,3037662008,1644098,1644440,342,completed,-36
Greedy,366,3037662008,1644298,1644543,245,completed,-36
Greedy,367,3037662008,1644498,1644646,148,completed,-39
Greedy,368,3658959723,1644698,1644830,132,completed,-9
Greedy,369,3658959723,1644898,1645029,131,completed,-9
Greedy,370,3658959723,1645098,1645230,132,completed,-9
Greedy,371,3658959723,1645298,1645430,132,completed,-9
Greedy,372,3658959723,1647500,1647839,339,completed,-10
Greedy,373,3658959723,1647700,1648383,683,completed,-10
Greedy,374,3658959723,1647900,1648826,926,completed,-9
Greedy,375,3658959723,1648100,1648936,836,completed,-9
Greedy,376,3658959723,1648300,1649038,738,completed,-9
Greedy,377,3658959723,1648500,1649209,709,completed,-9
Greedy,378,3658959723,1648700,1649459,759,completed,-9
Greedy,379,3658959723,1648900,1649830,930,completed,-9
Greedy,380,3658959723,1649100,1649932,832,completed,-9
Greedy,383,3037662008,1649705,1650816,1111,completed,-32
Greedy,381,3658959723,1649300,1650034,734,completed,-9
Greedy,382,3658959723,1649500,1650138,638,completed,-9
Greedy,384,3658959723,1649905,1650240,335,completed,-9
Greedy,385,3658959723,1650105,1650341,236,completed,-9
Greedy,386,3658959723,1650305,1650443,138,completed,-9
Greedy,387,3658959723,1650505,1650831,326,completed,-9
Greedy,388,3658959723,1650707,1650933,226,completed,-9
Greedy,389,3658959723,1650907,1651040,133,completed,-9
Greedy,390,3658959723,1651107,1651240,133,completed,-9
Greedy,391,3658959723,1651307,1651440,133,completed,-9
Greedy,392,3658959723,1651507,1651833,326,completed,-9
Greedy,393,3658959723,1651708,1651935,227,completed,-9
Greedy,394,3658959723,1651908,1652043,135,completed,-9
Greedy,395,3658959723,1652108,1652241,133,completed,-9
Greedy,396,3658959723,1652308,1652439,131,completed,-9
Greedy,397,3658959723,1652508,1652833,325,completed,-9
Greedy,398,3658959723,1652708,1652936,228,completed,-9
Greedy,399,3658959723,1652908,1653043,135,completed,-9
Greedy,400,3658959723,1653108,1653240,132,completed,-9
Greedy,401,3658959723,1653308,1653440,132,completed,-9
Greedy,402,3658959723,1653508,1653833,325,completed,-9
Greedy,403,3658959723,1653708,1653936,228,completed,-9
Greedy,404,3658959723,1653908,1654043,135,completed,-9
Greedy,405,3658959723,1654108,1654240,132,completed,-9
Greedy,406,3658959723,1654308,1654439,131,completed,-9
Greedy,408,3037662008,1654710,1654828,118,completed,-35
Greedy,407,3658959723,1654508,1654652,144,completed,-8
Greedy,409,3037662008,1654910,1655026,116,completed,-35
Greedy,410,3037662008,1655110,1655226,116,completed,-35
Greedy,411,3037662008,1655310,1655426,116,completed,-35
Greedy,412,3037662008,1655510,1655824,314,completed,-35
Greedy,413,3037662008,1655710,1655933,223,completed,-35
Greedy,414,3037662008,1655910,1656036,126,completed,-35
Greedy,415,3037662008,1656110,1656226,116,completed,-35
Greedy,416,3037662008,1656310,1656427,117,completed,-35
Greedy,418,3658959723,1656712,1656844,132,completed,-8
Greedy,417,3037662008,1656510,1656652,142,completed,-35
Greedy,419,3658959723,1656912,1657045,133,completed,-8
Greedy,420,3658959723,1657112,1657243,131,completed,-8
Greedy,421,3658959723,1657312,1657443,131,completed,-8
Greedy,422,3658959723,1657512,1657837,325,completed,-8
Greedy,423,3658959723,1657712,1657946,234,completed,-8
Greedy,424,3658959723,1657912,1658049,137,completed,-8
Greedy,425,3658959723,1658112,1658243,131,completed,-8
Greedy,426,3658959723,1658312,1658443,131,completed,-8
Greedy,428,3037662008,1658715,1658833,118,completed,-34
Greedy,427,3658959723,1658512,1658643,131,completed,-9
Greedy,429,3037662008,1658915,1659032,117,completed,-34
Greedy,430,3037662008,1659115,1659233,118,completed,-34
Greedy,431,3037662008,1659315,1659431,116,completed,-34
Greedy,432,3037662008,1659515,1659824,309,completed,-34
Greedy,433,3037662008,1659715,1659927,212,completed,-34
Greedy,434,3037662008,1659915,1660034,119,completed,-34
Greedy,435,3037662008,1660115,1660231,116,completed,-34
Greedy,436,3037662008,1660315,1660431,116,completed,-34
Greedy,437,3037662008,1660515,1660631,116,completed,-35
Greedy,438,3658959723,1660719,1660851,132,completed,-9
Greedy,439,3658959723,1660919,1661051,132,completed,-9
Greedy,440,3658959723,1661119,1661250,131,completed,-9
Greedy,441,3658959723,1661319,1661451,132,completed,-9
Greedy,442,3658959723,1661519,1661843,324,completed,-9
Greedy,443,3658959723,1661719,1661946,227,completed,-9
Greedy,444,3658959723,1661919,1662052,133,completed,-9
Greedy,445,3658959723,1662119,1662250,131,completed,-9
Greedy,446,3658959723,1662319,1662451,132,completed,-9
Greedy,447,3658959723,1662519,1662651,132,completed,-9
Greedy,448,3037662008,1662723,1662841,118,completed,-33
Greedy,458,3658959723,1666728,1666859,131,completed,-9
Greedy,459,3658959723,1666928,1667059,131,completed,-9
Greedy,449,3037662008,1664928,1665239,311,completed,-35
Greedy,450,3037662008,1665128,1665537,409,completed,-35
Greedy,451,3037662008,1665328,1665812,484,completed,-35
Greedy,460,3658959723,1667134,1667383,249,completed,-9
Greedy,452,3037662008,1665528,1666260,732,completed,-35
Greedy,461,3658959723,1667334,1667486,152,completed,-9
Greedy,462,3658959723,1667534,1667665,131,completed,-9
Greedy,453,3037662008,1665728,1666362,634,completed,-35
Greedy,463,3658959723,1667734,1667865,131,completed,-9
Greedy,454,3037662008,1665928,1666464,536,completed,-35
Greedy,455,3037662008,1666128,1666587,459,completed,-35
Greedy,464,3658959723,1667934,1668258,324,completed,-9
Greedy,465,3658959723,1668138,1668369,231,completed,-9
Greedy,466,3658959723,1668338,1668472,134,completed,-9
Greedy,456,3037662008,1666328,1666863,535,completed,-35
Greedy,467,3658959723,1668538,1668670,132,completed,-9
Greedy,457,3037662008,1666528,1667252,724,completed,-35
Greedy,468,3037662008,1668738,1668855,117,completed,-32
Greedy,469,3037662008,1669135,1669252,117,completed,-32
Greedy,470,3037662008,1669335,1669451,116,completed,-32
Greedy,471,3037662008,1669535,1669652,117,completed,-32
Greedy,472,3037662008,1669735,1669851,116,completed,-32
Greedy,473,3037662008,1669935,1670051,116,completed,-32
Greedy,474,3037662008,1670135,1670253,118,completed,-32
Greedy,475,3037662008,1670335,1670452,117,completed,-32
Greedy,476,3037662008,1670535,1670652,117,completed,-33
Greedy,477,3658959723,1670735,1670866,131,completed,-8
Greedy,478,3658959723,1670935,1671262,327,completed,-8
Greedy,479,3658959723,1671135,1671366,231,completed,-8
Greedy,480,3658959723,1671335,1671469,134,completed,-8
Greedy,481,3658959723,1671535,1671666,131,completed,-8
Greedy,482,3658959723,1671735,1671866,131,completed,-8
Greedy,483,3658959723,1671935,1672067,132,completed,-8
Greedy,484,3658959723,1672138,1672270,132,completed,-8
Greedy,485,3658959723,1672338,1672469,131,completed,-8
Greedy,486,3658959723,1672538,1672670,132,completed,-9
Greedy,487,3037662008,1672738,1672854,116,completed,-34
Greedy,488,3037662008,1672938,1673248,310,completed,-34
Greedy,489,3037662008,1673138,1673357,219,completed,-34
Greedy,490,3037662008,1673338,1673460,122,completed,-34
Greedy,491,3037662008,1673538,1673654,116,completed,-34
Greedy,492,3037662008,1673738,1673854,116,completed,-34
Greedy,493,3037662008,1673938,1674054,116,completed,-34
Greedy,494,3037662008,1674139,1674257,118,completed,-34
Greedy,495,3037662008,1674339,1674456,117,completed,-34
Greedy,496,3037662008,1674539,1674655,116,completed,-34
Greedy,497,3658959723,1674739,1674872,133,completed,-8
Greedy,498,3658959723,1674939,1675266,327,completed,-8
Greedy,499,3658959723,1675139,1675375,236,completed,-8
Greedy,500,3658959723,1675339,1675478,139,completed,-8
Greedy,501,3658959723,1675539,1675671,132,completed,-8
Greedy,502,3658959723,1675739,1675870,131,completed,-8
Greedy,503,3658959723,1675939,1676071,132,completed,-8
Greedy,504,3658959723,1676141,1676273,132,completed,-8
Greedy,505,3658959723,1676341,1676473,132,completed,-8
Greedy,506,3658959723,1676541,1676674,133,completed,-8
Greedy,507,3037662008,1676741,1676857,116,completed,-33
Greedy,508,3037662008,1676941,1677262,321,completed,-33
Greedy,509,3037662008,1677141,1677372,231,completed,-33
Greedy,510,3037662008,1677341,1677475,134,completed,-33
Greedy,511,3037662008,1677541,1677657,116,completed,-33
Greedy,512,3037662008,1677741,1677857,116,completed,-33
Greedy,513,3037662008,1677941,1678057,116,completed,-33
Greedy,514,3037662008,1678143,1678262,119,completed,-33
Greedy,515,3037662008,1678343,1678460,117,completed,-33
Greedy,516,3037662008,1678543,1678659,116,completed,-34
Greedy,517,3658959723,1678743,1678874,131,completed,-8
Greedy,518,3658959723,1678943,1679282,339,completed,-8
Greedy,519,3658959723,1679143,1679391,248,completed,-8
Greedy,520,3658959723,1679343,1679507,164,completed,-8
Greedy,521,3658959723,1679543,1679675,132,completed,-8
Greedy,522,3658959723,1679743,1679875,132,completed,-8
Greedy,SUMMARY,ALL,0,0,121083,batch_complete,0
----------------,---,---,---,---,---,----------------,---
Greedy,523,3658959723,1679943,1680075,132,completed,-8
Greedy,524,3658959723,1705573,1705706,133,completed,-11
Greedy,525,3658959723,1705951,1706084,133,completed,-11
Greedy,526,3658959723,1706151,1706283,132,completed,-11
Greedy,527,3658959723,1706351,1706483,132,completed,-11
Greedy,528,3658959723,1706551,1706683,132,completed,-8
Greedy,529,3037662008,1706751,1706867,116,completed,-34
Greedy,530,3037662008,1706955,1707076,121,completed,-34
Greedy,531,3037662008,1707155,1707271,116,completed,-34
Greedy,532,3037662008,1707355,1707473,118,completed,-34
Greedy,533,3037662008,1707555,1707671,116,completed,-34
Greedy,534,3037662008,1707757,1708067,310,completed,-34
Greedy,535,3037662008,1707957,1708176,219,completed,-34
Greedy,536,3037662008,1708157,1708286,129,completed,-34
Greedy,537,3037662008,1708364,1708482,118,completed,-34
Greedy,538,3037662008,1708564,1708681,117,completed,-41
Greedy,539,3658959723,1708952,1709084,132,completed,-8
Greedy,540,3658959723,1709152,1709283,131,completed,-8
Greedy,541,3658959723,1709352,1709487,135,completed,-8
Greedy,542,3658959723,1709552,1709704,152,completed,-8
Greedy,543,3658959723,1709752,1709883,131,completed,-8
Greedy,544,3658959723,1709960,1710155,195,completed,-8
Greedy,545,3658959723,1710160,1710291,131,completed,-8
Greedy,546,3658959723,1710362,1710495,133,completed,-8
Greedy,547,3658959723,1710562,1710694,132,completed,-9
Greedy,548,3037662008,1710762,1711072,310,completed,-38
Greedy,549,3037662008,1710962,1711175,213,completed,-38
Greedy,550,3037662008,1711162,1711282,120,completed,-38
Greedy,551,3037662008,1711362,1711480,118,completed,-38
Greedy,552,3037662008,1711562,1711678,116,completed,-38
Greedy,553,3037662008,1711762,1712135,373,completed,-38
Greedy,554,3037662008,1711962,1712245,283,completed,-38
Greedy,555,3037662008,1712162,1712348,186,completed,-38
Greedy,556,3037662008,1712363,1712483,120,completed,-38
Greedy,558,3658959723,1712763,1712895,132,completed,-9
Greedy,557,3037662008,1712563,1712679,116,completed,-39
Greedy,559,3658959723,1712969,1713115,146,completed,-9
Greedy,560,3658959723,1713169,1713301,132,completed,-9
Greedy,561,3658959723,1713369,1713528,159,completed,-9
Greedy,562,3658959723,1713569,1713701,132,completed,-9
Greedy,563,3658959723,1713963,1714304,341,completed,-9
Greedy,564,3658959723,1714163,1714412,249,completed,-9
Greedy,565,3658959723,1714364,1714521,157,completed,-9
Greedy,566,3658959723,1714564,1714695,131,completed,-9
Greedy,574,3658959723,1718373,1718507,134,completed,-8
Greedy,575,3658959723,1718573,1718705,132,completed,-8
Greedy,567,3037662008,1714764,1714882,118,completed,-37
Greedy,568,3037662008,1714967,1715089,122,completed,-37
Greedy,569,3037662008,1717169,1717482,313,completed,-37
Greedy,570,3037662008,1717379,1717985,606,completed,-37
Greedy,571,3037662008,1717579,1718087,508,completed,-37
Greedy,572,3037662008,1717779,1718261,482,completed,-37
Greedy,573,3037662008,1717979,1718533,554,completed,-37
Greedy,576,3037662008,1718773,1718890,117,completed,-37
Greedy,577,3037662008,1718973,1719091,118,completed,-37
Greedy,578,3037662008,1719175,1719486,311,completed,-37
Greedy,585,3658959723,1720769,1720900,131,completed,-9
Greedy,579,3037662008,1719384,1719635,251,completed,-37
Greedy,586,3658959723,1720969,1721100,131,completed,-9
Greedy,587,3658959723,1721169,1721302,133,completed,-9
Greedy,580,3037662008,1719584,1719737,153,completed,-37
Greedy,588,3658959723,1721384,1721517,133,completed,-9
Greedy,581,3037662008,1719784,1719901,117,completed,-37
Greedy,582,3037662008,1719984,1720102,118,completed,-37
Greedy,589,3658959723,1721584,1721716,132,completed,-9
Greedy,590,3658959723,1721784,1721916,132,completed,-9
Greedy,583,3037662008,1720369,1720487,118,completed,-37
Greedy,591,3658959723,1721984,1722117,133,completed,-9
Greedy,584,3037662008,1720569,1720688,119,completed,-39
Greedy,592,3658959723,1722378,1722510,132,completed,-9
Greedy,593,3658959723,1722578,1722710,132,completed,-9
Greedy,594,3037662008,1722778,1722894,116,completed,-40
Greedy,595,3037662008,1722978,1723094,116,completed,-40
Greedy,596,3037662008,1723178,1723489,311,completed,-40
Greedy,597,3037662008,1723382,1723599,217,completed,-40
Greedy,598,3037662008,1723582,1723702,120,completed,-40
Greedy,599,3037662008,1723782,1723898,116,completed,-40
Greedy,600,3037662008,1723982,1724098,116,completed,-40
Greedy,601,3037662008,1724382,1724500,118,completed,-40
Greedy,602,3037662008,1724582,1724700,118,completed,-37
Greedy,603,3658959723,1724782,1724913,131,completed,-8
Greedy,604,3658959723,1724982,1725114,132,completed,-8
Greedy,605,3658959723,1725182,1725507,325,completed,-8
Greedy,606,3658959723,1725385,1725610,225,completed,-8
Greedy,607,3658959723,1725585,1725744,159,completed,-8
Greedy,608,3658959723,1725785,1725917,132,completed,-8
Greedy,609,3658959723,1725985,1726119,134,completed,-8
Greedy,610,3658959723,1726386,1726519,133,completed,-8
Greedy,611,3658959723,1726586,1726718,132,completed,-9
Greedy,612,3037662008,1726786,1726903,117,completed,-37
Greedy,613,3037662008,1726986,1727102,116,completed,-37
Greedy,614,3037662008,1727385,1727524,139,completed,-37
Greedy,615,3037662008,1727585,1727703,118,completed,-37
Greedy,616,3037662008,1727785,1727902,117,completed,-37
Greedy,617,3037662008,1727985,1728103,118,completed,-37
Greedy,618,3037662008,1728185,1728507,322,completed,-37
Greedy,619,3037662008,1728388,1728623,235,completed,-37
Greedy,620,3037662008,1728588,1728726,138,completed,-35
Greedy,621,3658959723,1728788,1728920,132,completed,-8
Greedy,622,3658959723,1728988,1729119,131,completed,-8
Greedy,623,3658959723,1729188,1729553,365,completed,-8
Greedy,624,3658959723,1729390,1729661,271,completed,-8
Greedy,625,3658959723,1729590,1729770,180,completed,-8
Greedy,626,3658959723,1729790,1729922,132,completed,-8
Greedy,627,3658959723,1729990,1730121,131,completed,-8
Greedy,628,3658959723,1730190,1730515,325,completed,-8
Greedy,629,3658959723,1730395,1730618,223,completed,-8
Greedy,630,3658959723,1730595,1730729,134,completed,-9
Greedy,631,3037662008,1730795,1730912,117,completed,-36
Greedy,632,3037662008,1730995,1731111,116,completed,-36
Greedy,633,3037662008,1731393,1731557,164,completed,-36
Greedy,634,3037662008,1731593,1731710,117,completed,-36
Greedy,635,3037662008,1731793,1731910,117,completed,-36
Greedy,636,3037662008,1731993,1732109,116,completed,-36
Greedy,637,3037662008,1732193,1732504,311,completed,-36
Greedy,638,3658959723,1734592,1734919,327,completed,-8
Greedy,639,3658959723,1734798,1735131,333,completed,-8
Greedy,640,3658959723,1734998,1735245,247,completed,-8
Greedy,641,3658959723,1735198,1735355,157,completed,-8
Greedy,642,3658959723,1735398,1735530,132,completed,-8
Greedy,643,3658959723,1735787,1735919,132,completed,-8
Greedy,644,3658959723,1735987,1736119,132,completed,-8
Greedy,645,3658959723,1736187,1736319,132,completed,-8
Greedy,646,3658959723,1736387,1736522,135,completed,-8
Greedy,647,3658959723,1736587,1736719,132,completed,-9
Greedy,648,3658959723,1736799,1736931,132,completed,-9
Greedy,649,3658959723,1736999,1737131,132,completed,-9
Greedy,650,3658959723,1737199,1737331,132,completed,-9
Greedy,651,3658959723,1737399,1737530,131,completed,-9
Greedy,652,3658959723,1737789,1737922,133,completed,-9
Greedy,653,3658959723,1737989,1738121,132,completed,-9
Greedy,654,3658959723,1738189,1738321,132,completed,-9
Greedy,655,3658959723,1738389,1738523,134,completed,-9
Greedy,656,3658959723,1738589,1738720,131,completed,-9
Greedy,657,3658959723,1738801,1739003,202,completed,-9
Greedy,658,3658959723,1739001,1739133,132,completed,-9
Greedy,659,3658959723,1739201,1739334,133,completed,-9
Greedy,660,3658959723,1739401,1739533,132,completed,-9
Greedy,661,3658959723,1739793,1739925,132,completed,-9
Greedy,662,3658959723,1739993,1740125,132,completed,-9
Greedy,663,3658959723,1740193,1740325,132,completed,-9
Greedy,664,3658959723,1740393,1740527,134,completed,-9
Greedy,665,3658959723,1740593,1740724,131,completed,-10
Greedy,666,3658959723,1740803,1741027,224,completed,-10
Greedy,667,3658959723,1741003,1741136,133,completed,-10
Greedy,668,3658959723,1741203,1741335,132,completed,-10
Greedy,669,3658959723,1741403,1741535,132,completed,-10
Greedy,670,3658959723,1741794,1741926,132,completed,-10
Greedy,671,3658959723,1741994,1742126,132,completed,-10
Greedy,672,3658959723,1742194,1742326,132,completed,-10
Greedy,673,3658959723,1742394,1742526,132,completed,-10
Greedy,674,3658959723,1742594,1742725,131,completed,-9
Greedy,675,3658959723,1742805,1743153,348,completed,-9
Greedy,676,3658959723,1743005,1743262,257,completed,-9
Greedy,677,3658959723,1743205,1743372,167,completed,-9
Greedy,678,3658959723,1743405,1743537,132,completed,-9
Greedy,679,3658959723,1743795,1743928,133,completed,-9
Greedy,680,3658959723,1743995,1744127,132,completed,-9
Greedy,681,3658959723,1744195,1744327,132,completed,-9
Greedy,682,3658959723,1744395,1744527,132,completed,-9
Greedy,683,3658959723,1744595,1744727,132,completed,-9
Greedy,684,3658959723,1744806,1744979,173,completed,-9
Greedy,685,3658959723,1745006,1745138,132,completed,-9
Greedy,686,3658959723,1745206,1745339,133,completed,-9
Greedy,687,3658959723,1745406,1745538,132,completed,-9
Greedy,688,3658959723,1745606,1745930,324,completed,-9
Greedy,689,3658959723,1745806,1746033,227,completed,-9
Greedy,690,3658959723,1746006,1746140,134,completed,-9
Greedy,691,3658959723,1746206,1746339,133,completed,-9
Greedy,692,3658959723,1746406,1746537,131,completed,-9
Greedy,693,3658959723,1746606,1746933,327,completed,-9
Greedy,694,3658959723,1746808,1747036,228,completed,-9
Greedy,695,3658959723,1747008,1747142,134,completed,-9
Greedy,696,3658959723,1747208,1747340,132,completed,-9
Greedy,697,3658959723,1747408,1747540,132,completed,-9
Greedy,698,3658959723,1747608,1747931,323,completed,-9
Greedy,699,3658959723,1747808,1748041,233,completed,-9
Greedy,700,3658959723,1748008,1748143,135,completed,-9
Greedy,701,3658959723,1748208,1748340,132,completed,-9
Greedy,702,3658959723,1748408,1748540,132,completed,-9
Greedy,703,3658959723,1748608,1748934,326,completed,-10
Greedy,704,3658959723,1748810,1749044,234,completed,-10
Greedy,705,3658959723,1749010,1749147,137,completed,-10
Greedy,706,3658959723,1749210,1749342,132,completed,-10
Greedy,707,3658959723,1749410,1749541,131,completed,-10
Greedy,708,3658959723,1749610,1749936,326,completed,-10
Greedy,709,3658959723,1752009,1752363,354,completed,-9
Greedy,710,3658959723,1752209,1752479,270,completed,-9
Greedy,711,3658959723,1752409,1752615,206,completed,-9
Greedy,712,3658959723,1752609,1752742,133,completed,-8
Greedy,713,3658959723,1752809,1752942,133,completed,-8
Greedy,714,3658959723,1753009,1753140,131,completed,-8
Greedy,715,3658959723,1753210,1753343,133,completed,-8
Greedy,716,3658959723,1753410,1753542,132,completed,-8
Greedy,717,3658959723,1753610,1753742,132,completed,-8
Greedy,718,3658959723,1753810,1753943,133,completed,-8
Greedy,719,3658959723,1754010,1754144,134,completed,-8
Greedy,720,3658959723,1754215,1754526,311,completed,-8
Greedy,721,3658959723,1754415,1754634,219,completed,-8
Greedy,722,3658959723,1754616,1754752,136,completed,-8
Greedy,723,3658959723,1754816,1754948,132,completed,-8
Greedy,724,3658959723,1755016,1755340,324,completed,-8
Greedy,725,3658959723,1755216,1755449,233,completed,-8
Greedy,726,3658959723,1755416,1755552,136,completed,-8
Greedy,727,3658959723,1755616,1755749,133,completed,-8
Greedy,728,3658959723,1755816,1755947,131,completed,-8
Greedy,729,3658959723,1756016,1756343,327,completed,-8
Greedy,730,3658959723,1756216,1756477,261,completed,-8
Greedy,731,3658959723,1756416,1756587,171,completed,-8
Greedy,732,3658959723,1756616,1756748,132,completed,-9
Greedy,733,3658959723,1756816,1756948,132,completed,-9
Greedy,734,3658959723,1757016,1757148,132,completed,-9
Greedy,735,3658959723,1757217,1757350,133,completed,-9
Greedy,736,3658959723,1757417,1757551,134,completed,-9
Greedy,737,3658959723,1757617,1757749,132,completed,-9
Greedy,738,3658959723,1757817,1757949,132,completed,-9
Greedy,739,3658959723,1758017,1758344,327,completed,-9
Greedy,740,3658959723,1758217,1758449,232,completed,-9
Greedy,741,3658959723,1758417,1758552,135,completed,-9
Greedy,742,3658959723,1758617,1758748,131,completed,-9
Greedy,743,3658959723,1758817,1758949,132,completed,-9
Greedy,744,3658959723,1759017,1759149,132,completed,-9
Greedy,745,3658959723,1759219,1759353,134,completed,-9
Greedy,746,3658959723,1759419,1759551,132,completed,-9
Greedy,747,3658959723,1759619,1759751,132,completed,-9
Greedy,748,3658959723,1759819,1759950,131,completed,-9
Greedy,749,3658959723,1760019,1760347,328,completed,-9
Greedy,750,3658959723,1760219,1760451,232,completed,-9
Greedy,751,3658959723,1760419,1760554,135,completed,-9
Greedy,752,3658959723,1760619,1760751,132,completed,-10
Greedy,753,3658959723,1760819,1760951,132,completed,-10
Greedy,754,3658959723,1761019,1761151,132,completed,-10
Greedy,755,3658959723,1761222,1761355,133,completed,-10
Greedy,756,3658959723,1761422,1761554,132,completed,-10
Greedy,757,3658959723,1761622,1761754,132,completed,-10
Greedy,758,3658959723,1761822,1761955,133,completed,-10
Greedy,759,3658959723,1762022,1762153,131,completed,-10
Greedy,760,3658959723,1762223,1762357,134,completed,-10
Greedy,761,3658959723,1762423,1762555,132,completed,-10
Greedy,762,3658959723,1762623,1762755,132,completed,-9
Greedy,763,3658959723,1762823,1762955,132,completed,-9
Greedy,764,3658959723,1763023,1763154,131,completed,-9
Greedy,765,3658959723,1763223,1763357,134,completed,-9
Greedy,766,3658959723,1763423,1763555,132,completed,-9
Greedy,767,3658959723,1763623,1763756,133,completed,-9
Greedy,768,3658959723,1763823,1763955,132,completed,-9
Greedy,769,3658959723,1764023,1764350,327,completed,-9
Greedy,770,3658959723,1764223,1764459,236,completed,-9
Greedy,771,3658959723,1764423,1764562,139,completed,-9
Greedy,772,3658959723,1764623,1764756,133,completed,-10
Greedy,773,3658959723,1764823,1764954,131,completed,-10
Greedy,774,3658959723,1765023,1765155,132,completed,-10
Greedy,775,3658959723,1765225,1765358,133,completed,-10
Greedy,776,3658959723,1765425,1765557,132,completed,-10
Greedy,777,3658959723,1765625,1765758,133,completed,-10
Greedy,778,3658959723,1765825,1765956,131,completed,-10
Greedy,779,3658959723,1766025,1766352,327,completed,-10
Greedy,780,3658959723,1766225,1766469,244,completed,-10
Greedy,781,3658959723,1766425,1766578,153,completed,-10
Greedy,782,3658959723,1766625,1766757,132,completed,-9
Greedy,783,3037662008,1766825,1766942,117,completed,-31
Greedy,787,3658959723,1769822,1769954,132,completed,-9
Greedy,788,3658959723,1770022,1770155,133,completed,-9
Greedy,789,3658959723,1770222,1770355,133,completed,-9
Greedy,790,3658959723,1770422,1770554,132,completed,-9
Greedy,791,3658959723,1770623,1770756,133,completed,-9
Greedy,797,3658959723,1771823,1771955,132,completed,-9
Greedy,798,3658959723,1772023,1772155,132,completed,-9
Greedy,784,3658959723,1772026,1772258,232,completed,-9
Greedy,799,3658959723,1772223,1772361,138,completed,-9
Greedy,800,3658959723,1772423,1772555,132,completed,-9
Greedy,801,3658959723,1772626,1772768,142,completed,-9
Greedy,785,3037662008,1769422,1769831,409,completed,-34
Greedy,786,3037662008,1769622,1770380,758,completed,-34
Greedy,792,3037662008,1770823,1770940,117,completed,-34
Greedy,802,3658959723,1772826,1772960,134,completed,-9
Greedy,793,3037662008,1771023,1771156,133,completed,-34
Greedy,794,3037662008,1771223,1771431,208,completed,-34
Greedy,795,3037662008,1771423,1772965,1542,completed,-32
Greedy,796,3037662008,1771623,1773067,1444,completed,-32
Greedy,803,3037662008,1773026,1773169,143,completed,-32
Greedy,804,3037662008,1773226,1773345,119,completed,-32
Greedy,805,3037662008,1773426,1773546,120,completed,-32
Greedy,806,3037662008,1773630,1773756,126,completed,-32
Greedy,807,3037662008,1773830,1773951,121,completed,-32
Greedy,808,3037662008,1774030,1774147,117,completed,-32
Greedy,809,3037662008,1774230,1774347,117,completed,-32
Greedy,810,3037662008,1774430,1774744,314,completed,-35
Greedy,811,3037662008,1774634,1774847,213,completed,-35
Greedy,812,3658959723,1774834,1774967,133,completed,-9
Greedy,813,3658959723,1775034,1775168,134,completed,-9
Greedy,814,3658959723,1775234,1775365,131,completed,-9
Greedy,815,3658959723,1775625,1775758,133,completed,-9
Greedy,816,3658959723,1775825,1775957,132,completed,-9
Greedy,817,3658959723,1776025,1776156,131,completed,-9
Greedy,818,3658959723,1776225,1776357,132,completed,-9
Greedy,819,3658959723,1776425,1776559,134,completed,-9
Greedy,820,3658959723,1776631,1776764,133,completed,-9
Greedy,821,3037662008,1776831,1776948,117,completed,-34
Greedy,822,3037662008,1777031,1777148,117,completed,-34
Greedy,823,3037662008,1777231,1777349,118,completed,-34
Greedy,824,3037662008,1777433,1777743,310,completed,-34
Greedy,825,3037662008,1777633,1777852,219,completed,-34
Greedy,826,3037662008,1777833,1777955,122,completed,-34
Greedy,827,3037662008,1778033,1778151,118,completed,-34
Greedy,828,3037662008,1778233,1778350,117,completed,-34
Greedy,829,3037662008,1778433,1778550,117,completed,-34
Greedy,830,3037662008,1778633,1778752,119,completed,-33
Greedy,831,3658959723,1778833,1778965,132,completed,-9
Greedy,832,3658959723,1779033,1779165,132,completed,-9
Greedy,833,3658959723,1779233,1779368,135,completed,-9
Greedy,834,3658959723,1779434,1779800,366,completed,-9
Greedy,835,3658959723,1779638,1779908,270,completed,-9
Greedy,836,3658959723,1779838,1780016,178,completed,-9
Greedy,837,3658959723,1780038,1780171,133,completed,-9
Greedy,838,3658959723,1780238,1780370,132,completed,-9
Greedy,839,3658959723,1780438,1780762,324,completed,-9
Greedy,841,3037662008,1780838,1780955,117,completed,-32
Greedy,840,3658959723,1780638,1780865,227,completed,-9
Greedy,842,3037662008,1781038,1781155,117,completed,-32
Greedy,843,3037662008,1781238,1781355,117,completed,-32
Greedy,844,3037662008,1781438,1781555,117,completed,-32
Greedy,845,3037662008,1781638,1781757,119,completed,-32
Greedy,846,3037662008,1781838,1781955,117,completed,-32
Greedy,847,3037662008,1782038,1782155,117,completed,-32
Greedy,848,3037662008,1782238,1782356,118,completed,-32
Greedy,849,3037662008,1782438,1782555,117,completed,-32
Greedy,850,3037662008,1782640,1782762,122,completed,-34
Greedy,851,3658959723,1782840,1782973,133,completed,-9
Greedy,852,3658959723,1783040,1783172,132,completed,-9
Greedy,853,3658959723,1783240,1783372,132,completed,-9
Greedy,854,3658959723,1783440,1783766,326,completed,-9
Greedy,855,3658959723,1783640,1783875,235,completed,-9
Greedy,856,3658959723,1783840,1783978,138,completed,-9
Greedy,857,3658959723,1784040,1784173,133,completed,-9
Greedy,858,3658959723,1784240,1784372,132,completed,-9
Greedy,865,3037662008,1787837,1787954,117,completed,-32
Greedy,866,3037662008,1788040,1788159,119,completed,-32
Greedy,867,3037662008,1788240,1788358,118,completed,-32
Greedy,868,3037662008,1788440,1788557,117,completed,-32
Greedy,869,3037662008,1788640,1788757,117,completed,-32
Greedy,859,3658959723,1784440,1784572,132,completed,-9
Greedy,870,3037662008,1788840,1789161,321,completed,-32
Greedy,871,3037662008,1789044,1789278,234,completed,-32
Greedy,860,3658959723,1786837,1787162,325,completed,-8
Greedy,861,3658959723,1787037,1787264,227,completed,-8
Greedy,862,3658959723,1787237,1787475,238,completed,-8
Greedy,863,3658959723,1787437,1787749,312,completed,-8
Greedy,864,3658959723,1787637,1788165,528,completed,-8
Greedy,872,3658959723,1789244,1789378,134,completed,-8
Greedy,873,3658959723,1789444,1789577,133,completed,-8
Greedy,874,3658959723,1789644,1789777,133,completed,-8
Greedy,875,3658959723,1789845,1790171,326,completed,-8
Greedy,876,3658959723,1790045,1790273,228,completed,-8
Greedy,877,3658959723,1790245,1790379,134,completed,-8
Greedy,878,3658959723,1790445,1790577,132,completed,-8
Greedy,879,3658959723,1790645,1790776,131,completed,-8
Greedy,880,3037662008,1790845,1791204,359,completed,-30
Greedy,881,3037662008,1791046,1791313,267,completed,-30
Greedy,882,3037662008,1791246,1791423,177,completed,-30
Greedy,883,3037662008,1791446,1791563,117,completed,-30
Greedy,884,3037662008,1791646,1791763,117,completed,-30
Greedy,885,3037662008,1791846,1791962,116,completed,-30
Greedy,886,3037662008,1792050,1792169,119,completed,-30
Greedy,887,3037662008,1792250,1792368,118,completed,-30
Greedy,888,3037662008,1792450,1792567,117,completed,-30
Greedy,889,3037662008,1792650,1792767,117,completed,-33
Greedy,890,3658959723,1792854,1793225,371,completed,-8
Greedy,891,3658959723,1793054,1793333,279,completed,-8
Greedy,892,3658959723,1793254,1793442,188,completed,-8
Greedy,893,3658959723,1793454,1793587,133,completed,-8
Greedy,894,3658959723,1793654,1793786,132,completed,-8
Greedy,895,3658959723,1793854,1793986,132,completed,-8
Greedy,896,3658959723,1794054,1794189,135,completed,-8
Greedy,897,3658959723,1794254,1794386,132,completed,-8
Greedy,898,3658959723,1794454,1794588,134,completed,-8
Greedy,899,3658959723,1794654,1794786,132,completed,-8
Greedy,900,3037662008,1794854,1795166,312,completed,-28
Greedy,901,3037662008,1795054,1795276,222,completed,-28
Greedy,902,3037662008,1795254,1795379,125,completed,-28
Greedy,903,3037662008,1795454,1795572,118,completed,-28
Greedy,904,3037662008,1795654,1795771,117,completed,-28
Greedy,905,3037662008,1795854,1795971,117,completed,-28
Greedy,906,3037662008,1796055,1796176,121,completed,-28
Greedy,907,3037662008,1796255,1796373,118,completed,-28
Greedy,908,3037662008,1796455,1796573,118,completed,-28
Greedy,909,3037662008,1796655,1796772,117,completed,-32
Greedy,910,3658959723,1796855,1797183,328,completed,-8
Greedy,911,3658959723,1797055,1797292,237,completed,-8
Greedy,912,3658959723,1797255,1797395,140,completed,-8
Greedy,913,3658959723,1797455,1797587,132,completed,-8
Greedy,914,3658959723,1797655,1797786,131,completed,-8
Greedy,915,3658959723,1797855,1797987,132,completed,-8
Greedy,916,3658959723,1798058,1798191,133,completed,-8
Greedy,917,3658959723,1798258,1798391,133,completed,-8
Greedy,918,3658959723,1798458,1798590,132,completed,-8
Greedy,919,3658959723,1798658,1798790,132,completed,-9
Greedy,920,3037662008,1798858,1799172,314,completed,-29
Greedy,921,3037662008,1799058,1799276,218,completed,-29
Greedy,922,3037662008,1799258,1799379,121,completed,-29
Greedy,923,3037662008,1799458,1799575,117,completed,-29
Greedy,924,3037662008,1799658,1799775,117,completed,-29
Greedy,925,3037662008,1799858,1799976,118,completed,-29
Greedy,926,3037662008,1800060,1800179,119,completed,-29
Greedy,927,3037662008,1800260,1800377,117,completed,-29
Greedy,928,3037662008,1800460,1800578,118,completed,-29
Greedy,929,3037662008,1800660,1800777,117,completed,-34
Greedy,930,3658959723,1800860,1801188,328,completed,-8
Greedy,931,3658959723,1801060,1801298,238,completed,-8
Greedy,932,3658959723,1801260,1801401,141,completed,-8
Greedy,933,3658959723,1801460,1801592,132,completed,-8
Greedy,934,3658959723,1801660,1801792,132,completed,-8
Greedy,935,3658959723,1801860,1801994,134,completed,-8
Greedy,936,3658959723,1804257,1804585,328,completed,-9
Greedy,937,3658959723,1804462,1804695,233,completed,-9
Greedy,939,3037662008,1804862,1804979,117,completed,-30
Greedy,938,3658959723,1804662,1804797,135,completed,-10
Greedy,940,3037662008,1805062,1805180,118,completed,-30
Greedy,941,3037662008,1805461,1805578,117,completed,-30
Greedy,942,3037662008,1805661,1805779,118,completed,-30
Greedy,943,3037662008,1805861,1805983,122,completed,-30
Greedy,944,3037662008,1806061,1806188,127,completed,-30
Greedy,945,3037662008,1806262,1806631,369,completed,-30
Greedy,946,3037662008,1806465,1806740,275,completed,-34
Greedy,947,3037662008,1806665,1806842,177,completed,-34
Greedy,948,3658959723,1806865,1807001,136,completed,-9
Greedy,949,3658959723,1807065,1807198,133,completed,-9
Greedy,950,3658959723,1807265,1807590,325,completed,-9
Greedy,951,3658959723,1807468,1807693,225,completed,-9
Greedy,952,3658959723,1807668,1807801,133,completed,-9
Greedy,953,3658959723,1807868,1808003,135,completed,-9
Greedy,954,3658959723,1808068,1808202,134,completed,-9
Greedy,955,3658959723,1808467,1808722,255,completed,-11
Greedy,956,3658959723,1808667,1808902,235,completed,-11
Greedy,957,3037662008,1808867,1808984,117,completed,-33
Greedy,958,3037662008,1809067,1809184,117,completed,-33
Greedy,959,3037662008,1809267,1809579,312,completed,-33
Greedy,960,3037662008,1809467,1809684,217,completed,-33
Greedy,961,3037662008,1809667,1809787,120,completed,-33
Greedy,962,3037662008,1809867,1809985,118,completed,-33
Greedy,963,3037662008,1810067,1810184,117,completed,-33
Greedy,964,3037662008,1810267,1810384,117,completed,-33
Greedy,965,3037662008,1810476,1810659,183,completed,-33
Greedy,966,3037662008,1810676,1810795,119,completed,-34
Greedy,967,3658959723,1810876,1811008,132,completed,-9
Greedy,968,3658959723,1811076,1811209,133,completed,-9
Greedy,969,3658959723,1811464,1811597,133,completed,-9
Greedy,970,3658959723,1811664,1811796,132,completed,-9
Greedy,971,3658959723,1811864,1811996,132,completed,-9
Greedy,972,3658959723,1812064,1812196,132,completed,-9
Greedy,973,3658959723,1812265,1812399,134,completed,-9
Greedy,974,3658959723,1812476,1812624,148,completed,-9
Greedy,975,3658959723,1812676,1812808,132,completed,-9
Greedy,976,3658959723,1812876,1813008,132,completed,-9
Greedy,977,3658959723,1813076,1813209,133,completed,-9
Greedy,978,3658959723,1813466,1813599,133,completed,-9
Greedy,979,3658959723,1813666,1813798,132,completed,-9
Greedy,980,3658959723,1813866,1813998,132,completed,-9
Greedy,981,3658959723,1814066,1814198,132,completed,-9
Greedy,982,3658959723,1814266,1814399,133,completed,-9
Greedy,983,3658959723,1814477,1814610,133,completed,-9
Greedy,984,3658959723,1814677,1814809,132,completed,-9
Greedy,985,3658959723,1814877,1815009,132,completed,-9
Greedy,986,3658959723,1815077,1815210,133,completed,-9
Greedy,987,3658959723,1815475,1815607,132,completed,-9
Greedy,988,3658959723,1815675,1815807,132,completed,-9
Greedy,989,3658959723,1815875,1816007,132,completed,-9
Greedy,990,3658959723,1816075,1816207,132,completed,-9
Greedy,991,3658959723,1816275,1816610,335,completed,-9
Greedy,992,3658959723,1816479,1816713,234,completed,-9
Greedy,993,3658959723,1816679,1816816,137,completed,-9
Greedy,994,3037662008,1816879,1816996,117,completed,-31
Greedy,995,3037662008,1817079,1817196,117,completed,-31
Greedy,996,3037662008,1817478,1817595,117,completed,-31
Greedy,997,3037662008,1817678,1817795,117,completed,-31
Greedy,998,3037662008,1817878,1817996,118,completed,-31
Greedy,999,3037662008,1818078,1818196,118,completed,-31
Greedy,1000,3037662008,1818278,1818590,312,completed,-31
Greedy,1001,3037662008,1818482,1818699,217,completed,-32
Greedy,1002,3037662008,1818682,1818806,124,completed,-32
Greedy,1003,3658959723,1818882,1819015,133,completed,-9
Greedy,1004,3658959723,1819082,1819214,132,completed,-9
Greedy,1005,3658959723,1819481,1819616,135,completed,-9
Greedy,1006,3658959723,1821688,1822013,325,completed,-8
Greedy,1007,3658959723,1821888,1822122,234,completed,-8
Greedy,1008,3658959723,1822088,1822225,137,completed,-8
Greedy,1009,3658959723,1822288,1822420,132,completed,-8
Greedy,1010,3658959723,1822488,1822620,132,completed,-8
Greedy,1011,3658959723,1822690,1823014,324,completed,-9
Greedy,1012,3658959723,1822890,1823117,227,completed,-9
Greedy,1013,3658959723,1823090,1823224,134,completed,-9
Greedy,1014,3658959723,1823290,1823422,132,completed,-9
Greedy,1015,3658959723,1823490,1823631,141,completed,-9
Greedy,1016,3658959723,1823690,1823824,134,completed,-9
Greedy,1017,3658959723,1823893,1824025,132,completed,-9
Greedy,1018,3658959723,1824093,1824225,132,completed,-9
Greedy,1019,3658959723,1824293,1824425,132,completed,-9
Greedy,1020,3658959723,1824493,1824626,133,completed,-9
Greedy,1021,3658959723,1824693,1825018,325,completed,-9
Greedy,1022,3658959723,1824893,1825121,228,completed,-9
Greedy,1023,3658959723,1825093,1825227,134,completed,-9
Greedy,1024,3658959723,1825293,1825425,132,completed,-9
Greedy,SUMMARY,ALL,0,0,120000,batch_complete,0
----------------,---,---,---,---,---,----------------,---
Greedy,1025,3658959723,1825493,1825626,133,completed,-9
Greedy,1026,3658959723,1831941,1832076,135,completed,-9
Greedy,1027,3658959723,1832141,1832273,132,completed,-9
Greedy,1028,3658959723,1832341,1832473,132,completed,-9
Greedy,1029,3658959723,1832541,1832674,133,completed,-9
Greedy,1030,3658959723,1832894,1833028,134,completed,-9
Greedy,1031,3658959723,1833094,1833228,134,completed,-9
Greedy,1032,3658959723,1833294,1833426,132,completed,-9
Greedy,1033,3658959723,1833494,1833626,132,completed,-9
Greedy,1034,3658959723,1833694,1833826,132,completed,-9
Greedy,1035,3658959723,1833905,1834097,192,completed,-9
Greedy,1036,3658959723,1834105,1834237,132,completed,-9
Greedy,1037,3658959723,1834305,1834437,132,completed,-9
Greedy,1038,3658959723,1834505,1834637,132,completed,-9
Greedy,1039,3658959723,1834705,1835029,324,completed,-9
Greedy,1040,3658959723,1834905,1835139,234,completed,-9
Greedy,1041,3658959723,1835105,1835422,317,completed,-9
Greedy,1042,3658959723,1835305,1835531,226,completed,-9
Greedy,1043,3658959723,1835505,1835638,133,completed,-9
Greedy,1044,3658959723,1835707,1836033,326,completed,-9
Greedy,1045,3658959723,1835907,1836142,235,completed,-9
Greedy,1046,3658959723,1836107,1836249,142,completed,-9
Greedy,1047,3658959723,1836307,1836440,133,completed,-9
Greedy,1048,3658959723,1836507,1836640,133,completed,-9
Greedy,1049,3658959723,1836707,1836840,133,completed,-9
Greedy,1050,3658959723,1836909,1837045,136,completed,-9
Greedy,1051,3658959723,1839114,1839440,326,completed,-9
Greedy,1052,3658959723,1839315,1839548,233,completed,-9
Greedy,1053,3658959723,1839515,1839650,135,completed,-9
Greedy,1054,3658959723,1839715,1839847,132,completed,-9
Greedy,1055,3658959723,1839915,1840048,133,completed,-9
Greedy,1056,3658959723,1840115,1840247,132,completed,-9
Greedy,1057,3658959723,1840316,1840449,133,completed,-9
Greedy,1058,3658959723,1840516,1840650,134,completed,-9
Greedy,1059,3658959723,1840716,1840848,132,completed,-9
Greedy,1060,3658959723,1840916,1841049,133,completed,-9
Greedy,1061,3658959723,1841116,1841249,133,completed,-9
Greedy,1062,3658959723,1841318,1841672,354,completed,-9
Greedy,1063,3658959723,1841518,1841780,262,completed,-9
Greedy,1064,3658959723,1841718,1841897,179,completed,-9
Greedy,1065,3658959723,1841918,1842051,133,completed,-9
Greedy,1066,3658959723,1842118,1842250,132,completed,-9
Greedy,1067,3658959723,1842318,1842451,133,completed,-9
Greedy,1068,3658959723,1842518,1842651,133,completed,-9
Greedy,1069,3658959723,1842718,1842854,136,completed,-9
Greedy,1070,3658959723,1842918,1843050,132,completed,-9
Greedy,1071,3658959723,1843118,1843250,132,completed,-9
Greedy,1072,3658959723,1843320,1843472,152,completed,-9
Greedy,1073,3658959723,1843520,1843654,134,completed,-9
Greedy,1074,3658959723,1843720,1843852,132,completed,-9
Greedy,1075,3658959723,1843920,1844052,132,completed,-9
Greedy,1076,3658959723,1844120,1844253,133,completed,-9
Greedy,1077,3658959723,1844320,1844454,134,completed,-9
Greedy,1078,3658959723,1844520,1844654,134,completed,-9
Greedy,1079,3658959723,1844720,1844854,134,completed,-9
Greedy,1080,3658959723,1844920,1845052,132,completed,-9
Greedy,1081,3658959723,1845120,1845252,132,completed,-9
Greedy,1082,3658959723,1845322,1845546,224,completed,-9
Greedy,1083,3658959723,1845522,1845655,133,completed,-9
Greedy,1084,3658959723,1845722,1845854,132,completed,-9
Greedy,1085,3658959723,1845922,1846054,132,completed,-9
Greedy,1086,3658959723,1846122,1846254,132,completed,-9
Greedy,1087,3658959723,1846322,1846457,135,completed,-9
Greedy,1088,3658959723,1846522,1846666,144,completed,-9
Greedy,1089,3658959723,1846722,1846855,133,completed,-9
Greedy,1090,3658959723,1846922,1847054,132,completed,-9
Greedy,1091,3658959723,1847122,1847255,133,completed,-9
Greedy,1092,3658959723,1847325,1847458,133,completed,-9
Greedy,1093,3658959723,1847525,1847657,132,completed,-9
Greedy,1094,3658959723,1847725,1847857,132,completed,-9
Greedy,1095,3658959723,1847925,1848057,132,completed,-9
Greedy,1096,3658959723,1848125,1848450,325,completed,-9
Greedy,1097,3658959723,1848325,1848553,228,completed,-9
Greedy,1098,3658959723,1848525,1848660,135,completed,-9
Greedy,1099,3658959723,1848725,1848859,134,completed,-9
Greedy,1100,3658959723,1848925,1849057,132,completed,-9
Greedy,1101,3658959723,1849125,1849259,134,completed,-9
Greedy,1102,3658959723,1849328,1849645,317,completed,-9
Greedy,1103,3658959723,1849528,1849753,225,completed,-9
Greedy,1104,3658959723,1849728,1849862,134,completed,-9
Greedy,1105,3658959723,1849928,1850061,133,completed,-9
Greedy,1106,3658959723,1850128,1850453,325,completed,-9
Greedy,1107,3658959723,1850328,1850561,233,completed,-9
Greedy,1108,3658959723,1850528,1850670,142,completed,-9
Greedy,1109,3658959723,1850728,1850862,134,completed,-9
Greedy,1110,3658959723,1850928,1851061,133,completed,-9
Greedy,1111,3658959723,1851128,1851261,133,completed,-9
Greedy,1112,3658959723,1851330,1851471,141,completed,-9
Greedy,1113,3658959723,1851530,1851663,133,completed,-9
Greedy,1114,3658959723,1851730,1851864,134,completed,-9
Greedy,1115,3658959723,1851930,1852062,132,completed,-9
Greedy,1116,3658959723,1852130,1852262,132,completed,-9
Greedy,1117,3658959723,1852330,1852465,135,completed,-9
Greedy,1118,3658959723,1852530,1852663,133,completed,-9
Greedy,1119,3658959723,1852730,1852863,133,completed,-10
Greedy,1120,3658959723,1852930,1853062,132,completed,-10
Greedy,1121,3658959723,1853130,1853263,133,completed,-10
Greedy,1122,3658959723,1853333,1853620,287,completed,-10
Greedy,1123,3658959723,1853533,1853730,197,completed,-10
Greedy,1124,3658959723,1853733,1853867,134,completed,-10
Greedy,1125,3658959723,1853933,1854065,132,completed,-10
Greedy,1126,3658959723,1854133,1854459,326,completed,-10
Greedy,1127,3658959723,1856531,1856858,327,completed,-9
Greedy,1128,3658959723,1856736,1856961,225,completed,-9
Greedy,1129,3658959723,1856936,1857069,133,completed,-9
Greedy,1130,3658959723,1857136,1857268,132,completed,-9
Greedy,1131,3658959723,1857336,1857468,132,completed,-9
Greedy,1132,3658959723,1857726,1857863,137,completed,-9
Greedy,1133,3658959723,1857926,1858058,132,completed,-9
Greedy,1134,3658959723,1858126,1858258,132,completed,-9
Greedy,1135,3658959723,1858326,1858458,132,completed,-9
Greedy,1136,3658959723,1858526,1858658,132,completed,-9
Greedy,1137,3658959723,1858739,1858872,133,completed,-9
Greedy,1138,3658959723,1858939,1859072,133,completed,-9
Greedy,1139,3658959723,1859139,1859271,132,completed,-9
Greedy,1140,3658959723,1859339,1859472,133,completed,-9
Greedy,1141,3658959723,1859728,1859862,134,completed,-9
Greedy,1142,3658959723,1859928,1860060,132,completed,-9
Greedy,1143,3658959723,1860128,1860262,134,completed,-9
Greedy,1144,3658959723,1860328,1860460,132,completed,-9
Greedy,1145,3658959723,1860528,1860661,133,completed,-9
Greedy,1146,3658959723,1860741,1860874,133,completed,-10
Greedy,1147,3658959723,1860941,1861074,133,completed,-10
Greedy,1148,3658959723,1861141,1861273,132,completed,-10
Greedy,1149,3658959723,1861341,1861473,132,completed,-10
Greedy,1150,3658959723,1861731,1861865,134,completed,-10
Greedy,1151,3658959723,1861931,1862063,132,completed,-10
Greedy,1152,3658959723,1862131,1862264,133,completed,-10
Greedy,1153,3658959723,1862331,1862464,133,completed,-10
Greedy,1154,3658959723,1862531,1862665,134,completed,-10
Greedy,1155,3658959723,1862742,1862875,133,completed,-10
Greedy,1156,3658959723,1862942,1863075,133,completed,-10
Greedy,1157,3658959723,1863142,1863275,133,completed,-10
Greedy,1158,3658959723,1863342,1863474,132,completed,-10
Greedy,1159,3658959723,1863732,1863866,134,completed,-10
Greedy,1160,3658959723,1863932,1864064,132,completed,-10
Greedy,1161,3658959723,1864132,1864264,132,completed,-10
Greedy,1162,3658959723,1864332,1864465,133,completed,-10
Greedy,1163,3658959723,1864532,1864675,143,completed,-10
Greedy,1164,3658959723,1864744,1864877,133,completed,-10
Greedy,1165,3658959723,1864944,1865076,132,completed,-10
Greedy,1166,3658959723,1865144,1865277,133,completed,-10
Greedy,1167,3658959723,1865344,1865476,132,completed,-10
Greedy,1168,3658959723,1865734,1865868,134,completed,-10
Greedy,1169,3658959723,1865934,1866066,132,completed,-10
Greedy,1170,3658959723,1866134,1866267,133,completed,-10
Greedy,1171,3658959723,1866334,1866467,133,completed,-10
Greedy,1172,3658959723,1866534,1866669,135,completed,-10
Greedy,1173,3658959723,1866744,1866877,133,completed,-10
Greedy,1174,3658959723,1866944,1867077,133,completed,-10
Greedy,1175,3658959723,1867144,1867277,133,completed,-10
Greedy,1176,3658959723,1867344,1867476,132,completed,-10
Greedy,1177,3658959723,1867544,1867870,326,completed,-10
Greedy,1178,3658959723,1867744,1867973,229,completed,-10
Greedy,1179,3658959723,1867944,1868079,135,completed,-10
Greedy,1180,3658959723,1868144,1868276,132,completed,-10
Greedy,1181,3658959723,1868344,1868476,132,completed,-10
Greedy,1182,3658959723,1868544,1868676,132,completed,-10
Greedy,1183,3658959723,1868746,1868879,133,completed,-9
Greedy,1184,3658959723,1868946,1869079,133,completed,-9
Greedy,1185,3658959723,1869146,1869279,133,completed,-9
Greedy,1186,3658959723,1869346,1869479,133,completed,-9
Greedy,1187,3658959723,1869546,1869870,324,completed,-9
Greedy,1188,3658959723,1869746,1869973,227,completed,-9
Greedy,1189,3658959723,1869946,1870080,134,completed,-9
Greedy,1190,3658959723,1870146,1870279,133,completed,-9
Greedy,1191,3658959723,1870346,1870479,133,completed,-9
Greedy,1192,3658959723,1870546,1870874,328,completed,-9
Greedy,1193,3658959723,1870749,1870983,234,completed,-9
Greedy,1194,3658959723,1870949,1871086,137,completed,-9
Greedy,1195,3658959723,1871149,1871282,133,completed,-9
Greedy,1196,3658959723,1871349,1871481,132,completed,-9
Greedy,1197,3658959723,1871549,1871875,326,completed,-9
Greedy,1198,3658959723,1873946,1874271,325,completed,-9
Greedy,1199,3658959723,1874147,1874379,232,completed,-9
Greedy,1200,3658959723,1874350,1874485,135,completed,-9
Greedy,1201,3658959723,1874550,1874682,132,completed,-9
Greedy,1202,3658959723,1874750,1874884,134,completed,-9
Greedy,1203,3658959723,1874950,1875274,324,completed,-9
Greedy,1204,3658959723,1875150,1875377,227,completed,-9
Greedy,1205,3658959723,1875350,1875483,133,completed,-9
Greedy,1206,3658959723,1875550,1875683,133,completed,-9
Greedy,1207,3658959723,1875750,1875882,132,completed,-9
Greedy,1208,3658959723,1875952,1876279,327,completed,-9
Greedy,1209,3658959723,1876152,1876384,232,completed,-9
Greedy,1210,3658959723,1876352,1876487,135,completed,-9
Greedy,1211,3658959723,1876552,1876684,132,completed,-9
Greedy,1212,3658959723,1876752,1876886,134,completed,-9
Greedy,1213,3658959723,1876952,1877277,325,completed,-9
Greedy,1214,3658959723,1877152,1877380,228,completed,-9
Greedy,1215,3658959723,1877352,1877486,134,completed,-9
Greedy,1216,3658959723,1877552,1877685,133,completed,-9
Greedy,1217,3658959723,1877752,1877884,132,completed,-9
Greedy,1218,3658959723,1877953,1878086,133,completed,-9
Greedy,1219,3658959723,1878154,1878288,134,completed,-9
Greedy,1220,3658959723,1878354,1878487,133,completed,-9
Greedy,1221,3658959723,1878554,1878687,133,completed,-9
Greedy,1222,3658959723,1878754,1878887,133,completed,-9
Greedy,1223,3658959723,1878954,1879086,132,completed,-9
Greedy,1224,3658959723,1879155,1879289,134,completed,-9
Greedy,1225,3658959723,1879355,1879488,133,completed,-9
Greedy,1226,3658959723,1879555,1879687,132,completed,-9
Greedy,1227,3658959723,1879755,1879888,133,completed,-9
Greedy,1228,3658959723,1879955,1880282,327,completed,-9
Greedy,1229,3658959723,1880155,1880391,236,completed,-9
Greedy,1230,3658959723,1880355,1880494,139,completed,-9
Greedy,1231,3658959723,1880555,1880689,134,completed,-9
Greedy,1232,3658959723,1880755,1880887,132,completed,-10
Greedy,1233,3658959723,1880955,1881087,132,completed,-10
Greedy,1234,3658959723,1881157,1881293,136,completed,-10
Greedy,1235,3658959723,1881357,1881492,135,completed,-10
Greedy,1236,3658959723,1881557,1881690,133,completed,-10
Greedy,1237,3658959723,1881757,1881889,132,completed,-10
Greedy,1238,3658959723,1881957,1882294,337,completed,-10
Greedy,1239,3658959723,1882157,1882403,246,completed,-10
Greedy,1240,3658959723,1882357,1882539,182,completed,-10
Greedy,1241,3658959723,1882557,1882689,132,completed,-10
Greedy,1242,3658959723,1882757,1882893,136,completed,-9
Greedy,1243,3658959723,1882957,1883090,133,completed,-9
Greedy,1244,3658959723,1883159,1883293,134,completed,-9
Greedy,1245,3658959723,1883359,1883494,135,completed,-9
Greedy,1246,3658959723,1883559,1883692,133,completed,-9
Greedy,1247,3658959723,1883759,1883892,133,completed,-9
Greedy,1248,3658959723,1883959,1884286,327,completed,-9
Greedy,1249,3658959723,1884159,1884395,236,completed,-9
Greedy,1250,3658959723,1884359,1884498,139,completed,-9
Greedy,1251,3658959723,1884559,1884691,132,completed,-9
Greedy,1252,3658959723,1884759,1884892,133,completed,-9
Greedy,1253,3658959723,1884959,1885091,132,completed,-9
Greedy,1254,3658959723,1885162,1885300,138,completed,-9
Greedy,1255,3658959723,1885369,1885503,134,completed,-9
Greedy,1256,3658959723,1885569,1885702,133,completed,-9
Greedy,1257,3658959723,1885769,1885901,132,completed,-9
Greedy,1258,3658959723,1886158,1886292,134,completed,-9
Greedy,1259,3658959723,1886358,1886490,132,completed,-9
Greedy,1260,3658959723,1886558,1886690,132,completed,-9
Greedy,1261,3658959723,1886758,1886892,134,completed,-8
Greedy,1262,3658959723,1886958,1887091,133,completed,-8
Greedy,1263,3658959723,1887164,1887298,134,completed,-8
Greedy,1264,3658959723,1887369,1887503,134,completed,-8
Greedy,1265,3658959723,1887569,1887702,133,completed,-8
Greedy,1266,3658959723,1887769,1887901,132,completed,-8
Greedy,1267,3658959723,1888159,1888293,134,completed,-8
Greedy,1268,3658959723,1888359,1888491,132,completed,-8
Greedy,1269,3658959723,1888559,1888691,132,completed,-8
Greedy,1270,3658959723,1888759,1888892,133,completed,-9
Greedy,1271,3658959723,1888959,1889092,133,completed,-9
Greedy,1272,3658959723,1889163,1889297,134,completed,-9
Greedy,1273,3658959723,1891364,1891694,330,completed,-9
Greedy,1274,3658959723,1891566,1892218,652,completed,-9
Greedy,1275,3658959723,1891766,1892470,704,completed,-9
Greedy,1276,3658959723,1891966,1892572,606,completed,-9
Greedy,1277,3658959723,1892166,1892756,590,completed,-9
Greedy,1278,3658959723,1892370,1893018,648,completed,-9
Greedy,1279,3658959723,1892575,1893293,718,completed,-9
Greedy,1280,3658959723,1892775,1893736,961,completed,-9
Greedy,1291,3037662008,1895575,1895872,297,completed,-32
Greedy,1292,3037662008,1895775,1895975,200,completed,-32
Greedy,1293,3037662008,1895975,1896095,120,completed,-32
Greedy,1294,3037662008,1896175,1896293,118,completed,-32
Greedy,1281,3658959723,1892975,1893838,863,completed,-9
Greedy,1282,3658959723,1893175,1893940,765,completed,-9
Greedy,1283,3658959723,1893583,1894042,459,completed,-9
Greedy,1284,3658959723,1893783,1894144,361,completed,-9
Greedy,1288,3037662008,1894783,1894902,119,completed,-32
Greedy,1285,3658959723,1893983,1894246,263,completed,-9
Greedy,1289,3037662008,1894983,1895101,118,completed,-32
Greedy,1286,3658959723,1894183,1894348,165,completed,-9
Greedy,1290,3037662008,1895183,1895301,118,completed,-32
Greedy,1287,3658959723,1894583,1894745,162,completed,-10
Greedy,1295,3037662008,1896380,1896692,312,completed,-32
Greedy,1296,3037662008,1896588,1896802,214,completed,-33
Greedy,1297,3658959723,1896788,1896923,135,completed,-9
Greedy,1298,3658959723,1896988,1897125,137,completed,-9
Greedy,1299,3658959723,1897188,1897320,132,completed,-9
Greedy,1300,3658959723,1897576,1897721,145,completed,-9
Greedy,1301,3658959723,1897776,1897910,134,completed,-9
Greedy,1302,3658959723,1897976,1898109,133,completed,-9
Greedy,1303,3658959723,1898176,1898308,132,completed,-9
Greedy,1304,3658959723,1898376,1898705,329,completed,-9
Greedy,1305,3658959723,1898578,1898808,230,completed,-9
Greedy,1307,3037662008,1898978,1899096,118,completed,-29
Greedy,1306,3658959723,1898778,1898914,136,completed,-9
Greedy,1308,3037662008,1899178,1899297,119,completed,-29
Greedy,1309,3037662008,1899378,1899498,120,completed,-29
Greedy,1310,3037662008,1899583,1899914,331,completed,-29
Greedy,1311,3037662008,1899783,1900017,234,completed,-29
Greedy,1312,3037662008,1899983,1900120,137,completed,-29
Greedy,1313,3037662008,1900183,1900302,119,completed,-29
Greedy,1314,3037662008,1900385,1900736,351,completed,-35
Greedy,1316,3658959723,1900785,1900918,133,completed,-9
Greedy,1315,3037662008,1900585,1900838,253,completed,-35
Greedy,1317,3658959723,1900985,1901118,133,completed,-9
Greedy,1318,3658959723,1901185,1901317,132,completed,-9
Greedy,1319,3658959723,1901385,1901713,328,completed,-9
Greedy,1320,3658959723,1901585,1901818,233,completed,-9
Greedy,1321,3658959723,1901785,1901921,136,completed,-9
Greedy,1322,3658959723,1901985,1902118,133,completed,-9
Greedy,1323,3658959723,1902185,1902318,133,completed,-9
Greedy,1324,3658959723,1902385,1902518,133,completed,-9
Greedy,1325,3658959723,1902586,1902720,134,completed,-9
Greedy,1326,3658959723,1902786,1902919,133,completed,-9
Greedy,1327,3658959723,1902986,1903118,132,completed,-9
Greedy,1328,3658959723,1903186,1903318,132,completed,-9
Greedy,1329,3658959723,1903386,1903519,133,completed,-9
Greedy,1330,3658959723,1903588,1903722,134,completed,-9
Greedy,1331,3658959723,1903788,1903921,133,completed,-9
Greedy,1332,3658959723,1903988,1904121,133,completed,-9
Greedy,1333,3658959723,1904188,1904321,133,completed,-9
Greedy,1334,3658959723,1904388,1904520,132,completed,-9
Greedy,1335,3658959723,1904589,1904724,135,completed,-9
Greedy,1336,3658959723,1904789,1904923,134,completed,-9
Greedy,1337,3658959723,1904989,1905122,133,completed,-9
Greedy,1338,3658959723,1905189,1905322,133,completed,-9
Greedy,1339,3658959723,1905389,1905842,453,completed,-9
Greedy,1340,3658959723,1905589,1905951,362,completed,-9
Greedy,1341,3658959723,1905789,1906059,270,completed,-9
Greedy,1342,3658959723,1905989,1906162,173,completed,-9
Greedy,1343,3658959723,1906189,1906322,133,completed,-9
Greedy,1344,3658959723,1906389,1906522,133,completed,-9
Greedy,1345,3658959723,1908789,1909261,472,completed,-9
Greedy,1346,3658959723,1908992,1909436,444,completed,-9
Greedy,1347,3658959723,1909192,1909539,347,completed,-9
Greedy,1348,3658959723,1909392,1909642,250,completed,-9
Greedy,1349,3658959723,1909592,1909745,153,completed,-9
Greedy,1350,3658959723,1909792,1910119,327,completed,-9
Greedy,1351,3658959723,1909995,1910222,227,completed,-9
Greedy,1352,3658959723,1910195,1910330,135,completed,-9
Greedy,1353,3658959723,1910395,1910529,134,completed,-9
Greedy,1354,3658959723,1910595,1910728,133,completed,-9
Greedy,1355,3658959723,1910795,1911121,326,completed,-9
Greedy,1356,3658959723,1910995,1911224,229,completed,-9
Greedy,1357,3658959723,1911195,1911330,135,completed,-9
Greedy,1358,3658959723,1911395,1911528,133,completed,-9
Greedy,1359,3658959723,1911595,1911727,132,completed,-9
Greedy,1360,3658959723,1911795,1912121,326,completed,-9
Greedy,1361,3658959723,1911995,1912224,229,completed,-9
Greedy,1362,3658959723,1912195,1912330,135,completed,-9
Greedy,1363,3658959723,1912395,1912528,133,completed,-9
Greedy,1364,3658959723,1912595,1912728,133,completed,-9
Greedy,1365,3658959723,1912795,1912929,134,completed,-9
Greedy,1366,3658959723,1912996,1913130,134,completed,-9
Greedy,1367,3658959723,1913196,1913329,133,completed,-9
Greedy,1368,3658959723,1913396,1913529,133,completed,-9
Greedy,1369,3658959723,1913596,1913729,133,completed,-9
Greedy,1370,3658959723,1913796,1913928,132,completed,-9
Greedy,1371,3658959723,1913996,1914131,135,completed,-9
Greedy,1372,3658959723,1914196,1914329,133,completed,-9
Greedy,1373,3658959723,1914398,1914534,136,completed,-9
Greedy,1374,3658959723,1914598,1914732,134,completed,-9
Greedy,1375,3658959723,1914798,1915166,368,completed,-9
Greedy,1376,3658959723,1914998,1915274,276,completed,-9
Greedy,1377,3658959723,1915198,1915383,185,completed,-9
Greedy,1378,3658959723,1915398,1915532,134,completed,-9
Greedy,1379,3658959723,1915598,1915731,133,completed,-9
Greedy,1380,3658959723,1915798,1915931,133,completed,-9
Greedy,1381,3658959723,1915998,1916133,135,completed,-9
Greedy,1382,3658959723,1916198,1916331,133,completed,-9
Greedy,1383,3658959723,1916398,1916532,134,completed,-9
Greedy,1384,3658959723,1916598,1916730,132,completed,-9
Greedy,1385,3658959723,1916798,1917126,328,completed,-9
Greedy,1386,3658959723,1916998,1917235,237,completed,-9
Greedy,1387,3658959723,1917198,1917338,140,completed,-9
Greedy,1388,3658959723,1917398,1917531,133,completed,-9
Greedy,1389,3658959723,1917598,1917731,133,completed,-9
Greedy,1390,3658959723,1917798,1917931,133,completed,-9
Greedy,1391,3658959723,1918000,1918134,134,completed,-9
Greedy,1392,3658959723,1918200,1918334,134,completed,-9
Greedy,1393,3658959723,1918400,1918532,132,completed,-9
Greedy,1394,3658959723,1918600,1918733,133,completed,-9
Greedy,1395,3658959723,1918800,1919142,342,completed,-9
Greedy,1396,3658959723,1919000,1919251,251,completed,-9
Greedy,1397,3658959723,1919200,1919354,154,completed,-9
Greedy,1398,3658959723,1919400,1919533,133,completed,-9
Greedy,1399,3658959723,1919600,1919732,132,completed,-9
Greedy,1400,3658959723,1919800,1919933,133,completed,-9
Greedy,1401,3658959723,1920002,1920138,136,completed,-9
Greedy,1402,3658959723,1920202,1920335,133,completed,-9
Greedy,1403,3658959723,1920402,1920535,133,completed,-9
Greedy,1404,3658959723,1920602,1920735,133,completed,-9
Greedy,1405,3658959723,1920802,1920936,134,completed,-9
Greedy,1406,3658959723,1921007,1921141,134,completed,-9
Greedy,1407,3658959723,1921207,1921340,133,completed,-9
Greedy,1408,3658959723,1921407,1921540,133,completed,-9
Greedy,1409,3658959723,1921607,1921739,132,completed,-9
Greedy,1410,3658959723,1921807,1921941,134,completed,-9
Greedy,1411,3658959723,1922008,1922142,134,completed,-9
Greedy,1412,3658959723,1922208,1922341,133,completed,-9
Greedy,1413,3658959723,1922408,1922541,133,completed,-9
Greedy,1414,3658959723,1922608,1922741,133,completed,-9
Greedy,1415,3658959723,1922808,1922940,132,completed,-8
Greedy,1416,3658959723,1923008,1923144,136,completed,-8
Greedy,1417,3658959723,1923208,1923341,133,completed,-8
Greedy,1418,3658959723,1923408,1923542,134,completed,-8
Greedy,1419,3658959723,1923608,1923741,133,completed,-8
Greedy,1420,3658959723,1923808,1923941,133,completed,-8
Greedy,1421,3658959723,1924011,1924147,136,completed,-8
Greedy,1422,3658959723,1926216,1926542,326,completed,-9
Greedy,1423,3658959723,1926416,1926671,255,completed,-9
Greedy,1425,3037662008,1926816,1926934,118,completed,-35
Greedy,1424,3658959723,1926616,1926774,158,completed,-10
Greedy,1426,3037662008,1927016,1927134,118,completed,-35
Greedy,1427,3037662008,1927216,1927334,118,completed,-35
Greedy,1428,3037662008,1927424,1927543,119,completed,-35
Greedy,1429,3037662008,1927624,1927744,120,completed,-35
Greedy,1430,3037662008,1927824,1927942,118,completed,-35
Greedy,1431,3037662008,1928024,1928142,118,completed,-35
Greedy,1432,3037662008,1928424,1928544,120,completed,-35
Greedy,1433,3037662008,1928624,1928743,119,completed,-35
Greedy,1434,3658959723,1928824,1928957,133,completed,-9
Greedy,1435,3658959723,1929024,1929156,132,completed,-9
Greedy,1436,3658959723,1929423,1929561,138,completed,-9
Greedy,1437,3658959723,1929623,1929756,133,completed,-9
Greedy,1438,3658959723,1929823,1929956,133,completed,-9
Greedy,1439,3658959723,1930023,1930156,133,completed,-9
Greedy,1440,3658959723,1930223,1930550,327,completed,-9
Greedy,1441,3658959723,1930427,1930653,226,completed,-9
Greedy,1443,3037662008,1930827,1930945,118,completed,-33
Greedy,1442,3658959723,1930627,1930763,136,completed,-9
Greedy,1444,3037662008,1931027,1931146,119,completed,-33
Greedy,1445,3037662008,1931425,1931544,119,completed,-33
Greedy,1446,3037662008,1931625,1931744,119,completed,-33
Greedy,1447,3037662008,1931825,1931943,118,completed,-33
Greedy,1448,3037662008,1932025,1932145,120,completed,-33
Greedy,1449,3037662008,1932225,1932537,312,completed,-33
Greedy,1450,3037662008,1932430,1932649,219,completed,-33
Greedy,1451,3037662008,1932630,1932752,122,completed,-38
Greedy,1452,3658959723,1932830,1932963,133,completed,-9
Greedy,1453,3658959723,1933030,1933163,133,completed,-9
Greedy,1454,3658959723,1933427,1933560,133,completed,-9
Greedy,1455,3658959723,1933627,1933760,133,completed,-9
Greedy,1456,3658959723,1933827,1933960,133,completed,-9
Greedy,1457,3658959723,1934027,1934160,133,completed,-9
Greedy,1458,3658959723,1934227,1934554,327,completed,-9
Greedy,1459,3658959723,1934431,1934656,225,completed,-9
Greedy,1461,3037662008,1934831,1934949,118,completed,-32
Greedy,1460,3658959723,1934631,1934766,135,completed,-10
Greedy,1462,3037662008,1935031,1935149,118,completed,-32
Greedy,1463,3037662008,1935429,1935549,120,completed,-32
Greedy,1464,3037662008,1935629,1935747,118,completed,-32
Greedy,1465,3037662008,1935829,1935948,119,completed,-32
Greedy,1466,3037662008,1936029,1936148,119,completed,-32
Greedy,1467,3037662008,1936229,1936571,342,completed,-32
Greedy,1468,3037662008,1936432,1936674,242,completed,-32
Greedy,1470,3658959723,1936832,1936965,133,completed,-9
Greedy,1469,3037662008,1936632,1936777,145,completed,-34
Greedy,1471,3658959723,1937032,1937165,133,completed,-9
Greedy,1472,3658959723,1937232,1937557,325,completed,-9
Greedy,1473,3658959723,1937435,1937668,233,completed,-9
Greedy,1474,3658959723,1937635,1937771,136,completed,-9
Greedy,1475,3658959723,1937835,1937968,133,completed,-9
Greedy,1476,3658959723,1938035,1938167,132,completed,-9
Greedy,1477,3658959723,1938235,1938562,327,completed,-9
Greedy,1478,3658959723,1938439,1938670,231,completed,-9
Greedy,1479,3658959723,1938639,1938781,142,completed,-9
Greedy,1480,3037662008,1938839,1938958,119,completed,-34
Greedy,1481,3037662008,1939039,1939158,119,completed,-34
Greedy,1482,3037662008,1939438,1939558,120,completed,-34
Greedy,1483,3037662008,1939638,1939756,118,completed,-34
Greedy,1484,3037662008,1939838,1939957,119,completed,-34
Greedy,1485,3037662008,1940038,1940156,118,completed,-34
Greedy,1486,3037662008,1940238,1940550,312,completed,-34
Greedy,1487,3037662008,1940441,1940653,212,completed,-34
Greedy,1489,3658959723,1940841,1940974,133,completed,-8
Greedy,1488,3037662008,1940641,1940760,119,completed,-37
Greedy,1490,3658959723,1941041,1941174,133,completed,-8
Greedy,1491,3658959723,1941241,1941568,327,completed,-8
Greedy,1492,3658959723,1943640,1943969,329,completed,-9
Greedy,1493,3658959723,1943844,1944072,228,completed,-9
Greedy,1494,3658959723,1944044,1944178,134,completed,-9
Greedy,1495,3658959723,1944244,1944377,133,completed,-9
Greedy,1496,3658959723,1944444,1944578,134,completed,-9
Greedy,1497,3658959723,1944644,1944971,327,completed,-9
Greedy,1498,3658959723,1944845,1945074,229,completed,-9
Greedy,1499,3658959723,1945045,1945180,135,completed,-9
Greedy,1500,3658959723,1945245,1945378,133,completed,-9
Greedy,1501,3658959723,1945445,1945579,134,completed,-9
Greedy,1502,3658959723,1945645,1945972,327,completed,-9
Greedy,1503,3658959723,1945845,1946081,236,completed,-9
Greedy,1504,3658959723,1946045,1946184,139,completed,-9
Greedy,1505,3658959723,1946245,1946379,134,completed,-9
Greedy,1506,3658959723,1946445,1946577,132,completed,-9
Greedy,1508,3037662008,1946846,1946966,120,completed,-32
Greedy,1507,3658959723,1946645,1946778,133,completed,-9
Greedy,1509,3037662008,1947046,1947165,119,completed,-32
Greedy,1510,3037662008,1947246,1947365,119,completed,-32
Greedy,1511,3037662008,1947446,1947564,118,completed,-32
Greedy,1512,3037662008,1947647,1947961,314,completed,-32
Greedy,1513,3037662008,1947847,1948066,219,completed,-32
Greedy,1514,3037662008,1948047,1948169,122,completed,-32
Greedy,1515,3037662008,1948247,1948366,119,completed,-32
Greedy,1516,3037662008,1948447,1948565,118,completed,-32
Greedy,1518,3658959723,1948850,1948983,133,completed,-9
Greedy,1517,3037662008,1948647,1948768,121,completed,-36
Greedy,1519,3658959723,1949050,1949184,134,completed,-9
Greedy,1520,3658959723,1949250,1949383,133,completed,-9
Greedy,1521,3658959723,1949450,1949583,133,completed,-9
Greedy,1522,3658959723,1949650,1949976,326,completed,-9
Greedy,1523,3658959723,1949850,1950079,229,completed,-9
Greedy,1524,3658959723,1950050,1950185,135,completed,-9
Greedy,1525,3658959723,1950250,1950383,133,completed,-9
Greedy,1526,3658959723,1950450,1950583,133,completed,-9
Greedy,1527,3658959723,1950650,1950977,327,completed,-9
Greedy,1528,3658959723,1950851,1951087,236,completed,-9
Greedy,1529,3658959723,1951051,1951190,139,completed,-9
Greedy,1530,3658959723,1951251,1951384,133,completed,-9
Greedy,1531,3658959723,1951451,1951584,133,completed,-9
Greedy,SUMMARY,ALL,0,0,120000,batch_complete,0
----------------,---,---,---,---,---,----------------,---
Greedy,1532,3658959723,1951651,1951978,327,completed,-9
Greedy,1533,3658959723,1951851,1952081,230,completed,-9
Greedy,1534,3658959723,1957149,1957284,135,completed,-8
Greedy,1535,3658959723,1957350,1957486,136,completed,-8
Greedy,1536,3658959723,1957550,1957683,133,completed,-8
Greedy,1537,3658959723,1957855,1957989,134,completed,-8
Greedy,1538,3658959723,1958055,1958188,133,completed,-8
Greedy,1539,3658959723,1958255,1958388,133,completed,-8
Greedy,1540,3658959723,1958455,1958588,133,completed,-8
Greedy,1541,3658959723,1958655,1958789,134,completed,-9
Greedy,1543,3037662008,1961062,1961384,322,completed,-33
Greedy,1544,3037662008,1961265,1961556,291,completed,-33
Greedy,1545,3037662008,1961465,1961659,194,completed,-33
Greedy,1546,3037662008,1961665,1961786,121,completed,-33
Greedy,1547,3037662008,1961865,1961985,120,completed,-33
Greedy,1548,3037662008,1962065,1962375,310,completed,-33
Greedy,1549,3037662008,1962265,1962527,262,completed,-33
Greedy,1550,3037662008,1962465,1962630,165,completed,-33
Greedy,1551,3037662008,1962665,1962783,118,completed,-36
Greedy,1542,3658959723,1958855,1961178,2323,completed,-9
Greedy,1552,3658959723,1962865,1962998,133,completed,-8
Greedy,1553,3658959723,1963065,1963394,329,completed,-8
Greedy,1554,3658959723,1963265,1963503,238,completed,-8
Greedy,1555,3658959723,1963465,1963604,139,completed,-8
Greedy,1556,3658959723,1963665,1963799,134,completed,-8
Greedy,1557,3658959723,1963865,1963998,133,completed,-8
Greedy,1558,3658959723,1964065,1964199,134,completed,-8
Greedy,1559,3658959723,1964268,1964405,137,completed,-8
Greedy,1560,3658959723,1964468,1964601,133,completed,-8
Greedy,1561,3658959723,1964668,1964801,133,completed,-9
Greedy,1562,3037662008,1964868,1964986,118,completed,-31
Greedy,1563,3037662008,1965068,1965187,119,completed,-31
Greedy,1564,3037662008,1965272,1965492,220,completed,-31
Greedy,1565,3037662008,1965472,1965601,129,completed,-31
Greedy,1566,3037662008,1965672,1965791,119,completed,-31
Greedy,1567,3037662008,1965872,1965990,118,completed,-31
Greedy,1568,3037662008,1966072,1966383,311,completed,-31
Greedy,1569,3037662008,1966272,1966496,224,completed,-31
Greedy,1570,3037662008,1966472,1966599,127,completed,-31
Greedy,1571,3037662008,1966672,1966790,118,completed,-31
Greedy,1572,3658959723,1966872,1967012,140,completed,-8
Greedy,1573,3658959723,1967074,1967415,341,completed,-8
Greedy,1574,3658959723,1967274,1967518,244,completed,-8
Greedy,1575,3658959723,1967474,1967620,146,completed,-8
Greedy,1576,3658959723,1967674,1967807,133,completed,-8
Greedy,1577,3658959723,1967874,1968007,133,completed,-8
Greedy,1578,3658959723,1968074,1968400,326,completed,-8
Greedy,1579,3658959723,1968274,1968503,229,completed,-8
Greedy,1580,3658959723,1968474,1968609,135,completed,-8
Greedy,1581,3658959723,1968674,1968807,133,completed,-9
Greedy,1582,3037662008,1968874,1968994,120,completed,-39
Greedy,1583,3037662008,1969075,1969387,312,completed,-39
Greedy,1584,3037662008,1969275,1969520,245,completed,-39
Greedy,1585,3037662008,1969475,1969623,148,completed,-39
Greedy,1586,3037662008,1969675,1969794,119,completed,-39
Greedy,1587,3037662008,1969875,1969994,119,completed,-39
Greedy,1588,3037662008,1970075,1970194,119,completed,-39
Greedy,1589,3037662008,1970276,1970396,120,completed,-39
Greedy,1590,3037662008,1970476,1970595,119,completed,-39
Greedy,1591,3037662008,1970676,1970796,120,completed,-36
Greedy,1592,3658959723,1970876,1971010,134,completed,-9
Greedy,1593,3658959723,1971076,1971403,327,completed,-9
Greedy,1594,3658959723,1971276,1971511,235,completed,-9
Greedy,1595,3658959723,1971476,1971620,144,completed,-9
Greedy,1596,3658959723,1971676,1971810,134,completed,-9
Greedy,1597,3658959723,1971876,1972009,133,completed,-9
Greedy,1598,3658959723,1972076,1972209,133,completed,-9
Greedy,1599,3658959723,1972277,1972412,135,completed,-9
Greedy,1600,3658959723,1972477,1972610,133,completed,-9
Greedy,1601,3658959723,1972677,1972811,134,completed,-9
Greedy,1602,3037662008,1972877,1972995,118,completed,-29
Greedy,1603,3037662008,1973077,1973391,314,completed,-29
Greedy,1604,3037662008,1973277,1973496,219,completed,-29
Greedy,1605,3037662008,1973477,1973599,122,completed,-29
Greedy,1606,3037662008,1973677,1973796,119,completed,-29
Greedy,1607,3037662008,1973877,1973996,119,completed,-29
Greedy,1608,3037662008,1974077,1974196,119,completed,-29
Greedy,1609,3037662008,1974280,1974404,124,completed,-29
Greedy,1610,3037662008,1974480,1974598,118,completed,-29
Greedy,1611,3037662008,1974680,1974799,119,completed,-34
Greedy,1612,3658959723,1974880,1975013,133,completed,-9
Greedy,1613,3658959723,1975080,1975407,327,completed,-9
Greedy,1614,3658959723,1975280,1975515,235,completed,-9
Greedy,1615,3658959723,1975480,1975626,146,completed,-9
Greedy,1616,3658959723,1975680,1975813,133,completed,-9
Greedy,1617,3658959723,1975880,1976012,132,completed,-9
Greedy,1625,3037662008,1979872,1979991,119,completed,-40
Greedy,1626,3037662008,1980072,1980191,119,completed,-40
Greedy,1627,3037662008,1980272,1980390,118,completed,-40
Greedy,1618,3658959723,1976080,1976213,133,completed,-9
Greedy,1619,3658959723,1978477,1978804,327,completed,-10
Greedy,1620,3658959723,1978683,1979016,333,completed,-10
Greedy,1621,3658959723,1978883,1979287,404,completed,-10
Greedy,1628,3037662008,1980472,1980591,119,completed,-40
Greedy,1622,3658959723,1979083,1979562,479,completed,-10
Greedy,1629,3037662008,1980681,1981811,1130,completed,-47
Greedy,1630,3037662008,1980881,1981914,1033,completed,-47
Greedy,1623,3658959723,1979283,1979838,555,completed,-10
Greedy,1624,3658959723,1979672,1980113,441,completed,-10
Greedy,1631,3037662008,1981081,1982017,936,completed,-47
Greedy,1632,3037662008,1981282,1982120,838,completed,-47
Greedy,1633,3037662008,1981482,1982223,741,completed,-47
Greedy,1634,3037662008,1981684,1982326,642,completed,-47
Greedy,1637,3658959723,1982284,1982417,133,completed,-10
Greedy,1635,3037662008,1981884,1982429,545,completed,-47
Greedy,1638,3658959723,1982484,1982811,327,completed,-9
Greedy,1636,3037662008,1982084,1982531,447,completed,-47
Greedy,1639,3658959723,1982684,1982914,230,completed,-9
Greedy,1640,3037662008,1982884,1983004,120,completed,-33
Greedy,1641,3037662008,1983084,1983205,121,completed,-33
Greedy,1642,3037662008,1983284,1983403,119,completed,-33
Greedy,1643,3037662008,1983484,1983796,312,completed,-33
Greedy,1644,3037662008,1983684,1983899,215,completed,-33
Greedy,1645,3037662008,1983884,1984005,121,completed,-33
Greedy,1646,3037662008,1984084,1984203,119,completed,-33
Greedy,1647,3037662008,1984284,1984402,118,completed,-33
Greedy,1648,3037662008,1984485,1984798,313,completed,-37
Greedy,1649,3037662008,1984685,1984901,216,completed,-37
Greedy,1650,3658959723,1984885,1985018,133,completed,-8
Greedy,1651,3658959723,1985085,1985218,133,completed,-8
Greedy,1652,3658959723,1985285,1985418,133,completed,-8
Greedy,1653,3658959723,1985485,1985618,133,completed,-8
Greedy,1654,3658959723,1985686,1985823,137,completed,-8
Greedy,1655,3658959723,1985886,1986019,133,completed,-8
Greedy,1656,3658959723,1986086,1986219,133,completed,-8
Greedy,1657,3658959723,1986286,1986419,133,completed,-8
Greedy,1658,3658959723,1986486,1986838,352,completed,-11
Greedy,1660,3037662008,1986886,1987006,120,completed,-27
Greedy,1661,3037662008,1987086,1987205,119,completed,-27
Greedy,1659,3658959723,1986686,1986940,254,completed,-11
Greedy,1662,3037662008,1987286,1987405,119,completed,-27
Greedy,1663,3037662008,1987486,1987604,118,completed,-27
Greedy,1664,3658959723,1987700,1987835,135,completed,-11
Greedy,1665,3658959723,1987900,1988034,134,completed,-11
Greedy,1666,3658959723,1988100,1988233,133,completed,-11
Greedy,1667,3658959723,1988300,1988434,134,completed,-11
Greedy,1668,3658959723,1988684,1988818,134,completed,-8
Greedy,1669,3658959723,1988884,1989019,135,completed,-8
Greedy,1670,3658959723,1989084,1989217,133,completed,-8
Greedy,1671,3658959723,1989284,1989419,135,completed,-8
Greedy,1672,3658959723,1989484,1989617,133,completed,-8
Greedy,1673,3658959723,1989690,1989824,134,completed,-8
Greedy,1674,3658959723,1989890,1990023,133,completed,-8
Greedy,1675,3658959723,1990090,1990223,133,completed,-8
Greedy,1676,3658959723,1990290,1990424,134,completed,-8
Greedy,1677,3658959723,1990490,1990819,329,completed,-12
Greedy,1678,3658959723,1990690,1990924,234,completed,-12
Greedy,1679,3658959723,1990890,1991027,137,completed,-12
Greedy,1680,3658959723,1991090,1991225,135,completed,-12
Greedy,1681,3658959723,1991290,1991423,133,completed,-12
Greedy,1682,3658959723,1991490,1991623,133,completed,-12
Greedy,1683,3658959723,1991692,1991826,134,completed,-12
Greedy,1684,3658959723,1991892,1992025,133,completed,-12
Greedy,1685,3658959723,1992092,1992226,134,completed,-12
Greedy,1686,3658959723,1992292,1992425,133,completed,-12
Greedy,1687,3658959723,1992492,1992820,328,completed,-13
Greedy,1688,3658959723,1992692,1992926,234,completed,-13
Greedy,1689,3658959723,1992892,1993029,137,completed,-13
Greedy,1690,3658959723,1993092,1993225,133,completed,-13
Greedy,1691,3658959723,1993292,1993425,133,completed,-13
Greedy,1692,3658959723,1993492,1993625,133,completed,-13
Greedy,1693,3658959723,1993696,1993833,137,completed,-13
Greedy,1694,3658959723,1995902,1996278,376,completed,-10
Greedy,1695,3658959723,1996104,1996408,304,completed,-10
Greedy,1696,3658959723,1996304,1996679,375,completed,-10
Greedy,1697,3658959723,1996504,1996953,449,completed,-10
Greedy,1698,3658959723,1996704,1997275,571,completed,-10
Greedy,1699,3658959723,1996904,1997377,473,completed,-10
Greedy,1700,3658959723,1997105,1997486,381,completed,-10
Greedy,1701,3658959723,1997305,1997761,456,completed,-10
Greedy,1702,3658959723,1997505,1998036,531,completed,-10
Greedy,1703,3658959723,1997705,1998342,637,completed,-10
Greedy,1711,3658959723,1999306,1999441,135,completed,-10
Greedy,1712,3658959723,1999506,1999662,156,completed,-10
Greedy,1713,3658959723,1999707,1999844,137,completed,-10
Greedy,1714,3658959723,1999907,2000236,329,completed,-10
Greedy,1715,3658959723,2000111,2000338,227,completed,-10
Greedy,1716,3658959723,2000311,2000446,135,completed,-10
Greedy,1717,3658959723,2000511,2000646,135,completed,-10
Greedy,1718,3658959723,2000711,2000846,135,completed,-10
Greedy,1719,3658959723,2001102,2001237,135,completed,-10
Greedy,1720,3658959723,2001302,2001437,135,completed,-10
Greedy,1721,3658959723,2001502,2001637,135,completed,-10
Greedy,1722,3658959723,2001702,2001836,134,completed,-10
Greedy,1723,3658959723,2001907,2002043,136,completed,-10
Greedy,1724,3658959723,2002116,2002249,133,completed,-10
Greedy,1725,3658959723,2002316,2002450,134,completed,-10
Greedy,1726,3658959723,2002516,2002649,133,completed,-10
Greedy,1727,3658959723,2002716,2002850,134,completed,-11
Greedy,1704,3658959723,2002907,2003042,135,completed,-11
Greedy,1728,3658959723,2002917,2003246,329,completed,-11
Greedy,1705,3658959723,2003113,2003464,351,completed,-11
Greedy,1729,3658959723,2003120,2003567,447,completed,-11
Greedy,1706,3658959723,2003307,2003670,363,completed,-11
Greedy,1730,3658959723,2003320,2003773,453,completed,-11
Greedy,1707,3658959723,2003507,2003876,369,completed,-11
Greedy,1731,3658959723,2003520,2003979,459,completed,-11
Greedy,1708,3658959723,2003707,2004082,375,completed,-11
Greedy,1732,3658959723,2003720,2004183,463,completed,-11
Greedy,1709,3658959723,2003907,2004286,379,completed,-11
Greedy,1733,3658959723,2003920,2004389,469,completed,-11
Greedy,1734,3658959723,2004121,2004491,370,completed,-11
Greedy,1710,3658959723,2004123,2004594,471,completed,-11
Greedy,1735,3658959723,2004321,2004696,375,completed,-11
Greedy,1736,3658959723,2004521,2004801,280,completed,-10
Greedy,1737,3658959723,2004721,2004903,182,completed,-10
Greedy,1738,3658959723,2004921,2005250,329,completed,-10
Greedy,1739,3658959723,2005122,2005353,231,completed,-10
Greedy,1740,3658959723,2005322,2005459,137,completed,-10
Greedy,1741,3658959723,2005522,2005660,138,completed,-10
Greedy,1742,3658959723,2005722,2005855,133,completed,-10
Greedy,1743,3658959723,2005922,2006249,327,completed,-10
Greedy,1744,3658959723,2006122,2006352,230,completed,-10
Greedy,1745,3658959723,2006322,2006458,136,completed,-10
Greedy,1746,3658959723,2006522,2006671,149,completed,-10
Greedy,1747,3658959723,2006722,2006856,134,completed,-11
Greedy,1748,3658959723,2006922,2007057,135,completed,-11
Greedy,1749,3658959723,2007123,2007260,137,completed,-11
Greedy,1750,3658959723,2007323,2007456,133,completed,-11
Greedy,1751,3658959723,2007523,2007657,134,completed,-11
Greedy,1752,3658959723,2007723,2007857,134,completed,-11
Greedy,1753,3658959723,2007923,2008056,133,completed,-11
Greedy,1754,3658959723,2008124,2008259,135,completed,-11
Greedy,1755,3658959723,2008324,2008458,134,completed,-11
Greedy,1756,3658959723,2008524,2008667,143,completed,-11
Greedy,1757,3658959723,2008724,2008858,134,completed,-10
Greedy,1758,3658959723,2008924,2009058,134,completed,-10
Greedy,1759,3658959723,2009129,2009264,135,completed,-10
Greedy,1760,3658959723,2009329,2009462,133,completed,-10
Greedy,1761,3658959723,2009529,2009664,135,completed,-10
Greedy,1762,3658959723,2009729,2009862,133,completed,-10
Greedy,1763,3658959723,2009930,2010063,133,completed,-10
Greedy,1764,3658959723,2010130,2010265,135,completed,-10
Greedy,1765,3658959723,2010330,2010463,133,completed,-10
Greedy,1766,3658959723,2010530,2010664,134,completed,-10
Greedy,1767,3658959723,2010730,2010863,133,completed,-12
Greedy,1768,0,2010931,0,0,lost,0
Greedy,1777,3037662008,2019935,2021344,1409,completed,-31
Greedy,1801,3037662008,2020131,2021447,1316,completed,-31
Greedy,1778,3037662008,2020135,2021550,1415,completed,-31
Greedy,1802,3037662008,2020331,2021652,1321,completed,-31
Greedy,1803,3037662008,2020542,2021754,1212,completed,-31
Greedy,1779,3037662008,2020545,2021857,1312,completed,-31
Greedy,1780,3037662008,2020736,2021960,1224,completed,-31
Greedy,1804,3037662008,2020742,2022063,1321,completed,-31
Greedy,1781,3037662008,2020936,2022166,1230,completed,-31
Greedy,1805,3037662008,2020942,2022269,1327,completed,-31
Greedy,1782,3037662008,2021136,2022371,1235,completed,-31
Greedy,1806,3037662008,2021142,2022473,1331,completed,-31
Greedy,1807,3037662008,2021345,2022574,1229,completed,-31
Greedy,1785,3658959723,2021932,2022067,135,completed,-10
Greedy,1810,3658959723,2021956,2022170,214,completed,-10
Greedy,1786,3658959723,2022132,2022272,140,completed,-10
Greedy,1808,3037662008,2021550,2022676,1126,completed,-31
Greedy,1783,3037662008,2021552,2022778,1226,completed,-31
Greedy,1811,3658959723,2022156,2022376,220,completed,-10
Greedy,1787,3658959723,2022332,2022479,147,completed,-10
Greedy,1812,3658959723,2022552,2022746,194,completed,-10
Greedy,1788,3658959723,2022554,2022848,294,completed,-11
Greedy,1813,3658959723,2022752,2022949,197,completed,-11
Greedy,1814,3658959723,2022952,2023237,285,completed,-11
Greedy,1815,3658959723,2023152,2023339,187,completed,-11
Greedy,1784,3037662008,2021732,2022880,1148,completed,-35
Greedy,1816,3658959723,2023354,2023700,346,completed,-11
Greedy,1809,3037662008,2021751,2022982,1231,completed,-35
Greedy,1817,3658959723,2023563,2023805,242,completed,-11
Greedy,1818,3658959723,2023763,2023907,144,completed,-11
Greedy,1819,3658959723,2023963,2024098,135,completed,-11
Greedy,1820,3658959723,2024163,2024299,136,completed,-11
Greedy,1821,3658959723,2024563,2024706,143,completed,-11
Greedy,1822,3658959723,2024763,2024897,134,completed,-9
Greedy,1823,3037662008,2024963,2025082,119,completed,-36
Greedy,1824,3037662008,2025163,2025282,119,completed,-36
Greedy,1789,3037662008,2017731,2017915,184,completed,-29
Greedy,1790,3037662008,2017931,2018051,120,completed,-29
Greedy,1791,3037662008,2018131,2018251,120,completed,-29
Greedy,1769,3037662008,2018326,2018445,119,completed,-29
Greedy,1792,3037662008,2018331,2019691,1360,completed,-30
Greedy,1770,3037662008,2018527,2019794,1267,completed,-30
Greedy,1793,3037662008,2018531,2019897,1366,completed,-30
Greedy,1771,3037662008,2018726,2020000,1274,completed,-30
Greedy,1794,3037662008,2018731,2020103,1372,completed,-30
Greedy,1772,3037662008,2018926,2020206,1280,completed,-30
Greedy,1795,3037662008,2018931,2020309,1378,completed,-30
Greedy,1773,3037662008,2019126,2020412,1286,completed,-30
Greedy,1796,3037662008,2019131,2020515,1384,completed,-30
Greedy,1774,3037662008,2019326,2020617,1291,completed,-30
Greedy,1797,3037662008,2019331,2020724,1393,completed,-30
Greedy,1798,3037662008,2019531,2020829,1298,completed,-31
Greedy,1775,3037662008,2019535,2020932,1397,completed,-31
Greedy,1799,3037662008,2019731,2021036,1305,completed,-31
Greedy,1776,3037662008,2019735,2021138,1403,completed,-31
Greedy,1800,3037662008,2019931,2021241,1310,completed,-31
Greedy,1825,3037662008,2025559,2025679,120,completed,-36
Greedy,1826,3037662008,2025759,2025879,120,completed,-36
Greedy,1827,3037662008,2025959,2026078,119,completed,-36
Greedy,1828,3037662008,2026159,2026278,119,completed,-36
Greedy,1829,3037662008,2026359,2026674,315,completed,-36
Greedy,1830,3037662008,2026567,2026777,210,completed,-36
Greedy,1832,3658959723,2026967,2027100,133,completed,-10
Greedy,1831,3037662008,2026767,2026888,121,completed,-33
Greedy,1833,3658959723,2027167,2027300,133,completed,-10
Greedy,1834,3658959723,2027371,2027700,329,completed,-10
Greedy,1835,3658959723,2027571,2027805,234,completed,-10
Greedy,1836,3658959723,2027771,2027908,137,completed,-10
Greedy,1837,3658959723,2027971,2028105,134,completed,-10
Greedy,1838,3658959723,2028171,2028304,133,completed,-10
Greedy,1839,3658959723,2028371,2028698,327,completed,-10
Greedy,1840,3658959723,2028579,2030903,2324,completed,-12
Greedy,1841,3658959723,2030785,2031117,332,completed,-12
Greedy,1842,3658959723,2030994,2031231,237,completed,-12
Greedy,1843,3037662008,2031194,2031343,149,completed,-33
Greedy,1844,3037662008,2031394,2031515,121,completed,-33
Greedy,1845,3037662008,2031594,2031713,119,completed,-33
Greedy,1846,3037662008,2031980,2032101,121,completed,-33
Greedy,1847,3037662008,2032180,2032299,119,completed,-33
Greedy,1848,3037662008,2032380,2032499,119,completed,-33
Greedy,1849,3037662008,2032580,2032699,119,completed,-33
Greedy,1850,3037662008,2032780,2032899,119,completed,-33
Greedy,1851,3658959723,2032996,2033133,137,completed,-10
Greedy,1852,3658959723,2033196,2033330,134,completed,-10
Greedy,1853,3658959723,2033396,2033531,135,completed,-10
Greedy,1854,3658959723,2033597,2033731,134,completed,-10
Greedy,1855,3658959723,2033797,2034123,326,completed,-10
Greedy,1856,3658959723,2033997,2034226,229,completed,-10
Greedy,1857,3658959723,2034197,2034333,136,completed,-10
Greedy,1858,3658959723,2034397,2034531,134,completed,-10
Greedy,1859,3658959723,2034597,2034730,133,completed,-10
Greedy,1860,3658959723,2034798,2035161,363,completed,-11
Greedy,1861,3658959723,2034998,2035270,272,completed,-11
Greedy,1862,3658959723,2035198,2035373,175,completed,-11
Greedy,1863,3658959723,2035398,2035532,134,completed,-11
Greedy,1864,3658959723,2035598,2035731,133,completed,-11
Greedy,1865,3658959723,2035798,2035931,133,completed,-11
Greedy,1866,3658959723,2035998,2036133,135,completed,-11
Greedy,1867,3658959723,2036198,2036331,133,completed,-11
Greedy,1868,3658959723,2036398,2036531,133,completed,-11
Greedy,1869,3658959723,2036598,2036731,133,completed,-11
Greedy,1870,3658959723,2036798,2036932,134,completed,-10
Greedy,1871,3658959723,2037001,2037136,135,completed,-10
Greedy,1872,3658959723,2037201,2037335,134,completed,-10
Greedy,1873,3658959723,2037401,2037534,133,completed,-10
Greedy,1874,3658959723,2037601,2037734,133,completed,-10
Greedy,1875,3658959723,2037801,2037935,134,completed,-10
Greedy,1876,3658959723,2038001,2038139,138,completed,-10
Greedy,1877,3658959723,2038201,2038337,136,completed,-10
Greedy,1878,3658959723,2038401,2038534,133,completed,-10
Greedy,1879,3658959723,2038601,2038734,133,completed,-10
Greedy,1880,3658959723,2038802,2038935,133,completed,-11
Greedy,1881,3658959723,2039003,2039139,136,completed,-11
Greedy,1882,3658959723,2039203,2039336,133,completed,-11
Greedy,1883,3658959723,2039403,2039536,133,completed,-11
Greedy,1884,3658959723,2039603,2039736,133,completed,-11
Greedy,1885,3658959723,2039803,2039939,136,completed,-11
Greedy,1886,3658959723,2040004,2040138,134,completed,-11
Greedy,1887,3658959723,2040204,2040346,142,completed,-11
Greedy,1888,3658959723,2040404,2040539,135,completed,-11
Greedy,1889,3658959723,2040604,2040738,134,completed,-11
Greedy,1890,3658959723,2040804,2040937,133,completed,-10
Greedy,1891,3658959723,2041006,2041141,135,completed,-10
Greedy,1892,3658959723,2041206,2041339,133,completed,-10
Greedy,1893,3658959723,2041406,2041540,134,completed,-10
Greedy,1894,3658959723,2041606,2041740,134,completed,-10
Greedy,1895,3658959723,2041806,2041940,134,completed,-10
Greedy,1896,3658959723,2042007,2042141,134,completed,-10
Greedy,1897,3658959723,2042207,2042341,134,completed,-10
Greedy,1898,3658959723,2042407,2042544,137,completed,-10
Greedy,1899,3658959723,2042607,2042741,134,completed,-10
Greedy,1900,3658959723,2042807,2042939,132,completed,-11
Greedy,1901,3658959723,2043007,2043141,134,completed,-11
Greedy,1902,3658959723,2043207,2043342,135,completed,-11
Greedy,1903,3658959723,2043407,2043541,134,completed,-11
Greedy,1904,3658959723,2043607,2043740,133,completed,-11
Greedy,1905,3658959723,2043807,2043940,133,completed,-11
Greedy,1906,3658959723,2044008,2044144,136,completed,-11
Greedy,1907,3658959723,2044208,2044343,135,completed,-11
Greedy,1908,3658959723,2044408,2044542,134,completed,-11
Greedy,1909,3658959723,2044608,2044741,133,completed,-11
Greedy,1910,3658959723,2044808,2045136,328,completed,-10
Greedy,1911,3658959723,2045008,2045245,237,completed,-10
Greedy,1912,3658959723,2045208,2045347,139,completed,-10
Greedy,1913,3658959723,2045408,2045542,134,completed,-10
Greedy,1914,3658959723,2045608,2045741,133,completed,-10
Greedy,1923,3037662008,2049810,2049930,120,completed,-33
Greedy,1924,3037662008,2050010,2050130,120,completed,-33
Greedy,1915,3658959723,2045808,2045942,134,completed,-10
Greedy,1916,3658959723,2048206,2048533,327,completed,-10
Greedy,1917,3658959723,2048413,2048683,270,completed,-10
Greedy,1918,3658959723,2048613,2048959,346,completed,-10
Greedy,1919,3658959723,2048813,2049234,421,completed,-10
Greedy,1920,3658959723,2049013,2049535,522,completed,-10
Greedy,1921,3658959723,2049410,2049637,227,completed,-10
Greedy,1922,3658959723,2049610,2049760,150,completed,-10
Greedy,1925,3658959723,2050413,2050550,137,completed,-10
Greedy,1926,3658959723,2050613,2050748,135,completed,-10
Greedy,1927,3658959723,2050813,2050948,135,completed,-10
Greedy,1928,3658959723,2051013,2051148,135,completed,-10
Greedy,1929,3658959723,2051412,2051547,135,completed,-10
Greedy,1930,3658959723,2051612,2051747,135,completed,-10
Greedy,1931,3658959723,2051812,2051947,135,completed,-10
Greedy,1932,3658959723,2052012,2052145,133,completed,-10
Greedy,1933,3658959723,2052213,2052540,327,completed,-10
Greedy,1934,3658959723,2052417,2052648,231,completed,-10
Greedy,1935,3658959723,2052617,2052760,143,completed,-10
Greedy,1936,3658959723,2052817,2052952,135,completed,-10
Greedy,1937,3658959723,2053017,2053150,133,completed,-10
Greedy,1938,3658959723,2053414,2053549,135,completed,-10
Greedy,1939,3658959723,2053614,2053748,134,completed,-10
Greedy,1940,3658959723,2053814,2053948,134,completed,-10
Greedy,1941,3658959723,2054014,2054148,134,completed,-10
Greedy,1942,3658959723,2054214,2054638,424,completed,-10
Greedy,1943,3658959723,2054417,2054746,329,completed,-10
Greedy,1944,3658959723,2054619,2054856,237,completed,-10
Greedy,1945,3037662008,2054819,2054939,120,completed,-35
Greedy,1946,3037662008,2055019,2055139,120,completed,-35
Greedy,1947,3037662008,2055417,2055538,121,completed,-35
Greedy,1948,3037662008,2055617,2055736,119,completed,-35
Greedy,1949,3037662008,2055817,2055937,120,completed,-35
Greedy,1950,3037662008,2056017,2056136,119,completed,-35
Greedy,1951,3037662008,2056217,2056537,320,completed,-35
Greedy,1952,3037662008,2056422,2056642,220,completed,-35
Greedy,1953,3037662008,2056622,2056745,123,completed,-35
Greedy,1954,3658959723,2056822,2056955,133,completed,-10
Greedy,1955,3658959723,2057022,2057155,133,completed,-10
Greedy,1956,3658959723,2057421,2057556,135,completed,-10
Greedy,1957,3658959723,2057621,2057758,137,completed,-10
Greedy,1958,3658959723,2057821,2057954,133,completed,-10
Greedy,1959,3658959723,2058021,2058154,133,completed,-10
Greedy,1960,3658959723,2058221,2058558,337,completed,-10
Greedy,1961,3658959723,2058423,2058667,244,completed,-10
Greedy,1962,3658959723,2058623,2058770,147,completed,-10
Greedy,1963,3658959723,2058823,2058958,135,completed,-12
Greedy,1964,3658959723,2059023,2059156,133,completed,-12
Greedy,1965,3658959723,2059223,2059550,327,completed,-12
Greedy,1966,3658959723,2059427,2059653,226,completed,-12
Greedy,1967,3658959723,2059627,2059762,135,completed,-12
Greedy,1968,3658959723,2059827,2059960,133,completed,-12
Greedy,1969,3658959723,2060027,2060160,133,completed,-12
Greedy,1970,3658959723,2060427,2060563,136,completed,-12
Greedy,1971,3658959723,2060627,2060762,135,completed,-12
Greedy,1972,3658959723,2060827,2060962,135,completed,-11
Greedy,1973,3658959723,2061027,2061160,133,completed,-11
Greedy,1974,3658959723,2061227,2061553,326,completed,-11
Greedy,1975,3658959723,2061429,2061656,227,completed,-11
Greedy,1976,3658959723,2061629,2061764,135,completed,-11
Greedy,1977,3658959723,2061829,2061962,133,completed,-11
Greedy,1978,3658959723,2062029,2062162,133,completed,-11
Greedy,1979,3658959723,2062229,2062557,328,completed,-11
Greedy,1980,3658959723,2062432,2062660,228,completed,-11
Greedy,1981,3658959723,2062632,2062768,136,completed,-11
Greedy,1982,3658959723,2062832,2062966,134,completed,-11
Greedy,1983,3658959723,2063032,2063165,133,completed,-11
Greedy,1984,3658959723,2063424,2063560,136,completed,-11
Greedy,1985,3658959723,2065637,2065965,328,completed,-11
Greedy,1986,3658959723,2065838,2066207,369,completed,-11
Greedy,1987,3658959723,2066038,2066316,278,completed,-11
Greedy,1988,3658959723,2066238,2066426,188,completed,-11
Greedy,1989,3658959723,2066438,2066571,133,completed,-11
Greedy,1990,3658959723,2066638,2066771,133,completed,-11
Greedy,1991,3658959723,2066840,2066975,135,completed,-11
Greedy,1992,3658959723,2067040,2067175,135,completed,-11
Greedy,1993,3658959723,2067240,2067374,134,completed,-11
Greedy,1994,3658959723,2067440,2067573,133,completed,-11
Greedy,1995,3658959723,2067640,2067967,327,completed,-11
Greedy,1996,3658959723,2067840,2068084,244,completed,-11
Greedy,1997,3658959723,2068040,2068196,156,completed,-11
Greedy,1998,3658959723,2068240,2068374,134,completed,-11
Greedy,1999,3658959723,2068440,2068573,133,completed,-11
Greedy,2000,3658959723,2068640,2068773,133,completed,-11
Greedy,2001,3658959723,2068842,2068979,137,completed,-10
Greedy,2002,3658959723,2069042,2069178,136,completed,-10
Greedy,2003,3658959723,2069242,2069376,134,completed,-10
Greedy,2004,3658959723,2069442,2069576,134,completed,-10
Greedy,2005,3658959723,2069642,2069969,327,completed,-10
Greedy,2006,3658959723,2069842,2070157,315,completed,-10
Greedy,2007,3658959723,2070042,2070260,218,completed,-10
Greedy,2008,3658959723,2070242,2070378,136,completed,-10
Greedy,2009,3658959723,2070442,2070576,134,completed,-10
Greedy,2010,3658959723,2070642,2070776,134,completed,-10
Greedy,2011,3658959723,2070846,2070981,135,completed,-12
Greedy,2012,3658959723,2071046,2071179,133,completed,-12
Greedy,2013,3658959723,2071246,2071379,133,completed,-12
Greedy,2014,3658959723,2071446,2071580,134,completed,-12
Greedy,2015,3658959723,2071647,2071974,327,completed,-12
Greedy,2016,3658959723,2071847,2072077,230,completed,-12
Greedy,2017,3658959723,2072047,2072183,136,completed,-12
Greedy,2018,3658959723,2072247,2072381,134,completed,-12
Greedy,2019,3658959723,2072447,2072581,134,completed,-12
Greedy,2020,3658959723,2072647,2072975,328,completed,-10
Greedy,2021,3658959723,2072849,2073079,230,completed,-10
Greedy,2022,3658959723,2073049,2073185,136,completed,-10
Greedy,2023,3658959723,2073249,2073382,133,completed,-10
Greedy,2024,3658959723,2073449,2073582,133,completed,-10
Greedy,2025,3658959723,2073649,2073975,326,completed,-10
Greedy,2026,3658959723,2073849,2074084,235,completed,-10
Greedy,2027,3658959723,2074049,2074187,138,completed,-10
Greedy,2028,3658959723,2074249,2074383,134,completed,-10
Greedy,2029,3658959723,2074449,2074583,134,completed,-10
Greedy,2030,3658959723,2074649,2074986,337,completed,-11
Greedy,2031,3658959723,2074851,2075097,246,completed,-11
Greedy,2032,3658959723,2075051,2075200,149,completed,-11
Greedy,2033,3658959723,2075251,2075385,134,completed,-11
Greedy,2034,3658959723,2075451,2075586,135,completed,-11
Greedy,2035,3658959723,2075651,2075982,331,completed,-11
Greedy,2036,3658959723,2075852,2076090,238,completed,-11
Greedy,2037,3658959723,2076052,2076200,148,completed,-11
Greedy,2038,3658959723,2076252,2076386,134,completed,-11
Greedy,2039,3658959723,2076452,2076586,134,completed,-11
Greedy,2040,3658959723,2076652,2076979,327,completed,-11
Greedy,2041,3658959723,2076853,2077082,229,completed,-11
Greedy,SUMMARY,ALL,0,0,120000,batch_complete,0
----------------,---,---,---,---,---,----------------,---
Greedy,2042,3658959723,2077053,2077188,135,completed,-11
Greedy,2048,3037662008,2086446,2086584,138,completed,-30
Greedy,2049,3037662008,2086646,2086768,122,completed,-30
Greedy,2050,3037662008,2086846,2086967,121,completed,-41
Greedy,2051,3658959723,2087046,2087182,136,completed,-10
Greedy,2052,3658959723,2087261,2087509,248,completed,-10
Greedy,2053,3658959723,2087461,2087610,149,completed,-10
Greedy,2054,3658959723,2087661,2087795,134,completed,-10
Greedy,2055,3658959723,2087861,2087994,133,completed,-10
Greedy,2056,3658959723,2088252,2088386,134,completed,-10
Greedy,2057,3658959723,2088452,2088586,134,completed,-10
Greedy,2058,3658959723,2088652,2088786,134,completed,-10
Greedy,2059,3658959723,2088852,2088986,134,completed,-10
Greedy,2060,3658959723,2089052,2089188,136,completed,-10
Greedy,2061,3658959723,2089258,2089394,136,completed,-10
Greedy,2062,3658959723,2089458,2089592,134,completed,-10
Greedy,2063,3658959723,2089658,2089792,134,completed,-10
Greedy,2064,3658959723,2089858,2089992,134,completed,-10
Greedy,2065,3658959723,2090058,2090192,134,completed,-10
Greedy,2066,3658959723,2090260,2090395,135,completed,-10
Greedy,2043,3658959723,2090262,2090498,236,completed,-10
Greedy,2044,3658959723,2090458,2090601,143,completed,-10
Greedy,2067,3658959723,2090461,2090704,243,completed,-10
Greedy,2045,3658959723,2090658,2090807,149,completed,-10
Greedy,2046,3037662008,2090858,2090980,122,completed,-32
Greedy,2068,3658959723,2090661,2090910,249,completed,-11
Greedy,2069,3037662008,2090861,2091083,222,completed,-32
Greedy,2070,3037662008,2091061,2091374,313,completed,-32
Greedy,2071,3037662008,2091261,2091483,222,completed,-32
Greedy,2047,3037662008,2091263,2091592,329,completed,-32
Greedy,2072,3037662008,2091461,2091695,234,completed,-32
Greedy,2073,3037662008,2091661,2091798,137,completed,-32
Greedy,2074,3037662008,2091861,2091982,121,completed,-32
Greedy,2075,3037662008,2092061,2092181,120,completed,-32
Greedy,2076,3037662008,2092263,2092385,122,completed,-32
Greedy,2077,3037662008,2092463,2092583,120,completed,-32
Greedy,2078,3037662008,2092663,2092783,120,completed,-32
Greedy,2079,3658959723,2092863,2092997,134,completed,-11
Greedy,2080,3658959723,2093063,2093391,328,completed,-11
Greedy,2081,3658959723,2093263,2093494,231,completed,-11
Greedy,2082,3658959723,2093463,2093600,137,completed,-11
Greedy,2083,3658959723,2093663,2093797,134,completed,-11
Greedy,2084,3658959723,2093863,2093997,134,completed,-11
Greedy,2085,3658959723,2094063,2094198,135,completed,-11
Greedy,2086,3658959723,2094264,2094399,135,completed,-11
Greedy,2087,3658959723,2094464,2094598,134,completed,-11
Greedy,2088,3658959723,2094664,2094798,134,completed,-11
Greedy,2089,3658959723,2094864,2094999,135,completed,-11
Greedy,2090,3658959723,2095064,2095197,133,completed,-11
Greedy,2091,3658959723,2095264,2095401,137,completed,-11
Greedy,2092,3658959723,2095464,2095598,134,completed,-11
Greedy,2093,3658959723,2095664,2095798,134,completed,-11
Greedy,2094,3658959723,2095864,2095998,134,completed,-11
Greedy,2095,3658959723,2096064,2096198,134,completed,-11
Greedy,2096,3658959723,2096264,2096400,136,completed,-11
Greedy,2097,3658959723,2096464,2096598,134,completed,-11
Greedy,2098,3658959723,2096664,2096798,134,completed,-11
Greedy,2099,3658959723,2096864,2096998,134,completed,-11
Greedy,2100,3658959723,2097064,2097394,330,completed,-11
Greedy,2101,3658959723,2097264,2097503,239,completed,-11
Greedy,2102,3658959723,2097464,2097622,158,completed,-11
Greedy,2103,3658959723,2097664,2097799,135,completed,-11
Greedy,2104,3658959723,2097864,2097997,133,completed,-11
Greedy,2113,3037662008,2101863,2101983,120,completed,-30
Greedy,2114,3037662008,2102063,2102182,119,completed,-30
Greedy,2115,3037662008,2102263,2102383,120,completed,-30
Greedy,2105,3658959723,2098064,2098198,134,completed,-11
Greedy,2116,3037662008,2102463,2102584,121,completed,-30
Greedy,2117,3037662008,2102673,2102798,125,completed,-30
Greedy,2118,3037662008,2102873,2102994,121,completed,-32
Greedy,2106,3658959723,2098264,2100588,2324,completed,-21
Greedy,2107,3658959723,2100467,2100795,328,completed,-21
Greedy,2108,3658959723,2100675,2100984,309,completed,-11
Greedy,2109,3658959723,2100875,2101255,380,completed,-11
Greedy,2110,3658959723,2101075,2101529,454,completed,-11
Greedy,2111,3658959723,2101275,2101805,530,completed,-11
Greedy,2112,3658959723,2101663,2102080,417,completed,-11
Greedy,2119,3658959723,2103073,2103208,135,completed,-11
Greedy,2120,3658959723,2103273,2103408,135,completed,-11
Greedy,2121,3658959723,2103474,2103803,329,completed,-11
Greedy,2122,3658959723,2103678,2103905,227,completed,-11
Greedy,2123,3658959723,2103878,2104013,135,completed,-11
Greedy,2124,3658959723,2104078,2104214,136,completed,-11
Greedy,2125,3658959723,2104278,2104413,135,completed,-11
Greedy,2126,3658959723,2104480,2104808,328,completed,-11
Greedy,2127,3658959723,2104680,2104911,231,completed,-11
Greedy,2128,3037662008,2104880,2105000,120,completed,-34
Greedy,2129,3037662008,2105080,2105201,121,completed,-34
Greedy,2130,3037662008,2105280,2105400,120,completed,-34
Greedy,2131,3037662008,2105480,2105600,120,completed,-34
Greedy,2132,3037662008,2105681,2105804,123,completed,-34
Greedy,2133,3037662008,2105881,2106001,120,completed,-34
Greedy,2134,3037662008,2106081,2106202,121,completed,-34
Greedy,2135,3037662008,2106281,2106400,119,completed,-34
Greedy,2136,3037662008,2106481,2106795,314,completed,-34
Greedy,2137,3037662008,2106681,2106905,224,completed,-33
Greedy,2138,3658959723,2106881,2107015,134,completed,-10
Greedy,2139,3658959723,2107081,2107215,134,completed,-10
Greedy,2140,3658959723,2107281,2107415,134,completed,-10
Greedy,2141,3658959723,2107481,2107615,134,completed,-10
Greedy,2142,3658959723,2107682,2107822,140,completed,-10
Greedy,2143,3658959723,2107882,2108016,134,completed,-10
Greedy,2144,3658959723,2108082,2108216,134,completed,-10
Greedy,2145,3658959723,2108282,2108416,134,completed,-10
Greedy,2146,3658959723,2108482,2108829,347,completed,-10
Greedy,2147,3658959723,2108682,2108938,256,completed,-11
Greedy,2148,3037662008,2108882,2109003,121,completed,-31
Greedy,2149,3037662008,2109082,2109202,120,completed,-31
Greedy,2150,3037662008,2109282,2109402,120,completed,-31
Greedy,2151,3037662008,2109482,2109602,120,completed,-31
Greedy,2152,3037662008,2109684,2109805,121,completed,-31
Greedy,2153,3037662008,2109884,2110005,121,completed,-31
Greedy,2154,3037662008,2110084,2110205,121,completed,-31
Greedy,2155,3037662008,2110284,2110404,120,completed,-31
Greedy,2156,3037662008,2110484,2110809,325,completed,-31
Greedy,2157,3037662008,2110684,2110919,235,completed,-34
Greedy,2158,3658959723,2110884,2111017,133,completed,-11
Greedy,2159,3658959723,2111084,2111219,135,completed,-11
Greedy,2160,3658959723,2111284,2111418,134,completed,-11
Greedy,2161,3658959723,2111484,2111617,133,completed,-11
Greedy,2162,3658959723,2111686,2111822,136,completed,-11
Greedy,2163,3658959723,2111886,2112020,134,completed,-11
Greedy,2164,3658959723,2112086,2112221,135,completed,-11
Greedy,2165,3658959723,2112286,2112419,133,completed,-11
Greedy,2166,3658959723,2112486,2112815,329,completed,-11
Greedy,2167,3658959723,2112686,2112924,238,completed,-11
Greedy,2168,3037662008,2112886,2113005,119,completed,-30
Greedy,2169,3037662008,2113086,2113206,120,completed,-30
Greedy,2170,3037662008,2113286,2113405,119,completed,-30
Greedy,2171,3037662008,2113486,2113631,145,completed,-30
Greedy,2172,3037662008,2113688,2113811,123,completed,-30
Greedy,2173,3037662008,2113888,2114008,120,completed,-30
Greedy,2174,3037662008,2114088,2114208,120,completed,-30
Greedy,2175,3037662008,2114288,2114407,119,completed,-30
Greedy,2176,3037662008,2114488,2114609,121,completed,-30
Greedy,2177,3037662008,2114689,2114812,123,completed,-30
Greedy,2178,3658959723,2114889,2115024,135,completed,-11
Greedy,2179,3658959723,2115089,2115224,135,completed,-11
Greedy,2180,3658959723,2115289,2115423,134,completed,-11
Greedy,2181,3658959723,2115489,2115623,134,completed,-11
Greedy,2182,3658959723,2115699,2118024,2325,completed,-11
Greedy,2183,3658959723,2117897,2118227,330,completed,-11
Greedy,2184,3658959723,2118105,2118403,298,completed,-11
Greedy,2185,3658959723,2118305,2118689,384,completed,-11
Greedy,2186,3658959723,2118505,2118953,448,completed,-11
Greedy,2187,3658959723,2118705,2119234,529,completed,-11
Greedy,2188,3658959723,2119093,2119336,243,completed,-11
Greedy,2189,3658959723,2119293,2119510,217,completed,-11
Greedy,2190,3658959723,2119493,2119778,285,completed,-11
Greedy,2191,3658959723,2119693,2120231,538,completed,-11
Greedy,2194,3658959723,2120297,2120432,135,completed,-11
Greedy,2195,3658959723,2120497,2120633,136,completed,-11
Greedy,2196,3658959723,2120697,2120831,134,completed,-11
Greedy,2197,3658959723,2120897,2121033,136,completed,-12
Greedy,2198,3658959723,2121103,2121238,135,completed,-12
Greedy,2199,3658959723,2121303,2121439,136,completed,-12
Greedy,2200,3658959723,2121503,2121638,135,completed,-12
Greedy,2201,3658959723,2121703,2121837,134,completed,-12
Greedy,2202,3658959723,2121904,2122233,329,completed,-12
Greedy,2203,3658959723,2122106,2122335,229,completed,-12
Greedy,2204,3658959723,2122306,2122441,135,completed,-12
Greedy,2205,3658959723,2122506,2122641,135,completed,-12
Greedy,2206,3658959723,2122706,2122840,134,completed,-12
Greedy,2207,3658959723,2122906,2123235,329,completed,-12
Greedy,2208,3658959723,2123108,2123338,230,completed,-12
Greedy,2209,3658959723,2123308,2123445,137,completed,-12
Greedy,2210,3658959723,2123508,2123642,134,completed,-12
Greedy,2211,3658959723,2123708,2123842,134,completed,-12
Greedy,2212,3658959723,2123908,2124234,326,completed,-12
Greedy,2213,3658959723,2124108,2124343,235,completed,-12
Greedy,2214,3658959723,2124308,2124446,138,completed,-12
Greedy,2215,3658959723,2124508,2124642,134,completed,-12
Greedy,2216,3658959723,2124708,2124842,134,completed,-12
Greedy,2192,3658959723,2124894,2125029,135,completed,-12
Greedy,2217,3658959723,2124908,2125132,224,completed,-12
Greedy,2218,3658959723,2125109,2125244,135,completed,-12
Greedy,2193,3658959723,2125111,2125457,346,completed,-12
Greedy,2219,3658959723,2125309,2125560,251,completed,-12
Greedy,2220,3658959723,2125509,2125663,154,completed,-12
Greedy,2221,3658959723,2125709,2125843,134,completed,-12
Greedy,2222,3658959723,2125909,2126237,328,completed,-12
Greedy,2223,3658959723,2126109,2126354,245,completed,-12
Greedy,2224,3658959723,2126309,2126457,148,completed,-12
Greedy,2225,3658959723,2126509,2126643,134,completed,-12
Greedy,2226,3658959723,2126709,2126842,133,completed,-12
Greedy,2227,3658959723,2126909,2127044,135,completed,-11
Greedy,2228,3658959723,2127109,2127245,136,completed,-11
Greedy,2229,3658959723,2127309,2127444,135,completed,-11
Greedy,2230,3658959723,2127509,2127643,134,completed,-11
Greedy,2231,3658959723,2127709,2127842,133,completed,-11
Greedy,2232,3658959723,2127909,2128254,345,completed,-11
Greedy,2233,3658959723,2128109,2128357,248,completed,-11
Greedy,2234,3658959723,2128309,2128460,151,completed,-11
Greedy,2235,3658959723,2128509,2128643,134,completed,-11
Greedy,2236,3658959723,2128709,2128842,133,completed,-11
Greedy,2237,3658959723,2128909,2129043,134,completed,-11
Greedy,2238,3658959723,2129111,2129247,136,completed,-11
Greedy,2239,3658959723,2129311,2129445,134,completed,-11
Greedy,2240,3658959723,2129511,2129645,134,completed,-11
Greedy,2241,3658959723,2129711,2129845,134,completed,-11
Greedy,2242,3658959723,2129911,2130044,133,completed,-11
Greedy,2243,3658959723,2130112,2130247,135,completed,-11
Greedy,2244,3658959723,2130312,2130445,133,completed,-11
Greedy,2245,3658959723,2130512,2130646,134,completed,-11
Greedy,2246,3658959723,2130712,2130846,134,completed,-11
Greedy,2247,3658959723,2130912,2131047,135,completed,-11
Greedy,2248,3658959723,2131112,2131249,137,completed,-11
Greedy,2249,3658959723,2131312,2131446,134,completed,-11
Greedy,2250,3658959723,2131512,2131646,134,completed,-11
Greedy,2251,3658959723,2131712,2131846,134,completed,-11
Greedy,2252,3658959723,2131912,2132243,331,completed,-11
Greedy,2253,3658959723,2132112,2132359,247,completed,-11
Greedy,2254,3658959723,2132312,2132462,150,completed,-11
Greedy,2255,3658959723,2132512,2132648,136,completed,-11
Greedy,2256,3658959723,2132712,2132846,134,completed,-11
Greedy,2257,3658959723,2132912,2133048,136,completed,-11
Greedy,2258,3658959723,2133117,2133251,134,completed,-11
Greedy,2259,3658959723,2135324,2135654,330,completed,-11
Greedy,2260,3658959723,2135525,2135759,234,completed,-11
Greedy,2261,3658959723,2135725,2135862,137,completed,-11
Greedy,2262,3658959723,2135925,2136059,134,completed,-11
Greedy,2263,3658959723,2136125,2136258,133,completed,-11
Greedy,2264,3658959723,2136325,2136460,135,completed,-11
Greedy,2265,3658959723,2136533,2136669,136,completed,-11
Greedy,2266,3658959723,2136733,2136867,134,completed,-11
Greedy,2267,3658959723,2136933,2137068,135,completed,-11
Greedy,2268,3658959723,2137133,2137267,134,completed,-11
Greedy,2269,3658959723,2137530,2137708,178,completed,-11
Greedy,2270,3658959723,2137730,2137864,134,completed,-11
Greedy,2271,3658959723,2137930,2138064,134,completed,-11
Greedy,2272,3658959723,2138130,2138263,133,completed,-11
Greedy,2273,3658959723,2138330,2138658,328,completed,-11
Greedy,2274,3658959723,2138530,2138761,231,completed,-11
Greedy,2275,3658959723,2138730,2138868,138,completed,-12
Greedy,2276,3658959723,2138930,2139065,135,completed,-12
Greedy,2277,3658959723,2139130,2139264,134,completed,-12
Greedy,2278,3658959723,2139330,2139658,328,completed,-12
Greedy,2279,3658959723,2139533,2139766,233,completed,-12
Greedy,2280,3658959723,2139733,2139875,142,completed,-12
Greedy,2281,3658959723,2139933,2140067,134,completed,-12
Greedy,2282,3658959723,2140133,2140268,135,completed,-12
Greedy,2283,3658959723,2140333,2140660,327,completed,-12
Greedy,2284,3658959723,2140537,2140768,231,completed,-12
Greedy,2285,3658959723,2140737,2140877,140,completed,-11
Greedy,2286,3658959723,2140937,2141072,135,completed,-11
Greedy,2287,3658959723,2141137,2141272,135,completed,-11
Greedy,2288,3658959723,2141536,2141699,163,completed,-11
Greedy,2289,3658959723,2141736,2141870,134,completed,-11
Greedy,2290,3658959723,2141936,2142070,134,completed,-11
Greedy,2291,3658959723,2142136,2142273,137,completed,-11
Greedy,2292,3658959723,2142336,2142662,326,completed,-11
Greedy,2293,3658959723,2142536,2142765,229,completed,-11
Greedy,2294,3658959723,2142736,2142871,135,completed,-11
Greedy,2295,3658959723,2142936,2143071,135,completed,-11
Greedy,2296,3658959723,2143136,2143271,135,completed,-11
Greedy,2297,3658959723,2143336,2143664,328,completed,-11
Greedy,2298,3658959723,2143539,2143773,234,completed,-11
Greedy,2299,3658959723,2143739,2143876,137,completed,-11
Greedy,2300,3658959723,2143939,2144074,135,completed,-11
Greedy,2301,3658959723,2144139,2144273,134,completed,-11
Greedy,2302,3658959723,2144339,2144666,327,completed,-11
Greedy,2303,3658959723,2144542,2144782,240,completed,-11
Greedy,2304,3658959723,2144742,2144884,142,completed,-12
Greedy,2305,3658959723,2144942,2145078,136,completed,-12
Greedy,2306,3658959723,2145142,2145275,133,completed,-12
Greedy,2307,3658959723,2145342,2145670,328,completed,-12
Greedy,2308,3658959723,2145547,2145782,235,completed,-12
Greedy,2309,3658959723,2145747,2145885,138,completed,-12
Greedy,2310,3658959723,2145947,2146081,134,completed,-12
Greedy,2311,3658959723,2146147,2146281,134,completed,-12
Greedy,2312,3658959723,2146545,2146679,134,completed,-12
Greedy,2313,3658959723,2146745,2146880,135,completed,-11
Greedy,2314,3037662008,2146945,2147065,120,completed,-31
Greedy,2315,3037662008,2147145,2147264,119,completed,-31
Greedy,2316,3037662008,2147345,2147659,314,completed,-31
Greedy,2317,3037662008,2147549,2147769,220,completed,-31
Greedy,2318,3037662008,2147749,2147872,123,completed,-31
Greedy,2319,3037662008,2147949,2148070,121,completed,-31
Greedy,2320,3037662008,2148149,2148269,120,completed,-31
Greedy,2321,3037662008,2148546,2148667,121,completed,-31
Greedy,2322,3037662008,2148746,2148867,121,completed,-31
Greedy,2323,3658959723,2148946,2149080,134,completed,-11
Greedy,2324,3658959723,2149146,2149281,135,completed,-11
Greedy,2325,3658959723,2149346,2149673,327,completed,-11
Greedy,2326,3658959723,2149548,2149782,234,completed,-11
Greedy,2327,3658959723,2149748,2149885,137,completed,-11
Greedy,2328,3658959723,2149948,2150083,135,completed,-11
Greedy,2329,3658959723,2150148,2150282,134,completed,-11
Greedy,2330,3658959723,2150348,2150678,330,completed,-11
Greedy,2338,3037662008,2153973,2154093,120,completed,-30
Greedy,2339,3037662008,2154173,2154293,120,completed,-30
Greedy,2340,3037662008,2154378,2154521,143,completed,-30
Greedy,2341,3037662008,2154578,2154699,121,completed,-30
Greedy,2342,3037662008,2154972,2155092,120,completed,-35
Greedy,2343,3037662008,2155172,2155292,120,completed,-35
Greedy,2344,3037662008,2155378,2155500,122,completed,-35
Greedy,2331,3037662008,2155555,2155676,121,completed,-35
Greedy,2345,3037662008,2155578,2155779,201,completed,-35
Greedy,2332,3658959723,2152770,2153098,328,completed,-11
Greedy,2346,3037662008,2155968,2156089,121,completed,-35
Greedy,2347,3037662008,2156168,2156289,121,completed,-35
Greedy,2333,3658959723,2152970,2153200,230,completed,-11
Greedy,2334,3658959723,2153170,2153451,281,completed,-11
Greedy,2348,3037662008,2156368,2156488,120,completed,-35
Greedy,2335,3658959723,2153373,2153727,354,completed,-11
Greedy,2349,3037662008,2156568,2156689,121,completed,-35
Greedy,2336,3658959723,2153573,2154099,526,completed,-11
Greedy,2350,3037662008,2156768,2156888,120,completed,-34
Greedy,2337,3658959723,2153773,2154277,504,completed,-11
Greedy,2351,3658959723,2156978,2157115,137,completed,-11
Greedy,2352,3658959723,2157178,2157314,136,completed,-11
Greedy,2353,3658959723,2157380,2157518,138,completed,-11
Greedy,2354,3658959723,2157580,2157715,135,completed,-11
Greedy,2355,3658959723,2157970,2158105,135,completed,-11
Greedy,2356,3658959723,2158170,2158304,134,completed,-11
Greedy,2357,3658959723,2158370,2158504,134,completed,-11
Greedy,2358,3658959723,2158570,2158703,133,completed,-11
Greedy,2359,3658959723,2158770,2158904,134,completed,-12
Greedy,2360,3037662008,2158979,2159104,125,completed,-34
Greedy,2361,3037662008,2159179,2159299,120,completed,-34
Greedy,2362,3037662008,2159380,2159503,123,completed,-34
Greedy,2363,3037662008,2159580,2159700,120,completed,-34
Greedy,2364,3037662008,2159780,2160093,313,completed,-34
Greedy,2365,3037662008,2159980,2160202,222,completed,-34
Greedy,2366,3037662008,2160180,2160305,125,completed,-34
Greedy,2367,3037662008,2160387,2160510,123,completed,-34
Greedy,2368,3037662008,2160587,2160707,120,completed,-34
Greedy,2369,3658959723,2160980,2161115,135,completed,-11
Greedy,2370,3658959723,2161180,2161314,134,completed,-11
Greedy,2371,3658959723,2161380,2161538,158,completed,-11
Greedy,2372,3658959723,2161580,2161714,134,completed,-11
Greedy,2373,3658959723,2161780,2161914,134,completed,-11
Greedy,2374,3658959723,2161980,2162116,136,completed,-11
Greedy,2375,3658959723,2162180,2162314,134,completed,-11
Greedy,2376,3658959723,2162383,2162518,135,completed,-11
Greedy,2377,3658959723,2162583,2162718,135,completed,-11
Greedy,2378,3658959723,2162783,2163110,327,completed,-12
Greedy,2379,3658959723,2162984,2163213,229,completed,-12
Greedy,2380,3658959723,2163184,2163319,135,completed,-12
Greedy,2381,3658959723,2163384,2163538,154,completed,-12
Greedy,2382,3658959723,2163584,2163717,133,completed,-12
Greedy,2383,3658959723,2163784,2164111,327,completed,-12
Greedy,2384,3658959723,2163984,2164220,236,completed,-12
Greedy,2385,3658959723,2164184,2164323,139,completed,-12
Greedy,2386,3658959723,2164390,2164526,136,completed,-12
Greedy,2387,3658959723,2164590,2164724,134,completed,-12
Greedy,2388,3658959723,2164984,2165119,135,completed,-13
Greedy,2389,3658959723,2165184,2165318,134,completed,-13
Greedy,2390,3658959723,2165385,2165520,135,completed,-13
Greedy,2391,3658959723,2165585,2165721,136,completed,-13
Greedy,2392,3658959723,2165785,2166110,325,completed,-13
Greedy,2393,3658959723,2165985,2166213,228,completed,-13
Greedy,2394,3658959723,2166185,2166320,135,completed,-13
Greedy,2395,3658959723,2166393,2166529,136,completed,-13
Greedy,2396,3658959723,2166593,2166727,134,completed,-13
Greedy,2397,3658959723,2166985,2167121,136,completed,-11
Greedy,2398,3658959723,2167185,2167319,134,completed,-11
Greedy,2399,3658959723,2167385,2167521,136,completed,-11
Greedy,2400,3658959723,2167585,2167719,134,completed,-11
Greedy,2401,3658959723,2167785,2167919,134,completed,-11
Greedy,2402,3658959723,2167987,2168123,136,completed,-11
Greedy,2403,3658959723,2170191,2170518,327,completed,-11
Greedy,2404,3658959723,2170391,2170638,247,completed,-11
Greedy,2405,3658959723,2170591,2170747,156,completed,-11
Greedy,2406,3658959723,2170791,2170925,134,completed,-11
Greedy,2407,3037662008,2170991,2171112,121,completed,-29
Greedy,2408,3037662008,2171191,2171311,120,completed,-29
Greedy,2409,3037662008,2171400,2171522,122,completed,-29
Greedy,2410,3037662008,2171600,2171720,120,completed,-29
Greedy,2411,3037662008,2171800,2171920,120,completed,-29
Greedy,2412,3037662008,2172000,2172121,121,completed,-29
Greedy,2413,3037662008,2172398,2172520,122,completed,-29
Greedy,2414,3037662008,2172598,2172718,120,completed,-29
Greedy,2415,3037662008,2172798,2172918,120,completed,-32
Greedy,2416,3658959723,2172998,2173133,135,completed,-11
Greedy,2417,3658959723,2173396,2173531,135,completed,-11
Greedy,2418,3658959723,2173596,2173730,134,completed,-11
Greedy,2419,3658959723,2173796,2173930,134,completed,-11
Greedy,2420,3658959723,2173996,2174130,134,completed,-11
Greedy,2421,3658959723,2174197,2174530,333,completed,-11
Greedy,2422,3658959723,2174402,2174636,234,completed,-11
Greedy,2423,3658959723,2174602,2174739,137,completed,-11
Greedy,2424,3658959723,2174802,2174937,135,completed,-12
Greedy,2425,3037662008,2175002,2175123,121,completed,-33
Greedy,2426,3037662008,2175399,2175521,122,completed,-33
Greedy,2427,3037662008,2175599,2175748,149,completed,-33
Greedy,2428,3037662008,2175799,2175919,120,completed,-33
Greedy,2429,3037662008,2175999,2176119,120,completed,-33
Greedy,2430,3037662008,2176199,2176513,314,completed,-33
Greedy,2431,3037662008,2176403,2176622,219,completed,-33
Greedy,2432,3037662008,2176603,2176731,128,completed,-33
Greedy,2433,3037662008,2176803,2176923,120,completed,-33
Greedy,2434,3658959723,2177003,2177137,134,completed,-11
Greedy,2435,3658959723,2177402,2177542,140,completed,-11
Greedy,2436,3658959723,2177602,2177736,134,completed,-11
Greedy,2437,3658959723,2177802,2177936,134,completed,-11
Greedy,2438,3658959723,2178002,2178137,135,completed,-11
Greedy,2439,3658959723,2178202,2178530,328,completed,-11
Greedy,2440,3658959723,2178406,2178640,234,completed,-11
Greedy,2441,3658959723,2178606,2178743,137,completed,-11
Greedy,2442,3658959723,2178806,2178941,135,completed,-12
Greedy,2443,3037662008,2179006,2179126,120,completed,-29
Greedy,2444,3037662008,2179406,2179527,121,completed,-29
Greedy,2445,3037662008,2179606,2179727,121,completed,-29
Greedy,2446,3037662008,2179806,2179927,121,completed,-29
Greedy,2447,3037662008,2180006,2180128,122,completed,-29
Greedy,2448,3037662008,2180206,2180531,325,completed,-29
Greedy,2449,3037662008,2180409,2180639,230,completed,-29
Greedy,2450,3037662008,2180609,2180748,139,completed,-29
Greedy,2451,3037662008,2180809,2180930,121,completed,-35
Greedy,2452,3658959723,2181009,2181143,134,completed,-11
Greedy,2453,3658959723,2181407,2181543,136,completed,-11
Greedy,2454,3658959723,2181607,2181741,134,completed,-11
Greedy,2455,3658959723,2181807,2181942,135,completed,-11
Greedy,2456,3658959723,2182007,2182141,134,completed,-11
Greedy,2457,3658959723,2182207,2182535,328,completed,-11
Greedy,2458,3658959723,2182411,2182646,235,completed,-11
Greedy,2459,3658959723,2182611,2182749,138,completed,-11
Greedy,2460,3658959723,2182811,2182945,134,completed,-11
Greedy,2461,3037662008,2183011,2183131,120,completed,-32
Greedy,2462,3037662008,2183409,2183530,121,completed,-32
Greedy,2463,3037662008,2183609,2183731,122,completed,-32
Greedy,2464,3037662008,2183809,2183931,122,completed,-32
Greedy,2465,3037662008,2184009,2184129,120,completed,-32
Greedy,2466,3037662008,2184209,2184535,326,completed,-32
Greedy,2467,3037662008,2184413,2184654,241,completed,-32
Greedy,2468,3037662008,2184613,2184764,151,completed,-32
Greedy,2469,3037662008,2184813,2184933,120,completed,-30
Greedy,2470,3658959723,2185013,2185147,134,completed,-11
Greedy,2471,3658959723,2185413,2185549,136,completed,-11
Greedy,2472,3658959723,2187618,2187946,328,completed,-11
Greedy,2473,3658959723,2187824,2188048,224,completed,-11
Greedy,2474,3658959723,2188024,2188250,226,completed,-11
Greedy,2475,3658959723,2188224,2188527,303,completed,-11
Greedy,2476,3658959723,2188424,2188629,205,completed,-11
Greedy,2478,3037662008,2189014,2189135,121,completed,-29
Greedy,2477,3658959723,2188814,2188950,136,completed,-12
Greedy,2479,3037662008,2189214,2189334,120,completed,-29
Greedy,2480,3037662008,2189414,2189535,121,completed,-29
Greedy,2481,3037662008,2189614,2189735,121,completed,-29
Greedy,2482,3037662008,2189822,2190155,333,completed,-29
Greedy,2483,3037662008,2190022,2190264,242,completed,-29
Greedy,2484,3037662008,2190222,2190374,152,completed,-29
Greedy,2485,3037662008,2190422,2190542,120,completed,-29
Greedy,2486,3037662008,2190622,2190742,120,completed,-29
Greedy,2487,3037662008,2190822,2190945,123,completed,-29
Greedy,2488,3658959723,2191022,2191156,134,completed,-11
Greedy,2489,3658959723,2191222,2191356,134,completed,-11
Greedy,2490,3658959723,2191422,2191557,135,completed,-11
Greedy,2491,3658959723,2191624,2191951,327,completed,-11
Greedy,2492,3658959723,2191824,2192054,230,completed,-11
Greedy,2493,3658959723,2192024,2192161,137,completed,-11
Greedy,2494,3658959723,2192224,2192359,135,completed,-11
Greedy,2495,3658959723,2192424,2192558,134,completed,-11
Greedy,2496,3658959723,2192624,2192758,134,completed,-11
Greedy,2497,3658959723,2192824,2192960,136,completed,-11
Greedy,2498,3037662008,2193024,2193145,121,completed,-31
Greedy,2499,3037662008,2193224,2193344,120,completed,-31
Greedy,2500,3037662008,2193424,2193544,120,completed,-31
Greedy,2501,3037662008,2193625,2193953,328,completed,-31
Greedy,2502,3037662008,2193825,2194062,237,completed,-31
Greedy,2503,3037662008,2194025,2194165,140,completed,-31
Greedy,2504,3037662008,2194225,2194345,120,completed,-31
Greedy,2505,3037662008,2194425,2194545,120,completed,-31
Greedy,2506,3037662008,2194625,2194746,121,completed,-31
Greedy,2507,3037662008,2194826,2194949,123,completed,-32
Greedy,2508,3658959723,2195026,2195161,135,completed,-11
Greedy,2509,3658959723,2195226,2195360,134,completed,-11
Greedy,2510,3658959723,2195426,2195560,134,completed,-11
Greedy,2511,3658959723,2195627,2195974,347,completed,-11
Greedy,2512,3658959723,2195827,2196083,256,completed,-11
Greedy,2513,3658959723,2196027,2196186,159,completed,-11
Greedy,2514,3658959723,2196227,2196361,134,completed,-11
Greedy,2515,3658959723,2196427,2196561,134,completed,-11
Greedy,2516,3658959723,2196627,2196761,134,completed,-11
Greedy,2517,3658959723,2196828,2196965,137,completed,-12
Greedy,2518,3037662008,2197028,2197150,122,completed,-30
Greedy,2519,3037662008,2197228,2197349,121,completed,-30
Greedy,2520,3037662008,2197428,2197549,121,completed,-30
Greedy,2521,3037662008,2197628,2197943,315,completed,-30
Greedy,2522,3037662008,2197828,2198052,224,completed,-30
Greedy,2523,3037662008,2198028,2198155,127,completed,-30
Greedy,2524,3037662008,2198228,2198349,121,completed,-30
Greedy,2525,3037662008,2198428,2198548,120,completed,-30
Greedy,2526,3037662008,2198628,2198759,131,completed,-30
Greedy,2527,3037662008,2198830,2198953,123,completed,-30
Greedy,2528,3658959723,2199030,2199164,134,completed,-11
Greedy,2529,3658959723,2199230,2199364,134,completed,-11
Greedy,2530,3658959723,2199430,2199564,134,completed,-11
Greedy,2531,3658959723,2199630,2199960,330,completed,-11
Greedy,2532,3658959723,2199830,2200064,234,completed,-11
Greedy,2533,3658959723,2200030,2200167,137,completed,-11
Greedy,2534,3658959723,2200230,2200364,134,completed,-11
Greedy,2535,3658959723,2200430,2200565,135,completed,-11
Greedy,2536,3658959723,2200630,2200765,135,completed,-11
Greedy,2537,3658959723,2200832,2200969,137,completed,-11
Greedy,2538,3037662008,2201032,2201153,121,completed,-29
Greedy,2539,3037662008,2201232,2201353,121,completed,-29
Greedy,2540,3037662008,2201432,2201553,121,completed,-29
Greedy,2541,3037662008,2201632,2201948,316,completed,-29
Greedy,2542,3037662008,2201832,2202052,220,completed,-29
Greedy,2543,3037662008,2202032,2202155,123,completed,-29
Greedy,2544,3037662008,2202232,2202353,121,completed,-29
Greedy,2545,3037662008,2202432,2202552,120,completed,-29
Greedy,SUMMARY,ALL,0,0,120000,batch_complete,0
----------------,---,---,---,---,---,----------------,---
Greedy,2548,3658959723,2205034,2205362,328,completed,-11
Greedy,2549,3658959723,2205234,2205747,513,completed,-11
Greedy,2546,3037662008,2202632,2202754,122,completed,-29
Greedy,2547,3037662008,2202832,2202953,121,completed,-34
Greedy,2550,3658959723,2211988,2212124,136,completed,-10
Greedy,2551,3658959723,2212240,2212377,137,completed,-10
Greedy,2552,3658959723,2212440,2212575,135,completed,-10
Greedy,2553,3658959723,2212640,2212775,135,completed,-10
Greedy,2554,3658959723,2212840,2212974,134,completed,-10
Greedy,2555,3037662008,2213040,2213161,121,completed,-31
Greedy,2556,3037662008,2213243,2213603,360,completed,-31
Greedy,2557,3037662008,2213443,2213712,269,completed,-31
Greedy,2558,3037662008,2213643,2213822,179,completed,-31
Greedy,2559,3037662008,2213843,2213964,121,completed,-31
Greedy,2560,3037662008,2214043,2214164,121,completed,-31
Greedy,2561,3037662008,2214243,2214366,123,completed,-31
Greedy,2562,3037662008,2214443,2214582,139,completed,-31
Greedy,2563,3037662008,2214643,2214765,122,completed,-31
Greedy,2564,3037662008,2214843,2214963,120,completed,-32
Greedy,2565,3658959723,2215043,2215178,135,completed,-11
Greedy,2566,3658959723,2215245,2215547,302,completed,-11
Greedy,2567,3658959723,2215445,2215657,212,completed,-11
Greedy,2568,3658959723,2215645,2215779,134,completed,-11
Greedy,2569,3658959723,2215845,2215979,134,completed,-11
Greedy,2570,3658959723,2216045,2216179,134,completed,-11
Greedy,2571,3658959723,2216245,2216381,136,completed,-11
Greedy,2572,3658959723,2216445,2216580,135,completed,-11
Greedy,2573,3658959723,2216645,2216779,134,completed,-11
Greedy,2574,3658959723,2216845,2216979,134,completed,-11
Greedy,2575,3037662008,2217045,2217166,121,completed,-34
Greedy,2576,3037662008,2217247,2217551,304,completed,-34
Greedy,2577,3037662008,2217447,2217661,214,completed,-34
Greedy,2578,3037662008,2217647,2217768,121,completed,-34
Greedy,2579,3037662008,2217847,2217968,121,completed,-34
Greedy,2580,3037662008,2218047,2218167,120,completed,-34
Greedy,2581,3037662008,2218247,2218370,123,completed,-34
Greedy,2582,3037662008,2218447,2218568,121,completed,-34
Greedy,2583,3037662008,2218647,2218768,121,completed,-34
Greedy,2584,3037662008,2218847,2218967,120,completed,-32
Greedy,2585,3658959723,2219047,2219182,135,completed,-10
Greedy,2586,3658959723,2219250,2219398,148,completed,-10
Greedy,2587,3658959723,2219450,2219585,135,completed,-10
Greedy,2588,3658959723,2219650,2219785,135,completed,-10
Greedy,2589,3658959723,2219850,2219984,134,completed,-10
Greedy,2590,3658959723,2220050,2220379,329,completed,-10
Greedy,2591,3658959723,2222448,2222776,328,completed,-11
Greedy,2592,3658959723,2222649,2222884,235,completed,-11
Greedy,2594,3037662008,2223049,2223169,120,completed,-37
Greedy,2593,3658959723,2222849,2222992,143,completed,-12
Greedy,2595,3037662008,2223249,2223370,121,completed,-37
Greedy,2596,3037662008,2223449,2223569,120,completed,-37
Greedy,2597,3037662008,2223650,2223773,123,completed,-37
Greedy,2598,3037662008,2223850,2223974,124,completed,-37
Greedy,2599,3037662008,2224050,2224171,121,completed,-37
Greedy,2600,3037662008,2224250,2224371,121,completed,-37
Greedy,2601,3037662008,2224450,2224572,122,completed,-37
Greedy,2602,3037662008,2224653,2224977,324,completed,-35
Greedy,2604,3658959723,2225053,2225187,134,completed,-11
Greedy,2603,3037662008,2224853,2225080,227,completed,-35
Greedy,2605,3658959723,2225253,2225388,135,completed,-11
Greedy,2606,3658959723,2225453,2225781,328,completed,-11
Greedy,2607,3658959723,2225653,2225885,232,completed,-11
Greedy,2608,3658959723,2225853,2225990,137,completed,-11
Greedy,2609,3658959723,2226053,2226188,135,completed,-11
Greedy,2610,3658959723,2226253,2226388,135,completed,-11
Greedy,2611,3658959723,2226453,2226590,137,completed,-11
Greedy,2612,3658959723,2226656,2226822,166,completed,-11
Greedy,2613,3658959723,2226856,2226990,134,completed,-11
Greedy,2614,3037662008,2227056,2227178,122,completed,-34
Greedy,2615,3037662008,2227256,2227376,120,completed,-34
Greedy,2616,3037662008,2227456,2227770,314,completed,-34
Greedy,2617,3037662008,2227656,2227879,223,completed,-34
Greedy,2618,3037662008,2227856,2227988,132,completed,-34
Greedy,2619,3037662008,2228056,2228177,121,completed,-34
Greedy,2620,3037662008,2228256,2228377,121,completed,-34
Greedy,2621,3037662008,2228456,2228578,122,completed,-34
Greedy,2622,3037662008,2228659,2229010,351,completed,-32
Greedy,2623,3037662008,2228859,2229113,254,completed,-32
Greedy,2624,3658959723,2229059,2229194,135,completed,-11
Greedy,2625,3658959723,2229260,2229395,135,completed,-11
Greedy,2626,3658959723,2229460,2229786,326,completed,-11
Greedy,2627,3658959723,2229660,2229895,235,completed,-11
Greedy,2628,3658959723,2229860,2229997,137,completed,-11
Greedy,2629,3658959723,2230060,2230195,135,completed,-11
Greedy,2630,3658959723,2230260,2230394,134,completed,-11
Greedy,2631,3658959723,2230462,2230789,327,completed,-11
Greedy,2632,3658959723,2230662,2230898,236,completed,-11
Greedy,2633,3658959723,2230862,2231008,146,completed,-12
Greedy,2634,3037662008,2231062,2231182,120,completed,-32
Greedy,2635,3037662008,2231262,2231382,120,completed,-32
Greedy,2636,3037662008,2231462,2231777,315,completed,-32
Greedy,2637,3037662008,2231662,2231887,225,completed,-32
Greedy,2638,3037662008,2231862,2231990,128,completed,-32
Greedy,2639,3037662008,2232062,2232183,121,completed,-32
Greedy,2640,3037662008,2232262,2232383,121,completed,-32
Greedy,2641,3037662008,2232462,2232977,515,completed,-37
Greedy,2642,3037662008,2232662,2233080,418,completed,-37
Greedy,2644,3658959723,2233062,2233196,134,completed,-11
Greedy,2643,3037662008,2232862,2233183,321,completed,-37
Greedy,2645,3658959723,2233265,2233402,137,completed,-11
Greedy,2646,3658959723,2233465,2233793,328,completed,-11
Greedy,2647,3658959723,2233665,2233896,231,completed,-11
Greedy,2648,3658959723,2233865,2234002,137,completed,-11
Greedy,2649,3658959723,2234065,2234199,134,completed,-11
Greedy,2650,3658959723,2234265,2234399,134,completed,-11
Greedy,2651,3658959723,2234465,2234795,330,completed,-11
Greedy,2652,3658959723,2234665,2234900,235,completed,-11
Greedy,2653,3658959723,2234865,2235003,138,completed,-12
Greedy,2654,3037662008,2235065,2235185,120,completed,-31
Greedy,2655,3037662008,2235265,2235386,121,completed,-31
Greedy,2656,3037662008,2235465,2235586,121,completed,-31
Greedy,2657,3037662008,2235665,2235789,124,completed,-31
Greedy,2658,3037662008,2235865,2235986,121,completed,-31
Greedy,2659,3037662008,2236065,2236186,121,completed,-31
Greedy,2660,3037662008,2236265,2236386,121,completed,-31
Greedy,2661,3037662008,2236465,2236782,317,completed,-31
Greedy,2662,3037662008,2236665,2236886,221,completed,-31
Greedy,2664,3658959723,2237065,2237199,134,completed,-11
Greedy,2663,3037662008,2236865,2236989,124,completed,-33
Greedy,2665,3658959723,2237265,2237402,137,completed,-11
Greedy,2666,3658959723,2237465,2237600,135,completed,-11
Greedy,2667,3658959723,2237665,2237801,136,completed,-11
Greedy,2678,3037662008,2242073,2242201,128,completed,-33
Greedy,2668,3658959723,2239867,2240232,365,completed,-12
Greedy,2669,3658959723,2240074,2240522,448,completed,-12
Greedy,2670,3658959723,2240274,2240624,350,completed,-12
Greedy,2671,3658959723,2240474,2240771,297,completed,-12
Greedy,2672,3658959723,2240674,2241197,523,completed,-12
Greedy,2673,3658959723,2241068,2241299,231,completed,-12
Greedy,2674,3658959723,2241268,2241548,280,completed,-12
Greedy,2675,3658959723,2241468,2241650,182,completed,-12
Greedy,2676,3658959723,2241668,2241821,153,completed,-12
Greedy,2677,3658959723,2241868,2242200,332,completed,-12
Greedy,2679,3658959723,2242273,2242409,136,completed,-12
Greedy,2680,3658959723,2242473,2242610,137,completed,-12
Greedy,2681,3658959723,2242673,2242808,135,completed,-12
Greedy,2682,3658959723,2242873,2243201,328,completed,-11
Greedy,2683,3658959723,2243073,2243423,350,completed,-11
Greedy,2684,3658959723,2243273,2243525,252,completed,-11
Greedy,2685,3658959723,2243473,2243627,154,completed,-11
Greedy,2686,3658959723,2243673,2243810,137,completed,-11
Greedy,2687,3658959723,2243875,2244204,329,completed,-11
Greedy,2688,3658959723,2244075,2244306,231,completed,-11
Greedy,2689,3658959723,2244275,2244413,138,completed,-11
Greedy,2690,3658959723,2244475,2244611,136,completed,-11
Greedy,2691,3658959723,2244675,2244811,136,completed,-11
Greedy,2692,3658959723,2244875,2245204,329,completed,-11
Greedy,2693,3658959723,2245076,2245306,230,completed,-11
Greedy,2694,3658959723,2245276,2245412,136,completed,-11
Greedy,2695,3658959723,2245476,2245611,135,completed,-11
Greedy,2696,3658959723,2245676,2245810,134,completed,-11
Greedy,2697,3658959723,2245876,2246205,329,completed,-11
Greedy,2698,3658959723,2246076,2246308,232,completed,-11
Greedy,2699,3658959723,2246276,2246415,139,completed,-11
Greedy,2700,3658959723,2246476,2246610,134,completed,-11
Greedy,2701,3658959723,2246676,2246811,135,completed,-11
Greedy,2702,3658959723,2246876,2247011,135,completed,-12
Greedy,2703,3658959723,2247077,2247214,137,completed,-12
Greedy,2704,3658959723,2247277,2247412,135,completed,-12
Greedy,2705,3658959723,2247477,2247612,135,completed,-12
Greedy,2706,3658959723,2247677,2247811,134,completed,-12
Greedy,2707,3658959723,2247877,2248012,135,completed,-12
Greedy,2708,3658959723,2248079,2248215,136,completed,-12
Greedy,2709,3658959723,2248279,2248414,135,completed,-12
Greedy,2710,3658959723,2248479,2248614,135,completed,-12
Greedy,2711,3658959723,2248679,2248814,135,completed,-12
Greedy,2712,3658959723,2248879,2249013,134,completed,-11
Greedy,2713,3658959723,2249082,2249217,135,completed,-11
Greedy,2714,3658959723,2249282,2249417,135,completed,-11
Greedy,2715,3658959723,2249482,2249617,135,completed,-11
Greedy,2716,3658959723,2249682,2249817,135,completed,-11
Greedy,2717,3658959723,2249882,2250209,327,completed,-11
Greedy,2718,3658959723,2250082,2250325,243,completed,-11
Greedy,2719,3658959723,2250282,2250433,151,completed,-11
Greedy,2720,3658959723,2250482,2250618,136,completed,-11
Greedy,2721,3658959723,2250682,2250817,135,completed,-11
Greedy,2722,3658959723,2250882,2251210,328,completed,-11
Greedy,2723,3658959723,2251084,2251313,229,completed,-11
Greedy,2724,3658959723,2251284,2251420,136,completed,-11
Greedy,2725,3658959723,2251484,2251620,136,completed,-11
Greedy,2726,3658959723,2251684,2251818,134,completed,-11
Greedy,2727,3658959723,2251884,2252245,361,completed,-11
Greedy,2728,3658959723,2252084,2252354,270,completed,-11
Greedy,2729,3658959723,2252284,2252464,180,completed,-11
Greedy,2730,3658959723,2252484,2252619,135,completed,-11
Greedy,2731,3658959723,2252684,2252819,135,completed,-11
Greedy,2732,3658959723,2252884,2253018,134,completed,-11
Greedy,2733,3658959723,2253085,2253222,137,completed,-11
Greedy,2734,3658959723,2253285,2253421,136,completed,-11
Greedy,2735,3658959723,2253485,2253619,134,completed,-11
Greedy,2736,3658959723,2253685,2253820,135,completed,-11
Greedy,2737,3658959723,2253885,2254245,360,completed,-11
Greedy,2738,3658959723,2254085,2254354,269,completed,-11
Greedy,2739,3658959723,2254285,2254457,172,completed,-11
Greedy,2740,3658959723,2254485,2254619,134,completed,-11
Greedy,2741,3658959723,2254685,2254819,134,completed,-11
Greedy,2742,3658959723,2254885,2255020,135,completed,-11
Greedy,2743,3658959723,2255090,2255227,137,completed,-11
Greedy,2744,3658959723,2257295,2257625,330,completed,-11
Greedy,2745,3658959723,2257501,2258147,646,completed,-11
Greedy,2746,3658959723,2257701,2258250,549,completed,-11
Greedy,2747,3658959723,2257901,2258353,452,completed,-11
Greedy,2748,3658959723,2258101,2258455,354,completed,-11
Greedy,2749,3658959723,2258500,2258636,136,completed,-11
Greedy,2750,3658959723,2258700,2258835,135,completed,-11
Greedy,2751,3658959723,2258900,2259036,136,completed,-11
Greedy,2752,3658959723,2259100,2259235,135,completed,-11
Greedy,2753,3658959723,2259500,2259719,219,completed,-11
Greedy,2754,3658959723,2259700,2259837,137,completed,-11
Greedy,2755,3658959723,2259900,2260035,135,completed,-11
Greedy,2756,3658959723,2260100,2260237,137,completed,-11
Greedy,2757,3658959723,2260300,2260627,327,completed,-11
Greedy,2758,3658959723,2260502,2260755,253,completed,-11
Greedy,2759,3658959723,2260702,2260858,156,completed,-11
Greedy,2760,3658959723,2260904,2261041,137,completed,-12
Greedy,2761,3658959723,2261104,2261239,135,completed,-12
Greedy,2762,3658959723,2261503,2261638,135,completed,-12
Greedy,2763,3658959723,2261703,2261838,135,completed,-12
Greedy,2764,3658959723,2261903,2262038,135,completed,-12
Greedy,2765,3658959723,2262103,2262239,136,completed,-12
Greedy,2766,3658959723,2262303,2262674,371,completed,-12
Greedy,2767,3658959723,2262505,2262783,278,completed,-12
Greedy,2768,3658959723,2262705,2262892,187,completed,-12
Greedy,2769,3658959723,2262906,2263042,136,completed,-11
Greedy,2770,3658959723,2263106,2263241,135,completed,-11
Greedy,2771,3658959723,2263306,2263645,339,completed,-11
Greedy,2772,3658959723,2263506,2263753,247,completed,-11
Greedy,2773,3658959723,2263706,2263869,163,completed,-11
Greedy,2774,3658959723,2263906,2264042,136,completed,-11
Greedy,2775,3658959723,2264106,2264240,134,completed,-11
Greedy,2776,3658959723,2264306,2264636,330,completed,-11
Greedy,2777,3658959723,2264509,2264739,230,completed,-11
Greedy,2778,3658959723,2264709,2264844,135,completed,-11
Greedy,2779,3658959723,2264909,2265046,137,completed,-11
Greedy,2780,3658959723,2265109,2265243,134,completed,-11
Greedy,2781,3658959723,2265309,2265636,327,completed,-11
Greedy,2782,3658959723,2265511,2265744,233,completed,-11
Greedy,2783,3658959723,2265711,2265854,143,completed,-11
Greedy,2784,3658959723,2265911,2266046,135,completed,-11
Greedy,2785,3658959723,2266111,2266246,135,completed,-11
Greedy,2786,3658959723,2266311,2266639,328,completed,-11
Greedy,2787,3658959723,2266515,2266750,235,completed,-11
Greedy,2788,3658959723,2266715,2266853,138,completed,-11
Greedy,2789,3658959723,2266915,2267050,135,completed,-11
Greedy,2790,3658959723,2267115,2267249,134,completed,-11
Greedy,2791,3658959723,2267514,2267649,135,completed,-11
Greedy,2792,3658959723,2267714,2267868,154,completed,-11
Greedy,2793,3658959723,2267914,2268049,135,completed,-11
Greedy,2794,3658959723,2268114,2268249,135,completed,-11
Greedy,2795,3658959723,2268314,2268643,329,completed,-11
Greedy,2796,3658959723,2268520,2268746,226,completed,-11
Greedy,2797,3658959723,2268720,2268856,136,completed,-11
Greedy,2798,3658959723,2268920,2269056,136,completed,-12
Greedy,2799,3658959723,2269120,2269255,135,completed,-12
Greedy,2800,3658959723,2269515,2269650,135,completed,-12
Greedy,2801,3658959723,2269715,2269849,134,completed,-12
Greedy,2802,3658959723,2269915,2270050,135,completed,-12
Greedy,2803,3658959723,2270115,2270250,135,completed,-12
Greedy,2804,3658959723,2270315,2270642,327,completed,-12
Greedy,2805,3658959723,2270517,2270745,228,completed,-12
Greedy,2806,3658959723,2270717,2270853,136,completed,-12
Greedy,2807,3658959723,2270917,2271053,136,completed,-11
Greedy,2808,3658959723,2271117,2271252,135,completed,-11
Greedy,2809,3658959723,2271317,2271644,327,completed,-11
Greedy,2810,3658959723,2271519,2271747,228,completed,-11
Greedy,2811,3658959723,2271719,2271855,136,completed,-11
Greedy,2812,3658959723,2271919,2272055,136,completed,-11
Greedy,2813,3658959723,2272119,2272253,134,completed,-11
Greedy,2814,3658959723,2272319,2272648,329,completed,-11
Greedy,2815,3658959723,2272522,2274848,2326,completed,-11
Greedy,2816,3658959723,2274730,2275062,332,completed,-11
Greedy,2817,3658959723,2274937,2275165,228,completed,-11
Greedy,2818,3658959723,2275137,2275273,136,completed,-11
Greedy,2819,3658959723,2275337,2275472,135,completed,-11
Greedy,2820,3658959723,2275537,2275671,134,completed,-11
Greedy,2821,3658959723,2275927,2276064,137,completed,-11
Greedy,2822,3658959723,2276127,2276262,135,completed,-11
Greedy,2823,3658959723,2276327,2276462,135,completed,-11
Greedy,2824,3658959723,2276527,2276662,135,completed,-11
Greedy,2825,3658959723,2276727,2276861,134,completed,-11
Greedy,2826,3658959723,2276939,2277073,134,completed,-12
Greedy,2827,3658959723,2277139,2277274,135,completed,-12
Greedy,2828,3658959723,2277339,2277474,135,completed,-12
Greedy,2829,3658959723,2277539,2277674,135,completed,-12
Greedy,2830,3658959723,2277928,2278064,136,completed,-12
Greedy,2831,3658959723,2278128,2278263,135,completed,-12
Greedy,2832,3658959723,2278328,2278464,136,completed,-12
Greedy,2833,3658959723,2278528,2278693,165,completed,-12
Greedy,2834,3658959723,2278728,2278863,135,completed,-12
Greedy,2835,3658959723,2278940,2279075,135,completed,-11
Greedy,2836,3658959723,2279140,2279275,135,completed,-11
Greedy,2837,3658959723,2279340,2279474,134,completed,-11
Greedy,2838,3658959723,2279540,2279675,135,completed,-11
Greedy,2839,3658959723,2279930,2280066,136,completed,-11
Greedy,2840,3658959723,2280130,2280265,135,completed,-11
Greedy,2841,3658959723,2280330,2280465,135,completed,-11
Greedy,2842,3658959723,2280530,2280665,135,completed,-11
Greedy,2843,3658959723,2280730,2280864,134,completed,-11
Greedy,2844,3658959723,2280942,2281077,135,completed,-11
Greedy,2845,3658959723,2281142,2281277,135,completed,-11
Greedy,2846,3658959723,2281342,2281477,135,completed,-11
Greedy,2847,3658959723,2281542,2281676,134,completed,-11
Greedy,2848,3658959723,2281932,2282068,136,completed,-11
Greedy,2849,3658959723,2282132,2282267,135,completed,-11
Greedy,2850,3658959723,2282332,2282467,135,completed,-11
Greedy,2851,3658959723,2282532,2282666,134,completed,-11
Greedy,2852,3658959723,2282732,2282867,135,completed,-11
Greedy,2853,3658959723,2282944,2283080,136,completed,-11
Greedy,2854,3658959723,2283144,2283279,135,completed,-11
Greedy,2855,3658959723,2283344,2283480,136,completed,-11
Greedy,2856,3658959723,2283544,2283681,137,completed,-11
Greedy,2857,3658959723,2283934,2284071,137,completed,-11
Greedy,2858,3658959723,2284134,2284269,135,completed,-11
Greedy,2859,3658959723,2284334,2284469,135,completed,-11
Greedy,2860,3658959723,2284534,2284668,134,completed,-11
Greedy,2861,3658959723,2284734,2284868,134,completed,-11
Greedy,2862,3658959723,2284946,2285081,135,completed,-12
Greedy,2863,3658959723,2285146,2285281,135,completed,-12
Greedy,2864,3658959723,2285346,2285481,135,completed,-12
Greedy,2865,3658959723,2285546,2285680,134,completed,-12
Greedy,2866,3658959723,2285936,2286072,136,completed,-12
Greedy,2867,3658959723,2286136,2286271,135,completed,-12
Greedy,2868,3658959723,2286336,2286471,135,completed,-12
Greedy,2869,3658959723,2286536,2286670,134,completed,-12
Greedy,2870,3658959723,2286736,2286870,134,completed,-12
Greedy,2871,3658959723,2286948,2287083,135,completed,-11
Greedy,2872,3658959723,2287148,2287283,135,completed,-11
Greedy,2873,3658959723,2287348,2287483,135,completed,-11
Greedy,2874,3658959723,2287548,2287682,134,completed,-11
Greedy,2875,3658959723,2287938,2288074,136,completed,-11
Greedy,2876,3658959723,2288138,2288273,135,completed,-11
Greedy,2877,3658959723,2288338,2288473,135,completed,-11
Greedy,2878,3658959723,2288538,2288672,134,completed,-11
Greedy,2879,3658959723,2288738,2288873,135,completed,-11
Greedy,2880,3658959723,2288951,2289086,135,completed,-11
Greedy,2881,3658959723,2289151,2289286,135,completed,-11
Greedy,2882,3658959723,2289351,2289486,135,completed,-11
Greedy,2883,3658959723,2289551,2289685,134,completed,-11
Greedy,2884,3658959723,2289942,2290078,136,completed,-11
Greedy,2885,3658959723,2292147,2292475,328,completed,-11
Greedy,2886,3658959723,2292347,2292692,345,completed,-11
Greedy,2887,3658959723,2292547,2292820,273,completed,-11
Greedy,2888,3658959723,2292747,2292930,183,completed,-11
Greedy,2889,3658959723,2292947,2293083,136,completed,-11
Greedy,2890,3658959723,2293147,2293281,134,completed,-11
Greedy,2891,3658959723,2293347,2293484,137,completed,-11
Greedy,2892,3658959723,2293547,2293682,135,completed,-11
Greedy,2893,3658959723,2293747,2293882,135,completed,-11
Greedy,2894,3658959723,2293947,2294081,134,completed,-11
Greedy,2895,3658959723,2294147,2294282,135,completed,-11
Greedy,2896,3658959723,2294350,2294492,142,completed,-11
Greedy,2897,3658959723,2294550,2294700,150,completed,-11
Greedy,2898,3658959723,2294750,2294885,135,completed,-11
Greedy,2899,3658959723,2294950,2295086,136,completed,-11
Greedy,2900,3658959723,2295150,2295285,135,completed,-11
Greedy,2901,3658959723,2295351,2295487,136,completed,-11
Greedy,2902,3658959723,2295551,2295687,136,completed,-11
Greedy,2903,3658959723,2295751,2295886,135,completed,-11
Greedy,2904,3658959723,2295951,2296086,135,completed,-11
Greedy,2905,3658959723,2296151,2296288,137,completed,-11
Greedy,2906,3658959723,2296354,2296567,213,completed,-11
Greedy,2907,3658959723,2296554,2296691,137,completed,-11
Greedy,2908,3658959723,2296754,2296888,134,completed,-11
Greedy,2909,3658959723,2296954,2297090,136,completed,-12
Greedy,2910,3658959723,2297154,2297290,136,completed,-12
Greedy,2911,3658959723,2297356,2297492,136,completed,-12
Greedy,2912,3658959723,2297556,2297691,135,completed,-12
Greedy,2913,3658959723,2297756,2297891,135,completed,-12
Greedy,2914,3658959723,2297956,2298091,135,completed,-12
Greedy,2915,3658959723,2298157,2298485,328,completed,-12
Greedy,2916,3658959723,2298357,2298588,231,completed,-12
Greedy,2917,3658959723,2298557,2298694,137,completed,-12
Greedy,2918,3658959723,2298757,2298892,135,completed,-12
Greedy,2919,3658959723,2298957,2299092,135,completed,-11
Greedy,2920,3658959723,2299157,2299292,135,completed,-11
Greedy,2921,3658959723,2299357,2299493,136,completed,-11
Greedy,2922,3658959723,2299557,2299692,135,completed,-11
Greedy,2923,3658959723,2299757,2299891,134,completed,-11
Greedy,2924,3658959723,2299957,2300092,135,completed,-11
Greedy,2925,3658959723,2300158,2300293,135,completed,-11
Greedy,2926,3658959723,2300368,2300505,137,completed,-11
Greedy,2927,3658959723,2300568,2300704,136,completed,-11
Greedy,2928,3658959723,2300768,2300903,135,completed,-11
Greedy,2929,3658959723,2300968,2301104,136,completed,-11
Greedy,2930,3658959723,2301354,2301489,135,completed,-11
Greedy,2931,3658959723,2301554,2301689,135,completed,-11
Greedy,2932,3658959723,2301754,2301889,135,completed,-11
Greedy,2933,3658959723,2301954,2302088,134,completed,-11
Greedy,2934,3658959723,2302154,2302291,137,completed,-11
Greedy,2935,3658959723,2302360,2302496,136,completed,-11
Greedy,2936,3658959723,2302560,2302695,135,completed,-11
Greedy,2937,3658959723,2302760,2302895,135,completed,-11
Greedy,2938,3658959723,2302960,2303096,136,completed,-11
Greedy,2939,3658959723,2303160,2303294,134,completed,-11
Greedy,2940,3658959723,2303361,2303498,137,completed,-11
Greedy,2941,3658959723,2303561,2303696,135,completed,-11
Greedy,2942,3658959723,2303761,2303895,134,completed,-11
Greedy,2943,3658959723,2303961,2304096,135,completed,-11
Greedy,2944,3658959723,2304161,2304492,331,completed,-11
Greedy,2945,3658959723,2304361,2304596,235,completed,-11
Greedy,2946,3658959723,2304561,2304699,138,completed,-11
Greedy,2947,3658959723,2304761,2304897,136,completed,-11
Greedy,2948,3658959723,2304961,2305096,135,completed,-11
Greedy,2949,3658959723,2305161,2305296,135,completed,-11
Greedy,2950,3658959723,2305364,2305500,136,completed,-11
Greedy,2951,3658959723,2305564,2305698,134,completed,-11
Greedy,2952,3658959723,2305764,2305900,136,completed,-11
Greedy,2953,3658959723,2305964,2306099,135,completed,-11
Greedy,2954,3658959723,2306164,2306493,329,completed,-11
Greedy,2955,3658959723,2306364,2306601,237,completed,-11
Greedy,2956,3658959723,2306564,2306711,147,completed,-11
Greedy,2957,3658959723,2306764,2306899,135,completed,-11
Greedy,2958,3658959723,2306964,2307098,134,completed,-12
Greedy,2959,3658959723,2307164,2307299,135,completed,-12
Greedy,2960,3658959723,2307368,2307504,136,completed,-12
Greedy,2961,3658959723,2309570,2309901,331,completed,-11
Greedy,2962,3658959723,2309770,2310052,282,completed,-11
Greedy,2963,3658959723,2309970,2310316,346,completed,-11
Greedy,2964,3658959723,2310170,2310591,421,completed,-11
Greedy,2965,3658959723,2310370,2310692,322,completed,-11
Greedy,2966,3658959723,2310570,2310793,223,completed,-11
Greedy,2967,3658959723,2310773,2310909,136,completed,-11
Greedy,2968,3658959723,2310973,2311109,136,completed,-12
Greedy,2969,3658959723,2311173,2311310,137,completed,-12
Greedy,2970,3658959723,2311373,2311508,135,completed,-12
Greedy,2971,3658959723,2311573,2311901,328,completed,-12
Greedy,2972,3658959723,2311773,2312142,369,completed,-12
Greedy,2973,3658959723,2311973,2312251,278,completed,-12
Greedy,2974,3658959723,2312173,2312362,189,completed,-12
Greedy,2975,3658959723,2312373,2312511,138,completed,-12
Greedy,2976,3658959723,2312573,2312707,134,completed,-12
Greedy,2977,3658959723,2312773,2312909,136,completed,-12
Greedy,2978,3658959723,2312973,2313108,135,completed,-11
Greedy,2979,3658959723,2313173,2313309,136,completed,-11
Greedy,2980,3658959723,2313373,2313508,135,completed,-11
Greedy,2981,3658959723,2313573,2313708,135,completed,-11
Greedy,2982,3658959723,2313777,2313991,214,completed,-11
Greedy,2983,3658959723,2313977,2314113,136,completed,-11
Greedy,2984,3658959723,2314177,2314312,135,completed,-11
Greedy,2985,3658959723,2314377,2314512,135,completed,-11
Greedy,2986,3658959723,2314577,2314904,327,completed,-11
Greedy,2987,3658959723,2314777,2315007,230,completed,-11
Greedy,2988,3037662008,2314977,2315100,123,completed,-30
Greedy,2989,3037662008,2315177,2315299,122,completed,-30
Greedy,2990,3037662008,2315377,2315499,122,completed,-30
Greedy,2991,3037662008,2315577,2315700,123,completed,-30
Greedy,2992,3037662008,2315780,2316071,291,completed,-30
Greedy,2993,3037662008,2315980,2316174,194,completed,-30
Greedy,2994,3037662008,2316180,2316301,121,completed,-30
Greedy,2995,3037662008,2316380,2316502,122,completed,-30
Greedy,2996,3037662008,2316580,2316702,122,completed,-30
Greedy,2997,3037662008,2316781,2316905,124,completed,-30
Greedy,2998,3658959723,2316981,2317116,135,completed,-11
Greedy,2999,3658959723,2317181,2317316,135,completed,-11
Greedy,3000,3658959723,2317385,2317521,136,completed,-11
Greedy,3001,3658959723,2317778,2317915,137,completed,-11
Greedy,3002,3658959723,2317978,2318113,135,completed,-11
Greedy,3003,3658959723,2318178,2318313,135,completed,-11
Greedy,3004,3658959723,2318378,2318513,135,completed,-11
Greedy,3005,3658959723,2318578,2318713,135,completed,-11
Greedy,3006,3658959723,2318781,2318919,138,completed,-11
Greedy,3007,3658959723,2318981,2319118,137,completed,-11
Greedy,3008,3658959723,2319181,2319316,135,completed,-11
Greedy,3009,3658959723,2319381,2319516,135,completed,-11
Greedy,3010,3658959723,2319584,2319913,329,completed,-11
Greedy,3011,3658959723,2319784,2320017,233,completed,-11
Greedy,3012,3658959723,2319984,2320122,138,completed,-11
Greedy,3013,3658959723,2320184,2320319,135,completed,-11
Greedy,3014,3658959723,2320388,2320524,136,completed,-11
Greedy,3015,3658959723,2320778,2320915,137,completed,-11
Greedy,3016,3658959723,2320978,2321114,136,completed,-11
Greedy,3017,3658959723,2321178,2321313,135,completed,-11
Greedy,3018,3658959723,2321378,2321513,135,completed,-11
Greedy,3019,3658959723,2321578,2321713,135,completed,-11
Greedy,3020,3658959723,2321787,2321922,135,completed,-11
Greedy,3021,3658959723,2321987,2322122,135,completed,-11
Greedy,3022,3658959723,2322187,2322322,135,completed,-11
Greedy,3023,3658959723,2322387,2322523,136,completed,-11
Greedy,3024,3658959723,2322587,2322914,327,completed,-11
Greedy,3025,3658959723,2322787,2323017,230,completed,-11
Greedy,3027,3037662008,2323187,2323309,122,completed,-29
Greedy,3026,3658959723,2322987,2323123,136,completed,-11
Greedy,3028,3037662008,2323388,2323518,130,completed,-29
Greedy,3029,3037662008,2323588,2323902,314,completed,-29
Greedy,3030,3037662008,2323788,2324011,223,completed,-29
Greedy,3031,3037662008,2323988,2324114,126,completed,-29
Greedy,3032,3037662008,2324188,2324309,121,completed,-29
Greedy,3033,3037662008,2324388,2324509,121,completed,-29
Greedy,3034,3037662008,2324588,2324710,122,completed,-29
Greedy,3035,3658959723,2326988,2327319,331,completed,-11
Greedy,3036,3658959723,2327190,2327437,247,completed,-11
Greedy,3037,3658959723,2327390,2327540,150,completed,-11
Greedy,3038,3658959723,2327590,2327725,135,completed,-11
Greedy,3039,3658959723,2327790,2327925,135,completed,-11
Greedy,3040,3658959723,2327990,2328317,327,completed,-11
Greedy,3041,3658959723,2328190,2328420,230,completed,-11
Greedy,3042,3658959723,2328398,2328536,138,completed,-11
Greedy,3043,3658959723,2328598,2328733,135,completed,-11
Greedy,3044,3658959723,2328798,2329069,271,completed,-11
Greedy,3045,3658959723,2329192,2329330,138,completed,-11
Greedy,3046,3658959723,2329392,2329528,136,completed,-11
Greedy,3047,3658959723,2329592,2329727,135,completed,-11
Greedy,3048,3658959723,2329792,2329927,135,completed,-11
Greedy,3049,3658959723,2329992,2330126,134,completed,-11
Greedy,3050,3658959723,2330192,2330329,137,completed,-11
Greedy,3051,3658959723,2330392,2330549,157,completed,-11
Greedy,3052,3658959723,2330592,2330727,135,completed,-11
Greedy,3053,3658959723,2330792,2330927,135,completed,-11
Greedy,3054,3658959723,2330992,2331129,137,completed,-11
Greedy,3055,3658959723,2331195,2331416,221,completed,-11
Greedy,3056,3658959723,2331395,2331532,137,completed,-11
Greedy,3057,3658959723,2331595,2331730,135,completed,-11
Greedy,3058,3658959723,2331795,2331930,135,completed,-11
Greedy,SUMMARY,ALL,0,0,120000,batch_complete,0
----------------,---,---,---,---,---,----------------,---
Greedy,3059,3658959723,2340793,2340931,138,completed,-11
Greedy,3060,3658959723,2340993,2341127,134,completed,-10
Greedy,3061,3658959723,2341204,2341365,161,completed,-10
Greedy,3062,3658959723,2341404,2341541,137,completed,-10
Greedy,3063,3658959723,2341604,2341739,135,completed,-10
Greedy,3064,3658959723,2341804,2341939,135,completed,-10
Greedy,3065,3658959723,2342004,2342139,135,completed,-10
Greedy,3066,3658959723,2344396,2344725,329,completed,-10
Greedy,3067,3658959723,2344602,2344918,316,completed,-10
Greedy,3068,3658959723,2344802,2345189,387,completed,-11
Greedy,3069,3658959723,2345002,2345439,437,completed,-11
Greedy,3070,3658959723,2345202,2345725,523,completed,-11
Greedy,3071,3658959723,2345593,2345965,372,completed,-11
Greedy,3072,3658959723,2345793,2346067,274,completed,-11
Greedy,3076,3658959723,2346602,2346740,138,completed,-11
Greedy,3077,3658959723,2346802,2346938,136,completed,-11
Greedy,3078,3658959723,2347002,2347139,137,completed,-11
Greedy,3079,3658959723,2347202,2347338,136,completed,-11
Greedy,3080,3658959723,2347402,2347730,328,completed,-11
Greedy,3081,3658959723,2347603,2347833,230,completed,-11
Greedy,3082,3658959723,2347803,2347939,136,completed,-11
Greedy,3083,3658959723,2348003,2348139,136,completed,-11
Greedy,3084,3658959723,2348203,2348338,135,completed,-11
Greedy,3085,3658959723,2348403,2348765,362,completed,-11
Greedy,3086,3658959723,2348608,2348873,265,completed,-11
Greedy,3088,3037662008,2349008,2349130,122,completed,-29
Greedy,3087,3658959723,2348808,2348983,175,completed,-12
Greedy,3089,3037662008,2349208,2349330,122,completed,-29
Greedy,3090,3037662008,2349597,2349721,124,completed,-29
Greedy,3091,3037662008,2349797,2349919,122,completed,-29
Greedy,3092,3037662008,2349997,2350118,121,completed,-29
Greedy,3093,3037662008,2350197,2350319,122,completed,-29
Greedy,3094,3037662008,2350397,2350521,124,completed,-29
Greedy,3095,3037662008,2350605,2350945,340,completed,-29
Greedy,3073,3658959723,2350994,2351129,135,completed,-11
Greedy,3096,3037662008,2350805,2351048,243,completed,-30
Greedy,3097,3658959723,2351005,2351232,227,completed,-11
Greedy,3074,3658959723,2351194,2351335,141,completed,-11
Greedy,3098,3658959723,2351205,2351438,233,completed,-11
Greedy,3075,3658959723,2351394,2351541,147,completed,-11
Greedy,3099,3658959723,2351405,2351736,331,completed,-11
Greedy,3100,3658959723,2351607,2351839,232,completed,-11
Greedy,3101,3658959723,2351807,2351945,138,completed,-11
Greedy,3102,3658959723,2352007,2352143,136,completed,-11
Greedy,3103,3658959723,2352207,2352342,135,completed,-11
Greedy,3104,3658959723,2352407,2352764,357,completed,-11
Greedy,3105,3658959723,2352607,2352873,266,completed,-11
Greedy,3107,3037662008,2353007,2353129,122,completed,-26
Greedy,3106,3658959723,2352807,2352990,183,completed,-10
Greedy,3108,3037662008,2353207,2353329,122,completed,-26
Greedy,3109,3037662008,2353407,2353544,137,completed,-26
Greedy,3110,3037662008,2353607,2353731,124,completed,-26
Greedy,3111,3037662008,2353807,2353929,122,completed,-26
Greedy,3112,3037662008,2354007,2354128,121,completed,-26
Greedy,3113,3037662008,2354207,2354329,122,completed,-26
Greedy,3114,3037662008,2354407,2354530,123,completed,-26
Greedy,3115,3037662008,2354609,2354756,147,completed,-26
Greedy,3116,3037662008,2354809,2354931,122,completed,-26
Greedy,3117,3658959723,2355009,2355144,135,completed,-11
Greedy,3118,3658959723,2355209,2355344,135,completed,-11
Greedy,3119,3658959723,2355409,2355769,360,completed,-11
Greedy,3120,3658959723,2355609,2355872,263,completed,-11
Greedy,3121,3658959723,2355809,2355975,166,completed,-11
Greedy,3122,3658959723,2356009,2356144,135,completed,-11
Greedy,3123,3658959723,2356209,2356344,135,completed,-11
Greedy,3124,3658959723,2356409,2356740,331,completed,-11
Greedy,3125,3658959723,2356609,2356845,236,completed,-11
Greedy,3126,3658959723,2356809,2356947,138,completed,-11
Greedy,3127,3658959723,2357010,2357148,138,completed,-12
Greedy,3128,3658959723,2357210,2357345,135,completed,-12
Greedy,3129,3658959723,2357410,2357547,137,completed,-12
Greedy,3130,3658959723,2357612,2357749,137,completed,-12
Greedy,3131,3658959723,2357812,2357947,135,completed,-12
Greedy,3132,3658959723,2358012,2358147,135,completed,-12
Greedy,3133,3658959723,2358212,2358347,135,completed,-12
Greedy,3134,3658959723,2358412,2358547,135,completed,-12
Greedy,3135,3658959723,2358613,2358749,136,completed,-12
Greedy,3136,3658959723,2358813,2358949,136,completed,-12
Greedy,3137,3658959723,2359013,2359148,135,completed,-11
Greedy,3138,3658959723,2359213,2359348,135,completed,-11
Greedy,3151,3037662008,2364008,2364130,122,completed,-29
Greedy,3152,3037662008,2364208,2364330,122,completed,-29
Greedy,3153,3037662008,2364408,2364530,122,completed,-29
Greedy,3139,3037662008,2364414,2364639,225,completed,-29
Greedy,3154,3037662008,2364608,2364742,134,completed,-29
Greedy,3155,3037662008,2364808,2364930,122,completed,-29
Greedy,3156,3037662008,2365009,2365135,126,completed,-32
Greedy,3157,3037662008,2365209,2365331,122,completed,-32
Greedy,3158,3037662008,2365409,2365532,123,completed,-32
Greedy,3159,3037662008,2365609,2365730,121,completed,-32
Greedy,3160,3037662008,2365809,2365932,123,completed,-32
Greedy,3161,3037662008,2366011,2366293,282,completed,-32
Greedy,3162,3037662008,2366211,2366403,192,completed,-32
Greedy,3163,3037662008,2366411,2366533,122,completed,-32
Greedy,3164,3037662008,2366611,2366732,121,completed,-32
Greedy,3140,3037662008,2366808,2366929,121,completed,-32
Greedy,3165,3037662008,2366811,2367136,325,completed,-32
Greedy,3166,3037662008,2367014,2367246,232,completed,-32
Greedy,3141,3037662008,2367016,2367349,333,completed,-32
Greedy,3142,3037662008,2367208,2367452,244,completed,-32
Greedy,3167,3037662008,2367214,2367555,341,completed,-32
Greedy,3143,3037662008,2367408,2367658,250,completed,-32
Greedy,3168,3037662008,2367414,2367761,347,completed,-32
Greedy,3144,3037662008,2367608,2367864,256,completed,-32
Greedy,3169,3037662008,2367614,2367967,353,completed,-32
Greedy,3145,3037662008,2367808,2368069,261,completed,-32
Greedy,3170,3037662008,2367814,2368172,358,completed,-32
Greedy,3171,3037662008,2368016,2368275,259,completed,-32
Greedy,3146,3037662008,2368018,2368378,360,completed,-32
Greedy,3147,3037662008,2368209,2368481,272,completed,-32
Greedy,3172,3037662008,2368216,2368584,368,completed,-32
Greedy,3148,3037662008,2368409,2368687,278,completed,-32
Greedy,3173,3037662008,2368416,2368790,374,completed,-32
Greedy,3149,3037662008,2368609,2368893,284,completed,-32
Greedy,3174,3037662008,2368616,2368996,380,completed,-30
Greedy,3150,3037662008,2368809,2369097,288,completed,-30
Greedy,3175,3037662008,2368816,2369200,384,completed,-30
Greedy,3176,3037662008,2369017,2369302,285,completed,-30
Greedy,3177,3037662008,2369217,2369404,187,completed,-30
Greedy,3178,3037662008,2369417,2369541,124,completed,-30
Greedy,3179,3037662008,2369617,2369739,122,completed,-30
Greedy,3180,3037662008,2369817,2370132,315,completed,-30
Greedy,3181,3037662008,2370017,2370241,224,completed,-30
Greedy,3182,3658959723,2370217,2370353,136,completed,-10
Greedy,3183,3658959723,2370417,2370554,137,completed,-10
Greedy,3184,3658959723,2370617,2370753,136,completed,-10
Greedy,3185,3658959723,2370817,2370954,137,completed,-10
Greedy,3186,3658959723,2371019,2371157,138,completed,-12
Greedy,3187,3658959723,2371219,2371355,136,completed,-12
Greedy,3188,3658959723,2371419,2371554,135,completed,-12
Greedy,3189,3658959723,2371619,2371755,136,completed,-12
Greedy,3190,3658959723,2371823,2372151,328,completed,-12
Greedy,3191,3658959723,2372024,2372319,295,completed,-12
Greedy,3192,3658959723,2372224,2372421,197,completed,-12
Greedy,3193,3658959723,2372424,2372561,137,completed,-12
Greedy,3194,3658959723,2372624,2372761,137,completed,-12
Greedy,3195,3658959723,2372824,2373154,330,completed,-12
Greedy,3196,3658959723,2373024,2373256,232,completed,-12
Greedy,3197,3658959723,2373224,2373363,139,completed,-12
Greedy,3198,3658959723,2373424,2373561,137,completed,-12
Greedy,3199,3658959723,2373624,2373762,138,completed,-12
Greedy,3200,3658959723,2373825,2374153,328,completed,-12
Greedy,3201,3658959723,2374025,2374262,237,completed,-12
Greedy,3202,3658959723,2374225,2374365,140,completed,-12
Greedy,3203,3658959723,2374425,2374561,136,completed,-12
Greedy,3204,3658959723,2374625,2374761,136,completed,-12
Greedy,3205,3658959723,2374825,2374960,135,completed,-12
Greedy,3206,3658959723,2375027,2375164,137,completed,-11
Greedy,3207,3658959723,2375227,2375364,137,completed,-11
Greedy,3208,3658959723,2375427,2375563,136,completed,-11
Greedy,3209,3658959723,2375627,2375762,135,completed,-11
Greedy,3210,3658959723,2375827,2376154,327,completed,-11
Greedy,3211,3658959723,2376027,2376263,236,completed,-11
Greedy,3212,3658959723,2376227,2376373,146,completed,-11
Greedy,3213,3658959723,2376427,2376571,144,completed,-11
Greedy,3214,3658959723,2376627,2376762,135,completed,-11
Greedy,3215,3658959723,2376827,2376963,136,completed,-11
Greedy,3216,3658959723,2379219,2379551,332,completed,-11
Greedy,3217,3658959723,2379425,2379654,229,completed,-11
Greedy,3218,3658959723,2379625,2379762,137,completed,-11
Greedy,3219,3658959723,2379825,2379961,136,completed,-11
Greedy,3220,3658959723,2380025,2380160,135,completed,-11
Greedy,3221,3658959723,2380423,2380560,137,completed,-11
Greedy,3222,3658959723,2380623,2380760,137,completed,-11
Greedy,3223,3658959723,2380823,2380959,136,completed,-11
Greedy,3224,3658959723,2381023,2381159,136,completed,-11
Greedy,3225,3658959723,2381223,2381552,329,completed,-11
Greedy,3226,3658959723,2381427,2381669,242,completed,-11
Greedy,3227,3658959723,2381627,2381772,145,completed,-11
Greedy,3228,3658959723,2381827,2381962,135,completed,-11
Greedy,3229,3658959723,2382027,2382162,135,completed,-11
Greedy,3230,3658959723,2382426,2382564,138,completed,-11
Greedy,3231,3658959723,2382626,2382762,136,completed,-11
Greedy,3232,3658959723,2382826,2382961,135,completed,-11
Greedy,3233,3658959723,2383026,2383163,137,completed,-11
Greedy,3234,3658959723,2383228,2383588,360,completed,-11
Greedy,3235,3658959723,2383435,2383691,256,completed,-11
Greedy,3236,3658959723,2383635,2383793,158,completed,-11
Greedy,3237,3658959723,2383835,2383970,135,completed,-11
Greedy,3238,3658959723,2384035,2384170,135,completed,-11
Greedy,3239,3658959723,2384430,2384568,138,completed,-11
Greedy,3240,3658959723,2384630,2384765,135,completed,-11
Greedy,3241,3658959723,2384830,2384965,135,completed,-11
Greedy,3242,3658959723,2385031,2385166,135,completed,-11
Greedy,3243,3658959723,2385231,2385560,329,completed,-11
Greedy,3244,3658959723,2385435,2385663,228,completed,-11
Greedy,3245,3658959723,2385635,2385772,137,completed,-11
Greedy,3246,3658959723,2385835,2385970,135,completed,-11
Greedy,3247,3658959723,2386035,2386170,135,completed,-11
Greedy,3248,3658959723,2386433,2386571,138,completed,-11
Greedy,3249,3658959723,2386633,2386769,136,completed,-11
Greedy,3250,3658959723,2386833,2386968,135,completed,-11
Greedy,3251,3658959723,2387033,2387168,135,completed,-11
Greedy,3252,3658959723,2387233,2387564,331,completed,-11
Greedy,3253,3658959723,2387442,2387684,242,completed,-11
Greedy,3254,3658959723,2387642,2387787,145,completed,-11
Greedy,3255,3658959723,2387842,2387978,136,completed,-11
Greedy,3256,3658959723,2388042,2388177,135,completed,-11
Greedy,3257,3658959723,2388444,2388581,137,completed,-11
Greedy,3258,3658959723,2388644,2388780,136,completed,-11
Greedy,3259,3658959723,2388844,2389061,217,completed,-11
Greedy,3260,3658959723,2389044,2389181,137,completed,-11
Greedy,3261,3658959723,2389436,2389587,151,completed,-11
Greedy,3262,3658959723,2389636,2389771,135,completed,-11
Greedy,3263,3658959723,2389836,2389971,135,completed,-11
Greedy,3264,3658959723,2390036,2390171,135,completed,-11
Greedy,3265,3658959723,2390236,2390565,329,completed,-11
Greedy,3266,3658959723,2390439,2390668,229,completed,-11
Greedy,3267,3658959723,2390639,2390776,137,completed,-11
Greedy,3268,3658959723,2390839,2390974,135,completed,-11
Greedy,3269,3658959723,2391039,2391176,137,completed,-11
Greedy,3270,3658959723,2391239,2391568,329,completed,-11
Greedy,3271,3658959723,2391442,2391671,229,completed,-11
Greedy,3272,3658959723,2391642,2391778,136,completed,-11
Greedy,3273,3658959723,2391842,2391977,135,completed,-11
Greedy,3274,3658959723,2392042,2392177,135,completed,-11
Greedy,3275,3658959723,2392435,2392572,137,completed,-11
Greedy,3276,3658959723,2392635,2392770,135,completed,-11
Greedy,3277,3658959723,2392835,2392970,135,completed,-11
Greedy,3278,3658959723,2393035,2393171,136,completed,-11
Greedy,3279,3658959723,2393235,2393569,334,completed,-11
Greedy,3280,3658959723,2393436,2393672,236,completed,-11
Greedy,3281,3658959723,2393636,2393775,139,completed,-11
Greedy,3282,3658959723,2393836,2393996,160,completed,-11
Greedy,3283,3658959723,2394036,2394171,135,completed,-11
Greedy,3284,3658959723,2394236,2394372,136,completed,-11
Greedy,3285,3658959723,2394436,2394577,141,completed,-11
Greedy,3286,3658959723,2396641,2396969,328,completed,-12
Greedy,3287,3658959723,2396842,2397235,393,completed,-11
Greedy,3288,3658959723,2397042,2397338,296,completed,-11
Greedy,3289,3658959723,2397242,2397441,199,completed,-11
Greedy,3290,3658959723,2397442,2397577,135,completed,-11
Greedy,3291,3658959723,2397642,2397777,135,completed,-11
Greedy,3292,3658959723,2397842,2397979,137,completed,-11
Greedy,3293,3658959723,2398042,2398178,136,completed,-11
Greedy,3294,3658959723,2398242,2398378,136,completed,-11
Greedy,3295,3658959723,2398442,2398578,136,completed,-11
Greedy,3296,3658959723,2398642,2398778,136,completed,-11
Greedy,3297,3658959723,2398844,2399105,261,completed,-11
Greedy,3298,3658959723,2399044,2399208,164,completed,-11
Greedy,3299,3658959723,2399244,2399381,137,completed,-11
Greedy,3300,3658959723,2399444,2399579,135,completed,-11
Greedy,3301,3658959723,2399644,2399780,136,completed,-11
Greedy,3302,3658959723,2399845,2399982,137,completed,-11
Greedy,3303,3658959723,2400045,2400181,136,completed,-11
Greedy,3304,3658959723,2400245,2400380,135,completed,-11
Greedy,3305,3658959723,2400445,2400580,135,completed,-11
Greedy,3306,3658959723,2400645,2400782,137,completed,-11
Greedy,3307,3658959723,2400849,2400985,136,completed,-11
Greedy,3308,3658959723,2401049,2401185,136,completed,-11
Greedy,3309,3658959723,2401249,2401384,135,completed,-11
Greedy,3310,3658959723,2401449,2401584,135,completed,-11
Greedy,3311,3658959723,2401649,2401977,328,completed,-11
Greedy,3312,3658959723,2401849,2402080,231,completed,-11
Greedy,3313,3658959723,2402049,2402186,137,completed,-11
Greedy,3314,3658959723,2402249,2402384,135,completed,-11
Greedy,3315,3658959723,2402449,2402584,135,completed,-11
Greedy,3316,3658959723,2402650,2402978,328,completed,-11
Greedy,3318,3037662008,2403050,2403173,123,completed,-30
Greedy,3317,3658959723,2402850,2403087,237,completed,-11
Greedy,3319,3037662008,2403250,2403372,122,completed,-30
Greedy,3320,3037662008,2403450,2403572,122,completed,-30
Greedy,3321,3037662008,2403650,2403772,122,completed,-30
Greedy,3322,3037662008,2403850,2403976,126,completed,-30
Greedy,3323,3037662008,2404050,2404172,122,completed,-30
Greedy,3324,3037662008,2404250,2404372,122,completed,-30
Greedy,3325,3037662008,2404450,2404573,123,completed,-30
Greedy,3326,3037662008,2404651,2405041,390,completed,-30
Greedy,3328,3658959723,2405051,2405186,135,completed,-10
Greedy,3329,3658959723,2405251,2405387,136,completed,-10
Greedy,3327,3037662008,2404851,2405143,292,completed,-30
Greedy,3330,3658959723,2405451,2405586,135,completed,-10
Greedy,3331,3658959723,2405651,2405786,135,completed,-10
Greedy,3332,3658959723,2405852,2405989,137,completed,-10
Greedy,3333,3658959723,2406052,2406187,135,completed,-10
Greedy,3334,3658959723,2406252,2406388,136,completed,-10
Greedy,3335,3658959723,2406452,2406587,135,completed,-10
Greedy,3336,3658959723,2406652,2406983,331,completed,-10
Greedy,3337,3658959723,2406852,2407092,240,completed,-11
Greedy,3338,3037662008,2407052,2407175,123,completed,-31
Greedy,3339,3037662008,2407252,2407374,122,completed,-31
Greedy,3340,3037662008,2407452,2407576,124,completed,-31
Greedy,3341,3037662008,2407652,2407774,122,completed,-31
Greedy,3342,3037662008,2407854,2407979,125,completed,-31
Greedy,3343,3037662008,2408054,2408176,122,completed,-31
Greedy,3344,3037662008,2408254,2408376,122,completed,-31
Greedy,3345,3037662008,2408454,2408577,123,completed,-31
Greedy,3346,3037662008,2408654,2408972,318,completed,-31
Greedy,3348,3658959723,2409054,2409190,136,completed,-11
Greedy,3347,3037662008,2408854,2409088,234,completed,-33
Greedy,3349,3658959723,2409254,2409389,135,completed,-11
Greedy,3350,3658959723,2409454,2409589,135,completed,-11
Greedy,3351,3658959723,2409654,2409790,136,completed,-11
Greedy,3352,3658959723,2409857,2409994,137,completed,-11
Greedy,3353,3658959723,2410057,2410193,136,completed,-11
Greedy,3354,3658959723,2410257,2410392,135,completed,-11
Greedy,3355,3658959723,2410457,2410592,135,completed,-11
Greedy,3356,3658959723,2410657,2411035,378,completed,-12
Greedy,3358,3037662008,2411057,2411179,122,completed,-31
Greedy,3357,3658959723,2410857,2411137,280,completed,-12
Greedy,3359,3037662008,2411257,2411380,123,completed,-31
Greedy,3360,3037662008,2411457,2411579,122,completed,-31
Greedy,3361,3037662008,2411657,2411780,123,completed,-31
Greedy,3362,3037662008,2414053,2414369,316,completed,-32
Greedy,3363,3037662008,2414260,2414653,393,completed,-32
Greedy,3364,3037662008,2414460,2414756,296,completed,-32
Greedy,3365,3037662008,2414660,2414859,199,completed,-32
Greedy,3366,3037662008,2414860,2414982,122,completed,-32
Greedy,3367,3037662008,2415249,2415374,125,completed,-36
Greedy,3368,3037662008,2415449,2415572,123,completed,-36
Greedy,3369,3658959723,2415649,2415786,137,completed,-11
Greedy,3370,3658959723,2415849,2415985,136,completed,-11
Greedy,3371,3658959723,2416049,2416184,135,completed,-11
Greedy,3372,3658959723,2416256,2416559,303,completed,-11
Greedy,3373,3658959723,2416456,2416662,206,completed,-11
Greedy,3374,3658959723,2416656,2416792,136,completed,-11
Greedy,3375,3658959723,2416856,2416991,135,completed,-11
Greedy,3376,3658959723,2417056,2417193,137,completed,-11
Greedy,3377,3658959723,2417256,2417393,137,completed,-11
Greedy,3378,3658959723,2417456,2417593,137,completed,-11
Greedy,3379,3658959723,2417656,2417791,135,completed,-11
Greedy,3380,3658959723,2417856,2417991,135,completed,-11
Greedy,3381,3658959723,2418056,2418192,136,completed,-11
Greedy,3382,3658959723,2418259,2418395,136,completed,-11
Greedy,3383,3658959723,2418459,2418595,136,completed,-11
Greedy,3384,3658959723,2418659,2418794,135,completed,-11
Greedy,3385,3658959723,2418859,2418994,135,completed,-11
Greedy,3386,3658959723,2419059,2419387,328,completed,-12
Greedy,3387,3658959723,2419259,2419490,231,completed,-12
Greedy,3388,3658959723,2419459,2419597,138,completed,-12
Greedy,3389,3658959723,2419659,2419794,135,completed,-12
Greedy,3390,3658959723,2419859,2419994,135,completed,-12
Greedy,3391,3658959723,2420060,2420389,329,completed,-12
Greedy,3392,3658959723,2420260,2420492,232,completed,-12
Greedy,3393,3658959723,2420460,2420599,139,completed,-12
Greedy,3394,3658959723,2420660,2420796,136,completed,-12
Greedy,3395,3658959723,2420860,2420996,136,completed,-12
Greedy,3396,3658959723,2421060,2421195,135,completed,-10
Greedy,3397,3658959723,2421261,2421399,138,completed,-10
Greedy,3398,3658959723,2421461,2421597,136,completed,-10
Greedy,3399,3658959723,2421661,2421796,135,completed,-10
Greedy,3400,3658959723,2421861,2421997,136,completed,-10
Greedy,3401,3658959723,2422061,2422391,330,completed,-10
Greedy,3402,3658959723,2422261,2422500,239,completed,-10
Greedy,3403,3658959723,2422461,2422603,142,completed,-10
Greedy,3404,3658959723,2422661,2422797,136,completed,-10
Greedy,3405,3658959723,2422861,2422996,135,completed,-10
Greedy,3406,3658959723,2423061,2423198,137,completed,-11
Greedy,3407,3658959723,2423263,2423399,136,completed,-11
Greedy,3408,3658959723,2423463,2423599,136,completed,-11
Greedy,3409,3658959723,2423663,2423799,136,completed,-11
Greedy,3410,3658959723,2423863,2423999,136,completed,-11
Greedy,3411,3658959723,2424063,2424392,329,completed,-11
Greedy,3412,3658959723,2424263,2424500,237,completed,-11
Greedy,3413,3658959723,2424463,2424617,154,completed,-11
Greedy,3414,3658959723,2424663,2424799,136,completed,-11
Greedy,3415,3658959723,2424863,2424999,136,completed,-11
Greedy,3416,3658959723,2425063,2425198,135,completed,-11
Greedy,3417,3658959723,2425263,2425401,138,completed,-11
Greedy,3418,3658959723,2425463,2425599,136,completed,-11
Greedy,3419,3658959723,2425663,2425799,136,completed,-11
Greedy,3420,3658959723,2425863,2425998,135,completed,-11
Greedy,3421,3658959723,2426063,2426434,371,completed,-11
Greedy,3422,3658959723,2426263,2426549,286,completed,-11
Greedy,3423,3658959723,2426463,2426652,189,completed,-11
Greedy,3424,3658959723,2426663,2426799,136,completed,-11
Greedy,3425,3658959723,2426863,2426998,135,completed,-11
Greedy,3426,3658959723,2427063,2427200,137,completed,-12
Greedy,3427,3658959723,2427265,2427404,139,completed,-12
Greedy,3428,3658959723,2427465,2427601,136,completed,-12
Greedy,3429,3658959723,2427665,2427800,135,completed,-12
Greedy,3430,3658959723,2427865,2428000,135,completed,-12
Greedy,3431,3658959723,2428065,2428400,335,completed,-12
Greedy,3432,3658959723,2428267,2428503,236,completed,-12
Greedy,3433,3658959723,2428467,2428606,139,completed,-12
Greedy,3434,3658959723,2428667,2428802,135,completed,-12
Greedy,3435,3658959723,2428867,2429002,135,completed,-12
Greedy,3436,3658959723,2429067,2429205,138,completed,-12
Greedy,3437,3658959723,2429270,2429408,138,completed,-12
Greedy,3438,3658959723,2431473,2431804,331,completed,-11
Greedy,3439,3658959723,2431678,2432134,456,completed,-11
Greedy,3440,3658959723,2431878,2432411,533,completed,-11
Greedy,3441,3658959723,2432078,2432514,436,completed,-11
Greedy,3442,3658959723,2432281,2432616,335,completed,-11
Greedy,3443,3658959723,2432670,2432806,136,completed,-11
Greedy,3444,3658959723,2432870,2433007,137,completed,-11
Greedy,3445,3658959723,2433070,2433207,137,completed,-11
Greedy,3446,3658959723,2433270,2433405,135,completed,-11
Greedy,3447,3658959723,2433470,2433606,136,completed,-11
Greedy,3448,3658959723,2433676,2433984,308,completed,-11
Greedy,3449,3658959723,2433876,2434093,217,completed,-11
Greedy,3450,3658959723,2434076,2434212,136,completed,-11
Greedy,3451,3658959723,2434276,2434411,135,completed,-11
Greedy,3452,3658959723,2434476,2434612,136,completed,-11
Greedy,3453,3658959723,2434676,2434814,138,completed,-11
Greedy,3454,3658959723,2434876,2435013,137,completed,-11
Greedy,3455,3658959723,2435076,2435214,138,completed,-11
Greedy,3456,3658959723,2435276,2435411,135,completed,-11
Greedy,3457,3658959723,2435476,2435612,136,completed,-11
Greedy,3458,3658959723,2435678,2436035,357,completed,-11
Greedy,3459,3658959723,2435878,2436138,260,completed,-11
Greedy,3460,3658959723,2436078,2436241,163,completed,-11
Greedy,3461,3658959723,2436278,2436413,135,completed,-11
Greedy,3462,3658959723,2436478,2436614,136,completed,-11
Greedy,3463,3658959723,2436678,2436817,139,completed,-11
Greedy,3464,3658959723,2436878,2437014,136,completed,-11
Greedy,3465,3658959723,2437078,2437214,136,completed,-11
Greedy,3466,3658959723,2437278,2437413,135,completed,-11
Greedy,3467,3658959723,2437478,2437614,136,completed,-11
Greedy,3468,3658959723,2437681,2437817,136,completed,-11
Greedy,3469,3658959723,2437881,2438016,135,completed,-11
Greedy,3470,3658959723,2438081,2438216,135,completed,-11
Greedy,3471,3658959723,2438281,2438416,135,completed,-11
Greedy,3472,3658959723,2438481,2438810,329,completed,-11
Greedy,3473,3658959723,2438681,2438913,232,completed,-11
Greedy,3475,3037662008,2439081,2439204,123,completed,-30
Greedy,3474,3658959723,2438881,2439020,139,completed,-12
Greedy,3476,3037662008,2439281,2439404,123,completed,-30
Greedy,3477,3037662008,2439481,2439798,317,completed,-30
Greedy,3478,3037662008,2439681,2439904,223,completed,-30
Greedy,3479,3037662008,2439881,2440007,126,completed,-30
Greedy,3480,3037662008,2440081,2440203,122,completed,-30
Greedy,3481,3037662008,2440281,2440404,123,completed,-30
Greedy,3482,3037662008,2440481,2440624,143,completed,-30
Greedy,3483,3037662008,2440683,2440807,124,completed,-30
Greedy,3485,3658959723,2441083,2441219,136,completed,-11
Greedy,3484,3037662008,2440883,2441007,124,completed,-35
Greedy,3486,3658959723,2441283,2441419,136,completed,-11
Greedy,3487,3658959723,2441483,2441619,136,completed,-11
Greedy,3488,3658959723,2441686,2441958,272,completed,-11
Greedy,3489,3658959723,2441886,2442067,181,completed,-11
Greedy,3490,3658959723,2442086,2442223,137,completed,-11
Greedy,3491,3658959723,2442286,2442421,135,completed,-11
Greedy,3492,3658959723,2442486,2442816,330,completed,-11
Greedy,3493,3658959723,2442686,2442933,247,completed,-11
Greedy,3495,3037662008,2443086,2443210,124,completed,-29
Greedy,3494,3658959723,2442886,2443036,150,completed,-12
Greedy,3496,3037662008,2443286,2443409,123,completed,-29
Greedy,3497,3037662008,2443486,2443609,123,completed,-29
Greedy,3498,3037662008,2443691,2443966,275,completed,-29
Greedy,3499,3037662008,2443891,2444082,191,completed,-29
Greedy,3500,3037662008,2444091,2444213,122,completed,-29
Greedy,3501,3037662008,2444291,2444415,124,completed,-29
Greedy,3502,3037662008,2444491,2444807,316,completed,-29
Greedy,3503,3037662008,2444691,2444987,296,completed,-29
Greedy,3504,3037662008,2444891,2445096,205,completed,-30
Greedy,3505,3658959723,2445091,2445226,135,completed,-11
Greedy,3506,3658959723,2445291,2445426,135,completed,-11
Greedy,3507,3658959723,2445491,2445820,329,completed,-11
Greedy,3508,3658959723,2445691,2445923,232,completed,-11
Greedy,3509,3658959723,2445891,2446029,138,completed,-11
Greedy,3510,3658959723,2446091,2446226,135,completed,-11
Greedy,3511,3658959723,2446291,2446426,135,completed,-11
Greedy,3519,3037662008,2450097,2450219,122,completed,-28
Greedy,3520,3037662008,2450297,2450419,122,completed,-28
Greedy,3521,3037662008,2450497,2450620,123,completed,-28
Greedy,3522,3037662008,2450697,2450820,123,completed,-28
Greedy,3512,3658959723,2446491,2446627,136,completed,-11
Greedy,3523,3037662008,2450897,2451021,124,completed,-28
Greedy,3524,3037662008,2451102,2451228,126,completed,-28
Greedy,3525,3037662008,2451302,2451425,123,completed,-28
Greedy,3526,3037662008,2451502,2451625,123,completed,-28
Greedy,3513,3658959723,2448895,2449282,387,completed,-11
Greedy,3514,3658959723,2449097,2449833,736,completed,-11
Greedy,3515,3658959723,2449297,2450225,928,completed,-11
Greedy,3516,3658959723,2449497,2450384,887,completed,-11
Greedy,3517,3658959723,2449697,2450486,789,completed,-11
Greedy,3518,3658959723,2449897,2450659,762,completed,-11
Greedy,3527,3658959723,2451702,2451839,137,completed,-11
Greedy,3528,3658959723,2451906,2452248,342,completed,-11
Greedy,3529,3658959723,2452106,2452353,247,completed,-11
Greedy,3530,3658959723,2452306,2452454,148,completed,-11
Greedy,3531,3658959723,2452506,2452643,137,completed,-11
Greedy,3532,3658959723,2452706,2452843,137,completed,-11
Greedy,3533,3658959723,2452906,2453043,137,completed,-12
Greedy,3534,3658959723,2453115,2453252,137,completed,-12
Greedy,3535,3037662008,2453315,2453438,123,completed,-27
Greedy,3536,3037662008,2453515,2453638,123,completed,-27
Greedy,3537,3037662008,2453715,2453837,122,completed,-27
Greedy,3538,3037662008,2454105,2454230,125,completed,-27
Greedy,3539,3037662008,2454305,2454428,123,completed,-27
Greedy,3540,3037662008,2454505,2454628,123,completed,-27
Greedy,3541,3037662008,2454705,2454828,123,completed,-27
Greedy,3542,3037662008,2454905,2455234,329,completed,-32
Greedy,3543,3658959723,2455117,2455253,136,completed,-11
Greedy,3544,3658959723,2455317,2455454,137,completed,-11
Greedy,3545,3658959723,2455517,2455653,136,completed,-11
Greedy,3546,3658959723,2455717,2455852,135,completed,-11
Greedy,3547,3658959723,2456108,2456244,136,completed,-11
Greedy,3548,3658959723,2456308,2456444,136,completed,-11
Greedy,3549,3658959723,2456508,2456645,137,completed,-11
Greedy,3550,3658959723,2456708,2456844,136,completed,-11
Greedy,3551,3658959723,2456908,2457244,336,completed,-12
Greedy,3552,3658959723,2457116,2457347,231,completed,-12
Greedy,3553,3658959723,2457316,2457454,138,completed,-12
Greedy,3554,3658959723,2457516,2457652,136,completed,-12
Greedy,3555,3658959723,2457716,2457851,135,completed,-12
Greedy,3556,3658959723,2457916,2458243,327,completed,-12
Greedy,3557,3658959723,2458116,2458346,230,completed,-12
Greedy,3558,3658959723,2458316,2458453,137,completed,-12
Greedy,3559,3658959723,2458516,2458651,135,completed,-12
Greedy,3560,3658959723,2458716,2458852,136,completed,-12
Greedy,3561,3658959723,2458916,2459247,331,completed,-11
Greedy,3562,3658959723,2459119,2459350,231,completed,-11
Greedy,3563,3658959723,2459319,2459456,137,completed,-11
Greedy,3564,3658959723,2459519,2459654,135,completed,-11
Greedy,3565,3658959723,2459719,2459854,135,completed,-11
Greedy,3566,3658959723,2459919,2460247,328,completed,-11
Greedy,3567,3658959723,2460119,2460357,238,completed,-11
Greedy,3568,3658959723,2460319,2460460,141,completed,-11
Greedy,3569,3658959723,2460519,2460654,135,completed,-11
Greedy,SUMMARY,ALL,0,0,120000,batch_complete,0
----------------,---,---,---,---,---,----------------,---
Greedy,3570,3658959723,2460719,2460854,135,completed,-11
Greedy,3571,3658959723,2467523,2467660,137,completed,-11
Greedy,3572,3658959723,2467723,2467859,136,completed,-11
Greedy,3573,3658959723,2467923,2468059,136,completed,-11
Greedy,3574,3658959723,2468123,2468258,135,completed,-11
Greedy,3575,3658959723,2468521,2468657,136,completed,-11
Greedy,3576,3658959723,2468721,2468857,136,completed,-11
Greedy,3577,3658959723,2468921,2469056,135,completed,-11
Greedy,3578,3037662008,2469121,2469252,131,completed,-32
Greedy,3579,3037662008,2469321,2469643,322,completed,-32
Greedy,3580,3037662008,2469524,2469752,228,completed,-32
Greedy,3581,3037662008,2469724,2469861,137,completed,-32
Greedy,3582,3037662008,2469924,2470047,123,completed,-32
Greedy,3583,3037662008,2470124,2470248,124,completed,-32
Greedy,3584,3037662008,2470324,2470661,337,completed,-32
Greedy,3585,3037662008,2470526,2470769,243,completed,-32
Greedy,3586,3037662008,2470726,2470878,152,completed,-32
Greedy,3587,3037662008,2470926,2471050,124,completed,-32
Greedy,3588,3658959723,2471126,2471262,136,completed,-11
Greedy,3589,3658959723,2471326,2471655,329,completed,-11
Greedy,3590,3658959723,2471528,2471764,236,completed,-11
Greedy,3591,3658959723,2471728,2471867,139,completed,-11
Greedy,3592,3658959723,2471928,2472064,136,completed,-11
Greedy,3593,3658959723,2472128,2472264,136,completed,-11
Greedy,3594,3658959723,2472328,2472658,330,completed,-11
Greedy,3595,3658959723,2472532,2472768,236,completed,-11
Greedy,3596,3658959723,2472732,2472871,139,completed,-11
Greedy,3597,3658959723,2472932,2473068,136,completed,-11
Greedy,3598,3037662008,2473132,2473255,123,completed,-29
Greedy,3599,3037662008,2473529,2473652,123,completed,-29
Greedy,3600,3037662008,2473729,2473852,123,completed,-29
Greedy,3601,3037662008,2473929,2474052,123,completed,-29
Greedy,3602,3037662008,2474129,2474251,122,completed,-29
Greedy,3603,3037662008,2474329,2474646,317,completed,-29
Greedy,3604,3037662008,2474532,2474756,224,completed,-29
Greedy,3605,3037662008,2474732,2474859,127,completed,-29
Greedy,3606,3037662008,2474932,2475057,125,completed,-31
Greedy,3607,3658959723,2475132,2475267,135,completed,-10
Greedy,3608,3658959723,2475332,2475660,328,completed,-10
Greedy,3609,3658959723,2475534,2475768,234,completed,-10
Greedy,3610,3658959723,2475734,2475878,144,completed,-10
Greedy,3611,3658959723,2475934,2476069,135,completed,-10
Greedy,3612,3658959723,2476134,2476270,136,completed,-10
Greedy,3613,3658959723,2476334,2476664,330,completed,-10
Greedy,3614,3658959723,2476537,2476777,240,completed,-10
Greedy,3615,3658959723,2476737,2476880,143,completed,-10
Greedy,3616,3658959723,2476937,2477074,137,completed,-12
Greedy,3617,3037662008,2477137,2477259,122,completed,-28
Greedy,3618,3037662008,2477536,2477659,123,completed,-28
Greedy,3619,3037662008,2477736,2477860,124,completed,-28
Greedy,3620,3037662008,2477936,2478059,123,completed,-28
Greedy,3621,3037662008,2478136,2478258,122,completed,-28
Greedy,3622,3037662008,2478336,2478664,328,completed,-28
Greedy,3623,3037662008,2478539,2478773,234,completed,-28
Greedy,3624,3037662008,2478739,2478876,137,completed,-28
Greedy,3625,3037662008,2478939,2479062,123,completed,-32
Greedy,3626,3658959723,2479139,2479274,135,completed,-11
Greedy,3627,3658959723,2479537,2479674,137,completed,-11
Greedy,3628,3658959723,2479737,2479873,136,completed,-11
Greedy,3629,3658959723,2479937,2480073,136,completed,-11
Greedy,3630,3658959723,2480137,2480273,136,completed,-11
Greedy,3631,3658959723,2480337,2480668,331,completed,-11
Greedy,3632,3658959723,2480542,2480771,229,completed,-11
Greedy,3633,3658959723,2480742,2480878,136,completed,-11
Greedy,3634,3658959723,2480942,2481078,136,completed,-12
Greedy,3635,3037662008,2481142,2481264,122,completed,-28
Greedy,3636,3037662008,2481542,2481691,149,completed,-28
Greedy,3637,3037662008,2483740,2484090,350,completed,-31
Greedy,3638,3037662008,2483946,2484584,638,completed,-31
Greedy,3639,3037662008,2484146,2484693,547,completed,-31
Greedy,3640,3037662008,2484346,2484803,457,completed,-31
Greedy,3641,3037662008,2484546,2484906,360,completed,-31
Greedy,3642,3037662008,2484940,2485066,126,completed,-29
Greedy,3643,3658959723,2485140,2485277,137,completed,-11
Greedy,3644,3658959723,2485340,2485476,136,completed,-11
Greedy,3645,3658959723,2485540,2485676,136,completed,-11
Greedy,3646,3658959723,2485740,2485876,136,completed,-11
Greedy,3647,3658959723,2485944,2486106,162,completed,-11
Greedy,3648,3658959723,2486144,2486280,136,completed,-11
Greedy,3649,3658959723,2486344,2486479,135,completed,-11
Greedy,3650,3658959723,2486544,2486679,135,completed,-11
Greedy,3651,3658959723,2486744,2486880,136,completed,-11
Greedy,3652,3658959723,2486945,2487083,138,completed,-11
Greedy,3653,3037662008,2487145,2487268,123,completed,-30
Greedy,3654,3037662008,2487345,2487469,124,completed,-30
Greedy,3655,3037662008,2487545,2487668,123,completed,-30
Greedy,3656,3037662008,2487746,2488062,316,completed,-30
Greedy,3657,3037662008,2487946,2488171,225,completed,-30
Greedy,3658,3037662008,2488146,2488274,128,completed,-30
Greedy,3659,3037662008,2488346,2488469,123,completed,-30
Greedy,3660,3037662008,2488546,2488669,123,completed,-30
Greedy,3661,3037662008,2488746,2488868,122,completed,-30
Greedy,3662,3037662008,2488946,2489071,125,completed,-29
Greedy,3663,3658959723,2489146,2489282,136,completed,-11
Greedy,3664,3658959723,2489346,2489481,135,completed,-11
Greedy,3665,3658959723,2489546,2489682,136,completed,-11
Greedy,3666,3658959723,2489747,2490078,331,completed,-11
Greedy,3667,3658959723,2489947,2490183,236,completed,-11
Greedy,3668,3658959723,2490147,2490286,139,completed,-11
Greedy,3669,3658959723,2490347,2490483,136,completed,-11
Greedy,3670,3658959723,2490547,2490682,135,completed,-11
Greedy,3671,3658959723,2490747,2490883,136,completed,-11
Greedy,3672,3658959723,2490948,2491086,138,completed,-11
Greedy,3673,3037662008,2491148,2491271,123,completed,-28
Greedy,3674,3037662008,2491348,2491471,123,completed,-28
Greedy,3675,3037662008,2491548,2491670,122,completed,-28
Greedy,3676,3037662008,2491748,2492067,319,completed,-28
Greedy,3677,3037662008,2491948,2492171,223,completed,-28
Greedy,3678,3037662008,2492148,2492274,126,completed,-28
Greedy,3679,3037662008,2492348,2492470,122,completed,-28
Greedy,3680,3037662008,2492548,2492671,123,completed,-28
Greedy,3681,3037662008,2492748,2492872,124,completed,-28
Greedy,3682,3037662008,2492949,2493074,125,completed,-30
Greedy,3683,3658959723,2493149,2493285,136,completed,-11
Greedy,3684,3658959723,2493349,2493485,136,completed,-11
Greedy,3685,3658959723,2493549,2493685,136,completed,-11
Greedy,3686,3658959723,2493749,2494105,356,completed,-11
Greedy,3687,3658959723,2493949,2494213,264,completed,-11
Greedy,3688,3658959723,2494149,2494322,173,completed,-11
Greedy,3689,3658959723,2494349,2494486,137,completed,-11
Greedy,3690,3658959723,2494549,2494685,136,completed,-11
Greedy,3691,3658959723,2494749,2494884,135,completed,-11
Greedy,3692,3658959723,2494951,2495090,139,completed,-12
Greedy,3693,3037662008,2495151,2495274,123,completed,-29
Greedy,3694,3037662008,2495351,2495473,122,completed,-29
Greedy,3695,3037662008,2495551,2495674,123,completed,-29
Greedy,3696,3037662008,2495751,2496070,319,completed,-29
Greedy,3697,3037662008,2495951,2496179,228,completed,-29
Greedy,3698,3037662008,2496151,2496282,131,completed,-29
Greedy,3699,3037662008,2496351,2496474,123,completed,-29
Greedy,3700,3037662008,2496551,2496673,122,completed,-29
Greedy,3701,3037662008,2496751,2496874,123,completed,-29
Greedy,3702,3037662008,2496954,2497081,127,completed,-33
Greedy,3703,3658959723,2497154,2497292,138,completed,-11
Greedy,3704,3658959723,2497354,2497490,136,completed,-11
Greedy,3705,3658959723,2497554,2497689,135,completed,-11
Greedy,3706,3658959723,2497754,2498085,331,completed,-11
Greedy,3707,3658959723,2497954,2498195,241,completed,-11
Greedy,3708,3658959723,2498154,2498298,144,completed,-11
Greedy,3709,3658959723,2498354,2498490,136,completed,-11
Greedy,3710,3658959723,2498554,2498690,136,completed,-11
Greedy,3711,3658959723,2498754,2498890,136,completed,-11
Greedy,3712,3658959723,2501151,2501483,332,completed,-11
Greedy,3713,3658959723,2501353,2501642,289,completed,-11
Greedy,3714,3658959723,2501553,2501904,351,completed,-11
Greedy,3715,3658959723,2501753,2502180,427,completed,-11
Greedy,3716,3658959723,2501953,2502482,529,completed,-11
Greedy,3724,3658959723,2503554,2503691,137,completed,-11
Greedy,3725,3658959723,2503754,2503892,138,completed,-11
Greedy,3726,3658959723,2503954,2504091,137,completed,-11
Greedy,3727,3658959723,2504154,2504292,138,completed,-11
Greedy,3728,3658959723,2504354,2504493,139,completed,-11
Greedy,3729,3658959723,2504554,2504691,137,completed,-11
Greedy,3730,3658959723,2504754,2504891,137,completed,-11
Greedy,3731,3658959723,2504954,2505090,136,completed,-12
Greedy,3732,3658959723,2505154,2505291,137,completed,-12
Greedy,3733,3658959723,2505357,2505754,397,completed,-12
Greedy,3734,3658959723,2505557,2505862,305,completed,-12
Greedy,3735,3658959723,2505757,2505975,218,completed,-12
Greedy,3736,3658959723,2505957,2506094,137,completed,-12
Greedy,3737,3658959723,2506157,2506293,136,completed,-12
Greedy,3738,3658959723,2506357,2506495,138,completed,-12
Greedy,3739,3658959723,2506557,2506693,136,completed,-12
Greedy,3740,3658959723,2506757,2506893,136,completed,-12
Greedy,3741,3658959723,2506957,2507094,137,completed,-11
Greedy,3717,3658959723,2507154,2507289,135,completed,-11
Greedy,3742,3658959723,2507157,2507489,332,completed,-11
Greedy,3743,3658959723,2507360,2507604,244,completed,-11
Greedy,3718,3658959723,2507362,2507713,351,completed,-11
Greedy,3719,3658959723,2507554,2507816,262,completed,-11
Greedy,3744,3658959723,2507560,2507919,359,completed,-11
Greedy,3720,3658959723,2507754,2508022,268,completed,-11
Greedy,3745,3658959723,2507760,2508125,365,completed,-11
Greedy,3721,3658959723,2507954,2508227,273,completed,-11
Greedy,3746,3658959723,2507960,2508328,368,completed,-11
Greedy,3722,3658959723,2508154,2508429,275,completed,-11
Greedy,3747,3658959723,2508164,2508531,367,completed,-11
Greedy,3723,3658959723,2508359,2508636,277,completed,-11
Greedy,3748,3658959723,2508366,2508739,373,completed,-11
Greedy,3749,3658959723,2508566,2508841,275,completed,-11
Greedy,3750,3658959723,2508766,2508943,177,completed,-11
Greedy,3751,3658959723,2508966,2509104,138,completed,-11
Greedy,3752,3658959723,2509169,2509499,330,completed,-11
Greedy,3753,3658959723,2509369,2509603,234,completed,-11
Greedy,3754,3658959723,2509569,2509708,139,completed,-11
Greedy,3755,3658959723,2509769,2509904,135,completed,-11
Greedy,3756,3658959723,2509969,2510104,135,completed,-11
Greedy,3757,3658959723,2510169,2510306,137,completed,-11
Greedy,3758,3658959723,2510370,2510508,138,completed,-11
Greedy,3759,3658959723,2510570,2510707,137,completed,-11
Greedy,3760,3658959723,2510770,2510906,136,completed,-11
Greedy,3761,3658959723,2510970,2511106,136,completed,-11
Greedy,3762,3658959723,2511170,2511305,135,completed,-11
Greedy,3763,3658959723,2511371,2511508,137,completed,-11
Greedy,3764,3658959723,2511571,2511707,136,completed,-11
Greedy,3765,3658959723,2511771,2511907,136,completed,-11
Greedy,3766,3658959723,2511971,2512107,136,completed,-11
Greedy,3767,3658959723,2512171,2512306,135,completed,-11
Greedy,3768,3658959723,2512374,2512603,229,completed,-11
Greedy,3769,3658959723,2512574,2512713,139,completed,-11
Greedy,3770,3658959723,2512774,2512911,137,completed,-11
Greedy,3771,3658959723,2512974,2513110,136,completed,-11
Greedy,3772,3658959723,2513174,2513503,329,completed,-11
Greedy,3773,3658959723,2513374,2513611,237,completed,-11
Greedy,3774,3658959723,2513574,2513713,139,completed,-11
Greedy,3775,3658959723,2513774,2513927,153,completed,-11
Greedy,3776,3658959723,2513974,2514110,136,completed,-11
Greedy,3777,3658959723,2514174,2514310,136,completed,-11
Greedy,3778,3658959723,2514374,2514512,138,completed,-11
Greedy,3779,3658959723,2514574,2514711,137,completed,-11
Greedy,3780,3658959723,2514774,2514910,136,completed,-11
Greedy,3781,3658959723,2514974,2515110,136,completed,-11
Greedy,3782,3658959723,2515174,2515309,135,completed,-11
Greedy,3783,3658959723,2515375,2515513,138,completed,-11
Greedy,3784,3658959723,2515575,2515711,136,completed,-11
Greedy,3785,3658959723,2515775,2515911,136,completed,-11
Greedy,3786,3658959723,2515975,2516111,136,completed,-11
Greedy,3787,3658959723,2516175,2516311,136,completed,-11
Greedy,3788,3658959723,2518566,2518898,332,completed,-11
Greedy,3789,3658959723,2518774,2519056,282,completed,-11
Greedy,3790,3658959723,2518974,2519303,329,completed,-11
Greedy,3791,3658959723,2519174,2519557,383,completed,-11
Greedy,3792,3658959723,2519374,2519897,523,completed,-11
Greedy,3793,3658959723,2519763,2519999,236,completed,-11
Greedy,3794,3658959723,2519963,2520101,138,completed,-11
Greedy,3797,3658959723,2520563,2520700,137,completed,-11
Greedy,3798,3658959723,2520767,2520908,141,completed,-11
Greedy,3799,3658959723,2520967,2521105,138,completed,-12
Greedy,3800,3658959723,2521167,2521304,137,completed,-12
Greedy,3801,3658959723,2521367,2521504,137,completed,-12
Greedy,3802,3658959723,2521567,2521705,138,completed,-12
Greedy,3803,3658959723,2521774,2521914,140,completed,-12
Greedy,3804,3658959723,2521974,2522110,136,completed,-12
Greedy,3805,3658959723,2522174,2522310,136,completed,-12
Greedy,3806,3658959723,2522374,2522509,135,completed,-12
Greedy,3807,3658959723,2522574,2522711,137,completed,-12
Greedy,3808,3658959723,2522778,2522915,137,completed,-12
Greedy,3809,3658959723,2522978,2523114,136,completed,-11
Greedy,3810,3658959723,2523178,2523314,136,completed,-11
Greedy,3811,3658959723,2523378,2523514,136,completed,-11
Greedy,3812,3658959723,2523578,2523907,329,completed,-11
Greedy,3813,3658959723,2523778,2524010,232,completed,-11
Greedy,3814,3658959723,2523978,2524116,138,completed,-11
Greedy,3815,3658959723,2524178,2524315,137,completed,-11
Greedy,3816,3658959723,2524378,2524514,136,completed,-11
Greedy,3817,3658959723,2524580,2524909,329,completed,-11
Greedy,3818,3658959723,2524780,2525018,238,completed,-11
Greedy,3819,3658959723,2524980,2525127,147,completed,-12
Greedy,3795,3658959723,2525164,2525300,136,completed,-12
Greedy,3820,3658959723,2525180,2525410,230,completed,-12
Greedy,3796,3658959723,2525364,2525513,149,completed,-12
Greedy,3821,3658959723,2525380,2525616,236,completed,-12
Greedy,3822,3658959723,2525580,2525719,139,completed,-12
Greedy,3823,3658959723,2525780,2525920,140,completed,-12
Greedy,3824,3658959723,2525980,2526117,137,completed,-12
Greedy,3825,3658959723,2526180,2526316,136,completed,-12
Greedy,3826,3658959723,2526380,2526516,136,completed,-12
Greedy,3827,3658959723,2526580,2526953,373,completed,-12
Greedy,3828,3658959723,2526780,2527064,284,completed,-12
Greedy,3829,3658959723,2526980,2527167,187,completed,-12
Greedy,3830,3658959723,2527180,2527316,136,completed,-12
Greedy,3831,3658959723,2527387,2527524,137,completed,-12
Greedy,3832,3658959723,2527777,2527914,137,completed,-12
Greedy,3833,3658959723,2527977,2528114,137,completed,-12
Greedy,3834,3658959723,2528177,2528313,136,completed,-12
Greedy,3835,3658959723,2528377,2528513,136,completed,-12
Greedy,3836,3658959723,2528577,2528713,136,completed,-12
Greedy,3837,3658959723,2528784,2529028,244,completed,-12
Greedy,3838,3658959723,2528984,2529131,147,completed,-11
Greedy,3839,3658959723,2529184,2529320,136,completed,-11
Greedy,3840,3658959723,2529384,2529520,136,completed,-11
Greedy,3841,3658959723,2529584,2529720,136,completed,-11
Greedy,3842,3658959723,2529785,2529924,139,completed,-11
Greedy,3843,3658959723,2529985,2530121,136,completed,-11
Greedy,3844,3658959723,2530185,2530322,137,completed,-11
Greedy,3845,3658959723,2530394,2530532,138,completed,-11
Greedy,3846,3658959723,2530781,2530918,137,completed,-11
Greedy,3847,3658959723,2530981,2531117,136,completed,-11
Greedy,3848,3037662008,2531181,2531304,123,completed,-29
Greedy,3849,3037662008,2531381,2531505,124,completed,-29
Greedy,3850,3037662008,2531581,2531704,123,completed,-29
Greedy,3851,3037662008,2531786,2531911,125,completed,-29
Greedy,3852,3037662008,2531986,2532109,123,completed,-29
Greedy,3853,3037662008,2532186,2532309,123,completed,-29
Greedy,3854,3037662008,2532386,2532514,128,completed,-29
Greedy,3855,3037662008,2532586,2532908,322,completed,-29
Greedy,3856,3037662008,2532786,2533010,224,completed,-29
Greedy,3858,3658959723,2533186,2533322,136,completed,-11
Greedy,3857,3037662008,2532986,2533113,127,completed,-31
Greedy,3859,3658959723,2533392,2533531,139,completed,-11
Greedy,3860,3658959723,2533784,2533922,138,completed,-11
Greedy,3861,3658959723,2535988,2536317,329,completed,-11
Greedy,3862,3658959723,2536193,2536726,533,completed,-11
Greedy,3863,3658959723,2536393,2536977,584,completed,-11
Greedy,3864,3658959723,2536593,2537322,729,completed,-11
Greedy,3865,3658959723,2536793,2537424,631,completed,-11
Greedy,3866,3658959723,2537191,2537525,334,completed,-11
Greedy,3867,3658959723,2537394,2537627,233,completed,-11
Greedy,3868,3658959723,2537594,2537733,139,completed,-11
Greedy,3869,3658959723,2537794,2537931,137,completed,-11
Greedy,3870,3658959723,2538186,2538323,137,completed,-11
Greedy,3871,3658959723,2538393,2538531,138,completed,-11
Greedy,3872,3658959723,2538593,2538729,136,completed,-11
Greedy,3873,3658959723,2538793,2538930,137,completed,-11
Greedy,3874,3658959723,2538993,2539323,330,completed,-11
Greedy,3875,3658959723,2539194,2539426,232,completed,-11
Greedy,3876,3658959723,2539396,2539535,139,completed,-11
Greedy,3877,3658959723,2539596,2539732,136,completed,-11
Greedy,3878,3658959723,2539796,2539934,138,completed,-11
Greedy,3879,3658959723,2540188,2540325,137,completed,-11
Greedy,3880,3658959723,2540396,2540534,138,completed,-11
Greedy,3881,3658959723,2540596,2540732,136,completed,-11
Greedy,3882,3658959723,2540796,2540933,137,completed,-11
Greedy,3883,3658959723,2540996,2541327,331,completed,-12
Greedy,3884,3658959723,2541197,2541430,233,completed,-12
Greedy,3885,3658959723,2541397,2541536,139,completed,-12
Greedy,3886,3658959723,2541597,2541733,136,completed,-12
Greedy,3887,3658959723,2541797,2541934,137,completed,-12
Greedy,3888,3658959723,2541997,2542327,330,completed,-12
Greedy,3889,3658959723,2542197,2542436,239,completed,-12
Greedy,3890,3658959723,2542404,2542544,140,completed,-12
Greedy,3891,3658959723,2542604,2542741,137,completed,-12
Greedy,3892,3658959723,2542804,2542940,136,completed,-12
Greedy,3893,3658959723,2543197,2543334,137,completed,-11
Greedy,3894,3658959723,2543397,2543534,137,completed,-11
Greedy,3895,3658959723,2543597,2543733,136,completed,-11
Greedy,3896,3658959723,2543797,2543933,136,completed,-11
Greedy,3897,3658959723,2543997,2544328,331,completed,-11
Greedy,3898,3658959723,2544197,2544431,234,completed,-11
Greedy,3899,3658959723,2544397,2544552,155,completed,-11
Greedy,3900,3658959723,2544597,2544734,137,completed,-11
Greedy,3901,3658959723,2544797,2544933,136,completed,-11
Greedy,3903,3037662008,2545201,2545324,123,completed,-29
Greedy,3902,3658959723,2544997,2545133,136,completed,-12
Greedy,3904,3037662008,2545401,2545524,123,completed,-29
Greedy,3905,3037662008,2545601,2545725,124,completed,-29
Greedy,3906,3037662008,2545801,2545924,123,completed,-29
Greedy,3907,3037662008,2546001,2546317,316,completed,-29
Greedy,3908,3037662008,2546201,2546427,226,completed,-29
Greedy,3909,3037662008,2546401,2546542,141,completed,-29
Greedy,3910,3037662008,2546601,2546725,124,completed,-29
Greedy,3911,3037662008,2546801,2546924,123,completed,-29
Greedy,3912,3037662008,2547001,2547125,124,completed,-30
Greedy,3913,3658959723,2547205,2547344,139,completed,-11
Greedy,3914,3658959723,2547405,2547542,137,completed,-11
Greedy,3915,3658959723,2547605,2547741,136,completed,-11
Greedy,3916,3658959723,2547805,2547941,136,completed,-11
Greedy,3917,3658959723,2548005,2548334,329,completed,-11
Greedy,3918,3658959723,2548205,2548445,240,completed,-11
Greedy,3919,3658959723,2548408,2548548,140,completed,-11
Greedy,3920,3658959723,2548608,2548744,136,completed,-11
Greedy,3921,3658959723,2548808,2548944,136,completed,-11
Greedy,3922,3658959723,2549008,2549339,331,completed,-11
Greedy,3923,3658959723,2549209,2549442,233,completed,-11
Greedy,3924,3658959723,2549409,2549548,139,completed,-11
Greedy,3925,3658959723,2549609,2549745,136,completed,-11
Greedy,3926,3658959723,2549809,2549945,136,completed,-11
Greedy,3927,3658959723,2550009,2550377,368,completed,-11
Greedy,3928,3658959723,2550209,2550480,271,completed,-11
Greedy,3929,3658959723,2550409,2550583,174,completed,-11
Greedy,3930,3658959723,2550609,2550746,137,completed,-11
Greedy,3931,3658959723,2550809,2550945,136,completed,-11
Greedy,3932,3658959723,2551009,2551146,137,completed,-12
Greedy,3933,3037662008,2551212,2551337,125,completed,-31
Greedy,3942,3658959723,2555017,2555153,136,completed,-11
Greedy,3934,3037662008,2553416,2553766,350,completed,-30
Greedy,3935,3037662008,2553616,2554030,414,completed,-30
Greedy,3936,3037662008,2553816,2554305,489,completed,-30
Greedy,3937,3037662008,2554016,2554736,720,completed,-30
Greedy,3938,3037662008,2554216,2554838,622,completed,-30
Greedy,3939,3037662008,2554416,2554940,524,completed,-30
Greedy,3940,3037662008,2554617,2555055,438,completed,-30
Greedy,3941,3037662008,2554817,2555331,514,completed,-30
Greedy,3943,3037662008,2555217,2555738,521,completed,-30
Greedy,3944,3037662008,2555417,2555840,423,completed,-30
Greedy,3945,3037662008,2555621,2555947,326,completed,-30
Greedy,3946,3037662008,2555821,2556049,228,completed,-30
Greedy,3947,3037662008,2556021,2556151,130,completed,-30
Greedy,3948,3037662008,2556221,2556346,125,completed,-30
Greedy,3949,3037662008,2556421,2556739,318,completed,-30
Greedy,3950,3037662008,2556621,2556841,220,completed,-30
Greedy,3951,3037662008,2556821,2556947,126,completed,-30
Greedy,3953,3658959723,2557221,2557357,136,completed,-11
Greedy,3954,3658959723,2557421,2557558,137,completed,-11
Greedy,3955,3658959723,2557627,2557763,136,completed,-11
Greedy,3952,3037662008,2557021,2557146,125,completed,-29
Greedy,3956,3658959723,2557827,2557964,137,completed,-11
Greedy,3957,3658959723,2558027,2558163,136,completed,-11
Greedy,3958,3658959723,2558227,2558363,136,completed,-11
Greedy,3959,3658959723,2558619,2558756,137,completed,-11
Greedy,3960,3658959723,2558819,2558956,137,completed,-11
Greedy,3961,3658959723,2559019,2559156,137,completed,-11
Greedy,3962,3037662008,2559219,2559342,123,completed,-27
Greedy,3963,3037662008,2559419,2559543,124,completed,-27
Greedy,3964,3037662008,2559625,2559980,355,completed,-27
Greedy,3965,3037662008,2559825,2560090,265,completed,-27
Greedy,3966,3037662008,2560025,2560193,168,completed,-27
Greedy,3967,3037662008,2560225,2560349,124,completed,-27
Greedy,3968,3037662008,2560425,2560549,124,completed,-27
Greedy,3969,3037662008,2560637,2560763,126,completed,-27
Greedy,3970,3037662008,2560837,2560961,124,completed,-27
Greedy,3971,3037662008,2561037,2561160,123,completed,-31
Greedy,3972,3658959723,2561237,2561373,136,completed,-11
Greedy,3973,3658959723,2561624,2561761,137,completed,-11
Greedy,3974,3658959723,2561824,2561960,136,completed,-11
Greedy,3975,3658959723,2562024,2562160,136,completed,-11
Greedy,3976,3658959723,2562224,2562360,136,completed,-11
Greedy,3977,3658959723,2562432,2562769,337,completed,-11
Greedy,3978,3658959723,2562632,2562872,240,completed,-11
Greedy,3979,3658959723,2562832,2562975,143,completed,-11
Greedy,3980,3658959723,2563032,2563168,136,completed,-11
Greedy,3981,3037662008,2563232,2563355,123,completed,-27
Greedy,3982,3037662008,2563432,2563780,348,completed,-27
Greedy,3983,3037662008,2563632,2563889,257,completed,-27
Greedy,3984,3037662008,2563832,2563992,160,completed,-27
Greedy,3985,3037662008,2564032,2564155,123,completed,-27
Greedy,3986,3037662008,2564232,2564355,123,completed,-27
Greedy,3987,3037662008,2564432,2564555,123,completed,-27
Greedy,3988,3037662008,2564634,2564761,127,completed,-27
Greedy,3989,3037662008,2564834,2564957,123,completed,-27
Greedy,3990,3037662008,2565034,2565158,124,completed,-30
Greedy,3991,3658959723,2565234,2565370,136,completed,-11
Greedy,3992,3658959723,2565434,2565766,332,completed,-11
Greedy,3993,3658959723,2565637,2565869,232,completed,-11
Greedy,3994,3658959723,2565837,2565975,138,completed,-11
Greedy,3995,3658959723,2566037,2566173,136,completed,-11
Greedy,3996,3658959723,2566237,2566373,136,completed,-11
Greedy,3997,3658959723,2566437,2566768,331,completed,-11
Greedy,3998,3658959723,2566637,2566873,236,completed,-11
Greedy,3999,3658959723,2566837,2566976,139,completed,-11
Greedy,4000,3658959723,2567037,2567173,136,completed,-12
Greedy,4001,3037662008,2567237,2567360,123,completed,-27
Greedy,4002,3037662008,2567437,2567754,317,completed,-27
Greedy,4003,3037662008,2567637,2567870,233,completed,-27
Greedy,4004,3037662008,2567837,2567973,136,completed,-27
Greedy,4005,3037662008,2568037,2568160,123,completed,-27
Greedy,4006,3037662008,2568237,2568360,123,completed,-27
Greedy,4008,3658959723,2570838,2571171,333,completed,-11
Greedy,4009,3658959723,2571038,2571274,236,completed,-11
Greedy,4015,3658959723,2572238,2572374,136,completed,-11
Greedy,4016,3658959723,2572438,2572575,137,completed,-11
Greedy,4017,3658959723,2572638,2572779,141,completed,-11
Greedy,4007,3037662008,2568437,2568561,124,completed,-27
Greedy,4018,3658959723,2572838,2572975,137,completed,-11
Greedy,4019,3658959723,2573048,2573196,148,completed,-12
Greedy,4010,3037662008,2571238,2571362,124,completed,-30
Greedy,4020,3658959723,2573248,2573385,137,completed,-12
Greedy,4021,3658959723,2573448,2573585,137,completed,-12
Greedy,4011,3037662008,2571438,2571562,124,completed,-30
Greedy,4022,3658959723,2573648,2573784,136,completed,-12
Greedy,4012,3037662008,2571638,2571761,123,completed,-30
Greedy,4013,3037662008,2571838,2572157,319,completed,-30
Greedy,4023,3658959723,2574037,2574174,137,completed,-12
Greedy,4014,3037662008,2572038,2572259,221,completed,-30
Greedy,4024,3658959723,2574237,2574374,137,completed,-12
Greedy,4025,3658959723,2574437,2574573,136,completed,-12
Greedy,4026,3658959723,2574637,2574773,136,completed,-12
Greedy,4027,3658959723,2574837,2574973,136,completed,-12
Greedy,4028,3658959723,2575043,2575194,151,completed,-11
Greedy,4029,3658959723,2575243,2575380,137,completed,-11
Greedy,4030,3658959723,2575443,2575579,136,completed,-11
Greedy,4031,3658959723,2575643,2575779,136,completed,-11
Greedy,4032,3658959723,2575843,2575979,136,completed,-11
Greedy,4033,3658959723,2576043,2576183,140,completed,-11
Greedy,4034,3658959723,2576243,2576380,137,completed,-11
Greedy,4035,3658959723,2576443,2576581,138,completed,-11
Greedy,4036,3658959723,2576643,2576779,136,completed,-11
Greedy,4037,3658959723,2576843,2576980,137,completed,-11
Greedy,4038,3658959723,2577046,2577194,148,completed,-12
Greedy,4039,3658959723,2577246,2577383,137,completed,-12
Greedy,4040,3658959723,2577446,2577583,137,completed,-12
Greedy,4041,3658959723,2577646,2577782,136,completed,-12
Greedy,4042,3658959723,2577846,2577983,137,completed,-12
Greedy,4043,3658959723,2578046,2578184,138,completed,-12
Greedy,4044,3658959723,2578246,2578382,136,completed,-12
Greedy,4045,3658959723,2578446,2578582,136,completed,-12
Greedy,4046,3658959723,2578646,2578782,136,completed,-12
Greedy,4047,3658959723,2578846,2578983,137,completed,-12
Greedy,4048,3658959723,2579048,2579199,151,completed,-11
Greedy,4049,3658959723,2579248,2579384,136,completed,-11
Greedy,4050,3658959723,2579448,2579584,136,completed,-11
Greedy,4051,3658959723,2579648,2579785,137,completed,-11
Greedy,4052,3658959723,2579848,2579985,137,completed,-11
Greedy,4053,3658959723,2580048,2580187,139,completed,-11
Greedy,4054,3658959723,2580248,2580384,136,completed,-11
Greedy,4055,3658959723,2580448,2580584,136,completed,-11
Greedy,4056,3658959723,2580648,2580785,137,completed,-11
Greedy,4057,3658959723,2580848,2580985,137,completed,-11
Greedy,4058,3658959723,2581050,2581199,149,completed,-12
Greedy,4059,3658959723,2581250,2581386,136,completed,-12
Greedy,4060,3658959723,2581450,2581587,137,completed,-12
Greedy,4061,3658959723,2581650,2581786,136,completed,-12
Greedy,4062,3658959723,2581850,2581986,136,completed,-12
Greedy,4063,3658959723,2582051,2582189,138,completed,-12
Greedy,4064,3658959723,2582251,2582388,137,completed,-12
Greedy,4065,3658959723,2582451,2582588,137,completed,-12
Greedy,4066,3658959723,2582651,2582787,136,completed,-12
Greedy,4067,3658959723,2582851,2582988,137,completed,-12
Greedy,4068,3658959723,2583054,2583199,145,completed,-12
Greedy,4069,3658959723,2583254,2583391,137,completed,-12
Greedy,4070,3658959723,2583454,2583596,142,completed,-12
Greedy,4071,3658959723,2583654,2583790,136,completed,-12
Greedy,4072,3658959723,2583854,2584183,329,completed,-12
Greedy,4073,3658959723,2584054,2584293,239,completed,-12
Greedy,4074,3658959723,2584254,2584396,142,completed,-12
Greedy,4075,3658959723,2584454,2584591,137,completed,-12
Greedy,4076,3658959723,2584654,2584790,136,completed,-12
Greedy,4077,3658959723,2584854,2584991,137,completed,-12
Greedy,4078,3658959723,2585057,2585202,145,completed,-11
Greedy,4079,3658959723,2585257,2585394,137,completed,-11
Greedy,4080,3658959723,2585457,2585594,137,completed,-11
Greedy,4081,3658959723,2585657,2585793,136,completed,-11
Greedy,4082,3658959723,2585857,2586188,331,completed,-11
Greedy,SUMMARY,ALL,0,0,120735,batch_complete,0
----------------,---,---,---,---,---,----------------,---
Greedy,4083,3658959723,2596800,2596938,138,completed,-11
Greedy,4084,3658959723,2597000,2597164,164,completed,-11
Greedy,4085,3037662008,2597200,2597324,124,completed,-26
Greedy,4086,3037662008,2597470,2597595,125,completed,-26
Greedy,4087,3037662008,2597670,2597794,124,completed,-26
Greedy,4088,3037662008,2597870,2597994,124,completed,-26
Greedy,4089,3037662008,2598070,2598194,124,completed,-26
Greedy,4090,3037662008,2598468,2598593,125,completed,-26
Greedy,4091,3037662008,2598668,2598792,124,completed,-26
Greedy,4092,3037662008,2598868,2598992,124,completed,-26
Greedy,4093,3037662008,2599068,2599196,128,completed,-31
Greedy,4094,3658959723,2599268,2599597,329,completed,-10
Greedy,4095,3658959723,2599470,2599700,230,completed,-10
Greedy,4096,3658959723,2599670,2599808,138,completed,-10
Greedy,4097,3658959723,2599870,2600007,137,completed,-10
Greedy,4098,3658959723,2600070,2600207,137,completed,-10
Greedy,4099,3658959723,2600270,2600600,330,completed,-10
Greedy,4100,3658959723,2600472,2600709,237,completed,-10
Greedy,4101,3658959723,2600672,2600812,140,completed,-10
Greedy,4102,3658959723,2600872,2601008,136,completed,-10
Greedy,4103,3658959723,2601074,2601211,137,completed,-11
Greedy,4104,3658959723,2601473,2601611,138,completed,-11
Greedy,4105,3658959723,2601673,2601809,136,completed,-11
Greedy,4106,3658959723,2601873,2602010,137,completed,-11
Greedy,4107,3658959723,2602073,2602209,136,completed,-11
Greedy,4108,3658959723,2602273,2602603,330,completed,-11
Greedy,4109,3658959723,2602476,2602711,235,completed,-11
Greedy,4110,3658959723,2602676,2602833,157,completed,-11
Greedy,4111,3658959723,2602876,2603012,136,completed,-11
Greedy,4112,3658959723,2603077,2603214,137,completed,-12
Greedy,4113,3658959723,2603469,2603607,138,completed,-12
Greedy,4114,3658959723,2605675,2606005,330,completed,-12
Greedy,4115,3658959723,2605876,2606122,246,completed,-12
Greedy,4116,3658959723,2606076,2606224,148,completed,-12
Greedy,4117,3658959723,2606276,2606412,136,completed,-12
Greedy,4118,3658959723,2606476,2606612,136,completed,-12
Greedy,4119,3658959723,2606676,2606814,138,completed,-12
Greedy,4120,3658959723,2606877,2607015,138,completed,-12
Greedy,4121,3658959723,2607077,2607215,138,completed,-12
Greedy,4122,3658959723,2607277,2607414,137,completed,-12
Greedy,4123,3658959723,2607477,2607614,137,completed,-12
Greedy,4124,3658959723,2607677,2607815,138,completed,-12
Greedy,4125,3658959723,2607880,2608248,368,completed,-12
Greedy,4126,3658959723,2608080,2608361,281,completed,-12
Greedy,4127,3658959723,2608280,2608470,190,completed,-12
Greedy,4128,3658959723,2608480,2608646,166,completed,-12
Greedy,4129,3658959723,2608680,2609009,329,completed,-12
Greedy,4130,3658959723,2608880,2609112,232,completed,-11
Greedy,4132,3037662008,2609280,2609404,124,completed,-31
Greedy,4131,3658959723,2609080,2609218,138,completed,-11
Greedy,4133,3037662008,2609480,2609604,124,completed,-31
Greedy,4134,3037662008,2609680,2609805,125,completed,-31
Greedy,4135,3037662008,2609883,2610128,245,completed,-31
Greedy,4136,3037662008,2610083,2610231,148,completed,-31
Greedy,4137,3037662008,2610283,2610407,124,completed,-31
Greedy,4138,3037662008,2610483,2610607,124,completed,-31
Greedy,4139,3037662008,2610683,2611000,317,completed,-31
Greedy,4140,3037662008,2610883,2611110,227,completed,-32
Greedy,4141,3658959723,2611083,2611220,137,completed,-11
Greedy,4142,3658959723,2611283,2611420,137,completed,-11
Greedy,4143,3658959723,2611483,2611620,137,completed,-11
Greedy,4144,3658959723,2611685,2612015,330,completed,-11
Greedy,4145,3658959723,2611885,2612124,239,completed,-11
Greedy,4146,3658959723,2612085,2612227,142,completed,-11
Greedy,4147,3658959723,2612285,2612421,136,completed,-11
Greedy,4148,3658959723,2612485,2612621,136,completed,-11
Greedy,4149,3658959723,2612685,2612822,137,completed,-11
Greedy,4150,3658959723,2612886,2613025,139,completed,-11
Greedy,4151,3658959723,2613086,2613223,137,completed,-11
Greedy,4152,3658959723,2613286,2613422,136,completed,-11
Greedy,4153,3658959723,2613486,2613622,136,completed,-11
Greedy,4154,3658959723,2613686,2614017,331,completed,-11
Greedy,4155,3658959723,2613886,2614122,236,completed,-11
Greedy,4156,3658959723,2614086,2614225,139,completed,-11
Greedy,4157,3658959723,2614286,2614423,137,completed,-11
Greedy,4158,3658959723,2614486,2614623,137,completed,-11
Greedy,4159,3658959723,2614686,2614823,137,completed,-11
Greedy,4160,3658959723,2614888,2615025,137,completed,-11
Greedy,4161,3658959723,2615088,2615226,138,completed,-11
Greedy,4162,3658959723,2615288,2615425,137,completed,-11
Greedy,4163,3658959723,2615488,2615625,137,completed,-11
Greedy,4164,3658959723,2615688,2615825,137,completed,-11
Greedy,4165,3658959723,2615890,2616028,138,completed,-11
Greedy,4166,3658959723,2616090,2616227,137,completed,-11
Greedy,4167,3658959723,2616290,2616427,137,completed,-11
Greedy,4168,3658959723,2616490,2616627,137,completed,-11
Greedy,4169,3658959723,2616690,2616826,136,completed,-11
Greedy,4170,3658959723,2616890,2617028,138,completed,-11
Greedy,4171,3658959723,2617090,2617228,138,completed,-12
Greedy,4172,3658959723,2617290,2617426,136,completed,-12
Greedy,4173,3658959723,2617490,2617640,150,completed,-12
Greedy,4174,3658959723,2617690,2618022,332,completed,-12
Greedy,4175,3658959723,2617890,2618131,241,completed,-12
Greedy,4176,3658959723,2618090,2618234,144,completed,-12
Greedy,4177,3658959723,2618290,2618427,137,completed,-12
Greedy,4178,3658959723,2618490,2618627,137,completed,-12
Greedy,4179,3658959723,2618690,2618826,136,completed,-12
Greedy,4180,3658959723,2618891,2619029,138,completed,-12
Greedy,4181,3658959723,2619091,2619229,138,completed,-11
Greedy,4182,3658959723,2619291,2619428,137,completed,-11
Greedy,4183,3658959723,2619491,2619627,136,completed,-11
Greedy,4184,3658959723,2619691,2620024,333,completed,-11
Greedy,4185,3658959723,2619891,2620133,242,completed,-11
Greedy,4186,3658959723,2620091,2620243,152,completed,-11
Greedy,4187,3658959723,2620291,2620427,136,completed,-11
Greedy,4188,3658959723,2620491,2620627,136,completed,-11
Greedy,4189,3658959723,2620691,2620827,136,completed,-11
Greedy,4190,3658959723,2620891,2621030,139,completed,-11
Greedy,4191,3658959723,2623102,2623437,335,completed,-11
Greedy,4192,3658959723,2623309,2623546,237,completed,-11
Greedy,4193,3658959723,2623509,2623648,139,completed,-11
Greedy,4194,3658959723,2623709,2623845,136,completed,-11
Greedy,4195,3658959723,2623909,2624046,137,completed,-11
Greedy,4196,3658959723,2624297,2624435,138,completed,-11
Greedy,4197,3658959723,2624497,2624636,139,completed,-11
Greedy,4198,3658959723,2624697,2624834,137,completed,-11
Greedy,4199,3658959723,2624897,2625033,136,completed,-11
Greedy,4200,3658959723,2625097,2625234,137,completed,-12
Greedy,4201,3658959723,2625306,2625646,340,completed,-12
Greedy,4202,3658959723,2625506,2625754,248,completed,-12
Greedy,4203,3658959723,2625706,2625863,157,completed,-12
Greedy,4204,3658959723,2625906,2626043,137,completed,-12
Greedy,4205,3658959723,2626106,2626434,328,completed,-12
Greedy,4206,3658959723,2626306,2626537,231,completed,-12
Greedy,4207,3658959723,2626506,2626644,138,completed,-12
Greedy,4208,3658959723,2626706,2626842,136,completed,-12
Greedy,4209,3658959723,2626906,2627043,137,completed,-12
Greedy,4210,3658959723,2627106,2627245,139,completed,-12
Greedy,4211,3658959723,2627308,2627447,139,completed,-12
Greedy,4212,3658959723,2627508,2627646,138,completed,-12
Greedy,4213,3658959723,2627708,2627845,137,completed,-12
Greedy,4214,3658959723,2627908,2628044,136,completed,-12
Greedy,4215,3658959723,2628108,2628245,137,completed,-12
Greedy,4216,3658959723,2628308,2628447,139,completed,-12
Greedy,4217,3658959723,2628508,2628645,137,completed,-12
Greedy,4218,3658959723,2628708,2628846,138,completed,-12
Greedy,4219,3658959723,2628908,2629045,137,completed,-12
Greedy,4220,3658959723,2629108,2629245,137,completed,-12
Greedy,4221,3658959723,2629311,2629545,234,completed,-12
Greedy,4222,3658959723,2629511,2629654,143,completed,-12
Greedy,4223,3658959723,2629711,2629848,137,completed,-12
Greedy,4224,3658959723,2629911,2630047,136,completed,-12
Greedy,4225,3658959723,2630111,2630247,136,completed,-12
Greedy,4226,3658959723,2630311,2630450,139,completed,-12
Greedy,4227,3658959723,2630511,2630648,137,completed,-12
Greedy,4228,3658959723,2630711,2630847,136,completed,-12
Greedy,4229,3658959723,2630911,2631047,136,completed,-12
Greedy,4230,3658959723,2631111,2631250,139,completed,-11
Greedy,4231,3658959723,2631315,2631452,137,completed,-11
Greedy,4232,3658959723,2631515,2631652,137,completed,-11
Greedy,4233,3658959723,2631715,2631851,136,completed,-11
Greedy,4234,3658959723,2631915,2632052,137,completed,-11
Greedy,4235,3658959723,2632115,2632443,328,completed,-11
Greedy,4236,3658959723,2632315,2632551,236,completed,-11
Greedy,4237,3658959723,2632515,2632660,145,completed,-11
Greedy,4238,3658959723,2632715,2632851,136,completed,-11
Greedy,4239,3658959723,2632915,2633052,137,completed,-11
Greedy,4240,3658959723,2633116,2633471,355,completed,-12
Greedy,4241,3658959723,2633316,2633579,263,completed,-12
Greedy,4242,3658959723,2633516,2633697,181,completed,-12
Greedy,4243,3658959723,2633716,2633852,136,completed,-12
Greedy,4244,3658959723,2633916,2634053,137,completed,-12
Greedy,4245,3658959723,2634116,2634253,137,completed,-12
Greedy,4246,3658959723,2634316,2634453,137,completed,-12
Greedy,4247,3658959723,2634516,2634653,137,completed,-12
Greedy,4248,3658959723,2634716,2634853,137,completed,-12
Greedy,4249,3658959723,2634916,2635097,181,completed,-12
Greedy,4250,3658959723,2635117,2635448,331,completed,-11
Greedy,4251,3658959723,2635317,2635647,330,completed,-11
Greedy,4252,3658959723,2635517,2635749,232,completed,-11
Greedy,4253,3658959723,2635717,2635922,205,completed,-11
Greedy,4254,3658959723,2635917,2636055,138,completed,-11
Greedy,4255,3658959723,2636117,2636255,138,completed,-11
Greedy,4256,3658959723,2636318,2636457,139,completed,-11
Greedy,4257,3658959723,2636518,2636658,140,completed,-11
Greedy,4258,3658959723,2636718,2636856,138,completed,-11
Greedy,4259,3658959723,2636918,2637055,137,completed,-11
Greedy,4260,3658959723,2637119,2637258,139,completed,-12
Greedy,4261,3658959723,2637325,2637463,138,completed,-12
Greedy,4262,3658959723,2637525,2637663,138,completed,-12
Greedy,4263,3658959723,2637725,2637862,137,completed,-12
Greedy,4264,3658959723,2637925,2638061,136,completed,-12
Greedy,4265,3658959723,2638125,2638262,137,completed,-12
Greedy,4266,3658959723,2640520,2640876,356,completed,-11
Greedy,4267,3658959723,2640726,2641023,297,completed,-11
Greedy,4268,3658959723,2640926,2641295,369,completed,-11
Greedy,4269,3658959723,2641126,2641570,444,completed,-11
Greedy,4270,3658959723,2641326,2641851,525,completed,-11
Greedy,4271,3658959723,2641718,2642122,404,completed,-11
Greedy,4272,3658959723,2641918,2642224,306,completed,-11
Greedy,4273,3658959723,2642118,2642396,278,completed,-11
Greedy,4274,3658959723,2642318,2642853,535,completed,-11
Greedy,4277,3658959723,2642920,2643059,139,completed,-11
Greedy,4278,3658959723,2643120,2643259,139,completed,-12
Greedy,4279,3658959723,2643320,2643458,138,completed,-12
Greedy,4280,3658959723,2643520,2643658,138,completed,-12
Greedy,4281,3658959723,2643723,2643863,140,completed,-12
Greedy,4282,3658959723,2643923,2644062,139,completed,-12
Greedy,4283,3658959723,2644123,2644261,138,completed,-12
Greedy,4284,3658959723,2644323,2644461,138,completed,-12
Greedy,4285,3658959723,2644523,2644661,138,completed,-12
Greedy,4286,3658959723,2644728,2644866,138,completed,-12
Greedy,4287,3658959723,2644928,2645065,137,completed,-12
Greedy,4288,3658959723,2645128,2645267,139,completed,-12
Greedy,4289,3658959723,2645328,2645465,137,completed,-12
Greedy,4290,3658959723,2645528,2645856,328,completed,-12
Greedy,4291,3658959723,2645728,2645959,231,completed,-12
Greedy,4292,3658959723,2645928,2646066,138,completed,-12
Greedy,4293,3658959723,2646128,2646264,136,completed,-12
Greedy,4294,3658959723,2646328,2646464,136,completed,-12
Greedy,4295,3658959723,2646529,2646859,330,completed,-12
Greedy,4296,3658959723,2646729,2646962,233,completed,-12
Greedy,4297,3658959723,2646929,2647068,139,completed,-12
Greedy,4298,3658959723,2647129,2647266,137,completed,-12
Greedy,4299,3658959723,2647329,2647465,136,completed,-12
Greedy,4275,3658959723,2647519,2647680,161,completed,-12
Greedy,4300,3658959723,2647529,2647860,331,completed,-12
Greedy,4301,3658959723,2647730,2647969,239,completed,-12
Greedy,4276,3658959723,2647732,2648071,339,completed,-12
Greedy,4302,3658959723,2647930,2648174,244,completed,-12
Greedy,4303,3658959723,2648130,2648276,146,completed,-12
Greedy,4304,3658959723,2648330,2648468,138,completed,-12
Greedy,4305,3658959723,2648530,2648668,138,completed,-12
Greedy,4306,3658959723,2648736,2648889,153,completed,-12
Greedy,4307,3658959723,2648936,2649074,138,completed,-12
Greedy,4308,3658959723,2649136,2649274,138,completed,-12
Greedy,4309,3658959723,2649336,2649472,136,completed,-12
Greedy,4310,3658959723,2649536,2649672,136,completed,-12
Greedy,4311,3658959723,2649736,2649874,138,completed,-12
Greedy,4312,3658959723,2649936,2650074,138,completed,-12
Greedy,4313,3658959723,2650136,2650273,137,completed,-12
Greedy,4314,3658959723,2650336,2650473,137,completed,-12
Greedy,4315,3658959723,2650536,2650867,331,completed,-12
Greedy,4316,3658959723,2650736,2650976,240,completed,-12
Greedy,4317,3658959723,2650936,2651079,143,completed,-12
Greedy,4318,3658959723,2651136,2651275,139,completed,-11
Greedy,4319,3658959723,2651336,2651472,136,completed,-11
Greedy,4320,3658959723,2651536,2651672,136,completed,-11
Greedy,4321,3658959723,2651738,2651878,140,completed,-11
Greedy,4322,3658959723,2651938,2652075,137,completed,-11
Greedy,4323,3658959723,2652138,2652274,136,completed,-11
Greedy,4324,3658959723,2652338,2652474,136,completed,-11
Greedy,4325,3658959723,2652538,2652870,332,completed,-11
Greedy,4326,3658959723,2652738,2652975,237,completed,-11
Greedy,4327,3658959723,2652938,2653078,140,completed,-11
Greedy,4328,3658959723,2653138,2653275,137,completed,-11
Greedy,4329,3658959723,2653338,2653474,136,completed,-11
Greedy,4330,3658959723,2653538,2653676,138,completed,-11
Greedy,4331,3658959723,2653740,2653879,139,completed,-11
Greedy,4332,3658959723,2653940,2654076,136,completed,-11
Greedy,4333,3658959723,2654140,2654277,137,completed,-11
Greedy,4334,3658959723,2654340,2654477,137,completed,-11
Greedy,4335,3658959723,2654540,2654872,332,completed,-11
Greedy,4336,3658959723,2654740,2654977,237,completed,-11
Greedy,4337,3658959723,2654940,2655080,140,completed,-11
Greedy,4338,3658959723,2655140,2655276,136,completed,-12
Greedy,4339,3658959723,2655340,2655477,137,completed,-12
Greedy,4340,3658959723,2655540,2655677,137,completed,-12
Greedy,4341,3658959723,2655740,2658065,2325,completed,-11
Greedy,4342,3658959723,2657940,2658298,358,completed,-11
Greedy,4343,3658959723,2658146,2658846,700,completed,-11
Greedy,4352,3037662008,2660146,2660273,127,completed,-30
Greedy,4344,3658959723,2658346,2658948,602,completed,-11
Greedy,4345,3658959723,2658546,2659273,727,completed,-11
Greedy,4346,3658959723,2658746,2659374,628,completed,-11
Greedy,4347,3658959723,2659142,2659619,477,completed,-11
Greedy,4348,3658959723,2659342,2659871,529,completed,-11
Greedy,4349,3658959723,2659542,2659973,431,completed,-11
Greedy,4350,3658959723,2659742,2660276,534,completed,-11
Greedy,4351,3658959723,2659942,2660377,435,completed,-11
Greedy,4353,3658959723,2660346,2660485,139,completed,-11
Greedy,4354,3658959723,2660546,2660684,138,completed,-11
Greedy,4355,3658959723,2660746,2660886,140,completed,-11
Greedy,4356,3658959723,2660946,2661277,331,completed,-11
Greedy,4357,3658959723,2661147,2661379,232,completed,-11
Greedy,4358,3658959723,2661347,2661486,139,completed,-11
Greedy,4359,3658959723,2661547,2661685,138,completed,-11
Greedy,4360,3658959723,2661747,2661885,138,completed,-11
Greedy,4361,3658959723,2661947,2662278,331,completed,-11
Greedy,4362,3658959723,2662148,2662388,240,completed,-11
Greedy,4363,3658959723,2662348,2662491,143,completed,-11
Greedy,4364,3658959723,2662548,2662684,136,completed,-11
Greedy,4365,3658959723,2662748,2662885,137,completed,-11
Greedy,4366,3658959723,2662948,2663280,332,completed,-11
Greedy,4367,3658959723,2663149,2663496,347,completed,-11
Greedy,4368,3658959723,2663349,2663599,250,completed,-11
Greedy,4369,3658959723,2663549,2663701,152,completed,-11
Greedy,4370,3658959723,2663749,2663885,136,completed,-11
Greedy,4371,3658959723,2663949,2664320,371,completed,-11
Greedy,4372,3658959723,2664149,2664423,274,completed,-11
Greedy,4373,3658959723,2664349,2664526,177,completed,-11
Greedy,4374,3658959723,2664549,2664686,137,completed,-11
Greedy,4375,3658959723,2664749,2664892,143,completed,-11
Greedy,4376,3658959723,2664949,2665087,138,completed,-11
Greedy,4377,3658959723,2665151,2665291,140,completed,-11
Greedy,4378,3658959723,2665351,2665488,137,completed,-11
Greedy,4379,3658959723,2665551,2665688,137,completed,-11
Greedy,4380,3658959723,2665751,2665887,136,completed,-11
Greedy,4381,3658959723,2665951,2666088,137,completed,-11
Greedy,4382,3658959723,2666153,2666291,138,completed,-11
Greedy,4383,3658959723,2666353,2666490,137,completed,-11
Greedy,4384,3658959723,2666553,2666690,137,completed,-11
Greedy,4385,3658959723,2666753,2666890,137,completed,-11
Greedy,4386,3658959723,2666953,2667090,137,completed,-11
Greedy,4387,3658959723,2667158,2667295,137,completed,-11
Greedy,4388,3658959723,2667358,2667495,137,completed,-11
Greedy,4389,3658959723,2667558,2667694,136,completed,-11
Greedy,4390,3658959723,2667758,2667896,138,completed,-11
Greedy,4391,3658959723,2668149,2668287,138,completed,-11
Greedy,4392,3658959723,2668349,2668486,137,completed,-11
Greedy,4393,3658959723,2668549,2668686,137,completed,-11
Greedy,4394,3658959723,2668749,2668886,137,completed,-11
Greedy,4395,3658959723,2668949,2669086,137,completed,-11
Greedy,4396,3658959723,2669159,2669296,137,completed,-11
Greedy,4397,3658959723,2669359,2669496,137,completed,-11
Greedy,4398,3658959723,2669559,2669696,137,completed,-11
Greedy,4399,3658959723,2669759,2669896,137,completed,-11
Greedy,4400,3658959723,2669959,2670288,329,completed,-11
Greedy,4401,3658959723,2670159,2670396,237,completed,-11
Greedy,4402,3658959723,2670359,2670498,139,completed,-11
Greedy,4403,3658959723,2670559,2670697,138,completed,-11
Greedy,4404,3658959723,2670759,2670896,137,completed,-11
Greedy,4405,3658959723,2670959,2671289,330,completed,-11
Greedy,4406,3658959723,2671160,2671398,238,completed,-11
Greedy,4407,3658959723,2671360,2671501,141,completed,-11
Greedy,4408,3658959723,2671560,2671698,138,completed,-11
Greedy,4409,3658959723,2671760,2671896,136,completed,-11
Greedy,4410,3658959723,2671960,2672293,333,completed,-11
Greedy,4411,3658959723,2672160,2672402,242,completed,-11
Greedy,4412,3658959723,2672360,2672512,152,completed,-11
Greedy,4413,3658959723,2672560,2672697,137,completed,-11
Greedy,4414,3658959723,2672760,2672896,136,completed,-11
Greedy,4415,3658959723,2672960,2673096,136,completed,-11
Greedy,4416,3658959723,2673162,2673302,140,completed,-12
Greedy,4417,3658959723,2675364,2675723,359,completed,-23
Greedy,4418,3658959723,2675566,2675825,259,completed,-23
Greedy,4419,3658959723,2675766,2676068,302,completed,-23
Greedy,4420,3658959723,2675966,2676320,354,completed,-23
Greedy,4421,3658959723,2676166,2676422,256,completed,-23
Greedy,4422,3658959723,2676366,2676697,331,completed,-23
Greedy,4423,3658959723,2676572,2676800,228,completed,-23
Greedy,4424,3658959723,2676772,2676910,138,completed,-23
Greedy,4425,3658959723,2676972,2677110,138,completed,-23
Greedy,4426,3658959723,2677172,2677310,138,completed,-11
Greedy,4427,3658959723,2677569,2677706,137,completed,-11
Greedy,4428,3658959723,2677769,2677906,137,completed,-11
Greedy,4429,3658959723,2677969,2678106,137,completed,-11
Greedy,4430,3658959723,2678169,2678306,137,completed,-11
Greedy,4431,3658959723,2678369,2678505,136,completed,-11
Greedy,4432,3658959723,2678576,2678714,138,completed,-11
Greedy,4433,3658959723,2678776,2678913,137,completed,-11
Greedy,4434,3658959723,2678976,2679114,138,completed,-11
Greedy,4435,3658959723,2679176,2679313,137,completed,-11
Greedy,4436,3658959723,2679573,2679711,138,completed,-11
Greedy,4437,3658959723,2679773,2679910,137,completed,-11
Greedy,4438,3658959723,2679973,2680110,137,completed,-11
Greedy,4439,3658959723,2680173,2680310,137,completed,-11
Greedy,4440,3658959723,2680373,2680703,330,completed,-11
Greedy,4441,3658959723,2680576,2680806,230,completed,-11
Greedy,4442,3658959723,2680776,2680914,138,completed,-11
Greedy,4443,3658959723,2680976,2681113,137,completed,-11
Greedy,4444,3658959723,2681176,2681314,138,completed,-11
Greedy,4445,3658959723,2681376,2681706,330,completed,-11
Greedy,4446,3658959723,2681578,2681815,237,completed,-11
Greedy,4447,3658959723,2681778,2681918,140,completed,-11
Greedy,4448,3658959723,2681978,2682116,138,completed,-11
Greedy,4449,3658959723,2682178,2682318,140,completed,-11
Greedy,4450,3658959723,2682378,2682708,330,completed,-11
Greedy,4451,3658959723,2682580,2682817,237,completed,-11
Greedy,4452,3658959723,2682780,2682920,140,completed,-11
Greedy,4453,3658959723,2682980,2683118,138,completed,-11
Greedy,4454,3658959723,2683180,2683316,136,completed,-12
Greedy,4455,3658959723,2683380,2683710,330,completed,-12
Greedy,4456,3658959723,2683583,2683819,236,completed,-12
Greedy,4457,3658959723,2683783,2683929,146,completed,-12
Greedy,4458,3658959723,2683983,2684120,137,completed,-12
Greedy,4459,3658959723,2684183,2684320,137,completed,-12
Greedy,4460,3658959723,2684581,2684718,137,completed,-12
Greedy,4461,3658959723,2684781,2684918,137,completed,-12
Greedy,4462,3658959723,2684981,2685119,138,completed,-12
Greedy,4463,3658959723,2685181,2685318,137,completed,-11
Greedy,4464,3658959723,2685381,2685742,361,completed,-11
Greedy,4465,3658959723,2685583,2685850,267,completed,-11
Greedy,4466,3658959723,2685783,2685960,177,completed,-11
Greedy,4467,3658959723,2685983,2686120,137,completed,-11
Greedy,4468,3658959723,2686183,2686321,138,completed,-11
Greedy,4469,3658959723,2686383,2686713,330,completed,-11
Greedy,4470,3658959723,2686585,2686816,231,completed,-11
Greedy,4471,3658959723,2686785,2686924,139,completed,-11
Greedy,4472,3658959723,2686985,2687122,137,completed,-11
Greedy,4473,3658959723,2687185,2687322,137,completed,-12
Greedy,4474,3658959723,2687385,2687718,333,completed,-12
Greedy,4475,3658959723,2687587,2687820,233,completed,-12
Greedy,4476,3658959723,2687787,2687927,140,completed,-12
Greedy,4477,3658959723,2687987,2688124,137,completed,-12
Greedy,4478,3658959723,2688187,2688324,137,completed,-12
Greedy,4479,3658959723,2688586,2688724,138,completed,-12
Greedy,4480,3658959723,2688786,2688924,138,completed,-12
Greedy,4481,3658959723,2688986,2689123,137,completed,-12
Greedy,4482,3658959723,2689186,2689323,137,completed,-12
Greedy,4483,3658959723,2689386,2689716,330,completed,-12
Greedy,4484,3658959723,2689589,2689855,266,completed,-12
Greedy,4485,3658959723,2689789,2689958,169,completed,-12
Greedy,4486,3658959723,2689989,2690126,137,completed,-12
Greedy,4487,3658959723,2690189,2690326,137,completed,-12
Greedy,4488,3658959723,2690389,2690721,332,completed,-12
Greedy,4489,3658959723,2690595,2692937,2342,completed,-12
Greedy,4490,3658959723,2692815,2693224,409,completed,-11
Greedy,4493,3037662008,2693416,2693540,124,completed,-28
Greedy,4491,3658959723,2693016,2693504,488,completed,-11
Greedy,4492,3658959723,2693216,2693606,390,completed,-11
Greedy,4494,3037662008,2693616,2693741,125,completed,-28
Greedy,4495,3037662008,2693816,2693940,124,completed,-28
Greedy,4496,3037662008,2694019,2694146,127,completed,-28
Greedy,4497,3037662008,2694219,2694344,125,completed,-28
Greedy,4498,3037662008,2694419,2694544,125,completed,-28
Greedy,4499,3037662008,2694619,2694743,124,completed,-28
Greedy,4500,3037662008,2694819,2695136,317,completed,-27
Greedy,4501,3037662008,2695019,2695248,229,completed,-27
Greedy,4502,3658959723,2695219,2695356,137,completed,-11
Greedy,4503,3658959723,2695419,2695560,141,completed,-11
Greedy,4504,3658959723,2695619,2695756,137,completed,-11
Greedy,4505,3658959723,2695819,2695956,137,completed,-11
Greedy,4506,3658959723,2696020,2696158,138,completed,-11
Greedy,4507,3658959723,2696220,2696358,138,completed,-11
Greedy,4508,3658959723,2696420,2696557,137,completed,-11
Greedy,4509,3658959723,2696620,2696757,137,completed,-11
Greedy,4510,3658959723,2696820,2696957,137,completed,-11
Greedy,4512,3037662008,2697222,2697347,125,completed,-27
Greedy,4511,3658959723,2697022,2697166,144,completed,-13
Greedy,4513,3037662008,2697422,2697547,125,completed,-27
Greedy,4514,3037662008,2697622,2697747,125,completed,-27
Greedy,4515,3037662008,2697822,2697948,126,completed,-27
Greedy,4516,3037662008,2698022,2698147,125,completed,-27
Greedy,4517,3037662008,2698222,2698347,125,completed,-27
Greedy,4518,3037662008,2698422,2698546,124,completed,-27
Greedy,4519,3037662008,2698622,2698747,125,completed,-27
Greedy,4520,3037662008,2698822,2698948,126,completed,-27
Greedy,4521,3037662008,2699025,2699244,219,completed,-28
Greedy,4522,3658959723,2699225,2699363,138,completed,-11
Greedy,4523,3658959723,2699425,2699562,137,completed,-11
Greedy,4524,3658959723,2699625,2699762,137,completed,-11
Greedy,4525,3658959723,2699825,2699962,137,completed,-11
Greedy,4526,3658959723,2700026,2700165,139,completed,-11
Greedy,4527,3658959723,2700226,2700364,138,completed,-11
Greedy,4528,3658959723,2700426,2700564,138,completed,-11
Greedy,4529,3658959723,2700626,2700763,137,completed,-11
Greedy,4530,3658959723,2700827,2701160,333,completed,-12
Greedy,4531,3658959723,2701027,2701263,236,completed,-12
Greedy,4532,3037662008,2701227,2701352,125,completed,-30
Greedy,4533,3037662008,2701427,2701552,125,completed,-30
Greedy,4534,3037662008,2701627,2701752,125,completed,-30
Greedy,4535,3037662008,2701827,2701952,125,completed,-30
Greedy,4536,3037662008,2702029,2702155,126,completed,-30
Greedy,4537,3037662008,2702229,2702354,125,completed,-30
Greedy,4538,3037662008,2702429,2702553,124,completed,-30
Greedy,4539,3037662008,2702629,2702763,134,completed,-30
Greedy,4540,3037662008,2702829,2703171,342,completed,-29
Greedy,4541,3037662008,2703029,2703274,245,completed,-29
Greedy,4542,3658959723,2703229,2703367,138,completed,-11
Greedy,4543,3658959723,2703429,2703566,137,completed,-11
Greedy,4544,3658959723,2703629,2703765,136,completed,-11
Greedy,4545,3658959723,2703829,2703967,138,completed,-11
Greedy,4546,3658959723,2704031,2704169,138,completed,-11
Greedy,4547,3658959723,2704231,2704368,137,completed,-11
Greedy,4548,3658959723,2704431,2704568,137,completed,-11
Greedy,4549,3658959723,2704631,2704768,137,completed,-11
Greedy,4550,3658959723,2704831,2704968,137,completed,-11
Greedy,4551,3658959723,2705033,2705171,138,completed,-12
Greedy,4552,3037662008,2705233,2705359,126,completed,-29
Greedy,4553,3037662008,2705433,2705559,126,completed,-29
Greedy,4554,3037662008,2705633,2705757,124,completed,-29
Greedy,4555,3037662008,2705833,2705957,124,completed,-29
Greedy,4556,3037662008,2706033,2706160,127,completed,-29
Greedy,4557,3037662008,2706233,2706358,125,completed,-29
Greedy,4558,3037662008,2706433,2706559,126,completed,-29
Greedy,4559,3037662008,2706633,2706757,124,completed,-29
Greedy,4560,3037662008,2706833,2707153,320,completed,-31
Greedy,4562,3658959723,2707233,2707370,137,completed,-11
Greedy,4561,3037662008,2707033,2707255,222,completed,-31
Greedy,4563,3658959723,2707433,2707571,138,completed,-11
Greedy,4564,3658959723,2707633,2707770,137,completed,-11
Greedy,4565,3658959723,2707833,2707970,137,completed,-11
Greedy,4566,3658959723,2710232,2710563,331,completed,-11
Greedy,4567,3658959723,2710433,2710672,239,completed,-11
Greedy,4568,3658959723,2710633,2710775,142,completed,-11
Greedy,4569,3658959723,2710833,2710970,137,completed,-11
Greedy,4570,3658959723,2711033,2711170,137,completed,-11
Greedy,4571,3658959723,2711233,2711370,137,completed,-11
Greedy,4572,3658959723,2711440,2711580,140,completed,-11
Greedy,4573,3037662008,2711640,2711766,126,completed,-24
Greedy,4574,3037662008,2711840,2711964,124,completed,-24
Greedy,4575,3037662008,2712040,2712164,124,completed,-24
Greedy,4576,3037662008,2712440,2712620,180,completed,-24
Greedy,4577,3037662008,2712640,2712765,125,completed,-24
Greedy,4578,3037662008,2712840,2712965,125,completed,-24
Greedy,4579,3037662008,2713040,2713165,125,completed,-31
Greedy,4580,3658959723,2713430,2713568,138,completed,-10
Greedy,4581,3658959723,2713630,2713767,137,completed,-10
Greedy,4582,3658959723,2713830,2713967,137,completed,-10
Greedy,4583,3658959723,2714030,2714168,138,completed,-10
Greedy,4584,3658959723,2714230,2714367,137,completed,-10
Greedy,4585,3658959723,2714446,2714765,319,completed,-10
Greedy,4586,3658959723,2714646,2714874,228,completed,-10
Greedy,4587,3658959723,2714846,2714985,139,completed,-10
Greedy,4588,3658959723,2715046,2715183,137,completed,-10
Greedy,4589,3037662008,2715440,2715566,126,completed,-29
Greedy,4590,3037662008,2715640,2715766,126,completed,-29
Greedy,4591,3037662008,2715840,2715965,125,completed,-29
Greedy,4592,3037662008,2716040,2716164,124,completed,-29
Greedy,4593,3037662008,2716241,2716572,331,completed,-29
Greedy,4594,3037662008,2716445,2716682,237,completed,-29
Greedy,4595,3037662008,2716645,2716785,140,completed,-29
Greedy,SUMMARY,ALL,0,0,120000,batch_complete,0
----------------,---,---,---,---,---,----------------,---
Greedy,4596,3658959723,2727876,2728013,137,completed,-11
Greedy,4597,3658959723,2728076,2728265,189,completed,-11
Greedy,4598,3658959723,2728276,2728539,263,completed,-11
Greedy,4599,3658959723,2728476,2728977,501,completed,-11
Greedy,4600,3658959723,2728843,2729092,249,completed,-11
Greedy,4603,3037662008,2729443,2729569,126,completed,-25
Greedy,4601,3658959723,2729043,2729193,150,completed,-12
Greedy,4604,3037662008,2729643,2729768,125,completed,-25
Greedy,4605,3037662008,2729851,2730069,218,completed,-25
Greedy,4602,3658959723,2729243,2729381,138,completed,-12
Greedy,4606,3037662008,2730051,2730178,127,completed,-25
Greedy,4607,3037662008,2730251,2730377,126,completed,-25
Greedy,4608,3037662008,2730451,2730576,125,completed,-25
Greedy,4609,3037662008,2730651,2730968,317,completed,-25
Greedy,4610,3037662008,2730851,2731077,226,completed,-25
Greedy,4612,3658959723,2731251,2731388,137,completed,-11
Greedy,4611,3037662008,2731051,2731180,129,completed,-29
Greedy,4613,3658959723,2731451,2731589,138,completed,-11
Greedy,4614,3658959723,2731652,2731982,330,completed,-11
Greedy,4615,3658959723,2731852,2732091,239,completed,-11
Greedy,4616,3658959723,2732052,2732194,142,completed,-11
Greedy,4617,3658959723,2732252,2732390,138,completed,-11
Greedy,4618,3658959723,2732452,2732589,137,completed,-11
Greedy,4619,3658959723,2732652,2732807,155,completed,-11
Greedy,4620,3658959723,2732853,2732991,138,completed,-11
Greedy,4621,3658959723,2733053,2733190,137,completed,-10
Greedy,4622,3037662008,2733253,2733377,124,completed,-26
Greedy,4623,3037662008,2733453,2733578,125,completed,-26
Greedy,4624,3037662008,2733653,2733971,318,completed,-26
Greedy,4625,3037662008,2733853,2734080,227,completed,-26
Greedy,4626,3037662008,2734053,2734183,130,completed,-26
Greedy,4627,3037662008,2734253,2734378,125,completed,-26
Greedy,4628,3037662008,2734453,2734577,124,completed,-26
Greedy,4632,3658959723,2735253,2735390,137,completed,-9
Greedy,4633,3658959723,2735453,2735590,137,completed,-9
Greedy,4634,3658959723,2735653,2735986,333,completed,-9
Greedy,4635,3658959723,2735853,2736096,243,completed,-9
Greedy,4636,3658959723,2736053,2736199,146,completed,-9
Greedy,4637,3658959723,2736253,2736390,137,completed,-9
Greedy,4638,3658959723,2736453,2736590,137,completed,-9
Greedy,4639,3658959723,2736653,2736790,137,completed,-9
Greedy,4640,3658959723,2736856,2736995,139,completed,-9
Greedy,4629,3037662008,2734653,2734778,125,completed,-26
Greedy,4641,3658959723,2737056,2737193,137,completed,-11
Greedy,4630,3037662008,2734853,2736254,1401,completed,-26
Greedy,4631,3037662008,2735053,2736356,1303,completed,-26
Greedy,4642,3037662008,2737256,2737382,126,completed,-25
Greedy,4643,3037662008,2737456,2737582,126,completed,-25
Greedy,4644,3037662008,2737656,2737783,127,completed,-25
Greedy,4645,3037662008,2737862,2737990,128,completed,-25
Greedy,4646,3037662008,2738062,2738187,125,completed,-25
Greedy,4647,3037662008,2738262,2738388,126,completed,-25
Greedy,4648,3037662008,2738462,2738586,124,completed,-25
Greedy,4649,3037662008,2738662,2738787,125,completed,-25
Greedy,4650,3037662008,2738863,2738990,127,completed,-25
Greedy,4651,3037662008,2739063,2739188,125,completed,-27
Greedy,4652,3658959723,2739263,2739400,137,completed,-10
Greedy,4653,3658959723,2739463,2739600,137,completed,-10
Greedy,4654,3658959723,2739663,2740040,377,completed,-10
Greedy,4655,3658959723,2739863,2740143,280,completed,-10
Greedy,4656,3658959723,2740063,2740246,183,completed,-10
Greedy,4657,3658959723,2740263,2740400,137,completed,-10
Greedy,4658,3658959723,2740463,2740600,137,completed,-10
Greedy,4659,3658959723,2740663,2740801,138,completed,-10
Greedy,4660,3658959723,2740864,2741004,140,completed,-10
Greedy,4662,3037662008,2741264,2741389,125,completed,-25
Greedy,4661,3658959723,2741064,2741201,137,completed,-11
Greedy,4663,3037662008,2741464,2741589,125,completed,-25
Greedy,4664,3037662008,2741664,2741985,321,completed,-25
Greedy,4665,3037662008,2741864,2742095,231,completed,-25
Greedy,4666,3037662008,2742064,2742198,134,completed,-25
Greedy,4667,3037662008,2742264,2742391,127,completed,-25
Greedy,4668,3037662008,2742464,2742589,125,completed,-25
Greedy,4669,3037662008,2742664,2742791,127,completed,-25
Greedy,4670,3037662008,2742867,2742994,127,completed,-25
Greedy,4671,3658959723,2745071,2745431,360,completed,-11
Greedy,4672,3658959723,2745276,2745540,264,completed,-11
Greedy,4673,3658959723,2745477,2745642,165,completed,-11
Greedy,4674,3658959723,2745677,2745815,138,completed,-11
Greedy,4675,3658959723,2745877,2746014,137,completed,-11
Greedy,4676,3658959723,2746266,2746404,138,completed,-11
Greedy,4677,3658959723,2746466,2746604,138,completed,-11
Greedy,4678,3658959723,2746666,2746803,137,completed,-11
Greedy,4679,3658959723,2746866,2747003,137,completed,-11
Greedy,4680,3658959723,2747066,2747203,137,completed,-11
Greedy,4681,3037662008,2747277,2747411,134,completed,-26
Greedy,4682,3037662008,2747477,2747604,127,completed,-26
Greedy,4683,3037662008,2747677,2747803,126,completed,-26
Greedy,4684,3037662008,2747877,2748002,125,completed,-26
Greedy,4685,3037662008,2748077,2748394,317,completed,-26
Greedy,4686,3037662008,2748277,2748503,226,completed,-26
Greedy,4687,3037662008,2748477,2748612,135,completed,-26
Greedy,4688,3037662008,2748677,2748803,126,completed,-26
Greedy,4689,3037662008,2748877,2749002,125,completed,-26
Greedy,4690,3037662008,2749078,2749401,323,completed,-30
Greedy,4691,3658959723,2749281,2749419,138,completed,-11
Greedy,4692,3658959723,2749481,2749619,138,completed,-11
Greedy,4693,3658959723,2749681,2749818,137,completed,-11
Greedy,4694,3658959723,2749881,2750018,137,completed,-11
Greedy,4695,3658959723,2750081,2750411,330,completed,-11
Greedy,4696,3658959723,2750281,2750521,240,completed,-11
Greedy,4697,3658959723,2750481,2750624,143,completed,-11
Greedy,4698,3658959723,2750681,2750818,137,completed,-11
Greedy,4699,3658959723,2750881,2751018,137,completed,-11
Greedy,4700,3658959723,2751081,2751414,333,completed,-12
Greedy,4701,3658959723,2751284,2751517,233,completed,-12
Greedy,4702,3658959723,2751484,2751624,140,completed,-12
Greedy,4703,3658959723,2751684,2751821,137,completed,-12
Greedy,4704,3658959723,2751884,2752021,137,completed,-12
Greedy,4705,3658959723,2752084,2752414,330,completed,-12
Greedy,4706,3658959723,2752284,2752517,233,completed,-12
Greedy,4707,3658959723,2752484,2752656,172,completed,-12
Greedy,4708,3658959723,2752684,2752825,141,completed,-12
Greedy,4709,3658959723,2752884,2753023,139,completed,-12
Greedy,4710,3658959723,2753084,2753221,137,completed,-12
Greedy,4711,3037662008,2753292,2753442,150,completed,-26
Greedy,4712,3037662008,2753492,2753617,125,completed,-26
Greedy,4713,3037662008,2753692,2753817,125,completed,-26
Greedy,4714,3037662008,2753892,2754018,126,completed,-26
Greedy,4715,3037662008,2754280,2754406,126,completed,-26
Greedy,4716,3037662008,2754480,2754606,126,completed,-26
Greedy,4717,3037662008,2754680,2754805,125,completed,-26
Greedy,4718,3037662008,2754880,2755004,124,completed,-26
Greedy,4719,3037662008,2755081,2755209,128,completed,-29
Greedy,4720,3658959723,2755287,2755424,137,completed,-11
Greedy,4721,3658959723,2755487,2755624,137,completed,-11
Greedy,4722,3658959723,2755687,2755825,138,completed,-11
Greedy,4723,3658959723,2755887,2756024,137,completed,-11
Greedy,4724,3658959723,2756087,2756229,142,completed,-11
Greedy,4725,3658959723,2756287,2756426,139,completed,-11
Greedy,4726,3658959723,2756487,2756630,143,completed,-11
Greedy,4727,3658959723,2756687,2756826,139,completed,-11
Greedy,4728,3658959723,2756887,2757024,137,completed,-11
Greedy,4729,3658959723,2757087,2757420,333,completed,-11
Greedy,4730,3658959723,2757290,2757529,239,completed,-11
Greedy,4731,3658959723,2757490,2757632,142,completed,-11
Greedy,4732,3658959723,2757690,2757833,143,completed,-11
Greedy,4733,3658959723,2757890,2758027,137,completed,-11
Greedy,4734,3658959723,2758090,2758428,338,completed,-11
Greedy,4735,3658959723,2758290,2758581,291,completed,-11
Greedy,4736,3658959723,2758490,2758684,194,completed,-11
Greedy,4737,3658959723,2758690,2758834,144,completed,-11
Greedy,4738,3658959723,2758890,2759028,138,completed,-11
Greedy,4739,3658959723,2759090,2759424,334,completed,-11
Greedy,4740,3658959723,2759292,2759530,238,completed,-11
Greedy,4741,3658959723,2759492,2759633,141,completed,-11
Greedy,4742,3658959723,2759692,2759829,137,completed,-11
Greedy,4743,3658959723,2759892,2760029,137,completed,-11
Greedy,4744,3658959723,2760092,2760423,331,completed,-11
Greedy,4745,3658959723,2762489,2762821,332,completed,-11
Greedy,4746,3658959723,2762691,2762937,246,completed,-11
Greedy,4747,3658959723,2762891,2763040,149,completed,-11
Greedy,4748,3658959723,2763091,2763229,138,completed,-12
Greedy,4749,3658959723,2763291,2763429,138,completed,-12
Greedy,4750,3658959723,2763491,2763821,330,completed,-12
Greedy,4751,3658959723,2763691,2763930,239,completed,-12
Greedy,4752,3658959723,2763891,2764039,148,completed,-12
Greedy,4753,3658959723,2764091,2764228,137,completed,-12
Greedy,4754,3658959723,2764291,2764429,138,completed,-12
Greedy,4755,3658959723,2764491,2764629,138,completed,-12
Greedy,4756,3658959723,2764694,2764865,171,completed,-12
Greedy,4757,3658959723,2764894,2765031,137,completed,-12
Greedy,4758,3658959723,2765094,2765233,139,completed,-12
Greedy,4759,3658959723,2765294,2765432,138,completed,-12
Greedy,4760,3658959723,2765494,2765824,330,completed,-12
Greedy,4761,3658959723,2765694,2765926,232,completed,-12
Greedy,4762,3658959723,2765894,2766032,138,completed,-12
Greedy,4763,3658959723,2766094,2766233,139,completed,-12
Greedy,4764,3658959723,2766294,2766431,137,completed,-12
Greedy,4765,3658959723,2766494,2766640,146,completed,-12
Greedy,4766,3658959723,2766698,2766987,289,completed,-12
Greedy,4767,3658959723,2766898,2767097,199,completed,-12
Greedy,4768,3658959723,2767098,2767236,138,completed,-11
Greedy,4769,3658959723,2767298,2767435,137,completed,-11
Greedy,4770,3658959723,2767498,2767827,329,completed,-11
Greedy,4771,3658959723,2767698,2767939,241,completed,-11
Greedy,4772,3658959723,2767898,2768042,144,completed,-11
Greedy,4773,3658959723,2768098,2768235,137,completed,-11
Greedy,4774,3658959723,2768298,2768435,137,completed,-11
Greedy,4775,3658959723,2768500,2768831,331,completed,-11
Greedy,4776,3658959723,2768700,2768941,241,completed,-11
Greedy,4777,3658959723,2768900,2769043,143,completed,-11
Greedy,4778,3658959723,2769100,2769237,137,completed,-11
Greedy,4779,3658959723,2769300,2769437,137,completed,-11
Greedy,4780,3658959723,2769500,2769637,137,completed,-11
Greedy,4781,3658959723,2769700,2769840,140,completed,-11
Greedy,4782,3658959723,2769900,2770038,138,completed,-11
Greedy,4783,3658959723,2770100,2770238,138,completed,-11
Greedy,4784,3658959723,2770300,2770437,137,completed,-11
Greedy,4785,3658959723,2770501,2770866,365,completed,-11
Greedy,4786,3658959723,2770701,2770969,268,completed,-11
Greedy,4787,3658959723,2770901,2771072,171,completed,-11
Greedy,4788,3658959723,2771101,2771238,137,completed,-11
Greedy,4789,3658959723,2771301,2771438,137,completed,-11
Greedy,4790,3658959723,2771501,2771639,138,completed,-11
Greedy,4791,3658959723,2771702,2771842,140,completed,-11
Greedy,4792,3658959723,2771902,2772040,138,completed,-11
Greedy,4793,3658959723,2772102,2772240,138,completed,-11
Greedy,4794,3658959723,2772302,2772439,137,completed,-11
Greedy,4795,3658959723,2772502,2772640,138,completed,-11
Greedy,4796,3658959723,2772703,2772844,141,completed,-11
Greedy,4797,3658959723,2772903,2773040,137,completed,-11
Greedy,4798,3658959723,2773103,2773240,137,completed,-11
Greedy,4799,3658959723,2773303,2773441,138,completed,-11
Greedy,4800,3658959723,2773503,2773640,137,completed,-11
Greedy,4801,3658959723,2773704,2773843,139,completed,-11
Greedy,4802,3658959723,2773904,2774041,137,completed,-11
Greedy,4803,3658959723,2774104,2774241,137,completed,-11
Greedy,4804,3658959723,2774304,2774442,138,completed,-11
Greedy,4805,3658959723,2774504,2774836,332,completed,-11
Greedy,4806,3658959723,2774704,2774945,241,completed,-11
Greedy,4807,3658959723,2774904,2775054,150,completed,-11
Greedy,4808,3658959723,2775104,2775243,139,completed,-11
Greedy,4809,3658959723,2775304,2775441,137,completed,-11
Greedy,4810,3658959723,2775504,2775641,137,completed,-11
Greedy,4811,3658959723,2775707,2775845,138,completed,-11
Greedy,4812,3658959723,2775907,2776045,138,completed,-11
Greedy,4813,3658959723,2776107,2776245,138,completed,-11
Greedy,4814,3658959723,2776307,2776444,137,completed,-11
Greedy,4815,3658959723,2776507,2776838,331,completed,-11
Greedy,4816,3658959723,2776707,2776940,233,completed,-11
Greedy,4817,3658959723,2776907,2777047,140,completed,-11
Greedy,4818,3658959723,2777107,2777245,138,completed,-12
Greedy,4819,3658959723,2777307,2777444,137,completed,-12
Greedy,4820,3658959723,2777507,2777645,138,completed,-12
Greedy,4821,3658959723,2777710,2777849,139,completed,-12
Greedy,4822,3658959723,2779912,2780244,332,completed,-11
Greedy,4823,3658959723,2780119,2780346,227,completed,-11
Greedy,4824,3658959723,2780319,2780537,218,completed,-11
Greedy,4825,3658959723,2780519,2780811,292,completed,-11
Greedy,4826,3658959723,2780719,2781248,529,completed,-11
Greedy,4827,3658959723,2781110,2781350,240,completed,-11
Greedy,4828,3658959723,2781310,2781451,141,completed,-11
Greedy,4829,3658959723,2781510,2781649,139,completed,-11
Greedy,4830,3658959723,2781710,2781848,138,completed,-11
Greedy,4831,3658959723,2781910,2782050,140,completed,-11
Greedy,4832,3658959723,2782123,2782261,138,completed,-11
Greedy,4833,3658959723,2782323,2782462,139,completed,-11
Greedy,4834,3658959723,2782523,2782660,137,completed,-11
Greedy,4835,3658959723,2782723,2782861,138,completed,-11
Greedy,4836,3658959723,2782923,2783061,138,completed,-11
Greedy,4837,3658959723,2783124,2783264,140,completed,-11
Greedy,4838,3658959723,2783324,2783461,137,completed,-11
Greedy,4839,3658959723,2783524,2783662,138,completed,-11
Greedy,4840,3658959723,2783724,2783862,138,completed,-11
Greedy,4841,3658959723,2783924,2784255,331,completed,-11
Greedy,4842,3658959723,2784124,2784363,239,completed,-11
Greedy,4843,3658959723,2784324,2784466,142,completed,-11
Greedy,4844,3658959723,2784524,2784662,138,completed,-11
Greedy,4845,3658959723,2784724,2784861,137,completed,-11
Greedy,4846,3658959723,2784924,2785061,137,completed,-11
Greedy,4847,3658959723,2785126,2785264,138,completed,-11
Greedy,4848,3658959723,2785326,2785464,138,completed,-11
Greedy,4849,3658959723,2785526,2785664,138,completed,-11
Greedy,4850,3658959723,2785726,2785863,137,completed,-11
Greedy,4851,3658959723,2785926,2786257,331,completed,-11
Greedy,4852,3658959723,2786126,2786365,239,completed,-11
Greedy,4853,3658959723,2786326,2786483,157,completed,-11
Greedy,4854,3658959723,2786526,2786664,138,completed,-11
Greedy,4855,3658959723,2786726,2786864,138,completed,-11
Greedy,4856,3658959723,2786926,2787063,137,completed,-11
Greedy,4857,3658959723,2787128,2787267,139,completed,-12
Greedy,4858,3658959723,2787328,2787466,138,completed,-12
Greedy,4859,3658959723,2787528,2787665,137,completed,-12
Greedy,4860,3658959723,2787728,2787865,137,completed,-12
Greedy,4861,3658959723,2787928,2788065,137,completed,-12
Greedy,4862,3658959723,2788129,2788274,145,completed,-12
Greedy,4863,3658959723,2788329,2788467,138,completed,-12
Greedy,4864,3658959723,2788529,2788666,137,completed,-12
Greedy,4865,3658959723,2788729,2788866,137,completed,-12
Greedy,4866,3658959723,2788929,2789067,138,completed,-12
Greedy,4867,3658959723,2789130,2789271,141,completed,-12
Greedy,4868,3037662008,2789330,2789455,125,completed,-30
Greedy,4869,3037662008,2789530,2789676,146,completed,-30
Greedy,4870,3037662008,2789730,2789856,126,completed,-30
Greedy,4871,3037662008,2789930,2790315,385,completed,-30
Greedy,4872,3037662008,2790130,2790431,301,completed,-30
Greedy,4873,3037662008,2790330,2790546,216,completed,-30
Greedy,4874,3037662008,2790530,2790657,127,completed,-30
Greedy,4875,3037662008,2790730,2790855,125,completed,-30
Greedy,4876,3037662008,2790930,2791055,125,completed,-30
Greedy,4877,3037662008,2791131,2791259,128,completed,-30
Greedy,4878,3658959723,2791331,2791468,137,completed,-11
Greedy,4879,3658959723,2791531,2791669,138,completed,-11
Greedy,4880,3658959723,2791731,2791868,137,completed,-11
Greedy,4881,3658959723,2791931,2792287,356,completed,-11
Greedy,4882,3658959723,2792131,2792390,259,completed,-11
Greedy,4883,3658959723,2792331,2792493,162,completed,-11
Greedy,4884,3658959723,2792531,2792669,138,completed,-11
Greedy,4885,3658959723,2792731,2792868,137,completed,-11
Greedy,4886,3658959723,2792931,2793070,139,completed,-11
Greedy,4887,3658959723,2793133,2793274,141,completed,-11
Greedy,4888,3037662008,2793333,2793459,126,completed,-28
Greedy,4889,3037662008,2793533,2793658,125,completed,-28
Greedy,4890,3037662008,2793733,2793858,125,completed,-28
Greedy,4891,3037662008,2793933,2794253,320,completed,-28
Greedy,4892,3037662008,2794133,2794362,229,completed,-28
Greedy,4893,3037662008,2794333,2794465,132,completed,-28
Greedy,4894,3037662008,2794533,2794658,125,completed,-28
Greedy,4895,3037662008,2794733,2794859,126,completed,-28
Greedy,4896,3037662008,2794933,2795059,126,completed,-28
Greedy,4897,3037662008,2795137,2795265,128,completed,-31
Greedy,4898,3658959723,2797341,2797674,333,completed,-11
Greedy,4899,3658959723,2797544,2798110,566,completed,-11
Greedy,4900,3658959723,2797744,2798387,643,completed,-11
Greedy,4901,3658959723,2797944,2798489,545,completed,-11
Greedy,4902,3658959723,2798144,2798675,531,completed,-11
Greedy,4903,3658959723,2798344,2798935,591,completed,-11
Greedy,4904,3658959723,2798547,2799210,663,completed,-12
Greedy,4910,3037662008,2799953,2800080,127,completed,-30
Greedy,4905,3658959723,2798747,2799464,717,completed,-12
Greedy,4911,3037662008,2800153,2800279,126,completed,-30
Greedy,4906,3658959723,2798947,2799566,619,completed,-12
Greedy,4907,3658959723,2799147,2799667,520,completed,-12
Greedy,4912,3037662008,2800549,2800676,127,completed,-30
Greedy,4908,3658959723,2799553,2799769,216,completed,-12
Greedy,4909,3658959723,2799753,2799892,139,completed,-12
Greedy,4913,3037662008,2800749,2800875,126,completed,-30
Greedy,4914,3037662008,2800949,2801075,126,completed,-30
Greedy,4915,3037662008,2801149,2801274,125,completed,-33
Greedy,4916,3658959723,2801350,2801735,385,completed,-11
Greedy,4917,3658959723,2801552,2801843,291,completed,-11
Greedy,4918,3658959723,2801752,2801957,205,completed,-11
Greedy,4919,3658959723,2801952,2802090,138,completed,-11
Greedy,4920,3658959723,2802152,2802290,138,completed,-11
Greedy,4921,3658959723,2802352,2802684,332,completed,-11
Greedy,4922,3658959723,2802556,2802787,231,completed,-11
Greedy,4923,3658959723,2802756,2802895,139,completed,-11
Greedy,4924,3658959723,2802956,2803094,138,completed,-11
Greedy,4925,3658959723,2803156,2803293,137,completed,-11
Greedy,4926,3037662008,2803356,2803689,333,completed,-29
Greedy,4927,3037662008,2803558,2803799,241,completed,-29
Greedy,4928,3037662008,2803758,2803902,144,completed,-29
Greedy,4929,3037662008,2803958,2804084,126,completed,-29
Greedy,4930,3037662008,2804158,2804284,126,completed,-29
Greedy,4931,3037662008,2804358,2804677,319,completed,-29
Greedy,4932,3037662008,2804562,2804780,218,completed,-29
Greedy,4933,3037662008,2804762,2804889,127,completed,-29
Greedy,4934,3037662008,2804962,2805087,125,completed,-29
Greedy,4935,3037662008,2805162,2805287,125,completed,-30
Greedy,4936,3658959723,2805560,2805711,151,completed,-11
Greedy,4937,3658959723,2805760,2805897,137,completed,-11
Greedy,4938,3658959723,2805960,2806098,138,completed,-11
Greedy,4939,3658959723,2806160,2806297,137,completed,-11
Greedy,4940,3658959723,2806360,2806691,331,completed,-11
Greedy,4941,3658959723,2806564,2806794,230,completed,-11
Greedy,4942,3658959723,2806764,2806904,140,completed,-11
Greedy,4943,3658959723,2806964,2807102,138,completed,-11
Greedy,4944,3658959723,2807164,2807302,138,completed,-12
Greedy,4945,3037662008,2807563,2807688,125,completed,-30
Greedy,4946,3037662008,2807763,2807889,126,completed,-30
Greedy,4947,3037662008,2807963,2808089,126,completed,-30
Greedy,4948,3037662008,2808163,2808288,125,completed,-30
Greedy,4949,3037662008,2808363,2808682,319,completed,-30
Greedy,4950,3037662008,2808566,2808791,225,completed,-30
Greedy,4951,3037662008,2808766,2808918,152,completed,-30
Greedy,4952,3037662008,2808966,2809093,127,completed,-30
Greedy,4953,3037662008,2809166,2809291,125,completed,-33
Greedy,4954,3658959723,2809366,2809698,332,completed,-11
Greedy,4955,3658959723,2809570,2809809,239,completed,-11
Greedy,4956,3658959723,2809770,2809911,141,completed,-11
Greedy,4957,3658959723,2809970,2810108,138,completed,-11
Greedy,4958,3658959723,2810170,2810307,137,completed,-11
Greedy,4959,3658959723,2810569,2810707,138,completed,-11
Greedy,4960,3658959723,2810769,2810908,139,completed,-11
Greedy,4961,3658959723,2810969,2811108,139,completed,-11
Greedy,4962,3658959723,2811169,2811307,138,completed,-11
Greedy,4963,3037662008,2811369,2811738,369,completed,-31
Greedy,4964,3037662008,2811570,2811846,276,completed,-31
Greedy,4965,3037662008,2811770,2811956,186,completed,-31
Greedy,4966,3037662008,2811970,2812096,126,completed,-31
Greedy,4967,3037662008,2812170,2812295,125,completed,-31
Greedy,4968,3037662008,2812370,2812691,321,completed,-31
Greedy,4969,3037662008,2812575,2814897,2322,completed,-35
Greedy,4970,3658959723,2814786,2815419,633,completed,-12
Greedy,4971,3658959723,2814995,2815535,540,completed,-12
Greedy,4972,3658959723,2815195,2815637,442,completed,-12
Greedy,4973,3658959723,2815395,2815740,345,completed,-12
Greedy,4974,3658959723,2815595,2815843,248,completed,-12
Greedy,4975,3658959723,2815986,2816128,142,completed,-12
Greedy,4976,3658959723,2816186,2816324,138,completed,-12
Greedy,4977,3658959723,2816386,2816524,138,completed,-12
Greedy,4978,3658959723,2816586,2816723,137,completed,-12
Greedy,4979,3658959723,2816786,2816924,138,completed,-12
Greedy,4980,3658959723,2816991,2817137,146,completed,-12
Greedy,4981,3658959723,2817191,2817329,138,completed,-11
Greedy,4982,3658959723,2817391,2817529,138,completed,-11
Greedy,4983,3658959723,2817591,2817730,139,completed,-11
Greedy,4984,3658959723,2817791,2818120,329,completed,-11
Greedy,4985,3658959723,2817991,2818229,238,completed,-11
Greedy,4986,3658959723,2818191,2818332,141,completed,-11
Greedy,4987,3658959723,2818391,2818530,139,completed,-11
Greedy,4988,3658959723,2818591,2818732,141,completed,-11
Greedy,4989,3658959723,2818792,2819123,331,completed,-11
Greedy,4990,3658959723,2818992,2819232,240,completed,-12
Greedy,4991,3037662008,2819192,2819318,126,completed,-30
Greedy,4992,3037662008,2819392,2819518,126,completed,-30
Greedy,4993,3037662008,2819592,2819717,125,completed,-30
Greedy,4994,3037662008,2819792,2819918,126,completed,-30
Greedy,4995,3037662008,2819992,2820119,127,completed,-30
Greedy,4996,3037662008,2820192,2820318,126,completed,-30
Greedy,4997,3037662008,2820392,2820518,126,completed,-30
Greedy,4998,3037662008,2820592,2820718,126,completed,-30
Greedy,4999,3037662008,2820794,2821138,344,completed,-30
Greedy,5000,3037662008,2820994,2821247,253,completed,-30
Greedy,5001,3658959723,2821194,2821332,138,completed,-11
Greedy,5002,3658959723,2821394,2821533,139,completed,-11
Greedy,5003,3658959723,2821594,2821732,138,completed,-11
Greedy,5004,3658959723,2821794,2821932,138,completed,-11
Greedy,5005,3658959723,2821995,2822134,139,completed,-11
Greedy,5006,3658959723,2822195,2822333,138,completed,-11
Greedy,5007,3658959723,2822395,2822535,140,completed,-11
Greedy,5008,3658959723,2822595,2822733,138,completed,-11
Greedy,5009,3658959723,2822795,2823128,333,completed,-11
Greedy,5010,3658959723,2822995,2823237,242,completed,-12
Greedy,5011,3037662008,2823195,2823322,127,completed,-31
Greedy,5012,3037662008,2823395,2823522,127,completed,-31
Greedy,5013,3037662008,2823595,2823720,125,completed,-31
Greedy,5014,3037662008,2823795,2823921,126,completed,-31
Greedy,5015,3037662008,2823997,2824125,128,completed,-31
Greedy,5016,3037662008,2824197,2824324,127,completed,-31
Greedy,5017,3037662008,2824405,2824532,127,completed,-31
Greedy,5018,3037662008,2824605,2824730,125,completed,-31
Greedy,5019,3037662008,2824994,2825121,127,completed,-31
Greedy,5020,3658959723,2825194,2825333,139,completed,-11
Greedy,5021,3658959723,2825394,2825532,138,completed,-11
Greedy,5022,3658959723,2825594,2825732,138,completed,-11
Greedy,5023,3658959723,2825794,2825932,138,completed,-11
Greedy,5024,3658959723,2825999,2826138,139,completed,-11
Greedy,5025,3658959723,2826199,2826337,138,completed,-11
Greedy,5026,3658959723,2826399,2826536,137,completed,-11
Greedy,5027,3658959723,2826599,2826736,137,completed,-11
Greedy,5028,3658959723,2826799,2827159,360,completed,-11
Greedy,5029,3658959723,2826999,2827268,269,completed,-12
Greedy,5030,3037662008,2827199,2827325,126,completed,-30
Greedy,5031,3037662008,2827399,2827527,128,completed,-30
Greedy,5032,3037662008,2827599,2827725,126,completed,-30
Greedy,5033,3037662008,2827799,2827924,125,completed,-30
Greedy,5034,3037662008,2828000,2828128,128,completed,-30
Greedy,5035,3037662008,2828200,2828327,127,completed,-30
Greedy,5036,3037662008,2828406,2828533,127,completed,-30
Greedy,5037,3037662008,2828606,2828731,125,completed,-30
Greedy,5038,3037662008,2828997,2829138,141,completed,-30
Greedy,5039,3658959723,2829197,2829335,138,completed,-11
Greedy,5040,3658959723,2829404,2829543,139,completed,-11
Greedy,5041,3658959723,2829604,2829741,137,completed,-11
Greedy,5042,3658959723,2829804,2830137,333,completed,-11
Greedy,5043,3658959723,2832200,2832532,332,completed,-11
Greedy,5044,3658959723,2832400,2832961,561,completed,-11
Greedy,5045,3658959723,2832600,2833064,464,completed,-11
Greedy,5046,3658959723,2832800,2833167,367,completed,-11
Greedy,5047,3658959723,2833000,2833269,269,completed,-11
Greedy,5049,3037662008,2833407,2833536,129,completed,-28
Greedy,5048,3658959723,2833200,2833370,170,completed,-11
Greedy,5050,3037662008,2833607,2833732,125,completed,-28
Greedy,5051,3037662008,2833807,2833934,127,completed,-28
Greedy,5052,3037662008,2834007,2834132,125,completed,-28
Greedy,5053,3037662008,2834407,2834535,128,completed,-28
Greedy,5054,3037662008,2834607,2834734,127,completed,-28
Greedy,5055,3037662008,2834807,2834932,125,completed,-28
Greedy,5056,3037662008,2835007,2835132,125,completed,-28
Greedy,5057,3658959723,2835207,2835538,331,completed,-11
Greedy,5058,3658959723,2835417,2835641,224,completed,-11
Greedy,5059,3658959723,2835617,2835756,139,completed,-11
Greedy,5060,3658959723,2835817,2835955,138,completed,-11
Greedy,5061,3658959723,2836017,2836154,137,completed,-11
Greedy,5062,3658959723,2836411,2836552,141,completed,-11
Greedy,5063,3658959723,2836611,2836749,138,completed,-11
Greedy,5064,3658959723,2836811,2836949,138,completed,-11
Greedy,5065,3658959723,2837011,2837148,137,completed,-11
Greedy,5066,3658959723,2837211,2837546,335,completed,-12
Greedy,5067,3658959723,2837414,2837655,241,completed,-12
Greedy,5068,3658959723,2837614,2837758,144,completed,-12
Greedy,5069,3658959723,2837814,2837953,139,completed,-12
Greedy,5070,3658959723,2838014,2838152,138,completed,-12
Greedy,5071,3658959723,2838214,2838546,332,completed,-12
Greedy,5072,3658959723,2838418,2838649,231,completed,-12
Greedy,5073,3658959723,2838618,2838757,139,completed,-12
Greedy,5074,3658959723,2838818,2838956,138,completed,-12
Greedy,5075,3658959723,2839018,2839155,137,completed,-12
Greedy,5076,3658959723,2839415,2839570,155,completed,-12
Greedy,5077,3658959723,2839615,2839753,138,completed,-12
Greedy,5078,3658959723,2839815,2839953,138,completed,-12
Greedy,5079,3658959723,2840015,2840152,137,completed,-12
Greedy,5080,3658959723,2840215,2840583,368,completed,-12
Greedy,5081,3658959723,2840418,2840686,268,completed,-12
Greedy,5082,3658959723,2840618,2840788,170,completed,-12
Greedy,5083,3658959723,2840818,2840956,138,completed,-12
Greedy,5084,3658959723,2841018,2841156,138,completed,-12
Greedy,5085,3658959723,2841218,2841566,348,completed,-11
Greedy,5086,3658959723,2841420,2841669,249,completed,-11
Greedy,5087,3658959723,2841620,2841772,152,completed,-11
Greedy,5088,3658959723,2841820,2841957,137,completed,-11
Greedy,5089,3658959723,2842020,2842157,137,completed,-11
Greedy,5090,3658959723,2842220,2842552,332,completed,-11
Greedy,5091,3658959723,2842424,2842655,231,completed,-11
Greedy,5092,3658959723,2842624,2842763,139,completed,-11
Greedy,5093,3658959723,2842824,2842961,137,completed,-11
Greedy,5094,3658959723,2843024,2843162,138,completed,-11
Greedy,5095,3658959723,2843423,2843562,139,completed,-12
Greedy,5096,3658959723,2843623,2843761,138,completed,-12
Greedy,5097,3658959723,2843823,2843960,137,completed,-12
Greedy,5098,3658959723,2844023,2844160,137,completed,-12
Greedy,5099,3658959723,2844223,2844554,331,completed,-12
Greedy,5100,3658959723,2844426,2844664,238,completed,-12
Greedy,5101,3658959723,2844626,2844767,141,completed,-12
Greedy,5102,3658959723,2844826,2844963,137,completed,-12
Greedy,5103,3658959723,2845026,2845164,138,completed,-12
Greedy,5104,3658959723,2845226,2845557,331,completed,-12
Greedy,5105,3658959723,2845429,2845667,238,completed,-12
Greedy,5106,3658959723,2845629,2845769,140,completed,-12
Greedy,5107,3658959723,2845829,2845967,138,completed,-12
Greedy,5108,3658959723,2846029,2846167,138,completed,-12
Greedy,5109,3658959723,2846229,2846582,353,completed,-12
Greedy,5110,3658959723,2846431,2846698,267,completed,-12
Greedy,5111,3658959723,2846631,2846801,170,completed,-12
Greedy,5112,3658959723,2846831,2846970,139,completed,-12
Greedy,5113,3658959723,2847031,2847168,137,completed,-12
Greedy,5114,3658959723,2847231,2847563,332,completed,-11
Greedy,SUMMARY,ALL,0,0,121765,batch_complete,0
----------------,---,---,---,---,---,----------------,---
Greedy,5115,3658959723,2847436,2849762,2326,completed,-11
