algorithm,seq,worker_id,send_ts,comp_ts,latency_ms,status,rssi
Greedy,1,3658959723,142359,143742,1383,completed,-9
Greedy,2,3658959723,142559,143845,1286,completed,-9
Greedy,3,3658959723,142759,143948,1189,completed,-10
Greedy,8,3037662008,143898,144001,103,completed,-26
Greedy,4,3658959723,143098,144051,953,completed,-10
Greedy,5,3658959723,143298,144153,855,completed,-10
Greedy,9,3037662008,144111,144225,114,completed,-26
Greedy,6,3658959723,143498,144255,757,completed,-10
Greedy,7,3658959723,143698,144358,660,completed,-10
Greedy,10,3037662008,144311,144415,104,completed,-26
Greedy,11,3037662008,144511,144615,104,completed,-26
Greedy,12,3037662008,144711,144814,103,completed,-26
Greedy,13,3037662008,145102,145207,105,completed,-26
Greedy,14,3037662008,145302,145406,104,completed,-26
Greedy,15,3037662008,145502,145606,104,completed,-26
Greedy,16,3037662008,145702,145806,104,completed,-26
Greedy,31,3037662008,150902,151009,107,completed,-31
Greedy,17,3037662008,150904,151112,208,completed,-31
Greedy,32,3037662008,151102,151215,113,completed,-31
Greedy,18,3037662008,151105,151318,213,completed,-31
Greedy,33,3037662008,151302,151421,119,completed,-31
Greedy,19,3037662008,151305,151608,303,completed,-31
Greedy,34,3037662008,151510,151711,201,completed,-31
Greedy,20,3037662008,151512,151814,302,completed,-31
Greedy,21,3037662008,151705,151916,211,completed,-30
Greedy,35,3037662008,151710,152019,309,completed,-30
Greedy,22,3037662008,151905,152122,217,completed,-30
Greedy,36,3037662008,151910,152225,315,completed,-30
Greedy,23,3037662008,152105,152328,223,completed,-30
Greedy,37,3037662008,152110,152431,321,completed,-30
Greedy,24,3658959723,149306,150806,1500,completed,-9
Greedy,25,3658959723,149515,151079,1564,completed,-9
Greedy,26,3658959723,149715,151355,1640,completed,-9
Greedy,27,3658959723,149915,152383,2468,completed,-9
Greedy,28,3658959723,150115,152485,2370,completed,-9
Greedy,29,3658959723,150502,152586,2084,completed,-9
Greedy,30,3658959723,150702,152688,1986,completed,-9
Greedy,38,3658959723,152310,152789,479,completed,-9
Greedy,39,3658959723,152512,152891,379,completed,-9
Greedy,40,3658959723,152712,152993,281,completed,-9
Greedy,41,3658959723,152912,153095,183,completed,-9
Greedy,42,3658959723,153112,153236,124,completed,-9
Greedy,43,3658959723,153312,153632,320,completed,-9
Greedy,44,3658959723,153515,153734,219,completed,-9
Greedy,45,3658959723,153715,153840,125,completed,-9
Greedy,46,3658959723,153915,154040,125,completed,-10
Greedy,47,3658959723,154115,154239,124,completed,-10
Greedy,48,3658959723,154315,154678,363,completed,-10
Greedy,49,3658959723,154515,154780,265,completed,-10
Greedy,50,3658959723,154715,154882,167,completed,-10
Greedy,51,3658959723,154915,155040,125,completed,-10
Greedy,52,3658959723,155115,155240,125,completed,-10
Greedy,53,3658959723,155315,155438,123,completed,-10
Greedy,54,3658959723,155515,155638,123,completed,-10
Greedy,55,3658959723,155715,155838,123,completed,-10
Greedy,56,3658959723,155915,156038,123,completed,-10
Greedy,57,3658959723,156115,156280,165,completed,-10
Greedy,58,3658959723,156315,156438,123,completed,-10
Greedy,59,3658959723,156515,156638,123,completed,-10
Greedy,60,3658959723,156715,156838,123,completed,-10
Greedy,61,3658959723,156915,157106,191,completed,-10
Greedy,62,3658959723,157115,157241,126,completed,-10
Greedy,63,3658959723,157315,157442,127,completed,-10
Greedy,64,3658959723,157520,157645,125,completed,-10
Greedy,65,3658959723,157720,157844,124,completed,-10
Greedy,66,3658959723,157920,158044,124,completed,-10
Greedy,67,3658959723,158120,158246,126,completed,-10
Greedy,68,3658959723,158320,158445,125,completed,-10
Greedy,69,3658959723,158520,158646,126,completed,-10
Greedy,70,3658959723,158720,158846,126,completed,-10
Greedy,71,3658959723,158920,159044,124,completed,-10
Greedy,72,3658959723,159120,159243,123,completed,-10
Greedy,73,3658959723,159320,159672,352,completed,-10
Greedy,74,3658959723,159520,159783,263,completed,-10
Greedy,76,3037662008,159920,160024,104,completed,-29
Greedy,75,3658959723,159720,159893,173,completed,-10
Greedy,77,3037662008,160120,160224,104,completed,-29
Greedy,78,3037662008,160320,160424,104,completed,-29
Greedy,79,3037662008,160523,160629,106,completed,-29
Greedy,80,3037662008,160723,160827,104,completed,-29
Greedy,81,3037662008,160923,161027,104,completed,-29
Greedy,82,3037662008,161123,161227,104,completed,-29
Greedy,83,3037662008,161323,161427,104,completed,-29
Greedy,84,3037662008,161524,161630,106,completed,-29
Greedy,85,3037662008,161724,161829,105,completed,-29
Greedy,86,3658959723,161924,162049,125,completed,-10
Greedy,87,3658959723,162124,162247,123,completed,-10
Greedy,88,3658959723,162324,162447,123,completed,-10
Greedy,89,3658959723,162524,162649,125,completed,-10
Greedy,90,3658959723,162724,162847,123,completed,-10
Greedy,91,3658959723,162924,163047,123,completed,-10
Greedy,92,3658959723,163124,163247,123,completed,-10
Greedy,93,3658959723,163324,163658,334,completed,-10
Greedy,94,3658959723,163524,163761,237,completed,-10
Greedy,96,3037662008,163924,164029,105,completed,-31
Greedy,95,3658959723,163724,163866,142,completed,-10
Greedy,97,3037662008,164124,164228,104,completed,-31
Greedy,108,3658959723,168322,168446,124,completed,-10
Greedy,109,3658959723,168522,168646,124,completed,-10
Greedy,110,3658959723,168722,168845,123,completed,-10
Greedy,98,3037662008,164324,164428,104,completed,-31
Greedy,111,3658959723,168925,169235,310,completed,-10
Greedy,112,3658959723,169125,169344,219,completed,-10
Greedy,113,3658959723,169325,169460,135,completed,-10
Greedy,99,3037662008,164524,166818,2294,completed,-26
Greedy,114,3658959723,169525,169647,122,completed,-10
Greedy,115,3658959723,169725,169848,123,completed,-10
Greedy,100,3037662008,166722,167023,301,completed,-26
Greedy,101,3037662008,166922,167136,214,completed,-26
Greedy,116,3658959723,169931,170059,128,completed,-10
Greedy,102,3037662008,167122,167386,264,completed,-26
Greedy,117,3658959723,170131,170254,123,completed,-10
Greedy,118,3658959723,170331,170455,124,completed,-10
Greedy,103,3037662008,167322,167633,311,completed,-26
Greedy,119,3658959723,170531,170654,123,completed,-10
Greedy,120,3658959723,170925,171054,129,completed,-10
Greedy,104,3037662008,167522,168020,498,completed,-28
Greedy,105,3037662008,167722,168160,438,completed,-28
Greedy,121,3658959723,171125,171248,123,completed,-10
Greedy,122,3658959723,171325,171449,124,completed,-10
Greedy,106,3037662008,167922,168262,340,completed,-28
Greedy,123,3658959723,171525,171673,148,completed,-10
Greedy,124,3658959723,171725,171849,124,completed,-10
Greedy,107,3037662008,168122,168432,310,completed,-28
Greedy,125,3658959723,171932,172059,127,completed,-11
Greedy,126,3658959723,172132,172256,124,completed,-11
Greedy,127,3658959723,172332,172456,124,completed,-11
Greedy,128,3658959723,172532,172655,123,completed,-11
Greedy,129,3658959723,172732,173129,397,completed,-11
Greedy,130,3658959723,172932,173237,305,completed,-11
Greedy,131,3658959723,173132,173346,214,completed,-11
Greedy,132,3658959723,173332,173456,124,completed,-11
Greedy,133,3658959723,173532,173655,123,completed,-11
Greedy,134,3658959723,173732,174048,316,completed,-10
Greedy,135,3658959723,173932,174168,236,completed,-10
Greedy,136,3658959723,174132,174316,184,completed,-10
Greedy,137,3658959723,174332,174456,124,completed,-10
Greedy,138,3658959723,174532,174655,123,completed,-10
Greedy,139,3658959723,174732,175049,317,completed,-10
Greedy,140,3658959723,174932,175158,226,completed,-10
Greedy,141,3658959723,175132,175261,129,completed,-10
Greedy,142,3658959723,175332,175455,123,completed,-10
Greedy,143,3658959723,175532,175655,123,completed,-10
Greedy,144,3658959723,175732,175855,123,completed,-10
Greedy,145,3658959723,175934,176058,124,completed,-11
Greedy,146,3658959723,176134,176258,124,completed,-11
Greedy,147,3658959723,176334,176457,123,completed,-11
Greedy,148,3658959723,176534,176657,123,completed,-11
Greedy,149,3658959723,176734,177279,545,completed,-11
Greedy,150,3658959723,176934,177382,448,completed,-11
Greedy,151,3658959723,177134,177485,351,completed,-11
Greedy,152,3658959723,177334,177588,254,completed,-11
Greedy,153,3658959723,177534,177691,157,completed,-11
Greedy,154,3658959723,177734,177857,123,completed,-11
Greedy,155,3658959723,177939,178065,126,completed,-10
Greedy,156,3658959723,178139,178263,124,completed,-10
Greedy,157,3658959723,178339,178462,123,completed,-10
Greedy,158,3658959723,178539,178662,123,completed,-10
Greedy,159,3658959723,178739,179054,315,completed,-10
Greedy,160,3658959723,178939,179157,218,completed,-10
Greedy,161,3658959723,179139,179273,134,completed,-10
Greedy,162,3658959723,179339,179462,123,completed,-10
Greedy,163,3658959723,179539,179664,125,completed,-10
Greedy,164,3658959723,179739,179862,123,completed,-10
Greedy,165,3658959723,179940,180067,127,completed,-11
Greedy,166,3658959723,180140,180263,123,completed,-11
Greedy,167,3658959723,180340,180491,151,completed,-11
Greedy,168,3658959723,180540,180664,124,completed,-11
Greedy,169,3658959723,180740,181057,317,completed,-11
Greedy,170,3658959723,180940,181165,225,completed,-11
Greedy,171,3658959723,181140,181268,128,completed,-11
Greedy,172,3658959723,181340,181464,124,completed,-11
Greedy,173,3658959723,181540,181663,123,completed,-11
Greedy,174,3658959723,181740,181864,124,completed,-11
Greedy,175,3658959723,181944,182071,127,completed,-12
Greedy,176,3658959723,184152,184472,320,completed,-10
Greedy,177,3658959723,184358,184602,244,completed,-10
Greedy,178,3658959723,184558,185154,596,completed,-10
Greedy,179,3658959723,184758,185257,499,completed,-10
Greedy,180,3658959723,184958,185359,401,completed,-10
Greedy,181,3658959723,185358,185482,124,completed,-10
Greedy,182,3658959723,185558,185697,139,completed,-10
Greedy,183,3658959723,185758,185881,123,completed,-10
Greedy,184,3037662008,185958,186062,104,completed,-28
Greedy,185,3037662008,186358,186483,125,completed,-28
Greedy,186,3037662008,186558,186666,108,completed,-28
Greedy,187,3037662008,186758,186862,104,completed,-28
Greedy,188,3037662008,186958,187062,104,completed,-28
Greedy,189,3037662008,187158,187457,299,completed,-28
Greedy,190,3037662008,187363,187565,202,completed,-28
Greedy,191,3037662008,187563,187676,113,completed,-28
Greedy,192,3037662008,187763,187867,104,completed,-28
Greedy,193,3658959723,187963,188087,124,completed,-10
Greedy,194,3658959723,188361,188485,124,completed,-10
Greedy,195,3658959723,188561,188684,123,completed,-10
Greedy,196,3658959723,188761,188884,123,completed,-10
Greedy,197,3658959723,188961,189086,125,completed,-10
Greedy,198,3658959723,189161,189477,316,completed,-10
Greedy,199,3658959723,189364,189580,216,completed,-10
Greedy,200,3658959723,189564,189689,125,completed,-10
Greedy,201,3658959723,189764,189887,123,completed,-11
Greedy,202,3037662008,189964,190068,104,completed,-29
Greedy,203,3037662008,190164,190522,358,completed,-29
Greedy,204,3037662008,190366,190631,265,completed,-29
Greedy,205,3037662008,190566,190734,168,completed,-29
Greedy,206,3037662008,190766,190871,105,completed,-29
Greedy,207,3037662008,190966,191070,104,completed,-29
Greedy,208,3037662008,191166,191464,298,completed,-29
Greedy,209,3037662008,191366,191568,202,completed,-29
Greedy,210,3037662008,191566,191673,107,completed,-29
Greedy,211,3037662008,191766,191870,104,completed,-29
Greedy,212,3658959723,191966,192089,123,completed,-10
Greedy,213,3658959723,192166,192483,317,completed,-10
Greedy,214,3658959723,192369,192586,217,completed,-10
Greedy,215,3658959723,192569,192694,125,completed,-10
Greedy,216,3658959723,192769,192892,123,completed,-10
Greedy,217,3658959723,192969,193092,123,completed,-10
Greedy,218,3658959723,193169,193487,318,completed,-10
Greedy,219,3658959723,193369,193596,227,completed,-10
Greedy,220,3658959723,193569,193699,130,completed,-10
Greedy,221,3658959723,193769,193893,124,completed,-10
Greedy,222,3037662008,193969,194074,105,completed,-29
Greedy,223,3037662008,194169,194477,308,completed,-29
Greedy,224,3037662008,194369,194594,225,completed,-29
Greedy,225,3037662008,194569,194697,128,completed,-29
Greedy,226,3037662008,194769,194874,105,completed,-29
Greedy,227,3037662008,194969,195073,104,completed,-29
Greedy,228,3037662008,195169,195273,104,completed,-29
Greedy,229,3037662008,195379,195485,106,completed,-29
Greedy,230,3037662008,195579,195683,104,completed,-29
Greedy,231,3037662008,195779,195884,105,completed,-31
Greedy,232,3658959723,195979,196103,124,completed,-10
Greedy,233,3658959723,196373,196503,130,completed,-10
Greedy,234,3658959723,196573,196697,124,completed,-10
Greedy,235,3658959723,196773,196897,124,completed,-10
Greedy,236,3658959723,196973,197096,123,completed,-10
Greedy,237,3658959723,197173,197489,316,completed,-10
Greedy,238,3658959723,197376,197592,216,completed,-10
Greedy,239,3658959723,197576,197702,126,completed,-10
Greedy,240,3658959723,197776,197899,123,completed,-10
Greedy,241,3037662008,197976,198080,104,completed,-33
Greedy,242,3037662008,198176,198517,341,completed,-33
Greedy,243,3037662008,198379,198625,246,completed,-33
Greedy,244,3037662008,198579,198735,156,completed,-33
Greedy,245,3037662008,198779,198883,104,completed,-33
Greedy,246,3037662008,198979,199084,105,completed,-33
Greedy,247,3037662008,199371,199476,105,completed,-33
Greedy,248,3658959723,201578,201898,320,completed,-10
Greedy,249,3658959723,201782,202007,225,completed,-10
Greedy,250,3037662008,201982,202087,105,completed,-33
Greedy,251,3037662008,202182,202286,104,completed,-33
Greedy,252,3037662008,202382,202486,104,completed,-33
Greedy,253,3037662008,202582,202878,296,completed,-33
Greedy,254,3037662008,202782,202981,199,completed,-33
Greedy,255,3037662008,202982,203087,105,completed,-33
Greedy,256,3037662008,203182,203286,104,completed,-33
Greedy,257,3037662008,203382,203486,104,completed,-33
Greedy,258,3037662008,203584,203930,346,completed,-31
Greedy,259,3037662008,203784,204033,249,completed,-31
Greedy,260,3658959723,203984,204107,123,completed,-8
Greedy,261,3658959723,204184,204308,124,completed,-8
Greedy,262,3658959723,204384,204507,123,completed,-8
Greedy,263,3658959723,204584,204899,315,completed,-8
Greedy,264,3658959723,204784,205008,224,completed,-8
Greedy,265,3658959723,204984,205111,127,completed,-8
Greedy,266,3658959723,205184,205307,123,completed,-8
Greedy,267,3658959723,205384,205517,133,completed,-8
Greedy,268,3658959723,205585,205902,317,completed,-11
Greedy,270,3037662008,205985,206089,104,completed,-33
Greedy,269,3658959723,205785,206003,218,completed,-11
Greedy,271,3037662008,206185,206290,105,completed,-33
Greedy,272,3037662008,206385,206489,104,completed,-33
Greedy,273,3037662008,206585,206690,105,completed,-33
Greedy,274,3037662008,206786,206891,105,completed,-33
Greedy,275,3037662008,206986,207091,105,completed,-33
Greedy,276,3037662008,207186,207291,105,completed,-33
Greedy,277,3037662008,207386,207490,104,completed,-33
Greedy,278,3037662008,207586,207691,105,completed,-33
Greedy,279,3037662008,207788,207894,106,completed,-30
Greedy,280,3658959723,207988,208111,123,completed,-10
Greedy,281,3658959723,208188,208312,124,completed,-10
Greedy,282,3658959723,208388,208512,124,completed,-10
Greedy,283,3658959723,208589,208905,316,completed,-10
Greedy,284,3658959723,208789,209007,218,completed,-10
Greedy,285,3658959723,208989,209113,124,completed,-10
Greedy,286,3658959723,209189,209312,123,completed,-10
Greedy,287,3658959723,209389,209513,124,completed,-10
Greedy,288,3658959723,209589,209935,346,completed,-10
Greedy,289,3658959723,209789,210037,248,completed,-10
Greedy,290,3037662008,209989,210093,104,completed,-33
Greedy,291,3037662008,210189,210294,105,completed,-33
Greedy,292,3037662008,210389,210493,104,completed,-33
Greedy,293,3037662008,210589,210693,104,completed,-33
Greedy,294,3037662008,210790,210898,108,completed,-33
Greedy,295,3037662008,210990,211095,105,completed,-33
Greedy,296,3037662008,211190,211295,105,completed,-33
Greedy,297,3037662008,211390,211494,104,completed,-33
Greedy,298,3037662008,211590,211889,299,completed,-34
Greedy,299,3037662008,211790,211995,205,completed,-34
Greedy,300,3658959723,211990,212114,124,completed,-9
Greedy,301,3658959723,212190,212314,124,completed,-9
Greedy,302,3658959723,212390,212513,123,completed,-9
Greedy,303,3658959723,212590,212713,123,completed,-9
Greedy,304,3658959723,212792,212917,125,completed,-9
Greedy,305,3658959723,212992,213116,124,completed,-9
Greedy,306,3658959723,213192,213316,124,completed,-9
Greedy,307,3658959723,213392,213515,123,completed,-9
Greedy,308,3658959723,213592,213910,318,completed,-10
Greedy,309,3658959723,213792,214013,221,completed,-10
Greedy,310,3037662008,213992,214097,105,completed,-33
Greedy,311,3037662008,214192,214296,104,completed,-33
Greedy,312,3037662008,214392,214512,120,completed,-33
Greedy,313,3037662008,214592,214696,104,completed,-33
Greedy,314,3037662008,214793,214899,106,completed,-33
Greedy,315,3037662008,214993,215098,105,completed,-33
Greedy,316,3037662008,215193,215297,104,completed,-33
Greedy,317,3037662008,215393,215498,105,completed,-33
Greedy,318,3037662008,215593,215896,303,completed,-36
Greedy,319,3037662008,215793,215999,206,completed,-36
Greedy,320,3658959723,215993,216118,125,completed,-9
Greedy,321,3658959723,216193,216316,123,completed,-9
Greedy,322,3658959723,216393,216516,123,completed,-9
Greedy,323,3658959723,216593,216717,124,completed,-9
Greedy,335,3037662008,220996,221100,104,completed,-31
Greedy,324,3658959723,216793,216918,125,completed,-9
Greedy,325,3658959723,218993,219330,337,completed,-9
Greedy,326,3658959723,219196,219582,386,completed,-9
Greedy,327,3658959723,219396,219850,454,completed,-9
Greedy,336,3037662008,221202,221429,227,completed,-31
Greedy,328,3658959723,219596,220100,504,completed,-9
Greedy,329,3658959723,219796,220378,582,completed,-9
Greedy,330,3658959723,219996,220480,484,completed,-9
Greedy,331,3658959723,220196,220625,429,completed,-9
Greedy,332,3658959723,220396,220900,504,completed,-9
Greedy,333,3658959723,220596,221316,720,completed,-9
Greedy,334,3658959723,220796,221418,622,completed,-9
Greedy,337,3658959723,221402,221527,125,completed,-9
Greedy,338,3658959723,221602,221727,125,completed,-9
Greedy,343,3037662008,222792,222896,104,completed,-29
Greedy,339,3658959723,221802,221927,125,completed,-11
Greedy,340,3658959723,222192,222318,126,completed,-11
Greedy,341,3658959723,222392,222518,126,completed,-11
Greedy,344,3037662008,222996,223111,115,completed,-29
Greedy,342,3658959723,222592,222715,123,completed,-11
Greedy,345,3037662008,223206,223478,272,completed,-29
Greedy,346,3037662008,223406,223588,182,completed,-29
Greedy,347,3037662008,223606,223710,104,completed,-29
Greedy,348,3037662008,223806,223911,105,completed,-32
Greedy,349,3658959723,224006,224331,325,completed,-9
Greedy,350,3658959723,224206,224440,234,completed,-9
Greedy,351,3658959723,224406,224542,136,completed,-9
Greedy,352,3658959723,224606,224729,123,completed,-9
Greedy,353,3658959723,224806,224929,123,completed,-9
Greedy,354,3658959723,225006,225324,318,completed,-9
Greedy,355,3658959723,225206,225429,223,completed,-9
Greedy,356,3658959723,225406,225532,126,completed,-9
Greedy,357,3658959723,225606,225730,124,completed,-9
Greedy,359,3037662008,226006,226111,105,completed,-31
Greedy,358,3658959723,225806,225929,123,completed,-10
Greedy,360,3037662008,226209,226323,114,completed,-31
Greedy,361,3037662008,226409,226514,105,completed,-31
Greedy,362,3037662008,226609,226715,106,completed,-31
Greedy,363,3037662008,226809,226913,104,completed,-31
Greedy,364,3037662008,227009,227306,297,completed,-31
Greedy,365,3037662008,227209,227414,205,completed,-31
Greedy,366,3037662008,227409,227524,115,completed,-31
Greedy,367,3037662008,227609,227714,105,completed,-31
Greedy,369,3658959723,228009,228133,124,completed,-10
Greedy,368,3037662008,227809,227913,104,completed,-32
Greedy,370,3658959723,228213,228341,128,completed,-10
Greedy,371,3658959723,228413,228567,154,completed,-10
Greedy,372,3658959723,228613,228736,123,completed,-10
Greedy,373,3658959723,228813,228937,124,completed,-10
Greedy,374,3658959723,229013,229330,317,completed,-10
Greedy,375,3658959723,229213,229438,225,completed,-10
Greedy,376,3658959723,229413,229540,127,completed,-10
Greedy,377,3658959723,229613,229738,125,completed,-10
Greedy,378,3658959723,229813,229936,123,completed,-10
Greedy,379,3037662008,230013,230117,104,completed,-30
Greedy,380,3037662008,230213,230320,107,completed,-30
Greedy,381,3037662008,230413,230518,105,completed,-30
Greedy,382,3037662008,230613,230717,104,completed,-30
Greedy,383,3037662008,230813,230917,104,completed,-30
Greedy,384,3037662008,231013,231314,301,completed,-30
Greedy,385,3037662008,231213,231418,205,completed,-30
Greedy,386,3037662008,231413,231521,108,completed,-30
Greedy,387,3037662008,231613,231717,104,completed,-30
Greedy,388,3037662008,231813,231917,104,completed,-31
Greedy,389,3658959723,232013,232136,123,completed,-9
Greedy,390,3658959723,232214,232339,125,completed,-9
Greedy,391,3658959723,232414,232538,124,completed,-9
Greedy,392,3658959723,232614,232737,123,completed,-9
Greedy,393,3658959723,232814,232937,123,completed,-9
Greedy,394,3658959723,233014,233333,319,completed,-9
Greedy,395,3658959723,233214,233442,228,completed,-9
Greedy,396,3658959723,233414,233545,131,completed,-9
Greedy,397,3658959723,233614,233738,124,completed,-9
Greedy,398,3658959723,233814,233938,124,completed,-11
Greedy,399,3037662008,234014,234119,105,completed,-34
Greedy,400,3037662008,234219,234327,108,completed,-34
Greedy,401,3037662008,236421,236719,298,completed,-30
Greedy,402,3037662008,236628,237105,477,completed,-30
Greedy,403,3037662008,236828,237208,380,completed,-30
Greedy,404,3037662008,237028,237311,283,completed,-30
Greedy,405,3037662008,237228,237414,186,completed,-30
Greedy,406,3037662008,237621,237727,106,completed,-30
Greedy,407,3037662008,237821,237926,105,completed,-34
Greedy,408,3658959723,238021,238145,124,completed,-10
Greedy,409,3658959723,238221,238345,124,completed,-10
Greedy,410,3658959723,238421,238545,124,completed,-10
Greedy,411,3658959723,238621,238898,277,completed,-10
Greedy,412,3658959723,238821,239151,330,completed,-10
Greedy,413,3658959723,239021,239253,232,completed,-10
Greedy,414,3658959723,239221,239399,178,completed,-10
Greedy,415,3658959723,239421,239741,320,completed,-10
Greedy,416,3658959723,239621,239925,304,completed,-10
Greedy,417,3658959723,239821,240201,380,completed,-10
Greedy,418,3658959723,240021,240303,282,completed,-10
Greedy,419,3658959723,240221,240405,184,completed,-10
Greedy,420,3658959723,240421,240545,124,completed,-10
Greedy,421,3037662008,240627,241994,1367,completed,-31
Greedy,422,3037662008,240827,242098,1271,completed,-31
Greedy,428,3658959723,242027,242151,124,completed,-10
Greedy,423,3037662008,241027,242206,1179,completed,-31
Greedy,424,3037662008,241227,242309,1082,completed,-31
Greedy,429,3658959723,242227,242350,123,completed,-10
Greedy,425,3037662008,241427,242412,985,completed,-31
Greedy,426,3037662008,241627,242515,888,completed,-31
Greedy,430,3658959723,242429,242749,320,completed,-10
Greedy,431,3658959723,242629,242851,222,completed,-10
Greedy,427,3037662008,241827,242618,791,completed,-31
Greedy,432,3658959723,242829,242957,128,completed,-10
Greedy,433,3658959723,243029,243153,124,completed,-10
Greedy,434,3658959723,243229,243353,124,completed,-10
Greedy,435,3658959723,243429,243553,124,completed,-10
Greedy,436,3658959723,243630,243755,125,completed,-10
Greedy,438,3037662008,244030,244135,105,completed,-32
Greedy,437,3658959723,243830,243954,124,completed,-10
Greedy,439,3037662008,244230,244334,104,completed,-32
Greedy,440,3037662008,244430,244878,448,completed,-32
Greedy,441,3037662008,244630,244987,357,completed,-32
Greedy,442,3037662008,244830,245097,267,completed,-32
Greedy,443,3037662008,245030,245200,170,completed,-32
Greedy,444,3037662008,245230,245334,104,completed,-32
Greedy,445,3037662008,245430,246010,580,completed,-32
Greedy,446,3037662008,245630,246113,483,completed,-32
Greedy,447,3037662008,245830,246216,386,completed,-32
Greedy,448,3037662008,246030,246319,289,completed,-32
Greedy,449,3037662008,246230,246422,192,completed,-32
Greedy,450,3037662008,246431,246538,107,completed,-32
Greedy,451,3037662008,246634,246777,143,completed,-32
Greedy,452,3037662008,246834,246938,104,completed,-32
Greedy,453,3658959723,247034,247174,140,completed,-10
Greedy,454,3658959723,247234,247358,124,completed,-10
Greedy,455,3658959723,247434,247558,124,completed,-10
Greedy,456,3658959723,247635,247760,125,completed,-10
Greedy,457,3658959723,247835,247959,124,completed,-10
Greedy,458,3037662008,248035,248139,104,completed,-28
Greedy,459,3037662008,248235,248356,121,completed,-28
Greedy,460,3037662008,248439,248773,334,completed,-28
Greedy,461,3037662008,248639,248880,241,completed,-28
Greedy,462,3037662008,248839,248983,144,completed,-28
Greedy,463,3037662008,249039,249144,105,completed,-28
Greedy,464,3037662008,249239,249344,105,completed,-28
Greedy,465,3037662008,249439,249543,104,completed,-28
Greedy,466,3037662008,249640,249755,115,completed,-28
Greedy,467,3037662008,249840,249945,105,completed,-32
Greedy,468,3658959723,250040,250164,124,completed,-10
Greedy,469,3658959723,250240,250363,123,completed,-10
Greedy,470,3658959723,250440,250761,321,completed,-10
Greedy,471,3658959723,250640,250865,225,completed,-10
Greedy,472,3658959723,250840,250968,128,completed,-10
Greedy,473,3658959723,251040,251164,124,completed,-10
Greedy,474,3658959723,251240,251363,123,completed,-10
Greedy,475,3658959723,251440,251564,124,completed,-10
Greedy,476,3658959723,251641,251767,126,completed,-10
Greedy,477,3658959723,253846,254166,320,completed,-10
Greedy,478,3658959723,254056,254275,219,completed,-10
Greedy,479,3658959723,254256,254385,129,completed,-10
Greedy,480,3658959723,254456,254580,124,completed,-10
Greedy,481,3658959723,254656,254780,124,completed,-10
Greedy,482,3658959723,254856,255219,363,completed,-10
Greedy,483,3658959723,255059,255322,263,completed,-10
Greedy,484,3658959723,255259,255424,165,completed,-10
Greedy,485,3658959723,255459,255583,124,completed,-10
Greedy,486,3658959723,255659,255782,123,completed,-10
Greedy,487,3658959723,255859,256176,317,completed,-10
Greedy,488,3658959723,256060,256286,226,completed,-10
Greedy,489,3658959723,256260,256389,129,completed,-10
Greedy,490,3658959723,256460,256584,124,completed,-10
Greedy,491,3658959723,256660,256784,124,completed,-10
Greedy,492,3658959723,256861,257177,316,completed,-10
Greedy,493,3658959723,257061,257294,233,completed,-10
Greedy,494,3658959723,257261,257397,136,completed,-10
Greedy,495,3658959723,257461,257584,123,completed,-10
Greedy,496,3658959723,257661,257785,124,completed,-10
Greedy,497,3658959723,257861,258181,320,completed,-10
Greedy,498,3658959723,258065,258284,219,completed,-10
Greedy,499,3658959723,258265,258390,125,completed,-10
Greedy,500,3658959723,258465,258589,124,completed,-10
Greedy,501,3658959723,258665,258789,124,completed,-10
Greedy,502,3658959723,258865,259202,337,completed,-10
Greedy,503,3658959723,259065,259305,240,completed,-10
Greedy,504,3658959723,259265,259408,143,completed,-10
Greedy,505,3658959723,259465,259589,124,completed,-10
Greedy,506,3658959723,259665,259788,123,completed,-10
Greedy,508,3037662008,260065,260172,107,completed,-34
Greedy,507,3658959723,259865,259988,123,completed,-10
Greedy,509,3037662008,260265,260369,104,completed,-34
Greedy,510,3037662008,260465,260570,105,completed,-34
Greedy,511,3037662008,260665,260769,104,completed,-34
Greedy,512,3037662008,260865,260969,104,completed,-34
Greedy,513,3037662008,261066,261173,107,completed,-34
Greedy,514,3037662008,261266,261371,105,completed,-34
Greedy,515,3037662008,261466,261570,104,completed,-34
Greedy,516,3037662008,261666,261770,104,completed,-34
Greedy,517,3037662008,261866,262176,310,completed,-34
Greedy,518,3658959723,262070,262198,128,completed,-9
Greedy,SUMMARY,ALL,0,0,120000,batch_complete,0
----------------,---,---,---,---,---,----------------,---
Greedy,519,3658959723,262270,262394,124,completed,-9
Greedy,520,3658959723,271479,271652,173,completed,-9
Greedy,521,3658959723,271679,271802,123,completed,-9
Greedy,522,3658959723,271879,272003,124,completed,-10
Greedy,523,3037662008,272079,272184,105,completed,-30
Greedy,524,3037662008,272471,272599,128,completed,-30
Greedy,525,3037662008,272671,272776,105,completed,-30
Greedy,526,3037662008,272871,272976,105,completed,-30
Greedy,527,3037662008,273071,273176,105,completed,-30
Greedy,528,3037662008,273271,273569,298,completed,-30
Greedy,529,3037662008,273476,273672,196,completed,-30
Greedy,530,3037662008,273676,273782,106,completed,-30
Greedy,531,3037662008,273876,273981,105,completed,-36
Greedy,532,3658959723,274076,274199,123,completed,-10
Greedy,533,3658959723,274475,274599,124,completed,-10
Greedy,534,3658959723,274675,274799,124,completed,-10
Greedy,535,3658959723,274875,274999,124,completed,-10
Greedy,536,3658959723,275075,275211,136,completed,-10
Greedy,537,3658959723,275476,275821,345,completed,-10
Greedy,538,3658959723,275676,275929,253,completed,-10
Greedy,539,3658959723,275876,276032,156,completed,-10
Greedy,540,3037662008,276076,276181,105,completed,-33
Greedy,541,3037662008,276276,276575,299,completed,-33
Greedy,542,3037662008,276479,276684,205,completed,-33
Greedy,543,3037662008,276679,276787,108,completed,-33
Greedy,544,3037662008,276879,276984,105,completed,-33
Greedy,545,3037662008,277079,277184,105,completed,-33
Greedy,546,3037662008,277478,277585,107,completed,-33
Greedy,547,3037662008,277678,277783,105,completed,-33
Greedy,548,3037662008,277878,277983,105,completed,-35
Greedy,549,3658959723,278078,278202,124,completed,-10
Greedy,550,3658959723,278278,278599,321,completed,-10
Greedy,551,3658959723,278481,278705,224,completed,-10
Greedy,552,3658959723,278681,278808,127,completed,-10
Greedy,553,3658959723,278881,279005,124,completed,-10
Greedy,554,3658959723,279081,279205,124,completed,-10
Greedy,555,3658959723,279281,279597,316,completed,-10
Greedy,556,3658959723,279483,279699,216,completed,-10
Greedy,557,3658959723,279683,279809,126,completed,-10
Greedy,558,3658959723,279883,280008,125,completed,-11
Greedy,559,3037662008,280083,280189,106,completed,-32
Greedy,560,3037662008,280283,280581,298,completed,-32
Greedy,561,3037662008,280486,280689,203,completed,-32
Greedy,562,3037662008,280686,280798,112,completed,-32
Greedy,563,3037662008,280886,280991,105,completed,-32
Greedy,564,3037662008,281086,281192,106,completed,-32
Greedy,565,3037662008,281484,281626,142,completed,-32
Greedy,566,3037662008,281684,281789,105,completed,-32
Greedy,567,3037662008,281884,281989,105,completed,-36
Greedy,568,3658959723,282084,282207,123,completed,-10
Greedy,569,3658959723,282284,282601,317,completed,-10
Greedy,570,3658959723,282487,282714,227,completed,-10
Greedy,571,3658959723,282687,282817,130,completed,-10
Greedy,572,3658959723,282887,283010,123,completed,-10
Greedy,573,3658959723,283087,283210,123,completed,-10
Greedy,574,3658959723,283287,283604,317,completed,-10
Greedy,575,3658959723,283489,283715,226,completed,-10
Greedy,576,3658959723,283689,283818,129,completed,-10
Greedy,577,3658959723,283889,284012,123,completed,-11
Greedy,578,3037662008,284089,284195,106,completed,-34
Greedy,579,3037662008,284289,284588,299,completed,-34
Greedy,580,3037662008,284491,284696,205,completed,-34
Greedy,581,3037662008,284691,284822,131,completed,-34
Greedy,582,3037662008,284891,284997,106,completed,-34
Greedy,583,3037662008,285091,285197,106,completed,-34
Greedy,584,3037662008,285291,285596,305,completed,-34
Greedy,585,3037662008,285496,285704,208,completed,-34
Greedy,586,3037662008,285696,285807,111,completed,-34
Greedy,587,3037662008,285896,286002,106,completed,-35
Greedy,588,3658959723,286096,286220,124,completed,-10
Greedy,589,3658959723,286495,286622,127,completed,-10
Greedy,590,3658959723,288710,289029,319,completed,-10
Greedy,591,3658959723,288918,289283,365,completed,-10
Greedy,592,3658959723,289118,289411,293,completed,-10
Greedy,593,3658959723,289318,289514,196,completed,-10
Greedy,594,3658959723,289518,289642,124,completed,-10
Greedy,595,3658959723,289905,290032,127,completed,-11
Greedy,596,3658959723,290105,290229,124,completed,-11
Greedy,597,3658959723,290312,290438,126,completed,-11
Greedy,598,3658959723,290512,290637,125,completed,-11
Greedy,599,3658959723,290712,290837,125,completed,-11
Greedy,600,3658959723,290914,291096,182,completed,-11
Greedy,601,3658959723,291114,291238,124,completed,-11
Greedy,602,3658959723,291314,291439,125,completed,-11
Greedy,603,3658959723,291514,291638,124,completed,-11
Greedy,604,3658959723,291714,291837,123,completed,-11
Greedy,605,3658959723,291914,292040,126,completed,-10
Greedy,606,3658959723,292114,292238,124,completed,-10
Greedy,607,3658959723,292322,292448,126,completed,-10
Greedy,608,3658959723,292522,292645,123,completed,-10
Greedy,609,3658959723,292912,293037,125,completed,-10
Greedy,610,3658959723,293112,293266,154,completed,-10
Greedy,611,3658959723,293312,293438,126,completed,-10
Greedy,612,3658959723,293512,293636,124,completed,-10
Greedy,613,3658959723,293712,293836,124,completed,-10
Greedy,614,3658959723,293915,294041,126,completed,-10
Greedy,615,3658959723,294115,294239,124,completed,-10
Greedy,616,3658959723,294315,294454,139,completed,-10
Greedy,617,3658959723,294515,294641,126,completed,-10
Greedy,618,3658959723,294715,294839,124,completed,-10
Greedy,619,3658959723,294917,295245,328,completed,-10
Greedy,620,3658959723,295117,295356,239,completed,-10
Greedy,621,3658959723,295317,295458,141,completed,-10
Greedy,622,3658959723,295517,295641,124,completed,-10
Greedy,623,3658959723,295717,295840,123,completed,-10
Greedy,624,3658959723,295917,296043,126,completed,-11
Greedy,625,3658959723,296117,296242,125,completed,-11
Greedy,626,3658959723,296317,296441,124,completed,-11
Greedy,627,3658959723,296517,296640,123,completed,-11
Greedy,628,3658959723,296717,296841,124,completed,-11
Greedy,629,3658959723,296919,297070,151,completed,-11
Greedy,630,3658959723,297119,297242,123,completed,-11
Greedy,631,3658959723,297321,297446,125,completed,-11
Greedy,632,3658959723,297521,297644,123,completed,-11
Greedy,633,3658959723,297721,298036,315,completed,-10
Greedy,634,3658959723,297921,298139,218,completed,-10
Greedy,635,3658959723,298121,298245,124,completed,-10
Greedy,636,3658959723,298321,298447,126,completed,-10
Greedy,637,3658959723,298521,298644,123,completed,-10
Greedy,638,3658959723,298721,299039,318,completed,-10
Greedy,639,3658959723,298921,299143,222,completed,-10
Greedy,640,3658959723,299121,299249,128,completed,-10
Greedy,641,3658959723,299321,299445,124,completed,-10
Greedy,642,3658959723,299521,299644,123,completed,-10
Greedy,643,3658959723,299721,299845,124,completed,-10
Greedy,644,3658959723,299923,300047,124,completed,-10
Greedy,645,3658959723,300123,300247,124,completed,-10
Greedy,646,3658959723,300323,300447,124,completed,-10
Greedy,647,3658959723,300523,300646,123,completed,-10
Greedy,648,3658959723,300723,300847,124,completed,-10
Greedy,649,3658959723,300923,301049,126,completed,-10
Greedy,650,3658959723,301123,301247,124,completed,-10
Greedy,651,3658959723,301323,301447,124,completed,-10
Greedy,652,3658959723,301523,301648,125,completed,-10
Greedy,653,3658959723,301723,301846,123,completed,-10
Greedy,654,3658959723,301924,302050,126,completed,-10
Greedy,655,3658959723,302124,302249,125,completed,-10
Greedy,656,3658959723,302324,302448,124,completed,-10
Greedy,657,3658959723,302524,302649,125,completed,-10
Greedy,658,3658959723,302724,303045,321,completed,-10
Greedy,659,3658959723,302924,303153,229,completed,-10
Greedy,660,3658959723,303124,303256,132,completed,-10
Greedy,661,3658959723,303324,303450,126,completed,-10
Greedy,662,3658959723,303524,303648,124,completed,-10
Greedy,663,3658959723,303724,303848,124,completed,-10
Greedy,664,3658959723,303924,306240,2316,completed,-10
Greedy,665,3658959723,306128,306709,581,completed,-10
Greedy,666,3658959723,306337,306812,475,completed,-10
Greedy,667,3658959723,306537,306915,378,completed,-10
Greedy,668,3658959723,306737,307018,281,completed,-10
Greedy,669,3658959723,306937,307121,184,completed,-10
Greedy,670,3658959723,307337,307520,183,completed,-10
Greedy,671,3658959723,307537,307662,125,completed,-10
Greedy,672,3658959723,307737,307863,126,completed,-10
Greedy,673,3658959723,307937,308061,124,completed,-10
Greedy,674,3658959723,308334,308458,124,completed,-10
Greedy,675,3658959723,308534,308659,125,completed,-10
Greedy,676,3658959723,308734,308858,124,completed,-10
Greedy,677,3658959723,308934,309058,124,completed,-10
Greedy,678,3658959723,309134,309450,316,completed,-10
Greedy,679,3658959723,309337,309562,225,completed,-10
Greedy,680,3658959723,309537,309665,128,completed,-10
Greedy,681,3658959723,309737,309861,124,completed,-10
Greedy,682,3658959723,309937,310062,125,completed,-10
Greedy,683,3658959723,310137,310465,328,completed,-10
Greedy,684,3658959723,310338,310574,236,completed,-10
Greedy,685,3658959723,310538,310677,139,completed,-10
Greedy,686,3658959723,310738,310861,123,completed,-10
Greedy,687,3658959723,310938,311062,124,completed,-10
Greedy,688,3658959723,311138,311455,317,completed,-10
Greedy,689,3658959723,311341,311558,217,completed,-10
Greedy,690,3658959723,311541,311666,125,completed,-10
Greedy,691,3658959723,311741,311865,124,completed,-10
Greedy,692,3658959723,311942,312067,125,completed,-10
Greedy,693,3658959723,312342,312469,127,completed,-10
Greedy,694,3658959723,312542,312666,124,completed,-10
Greedy,695,3658959723,312742,312866,124,completed,-10
Greedy,696,3658959723,312942,313066,124,completed,-10
Greedy,697,3658959723,313142,313458,316,completed,-10
Greedy,698,3658959723,313344,313560,216,completed,-10
Greedy,699,3658959723,313544,313669,125,completed,-10
Greedy,700,3658959723,313744,313867,123,completed,-10
Greedy,701,3658959723,313944,314068,124,completed,-10
Greedy,702,3658959723,314144,314462,318,completed,-10
Greedy,703,3658959723,314344,314565,221,completed,-10
Greedy,704,3658959723,314544,314672,128,completed,-10
Greedy,705,3658959723,314744,314868,124,completed,-10
Greedy,706,3658959723,314944,315068,124,completed,-10
Greedy,707,3658959723,315144,315462,318,completed,-10
Greedy,708,3658959723,315348,315565,217,completed,-10
Greedy,709,3658959723,315548,315674,126,completed,-10
Greedy,710,3658959723,315748,315872,124,completed,-10
Greedy,711,3658959723,315948,316072,124,completed,-10
Greedy,712,3658959723,316347,316473,126,completed,-10
Greedy,713,3658959723,316547,316671,124,completed,-10
Greedy,714,3658959723,316747,316871,124,completed,-10
Greedy,715,3658959723,316947,317071,124,completed,-10
Greedy,716,3658959723,317147,317464,317,completed,-10
Greedy,717,3658959723,317350,317567,217,completed,-10
Greedy,718,3658959723,317550,317676,126,completed,-10
Greedy,719,3658959723,317750,317874,124,completed,-10
Greedy,720,3658959723,317950,318075,125,completed,-10
Greedy,721,3658959723,318150,318467,317,completed,-10
Greedy,722,3658959723,318353,318577,224,completed,-10
Greedy,723,3658959723,318553,318680,127,completed,-10
Greedy,724,3658959723,318753,318877,124,completed,-10
Greedy,725,3658959723,318953,319078,125,completed,-10
Greedy,726,3658959723,319153,319470,317,completed,-10
Greedy,727,3658959723,319355,319578,223,completed,-10
Greedy,728,3658959723,319555,319686,131,completed,-10
Greedy,729,3658959723,319755,319879,124,completed,-10
Greedy,730,3658959723,319955,320080,125,completed,-11
Greedy,731,3658959723,320155,320472,317,completed,-11
Greedy,732,3658959723,320358,320575,217,completed,-11
Greedy,733,3658959723,320558,320683,125,completed,-11
Greedy,734,3658959723,320758,320883,125,completed,-11
Greedy,735,3658959723,320958,321082,124,completed,-11
Greedy,736,3658959723,321350,321475,125,completed,-11
Greedy,737,3658959723,323555,323872,317,completed,-10
Greedy,738,3658959723,323755,323981,226,completed,-11
Greedy,739,3037662008,323955,324061,106,completed,-30
Greedy,740,3037662008,324155,324260,105,completed,-30
Greedy,741,3037662008,324355,324460,105,completed,-30
Greedy,742,3037662008,324555,324661,106,completed,-30
Greedy,743,3037662008,324755,324863,108,completed,-30
Greedy,744,3037662008,324955,325061,106,completed,-30
Greedy,745,3037662008,325155,325260,105,completed,-30
Greedy,746,3037662008,325355,325462,107,completed,-30
Greedy,747,3037662008,325555,325661,106,completed,-30
Greedy,748,3037662008,325758,326050,292,completed,-31
Greedy,749,3658959723,325958,326082,124,completed,-10
Greedy,750,3658959723,326158,326282,124,completed,-10
Greedy,751,3658959723,326358,326482,124,completed,-10
Greedy,752,3658959723,326558,326682,124,completed,-10
Greedy,753,3658959723,326759,326884,125,completed,-10
Greedy,754,3658959723,326959,327083,124,completed,-10
Greedy,755,3658959723,327159,327283,124,completed,-10
Greedy,756,3658959723,327359,327483,124,completed,-10
Greedy,757,3658959723,327559,327684,125,completed,-10
Greedy,758,3658959723,327762,328018,256,completed,-10
Greedy,759,3037662008,327962,328068,106,completed,-33
Greedy,760,3037662008,328162,328267,105,completed,-33
Greedy,761,3037662008,328362,328468,106,completed,-33
Greedy,762,3037662008,328562,328859,297,completed,-33
Greedy,763,3037662008,328762,328962,200,completed,-33
Greedy,764,3037662008,328962,329067,105,completed,-33
Greedy,765,3037662008,329162,329267,105,completed,-33
Greedy,766,3037662008,329362,329468,106,completed,-33
Greedy,767,3037662008,329563,329948,385,completed,-33
Greedy,768,3037662008,329763,330054,291,completed,-33
Greedy,769,3658959723,329963,330088,125,completed,-10
Greedy,770,3658959723,330163,330287,124,completed,-10
Greedy,771,3658959723,330363,330488,125,completed,-10
Greedy,772,3658959723,330563,330686,123,completed,-10
Greedy,773,3658959723,330764,330905,141,completed,-10
Greedy,774,3658959723,330964,331089,125,completed,-10
Greedy,775,3658959723,331164,331288,124,completed,-10
Greedy,776,3658959723,331364,331504,140,completed,-10
Greedy,777,3658959723,331564,331895,331,completed,-10
Greedy,779,3037662008,331964,332069,105,completed,-32
Greedy,778,3658959723,331764,332003,239,completed,-10
Greedy,780,3037662008,332164,332270,106,completed,-32
Greedy,781,3037662008,332364,332469,105,completed,-32
Greedy,782,3037662008,332564,332669,105,completed,-32
Greedy,783,3037662008,332765,332873,108,completed,-32
Greedy,784,3037662008,332965,333070,105,completed,-32
Greedy,785,3037662008,333165,333271,106,completed,-32
Greedy,786,3037662008,333365,333470,105,completed,-32
Greedy,787,3037662008,333565,333865,300,completed,-32
Greedy,788,3037662008,333765,333974,209,completed,-34
Greedy,789,3658959723,333965,334089,124,completed,-10
Greedy,790,3658959723,334165,334290,125,completed,-10
Greedy,791,3658959723,334365,334489,124,completed,-10
Greedy,792,3658959723,334565,334689,124,completed,-10
Greedy,793,3658959723,334767,334892,125,completed,-10
Greedy,794,3658959723,334967,335091,124,completed,-10
Greedy,795,3658959723,335167,335292,125,completed,-10
Greedy,796,3658959723,335367,335491,124,completed,-10
Greedy,797,3658959723,335567,335920,353,completed,-10
Greedy,798,3658959723,335767,336029,262,completed,-10
Greedy,799,3037662008,335967,336073,106,completed,-33
Greedy,800,3037662008,336167,336272,105,completed,-33
Greedy,801,3037662008,336367,336472,105,completed,-33
Greedy,802,3037662008,336567,336672,105,completed,-33
Greedy,803,3037662008,336769,336875,106,completed,-33
Greedy,804,3037662008,336969,337075,106,completed,-33
Greedy,805,3037662008,337169,337274,105,completed,-33
Greedy,806,3037662008,337369,337474,105,completed,-33
Greedy,807,3037662008,337569,337871,302,completed,-33
Greedy,809,3658959723,337969,338094,125,completed,-9
Greedy,808,3037662008,337769,337980,211,completed,-31
Greedy,810,3658959723,338169,338293,124,completed,-9
Greedy,811,3658959723,338369,338493,124,completed,-9
Greedy,812,3658959723,338569,338693,124,completed,-9
Greedy,813,3658959723,340967,341288,321,completed,-10
Greedy,814,3658959723,341168,341390,222,completed,-10
Greedy,815,3658959723,341368,341592,224,completed,-10
Greedy,816,3658959723,341568,341867,299,completed,-10
Greedy,817,3658959723,341768,342291,523,completed,-11
Greedy,818,3658959723,341968,342393,425,completed,-11
Greedy,819,3658959723,342169,342495,326,completed,-11
Greedy,820,3658959723,342369,342597,228,completed,-11
Greedy,821,3658959723,342569,342699,130,completed,-11
Greedy,822,3658959723,342769,342894,125,completed,-11
Greedy,823,3658959723,342969,343096,127,completed,-11
Greedy,824,3658959723,343172,343305,133,completed,-11
Greedy,825,3658959723,343372,343496,124,completed,-11
Greedy,826,3658959723,343572,343696,124,completed,-11
Greedy,827,3658959723,343772,343897,125,completed,-11
Greedy,828,3658959723,343972,344289,317,completed,-10
Greedy,829,3658959723,344172,344405,233,completed,-10
Greedy,830,3658959723,344372,344507,135,completed,-10
Greedy,831,3658959723,344572,344696,124,completed,-10
Greedy,832,3658959723,344772,344896,124,completed,-10
Greedy,833,3658959723,344972,345097,125,completed,-10
Greedy,834,3658959723,345175,345467,292,completed,-10
Greedy,835,3658959723,345375,345575,200,completed,-10
Greedy,836,3658959723,345575,345700,125,completed,-10
Greedy,837,3658959723,345775,345899,124,completed,-10
Greedy,838,3658959723,345975,346099,124,completed,-10
Greedy,839,3658959723,346175,346301,126,completed,-10
Greedy,840,3658959723,346375,346499,124,completed,-10
Greedy,841,3658959723,346575,346700,125,completed,-10
Greedy,842,3658959723,346775,346899,124,completed,-10
Greedy,843,3658959723,346977,347294,317,completed,-10
Greedy,844,3658959723,347177,347403,226,completed,-10
Greedy,845,3658959723,347377,347514,137,completed,-10
Greedy,846,3658959723,347577,347702,125,completed,-10
Greedy,847,3658959723,347777,347901,124,completed,-10
Greedy,848,3658959723,347977,348101,124,completed,-10
Greedy,849,3658959723,348177,348302,125,completed,-10
Greedy,850,3658959723,348377,348502,125,completed,-10
Greedy,851,3658959723,348577,348701,124,completed,-10
Greedy,852,3658959723,348777,348901,124,completed,-10
Greedy,853,3658959723,348977,349296,319,completed,-10
Greedy,854,3658959723,349177,349405,228,completed,-10
Greedy,855,3658959723,349377,349507,130,completed,-10
Greedy,856,3658959723,349577,349701,124,completed,-10
Greedy,857,3658959723,349777,349901,124,completed,-10
Greedy,858,3658959723,349977,350101,124,completed,-10
Greedy,859,3658959723,350178,350305,127,completed,-10
Greedy,860,3658959723,350378,350502,124,completed,-10
Greedy,861,3658959723,350578,350702,124,completed,-10
Greedy,862,3658959723,350778,350902,124,completed,-10
Greedy,863,3658959723,350979,351300,321,completed,-10
Greedy,864,3658959723,351179,351405,226,completed,-10
Greedy,865,3658959723,351379,351507,128,completed,-10
Greedy,866,3658959723,351579,351703,124,completed,-10
Greedy,867,3658959723,351779,351903,124,completed,-10
Greedy,868,3658959723,351979,352105,126,completed,-10
Greedy,869,3658959723,352180,352307,127,completed,-10
Greedy,870,3658959723,352380,352506,126,completed,-10
Greedy,871,3658959723,352580,352704,124,completed,-10
Greedy,872,3658959723,352780,352904,124,completed,-10
Greedy,873,3658959723,352980,353104,124,completed,-10
Greedy,874,3658959723,353181,353307,126,completed,-10
Greedy,875,3658959723,353381,353505,124,completed,-10
Greedy,876,3658959723,353581,353705,124,completed,-10
Greedy,877,3658959723,353781,353905,124,completed,-10
Greedy,878,3658959723,353981,354107,126,completed,-10
Greedy,879,3658959723,354182,354309,127,completed,-10
Greedy,880,3658959723,354382,354506,124,completed,-10
Greedy,881,3658959723,354582,354706,124,completed,-10
Greedy,882,3658959723,354782,354907,125,completed,-10
Greedy,883,3658959723,354982,355301,319,completed,-10
Greedy,884,3658959723,355182,355404,222,completed,-10
Greedy,885,3658959723,355382,355509,127,completed,-10
Greedy,886,3658959723,355582,355707,125,completed,-10
Greedy,887,3658959723,355782,355906,124,completed,-10
Greedy,888,3658959723,355982,356108,126,completed,-10
Greedy,889,3658959723,356186,356312,126,completed,-10
Greedy,890,3658959723,358391,358711,320,completed,-10
Greedy,891,3658959723,358595,358814,219,completed,-10
Greedy,892,3658959723,358795,358921,126,completed,-10
Greedy,893,3658959723,358995,359129,134,completed,-10
Greedy,894,3658959723,359195,359319,124,completed,-10
Greedy,895,3658959723,359395,359712,317,completed,-10
Greedy,896,3658959723,359595,359815,220,completed,-10
Greedy,897,3658959723,359795,359922,127,completed,-10
Greedy,898,3658959723,359995,360120,125,completed,-10
Greedy,899,3658959723,360195,360319,124,completed,-10
Greedy,900,3658959723,360397,360714,317,completed,-10
Greedy,901,3658959723,360597,360817,220,completed,-10
Greedy,902,3658959723,360797,360923,126,completed,-10
Greedy,903,3658959723,360997,361121,124,completed,-10
Greedy,904,3658959723,361197,361322,125,completed,-10
Greedy,905,3658959723,361397,361716,319,completed,-10
Greedy,906,3658959723,361597,361821,224,completed,-10
Greedy,907,3658959723,361797,361924,127,completed,-10
Greedy,908,3658959723,361997,362122,125,completed,-11
Greedy,909,3658959723,362197,362322,125,completed,-11
Greedy,910,3658959723,362398,362715,317,completed,-11
Greedy,911,3658959723,362598,362824,226,completed,-11
Greedy,912,3658959723,362798,362927,129,completed,-11
Greedy,913,3658959723,362998,363123,125,completed,-11
Greedy,914,3658959723,363198,363322,124,completed,-11
Greedy,915,3658959723,363398,363522,124,completed,-11
Greedy,916,3658959723,363598,363724,126,completed,-11
Greedy,917,3658959723,363798,363922,124,completed,-11
Greedy,918,3658959723,363998,364124,126,completed,-11
Greedy,919,3658959723,364198,364322,124,completed,-11
Greedy,920,3658959723,364399,364717,318,completed,-11
Greedy,921,3658959723,364599,364834,235,completed,-11
Greedy,922,3658959723,364799,364937,138,completed,-11
Greedy,923,3658959723,364999,365123,124,completed,-11
Greedy,924,3658959723,365199,365323,124,completed,-11
Greedy,925,3658959723,365399,365548,149,completed,-11
Greedy,926,3658959723,365600,365725,125,completed,-11
Greedy,927,3658959723,365800,365925,125,completed,-11
Greedy,928,3658959723,366000,366127,127,completed,-11
Greedy,929,3658959723,366200,366324,124,completed,-11
Greedy,930,3658959723,366400,366730,330,completed,-11
Greedy,931,3658959723,366600,366833,233,completed,-11
Greedy,932,3658959723,366800,366936,136,completed,-11
Greedy,933,3658959723,367000,367124,124,completed,-11
Greedy,934,3658959723,367200,367325,125,completed,-11
Greedy,935,3658959723,367400,367524,124,completed,-11
Greedy,936,3658959723,367602,367734,132,completed,-11
Greedy,937,3658959723,367802,367927,125,completed,-11
Greedy,938,3658959723,368002,368140,138,completed,-11
Greedy,939,3658959723,368202,368326,124,completed,-11
Greedy,940,3658959723,368402,368723,321,completed,-11
Greedy,941,3658959723,368602,368826,224,completed,-11
Greedy,942,3658959723,368802,368929,127,completed,-11
Greedy,943,3658959723,369002,369126,124,completed,-11
Greedy,944,3658959723,369202,369326,124,completed,-11
Greedy,945,3658959723,369402,369528,126,completed,-11
Greedy,946,3658959723,369603,369731,128,completed,-11
Greedy,947,3658959723,369803,369933,130,completed,-11
Greedy,948,3658959723,370003,370130,127,completed,-10
Greedy,949,3658959723,370203,370328,125,completed,-10
Greedy,950,3658959723,370403,370527,124,completed,-10
Greedy,951,3658959723,370604,370731,127,completed,-10
Greedy,952,3658959723,370804,370929,125,completed,-10
Greedy,953,3658959723,371004,371128,124,completed,-10
Greedy,954,3658959723,371204,371329,125,completed,-10
Greedy,955,3658959723,371404,371528,124,completed,-10
Greedy,956,3658959723,371605,371731,126,completed,-10
Greedy,957,3658959723,371805,371929,124,completed,-10
Greedy,958,3658959723,372005,372129,124,completed,-11
Greedy,959,3658959723,372205,372330,125,completed,-11
Greedy,960,3658959723,372405,372725,320,completed,-11
Greedy,961,3658959723,372605,372833,228,completed,-11
Greedy,962,3658959723,372805,372935,130,completed,-11
Greedy,963,3658959723,373005,373130,125,completed,-11
Greedy,964,3658959723,373205,373329,124,completed,-11
Greedy,972,3037662008,377006,377113,107,completed,-30
Greedy,973,3037662008,377206,377312,106,completed,-30
Greedy,974,3037662008,377406,377512,106,completed,-30
Greedy,975,3037662008,377606,377712,106,completed,-30
Greedy,976,3037662008,377806,377911,105,completed,-30
Greedy,977,3037662008,378013,378119,106,completed,-35
Greedy,978,3037662008,378213,378319,106,completed,-35
Greedy,965,3037662008,378406,378512,106,completed,-35
Greedy,979,3037662008,378413,378621,208,completed,-35
Greedy,966,3037662008,378606,378731,125,completed,-35
Greedy,980,3037662008,378613,378834,221,completed,-35
Greedy,981,3037662008,378813,379112,299,completed,-35
Greedy,982,3037662008,379013,379215,202,completed,-35
Greedy,983,3037662008,379213,379322,109,completed,-35
Greedy,984,3037662008,379413,379520,107,completed,-35
Greedy,985,3037662008,379613,379718,105,completed,-35
Greedy,986,3037662008,379813,379919,106,completed,-35
Greedy,987,3037662008,380017,380149,132,completed,-31
Greedy,988,3037662008,380217,380324,107,completed,-31
Greedy,989,3037662008,380417,380523,106,completed,-31
Greedy,990,3037662008,380617,380722,105,completed,-31
Greedy,967,3037662008,380810,380916,106,completed,-31
Greedy,991,3037662008,380817,381116,299,completed,-31
Greedy,992,3037662008,381017,381224,207,completed,-31
Greedy,968,3037662008,381019,381326,307,completed,-31
Greedy,969,3037662008,381215,381429,214,completed,-31
Greedy,993,3037662008,381217,381532,315,completed,-31
Greedy,970,3037662008,381415,381635,220,completed,-31
Greedy,994,3037662008,381418,381738,320,completed,-31
Greedy,971,3037662008,381615,381841,226,completed,-31
Greedy,995,3037662008,381618,381944,326,completed,-31
Greedy,996,3037662008,381818,382119,301,completed,-34
Greedy,997,3037662008,382019,382225,206,completed,-34
Greedy,998,3037662008,382219,382328,109,completed,-34
Greedy,999,3037662008,382419,382525,106,completed,-34
Greedy,1000,3037662008,382619,382724,105,completed,-34
Greedy,1001,3037662008,382819,383116,297,completed,-34
Greedy,1002,3037662008,383019,383226,207,completed,-34
Greedy,1003,3037662008,383219,383347,128,completed,-34
Greedy,1004,3037662008,383419,383525,106,completed,-34
Greedy,1005,3037662008,383619,383725,106,completed,-34
Greedy,1006,3037662008,383819,384120,301,completed,-37
Greedy,1007,3037662008,384020,384226,206,completed,-37
Greedy,1008,3037662008,384220,384329,109,completed,-37
Greedy,1009,3658959723,384420,384545,125,completed,-10
Greedy,1010,3658959723,384620,384745,125,completed,-10
Greedy,1011,3658959723,384820,384946,126,completed,-10
Greedy,1012,3658959723,385021,385146,125,completed,-10
Greedy,1013,3658959723,385221,385347,126,completed,-10
Greedy,1014,3658959723,385421,385547,126,completed,-10
Greedy,1015,3658959723,385621,385747,126,completed,-10
Greedy,1016,3658959723,385821,386147,326,completed,-10
Greedy,1017,3658959723,386024,386250,226,completed,-10
Greedy,1018,3658959723,386224,386352,128,completed,-10
Greedy,1019,3658959723,386424,386549,125,completed,-10
Greedy,1020,3658959723,386624,386750,126,completed,-10
Greedy,1021,3658959723,386824,387143,319,completed,-10
Greedy,1022,3658959723,387027,387246,219,completed,-10
Greedy,1023,3658959723,387227,387352,125,completed,-10
Greedy,1024,3658959723,387427,387551,124,completed,-10
Greedy,1025,3658959723,387627,387752,125,completed,-10
Greedy,1026,3658959723,387827,388152,325,completed,-10
Greedy,1027,3658959723,388027,388262,235,completed,-10
Greedy,1028,3658959723,388227,388365,138,completed,-10
Greedy,1029,3658959723,388427,388552,125,completed,-10
Greedy,1030,3658959723,388627,388751,124,completed,-10
Greedy,1031,3658959723,388827,388951,124,completed,-10
Greedy,1032,3658959723,389027,389165,138,completed,-10
Greedy,1033,3658959723,389227,389351,124,completed,-10
Greedy,1034,3658959723,389427,389553,126,completed,-10
Greedy,1035,3658959723,389627,389752,125,completed,-10
Greedy,1036,3658959723,389827,390147,320,completed,-10
Greedy,1037,3658959723,390028,390256,228,completed,-10
Greedy,1038,3658959723,390228,390359,131,completed,-10
Greedy,1039,3658959723,390428,390552,124,completed,-10
Greedy,1040,3658959723,390628,390752,124,completed,-10
Greedy,SUMMARY,ALL,0,0,121748,batch_complete,0
----------------,---,---,---,---,---,----------------,---
Greedy,1041,3658959723,390828,390952,124,completed,-10
Greedy,1042,3658959723,400808,400934,126,completed,-10
Greedy,1043,3658959723,401008,401132,124,completed,-10
Greedy,1044,3658959723,401208,401360,152,completed,-10
Greedy,1045,3658959723,401442,401714,272,completed,-10
Greedy,1046,3658959723,401642,401817,175,completed,-10
Greedy,1047,3658959723,401842,401980,138,completed,-10
Greedy,1048,3658959723,402042,402166,124,completed,-10
Greedy,1049,3658959723,402436,402560,124,completed,-10
Greedy,1050,3658959723,402636,402761,125,completed,-10
Greedy,1051,3658959723,402836,402961,125,completed,-10
Greedy,1052,3658959723,403036,403160,124,completed,-10
Greedy,1053,3658959723,403236,403564,328,completed,-10
Greedy,1054,3658959723,403437,403673,236,completed,-10
Greedy,1055,3658959723,403637,403776,139,completed,-10
Greedy,1056,3658959723,403837,403961,124,completed,-10
Greedy,1057,3658959723,404037,404161,124,completed,-11
Greedy,1058,3658959723,404237,404555,318,completed,-11
Greedy,1059,3658959723,404443,404658,215,completed,-11
Greedy,1060,3658959723,404643,404769,126,completed,-11
Greedy,1061,3658959723,404843,404968,125,completed,-11
Greedy,1062,3658959723,405043,405167,124,completed,-11
Greedy,1063,3658959723,405439,405565,126,completed,-11
Greedy,1064,3658959723,405639,405764,125,completed,-11
Greedy,1065,3658959723,405839,405964,125,completed,-11
Greedy,1066,3658959723,406039,406163,124,completed,-11
Greedy,1067,3658959723,406239,406556,317,completed,-11
Greedy,1068,3658959723,406443,406659,216,completed,-11
Greedy,1069,3658959723,406643,406769,126,completed,-11
Greedy,1070,3658959723,406843,406968,125,completed,-11
Greedy,1071,3658959723,407043,407167,124,completed,-11
Greedy,1072,3658959723,407442,407567,125,completed,-11
Greedy,1073,3658959723,407642,407766,124,completed,-11
Greedy,1074,3658959723,407842,407966,124,completed,-11
Greedy,1075,3658959723,408042,408168,126,completed,-11
Greedy,1076,3658959723,408242,408560,318,completed,-11
Greedy,1077,3658959723,410637,410956,319,completed,-11
Greedy,1078,3658959723,410845,411188,343,completed,-11
Greedy,1079,3658959723,411045,411437,392,completed,-11
Greedy,1080,3658959723,411245,411539,294,completed,-11
Greedy,1081,3658959723,411445,411642,197,completed,-11
Greedy,1082,3658959723,411832,411959,127,completed,-11
Greedy,1083,3658959723,412032,412158,126,completed,-11
Greedy,1084,3658959723,412232,412356,124,completed,-11
Greedy,1085,3658959723,412432,412556,124,completed,-11
Greedy,1086,3658959723,412632,412757,125,completed,-11
Greedy,1087,3658959723,412841,413013,172,completed,-11
Greedy,1088,3658959723,413041,413166,125,completed,-11
Greedy,1089,3658959723,413241,413365,124,completed,-11
Greedy,1090,3658959723,413441,413566,125,completed,-11
Greedy,1091,3658959723,413641,413958,317,completed,-11
Greedy,1092,3658959723,413841,414067,226,completed,-11
Greedy,1093,3037662008,414041,414147,106,completed,-31
Greedy,1094,3037662008,414241,414347,106,completed,-31
Greedy,1095,3037662008,414441,414547,106,completed,-31
Greedy,1096,3037662008,414641,414749,108,completed,-31
Greedy,1097,3037662008,414844,415042,198,completed,-31
Greedy,1098,3037662008,415044,415151,107,completed,-31
Greedy,1099,3037662008,415244,415350,106,completed,-31
Greedy,1100,3037662008,415444,415551,107,completed,-31
Greedy,1101,3037662008,415644,415941,297,completed,-31
Greedy,1103,3658959723,416044,416169,125,completed,-10
Greedy,1102,3037662008,415844,416050,206,completed,-35
Greedy,1104,3658959723,416244,416369,125,completed,-10
Greedy,1105,3658959723,416444,416569,125,completed,-10
Greedy,1106,3658959723,416646,416963,317,completed,-10
Greedy,1107,3658959723,416846,417072,226,completed,-10
Greedy,1108,3658959723,417046,417182,136,completed,-10
Greedy,1109,3658959723,417246,417371,125,completed,-10
Greedy,1110,3658959723,417446,417571,125,completed,-10
Greedy,1111,3658959723,417646,417963,317,completed,-10
Greedy,1112,3658959723,417846,418066,220,completed,-12
Greedy,1113,3037662008,418046,418153,107,completed,-32
Greedy,1114,3037662008,418246,418353,107,completed,-32
Greedy,1115,3037662008,418446,418552,106,completed,-32
Greedy,1116,3037662008,418647,418967,320,completed,-32
Greedy,1117,3037662008,418847,419076,229,completed,-32
Greedy,1118,3037662008,419047,419186,139,completed,-32
Greedy,1119,3037662008,419247,419353,106,completed,-32
Greedy,1120,3037662008,419447,419553,106,completed,-32
Greedy,1121,3037662008,419647,419752,105,completed,-32
Greedy,1122,3037662008,419848,419962,114,completed,-32
Greedy,1123,3658959723,420048,420173,125,completed,-10
Greedy,1124,3658959723,420248,420373,125,completed,-10
Greedy,1125,3658959723,420448,420574,126,completed,-10
Greedy,1126,3658959723,420648,420967,319,completed,-10
Greedy,1127,3658959723,420848,421073,225,completed,-10
Greedy,1128,3658959723,421048,421176,128,completed,-10
Greedy,1129,3658959723,421248,421373,125,completed,-10
Greedy,1130,3658959723,421448,421573,125,completed,-10
Greedy,1131,3658959723,421648,421774,126,completed,-10
Greedy,1132,3658959723,421848,421974,126,completed,-10
Greedy,1133,3658959723,422048,422174,126,completed,-11
Greedy,1134,3658959723,422248,422372,124,completed,-11
Greedy,1135,3658959723,422448,422573,125,completed,-11
Greedy,1136,3658959723,422648,422774,126,completed,-11
Greedy,1137,3658959723,422850,422976,126,completed,-11
Greedy,1138,3658959723,423050,423174,124,completed,-11
Greedy,1139,3658959723,423250,423375,125,completed,-11
Greedy,1140,3658959723,423450,423576,126,completed,-11
Greedy,1141,3658959723,423650,423775,125,completed,-11
Greedy,1142,3658959723,423851,423977,126,completed,-11
Greedy,1143,3658959723,424051,424178,127,completed,-10
Greedy,1144,3658959723,424251,424375,124,completed,-10
Greedy,1145,3658959723,424451,424577,126,completed,-10
Greedy,1146,3658959723,424651,424970,319,completed,-10
Greedy,1147,3658959723,424851,425079,228,completed,-10
Greedy,1148,3658959723,425051,425188,137,completed,-10
Greedy,1149,3658959723,425251,425376,125,completed,-10
Greedy,1150,3658959723,425451,425576,125,completed,-10
Greedy,1151,3658959723,425651,425775,124,completed,-10
Greedy,1152,3658959723,425851,428167,2316,completed,-10
Greedy,1153,3658959723,428059,428736,677,completed,-10
Greedy,1154,3658959723,428269,429378,1109,completed,-10
Greedy,1155,3658959723,428469,429538,1069,completed,-10
Greedy,1156,3658959723,428669,429640,971,completed,-10
Greedy,1157,3658959723,428869,429812,943,completed,-10
Greedy,1158,3658959723,429257,430090,833,completed,-11
Greedy,1167,3037662008,431058,431164,106,completed,-32
Greedy,1159,3658959723,429457,430379,922,completed,-11
Greedy,1168,3037662008,431263,431374,111,completed,-32
Greedy,1160,3658959723,429657,430638,981,completed,-11
Greedy,1169,3037662008,431463,431569,106,completed,-32
Greedy,1170,3037662008,431663,431769,106,completed,-32
Greedy,1161,3658959723,429857,430740,883,completed,-11
Greedy,1162,3658959723,430057,430842,785,completed,-11
Greedy,1171,3037662008,431863,431969,106,completed,-32
Greedy,1163,3658959723,430258,430943,685,completed,-11
Greedy,1164,3658959723,430458,431045,587,completed,-11
Greedy,1165,3658959723,430658,431147,489,completed,-11
Greedy,1166,3658959723,430858,431248,390,completed,-11
Greedy,1172,3037662008,432067,432368,301,completed,-32
Greedy,1173,3037662008,432271,432471,200,completed,-32
Greedy,1174,3037662008,432471,432597,126,completed,-32
Greedy,1175,3658959723,432671,432796,125,completed,-11
Greedy,1176,3658959723,432871,432996,125,completed,-11
Greedy,1177,3658959723,433071,433390,319,completed,-11
Greedy,1178,3658959723,433271,433497,226,completed,-11
Greedy,1179,3658959723,433471,433599,128,completed,-11
Greedy,1180,3658959723,433671,433796,125,completed,-11
Greedy,1181,3658959723,433871,433995,124,completed,-11
Greedy,1182,3658959723,434072,434390,318,completed,-11
Greedy,1183,3658959723,434272,434499,227,completed,-11
Greedy,1184,3658959723,434472,434605,133,completed,-11
Greedy,1185,3658959723,434672,434797,125,completed,-11
Greedy,1186,3658959723,434872,434996,124,completed,-11
Greedy,1187,3658959723,435072,435196,124,completed,-11
Greedy,1188,3658959723,435273,435433,160,completed,-11
Greedy,1189,3658959723,435473,435598,125,completed,-11
Greedy,1190,3658959723,435673,435797,124,completed,-11
Greedy,1191,3658959723,435873,435997,124,completed,-11
Greedy,1192,3658959723,436074,436394,320,completed,-11
Greedy,1193,3658959723,436274,436497,223,completed,-11
Greedy,1194,3658959723,436474,436604,130,completed,-11
Greedy,1195,3658959723,436674,436798,124,completed,-11
Greedy,1196,3658959723,436874,436998,124,completed,-11
Greedy,1197,3658959723,437074,437200,126,completed,-11
Greedy,1198,3658959723,437274,437402,128,completed,-11
Greedy,1199,3658959723,437474,437599,125,completed,-11
Greedy,1200,3658959723,437674,437799,125,completed,-11
Greedy,1201,3658959723,437874,437998,124,completed,-11
Greedy,1202,3658959723,438075,438201,126,completed,-12
Greedy,1203,3658959723,438280,438406,126,completed,-12
Greedy,1204,3658959723,438480,438605,125,completed,-12
Greedy,1205,3658959723,438680,438805,125,completed,-12
Greedy,1206,3658959723,438880,439005,125,completed,-12
Greedy,1207,3658959723,439080,439204,124,completed,-12
Greedy,1208,3658959723,439280,439406,126,completed,-12
Greedy,1209,3658959723,439480,439604,124,completed,-12
Greedy,1210,3658959723,439680,439804,124,completed,-12
Greedy,1211,3658959723,439880,440005,125,completed,-11
Greedy,1212,3037662008,440082,440390,308,completed,-33
Greedy,1213,3037662008,440282,440498,216,completed,-33
Greedy,1214,3037662008,440482,440601,119,completed,-33
Greedy,1215,3037662008,440682,440789,107,completed,-33
Greedy,1216,3037662008,440882,440988,106,completed,-33
Greedy,1217,3037662008,441082,441188,106,completed,-33
Greedy,1218,3037662008,441284,441392,108,completed,-33
Greedy,1219,3037662008,441484,441603,119,completed,-33
Greedy,1220,3037662008,441684,441792,108,completed,-33
Greedy,1221,3037662008,441884,441990,106,completed,-33
Greedy,1222,3658959723,442084,442401,317,completed,-10
Greedy,1223,3658959723,442291,442509,218,completed,-10
Greedy,1224,3658959723,442491,442618,127,completed,-10
Greedy,1225,3658959723,442691,442817,126,completed,-10
Greedy,1226,3658959723,442891,443016,125,completed,-10
Greedy,1227,3658959723,443280,443407,127,completed,-10
Greedy,1228,3658959723,445485,445803,318,completed,-10
Greedy,1229,3658959723,445685,445912,227,completed,-10
Greedy,1230,3658959723,445885,446014,129,completed,-11
Greedy,1231,3037662008,446085,446192,107,completed,-30
Greedy,1232,3037662008,446285,446391,106,completed,-30
Greedy,1233,3037662008,446485,446592,107,completed,-30
Greedy,1234,3037662008,446687,446794,107,completed,-30
Greedy,1235,3037662008,446887,446994,107,completed,-30
Greedy,1236,3037662008,447087,447194,107,completed,-30
Greedy,1237,3037662008,447287,447393,106,completed,-30
Greedy,1241,3658959723,448087,448212,125,completed,-10
Greedy,1242,3658959723,448287,448411,124,completed,-10
Greedy,1243,3658959723,448487,448612,125,completed,-10
Greedy,1244,3658959723,448689,448816,127,completed,-10
Greedy,1238,3037662008,447487,447595,108,completed,-30
Greedy,1239,3037662008,447687,447990,303,completed,-30
Greedy,1245,3658959723,448889,449014,125,completed,-10
Greedy,1246,3658959723,449089,449214,125,completed,-10
Greedy,1240,3037662008,447887,448241,354,completed,-33
Greedy,1247,3658959723,449292,449418,126,completed,-10
Greedy,1248,3658959723,449492,449810,318,completed,-10
Greedy,1249,3658959723,449692,449913,221,completed,-10
Greedy,1251,3037662008,450092,450200,108,completed,-32
Greedy,1250,3658959723,449892,450019,127,completed,-11
Greedy,1252,3037662008,450292,450399,107,completed,-32
Greedy,1253,3037662008,450492,450599,107,completed,-32
Greedy,1254,3037662008,450694,450802,108,completed,-32
Greedy,1255,3037662008,450894,451001,107,completed,-32
Greedy,1256,3037662008,451094,451200,106,completed,-32
Greedy,1257,3037662008,451294,451403,109,completed,-32
Greedy,1258,3037662008,451494,451794,300,completed,-32
Greedy,1259,3037662008,451694,451909,215,completed,-32
Greedy,1261,3658959723,452094,452220,126,completed,-10
Greedy,1260,3037662008,451894,452012,118,completed,-32
Greedy,1262,3658959723,452294,452419,125,completed,-10
Greedy,1263,3658959723,452494,452619,125,completed,-10
Greedy,1264,3658959723,452695,452822,127,completed,-10
Greedy,1265,3658959723,452895,453020,125,completed,-10
Greedy,1266,3658959723,453095,453221,126,completed,-10
Greedy,1267,3658959723,453295,453419,124,completed,-10
Greedy,1268,3658959723,453495,453815,320,completed,-10
Greedy,1269,3658959723,453695,453924,229,completed,-10
Greedy,1271,3037662008,454095,454203,108,completed,-31
Greedy,1270,3658959723,453895,454027,132,completed,-11
Greedy,1272,3037662008,454295,454401,106,completed,-31
Greedy,1273,3037662008,454495,454603,108,completed,-31
Greedy,1274,3037662008,454696,454805,109,completed,-31
Greedy,1275,3037662008,454896,455002,106,completed,-31
Greedy,1276,3037662008,455096,455204,108,completed,-31
Greedy,1277,3037662008,455296,455403,107,completed,-31
Greedy,1278,3037662008,455496,455798,302,completed,-31
Greedy,1279,3037662008,455696,455903,207,completed,-31
Greedy,1280,3037662008,455896,456006,110,completed,-31
Greedy,1281,3658959723,456096,456221,125,completed,-10
Greedy,1282,3658959723,456296,456421,125,completed,-10
Greedy,1283,3658959723,456496,456621,125,completed,-10
Greedy,1284,3658959723,456699,456825,126,completed,-10
Greedy,1285,3658959723,456899,457023,124,completed,-10
Greedy,1286,3658959723,457099,457224,125,completed,-10
Greedy,1287,3658959723,457303,457430,127,completed,-10
Greedy,1288,3658959723,457503,457821,318,completed,-10
Greedy,1289,3658959723,457703,457924,221,completed,-10
Greedy,1290,3658959723,457903,458031,128,completed,-11
Greedy,1291,3037662008,458103,458209,106,completed,-29
Greedy,1292,3037662008,458303,458409,106,completed,-29
Greedy,1293,3037662008,458503,458801,298,completed,-29
Greedy,1294,3037662008,458703,458911,208,completed,-29
Greedy,1295,3037662008,458903,459014,111,completed,-29
Greedy,1296,3037662008,459103,459211,108,completed,-29
Greedy,1297,3037662008,459303,459409,106,completed,-29
Greedy,1298,3037662008,459503,459805,302,completed,-29
Greedy,1299,3037662008,459703,459911,208,completed,-29
Greedy,1301,3658959723,460103,460227,124,completed,-10
Greedy,1300,3037662008,459903,460014,111,completed,-33
Greedy,1304,3658959723,462905,463253,348,completed,-11
Greedy,1305,3658959723,463105,463361,256,completed,-11
Greedy,1306,3658959723,463305,463471,166,completed,-11
Greedy,1307,3658959723,463505,463630,125,completed,-11
Greedy,1308,3658959723,463705,463830,125,completed,-11
Greedy,1309,3658959723,463905,464031,126,completed,-10
Greedy,1302,3658959723,460308,460434,126,completed,-10
Greedy,1303,3658959723,460701,460827,126,completed,-10
Greedy,1310,3658959723,464106,464233,127,completed,-10
Greedy,1311,3658959723,464306,464435,129,completed,-10
Greedy,1312,3037662008,464506,464613,107,completed,-33
Greedy,1313,3037662008,464706,464813,107,completed,-33
Greedy,1314,3037662008,464906,465013,107,completed,-33
Greedy,1315,3037662008,465108,465389,281,completed,-33
Greedy,1316,3037662008,465308,465497,189,completed,-33
Greedy,1317,3037662008,465508,465615,107,completed,-33
Greedy,1318,3037662008,465708,465814,106,completed,-33
Greedy,1320,3658959723,466110,466235,125,completed,-10
Greedy,1319,3037662008,465908,466016,108,completed,-32
Greedy,1321,3658959723,466313,466439,126,completed,-10
Greedy,1322,3658959723,466513,466638,125,completed,-10
Greedy,1323,3658959723,466713,466838,125,completed,-10
Greedy,1324,3658959723,467105,467231,126,completed,-10
Greedy,1325,3658959723,467312,467439,127,completed,-10
Greedy,1326,3658959723,467512,467637,125,completed,-10
Greedy,1327,3658959723,467712,467837,125,completed,-10
Greedy,1328,3658959723,467912,468231,319,completed,-10
Greedy,1329,3658959723,468113,468342,229,completed,-10
Greedy,1330,3658959723,468316,468445,129,completed,-10
Greedy,1331,3658959723,468516,468641,125,completed,-10
Greedy,1332,3658959723,468716,468842,126,completed,-10
Greedy,1333,3658959723,469108,469234,126,completed,-10
Greedy,1334,3658959723,469312,469438,126,completed,-10
Greedy,1335,3658959723,469512,469637,125,completed,-10
Greedy,1336,3658959723,469712,469837,125,completed,-10
Greedy,1338,3037662008,470113,470220,107,completed,-31
Greedy,1337,3658959723,469912,470037,125,completed,-11
Greedy,1339,3037662008,470313,470450,137,completed,-31
Greedy,1340,3037662008,470513,470620,107,completed,-31
Greedy,1341,3037662008,470713,470819,106,completed,-31
Greedy,1342,3037662008,470913,471214,301,completed,-31
Greedy,1343,3037662008,471113,471317,204,completed,-31
Greedy,1344,3037662008,471317,471426,109,completed,-31
Greedy,1345,3037662008,471517,471623,106,completed,-31
Greedy,1346,3037662008,471717,471823,106,completed,-31
Greedy,1348,3658959723,472120,472245,125,completed,-10
Greedy,1347,3037662008,471917,472221,304,completed,-34
Greedy,1349,3658959723,472320,472445,125,completed,-10
Greedy,1350,3658959723,472520,472645,125,completed,-10
Greedy,1351,3658959723,472720,472845,125,completed,-10
Greedy,1352,3658959723,472920,473237,317,completed,-10
Greedy,1353,3658959723,473120,473340,220,completed,-10
Greedy,1354,3658959723,473320,473448,128,completed,-10
Greedy,1355,3658959723,473520,473645,125,completed,-10
Greedy,1356,3658959723,473720,473845,125,completed,-10
Greedy,1357,3658959723,473920,474045,125,completed,-11
Greedy,1358,3037662008,474122,474229,107,completed,-30
Greedy,1359,3037662008,474329,474436,107,completed,-30
Greedy,1360,3037662008,474529,474635,106,completed,-30
Greedy,1361,3037662008,474729,474835,106,completed,-30
Greedy,1362,3037662008,475117,475224,107,completed,-30
Greedy,1363,3037662008,475317,475424,107,completed,-30
Greedy,1364,3037662008,475517,475623,106,completed,-30
Greedy,1365,3037662008,475717,475823,106,completed,-30
Greedy,1366,3037662008,475917,476024,107,completed,-33
Greedy,1367,3658959723,476124,476250,126,completed,-10
Greedy,1368,3658959723,476324,476449,125,completed,-10
Greedy,1369,3658959723,476524,476648,124,completed,-10
Greedy,1370,3658959723,476724,476849,125,completed,-10
Greedy,1371,3658959723,476924,477244,320,completed,-10
Greedy,1372,3658959723,477124,477347,223,completed,-10
Greedy,1373,3658959723,477324,477463,139,completed,-10
Greedy,1374,3658959723,477524,477649,125,completed,-10
Greedy,1375,3658959723,477724,477848,124,completed,-10
Greedy,1382,3037662008,481320,481619,299,completed,-31
Greedy,1383,3037662008,481520,481728,208,completed,-31
Greedy,1384,3037662008,481720,481831,111,completed,-31
Greedy,1385,3037662008,481920,482028,108,completed,-33
Greedy,1386,3037662008,482120,482226,106,completed,-33
Greedy,1376,3658959723,477924,478049,125,completed,-12
Greedy,1387,3037662008,482325,482662,337,completed,-33
Greedy,1377,3658959723,480317,480637,320,completed,-11
Greedy,1378,3658959723,480520,481108,588,completed,-11
Greedy,1379,3658959723,480720,481384,664,completed,-11
Greedy,1380,3658959723,480920,481660,740,completed,-11
Greedy,1381,3658959723,481120,481761,641,completed,-11
Greedy,1388,3658959723,482527,482735,208,completed,-10
Greedy,1389,3658959723,482727,482853,126,completed,-10
Greedy,1390,3658959723,482927,483054,127,completed,-10
Greedy,1391,3658959723,483127,483277,150,completed,-10
Greedy,1392,3658959723,483327,483646,319,completed,-10
Greedy,1393,3658959723,483529,483762,233,completed,-10
Greedy,1394,3658959723,483729,483864,135,completed,-10
Greedy,1396,3037662008,484129,484235,106,completed,-31
Greedy,1395,3658959723,483929,484055,126,completed,-11
Greedy,1397,3037662008,484330,484639,309,completed,-31
Greedy,1398,3037662008,484532,484747,215,completed,-31
Greedy,1399,3037662008,484732,484856,124,completed,-31
Greedy,1400,3037662008,484932,485038,106,completed,-31
Greedy,1401,3037662008,485132,485239,107,completed,-31
Greedy,1402,3037662008,485332,485632,300,completed,-31
Greedy,1403,3037662008,485532,485735,203,completed,-31
Greedy,1404,3037662008,485732,485841,109,completed,-31
Greedy,1405,3037662008,485932,486039,107,completed,-32
Greedy,1406,3658959723,486132,486257,125,completed,-10
Greedy,1407,3658959723,486332,486472,140,completed,-10
Greedy,1408,3658959723,486536,486834,298,completed,-10
Greedy,1409,3658959723,486736,486944,208,completed,-10
Greedy,1410,3658959723,486936,487061,125,completed,-10
Greedy,1411,3658959723,487136,487261,125,completed,-10
Greedy,1412,3658959723,487336,487662,326,completed,-10
Greedy,1413,3658959723,487536,487770,234,completed,-10
Greedy,1414,3658959723,487736,487880,144,completed,-10
Greedy,1415,3658959723,487936,488061,125,completed,-11
Greedy,1416,3037662008,488136,488242,106,completed,-31
Greedy,1417,3037662008,488338,488650,312,completed,-31
Greedy,1418,3037662008,488542,488759,217,completed,-31
Greedy,1419,3037662008,488742,488868,126,completed,-31
Greedy,1420,3037662008,488942,489051,109,completed,-31
Greedy,1421,3037662008,489142,489249,107,completed,-31
Greedy,1422,3037662008,489534,489641,107,completed,-31
Greedy,1423,3037662008,489734,489840,106,completed,-31
Greedy,1424,3037662008,489934,490041,107,completed,-36
Greedy,1425,3658959723,490134,490259,125,completed,-11
Greedy,1426,3658959723,490334,490459,125,completed,-11
Greedy,1427,3658959723,490541,490683,142,completed,-11
Greedy,1428,3658959723,490741,490866,125,completed,-11
Greedy,1429,3658959723,490941,491065,124,completed,-11
Greedy,1430,3658959723,491141,491268,127,completed,-11
Greedy,1431,3658959723,491341,491659,318,completed,-11
Greedy,1432,3658959723,491541,491769,228,completed,-11
Greedy,1433,3658959723,491741,491872,131,completed,-11
Greedy,1434,3658959723,491941,492066,125,completed,-11
Greedy,1435,3037662008,492141,492247,106,completed,-30
Greedy,1436,3037662008,492341,492448,107,completed,-30
Greedy,1437,3037662008,492544,492787,243,completed,-30
Greedy,1438,3037662008,492744,492897,153,completed,-30
Greedy,1439,3037662008,492944,493051,107,completed,-30
Greedy,1440,3037662008,493144,493251,107,completed,-30
Greedy,1441,3037662008,493344,493645,301,completed,-30
Greedy,1442,3037662008,493544,493754,210,completed,-30
Greedy,1443,3037662008,493744,493857,113,completed,-30
Greedy,1444,3037662008,493944,494051,107,completed,-34
Greedy,1445,3658959723,494144,494269,125,completed,-11
Greedy,1446,3658959723,494344,494471,127,completed,-11
Greedy,1447,3658959723,494547,494708,161,completed,-11
Greedy,1448,3658959723,494747,494872,125,completed,-11
Greedy,1449,3658959723,494947,495072,125,completed,-11
Greedy,1450,3658959723,495147,495272,125,completed,-11
Greedy,1451,3658959723,495347,495666,319,completed,-11
Greedy,1452,3658959723,497752,498072,320,completed,-10
Greedy,1453,3658959723,497957,498180,223,completed,-10
Greedy,1454,3037662008,498157,498266,109,completed,-31
Greedy,1455,3037662008,498357,498463,106,completed,-31
Greedy,1456,3037662008,498557,498663,106,completed,-31
Greedy,1457,3037662008,498947,499055,108,completed,-31
Greedy,1458,3037662008,499147,499254,107,completed,-31
Greedy,1459,3037662008,499347,499454,107,completed,-31
Greedy,1460,3037662008,499547,499653,106,completed,-31
Greedy,1461,3037662008,499747,500052,305,completed,-33
Greedy,1462,3037662008,499951,500161,210,completed,-33
Greedy,1463,3658959723,500151,500277,126,completed,-10
Greedy,1464,3658959723,500351,500476,125,completed,-10
Greedy,1465,3658959723,500551,500675,124,completed,-10
Greedy,1466,3658959723,500751,500876,125,completed,-10
Greedy,1467,3658959723,500955,501081,126,completed,-10
Greedy,1468,3658959723,501155,501281,126,completed,-10
Greedy,1469,3658959723,501355,501480,125,completed,-10
Greedy,1470,3658959723,501555,501680,125,completed,-10
Greedy,1471,3658959723,501755,501881,126,completed,-10
Greedy,1472,3658959723,501958,502109,151,completed,-11
Greedy,1473,3037662008,502158,502265,107,completed,-32
Greedy,1474,3037662008,502358,502485,127,completed,-32
Greedy,1475,3037662008,502558,502664,106,completed,-32
Greedy,1476,3037662008,502758,502865,107,completed,-32
Greedy,1477,3037662008,502958,503066,108,completed,-32
Greedy,1478,3037662008,503158,503265,107,completed,-32
Greedy,1479,3037662008,503358,503465,107,completed,-32
Greedy,1480,3037662008,503558,503664,106,completed,-32
Greedy,1481,3037662008,503758,503865,107,completed,-32
Greedy,1482,3037662008,503960,504141,181,completed,-32
Greedy,1483,3658959723,504160,504285,125,completed,-10
Greedy,1484,3658959723,504360,504485,125,completed,-10
Greedy,1485,3658959723,504560,504685,125,completed,-10
Greedy,1486,3658959723,504760,504887,127,completed,-10
Greedy,1487,3658959723,504960,505086,126,completed,-10
Greedy,1488,3658959723,505160,505285,125,completed,-10
Greedy,1489,3658959723,505360,505485,125,completed,-10
Greedy,1490,3658959723,505560,505685,125,completed,-10
Greedy,1491,3658959723,505760,505886,126,completed,-10
Greedy,1492,3658959723,505962,506143,181,completed,-10
Greedy,1493,3658959723,506162,506287,125,completed,-10
Greedy,1494,3658959723,506362,506487,125,completed,-10
Greedy,1495,3658959723,506562,506698,136,completed,-10
Greedy,1496,3658959723,506762,506887,125,completed,-10
Greedy,1497,3658959723,506962,507089,127,completed,-10
Greedy,1498,3658959723,507162,507287,125,completed,-10
Greedy,1499,3658959723,507362,507487,125,completed,-10
Greedy,1500,3658959723,507562,507688,126,completed,-10
Greedy,1501,3658959723,507762,507888,126,completed,-10
Greedy,1502,3658959723,507964,508145,181,completed,-10
Greedy,1503,3658959723,508164,508288,124,completed,-10
Greedy,1504,3658959723,508364,508490,126,completed,-10
Greedy,1505,3658959723,508564,508689,125,completed,-10
Greedy,1506,3658959723,508764,508889,125,completed,-10
Greedy,1507,3658959723,508964,509091,127,completed,-10
Greedy,1508,3658959723,509164,509289,125,completed,-10
Greedy,1509,3658959723,509364,509490,126,completed,-10
Greedy,1510,3658959723,509564,509689,125,completed,-10
Greedy,1511,3658959723,509764,509889,125,completed,-10
Greedy,1512,3658959723,509966,510145,179,completed,-11
Greedy,1513,3658959723,510166,510292,126,completed,-11
Greedy,1514,3658959723,510366,510529,163,completed,-11
Greedy,1515,3658959723,510566,510690,124,completed,-11
Greedy,1516,3658959723,510766,510892,126,completed,-11
Greedy,1517,3658959723,510967,511093,126,completed,-11
Greedy,1518,3658959723,511167,511293,126,completed,-11
Greedy,1519,3658959723,511367,511492,125,completed,-11
Greedy,1520,3658959723,511567,511692,125,completed,-11
Greedy,1521,3658959723,511767,511892,125,completed,-11
Greedy,1522,3658959723,511969,512147,178,completed,-11
Greedy,1523,3658959723,512169,512294,125,completed,-11
Greedy,1524,3658959723,512369,512495,126,completed,-11
Greedy,1525,3658959723,512569,512694,125,completed,-11
Greedy,1526,3658959723,512769,512894,125,completed,-11
Greedy,1527,3658959723,512971,513098,127,completed,-11
Greedy,1528,3658959723,515176,515497,321,completed,-10
Greedy,1529,3658959723,515386,515615,229,completed,-10
Greedy,1530,3658959723,515586,515723,137,completed,-10
Greedy,1531,3658959723,515786,515912,126,completed,-10
Greedy,1532,3658959723,515986,516111,125,completed,-11
Greedy,1533,3037662008,516379,516527,148,completed,-34
Greedy,1534,3037662008,516579,516687,108,completed,-34
Greedy,1535,3037662008,516779,516886,107,completed,-34
Greedy,1536,3037662008,516979,517086,107,completed,-34
Greedy,1537,3037662008,517179,517497,318,completed,-34
Greedy,1538,3037662008,517379,517605,226,completed,-34
Greedy,1539,3037662008,517579,517708,129,completed,-34
Greedy,1540,3037662008,517779,517886,107,completed,-34
Greedy,1542,3658959723,518179,518304,125,completed,-10
Greedy,1541,3037662008,517979,518086,107,completed,-36
Greedy,1543,3658959723,518391,518516,125,completed,-10
Greedy,1544,3658959723,518591,518735,144,completed,-10
Greedy,1545,3658959723,518791,518917,126,completed,-10
Greedy,1546,3658959723,518991,519117,126,completed,-10
Greedy,1547,3658959723,519384,519705,321,completed,-10
Greedy,1548,3658959723,519584,519820,236,completed,-10
Greedy,1549,3658959723,519784,519923,139,completed,-10
Greedy,1550,3658959723,519984,520109,125,completed,-10
Greedy,1551,3037662008,520184,520485,301,completed,-31
Greedy,1552,3037662008,520387,520588,201,completed,-31
Greedy,1553,3037662008,520587,520696,109,completed,-31
Greedy,SUMMARY,ALL,0,0,120000,batch_complete,0
----------------,---,---,---,---,---,----------------,---
Greedy,1554,3037662008,520787,520894,107,completed,-31
Greedy,1555,3658959723,534929,535056,127,completed,-11
Greedy,1556,3658959723,535129,535254,125,completed,-11
Greedy,1557,3658959723,535329,535455,126,completed,-11
Greedy,1558,3658959723,535529,535654,125,completed,-11
Greedy,1559,3658959723,535796,535923,127,completed,-11
Greedy,1560,3658959723,535996,536122,126,completed,-11
Greedy,1561,3037662008,536196,536303,107,completed,-35
Greedy,1562,3037662008,536396,536503,107,completed,-35
Greedy,1563,3037662008,536596,536704,108,completed,-35
Greedy,1564,3037662008,536799,536909,110,completed,-35
Greedy,1565,3037662008,536999,537106,107,completed,-35
Greedy,1566,3037662008,537199,537307,108,completed,-35
Greedy,1567,3037662008,537399,537506,107,completed,-35
Greedy,1568,3037662008,537599,537707,108,completed,-35
Greedy,1569,3037662008,537799,537908,109,completed,-35
Greedy,1570,3037662008,537999,538106,107,completed,-33
Greedy,1571,3658959723,538199,538325,126,completed,-11
Greedy,1572,3658959723,538399,538524,125,completed,-11
Greedy,1573,3658959723,538599,538726,127,completed,-11
Greedy,1574,3658959723,538801,539005,204,completed,-11
Greedy,1575,3658959723,539001,539127,126,completed,-11
Greedy,1576,3658959723,539201,539326,125,completed,-11
Greedy,1577,3658959723,539401,539526,125,completed,-11
Greedy,1578,3658959723,539601,539726,125,completed,-11
Greedy,1579,3658959723,539801,539928,127,completed,-11
Greedy,1580,3658959723,540001,540127,126,completed,-11
Greedy,1581,3037662008,540201,540308,107,completed,-30
Greedy,1582,3037662008,540401,540508,107,completed,-30
Greedy,1583,3037662008,540601,540901,300,completed,-30
Greedy,1584,3037662008,540801,541060,259,completed,-30
Greedy,1585,3037662008,541001,541163,162,completed,-30
Greedy,1586,3037662008,541201,541308,107,completed,-30
Greedy,1587,3037662008,541401,541508,107,completed,-30
Greedy,1588,3037662008,541601,541708,107,completed,-30
Greedy,1589,3037662008,541803,541913,110,completed,-30
Greedy,1590,3037662008,542003,542110,107,completed,-36
Greedy,1591,3658959723,542203,542328,125,completed,-10
Greedy,1592,3658959723,542403,542550,147,completed,-10
Greedy,1593,3658959723,542603,542729,126,completed,-10
Greedy,1594,3658959723,542806,542935,129,completed,-10
Greedy,1595,3658959723,543006,543155,149,completed,-10
Greedy,1596,3658959723,543206,543331,125,completed,-10
Greedy,1597,3658959723,543406,543531,125,completed,-10
Greedy,1598,3658959723,543606,543923,317,completed,-10
Greedy,1599,3658959723,543806,544026,220,completed,-10
Greedy,1601,3037662008,544206,544313,107,completed,-34
Greedy,1600,3658959723,544006,544132,126,completed,-11
Greedy,1602,3037662008,544406,544513,107,completed,-34
Greedy,1603,3037662008,544606,544909,303,completed,-34
Greedy,1604,3037662008,544806,545014,208,completed,-34
Greedy,1605,3037662008,545006,545117,111,completed,-34
Greedy,1606,3037662008,545206,545314,108,completed,-34
Greedy,1607,3037662008,545406,545514,108,completed,-34
Greedy,1608,3037662008,545606,545713,107,completed,-34
Greedy,1609,3037662008,545807,545916,109,completed,-34
Greedy,1610,3037662008,546007,546114,107,completed,-32
Greedy,1611,3658959723,546207,546332,125,completed,-10
Greedy,1612,3658959723,546407,546532,125,completed,-10
Greedy,1613,3658959723,546607,546734,127,completed,-10
Greedy,1614,3658959723,546811,547029,218,completed,-10
Greedy,1615,3658959723,547011,547138,127,completed,-10
Greedy,1616,3658959723,547211,547336,125,completed,-10
Greedy,1617,3658959723,547411,547537,126,completed,-10
Greedy,1618,3658959723,547611,547931,320,completed,-10
Greedy,1619,3658959723,550014,550336,322,completed,-11
Greedy,1620,3658959723,550220,550555,335,completed,-11
Greedy,1621,3658959723,550420,550658,238,completed,-11
Greedy,1622,3658959723,550620,550761,141,completed,-11
Greedy,1623,3658959723,550820,550945,125,completed,-11
Greedy,1624,3658959723,551214,551341,127,completed,-11
Greedy,1625,3658959723,551414,551540,126,completed,-11
Greedy,1626,3658959723,551614,551740,126,completed,-11
Greedy,1627,3658959723,551814,551939,125,completed,-11
Greedy,1628,3658959723,552014,552139,125,completed,-10
Greedy,1629,3037662008,552221,552333,112,completed,-36
Greedy,1630,3037662008,552421,552529,108,completed,-36
Greedy,1631,3037662008,552621,552728,107,completed,-36
Greedy,1632,3037662008,552821,552929,108,completed,-36
Greedy,1633,3037662008,553212,553320,108,completed,-36
Greedy,1634,3037662008,553412,553520,108,completed,-36
Greedy,1635,3037662008,553612,553720,108,completed,-36
Greedy,1636,3037662008,553812,553919,107,completed,-36
Greedy,1637,3037662008,554012,554120,108,completed,-32
Greedy,1638,3658959723,554221,554349,128,completed,-10
Greedy,1639,3658959723,554421,554546,125,completed,-10
Greedy,1640,3658959723,554621,554747,126,completed,-10
Greedy,1641,3658959723,554821,554946,125,completed,-10
Greedy,1642,3658959723,555021,555339,318,completed,-10
Greedy,1643,3658959723,555221,555449,228,completed,-10
Greedy,1644,3658959723,555421,555552,131,completed,-10
Greedy,1645,3658959723,555621,555747,126,completed,-10
Greedy,1646,3658959723,555821,555946,125,completed,-10
Greedy,1647,3658959723,556022,556341,319,completed,-10
Greedy,1648,3658959723,556223,556482,259,completed,-10
Greedy,1649,3658959723,556423,556585,162,completed,-10
Greedy,1650,3658959723,556623,556748,125,completed,-10
Greedy,1651,3658959723,556823,556948,125,completed,-10
Greedy,1652,3658959723,557023,557340,317,completed,-10
Greedy,1653,3658959723,557223,557443,220,completed,-10
Greedy,1654,3658959723,557423,557551,128,completed,-10
Greedy,1655,3658959723,557623,557748,125,completed,-10
Greedy,1656,3658959723,557823,557948,125,completed,-10
Greedy,1657,3658959723,558023,558343,320,completed,-11
Greedy,1658,3658959723,558225,558446,221,completed,-11
Greedy,1659,3658959723,558425,558552,127,completed,-11
Greedy,1660,3658959723,558625,558751,126,completed,-11
Greedy,1661,3658959723,558825,558950,125,completed,-11
Greedy,1662,3658959723,559025,559343,318,completed,-11
Greedy,1663,3658959723,559225,559446,221,completed,-11
Greedy,1664,3658959723,559425,559552,127,completed,-11
Greedy,1665,3658959723,559625,559750,125,completed,-11
Greedy,1666,3658959723,559825,559950,125,completed,-11
Greedy,1667,3658959723,560025,560346,321,completed,-11
Greedy,1668,3658959723,560229,560449,220,completed,-11
Greedy,1669,3658959723,560429,560556,127,completed,-11
Greedy,1670,3658959723,560629,560754,125,completed,-11
Greedy,1671,3658959723,560829,560954,125,completed,-11
Greedy,1672,3658959723,561029,561347,318,completed,-11
Greedy,1673,3658959723,561229,561450,221,completed,-11
Greedy,1674,3658959723,561429,561556,127,completed,-11
Greedy,1675,3658959723,561629,561754,125,completed,-11
Greedy,1676,3658959723,561829,561954,125,completed,-11
Greedy,1678,3037662008,562230,562338,108,completed,-33
Greedy,1677,3658959723,562029,562154,125,completed,-10
Greedy,1679,3037662008,562430,562537,107,completed,-33
Greedy,1680,3037662008,562630,562737,107,completed,-33
Greedy,1681,3037662008,562830,562938,108,completed,-33
Greedy,1682,3037662008,563030,563137,107,completed,-33
Greedy,1683,3037662008,563231,563340,109,completed,-33
Greedy,1684,3037662008,563431,563538,107,completed,-33
Greedy,1685,3037662008,563631,563739,108,completed,-33
Greedy,1686,3037662008,563831,563939,108,completed,-33
Greedy,1687,3037662008,564031,564336,305,completed,-34
Greedy,1688,3658959723,564234,564360,126,completed,-10
Greedy,1689,3658959723,564434,564559,125,completed,-10
Greedy,1690,3658959723,564634,564760,126,completed,-10
Greedy,1691,3658959723,564834,564960,126,completed,-10
Greedy,1692,3658959723,565034,565353,319,completed,-10
Greedy,1693,3658959723,567430,567751,321,completed,-15
Greedy,1694,3658959723,567632,567860,228,completed,-15
Greedy,1695,3658959723,567832,567963,131,completed,-15
Greedy,1696,3658959723,568032,568157,125,completed,-10
Greedy,1697,3037662008,568232,568339,107,completed,-31
Greedy,1698,3037662008,568432,568734,302,completed,-31
Greedy,1699,3037662008,568632,568837,205,completed,-31
Greedy,1700,3037662008,568832,568942,110,completed,-31
Greedy,1701,3037662008,569032,569140,108,completed,-31
Greedy,1702,3037662008,569232,569339,107,completed,-31
Greedy,1703,3037662008,569432,569540,108,completed,-31
Greedy,1704,3037662008,569636,569744,108,completed,-31
Greedy,1705,3037662008,569836,569944,108,completed,-31
Greedy,1706,3037662008,570036,570143,107,completed,-32
Greedy,1707,3658959723,570236,570361,125,completed,-10
Greedy,1708,3658959723,570436,570755,319,completed,-10
Greedy,1709,3658959723,570636,570858,222,completed,-10
Greedy,1710,3658959723,570836,570964,128,completed,-10
Greedy,1711,3658959723,571036,571161,125,completed,-10
Greedy,1712,3658959723,571236,571361,125,completed,-10
Greedy,1713,3658959723,571438,571756,318,completed,-10
Greedy,1714,3658959723,571638,571865,227,completed,-10
Greedy,1715,3658959723,571838,571975,137,completed,-10
Greedy,1716,3658959723,572038,572164,126,completed,-10
Greedy,1717,3037662008,572238,572347,109,completed,-32
Greedy,1718,3037662008,572438,572737,299,completed,-32
Greedy,1719,3037662008,572638,572846,208,completed,-32
Greedy,1720,3037662008,572838,572949,111,completed,-32
Greedy,1721,3037662008,573038,573145,107,completed,-32
Greedy,1722,3037662008,573238,573346,108,completed,-32
Greedy,1723,3037662008,573439,573739,300,completed,-32
Greedy,1724,3037662008,573639,573848,209,completed,-32
Greedy,1725,3037662008,573839,573950,111,completed,-32
Greedy,1726,3037662008,574039,574148,109,completed,-34
Greedy,1727,3658959723,574239,574364,125,completed,-10
Greedy,1728,3658959723,574439,574565,126,completed,-10
Greedy,1729,3658959723,574640,574767,127,completed,-10
Greedy,1730,3658959723,574840,574965,125,completed,-10
Greedy,1731,3658959723,575040,575166,126,completed,-10
Greedy,1732,3658959723,575240,575366,126,completed,-10
Greedy,1733,3658959723,575440,575777,337,completed,-10
Greedy,1734,3658959723,575640,575885,245,completed,-10
Greedy,1735,3658959723,575840,575995,155,completed,-10
Greedy,1736,3658959723,576040,576165,125,completed,-10
Greedy,1737,3037662008,576240,576347,107,completed,-34
Greedy,1738,3037662008,576440,576547,107,completed,-34
Greedy,1739,3037662008,576642,576751,109,completed,-34
Greedy,1740,3037662008,576842,576950,108,completed,-34
Greedy,1741,3037662008,577042,577150,108,completed,-34
Greedy,1742,3037662008,577242,577349,107,completed,-34
Greedy,1743,3037662008,577442,577744,302,completed,-34
Greedy,1744,3037662008,577642,577853,211,completed,-34
Greedy,1745,3037662008,577842,577956,114,completed,-34
Greedy,1746,3037662008,578042,578149,107,completed,-37
Greedy,1747,3658959723,578242,578368,126,completed,-10
Greedy,1748,3658959723,578442,578567,125,completed,-10
Greedy,1749,3658959723,578644,578772,128,completed,-10
Greedy,1750,3658959723,578844,578970,126,completed,-10
Greedy,1751,3658959723,579044,579170,126,completed,-10
Greedy,1752,3658959723,579244,579369,125,completed,-10
Greedy,1753,3658959723,579444,579765,321,completed,-10
Greedy,1754,3658959723,579644,579870,226,completed,-10
Greedy,1755,3658959723,579844,579973,129,completed,-10
Greedy,1756,3658959723,580044,580175,131,completed,-10
Greedy,1757,3037662008,580244,580352,108,completed,-34
Greedy,1758,3037662008,580444,580552,108,completed,-34
Greedy,1759,3037662008,580647,580757,110,completed,-34
Greedy,1760,3037662008,580847,580955,108,completed,-34
Greedy,1761,3037662008,581047,581155,108,completed,-34
Greedy,1762,3037662008,581247,581354,107,completed,-34
Greedy,1763,3037662008,581447,581750,303,completed,-34
Greedy,1764,3037662008,581647,581858,211,completed,-34
Greedy,1765,3037662008,581847,582023,176,completed,-34
Greedy,1766,3037662008,582047,582155,108,completed,-37
Greedy,1767,3658959723,582247,582373,126,completed,-9
Greedy,1768,3658959723,582447,582573,126,completed,-9
Greedy,1781,3037662008,587241,587348,107,completed,-34
Greedy,1769,3658959723,584841,585191,350,completed,-10
Greedy,1782,3037662008,587441,587549,108,completed,-34
Greedy,1770,3658959723,585041,585526,485,completed,-10
Greedy,1771,3658959723,585241,585803,562,completed,-10
Greedy,1772,3658959723,585441,585905,464,completed,-10
Greedy,1773,3658959723,585641,586161,520,completed,-10
Greedy,1774,3658959723,585841,586331,490,completed,-10
Greedy,1785,3037662008,588042,588150,108,completed,-35
Greedy,1775,3658959723,586041,586603,562,completed,-10
Greedy,1776,3658959723,586241,586878,637,completed,-10
Greedy,1777,3658959723,586441,586980,539,completed,-10
Greedy,1778,3658959723,586641,587162,521,completed,-10
Greedy,1779,3658959723,586841,587427,586,completed,-10
Greedy,1780,3658959723,587041,587673,632,completed,-10
Greedy,1783,3658959723,587641,587775,134,completed,-10
Greedy,1784,3658959723,587841,587968,127,completed,-10
Greedy,1786,3658959723,588242,588369,127,completed,-10
Greedy,1787,3658959723,588442,588590,148,completed,-10
Greedy,1788,3658959723,588643,588772,129,completed,-10
Greedy,1789,3658959723,588843,588972,129,completed,-10
Greedy,1790,3658959723,589052,589182,130,completed,-10
Greedy,1791,3658959723,589252,589379,127,completed,-10
Greedy,1792,3658959723,589452,589579,127,completed,-10
Greedy,1793,3658959723,589652,589779,127,completed,-10
Greedy,1794,3658959723,589852,589979,127,completed,-10
Greedy,1795,3658959723,590052,590181,129,completed,-11
Greedy,1796,3658959723,590252,590377,125,completed,-11
Greedy,1797,3037662008,590452,590560,108,completed,-32
Greedy,1798,3037662008,590652,590759,107,completed,-32
Greedy,1799,3037662008,590852,591157,305,completed,-32
Greedy,1800,3037662008,591052,591266,214,completed,-32
Greedy,1801,3037662008,591252,591376,124,completed,-32
Greedy,1802,3037662008,591452,591561,109,completed,-32
Greedy,1803,3037662008,591652,591759,107,completed,-32
Greedy,1804,3037662008,591852,591960,108,completed,-32
Greedy,1805,3037662008,592056,592165,109,completed,-35
Greedy,1806,3658959723,592256,592381,125,completed,-9
Greedy,1807,3658959723,592456,592582,126,completed,-9
Greedy,1808,3658959723,592656,592781,125,completed,-9
Greedy,1809,3658959723,592856,593176,320,completed,-9
Greedy,1810,3658959723,593056,593282,226,completed,-9
Greedy,1811,3658959723,593256,593384,128,completed,-9
Greedy,1812,3658959723,593456,593582,126,completed,-9
Greedy,1813,3658959723,593656,593782,126,completed,-9
Greedy,1814,3658959723,593856,593982,126,completed,-9
Greedy,1815,3658959723,594057,594183,126,completed,-10
Greedy,1816,3037662008,594257,594365,108,completed,-32
Greedy,1817,3037662008,594457,594564,107,completed,-32
Greedy,1818,3037662008,594657,594764,107,completed,-32
Greedy,1819,3037662008,594857,595201,344,completed,-32
Greedy,1820,3037662008,595057,595304,247,completed,-32
Greedy,1821,3037662008,595257,595407,150,completed,-32
Greedy,1822,3037662008,595457,595586,129,completed,-32
Greedy,1823,3037662008,595657,595765,108,completed,-32
Greedy,1824,3037662008,595857,595965,108,completed,-32
Greedy,1825,3037662008,596059,596168,109,completed,-36
Greedy,1826,3658959723,596259,596384,125,completed,-9
Greedy,1827,3658959723,596459,596584,125,completed,-9
Greedy,1828,3658959723,596659,596785,126,completed,-9
Greedy,1829,3658959723,596859,597179,320,completed,-9
Greedy,1830,3658959723,597059,597288,229,completed,-9
Greedy,1831,3658959723,597259,597396,137,completed,-9
Greedy,1832,3658959723,597459,597585,126,completed,-9
Greedy,1833,3658959723,597659,597784,125,completed,-9
Greedy,1834,3658959723,597859,597984,125,completed,-9
Greedy,1835,3658959723,598060,598187,127,completed,-10
Greedy,1836,3037662008,598260,598368,108,completed,-31
Greedy,1837,3037662008,598460,598569,109,completed,-31
Greedy,1838,3037662008,598660,598768,108,completed,-31
Greedy,1839,3037662008,598860,599163,303,completed,-31
Greedy,1840,3037662008,599060,599272,212,completed,-31
Greedy,1841,3037662008,599260,599375,115,completed,-31
Greedy,1842,3037662008,599460,599569,109,completed,-31
Greedy,1843,3037662008,599660,599767,107,completed,-31
Greedy,1844,3037662008,599860,599988,128,completed,-31
Greedy,1845,3037662008,600064,600174,110,completed,-33
Greedy,1846,3658959723,602268,602591,323,completed,-19
Greedy,1847,3658959723,602469,602692,223,completed,-19
Greedy,1848,3658959723,602669,602901,232,completed,-19
Greedy,1849,3658959723,602869,603176,307,completed,-19
Greedy,1850,3658959723,603069,603588,519,completed,-19
Greedy,1851,3658959723,603269,603690,421,completed,-19
Greedy,1852,3658959723,603472,603791,319,completed,-19
Greedy,1853,3658959723,603672,604001,329,completed,-19
Greedy,1854,3658959723,603872,604275,403,completed,-10
Greedy,1855,3658959723,604072,604592,520,completed,-10
Greedy,1856,3658959723,604483,604694,211,completed,-10
Greedy,1857,3658959723,604683,604810,127,completed,-10
Greedy,1858,3658959723,604883,605011,128,completed,-10
Greedy,1859,3658959723,605083,605210,127,completed,-10
Greedy,1860,3658959723,605473,605600,127,completed,-10
Greedy,1861,3658959723,605673,605808,135,completed,-10
Greedy,1862,3658959723,605873,606000,127,completed,-10
Greedy,1863,3658959723,606073,606200,127,completed,-10
Greedy,1864,3658959723,606274,606596,322,completed,-10
Greedy,1865,3658959723,606476,606701,225,completed,-10
Greedy,1866,3658959723,606676,606804,128,completed,-10
Greedy,1867,3658959723,606876,607001,125,completed,-10
Greedy,1868,3658959723,607076,607202,126,completed,-10
Greedy,1869,3658959723,607276,607595,319,completed,-10
Greedy,1870,3658959723,607480,607698,218,completed,-10
Greedy,1871,3658959723,607680,607818,138,completed,-10
Greedy,1872,3658959723,607880,608006,126,completed,-10
Greedy,1873,3658959723,608080,608207,127,completed,-10
Greedy,1874,3658959723,608478,608650,172,completed,-10
Greedy,1875,3658959723,608678,608803,125,completed,-10
Greedy,1876,3658959723,608878,609004,126,completed,-10
Greedy,1877,3658959723,609078,609205,127,completed,-10
Greedy,1878,3658959723,609278,609642,364,completed,-10
Greedy,1879,3658959723,609478,609745,267,completed,-10
Greedy,1880,3658959723,609678,609848,170,completed,-10
Greedy,1881,3658959723,609878,610003,125,completed,-10
Greedy,1882,3658959723,610081,610207,126,completed,-11
Greedy,1883,3658959723,610281,610599,318,completed,-11
Greedy,1884,3658959723,610481,610708,227,completed,-11
Greedy,1885,3658959723,610681,610811,130,completed,-11
Greedy,1886,3658959723,610881,611007,126,completed,-11
Greedy,1887,3658959723,611085,611212,127,completed,-11
Greedy,1888,3658959723,611485,611630,145,completed,-11
Greedy,1889,3658959723,611685,611810,125,completed,-11
Greedy,1890,3658959723,611885,612011,126,completed,-11
Greedy,1891,3658959723,612085,612212,127,completed,-10
Greedy,1892,3658959723,612486,614278,1792,completed,-10
Greedy,1893,3658959723,612686,614381,1695,completed,-10
Greedy,1894,3658959723,612886,614484,1598,completed,-10
Greedy,1895,3658959723,613086,614604,1518,completed,-10
Greedy,1896,3658959723,613478,614707,1229,completed,-10
Greedy,1897,3658959723,613678,614810,1132,completed,-10
Greedy,1898,3658959723,613878,614914,1036,completed,-10
Greedy,1899,3658959723,614078,615017,939,completed,-10
Greedy,1900,3658959723,614278,615120,842,completed,-10
Greedy,1901,3658959723,614496,615223,727,completed,-10
Greedy,1902,3658959723,614696,615326,630,completed,-10
Greedy,1903,3658959723,614896,615429,533,completed,-10
Greedy,1904,3658959723,615096,615530,434,completed,-10
Greedy,1905,3658959723,615491,615633,142,completed,-10
Greedy,1906,3658959723,615691,615817,126,completed,-10
Greedy,1907,3658959723,615891,616016,125,completed,-10
Greedy,1908,3658959723,616091,616216,125,completed,-10
Greedy,1909,3658959723,616488,616614,126,completed,-10
Greedy,1910,3658959723,616688,616814,126,completed,-10
Greedy,1911,3658959723,616888,617014,126,completed,-10
Greedy,1912,3658959723,617088,617213,125,completed,-10
Greedy,1913,3658959723,617288,617609,321,completed,-10
Greedy,1914,3658959723,617494,617712,218,completed,-10
Greedy,1915,3658959723,619701,620020,319,completed,-10
Greedy,1916,3658959723,619902,620133,231,completed,-9
Greedy,1917,3037662008,620102,620331,229,completed,-32
Greedy,1918,3037662008,620302,620433,131,completed,-32
Greedy,1919,3037662008,620502,620610,108,completed,-32
Greedy,1920,3037662008,620702,620810,108,completed,-32
Greedy,1921,3037662008,620902,621025,123,completed,-32
Greedy,1922,3037662008,621102,621211,109,completed,-32
Greedy,1923,3037662008,621302,621414,112,completed,-32
Greedy,1924,3037662008,621502,621610,108,completed,-32
Greedy,1925,3037662008,621702,621810,108,completed,-32
Greedy,1926,3037662008,621904,622201,297,completed,-35
Greedy,1927,3658959723,622104,622230,126,completed,-9
Greedy,1928,3658959723,622304,622430,126,completed,-9
Greedy,1929,3658959723,622504,622629,125,completed,-9
Greedy,1930,3658959723,622704,622829,125,completed,-9
Greedy,1931,3658959723,622904,623033,129,completed,-9
Greedy,1932,3658959723,623104,623231,127,completed,-9
Greedy,1933,3658959723,623304,623431,127,completed,-9
Greedy,1934,3658959723,623504,623630,126,completed,-9
Greedy,1935,3658959723,623704,623830,126,completed,-9
Greedy,1936,3658959723,623906,624200,294,completed,-10
Greedy,1937,3037662008,624106,624214,108,completed,-33
Greedy,1938,3037662008,624312,624442,130,completed,-33
Greedy,1939,3037662008,624512,624620,108,completed,-33
Greedy,1940,3037662008,624900,625010,110,completed,-33
Greedy,1941,3037662008,625100,625208,108,completed,-33
Greedy,1942,3037662008,625300,625407,107,completed,-33
Greedy,1943,3037662008,625500,625608,108,completed,-33
Greedy,1944,3037662008,625700,625808,108,completed,-33
Greedy,1945,3037662008,625909,626017,108,completed,-33
Greedy,1946,3658959723,626109,626235,126,completed,-9
Greedy,1947,3658959723,626309,626436,127,completed,-9
Greedy,1948,3658959723,626509,626635,126,completed,-9
Greedy,1949,3658959723,626709,627027,318,completed,-9
Greedy,1950,3658959723,626909,627130,221,completed,-9
Greedy,1951,3658959723,627109,627236,127,completed,-9
Greedy,1952,3658959723,627316,627442,126,completed,-9
Greedy,1953,3658959723,627516,627641,125,completed,-9
Greedy,1954,3658959723,627905,628031,126,completed,-9
Greedy,1955,3658959723,628105,628232,127,completed,-10
Greedy,1956,3658959723,628305,628430,125,completed,-10
Greedy,1957,3658959723,628505,628630,125,completed,-10
Greedy,1958,3658959723,628705,628832,127,completed,-10
Greedy,1959,3658959723,628909,629036,127,completed,-10
Greedy,1960,3658959723,629109,629235,126,completed,-10
Greedy,1961,3658959723,629309,629450,141,completed,-10
Greedy,1962,3658959723,629509,629635,126,completed,-10
Greedy,1963,3658959723,629709,629837,128,completed,-10
Greedy,1964,3658959723,629912,630049,137,completed,-10
Greedy,1965,3658959723,630112,630240,128,completed,-10
Greedy,1966,3658959723,630316,630442,126,completed,-10
Greedy,1967,3658959723,630516,630643,127,completed,-10
Greedy,1968,3658959723,630906,631032,126,completed,-10
Greedy,1969,3658959723,631106,631232,126,completed,-10
Greedy,1970,3658959723,631306,631431,125,completed,-10
Greedy,1971,3658959723,631506,631631,125,completed,-10
Greedy,1972,3658959723,631706,631833,127,completed,-10
Greedy,1973,3658959723,631912,632039,127,completed,-10
Greedy,1974,3658959723,632112,632240,128,completed,-11
Greedy,1975,3658959723,632312,632437,125,completed,-11
Greedy,1976,3658959723,632512,632639,127,completed,-11
Greedy,1977,3658959723,632712,632844,132,completed,-11
Greedy,1978,3658959723,632914,633042,128,completed,-11
Greedy,1979,3658959723,633114,633240,126,completed,-11
Greedy,1980,3658959723,633319,633470,151,completed,-11
Greedy,1981,3658959723,633519,633646,127,completed,-11
Greedy,1982,3658959723,633910,634037,127,completed,-11
Greedy,1983,3658959723,634110,634238,128,completed,-10
Greedy,1984,3658959723,634310,634435,125,completed,-10
Greedy,1985,3658959723,634510,634637,127,completed,-10
Greedy,1998,3037662008,639321,639431,110,completed,-32
Greedy,1999,3037662008,639521,639629,108,completed,-32
Greedy,1986,3037662008,639711,639819,108,completed,-32
Greedy,2000,3037662008,639721,639922,201,completed,-32
Greedy,1987,3037662008,639913,640025,112,completed,-32
Greedy,2001,3037662008,639921,640127,206,completed,-35
Greedy,2002,3037662008,640121,640424,303,completed,-35
Greedy,2003,3037662008,640327,640527,200,completed,-35
Greedy,2004,3037662008,640527,640636,109,completed,-35
Greedy,2005,3037662008,640727,640836,109,completed,-35
Greedy,1988,3658959723,637115,637436,321,completed,-17
Greedy,1989,3658959723,637324,637925,601,completed,-17
Greedy,1990,3658959723,637524,638026,502,completed,-17
Greedy,1991,3658959723,637724,638198,474,completed,-10
Greedy,1992,3658959723,637924,638473,549,completed,-10
Greedy,1993,3658959723,638312,638748,436,completed,-10
Greedy,1994,3658959723,638512,639025,513,completed,-10
Greedy,1995,3658959723,638712,639127,415,completed,-10
Greedy,1996,3658959723,638912,639437,525,completed,-10
Greedy,1997,3658959723,639112,639574,462,completed,-10
Greedy,2011,3037662008,642327,642446,119,completed,-31
Greedy,2012,3037662008,642527,642635,108,completed,-31
Greedy,2006,3658959723,640927,641056,129,completed,-9
Greedy,2007,3658959723,641330,641459,129,completed,-9
Greedy,2008,3658959723,641530,641675,145,completed,-9
Greedy,2009,3658959723,641730,641857,127,completed,-9
Greedy,2010,3658959723,641930,642058,128,completed,-9
Greedy,2013,3658959723,642727,642854,127,completed,-10
Greedy,2014,3658959723,642927,643054,127,completed,-10
Greedy,2015,3658959723,643128,643449,321,completed,-10
Greedy,2016,3658959723,643342,643552,210,completed,-10
Greedy,2017,3658959723,643542,643669,127,completed,-10
Greedy,2018,3658959723,643742,643868,126,completed,-10
Greedy,2019,3658959723,643942,644067,125,completed,-10
Greedy,2020,3658959723,644332,644460,128,completed,-10
Greedy,2021,3658959723,644532,644659,127,completed,-10
Greedy,2022,3658959723,644732,644858,126,completed,-10
Greedy,2023,3658959723,644932,645058,126,completed,-10
Greedy,2024,3658959723,645324,645498,174,completed,-10
Greedy,2025,3658959723,645524,645651,127,completed,-10
Greedy,2026,3658959723,645724,645850,126,completed,-10
Greedy,2027,3658959723,645924,646050,126,completed,-10
Greedy,2028,3658959723,646124,646250,126,completed,-10
Greedy,2029,3658959723,646339,646465,126,completed,-10
Greedy,2030,3658959723,646539,646666,127,completed,-10
Greedy,2031,3658959723,646739,646865,126,completed,-10
Greedy,2032,3658959723,646939,647064,125,completed,-10
Greedy,2033,3658959723,647332,647498,166,completed,-10
Greedy,2034,3658959723,647532,647659,127,completed,-10
Greedy,2035,3658959723,647732,647858,126,completed,-10
Greedy,2036,3658959723,647932,648057,125,completed,-10
Greedy,2037,3658959723,648132,648456,324,completed,-10
Greedy,2038,3658959723,648337,648564,227,completed,-10
Greedy,2039,3658959723,648537,648667,130,completed,-10
Greedy,2040,3658959723,648737,648863,126,completed,-10
Greedy,2041,3658959723,648937,649068,131,completed,-10
Greedy,2042,3658959723,649335,649462,127,completed,-10
Greedy,2043,3658959723,649535,649662,127,completed,-10
Greedy,2044,3658959723,649735,649861,126,completed,-10
Greedy,2045,3658959723,649935,650062,127,completed,-10
Greedy,2046,3658959723,650135,650454,319,completed,-11
Greedy,2047,3658959723,650339,650557,218,completed,-11
Greedy,2048,3658959723,650539,650667,128,completed,-11
Greedy,2049,3658959723,650739,650865,126,completed,-11
Greedy,2050,3658959723,650939,651064,125,completed,-11
Greedy,2051,3658959723,651331,651458,127,completed,-11
Greedy,2052,3658959723,651531,651659,128,completed,-11
Greedy,2053,3658959723,651731,651857,126,completed,-11
Greedy,2054,3658959723,651931,652056,125,completed,-11
Greedy,SUMMARY,ALL,0,0,120000,batch_complete,0
----------------,---,---,---,---,---,----------------,---
Greedy,2055,3658959723,652131,652257,126,completed,-10
Greedy,2056,3658959723,652343,652470,127,completed,-10
Greedy,2057,3658959723,654559,654881,322,completed,-9
Greedy,2058,3658959723,654759,654983,224,completed,-9
Greedy,2059,3658959723,677637,677764,127,completed,-9
Greedy,2060,3658959723,677837,677964,127,completed,-9
Greedy,2061,3658959723,678178,678305,127,completed,-9
Greedy,2062,3658959723,678378,678504,126,completed,-9
Greedy,2063,3658959723,678578,678723,145,completed,-9
Greedy,2064,3658959723,678778,678905,127,completed,-9
Greedy,2065,3658959723,678978,679104,126,completed,-9
Greedy,2066,3658959723,679178,679304,126,completed,-9
Greedy,2067,3658959723,679378,679504,126,completed,-9
Greedy,2068,3658959723,679578,679721,143,completed,-9
Greedy,2069,3658959723,679778,679971,193,completed,-9
Greedy,2070,3658959723,679978,680115,137,completed,-9
Greedy,2071,3658959723,680181,680520,339,completed,-9
Greedy,2072,3658959723,680381,680622,241,completed,-9
Greedy,2073,3658959723,680581,680723,142,completed,-9
Greedy,2074,3658959723,680781,680908,127,completed,-9
Greedy,2075,3658959723,680981,681300,319,completed,-9
Greedy,2076,3658959723,681183,681402,219,completed,-9
Greedy,2077,3658959723,681383,681510,127,completed,-9
Greedy,2078,3658959723,681583,681710,127,completed,-9
Greedy,2079,3658959723,681783,681909,126,completed,-9
Greedy,2080,3658959723,681984,682345,361,completed,-10
Greedy,2081,3658959723,682186,682448,262,completed,-10
Greedy,2082,3658959723,682386,682551,165,completed,-10
Greedy,2083,3658959723,682586,682712,126,completed,-10
Greedy,2084,3658959723,682786,682912,126,completed,-10
Greedy,2085,3658959723,682986,683305,319,completed,-10
Greedy,2086,3658959723,683186,683413,227,completed,-10
Greedy,2087,3658959723,683386,683516,130,completed,-10
Greedy,2088,3658959723,683586,683712,126,completed,-10
Greedy,2089,3658959723,683786,683912,126,completed,-10
Greedy,2090,3658959723,683986,684307,321,completed,-9
Greedy,2091,3658959723,684187,684416,229,completed,-9
Greedy,2092,3658959723,684387,684539,152,completed,-9
Greedy,2093,3658959723,684587,684713,126,completed,-9
Greedy,2094,3658959723,684787,684913,126,completed,-9
Greedy,2095,3658959723,684987,685113,126,completed,-9
Greedy,2096,3658959723,685188,685317,129,completed,-9
Greedy,2097,3658959723,685388,685514,126,completed,-9
Greedy,2098,3658959723,685588,685713,125,completed,-9
Greedy,2099,3658959723,685788,685914,126,completed,-9
Greedy,2100,3658959723,685988,686310,322,completed,-10
Greedy,2101,3658959723,686191,686413,222,completed,-10
Greedy,2102,3658959723,686391,686519,128,completed,-10
Greedy,2103,3658959723,686591,686717,126,completed,-10
Greedy,2104,3658959723,686791,686918,127,completed,-10
Greedy,2105,3658959723,686991,687312,321,completed,-10
Greedy,2106,3658959723,689389,689778,389,completed,-10
Greedy,2107,3658959723,689592,689945,353,completed,-10
Greedy,2108,3658959723,689792,690053,261,completed,-10
Greedy,2110,3037662008,690192,690301,109,completed,-34
Greedy,2109,3658959723,689992,690163,171,completed,-10
Greedy,2111,3037662008,690392,690693,301,completed,-34
Greedy,2112,3037662008,690592,690796,204,completed,-34
Greedy,2113,3037662008,690792,690902,110,completed,-34
Greedy,2114,3037662008,690992,691100,108,completed,-34
Greedy,2115,3037662008,691192,691300,108,completed,-34
Greedy,2116,3037662008,691392,691695,303,completed,-34
Greedy,2117,3037662008,691592,691801,209,completed,-34
Greedy,2118,3037662008,691792,691904,112,completed,-34
Greedy,2119,3037662008,691992,692100,108,completed,-34
Greedy,2120,3658959723,692192,692318,126,completed,-10
Greedy,2121,3658959723,692392,692518,126,completed,-10
Greedy,2122,3658959723,692594,692722,128,completed,-10
Greedy,2123,3658959723,692794,692936,142,completed,-10
Greedy,2124,3658959723,692994,693120,126,completed,-10
Greedy,2125,3658959723,693194,693320,126,completed,-10
Greedy,2126,3658959723,693394,693521,127,completed,-10
Greedy,2127,3658959723,693597,693823,226,completed,-10
Greedy,2128,3658959723,693797,693926,129,completed,-10
Greedy,2129,3658959723,693997,694123,126,completed,-10
Greedy,2130,3658959723,694197,694322,125,completed,-11
Greedy,2131,3658959723,694397,694716,319,completed,-11
Greedy,2132,3658959723,694597,694825,228,completed,-11
Greedy,2133,3658959723,694797,694928,131,completed,-11
Greedy,2134,3658959723,694997,695123,126,completed,-11
Greedy,2135,3658959723,695197,695323,126,completed,-11
Greedy,2136,3658959723,695397,695524,127,completed,-11
Greedy,2137,3658959723,695600,695726,126,completed,-11
Greedy,2138,3658959723,695800,695926,126,completed,-11
Greedy,2139,3658959723,696000,696126,126,completed,-11
Greedy,2140,3658959723,696200,696326,126,completed,-10
Greedy,2141,3658959723,696400,696720,320,completed,-10
Greedy,2142,3658959723,696600,696826,226,completed,-10
Greedy,2143,3658959723,696800,696929,129,completed,-10
Greedy,2144,3658959723,697000,697126,126,completed,-10
Greedy,2145,3658959723,697200,697326,126,completed,-10
Greedy,2146,3658959723,697400,697528,128,completed,-10
Greedy,2147,3658959723,697603,697795,192,completed,-10
Greedy,2148,3658959723,697803,697929,126,completed,-10
Greedy,2149,3658959723,698003,698129,126,completed,-10
Greedy,2150,3658959723,698203,698331,128,completed,-10
Greedy,2151,3658959723,698403,698721,318,completed,-10
Greedy,2152,3658959723,698603,698823,220,completed,-10
Greedy,2153,3658959723,698803,698930,127,completed,-10
Greedy,2154,3658959723,699003,699129,126,completed,-10
Greedy,2155,3658959723,699203,699329,126,completed,-10
Greedy,2156,3658959723,699406,699725,319,completed,-10
Greedy,2157,3658959723,699606,699833,227,completed,-10
Greedy,2158,3658959723,699806,699936,130,completed,-10
Greedy,2159,3658959723,700006,700133,127,completed,-10
Greedy,2160,3658959723,700206,700334,128,completed,-10
Greedy,2161,3658959723,700406,700744,338,completed,-10
Greedy,2162,3658959723,700606,700853,247,completed,-10
Greedy,2163,3658959723,700806,700956,150,completed,-10
Greedy,2164,3658959723,701006,701133,127,completed,-10
Greedy,2165,3658959723,701206,701332,126,completed,-10
Greedy,2166,3658959723,701407,701726,319,completed,-10
Greedy,2167,3658959723,701607,701849,242,completed,-10
Greedy,2168,3658959723,701807,701959,152,completed,-10
Greedy,2169,3658959723,702007,702133,126,completed,-10
Greedy,2170,3658959723,702207,702334,127,completed,-10
Greedy,2171,3658959723,702407,702533,126,completed,-10
Greedy,2172,3658959723,702607,702736,129,completed,-10
Greedy,2173,3658959723,702807,702934,127,completed,-10
Greedy,2174,3658959723,703007,703133,126,completed,-10
Greedy,2175,3658959723,703207,703332,125,completed,-10
Greedy,2176,3658959723,703408,703798,390,completed,-10
Greedy,2177,3658959723,703608,703908,300,completed,-10
Greedy,2178,3658959723,703808,704011,203,completed,-10
Greedy,2179,3658959723,704008,704134,126,completed,-10
Greedy,2180,3658959723,704208,704334,126,completed,-10
Greedy,2181,3658959723,704408,704535,127,completed,-10
Greedy,2182,3658959723,706802,707124,322,completed,-10
Greedy,2183,3658959723,707002,707319,317,completed,-10
Greedy,2184,3658959723,707202,707594,392,completed,-10
Greedy,2185,3658959723,707402,707844,442,completed,-10
Greedy,2186,3658959723,707602,708124,522,completed,-10
Greedy,2187,3658959723,707802,708226,424,completed,-11
Greedy,2188,3658959723,708002,708344,342,completed,-11
Greedy,2196,3037662008,709602,709711,109,completed,-35
Greedy,2189,3658959723,708202,708619,417,completed,-11
Greedy,2197,3037662008,709802,709910,108,completed,-35
Greedy,2190,3658959723,708402,708894,492,completed,-11
Greedy,2198,3037662008,710007,710124,117,completed,-35
Greedy,2191,3658959723,708602,709172,570,completed,-11
Greedy,2199,3037662008,710207,710317,110,completed,-36
Greedy,2200,3037662008,710407,710516,109,completed,-36
Greedy,2192,3658959723,708802,709274,472,completed,-11
Greedy,2193,3658959723,709002,709375,373,completed,-11
Greedy,2201,3037662008,710607,710716,109,completed,-36
Greedy,2194,3658959723,709202,709477,275,completed,-11
Greedy,2202,3037662008,710807,710916,109,completed,-36
Greedy,2195,3658959723,709402,709579,177,completed,-11
Greedy,2203,3037662008,711013,711273,260,completed,-36
Greedy,2204,3037662008,711213,711384,171,completed,-36
Greedy,2205,3037662008,711413,711523,110,completed,-36
Greedy,2206,3658959723,711613,711740,127,completed,-10
Greedy,2207,3658959723,712003,712130,127,completed,-10
Greedy,2208,3658959723,712203,712331,128,completed,-10
Greedy,2209,3658959723,712403,712530,127,completed,-10
Greedy,2210,3658959723,712603,712737,134,completed,-10
Greedy,2211,3658959723,712803,712929,126,completed,-10
Greedy,2212,3658959723,713012,713344,332,completed,-10
Greedy,2213,3658959723,713212,713456,244,completed,-10
Greedy,2214,3658959723,713412,713559,147,completed,-10
Greedy,2215,3658959723,713612,713738,126,completed,-10
Greedy,2216,3658959723,713812,713938,126,completed,-10
Greedy,2217,3658959723,714012,714141,129,completed,-10
Greedy,2218,3658959723,714212,714340,128,completed,-10
Greedy,2219,3658959723,714412,714539,127,completed,-10
Greedy,2220,3658959723,714612,714738,126,completed,-10
Greedy,2221,3658959723,714814,715169,355,completed,-10
Greedy,2222,3658959723,715014,715286,272,completed,-10
Greedy,2223,3658959723,715214,715389,175,completed,-10
Greedy,2224,3658959723,715414,715540,126,completed,-10
Greedy,2225,3658959723,715614,715740,126,completed,-10
Greedy,2226,3658959723,715814,715940,126,completed,-10
Greedy,2227,3658959723,716014,716142,128,completed,-10
Greedy,2228,3658959723,716214,716342,128,completed,-10
Greedy,2229,3658959723,716414,716540,126,completed,-10
Greedy,2230,3658959723,716614,716740,126,completed,-10
Greedy,2231,3658959723,716814,717206,392,completed,-10
Greedy,2232,3658959723,717014,717309,295,completed,-10
Greedy,2233,3658959723,717214,717412,198,completed,-10
Greedy,2234,3658959723,717414,717542,128,completed,-10
Greedy,2235,3658959723,717614,717741,127,completed,-10
Greedy,2236,3658959723,717814,717940,126,completed,-10
Greedy,2237,3658959723,718015,718143,128,completed,-10
Greedy,2238,3658959723,718215,718343,128,completed,-10
Greedy,2239,3658959723,718415,718562,147,completed,-10
Greedy,2240,3658959723,718615,718741,126,completed,-10
Greedy,2241,3658959723,718816,718942,126,completed,-10
Greedy,2242,3658959723,719017,719145,128,completed,-10
Greedy,2243,3658959723,719217,719343,126,completed,-10
Greedy,2244,3658959723,719417,719543,126,completed,-10
Greedy,2245,3658959723,719617,719744,127,completed,-10
Greedy,2246,3658959723,719817,719943,126,completed,-10
Greedy,2247,3658959723,720017,720145,128,completed,-10
Greedy,2248,3658959723,720217,720343,126,completed,-10
Greedy,2249,3658959723,720417,720543,126,completed,-10
Greedy,2250,3658959723,720617,720744,127,completed,-10
Greedy,2251,3658959723,720817,721143,326,completed,-10
Greedy,2252,3658959723,721017,721252,235,completed,-10
Greedy,2253,3658959723,721217,721355,138,completed,-10
Greedy,2254,3658959723,721417,721544,127,completed,-10
Greedy,2255,3658959723,721617,721743,126,completed,-10
Greedy,2256,3658959723,721817,721943,126,completed,-10
Greedy,2257,3658959723,722017,724333,2316,completed,-9
Greedy,2258,3658959723,724222,724561,339,completed,-9
Greedy,2259,3658959723,724425,724663,238,completed,-9
Greedy,2260,3658959723,724625,724844,219,completed,-9
Greedy,2261,3658959723,724825,725093,268,completed,-9
Greedy,2262,3658959723,725025,725545,520,completed,-9
Greedy,2263,3658959723,725225,725654,429,completed,-9
Greedy,2264,3658959723,725425,725757,332,completed,-9
Greedy,2265,3658959723,725625,725859,234,completed,-9
Greedy,2266,3658959723,725825,725961,136,completed,-9
Greedy,2267,3658959723,726025,726153,128,completed,-10
Greedy,2268,3658959723,726225,726553,328,completed,-10
Greedy,2269,3658959723,726432,726655,223,completed,-10
Greedy,2270,3037662008,726632,726741,109,completed,-33
Greedy,2271,3037662008,726832,726941,109,completed,-33
Greedy,2272,3037662008,727032,727140,108,completed,-33
Greedy,2273,3037662008,727423,727535,112,completed,-33
Greedy,2274,3037662008,727623,727732,109,completed,-33
Greedy,2275,3037662008,727823,727933,110,completed,-33
Greedy,2276,3037662008,728023,728131,108,completed,-33
Greedy,2277,3658959723,728223,728350,127,completed,-10
Greedy,2278,3658959723,728434,730092,1658,completed,-10
Greedy,2279,3658959723,728634,730600,1966,completed,-10
Greedy,2280,3658959723,728834,730702,1868,completed,-10
Greedy,2281,3658959723,729034,730804,1770,completed,-10
Greedy,2282,3658959723,729234,730920,1686,completed,-10
Greedy,2283,3658959723,729439,731023,1584,completed,-10
Greedy,2284,3658959723,729639,731126,1487,completed,-10
Greedy,2285,3658959723,729839,731229,1390,completed,-10
Greedy,2286,3658959723,730039,731332,1293,completed,-10
Greedy,2287,3658959723,730240,731433,1193,completed,-10
Greedy,2288,3658959723,730444,731534,1090,completed,-10
Greedy,2289,3658959723,730644,731636,992,completed,-10
Greedy,2290,3658959723,730844,731738,894,completed,-10
Greedy,2291,3658959723,731044,731840,796,completed,-10
Greedy,2292,3658959723,731436,731942,506,completed,-10
Greedy,2293,3658959723,731636,732044,408,completed,-10
Greedy,2294,3658959723,731836,732146,310,completed,-10
Greedy,2295,3658959723,732036,732249,213,completed,-10
Greedy,2296,3037662008,732236,732345,109,completed,-31
Greedy,2297,3037662008,732447,734055,1608,completed,-31
Greedy,2298,3037662008,732647,734165,1518,completed,-37
Greedy,2305,3658959723,734240,734368,128,completed,-9
Greedy,2299,3037662008,732847,734268,1421,completed,-37
Greedy,2300,3037662008,733047,734371,1324,completed,-37
Greedy,2301,3037662008,733440,734473,1033,completed,-37
Greedy,2302,3037662008,733640,734576,936,completed,-37
Greedy,2303,3037662008,733840,734679,839,completed,-37
Greedy,2306,3658959723,734452,734742,290,completed,-9
Greedy,2304,3037662008,734040,734782,742,completed,-37
Greedy,2307,3658959723,734652,734850,198,completed,-9
Greedy,2308,3658959723,734853,734980,127,completed,-9
Greedy,2309,3658959723,735053,735179,126,completed,-9
Greedy,2310,3658959723,735441,735568,127,completed,-9
Greedy,2311,3658959723,735641,735784,143,completed,-9
Greedy,2312,3658959723,735841,735969,128,completed,-9
Greedy,2313,3658959723,736041,736167,126,completed,-9
Greedy,2314,3037662008,736241,736352,111,completed,-34
Greedy,2315,3037662008,736444,737698,1254,completed,-34
Greedy,2316,3037662008,736644,737807,1163,completed,-34
Greedy,2317,3037662008,736844,737915,1071,completed,-34
Greedy,2318,3037662008,737044,738018,974,completed,-34
Greedy,2319,3037662008,737244,738121,877,completed,-34
Greedy,2320,3037662008,737444,738224,780,completed,-34
Greedy,2321,3037662008,737644,738327,683,completed,-34
Greedy,2322,3037662008,737844,738430,586,completed,-34
Greedy,2323,3037662008,738044,738532,488,completed,-34
Greedy,2324,3658959723,738244,738371,127,completed,-10
Greedy,2325,3658959723,738458,741985,3527,completed,-10
Greedy,2326,3658959723,738658,742096,3438,completed,-10
Greedy,2327,3658959723,738858,742199,3341,completed,-10
Greedy,2328,3658959723,739058,742302,3244,completed,-10
Greedy,2333,3037662008,742271,742380,109,completed,-35
Greedy,2329,3658959723,739452,742405,2953,completed,-10
Greedy,2330,3658959723,741664,742508,844,completed,-10
Greedy,2334,3037662008,742471,742581,110,completed,-35
Greedy,2331,3658959723,741871,742611,740,completed,-10
Greedy,2332,3658959723,742071,742713,642,completed,-10
Greedy,2335,3037662008,742859,742969,110,completed,-35
Greedy,2336,3037662008,743059,743168,109,completed,-35
Greedy,2337,3037662008,743259,743368,109,completed,-35
Greedy,2338,3037662008,743459,743567,108,completed,-35
Greedy,2339,3037662008,743659,743769,110,completed,-35
Greedy,2340,3037662008,743868,744099,231,completed,-35
Greedy,2342,3658959723,744268,744394,126,completed,-10
Greedy,2341,3037662008,744068,744208,140,completed,-36
Greedy,2343,3658959723,744468,744595,127,completed,-10
Greedy,2344,3658959723,744668,744794,126,completed,-10
Greedy,2345,3658959723,744869,744997,128,completed,-10
Greedy,2346,3658959723,745069,745196,127,completed,-10
Greedy,2347,3658959723,745269,745396,127,completed,-10
Greedy,2348,3658959723,745469,745596,127,completed,-10
Greedy,2349,3658959723,745669,745796,127,completed,-10
Greedy,2350,3658959723,745872,746117,245,completed,-10
Greedy,2351,3658959723,746072,746226,154,completed,-10
Greedy,2352,3037662008,746272,746381,109,completed,-34
Greedy,2353,3037662008,746472,746612,140,completed,-34
Greedy,2354,3037662008,746672,747031,359,completed,-34
Greedy,2355,3037662008,746872,747194,322,completed,-34
Greedy,2356,3037662008,747072,747297,225,completed,-34
Greedy,2357,3037662008,747272,747400,128,completed,-34
Greedy,2358,3037662008,747472,747582,110,completed,-34
Greedy,2359,3037662008,747672,747782,110,completed,-34
Greedy,2360,3037662008,747874,748096,222,completed,-34
Greedy,2361,3037662008,748074,748212,138,completed,-35
Greedy,2362,3658959723,748274,748401,127,completed,-9
Greedy,2363,3658959723,748474,748600,126,completed,-9
Greedy,2364,3658959723,748674,748800,126,completed,-9
Greedy,2365,3658959723,748874,749002,128,completed,-9
Greedy,2366,3658959723,749074,749200,126,completed,-9
Greedy,2367,3658959723,749274,749401,127,completed,-9
Greedy,2368,3658959723,749474,749601,127,completed,-9
Greedy,2369,3658959723,749674,749800,126,completed,-9
Greedy,2370,3658959723,749876,750217,341,completed,-10
Greedy,2372,3037662008,750276,750386,110,completed,-35
Greedy,2371,3658959723,750076,750320,244,completed,-10
Greedy,2373,3037662008,750476,750584,108,completed,-35
Greedy,2374,3037662008,750676,750784,108,completed,-35
Greedy,2375,3037662008,750877,750987,110,completed,-35
Greedy,2376,3037662008,751077,751186,109,completed,-35
Greedy,2377,3037662008,751277,751386,109,completed,-35
Greedy,2378,3037662008,751477,751586,109,completed,-35
Greedy,2379,3037662008,751677,751978,301,completed,-35
Greedy,2380,3037662008,751877,752195,318,completed,-32
Greedy,2381,3037662008,752077,752298,221,completed,-32
Greedy,2382,3658959723,752277,752404,127,completed,-10
Greedy,2383,3658959723,752477,752605,128,completed,-10
Greedy,2384,3658959723,752677,752803,126,completed,-10
Greedy,2385,3658959723,752879,753007,128,completed,-10
Greedy,2386,3658959723,753079,753207,128,completed,-10
Greedy,2387,3658959723,753279,753406,127,completed,-10
Greedy,2388,3658959723,753479,753605,126,completed,-10
Greedy,2389,3658959723,753679,753806,127,completed,-10
Greedy,2390,3658959723,753883,754009,126,completed,-10
Greedy,2391,3658959723,754083,754210,127,completed,-11
Greedy,2392,3037662008,754283,754392,109,completed,-35
Greedy,2393,3037662008,754483,754591,108,completed,-35
Greedy,2394,3037662008,754683,754985,302,completed,-35
Greedy,2395,3037662008,754883,755088,205,completed,-35
Greedy,2396,3037662008,755083,755194,111,completed,-35
Greedy,2397,3037662008,755283,755391,108,completed,-35
Greedy,2398,3037662008,755483,755592,109,completed,-35
Greedy,2399,3037662008,755684,756022,338,completed,-35
Greedy,2400,3037662008,755884,756125,241,completed,-35
Greedy,2401,3037662008,756084,756228,144,completed,-33
Greedy,2402,3658959723,756284,756410,126,completed,-10
Greedy,2403,3658959723,756484,756611,127,completed,-10
Greedy,2404,3658959723,756684,756811,127,completed,-10
Greedy,2405,3658959723,756887,757018,131,completed,-10
Greedy,2406,3658959723,759091,759413,322,completed,-10
Greedy,2407,3658959723,759297,759692,395,completed,-10
Greedy,2408,3658959723,759497,759795,298,completed,-10
Greedy,2409,3658959723,759697,759898,201,completed,-10
Greedy,2410,3658959723,759897,760023,126,completed,-10
Greedy,2411,3658959723,760292,760419,127,completed,-11
Greedy,2412,3658959723,760492,760620,128,completed,-11
Greedy,2413,3658959723,760692,760818,126,completed,-11
Greedy,2414,3658959723,760892,761018,126,completed,-11
Greedy,2415,3658959723,761092,761219,127,completed,-11
Greedy,2416,3658959723,761294,761541,247,completed,-11
Greedy,2417,3658959723,761494,761644,150,completed,-11
Greedy,2418,3658959723,761694,761821,127,completed,-11
Greedy,2419,3658959723,761894,762020,126,completed,-11
Greedy,2421,3037662008,762295,762406,111,completed,-34
Greedy,2420,3658959723,762094,762220,126,completed,-10
Greedy,2422,3037662008,762495,762604,109,completed,-34
Greedy,2423,3037662008,762695,762804,109,completed,-34
Greedy,2424,3037662008,762895,763003,108,completed,-34
Greedy,2425,3037662008,763095,763205,110,completed,-34
Greedy,2426,3037662008,763306,763570,264,completed,-34
Greedy,2427,3037662008,763506,763673,167,completed,-34
Greedy,2428,3037662008,763706,763816,110,completed,-34
Greedy,2429,3037662008,763906,764015,109,completed,-34
Greedy,2430,3658959723,764298,764424,126,completed,-10
Greedy,2431,3658959723,764498,764625,127,completed,-10
Greedy,2432,3658959723,764698,764824,126,completed,-10
Greedy,2433,3658959723,764898,765024,126,completed,-10
Greedy,2434,3658959723,765098,765226,128,completed,-10
Greedy,2435,3658959723,765301,765640,339,completed,-10
Greedy,2436,3658959723,765501,765748,247,completed,-10
Greedy,2437,3658959723,765701,765865,164,completed,-10
Greedy,2438,3658959723,765901,766029,128,completed,-10
Greedy,2439,3658959723,766101,766422,321,completed,-10
Greedy,2440,3658959723,766302,766525,223,completed,-10
Greedy,2441,3658959723,766502,766631,129,completed,-10
Greedy,2442,3658959723,766702,766829,127,completed,-10
Greedy,2443,3658959723,766902,767030,128,completed,-10
Greedy,2444,3658959723,767103,767464,361,completed,-10
Greedy,2445,3658959723,767303,767572,269,completed,-10
Greedy,2446,3658959723,767503,767681,178,completed,-10
Greedy,2447,3658959723,767703,767830,127,completed,-10
Greedy,2448,3658959723,767903,768030,127,completed,-10
Greedy,2449,3658959723,768103,768229,126,completed,-11
Greedy,2450,3037662008,768304,768415,111,completed,-33
Greedy,2451,3037662008,768504,768613,109,completed,-33
Greedy,2452,3037662008,768704,768813,109,completed,-33
Greedy,2453,3037662008,768904,769012,108,completed,-33
Greedy,2454,3037662008,769104,769408,304,completed,-33
Greedy,2455,3037662008,769304,769511,207,completed,-33
Greedy,2456,3037662008,769504,769616,112,completed,-33
Greedy,2457,3037662008,769704,769813,109,completed,-33
Greedy,2458,3037662008,769904,770012,108,completed,-33
Greedy,2460,3658959723,770306,770433,127,completed,-10
Greedy,2459,3037662008,770104,770213,109,completed,-34
Greedy,2461,3658959723,770506,770634,128,completed,-10
Greedy,2462,3658959723,770706,770833,127,completed,-10
Greedy,2463,3658959723,770906,771033,127,completed,-10
Greedy,2464,3658959723,771106,771426,320,completed,-10
Greedy,2465,3658959723,771306,771529,223,completed,-10
Greedy,2466,3658959723,771506,771635,129,completed,-10
Greedy,2467,3658959723,771706,771832,126,completed,-10
Greedy,2468,3658959723,771906,772032,126,completed,-10
Greedy,2469,3658959723,772106,772232,126,completed,-11
Greedy,2470,3037662008,772308,772418,110,completed,-31
Greedy,2471,3037662008,772508,772617,109,completed,-31
Greedy,2472,3037662008,772708,772817,109,completed,-31
Greedy,2473,3037662008,772908,773018,110,completed,-31
Greedy,2474,3037662008,773108,773411,303,completed,-31
Greedy,2475,3037662008,773308,773519,211,completed,-31
Greedy,2476,3037662008,773508,773622,114,completed,-31
Greedy,2477,3037662008,773708,773818,110,completed,-31
Greedy,2478,3037662008,773908,774017,109,completed,-31
Greedy,2480,3658959723,774311,774439,128,completed,-10
Greedy,2479,3037662008,774108,774217,109,completed,-34
Greedy,2481,3658959723,776516,776836,320,completed,-9
Greedy,2482,3658959723,776723,777189,466,completed,-9
Greedy,2483,3658959723,776923,777476,553,completed,-9
Greedy,2484,3658959723,777123,777578,455,completed,-9
Greedy,2485,3658959723,777325,777837,512,completed,-9
Greedy,2486,3658959723,777714,778014,300,completed,-9
Greedy,2487,3658959723,777914,778290,376,completed,-9
Greedy,2488,3658959723,778114,778565,451,completed,-9
Greedy,2489,3658959723,778314,778667,353,completed,-9
Greedy,2490,3658959723,778514,778843,329,completed,-9
Greedy,2491,3658959723,778714,778945,231,completed,-9
Greedy,2492,3658959723,778914,779047,133,completed,-9
Greedy,2493,3658959723,779114,779241,127,completed,-9
Greedy,2494,3658959723,779314,779442,128,completed,-9
Greedy,2495,3658959723,779514,779642,128,completed,-9
Greedy,2496,3658959723,779716,779845,129,completed,-9
Greedy,2497,3658959723,779916,780044,128,completed,-9
Greedy,2498,3658959723,780116,780244,128,completed,-10
Greedy,2499,3658959723,780316,780443,127,completed,-10
Greedy,2500,3037662008,780516,780625,109,completed,-31
Greedy,2501,3037662008,780725,780851,126,completed,-31
Greedy,2502,3037662008,780925,781034,109,completed,-31
Greedy,2503,3037662008,781125,781244,119,completed,-31
Greedy,2509,3658959723,782327,782476,149,completed,-10
Greedy,2504,3037662008,781325,781519,194,completed,-31
Greedy,2505,3037662008,781525,781828,303,completed,-31
Greedy,2510,3658959723,782530,782866,336,completed,-10
Greedy,2511,3658959723,782730,782969,239,completed,-10
Greedy,2506,3037662008,781725,781930,205,completed,-31
Greedy,2512,3658959723,782930,783072,142,completed,-10
Greedy,2513,3658959723,783130,783257,127,completed,-10
Greedy,2507,3037662008,781925,782069,144,completed,-31
Greedy,2514,3658959723,783330,783457,127,completed,-10
Greedy,2515,3658959723,783530,783658,128,completed,-10
Greedy,2508,3037662008,782125,782346,221,completed,-38
Greedy,2516,3658959723,783734,783864,130,completed,-10
Greedy,2517,3658959723,783934,784060,126,completed,-10
Greedy,2518,3658959723,784134,784261,127,completed,-10
Greedy,2519,3037662008,784334,784462,128,completed,-33
Greedy,2520,3037662008,784534,784868,334,completed,-33
Greedy,2521,3037662008,784734,784976,242,completed,-33
Greedy,2522,3037662008,784934,785085,151,completed,-33
Greedy,2523,3037662008,785134,785244,110,completed,-33
Greedy,2524,3037662008,785334,785443,109,completed,-33
Greedy,2525,3037662008,785534,785643,109,completed,-33
Greedy,2526,3037662008,785735,785846,111,completed,-33
Greedy,2527,3037662008,785935,786044,109,completed,-33
Greedy,2528,3037662008,786135,786245,110,completed,-36
Greedy,2529,3658959723,786336,786464,128,completed,-10
Greedy,2530,3658959723,786536,786856,320,completed,-10
Greedy,2531,3658959723,786736,786959,223,completed,-10
Greedy,2532,3658959723,786936,787065,129,completed,-10
Greedy,2533,3658959723,787136,787264,128,completed,-10
Greedy,2534,3658959723,787336,787462,126,completed,-10
Greedy,2535,3658959723,787536,787662,126,completed,-10
Greedy,2536,3658959723,787737,787865,128,completed,-10
Greedy,2537,3658959723,787937,788064,127,completed,-10
Greedy,2538,3658959723,788137,788265,128,completed,-10
Greedy,2539,3037662008,788337,788446,109,completed,-36
Greedy,2540,3037662008,788537,788840,303,completed,-36
Greedy,2541,3037662008,788737,788948,211,completed,-36
Greedy,2542,3037662008,788937,789051,114,completed,-36
Greedy,2543,3037662008,789137,789247,110,completed,-36
Greedy,2544,3037662008,789337,789446,109,completed,-36
Greedy,2545,3037662008,789537,789646,109,completed,-36
Greedy,2546,3037662008,789738,789850,112,completed,-36
Greedy,2547,3037662008,789938,790048,110,completed,-36
Greedy,2548,3037662008,790138,790247,109,completed,-36
Greedy,2549,3658959723,790338,790464,126,completed,-9
Greedy,2550,3658959723,790538,790865,327,completed,-9
Greedy,2551,3658959723,790738,790973,235,completed,-9
Greedy,2552,3658959723,790938,791083,145,completed,-9
Greedy,2553,3658959723,791138,791264,126,completed,-9
Greedy,2554,3658959723,791338,791477,139,completed,-9
Greedy,2555,3658959723,791538,791665,127,completed,-9
Greedy,2556,3658959723,793938,794292,354,completed,-10
Greedy,2557,3658959723,794143,794448,305,completed,-10
Greedy,2558,3658959723,794343,794551,208,completed,-10
Greedy,2559,3658959723,794543,794672,129,completed,-10
Greedy,2560,3658959723,794743,794869,126,completed,-10
Greedy,2561,3658959723,795135,795263,128,completed,-10
Greedy,2562,3658959723,795335,795463,128,completed,-10
Greedy,2563,3658959723,795535,795661,126,completed,-10
Greedy,2564,3658959723,795735,795861,126,completed,-10
Greedy,2565,3658959723,795935,796061,126,completed,-10
Greedy,2566,3658959723,796142,796269,127,completed,-10
Greedy,2567,3037662008,796342,796451,109,completed,-32
Greedy,2568,3037662008,796542,796651,109,completed,-32
Greedy,2569,3037662008,796742,796851,109,completed,-32
Greedy,2570,3037662008,796942,797245,303,completed,-32
Greedy,2571,3037662008,797142,797351,209,completed,-32
Greedy,2572,3037662008,797342,797454,112,completed,-32
Greedy,SUMMARY,ALL,0,0,120000,batch_complete,0
----------------,---,---,---,---,---,----------------,---
Greedy,2573,3037662008,797542,797651,109,completed,-32
Greedy,2574,3658959723,819237,819369,132,completed,-9
Greedy,2575,3658959723,819550,819680,130,completed,-9
Greedy,2576,3658959723,819750,819877,127,completed,-9
Greedy,2577,3658959723,819950,820077,127,completed,-9
Greedy,2579,3037662008,820350,820459,109,completed,-31
Greedy,2578,3658959723,820150,820277,127,completed,-11
Greedy,2580,3037662008,820557,820673,116,completed,-31
Greedy,2581,3037662008,820757,820866,109,completed,-31
Greedy,2582,3037662008,820957,821071,114,completed,-31
Greedy,2583,3037662008,821157,821267,110,completed,-31
Greedy,2584,3037662008,821357,821841,484,completed,-31
Greedy,2585,3037662008,821557,821949,392,completed,-31
Greedy,2586,3037662008,821757,822059,302,completed,-31
Greedy,2587,3037662008,821957,822162,205,completed,-31
Greedy,2589,3658959723,822357,822485,128,completed,-10
Greedy,2588,3037662008,822157,822268,111,completed,-38
Greedy,2590,3658959723,822562,822691,129,completed,-10
Greedy,2591,3658959723,822762,822888,126,completed,-10
Greedy,2592,3658959723,822962,823089,127,completed,-10
Greedy,2593,3658959723,823162,823289,127,completed,-10
Greedy,2594,3658959723,823553,823680,127,completed,-10
Greedy,2595,3658959723,823753,823880,127,completed,-10
Greedy,2596,3658959723,823953,824080,127,completed,-10
Greedy,2598,3037662008,824353,824463,110,completed,-33
Greedy,2597,3658959723,824153,824279,126,completed,-9
Greedy,2599,3037662008,824561,824678,117,completed,-33
Greedy,2600,3037662008,824761,824871,110,completed,-33
Greedy,2601,3037662008,824961,825070,109,completed,-33
Greedy,2602,3037662008,825161,825270,109,completed,-33
Greedy,2603,3037662008,825361,825664,303,completed,-33
Greedy,2604,3037662008,825561,825767,206,completed,-33
Greedy,2605,3037662008,825761,825873,112,completed,-33
Greedy,2606,3037662008,825961,826070,109,completed,-33
Greedy,2608,3658959723,826361,826488,127,completed,-9
Greedy,2607,3037662008,826161,826270,109,completed,-35
Greedy,2609,3658959723,828762,829102,340,completed,-10
Greedy,2610,3658959723,828969,829611,642,completed,-10
Greedy,2611,3658959723,829169,829889,720,completed,-10
Greedy,2612,3658959723,829369,830086,717,completed,-10
Greedy,2613,3658959723,829569,830189,620,completed,-10
Greedy,2616,3037662008,830366,830475,109,completed,-32
Greedy,2614,3658959723,829966,830295,329,completed,-9
Greedy,2617,3037662008,830566,830675,109,completed,-32
Greedy,2615,3658959723,830166,830397,231,completed,-9
Greedy,2618,3037662008,830767,831090,323,completed,-32
Greedy,2619,3037662008,830967,831199,232,completed,-32
Greedy,2620,3037662008,831167,831302,135,completed,-32
Greedy,2621,3037662008,831367,831476,109,completed,-32
Greedy,2622,3037662008,831567,831676,109,completed,-32
Greedy,2623,3037662008,831767,831876,109,completed,-32
Greedy,2624,3037662008,831967,832080,113,completed,-32
Greedy,2625,3037662008,832167,832277,110,completed,-36
Greedy,2626,3658959723,832372,832500,128,completed,-10
Greedy,2627,3658959723,832572,832699,127,completed,-10
Greedy,2628,3658959723,832964,833091,127,completed,-10
Greedy,2629,3658959723,833164,833292,128,completed,-10
Greedy,2630,3658959723,833364,833492,128,completed,-10
Greedy,2631,3658959723,833564,833691,127,completed,-10
Greedy,2632,3658959723,833764,833890,126,completed,-10
Greedy,2633,3658959723,833969,834097,128,completed,-10
Greedy,2634,3658959723,834169,834297,128,completed,-10
Greedy,2635,3037662008,834369,834478,109,completed,-33
Greedy,2636,3037662008,834569,834678,109,completed,-33
Greedy,2637,3037662008,834770,835075,305,completed,-33
Greedy,2638,3037662008,834970,835180,210,completed,-33
Greedy,2639,3037662008,835170,835282,112,completed,-33
Greedy,2640,3037662008,835370,835506,136,completed,-33
Greedy,2641,3037662008,835570,835680,110,completed,-33
Greedy,2642,3037662008,835770,835880,110,completed,-33
Greedy,2643,3037662008,835971,836082,111,completed,-33
Greedy,2644,3037662008,836171,836281,110,completed,-34
Greedy,2645,3658959723,836371,836498,127,completed,-9
Greedy,2646,3658959723,836571,836699,128,completed,-9
Greedy,2647,3658959723,836771,837136,365,completed,-9
Greedy,2648,3658959723,836971,837245,274,completed,-9
Greedy,2649,3658959723,837171,837348,177,completed,-9
Greedy,2650,3658959723,837371,837498,127,completed,-9
Greedy,2651,3658959723,837571,837698,127,completed,-9
Greedy,2652,3658959723,837771,837898,127,completed,-9
Greedy,2653,3658959723,837973,838102,129,completed,-9
Greedy,2654,3658959723,838173,838300,127,completed,-10
Greedy,2655,3037662008,838373,838482,109,completed,-35
Greedy,2656,3037662008,838573,838684,111,completed,-35
Greedy,2657,3037662008,838773,839077,304,completed,-35
Greedy,2658,3037662008,838973,839186,213,completed,-35
Greedy,2659,3037662008,839173,839295,122,completed,-35
Greedy,2660,3037662008,839373,839484,111,completed,-35
Greedy,2661,3037662008,839573,839682,109,completed,-35
Greedy,2662,3037662008,839773,839882,109,completed,-35
Greedy,2663,3037662008,839976,840086,110,completed,-35
Greedy,2664,3037662008,840176,840286,110,completed,-35
Greedy,2665,3658959723,840376,840503,127,completed,-9
Greedy,2666,3658959723,840576,840703,127,completed,-9
Greedy,2667,3658959723,840776,841098,322,completed,-9
Greedy,2668,3658959723,840976,841203,227,completed,-9
Greedy,2669,3658959723,841176,841307,131,completed,-9
Greedy,2670,3658959723,841376,841503,127,completed,-9
Greedy,2671,3658959723,841576,841703,127,completed,-9
Greedy,2672,3658959723,841776,841903,127,completed,-9
Greedy,2673,3658959723,841977,842107,130,completed,-9
Greedy,2674,3658959723,842177,842304,127,completed,-10
Greedy,2675,3037662008,842377,842486,109,completed,-35
Greedy,2676,3037662008,842577,842706,129,completed,-35
Greedy,2677,3037662008,842777,843082,305,completed,-35
Greedy,2678,3037662008,842977,843191,214,completed,-35
Greedy,2679,3037662008,843177,843294,117,completed,-35
Greedy,2680,3037662008,843377,843487,110,completed,-35
Greedy,2681,3037662008,843577,843686,109,completed,-35
Greedy,2682,3037662008,843777,843886,109,completed,-35
Greedy,2683,3037662008,846171,846478,307,completed,-35
Greedy,2684,3037662008,846376,846591,215,completed,-35
Greedy,2685,3037662008,846576,846694,118,completed,-35
Greedy,2686,3037662008,846776,846888,112,completed,-35
Greedy,2687,3037662008,846976,847086,110,completed,-35
Greedy,2688,3037662008,847374,847484,110,completed,-35
Greedy,2689,3037662008,847574,847684,110,completed,-35
Greedy,2690,3037662008,847774,847884,110,completed,-35
Greedy,2691,3037662008,847974,848083,109,completed,-35
Greedy,2692,3037662008,848177,848481,304,completed,-35
Greedy,2693,3037662008,848385,848590,205,completed,-35
Greedy,2694,3037662008,848585,848696,111,completed,-35
Greedy,2695,3037662008,848785,848895,110,completed,-35
Greedy,2696,3037662008,848985,849096,111,completed,-35
Greedy,2697,3037662008,849379,849488,109,completed,-35
Greedy,2698,3037662008,849579,849694,115,completed,-35
Greedy,2699,3037662008,849779,849888,109,completed,-35
Greedy,2700,3658959723,849979,850107,128,completed,-9
Greedy,2701,3658959723,850179,850506,327,completed,-10
Greedy,2702,3658959723,850389,850614,225,completed,-10
Greedy,2703,3658959723,850589,850723,134,completed,-10
Greedy,2704,3658959723,850789,850917,128,completed,-10
Greedy,2705,3658959723,850989,851116,127,completed,-10
Greedy,2706,3658959723,851380,851507,127,completed,-10
Greedy,2707,3658959723,851580,851707,127,completed,-10
Greedy,2708,3658959723,851780,851906,126,completed,-10
Greedy,2709,3658959723,851980,852108,128,completed,-10
Greedy,2710,3658959723,852180,852501,321,completed,-10
Greedy,2711,3658959723,852390,852609,219,completed,-10
Greedy,2712,3658959723,852590,852718,128,completed,-10
Greedy,2713,3658959723,852790,852918,128,completed,-10
Greedy,2714,3658959723,852990,853117,127,completed,-10
Greedy,2715,3658959723,853383,853511,128,completed,-10
Greedy,2716,3658959723,853583,853710,127,completed,-10
Greedy,2717,3658959723,853783,853910,127,completed,-10
Greedy,2718,3658959723,853983,854111,128,completed,-10
Greedy,2719,3658959723,854183,854508,325,completed,-10
Greedy,2720,3658959723,854395,854630,235,completed,-10
Greedy,2721,3658959723,854595,854733,138,completed,-10
Greedy,2722,3658959723,854795,854923,128,completed,-10
Greedy,2723,3658959723,854995,855123,128,completed,-10
Greedy,2724,3658959723,855385,855513,128,completed,-10
Greedy,2725,3658959723,855585,855712,127,completed,-10
Greedy,2726,3658959723,855785,855913,128,completed,-10
Greedy,2727,3658959723,855985,856112,127,completed,-10
Greedy,2728,3658959723,856185,856506,321,completed,-11
Greedy,2729,3658959723,856393,856609,216,completed,-11
Greedy,2730,3658959723,856593,856721,128,completed,-11
Greedy,2731,3658959723,856793,856919,126,completed,-11
Greedy,2732,3658959723,856993,857120,127,completed,-11
Greedy,2733,3658959723,857382,857510,128,completed,-11
Greedy,2734,3658959723,857582,857709,127,completed,-11
Greedy,2735,3658959723,857782,857909,127,completed,-11
Greedy,2736,3658959723,857982,858109,127,completed,-11
Greedy,2737,3658959723,858182,858310,128,completed,-10
Greedy,2738,3037662008,858387,858498,111,completed,-34
Greedy,2739,3037662008,858587,858696,109,completed,-34
Greedy,2740,3037662008,858787,858897,110,completed,-34
Greedy,2741,3037662008,858987,859097,110,completed,-34
Greedy,2742,3037662008,859187,859296,109,completed,-34
Greedy,2743,3037662008,859397,859509,112,completed,-34
Greedy,2744,3037662008,859597,859707,110,completed,-34
Greedy,2745,3037662008,859797,859907,110,completed,-34
Greedy,2746,3037662008,859997,860107,110,completed,-34
Greedy,2747,3658959723,860398,860564,166,completed,-10
Greedy,2748,3658959723,860598,860725,127,completed,-10
Greedy,2749,3658959723,860798,860926,128,completed,-10
Greedy,2750,3658959723,860998,861125,127,completed,-10
Greedy,2751,3658959723,861387,861515,128,completed,-10
Greedy,2752,3658959723,863605,863937,332,completed,-10
Greedy,2753,3658959723,863808,864137,329,completed,-10
Greedy,2754,3658959723,864008,864240,232,completed,-10
Greedy,2756,3037662008,864408,864518,110,completed,-34
Greedy,2755,3658959723,864208,864342,134,completed,-10
Greedy,2757,3037662008,864608,864910,302,completed,-34
Greedy,2758,3037662008,864808,865020,212,completed,-34
Greedy,2759,3037662008,865008,865123,115,completed,-34
Greedy,2760,3037662008,865208,865318,110,completed,-34
Greedy,2761,3037662008,865408,865517,109,completed,-34
Greedy,2762,3037662008,865610,865914,304,completed,-34
Greedy,2763,3037662008,865810,866018,208,completed,-34
Greedy,2764,3037662008,866010,866123,113,completed,-34
Greedy,2765,3658959723,866210,866338,128,completed,-9
Greedy,2766,3658959723,866410,866538,128,completed,-9
Greedy,2767,3658959723,866610,866736,126,completed,-9
Greedy,2768,3658959723,866810,866938,128,completed,-9
Greedy,2769,3658959723,867010,867137,127,completed,-9
Greedy,2770,3658959723,867210,867336,126,completed,-9
Greedy,2771,3658959723,867410,867539,129,completed,-9
Greedy,2772,3658959723,867611,867932,321,completed,-9
Greedy,2773,3658959723,867811,868048,237,completed,-9
Greedy,2774,3658959723,868011,868151,140,completed,-9
Greedy,2775,3658959723,868211,868340,129,completed,-10
Greedy,2776,3658959723,868411,868538,127,completed,-10
Greedy,2777,3658959723,868611,868738,127,completed,-10
Greedy,2778,3658959723,868812,868940,128,completed,-10
Greedy,2779,3658959723,869012,869140,128,completed,-10
Greedy,2780,3658959723,869212,869340,128,completed,-10
Greedy,2781,3658959723,869412,869539,127,completed,-10
Greedy,2782,3658959723,869613,870331,718,completed,-10
Greedy,2783,3658959723,869813,870439,626,completed,-10
Greedy,2784,3658959723,870013,870542,529,completed,-10
Greedy,2785,3658959723,870213,870645,432,completed,-10
Greedy,2786,3658959723,870413,870748,335,completed,-10
Greedy,2787,3658959723,870613,870850,237,completed,-10
Greedy,2788,3658959723,870813,870953,140,completed,-10
Greedy,2789,3658959723,871013,871141,128,completed,-10
Greedy,2790,3658959723,871213,871340,127,completed,-10
Greedy,2791,3658959723,871413,871540,127,completed,-10
Greedy,2792,3658959723,871614,871958,344,completed,-10
Greedy,2793,3658959723,871814,872067,253,completed,-10
Greedy,2794,3658959723,872014,872170,156,completed,-10
Greedy,2795,3658959723,872214,872344,130,completed,-9
Greedy,2796,3658959723,872414,872541,127,completed,-9
Greedy,2797,3658959723,872614,872741,127,completed,-9
Greedy,2798,3658959723,872816,872945,129,completed,-9
Greedy,2799,3658959723,873016,873143,127,completed,-9
Greedy,2800,3658959723,873216,873343,127,completed,-9
Greedy,2801,3658959723,873416,873544,128,completed,-9
Greedy,2802,3658959723,873616,873938,322,completed,-9
Greedy,2803,3658959723,873816,874044,228,completed,-9
Greedy,2804,3658959723,874016,874147,131,completed,-9
Greedy,2805,3658959723,874216,874346,130,completed,-10
Greedy,2806,3658959723,874416,874543,127,completed,-10
Greedy,2807,3658959723,874616,874744,128,completed,-10
Greedy,2808,3658959723,874818,874946,128,completed,-10
Greedy,2809,3658959723,875018,875145,127,completed,-10
Greedy,2810,3658959723,875218,875345,127,completed,-10
Greedy,2811,3658959723,875418,875545,127,completed,-10
Greedy,2812,3658959723,875618,875744,126,completed,-10
Greedy,2813,3658959723,875818,875948,130,completed,-10
Greedy,2814,3658959723,876018,876145,127,completed,-10
Greedy,2815,3658959723,876218,876346,128,completed,-10
Greedy,2816,3658959723,876418,876546,128,completed,-10
Greedy,2817,3658959723,876618,876745,127,completed,-10
Greedy,2818,3658959723,876820,876948,128,completed,-10
Greedy,2819,3658959723,877020,877147,127,completed,-10
Greedy,2820,3658959723,877220,877347,127,completed,-10
Greedy,2821,3658959723,877420,877548,128,completed,-10
Greedy,2822,3658959723,877620,877944,324,completed,-10
Greedy,2823,3658959723,877820,878053,233,completed,-10
Greedy,2824,3658959723,878020,878160,140,completed,-10
Greedy,2825,3658959723,878221,878350,129,completed,-11
Greedy,2826,3658959723,878421,878557,136,completed,-11
Greedy,2827,3658959723,878621,878748,127,completed,-11
Greedy,2828,3658959723,878821,881136,2315,completed,-22
Greedy,2829,3658959723,881024,881367,343,completed,-22
Greedy,2830,3658959723,881226,881484,258,completed,-22
Greedy,2831,3658959723,881426,881592,166,completed,-22
Greedy,2832,3658959723,881626,881754,128,completed,-22
Greedy,2833,3658959723,881826,881953,127,completed,-22
Greedy,2834,3658959723,882026,882351,325,completed,-10
Greedy,2835,3658959723,882226,882454,228,completed,-10
Greedy,2836,3658959723,882426,882557,131,completed,-10
Greedy,2837,3658959723,882626,882753,127,completed,-10
Greedy,2838,3658959723,882826,882954,128,completed,-10
Greedy,2839,3658959723,883026,883155,129,completed,-10
Greedy,2840,3658959723,883229,883361,132,completed,-10
Greedy,2841,3658959723,883429,883556,127,completed,-10
Greedy,2842,3658959723,883629,883756,127,completed,-10
Greedy,2843,3658959723,883829,883957,128,completed,-10
Greedy,2844,3658959723,884029,884155,126,completed,-10
Greedy,2845,3658959723,884231,884361,130,completed,-11
Greedy,2846,3658959723,884431,884558,127,completed,-11
Greedy,2847,3658959723,884631,884758,127,completed,-11
Greedy,2848,3658959723,884831,884959,128,completed,-11
Greedy,2849,3658959723,885032,885352,320,completed,-11
Greedy,2850,3658959723,885232,885485,253,completed,-11
Greedy,2851,3658959723,885432,885588,156,completed,-11
Greedy,2852,3658959723,885632,885760,128,completed,-11
Greedy,2853,3658959723,885832,885959,127,completed,-11
Greedy,2854,3658959723,886032,886353,321,completed,-9
Greedy,2855,3658959723,886236,886462,226,completed,-9
Greedy,2856,3658959723,886436,886571,135,completed,-9
Greedy,2857,3658959723,886636,886764,128,completed,-9
Greedy,2858,3658959723,886836,886963,127,completed,-9
Greedy,2859,3658959723,887228,887358,130,completed,-9
Greedy,2860,3658959723,887428,887556,128,completed,-9
Greedy,2861,3658959723,887628,887756,128,completed,-9
Greedy,2862,3658959723,887828,887955,127,completed,-9
Greedy,2863,3658959723,888028,888155,127,completed,-9
Greedy,2864,3658959723,888238,888365,127,completed,-10
Greedy,2865,3658959723,888438,888565,127,completed,-10
Greedy,2866,3658959723,888638,888766,128,completed,-10
Greedy,2867,3658959723,888838,888965,127,completed,-10
Greedy,2868,3658959723,889230,889358,128,completed,-10
Greedy,2869,3658959723,889430,889557,127,completed,-10
Greedy,2870,3658959723,889630,889758,128,completed,-10
Greedy,2871,3658959723,889830,889957,127,completed,-10
Greedy,2872,3658959723,890030,890156,126,completed,-10
Greedy,2873,3658959723,890239,890366,127,completed,-9
Greedy,2874,3658959723,890439,890566,127,completed,-9
Greedy,2875,3658959723,890639,890766,127,completed,-9
Greedy,2876,3658959723,890839,890966,127,completed,-9
Greedy,2877,3658959723,891039,891359,320,completed,-9
Greedy,2878,3658959723,891239,891467,228,completed,-9
Greedy,2879,3658959723,891439,891577,138,completed,-9
Greedy,2880,3658959723,891639,891766,127,completed,-9
Greedy,2881,3658959723,891839,891966,127,completed,-9
Greedy,2882,3658959723,892039,892359,320,completed,-10
Greedy,2883,3658959723,892240,892462,222,completed,-10
Greedy,2884,3658959723,892440,892568,128,completed,-10
Greedy,2885,3658959723,892640,892767,127,completed,-10
Greedy,2886,3658959723,892840,892967,127,completed,-10
Greedy,2887,3658959723,893040,893407,367,completed,-10
Greedy,2888,3658959723,893240,893516,276,completed,-10
Greedy,2889,3658959723,893440,893619,179,completed,-10
Greedy,2890,3658959723,893640,893768,128,completed,-10
Greedy,2891,3658959723,893840,893967,127,completed,-10
Greedy,2892,3658959723,894040,894167,127,completed,-10
Greedy,2893,3658959723,894242,894371,129,completed,-10
Greedy,2894,3658959723,894442,894570,128,completed,-10
Greedy,2895,3658959723,894642,894769,127,completed,-10
Greedy,2896,3658959723,894842,894969,127,completed,-10
Greedy,2897,3658959723,895042,895409,367,completed,-10
Greedy,2898,3658959723,895242,895512,270,completed,-10
Greedy,2899,3658959723,895442,895615,173,completed,-10
Greedy,2900,3658959723,895642,895771,129,completed,-10
Greedy,2901,3658959723,895842,895969,127,completed,-10
Greedy,2909,3037662008,899642,899753,111,completed,-34
Greedy,2910,3037662008,899842,899952,110,completed,-34
Greedy,2911,3037662008,900042,900152,110,completed,-34
Greedy,2912,3037662008,900242,900353,111,completed,-37
Greedy,2913,3037662008,900442,900555,113,completed,-37
Greedy,2914,3037662008,900652,900764,112,completed,-37
Greedy,2902,3658959723,896042,896171,129,completed,-10
Greedy,2915,3037662008,900852,900965,113,completed,-37
Greedy,2903,3658959723,896242,898559,2317,completed,-10
Greedy,2904,3658959723,898444,898782,338,completed,-10
Greedy,2905,3658959723,898651,899331,680,completed,-10
Greedy,2906,3658959723,898851,899767,916,completed,-10
Greedy,2907,3658959723,899051,899869,818,completed,-10
Greedy,2908,3658959723,899251,899971,720,completed,-10
Greedy,2916,3658959723,901052,901181,129,completed,-10
Greedy,2917,3658959723,901252,901381,129,completed,-10
Greedy,2918,3658959723,901452,901602,150,completed,-10
Greedy,2919,3658959723,901653,901783,130,completed,-10
Greedy,2920,3658959723,901853,901982,129,completed,-10
Greedy,2921,3658959723,902053,902181,128,completed,-10
Greedy,2922,3658959723,902253,902382,129,completed,-10
Greedy,2923,3658959723,902453,902582,129,completed,-10
Greedy,2924,3658959723,902657,902787,130,completed,-10
Greedy,2925,3658959723,902857,903008,151,completed,-10
Greedy,2926,3658959723,903057,903185,128,completed,-10
Greedy,2927,3658959723,903257,903384,127,completed,-10
Greedy,2928,3658959723,903457,903584,127,completed,-10
Greedy,2929,3658959723,903660,903789,129,completed,-10
Greedy,2930,3658959723,903860,903987,127,completed,-10
Greedy,2931,3658959723,904060,904188,128,completed,-10
Greedy,2932,3658959723,904260,904387,127,completed,-10
Greedy,2933,3658959723,904460,904806,346,completed,-10
Greedy,2934,3658959723,904660,904914,254,completed,-10
Greedy,2935,3658959723,904860,905024,164,completed,-10
Greedy,2936,3658959723,905060,905187,127,completed,-10
Greedy,2937,3658959723,905260,905387,127,completed,-10
Greedy,2938,3658959723,905460,905587,127,completed,-10
Greedy,2939,3658959723,905661,905789,128,completed,-10
Greedy,2940,3658959723,905861,905989,128,completed,-10
Greedy,2941,3658959723,906061,906189,128,completed,-10
Greedy,2942,3658959723,906261,906388,127,completed,-10
Greedy,2943,3658959723,906461,906784,323,completed,-10
Greedy,2944,3658959723,906661,906888,227,completed,-10
Greedy,2945,3658959723,906861,906991,130,completed,-10
Greedy,2946,3658959723,907061,907188,127,completed,-10
Greedy,2947,3658959723,907261,907388,127,completed,-10
Greedy,2948,3658959723,907461,907589,128,completed,-10
Greedy,2949,3658959723,907664,907794,130,completed,-10
Greedy,2950,3658959723,907864,907992,128,completed,-10
Greedy,2951,3658959723,908064,908191,127,completed,-10
Greedy,2952,3658959723,908264,908393,129,completed,-10
Greedy,2953,3658959723,908464,908787,323,completed,-10
Greedy,2954,3658959723,908664,908891,227,completed,-10
Greedy,2955,3658959723,908864,908994,130,completed,-10
Greedy,2956,3658959723,909064,909191,127,completed,-10
Greedy,2957,3658959723,909264,909391,127,completed,-10
Greedy,2958,3658959723,909464,909592,128,completed,-10
Greedy,2959,3658959723,909666,909794,128,completed,-10
Greedy,2960,3658959723,909866,909993,127,completed,-10
Greedy,2961,3658959723,910066,910194,128,completed,-10
Greedy,2962,3658959723,910266,910394,128,completed,-10
Greedy,2963,3658959723,910466,910593,127,completed,-10
Greedy,2964,3658959723,910668,910796,128,completed,-10
Greedy,2965,3658959723,910868,910995,127,completed,-10
Greedy,2966,3658959723,911068,911196,128,completed,-10
Greedy,2967,3658959723,911268,911396,128,completed,-10
Greedy,2968,3658959723,911468,911596,128,completed,-10
Greedy,2969,3658959723,911669,911828,159,completed,-10
Greedy,2970,3658959723,911869,911996,127,completed,-10
Greedy,2971,3658959723,912069,912196,127,completed,-10
Greedy,2972,3658959723,912269,912397,128,completed,-10
Greedy,2973,3658959723,912469,912856,387,completed,-10
Greedy,2974,3658959723,912669,912964,295,completed,-10
Greedy,2975,3658959723,912869,913076,207,completed,-10
Greedy,2976,3658959723,913069,913197,128,completed,-10
Greedy,2977,3658959723,913269,913396,127,completed,-10
Greedy,2978,3658959723,913469,913596,127,completed,-10
Greedy,2979,3658959723,913669,913797,128,completed,-10
Greedy,2980,3658959723,915872,916209,337,completed,-10
Greedy,2981,3658959723,916081,916581,500,completed,-10
Greedy,2982,3658959723,916281,916883,602,completed,-10
Greedy,2983,3658959723,916481,918196,1715,completed,-10
Greedy,2984,3658959723,916681,918298,1617,completed,-11
Greedy,2985,3658959723,917068,918401,1333,completed,-11
Greedy,2991,3658959723,918276,918506,230,completed,-11
Greedy,2994,3037662008,918876,919181,305,completed,-35
Greedy,2995,3037662008,919082,919284,202,completed,-35
Greedy,2992,3658959723,918476,918608,132,completed,-11
Greedy,2996,3037662008,919282,919395,113,completed,-35
Greedy,2997,3037662008,919482,919593,111,completed,-35
Greedy,2993,3658959723,918676,918804,128,completed,-11
Greedy,2998,3037662008,919682,919792,110,completed,-35
Greedy,2999,3037662008,920077,920234,157,completed,-35
Greedy,3000,3658959723,920277,920405,128,completed,-10
Greedy,3001,3658959723,920477,920604,127,completed,-10
Greedy,3002,3658959723,920677,920804,127,completed,-10
Greedy,3003,3658959723,920877,921006,129,completed,-10
Greedy,3004,3658959723,921077,921207,130,completed,-10
Greedy,3005,3658959723,921277,921404,127,completed,-10
Greedy,3006,3658959723,921477,921604,127,completed,-10
Greedy,3007,3658959723,921677,921804,127,completed,-10
Greedy,3008,3658959723,921877,922005,128,completed,-10
Greedy,3009,3658959723,922079,922280,201,completed,-9
Greedy,2986,3037662008,922269,922379,110,completed,-34
Greedy,3010,3037662008,922279,922490,211,completed,-34
Greedy,2987,3037662008,922469,922593,124,completed,-34
Greedy,3011,3037662008,922479,922696,217,completed,-34
Greedy,2988,3037662008,922669,922799,130,completed,-34
Greedy,3012,3037662008,922679,922901,222,completed,-34
Greedy,2989,3037662008,922869,923004,135,completed,-34
Greedy,3013,3037662008,922880,923106,226,completed,-34
Greedy,3014,3037662008,923082,923209,127,completed,-34
Greedy,2990,3037662008,923084,923311,227,completed,-34
Greedy,3015,3037662008,923282,923413,131,completed,-34
Greedy,3016,3037662008,923482,923594,112,completed,-34
Greedy,3017,3037662008,923682,923793,111,completed,-34
Greedy,3018,3037662008,923882,924187,305,completed,-34
Greedy,3019,3037662008,924082,924295,213,completed,-32
Greedy,3020,3658959723,924282,924409,127,completed,-9
Greedy,3021,3658959723,924482,924618,136,completed,-9
Greedy,3022,3658959723,924682,924810,128,completed,-9
Greedy,3023,3658959723,924882,925009,127,completed,-9
Greedy,3024,3658959723,925083,925211,128,completed,-9
Greedy,3025,3658959723,925283,925410,127,completed,-9
Greedy,3026,3658959723,925483,925610,127,completed,-9
Greedy,3027,3658959723,925683,925811,128,completed,-9
Greedy,3028,3658959723,925883,926205,322,completed,-9
Greedy,3029,3658959723,926083,926311,228,completed,-10
Greedy,3030,3658959723,926283,926413,130,completed,-10
Greedy,3031,3037662008,926483,926594,111,completed,-36
Greedy,3032,3037662008,926683,926793,110,completed,-36
Greedy,3033,3037662008,926883,926993,110,completed,-36
Greedy,3034,3037662008,927084,927197,113,completed,-36
Greedy,3035,3037662008,927284,927394,110,completed,-36
Greedy,3036,3037662008,927484,927595,111,completed,-36
Greedy,3037,3037662008,927684,927794,110,completed,-36
Greedy,3038,3037662008,927885,928189,304,completed,-36
Greedy,3039,3037662008,928085,928298,213,completed,-38
Greedy,3040,3658959723,928285,928413,128,completed,-10
Greedy,3041,3658959723,928485,928612,127,completed,-10
Greedy,3042,3658959723,928685,928813,128,completed,-10
Greedy,3043,3658959723,928885,929012,127,completed,-10
Greedy,3044,3658959723,929086,929214,128,completed,-10
Greedy,3045,3658959723,929286,929414,128,completed,-10
Greedy,3046,3658959723,929486,929625,139,completed,-10
Greedy,3047,3658959723,929686,929813,127,completed,-10
Greedy,3048,3658959723,929886,930230,344,completed,-10
Greedy,3049,3658959723,930086,930348,262,completed,-10
Greedy,3050,3037662008,930286,930412,126,completed,-35
Greedy,3051,3037662008,930486,930597,111,completed,-35
Greedy,3052,3037662008,930686,930796,110,completed,-35
Greedy,3053,3037662008,930886,930996,110,completed,-35
Greedy,3054,3037662008,931090,931205,115,completed,-35
Greedy,3055,3037662008,933291,933621,330,completed,-36
Greedy,3056,3037662008,933491,933836,345,completed,-36
Greedy,3057,3037662008,933691,933939,248,completed,-36
Greedy,3058,3037662008,933891,934042,151,completed,-36
Greedy,3059,3037662008,934091,934202,111,completed,-36
Greedy,3060,3037662008,934291,934402,111,completed,-37
Greedy,3061,3037662008,934497,935902,1405,completed,-37
Greedy,3062,3037662008,934697,936134,1437,completed,-37
Greedy,3063,3037662008,934897,936607,1710,completed,-35
Greedy,3064,3037662008,935097,936708,1611,completed,-35
Greedy,3065,3037662008,935498,936855,1357,completed,-35
Greedy,3066,3037662008,935698,936963,1265,completed,-35
Greedy,3067,3037662008,935898,937065,1167,completed,-35
Greedy,3068,3037662008,936098,937168,1070,completed,-35
Greedy,3069,3037662008,936506,937271,765,completed,-35
Greedy,3070,3037662008,936706,937373,667,completed,-35
Greedy,3071,3037662008,936906,937476,570,completed,-35
Greedy,3072,3037662008,937106,937578,472,completed,-35
Greedy,3073,3037662008,937508,937681,173,completed,-35
Greedy,3074,3037662008,937708,937820,112,completed,-35
Greedy,3075,3037662008,937908,938018,110,completed,-35
Greedy,3076,3037662008,938108,938218,110,completed,-35
Greedy,3077,3037662008,938502,938614,112,completed,-39
Greedy,3078,3037662008,938702,938813,111,completed,-39
Greedy,3079,3037662008,938902,939012,110,completed,-39
Greedy,3080,3037662008,939102,939212,110,completed,-39
Greedy,SUMMARY,ALL,0,0,120000,batch_complete,0
----------------,---,---,---,---,---,----------------,---
Greedy,3081,3658959723,974728,974856,128,completed,-9
Greedy,3082,3658959723,974928,975056,128,completed,-9
Greedy,3083,3658959723,975128,975256,128,completed,-9
Greedy,3084,3658959723,975351,975482,131,completed,-9
Greedy,3085,3658959723,975551,975679,128,completed,-9
Greedy,3086,3658959723,975751,975892,141,completed,-9
Greedy,3087,3658959723,975951,976079,128,completed,-9
Greedy,3088,3658959723,976353,976495,142,completed,-9
Greedy,3089,3658959723,976553,976681,128,completed,-9
Greedy,3090,3658959723,976753,976880,127,completed,-9
Greedy,3091,3658959723,976953,977081,128,completed,-9
Greedy,3092,3658959723,977349,977479,130,completed,-9
Greedy,3093,3658959723,977549,977677,128,completed,-9
Greedy,3094,3658959723,977749,977876,127,completed,-9
Greedy,3095,3658959723,977949,978077,128,completed,-9
Greedy,3096,3658959723,978149,978491,342,completed,-10
Greedy,3097,3658959723,978358,978603,245,completed,-10
Greedy,3098,3658959723,978558,978706,148,completed,-10
Greedy,3099,3658959723,978758,978895,137,completed,-10
Greedy,3100,3658959723,978958,979085,127,completed,-10
Greedy,3101,3658959723,979352,979481,129,completed,-10
Greedy,3102,3658959723,979552,979699,147,completed,-10
Greedy,3103,3658959723,979752,979879,127,completed,-10
Greedy,3104,3658959723,979952,980080,128,completed,-10
Greedy,3105,3658959723,980152,980475,323,completed,-10
Greedy,3106,3658959723,980363,980583,220,completed,-10
Greedy,3107,3658959723,980563,980692,129,completed,-10
Greedy,3108,3658959723,980763,980891,128,completed,-10
Greedy,3109,3658959723,980963,981090,127,completed,-10
Greedy,3110,3658959723,981355,981500,145,completed,-10
Greedy,3111,3658959723,981555,981684,129,completed,-10
Greedy,3112,3658959723,981755,981883,128,completed,-10
Greedy,3113,3658959723,981955,982083,128,completed,-10
Greedy,3114,3658959723,982155,982478,323,completed,-11
Greedy,3115,3658959723,982366,982581,215,completed,-11
Greedy,3116,3658959723,982567,982697,130,completed,-11
Greedy,3117,3658959723,982767,982895,128,completed,-11
Greedy,3118,3658959723,982967,983095,128,completed,-11
Greedy,3119,3658959723,983352,983494,142,completed,-11
Greedy,3120,3658959723,985563,985889,326,completed,-10
Greedy,3121,3658959723,985768,986001,233,completed,-10
Greedy,3122,3658959723,985968,986110,142,completed,-10
Greedy,3123,3658959723,986168,986297,129,completed,-10
Greedy,3124,3037662008,986368,986480,112,completed,-36
Greedy,3125,3037662008,986759,986870,111,completed,-36
Greedy,3126,3037662008,986959,987070,111,completed,-36
Greedy,3127,3037662008,987159,987271,112,completed,-36
Greedy,3128,3037662008,987359,987469,110,completed,-36
Greedy,3129,3037662008,987559,987670,111,completed,-36
Greedy,3130,3037662008,987767,987981,214,completed,-36
Greedy,3131,3037662008,987967,988098,131,completed,-36
Greedy,3133,3658959723,988367,988495,128,completed,-10
Greedy,3132,3037662008,988167,988278,111,completed,-38
Greedy,3134,3658959723,988567,988886,319,completed,-10
Greedy,3135,3658959723,988767,988988,221,completed,-10
Greedy,3136,3658959723,988967,989097,130,completed,-10
Greedy,3137,3658959723,989167,989295,128,completed,-10
Greedy,3138,3658959723,989367,989495,128,completed,-10
Greedy,3139,3658959723,989567,989695,128,completed,-10
Greedy,3140,3658959723,989770,990002,232,completed,-10
Greedy,3141,3658959723,989970,990105,135,completed,-10
Greedy,3143,3037662008,990370,990501,131,completed,-32
Greedy,3142,3658959723,990170,990298,128,completed,-10
Greedy,3144,3037662008,990570,990874,304,completed,-32
Greedy,3145,3037662008,990770,990992,222,completed,-32
Greedy,3146,3037662008,990970,991095,125,completed,-32
Greedy,3147,3037662008,991170,991281,111,completed,-32
Greedy,3148,3037662008,991370,991481,111,completed,-32
Greedy,3149,3037662008,991571,991876,305,completed,-32
Greedy,3150,3037662008,991771,991982,211,completed,-32
Greedy,3151,3037662008,991971,992085,114,completed,-32
Greedy,3152,3037662008,992171,992282,111,completed,-39
Greedy,3153,3658959723,992371,992507,136,completed,-10
Greedy,3154,3658959723,992571,992699,128,completed,-10
Greedy,3155,3658959723,992772,992901,129,completed,-10
Greedy,3156,3658959723,992972,993100,128,completed,-10
Greedy,3157,3658959723,993172,993300,128,completed,-10
Greedy,3158,3658959723,993372,993499,127,completed,-10
Greedy,3159,3658959723,993572,993894,322,completed,-10
Greedy,3160,3658959723,993772,994000,228,completed,-10
Greedy,3161,3658959723,993972,994103,131,completed,-10
Greedy,3162,3658959723,994172,994300,128,completed,-10
Greedy,3163,3037662008,994372,994483,111,completed,-33
Greedy,3164,3037662008,994572,994683,111,completed,-33
Greedy,3165,3037662008,994773,994885,112,completed,-33
Greedy,3166,3037662008,994973,995083,110,completed,-33
Greedy,3167,3037662008,995173,995284,111,completed,-33
Greedy,3168,3037662008,995373,995484,111,completed,-33
Greedy,3169,3037662008,995573,995955,382,completed,-33
Greedy,3170,3037662008,995773,996063,290,completed,-33
Greedy,3171,3037662008,995973,996172,199,completed,-33
Greedy,3172,3037662008,996174,996288,114,completed,-38
Greedy,3173,3658959723,996374,996502,128,completed,-9
Greedy,3174,3658959723,996574,996702,128,completed,-9
Greedy,3175,3658959723,996775,996904,129,completed,-9
Greedy,3176,3658959723,996975,997103,128,completed,-9
Greedy,3177,3658959723,997175,997303,128,completed,-9
Greedy,3178,3658959723,997375,997518,143,completed,-9
Greedy,3179,3658959723,997575,997898,323,completed,-9
Greedy,3180,3658959723,997775,998007,232,completed,-9
Greedy,3181,3658959723,997975,998111,136,completed,-9
Greedy,3182,3658959723,998175,998302,127,completed,-10
Greedy,3183,3037662008,998375,998488,113,completed,-36
Greedy,3184,3037662008,998575,998685,110,completed,-36
Greedy,3185,3037662008,998778,998891,113,completed,-36
Greedy,3186,3037662008,998978,999090,112,completed,-36
Greedy,3187,3037662008,999178,999289,111,completed,-36
Greedy,3188,3037662008,999378,999489,111,completed,-36
Greedy,3189,3037662008,999578,999883,305,completed,-36
Greedy,3190,3037662008,999778,999993,215,completed,-36
Greedy,3191,3037662008,999978,1000096,118,completed,-36
Greedy,3192,3037662008,1000178,1000290,112,completed,-35
Greedy,3193,3658959723,1000378,1000506,128,completed,-10
Greedy,3194,3658959723,1000578,1000706,128,completed,-10
Greedy,3195,3658959723,1002970,1003295,325,completed,-9
Greedy,3196,3658959723,1003175,1003426,251,completed,-9
Greedy,3197,3658959723,1003375,1003534,159,completed,-9
Greedy,3198,3658959723,1003575,1003703,128,completed,-9
Greedy,3199,3658959723,1003775,1003904,129,completed,-9
Greedy,3201,3037662008,1004365,1004477,112,completed,-35
Greedy,3200,3658959723,1004165,1004294,129,completed,-10
Greedy,3202,3037662008,1004565,1004677,112,completed,-35
Greedy,3203,3037662008,1004765,1004876,111,completed,-35
Greedy,3204,3037662008,1004965,1005076,111,completed,-35
Greedy,3205,3037662008,1005174,1005478,304,completed,-35
Greedy,3206,3037662008,1005374,1005588,214,completed,-35
Greedy,3207,3037662008,1005574,1005691,117,completed,-35
Greedy,3208,3037662008,1005774,1005885,111,completed,-35
Greedy,3209,3037662008,1005974,1006276,302,completed,-35
Greedy,3210,3037662008,1006174,1006389,215,completed,-35
Greedy,3211,3658959723,1006378,1006507,129,completed,-9
Greedy,3212,3658959723,1006578,1006705,127,completed,-9
Greedy,3213,3658959723,1006778,1006907,129,completed,-9
Greedy,3214,3658959723,1007171,1007325,154,completed,-9
Greedy,3215,3658959723,1007371,1007499,128,completed,-9
Greedy,3216,3658959723,1007571,1007699,128,completed,-9
Greedy,3217,3658959723,1007771,1007899,128,completed,-9
Greedy,3218,3658959723,1007971,1008098,127,completed,-9
Greedy,3219,3658959723,1008176,1008304,128,completed,-10
Greedy,3220,3037662008,1008376,1008496,120,completed,-34
Greedy,3221,3037662008,1008576,1008687,111,completed,-34
Greedy,3222,3037662008,1008776,1008887,111,completed,-34
Greedy,3223,3037662008,1008976,1009089,113,completed,-34
Greedy,3224,3037662008,1009180,1009291,111,completed,-34
Greedy,3225,3037662008,1009380,1009491,111,completed,-34
Greedy,3226,3037662008,1009580,1009697,117,completed,-34
Greedy,3227,3037662008,1009780,1009891,111,completed,-34
Greedy,3228,3037662008,1009980,1010283,303,completed,-34
Greedy,3230,3658959723,1010380,1010508,128,completed,-10
Greedy,3231,3658959723,1010580,1010709,129,completed,-10
Greedy,3229,3037662008,1010180,1010387,207,completed,-38
Greedy,3232,3658959723,1010780,1010907,127,completed,-10
Greedy,3233,3658959723,1010981,1011303,322,completed,-10
Greedy,3234,3658959723,1011181,1011415,234,completed,-10
Greedy,3235,3658959723,1011381,1011524,143,completed,-10
Greedy,3236,3658959723,1011581,1011709,128,completed,-10
Greedy,3237,3658959723,1011781,1011909,128,completed,-10
Greedy,3238,3658959723,1011981,1012109,128,completed,-10
Greedy,3239,3658959723,1012181,1012311,130,completed,-10
Greedy,3240,3037662008,1012381,1012492,111,completed,-35
Greedy,3241,3037662008,1012581,1012692,111,completed,-35
Greedy,3242,3037662008,1012781,1012904,123,completed,-35
Greedy,3243,3037662008,1012982,1013288,306,completed,-35
Greedy,3244,3037662008,1013182,1013397,215,completed,-35
Greedy,3245,3037662008,1013382,1013511,129,completed,-35
Greedy,3246,3037662008,1013582,1013694,112,completed,-35
Greedy,3247,3037662008,1013782,1013892,110,completed,-35
Greedy,3248,3037662008,1013982,1014093,111,completed,-35
Greedy,3249,3037662008,1014184,1014296,112,completed,-38
Greedy,3250,3658959723,1014384,1014512,128,completed,-10
Greedy,3251,3658959723,1014584,1014712,128,completed,-10
Greedy,3252,3658959723,1014784,1014911,127,completed,-10
Greedy,3253,3658959723,1014984,1015308,324,completed,-10
Greedy,3254,3658959723,1015184,1015412,228,completed,-10
Greedy,3255,3658959723,1015384,1015515,131,completed,-10
Greedy,3256,3658959723,1015584,1015712,128,completed,-10
Greedy,3257,3658959723,1015784,1015912,128,completed,-10
Greedy,3258,3658959723,1015984,1016144,160,completed,-10
Greedy,3260,3037662008,1016386,1016498,112,completed,-34
Greedy,3259,3658959723,1016186,1016316,130,completed,-10
Greedy,3261,3037662008,1016586,1016697,111,completed,-34
Greedy,3262,3037662008,1016786,1016897,111,completed,-34
Greedy,3263,3037662008,1016986,1017304,318,completed,-34
Greedy,3264,3037662008,1017186,1017413,227,completed,-34
Greedy,3265,3037662008,1017386,1017516,130,completed,-34
Greedy,3266,3037662008,1017586,1017697,111,completed,-34
Greedy,3267,3037662008,1017786,1017897,111,completed,-34
Greedy,3268,3037662008,1017986,1018097,111,completed,-34
Greedy,3269,3037662008,1018189,1018304,115,completed,-38
Greedy,3270,3658959723,1020393,1020714,321,completed,-9
Greedy,3271,3658959723,1020599,1020830,231,completed,-9
Greedy,3272,3658959723,1020799,1020939,140,completed,-9
Greedy,3273,3658959723,1020999,1021127,128,completed,-9
Greedy,3274,3658959723,1021199,1021327,128,completed,-9
Greedy,3275,3658959723,1021588,1021717,129,completed,-9
Greedy,3276,3658959723,1021788,1021916,128,completed,-9
Greedy,3277,3658959723,1021988,1022117,129,completed,-9
Greedy,3278,3658959723,1022188,1022316,128,completed,-10
Greedy,3279,3037662008,1022388,1022508,120,completed,-32
Greedy,3280,3037662008,1022598,1022879,281,completed,-32
Greedy,3281,3037662008,1022798,1022988,190,completed,-32
Greedy,3282,3037662008,1022998,1023136,138,completed,-32
Greedy,3283,3037662008,1023198,1023308,110,completed,-32
Greedy,3288,3037662008,1024198,1024332,134,completed,-37
Greedy,3289,3658959723,1024399,1024721,322,completed,-10
Greedy,3290,3658959723,1024599,1024829,230,completed,-10
Greedy,3291,3658959723,1024799,1024931,132,completed,-10
Greedy,3292,3658959723,1024999,1025145,146,completed,-10
Greedy,3293,3658959723,1025199,1025326,127,completed,-10
Greedy,3284,3037662008,1023398,1023734,336,completed,-32
Greedy,3285,3037662008,1023598,1023844,246,completed,-32
Greedy,3286,3037662008,1023798,1023947,149,completed,-32
Greedy,3287,3037662008,1023998,1024110,112,completed,-32
Greedy,3294,3658959723,1025399,1025528,129,completed,-10
Greedy,3295,3658959723,1025600,1025729,129,completed,-10
Greedy,3296,3658959723,1025800,1025957,157,completed,-10
Greedy,3297,3658959723,1026000,1026128,128,completed,-10
Greedy,3298,3658959723,1026200,1026328,128,completed,-10
Greedy,3299,3037662008,1026406,1026754,348,completed,-32
Greedy,3300,3037662008,1026611,1026862,251,completed,-32
Greedy,3301,3037662008,1026811,1026973,162,completed,-32
Greedy,3302,3037662008,1027011,1027123,112,completed,-32
Greedy,3303,3037662008,1027211,1027322,111,completed,-32
Greedy,3304,3037662008,1027604,1027715,111,completed,-32
Greedy,3305,3037662008,1027804,1027915,111,completed,-32
Greedy,3306,3037662008,1028004,1028116,112,completed,-32
Greedy,3307,3037662008,1028204,1028321,117,completed,-37
Greedy,3308,3658959723,1028404,1028729,325,completed,-9
Greedy,3309,3658959723,1028604,1028832,228,completed,-9
Greedy,3310,3658959723,1028804,1028935,131,completed,-9
Greedy,3311,3658959723,1029004,1029132,128,completed,-9
Greedy,3312,3658959723,1029204,1029332,128,completed,-9
Greedy,3313,3658959723,1029404,1029734,330,completed,-9
Greedy,3314,3658959723,1029604,1029843,239,completed,-9
Greedy,3315,3658959723,1029804,1029945,141,completed,-9
Greedy,3316,3658959723,1030004,1030132,128,completed,-9
Greedy,3317,3658959723,1030204,1030332,128,completed,-9
Greedy,3318,3037662008,1030404,1030714,310,completed,-32
Greedy,3319,3037662008,1030607,1030864,257,completed,-32
Greedy,3320,3037662008,1030807,1030967,160,completed,-32
Greedy,3321,3037662008,1031007,1031118,111,completed,-32
Greedy,3322,3037662008,1031207,1031319,112,completed,-32
Greedy,3323,3037662008,1031407,1031519,112,completed,-32
Greedy,3324,3037662008,1031611,1031723,112,completed,-32
Greedy,3325,3037662008,1031811,1031923,112,completed,-32
Greedy,3326,3037662008,1032011,1032122,111,completed,-32
Greedy,3327,3037662008,1032211,1032322,111,completed,-38
Greedy,3328,3658959723,1032411,1032734,323,completed,-9
Greedy,3329,3658959723,1032611,1032839,228,completed,-9
Greedy,3330,3658959723,1032811,1032942,131,completed,-9
Greedy,3331,3658959723,1033011,1033139,128,completed,-9
Greedy,3332,3658959723,1033211,1033338,127,completed,-9
Greedy,3333,3658959723,1033411,1033540,129,completed,-9
Greedy,3334,3658959723,1033612,1033741,129,completed,-9
Greedy,3335,3658959723,1033812,1033940,128,completed,-9
Greedy,3336,3658959723,1034012,1034140,128,completed,-9
Greedy,3337,3658959723,1034212,1034340,128,completed,-10
Greedy,3338,3037662008,1034412,1034753,341,completed,-33
Greedy,3339,3037662008,1034612,1034862,250,completed,-33
Greedy,3340,3037662008,1034812,1034965,153,completed,-33
Greedy,3341,3037662008,1035012,1035123,111,completed,-33
Greedy,3342,3037662008,1035212,1035323,111,completed,-33
Greedy,3345,3658959723,1037813,1038135,322,completed,-9
Greedy,3346,3658959723,1038022,1038256,234,completed,-9
Greedy,3347,3658959723,1038222,1038373,151,completed,-10
Greedy,3352,3658959723,1039408,1039536,128,completed,-10
Greedy,3353,3658959723,1039608,1039736,128,completed,-10
Greedy,3343,3037662008,1035412,1035525,113,completed,-33
Greedy,3354,3658959723,1039808,1039936,128,completed,-10
Greedy,3344,3037662008,1035612,1035725,113,completed,-33
Greedy,3355,3658959723,1040026,1040432,406,completed,-10
Greedy,3356,3658959723,1040226,1040535,309,completed,-10
Greedy,3348,3037662008,1038422,1038545,123,completed,-33
Greedy,3357,3658959723,1040426,1040638,212,completed,-10
Greedy,3358,3658959723,1040626,1040754,128,completed,-10
Greedy,3349,3037662008,1038622,1038733,111,completed,-33
Greedy,3350,3037662008,1039008,1039121,113,completed,-33
Greedy,3359,3658959723,1041015,1041144,129,completed,-10
Greedy,3351,3037662008,1039208,1039320,112,completed,-33
Greedy,3360,3658959723,1041215,1041343,128,completed,-10
Greedy,3361,3658959723,1041415,1041543,128,completed,-10
Greedy,3362,3658959723,1041615,1041743,128,completed,-10
Greedy,3363,3658959723,1041815,1041944,129,completed,-10
Greedy,3364,3658959723,1042028,1042302,274,completed,-10
Greedy,3366,3037662008,1042428,1042539,111,completed,-38
Greedy,3365,3658959723,1042228,1042411,183,completed,-9
Greedy,3367,3037662008,1042628,1042740,112,completed,-38
Greedy,3368,3037662008,1043021,1043136,115,completed,-38
Greedy,3369,3037662008,1043221,1043332,111,completed,-38
Greedy,3370,3037662008,1043421,1043544,123,completed,-38
Greedy,3371,3037662008,1043621,1043733,112,completed,-38
Greedy,3372,3037662008,1043821,1044198,377,completed,-38
Greedy,3373,3037662008,1044021,1044301,280,completed,-38
Greedy,3375,3658959723,1044421,1044550,129,completed,-9
Greedy,3374,3037662008,1044221,1044405,184,completed,-37
Greedy,3376,3658959723,1044621,1044749,128,completed,-9
Greedy,3377,3658959723,1044821,1044949,128,completed,-9
Greedy,3378,3658959723,1045027,1045156,129,completed,-9
Greedy,3379,3658959723,1045227,1045355,128,completed,-9
Greedy,3380,3658959723,1045427,1045566,139,completed,-9
Greedy,3381,3658959723,1045627,1045755,128,completed,-9
Greedy,3382,3658959723,1045827,1046149,322,completed,-9
Greedy,3383,3658959723,1046027,1046258,231,completed,-9
Greedy,3384,3658959723,1046227,1046367,140,completed,-10
Greedy,3385,3037662008,1046427,1046539,112,completed,-32
Greedy,3386,3037662008,1046627,1046739,112,completed,-32
Greedy,3387,3037662008,1046827,1046938,111,completed,-32
Greedy,3388,3037662008,1047028,1047140,112,completed,-32
Greedy,3389,3037662008,1047228,1047339,111,completed,-32
Greedy,3390,3037662008,1047428,1047540,112,completed,-32
Greedy,3391,3037662008,1047628,1047739,111,completed,-32
Greedy,3392,3037662008,1047828,1048134,306,completed,-32
Greedy,3393,3037662008,1048028,1048243,215,completed,-32
Greedy,3394,3037662008,1048228,1048353,125,completed,-36
Greedy,3395,3658959723,1048428,1048556,128,completed,-9
Greedy,3396,3658959723,1048628,1048756,128,completed,-9
Greedy,3397,3658959723,1048828,1048956,128,completed,-9
Greedy,3398,3658959723,1049030,1049160,130,completed,-9
Greedy,3399,3658959723,1049230,1049358,128,completed,-9
Greedy,3400,3658959723,1049430,1049560,130,completed,-9
Greedy,3401,3658959723,1049630,1049759,129,completed,-9
Greedy,3402,3658959723,1049830,1050223,393,completed,-9
Greedy,3403,3658959723,1050030,1050326,296,completed,-10
Greedy,3405,3037662008,1050430,1050542,112,completed,-33
Greedy,3406,3037662008,1050630,1050741,111,completed,-33
Greedy,3404,3658959723,1050230,1050427,197,completed,-10
Greedy,3407,3037662008,1050830,1050941,111,completed,-33
Greedy,3408,3037662008,1051032,1051146,114,completed,-33
Greedy,3409,3037662008,1051232,1051343,111,completed,-33
Greedy,3410,3037662008,1051432,1051544,112,completed,-33
Greedy,3411,3037662008,1051632,1051743,111,completed,-33
Greedy,3412,3037662008,1051832,1052139,307,completed,-33
Greedy,3413,3037662008,1052032,1052243,211,completed,-33
Greedy,3415,3658959723,1052432,1052575,143,completed,-10
Greedy,3414,3037662008,1052232,1052346,114,completed,-36
Greedy,3416,3658959723,1052632,1052760,128,completed,-10
Greedy,3417,3658959723,1052832,1052961,129,completed,-10
Greedy,3418,3658959723,1053033,1053162,129,completed,-10
Greedy,3419,3658959723,1055235,1055562,327,completed,-9
Greedy,3430,3037662008,1057437,1057630,193,completed,-35
Greedy,3420,3658959723,1055435,1055923,488,completed,-9
Greedy,3421,3658959723,1055635,1056025,390,completed,-9
Greedy,3422,3658959723,1055835,1056197,362,completed,-9
Greedy,3423,3658959723,1056035,1056559,524,completed,-10
Greedy,3424,3658959723,1056235,1056750,515,completed,-10
Greedy,3425,3658959723,1056437,1057024,587,completed,-10
Greedy,3426,3658959723,1056637,1057126,489,completed,-10
Greedy,3427,3658959723,1056837,1057297,460,completed,-10
Greedy,3428,3658959723,1057037,1057580,543,completed,-10
Greedy,3429,3658959723,1057237,1057682,445,completed,-10
Greedy,3431,3658959723,1057637,1057784,147,completed,-10
Greedy,3432,3658959723,1057837,1057966,129,completed,-10
Greedy,3433,3658959723,1058037,1058167,130,completed,-10
Greedy,3434,3658959723,1058237,1058365,128,completed,-10
Greedy,3435,3658959723,1058451,1058582,131,completed,-10
Greedy,3436,3658959723,1058651,1058781,130,completed,-10
Greedy,3439,3037662008,1059441,1059553,112,completed,-32
Greedy,3440,3037662008,1059641,1059752,111,completed,-32
Greedy,3437,3658959723,1058851,1058980,129,completed,-10
Greedy,3438,3658959723,1059051,1059181,130,completed,-10
Greedy,3441,3037662008,1059841,1059952,111,completed,-32
Greedy,3442,3037662008,1060041,1060152,111,completed,-32
Greedy,3444,3658959723,1060454,1060589,135,completed,-9
Greedy,3443,3037662008,1060241,1060353,112,completed,-37
Greedy,3445,3658959723,1060654,1060782,128,completed,-9
Greedy,3446,3658959723,1060854,1060982,128,completed,-9
Greedy,3447,3658959723,1061054,1061182,128,completed,-9
Greedy,3448,3658959723,1061438,1061568,130,completed,-9
Greedy,3449,3658959723,1061638,1061766,128,completed,-9
Greedy,3450,3658959723,1061838,1061966,128,completed,-9
Greedy,3451,3658959723,1062038,1062167,129,completed,-9
Greedy,3452,3658959723,1062238,1062366,128,completed,-9
Greedy,3453,3658959723,1062449,1062620,171,completed,-9
Greedy,3454,3658959723,1062649,1062778,129,completed,-9
Greedy,3455,3658959723,1062849,1062978,129,completed,-9
Greedy,3456,3658959723,1063049,1063177,128,completed,-9
Greedy,3457,3658959723,1063450,1064571,1121,completed,-9
Greedy,3458,3658959723,1063650,1064674,1024,completed,-9
Greedy,3459,3658959723,1063850,1064777,927,completed,-9
Greedy,3460,3658959723,1064050,1064880,830,completed,-9
Greedy,3461,3658959723,1064457,1064983,526,completed,-9
Greedy,3462,3658959723,1064660,1065089,429,completed,-9
Greedy,3463,3658959723,1064860,1065191,331,completed,-9
Greedy,3464,3658959723,1065060,1065293,233,completed,-9
Greedy,3465,3658959723,1065454,1065582,128,completed,-9
Greedy,3466,3658959723,1065654,1065783,129,completed,-9
Greedy,3467,3658959723,1065854,1065982,128,completed,-9
Greedy,3468,3658959723,1066054,1066181,127,completed,-9
Greedy,3469,3658959723,1066455,1066583,128,completed,-9
Greedy,3470,3658959723,1066655,1066783,128,completed,-9
Greedy,3471,3658959723,1066855,1066984,129,completed,-9
Greedy,3472,3658959723,1067055,1067185,130,completed,-9
Greedy,3473,3658959723,1067451,1067595,144,completed,-9
Greedy,3474,3658959723,1067651,1067779,128,completed,-9
Greedy,3475,3658959723,1067851,1067980,129,completed,-9
Greedy,3476,3658959723,1068051,1068179,128,completed,-9
Greedy,3477,3658959723,1068251,1068604,353,completed,-9
Greedy,3478,3658959723,1068459,1068707,248,completed,-9
Greedy,3479,3658959723,1068659,1068810,151,completed,-9
Greedy,3480,3658959723,1068859,1068988,129,completed,-9
Greedy,3481,3658959723,1069059,1069187,128,completed,-9
Greedy,3482,3658959723,1069447,1069576,129,completed,-9
Greedy,3483,3658959723,1069647,1069809,162,completed,-9
Greedy,3484,3658959723,1069847,1069976,129,completed,-9
Greedy,3485,3658959723,1070047,1070175,128,completed,-9
Greedy,3486,3658959723,1070247,1070375,128,completed,-9
Greedy,3487,3037662008,1070454,1070566,112,completed,-33
Greedy,3494,3658959723,1074056,1074185,129,completed,-8
Greedy,3495,3658959723,1074256,1074385,129,completed,-8
Greedy,3488,3037662008,1072658,1072966,308,completed,-34
Greedy,3489,3037662008,1072866,1073150,284,completed,-34
Greedy,3490,3037662008,1073066,1073425,359,completed,-34
Greedy,3491,3037662008,1073266,1073700,434,completed,-34
Greedy,3492,3037662008,1073466,1073965,499,completed,-34
Greedy,3493,3037662008,1073856,1074067,211,completed,-34
Greedy,3496,3037662008,1074456,1074570,114,completed,-36
Greedy,3497,3037662008,1074656,1074768,112,completed,-36
Greedy,3498,3037662008,1074856,1075008,152,completed,-36
Greedy,3499,3037662008,1075056,1075169,113,completed,-36
Greedy,3500,3037662008,1075256,1075369,113,completed,-36
Greedy,3501,3037662008,1075456,1075569,113,completed,-36
Greedy,3502,3037662008,1075656,1075770,114,completed,-36
Greedy,3503,3037662008,1075860,1075974,114,completed,-36
Greedy,3504,3037662008,1076060,1076173,113,completed,-36
Greedy,3506,3658959723,1076460,1076588,128,completed,-8
Greedy,3507,3658959723,1076660,1076788,128,completed,-8
Greedy,3505,3037662008,1076260,1076373,113,completed,-38
Greedy,3508,3658959723,1076868,1077170,302,completed,-8
Greedy,3509,3658959723,1077068,1077280,212,completed,-8
Greedy,3510,3658959723,1077268,1077396,128,completed,-8
Greedy,3511,3658959723,1077468,1077596,128,completed,-8
Greedy,3512,3658959723,1077668,1077989,321,completed,-8
Greedy,3513,3658959723,1077868,1078098,230,completed,-8
Greedy,3514,3658959723,1078068,1078208,140,completed,-8
Greedy,3515,3658959723,1078268,1078396,128,completed,-9
Greedy,3516,3037662008,1078468,1078579,111,completed,-35
Greedy,3517,3037662008,1078668,1078976,308,completed,-35
Greedy,3518,3037662008,1078868,1079080,212,completed,-35
Greedy,3519,3037662008,1079068,1079182,114,completed,-35
Greedy,3520,3037662008,1079268,1079379,111,completed,-35
Greedy,3521,3037662008,1079468,1079579,111,completed,-35
Greedy,3522,3037662008,1079668,1079780,112,completed,-35
Greedy,3523,3037662008,1079869,1079983,114,completed,-35
Greedy,3524,3037662008,1080069,1080181,112,completed,-35
Greedy,3525,3037662008,1080269,1080380,111,completed,-33
Greedy,3526,3658959723,1080469,1080597,128,completed,-8
Greedy,3527,3658959723,1080669,1080995,326,completed,-8
Greedy,3528,3658959723,1080869,1081104,235,completed,-8
Greedy,3529,3658959723,1081069,1081207,138,completed,-8
Greedy,3530,3658959723,1081269,1081398,129,completed,-8
Greedy,3531,3658959723,1081469,1081597,128,completed,-8
Greedy,3532,3658959723,1081669,1081797,128,completed,-8
Greedy,3533,3658959723,1081871,1082001,130,completed,-8
Greedy,3534,3658959723,1082071,1082199,128,completed,-8
Greedy,3535,3658959723,1082271,1082399,128,completed,-10
Greedy,3536,3037662008,1082471,1082600,129,completed,-33
Greedy,3537,3037662008,1082671,1082979,308,completed,-33
Greedy,3538,3037662008,1082871,1083088,217,completed,-33
Greedy,3539,3037662008,1083071,1083191,120,completed,-33
Greedy,3540,3037662008,1083271,1083383,112,completed,-33
Greedy,3541,3037662008,1083471,1083582,111,completed,-33
Greedy,3542,3037662008,1083671,1083782,111,completed,-33
Greedy,3543,3037662008,1083873,1083986,113,completed,-33
Greedy,3544,3037662008,1084073,1084185,112,completed,-33
Greedy,3545,3037662008,1084273,1084385,112,completed,-39
Greedy,3546,3658959723,1084473,1084601,128,completed,-9
Greedy,3547,3658959723,1084673,1084997,324,completed,-9
Greedy,3548,3658959723,1084873,1085101,228,completed,-9
Greedy,3549,3658959723,1085073,1085204,131,completed,-9
Greedy,3550,3658959723,1085273,1085401,128,completed,-9
Greedy,3551,3658959723,1085473,1085602,129,completed,-9
Greedy,3552,3658959723,1085673,1085802,129,completed,-9
Greedy,3553,3658959723,1085875,1086006,131,completed,-9
Greedy,3554,3658959723,1086075,1086203,128,completed,-9
Greedy,3555,3658959723,1086275,1086403,128,completed,-10
Greedy,3556,3037662008,1086475,1086586,111,completed,-32
Greedy,3557,3037662008,1086675,1087024,349,completed,-32
Greedy,3558,3037662008,1086875,1087133,258,completed,-32
Greedy,3559,3037662008,1087075,1087243,168,completed,-32
Greedy,3560,3037662008,1087275,1087387,112,completed,-32
Greedy,3561,3037662008,1087475,1087586,111,completed,-32
Greedy,3564,3658959723,1090077,1090411,334,completed,-9
Greedy,3565,3658959723,1090278,1090514,236,completed,-9
Greedy,3571,3658959723,1091478,1091629,151,completed,-9
Greedy,3572,3658959723,1091678,1091806,128,completed,-9
Greedy,3573,3658959723,1091878,1092007,129,completed,-9
Greedy,3574,3658959723,1092078,1092206,128,completed,-9
Greedy,3575,3658959723,1092281,1092445,164,completed,-9
Greedy,3562,3037662008,1087675,1087787,112,completed,-32
Greedy,3563,3037662008,1087876,1087988,112,completed,-32
Greedy,3576,3658959723,1092481,1092609,128,completed,-9
Greedy,3577,3658959723,1092681,1092810,129,completed,-9
Greedy,3578,3658959723,1092881,1093009,128,completed,-9
Greedy,3566,3037662008,1090478,1090591,113,completed,-37
Greedy,3579,3658959723,1093081,1093403,322,completed,-9
Greedy,3580,3658959723,1093284,1093530,246,completed,-9
Greedy,3567,3037662008,1090678,1090790,112,completed,-37
Greedy,3568,3037662008,1090878,1090989,111,completed,-37
Greedy,3581,3658959723,1093484,1093633,149,completed,-9
Greedy,3582,3658959723,1093684,1093813,129,completed,-9
Greedy,3569,3037662008,1091078,1091383,305,completed,-37
Greedy,3583,3658959723,1093884,1094012,128,completed,-9
Greedy,3570,3037662008,1091278,1091524,246,completed,-37
Greedy,3584,3658959723,1094084,1094446,362,completed,-9
Greedy,3585,3658959723,1094284,1094554,270,completed,-9
Greedy,3586,3658959723,1094484,1094657,173,completed,-9
Greedy,SUMMARY,ALL,0,0,120000,batch_complete,0
----------------,---,---,---,---,---,----------------,---
Greedy,3587,3658959723,1094684,1094813,129,completed,-9
Greedy,3588,3658959723,1137616,1137751,135,completed,-8
Greedy,3589,3658959723,1137816,1137946,130,completed,-8
Greedy,3590,3658959723,1138109,1138240,131,completed,-8
Greedy,3591,3658959723,1138309,1138443,134,completed,-9
Greedy,3592,3037662008,1138509,1138621,112,completed,-36
Greedy,3593,3037662008,1138709,1138821,112,completed,-36
Greedy,3594,3037662008,1138909,1139216,307,completed,-36
Greedy,3595,3037662008,1139109,1139325,216,completed,-36
Greedy,3596,3037662008,1139309,1139428,119,completed,-36
Greedy,3597,3037662008,1139509,1139622,113,completed,-36
Greedy,3598,3037662008,1139709,1139820,111,completed,-36
Greedy,3599,3037662008,1139909,1140022,113,completed,-36
Greedy,3600,3037662008,1140112,1140228,116,completed,-36
Greedy,3601,3658959723,1142316,1142640,324,completed,-9
Greedy,3602,3658959723,1142521,1142752,231,completed,-9
Greedy,3603,3658959723,1142721,1142855,134,completed,-9
Greedy,3604,3658959723,1142921,1143050,129,completed,-9
Greedy,3605,3658959723,1143121,1143249,128,completed,-9
Greedy,3606,3658959723,1143520,1143648,128,completed,-9
Greedy,3607,3658959723,1143720,1143849,129,completed,-9
Greedy,3608,3658959723,1143920,1144049,129,completed,-9
Greedy,3609,3658959723,1144120,1144249,129,completed,-9
Greedy,3610,3658959723,1144321,1144685,364,completed,-9
Greedy,3611,3658959723,1144530,1144788,258,completed,-9
Greedy,3612,3658959723,1144730,1144891,161,completed,-9
Greedy,3613,3658959723,1144930,1145059,129,completed,-9
Greedy,3614,3658959723,1145130,1145258,128,completed,-9
Greedy,3615,3658959723,1145525,1145678,153,completed,-9
Greedy,3616,3658959723,1145725,1145854,129,completed,-9
Greedy,3617,3658959723,1145925,1146054,129,completed,-9
Greedy,3618,3658959723,1146125,1146254,129,completed,-9
Greedy,3619,3658959723,1146325,1146649,324,completed,-9
Greedy,3620,3658959723,1146537,1146759,222,completed,-9
Greedy,3621,3658959723,1146737,1146866,129,completed,-9
Greedy,3622,3658959723,1146937,1147066,129,completed,-9
Greedy,3623,3658959723,1147137,1147265,128,completed,-9
Greedy,3624,3658959723,1147528,1147657,129,completed,-9
Greedy,3625,3658959723,1147728,1147858,130,completed,-9
Greedy,3626,3658959723,1147928,1148057,129,completed,-9
Greedy,3627,3658959723,1148128,1148256,128,completed,-9
Greedy,3628,3658959723,1148328,1148652,324,completed,-10
Greedy,3629,3658959723,1148538,1148761,223,completed,-10
Greedy,3630,3658959723,1148738,1148867,129,completed,-10
Greedy,3631,3658959723,1148938,1149066,128,completed,-10
Greedy,3632,3658959723,1149138,1149267,129,completed,-10
Greedy,3633,3658959723,1149531,1149660,129,completed,-10
Greedy,3634,3658959723,1149731,1149860,129,completed,-10
Greedy,3635,3658959723,1149931,1150060,129,completed,-10
Greedy,3636,3658959723,1150131,1150261,130,completed,-10
Greedy,3637,3658959723,1150331,1150655,324,completed,-10
Greedy,3638,3658959723,1150542,1150764,222,completed,-10
Greedy,3639,3658959723,1150742,1150871,129,completed,-10
Greedy,3640,3658959723,1150942,1151070,128,completed,-10
Greedy,3641,3658959723,1151142,1151270,128,completed,-10
Greedy,3642,3658959723,1151529,1151690,161,completed,-10
Greedy,3643,3658959723,1151729,1151858,129,completed,-10
Greedy,3644,3658959723,1151929,1152058,129,completed,-10
Greedy,3645,3658959723,1152129,1152257,128,completed,-10
Greedy,3646,3658959723,1152329,1152658,329,completed,-9
Greedy,3647,3658959723,1152535,1152767,232,completed,-9
Greedy,3648,3658959723,1152735,1152870,135,completed,-9
Greedy,3649,3658959723,1152935,1153064,129,completed,-9
Greedy,3650,3658959723,1153135,1153263,128,completed,-9
Greedy,3656,3658959723,1154342,1154723,381,completed,-9
Greedy,3657,3658959723,1154546,1154826,280,completed,-9
Greedy,3658,3658959723,1154746,1154929,183,completed,-9
Greedy,3659,3658959723,1154946,1155075,129,completed,-9
Greedy,3660,3658959723,1155146,1155274,128,completed,-9
Greedy,3651,3658959723,1153338,1153663,325,completed,-9
Greedy,3652,3658959723,1153538,1153767,229,completed,-9
Greedy,3653,3658959723,1153738,1153869,131,completed,-9
Greedy,3654,3658959723,1153938,1154068,130,completed,-9
Greedy,3655,3658959723,1154138,1154266,128,completed,-9
Greedy,3661,3658959723,1155536,1155667,131,completed,-9
Greedy,3662,3658959723,1155736,1155865,129,completed,-9
Greedy,3663,3658959723,1155936,1156065,129,completed,-9
Greedy,3664,3658959723,1156136,1156264,128,completed,-9
Greedy,3665,3658959723,1156341,1156474,133,completed,-10
Greedy,3666,3658959723,1156555,1156752,197,completed,-10
Greedy,3667,3658959723,1156755,1156935,180,completed,-10
Greedy,3668,3658959723,1156955,1157084,129,completed,-10
Greedy,3669,3658959723,1157155,1157283,128,completed,-10
Greedy,3670,3658959723,1157541,1157673,132,completed,-10
Greedy,3671,3658959723,1159753,1160077,324,completed,-9
Greedy,3672,3658959723,1159958,1160479,521,completed,-15
Greedy,3673,3658959723,1160158,1160582,424,completed,-15
Greedy,3674,3658959723,1160370,1160684,314,completed,-15
Greedy,3675,3658959723,1160570,1160786,216,completed,-15
Greedy,3676,3658959723,1160955,1161084,129,completed,-15
Greedy,3677,3658959723,1161155,1161315,160,completed,-15
Greedy,3678,3658959723,1161355,1161485,130,completed,-15
Greedy,3679,3658959723,1161555,1161841,286,completed,-15
Greedy,3680,3658959723,1161755,1162079,324,completed,-15
Greedy,3681,3658959723,1161956,1162188,232,completed,-15
Greedy,3682,3658959723,1162156,1162291,135,completed,-15
Greedy,3683,3658959723,1162356,1162497,141,completed,-18
Greedy,3684,3658959723,1162556,1162684,128,completed,-18
Greedy,3685,3658959723,1162756,1162885,129,completed,-18
Greedy,3686,3658959723,1162956,1163088,132,completed,-18
Greedy,3687,3658959723,1163156,1163285,129,completed,-18
Greedy,3688,3658959723,1163356,1163485,129,completed,-18
Greedy,3689,3658959723,1163556,1163684,128,completed,-18
Greedy,3690,3658959723,1163756,1163885,129,completed,-18
Greedy,3691,3658959723,1163959,1164088,129,completed,-18
Greedy,3692,3658959723,1164159,1164288,129,completed,-18
Greedy,3693,3658959723,1164359,1164493,134,completed,-13
Greedy,3694,3658959723,1164560,1164690,130,completed,-13
Greedy,3695,3658959723,1164760,1165082,322,completed,-13
Greedy,3696,3658959723,1164960,1165185,225,completed,-13
Greedy,3697,3658959723,1165160,1165292,132,completed,-13
Greedy,3698,3658959723,1165360,1165489,129,completed,-13
Greedy,3699,3658959723,1165560,1165688,128,completed,-13
Greedy,3700,3658959723,1165762,1166083,321,completed,-13
Greedy,3701,3658959723,1165962,1166192,230,completed,-13
Greedy,3702,3658959723,1166162,1166295,133,completed,-13
Greedy,3703,3658959723,1166362,1166494,132,completed,-17
Greedy,3704,3658959723,1166562,1166692,130,completed,-17
Greedy,3705,3658959723,1166762,1166891,129,completed,-17
Greedy,3706,3658959723,1166963,1167093,130,completed,-17
Greedy,3707,3658959723,1167163,1167292,129,completed,-17
Greedy,3708,3658959723,1167363,1167497,134,completed,-17
Greedy,3709,3658959723,1167563,1167693,130,completed,-17
Greedy,3710,3658959723,1167763,1168115,352,completed,-17
Greedy,3711,3658959723,1167963,1168223,260,completed,-17
Greedy,3712,3658959723,1168163,1168332,169,completed,-17
Greedy,3713,3658959723,1168365,1168495,130,completed,-15
Greedy,3714,3658959723,1168565,1168694,129,completed,-15
Greedy,3715,3658959723,1168765,1169085,320,completed,-15
Greedy,3716,3658959723,1168965,1169187,222,completed,-15
Greedy,3717,3658959723,1169165,1169295,130,completed,-15
Greedy,3718,3658959723,1169365,1169496,131,completed,-15
Greedy,3719,3658959723,1169565,1169693,128,completed,-15
Greedy,3720,3658959723,1169765,1170088,323,completed,-15
Greedy,3721,3658959723,1169965,1170197,232,completed,-15
Greedy,3722,3658959723,1170165,1170300,135,completed,-15
Greedy,3723,3658959723,1170367,1170497,130,completed,-10
Greedy,3724,3658959723,1170567,1170696,129,completed,-10
Greedy,3725,3658959723,1170767,1171088,321,completed,-10
Greedy,3726,3658959723,1170967,1171197,230,completed,-10
Greedy,3727,3658959723,1171167,1171300,133,completed,-10
Greedy,3728,3658959723,1171368,1171506,138,completed,-10
Greedy,3729,3658959723,1171568,1171697,129,completed,-10
Greedy,3730,3658959723,1171768,1172090,322,completed,-10
Greedy,3731,3658959723,1171968,1172200,232,completed,-10
Greedy,3732,3658959723,1172168,1172303,135,completed,-10
Greedy,3733,3658959723,1172368,1172498,130,completed,-9
Greedy,3734,3658959723,1172568,1172696,128,completed,-9
Greedy,3735,3658959723,1172768,1172897,129,completed,-9
Greedy,3736,3658959723,1172968,1173099,131,completed,-9
Greedy,3737,3658959723,1173168,1173297,129,completed,-9
Greedy,3738,3658959723,1173368,1173496,128,completed,-9
Greedy,3739,3658959723,1173568,1173697,129,completed,-9
Greedy,3740,3658959723,1173768,1174115,347,completed,-9
Greedy,3741,3658959723,1173968,1174218,250,completed,-9
Greedy,3742,3658959723,1174168,1174321,153,completed,-9
Greedy,3743,3658959723,1174368,1174506,138,completed,-10
Greedy,3744,3658959723,1174568,1174696,128,completed,-10
Greedy,3745,3658959723,1174768,1174898,130,completed,-10
Greedy,3746,3658959723,1174968,1175100,132,completed,-10
Greedy,3747,3658959723,1177167,1177492,325,completed,-10
Greedy,3748,3658959723,1177372,1177601,229,completed,-10
Greedy,3749,3658959723,1177572,1177704,132,completed,-10
Greedy,3750,3658959723,1177772,1177901,129,completed,-10
Greedy,3751,3658959723,1177972,1178100,128,completed,-10
Greedy,3752,3658959723,1178373,1178503,130,completed,-10
Greedy,3753,3658959723,1178573,1178702,129,completed,-10
Greedy,3754,3658959723,1178773,1178902,129,completed,-10
Greedy,3755,3658959723,1178973,1179102,129,completed,-10
Greedy,3756,3658959723,1179173,1179495,322,completed,-10
Greedy,3757,3658959723,1179377,1179598,221,completed,-10
Greedy,3758,3658959723,1179577,1179708,131,completed,-10
Greedy,3759,3658959723,1179777,1179906,129,completed,-10
Greedy,3760,3658959723,1179977,1180105,128,completed,-10
Greedy,3761,3658959723,1180177,1180500,323,completed,-11
Greedy,3762,3658959723,1180386,1180609,223,completed,-11
Greedy,3763,3658959723,1180586,1180716,130,completed,-11
Greedy,3764,3658959723,1180786,1180914,128,completed,-11
Greedy,3765,3658959723,1180986,1181115,129,completed,-11
Greedy,3766,3658959723,1181380,1181511,131,completed,-11
Greedy,3767,3658959723,1181580,1181710,130,completed,-11
Greedy,3768,3658959723,1181780,1181909,129,completed,-11
Greedy,3769,3658959723,1181980,1182109,129,completed,-11
Greedy,3770,3658959723,1182180,1182503,323,completed,-10
Greedy,3771,3658959723,1182389,1182606,217,completed,-10
Greedy,3772,3658959723,1182589,1182719,130,completed,-10
Greedy,3773,3658959723,1182789,1182917,128,completed,-10
Greedy,3774,3658959723,1182989,1183117,128,completed,-10
Greedy,3775,3658959723,1183383,1183514,131,completed,-10
Greedy,3776,3658959723,1183583,1183713,130,completed,-10
Greedy,3777,3658959723,1183783,1183912,129,completed,-10
Greedy,3778,3658959723,1183983,1184111,128,completed,-10
Greedy,3779,3658959723,1184183,1184507,324,completed,-9
Greedy,3780,3658959723,1184393,1184615,222,completed,-9
Greedy,3781,3658959723,1184593,1184723,130,completed,-9
Greedy,3782,3658959723,1184793,1184921,128,completed,-9
Greedy,3783,3658959723,1184993,1185121,128,completed,-9
Greedy,3784,3658959723,1185386,1185516,130,completed,-9
Greedy,3785,3658959723,1185586,1185716,130,completed,-9
Greedy,3786,3658959723,1185786,1185914,128,completed,-9
Greedy,3787,3658959723,1185986,1186115,129,completed,-9
Greedy,3788,3658959723,1186186,1186509,323,completed,-10
Greedy,3789,3658959723,1186394,1186612,218,completed,-10
Greedy,3790,3658959723,1186594,1186725,131,completed,-10
Greedy,3791,3658959723,1186794,1186924,130,completed,-10
Greedy,3792,3658959723,1186994,1187122,128,completed,-10
Greedy,3793,3658959723,1187388,1187518,130,completed,-10
Greedy,3794,3658959723,1187588,1187718,130,completed,-10
Greedy,3795,3658959723,1187788,1187916,128,completed,-10
Greedy,3796,3658959723,1187988,1188117,129,completed,-10
Greedy,3797,3658959723,1188188,1188513,325,completed,-10
Greedy,3798,3658959723,1188396,1188616,220,completed,-10
Greedy,3799,3658959723,1188596,1188726,130,completed,-10
Greedy,3800,3658959723,1188796,1188925,129,completed,-10
Greedy,3801,3658959723,1188996,1189125,129,completed,-10
Greedy,3802,3658959723,1189391,1189554,163,completed,-10
Greedy,3803,3658959723,1189591,1189721,130,completed,-10
Greedy,3804,3658959723,1189791,1189920,129,completed,-10
Greedy,3805,3658959723,1189991,1190119,128,completed,-10
Greedy,3806,3658959723,1190191,1190556,365,completed,-10
Greedy,3807,3658959723,1190394,1190713,319,completed,-10
Greedy,3808,3658959723,1190594,1190816,222,completed,-10
Greedy,3809,3658959723,1190794,1190925,131,completed,-10
Greedy,3810,3658959723,1190994,1191123,129,completed,-10
Greedy,3811,3658959723,1191194,1191516,322,completed,-10
Greedy,3812,3658959723,1191397,1191626,229,completed,-10
Greedy,3813,3658959723,1191597,1191729,132,completed,-10
Greedy,3814,3658959723,1191797,1191926,129,completed,-10
Greedy,3815,3658959723,1191997,1192125,128,completed,-10
Greedy,3816,3658959723,1192197,1192535,338,completed,-10
Greedy,3817,3658959723,1194594,1194917,323,completed,-10
Greedy,3818,3658959723,1194796,1195026,230,completed,-10
Greedy,3819,3658959723,1194996,1195288,292,completed,-10
Greedy,3820,3658959723,1195196,1195562,366,completed,-10
Greedy,3821,3658959723,1195396,1195919,523,completed,-10
Greedy,3822,3658959723,1195596,1196021,425,completed,-10
Greedy,3823,3658959723,1195796,1196123,327,completed,-10
Greedy,3824,3658959723,1195996,1196365,369,completed,-10
Greedy,3830,3037662008,1197201,1197313,112,completed,-34
Greedy,3825,3658959723,1196196,1196467,271,completed,-10
Greedy,3826,3658959723,1196396,1196569,173,completed,-10
Greedy,3831,3037662008,1197401,1197515,114,completed,-34
Greedy,3827,3658959723,1196596,1196727,131,completed,-10
Greedy,3828,3658959723,1196801,1197139,338,completed,-10
Greedy,3832,3037662008,1197793,1197917,124,completed,-34
Greedy,3833,3037662008,1197993,1198105,112,completed,-34
Greedy,3829,3658959723,1197001,1197241,240,completed,-10
Greedy,3834,3037662008,1198193,1198305,112,completed,-34
Greedy,3835,3037662008,1198393,1198508,115,completed,-35
Greedy,3836,3658959723,1198593,1198723,130,completed,-10
Greedy,3837,3658959723,1198799,1198929,130,completed,-10
Greedy,3838,3658959723,1198999,1199128,129,completed,-10
Greedy,3839,3658959723,1199199,1199328,129,completed,-10
Greedy,3840,3658959723,1199399,1199529,130,completed,-10
Greedy,3841,3658959723,1199599,1199728,129,completed,-10
Greedy,3842,3658959723,1199800,1199929,129,completed,-10
Greedy,3843,3658959723,1200000,1200129,129,completed,-10
Greedy,3844,3658959723,1200200,1200329,129,completed,-10
Greedy,3845,3658959723,1200400,1200529,129,completed,-10
Greedy,3846,3658959723,1200601,1200730,129,completed,-10
Greedy,3847,3658959723,1200804,1201062,258,completed,-10
Greedy,3848,3658959723,1201004,1201171,167,completed,-10
Greedy,3849,3658959723,1201204,1201334,130,completed,-10
Greedy,3850,3658959723,1201404,1201538,134,completed,-10
Greedy,3851,3658959723,1201604,1201925,321,completed,-10
Greedy,3852,3658959723,1201804,1202034,230,completed,-10
Greedy,3853,3658959723,1202004,1202137,133,completed,-10
Greedy,3854,3658959723,1202204,1202334,130,completed,-10
Greedy,3855,3658959723,1202404,1202533,129,completed,-9
Greedy,3856,3658959723,1202604,1202733,129,completed,-9
Greedy,3857,3658959723,1202807,1203163,356,completed,-9
Greedy,3858,3658959723,1203007,1203272,265,completed,-9
Greedy,3859,3658959723,1203207,1203375,168,completed,-9
Greedy,3860,3658959723,1203407,1203536,129,completed,-9
Greedy,3861,3658959723,1203607,1203736,129,completed,-9
Greedy,3862,3658959723,1203807,1203937,130,completed,-9
Greedy,3863,3658959723,1204007,1204137,130,completed,-9
Greedy,3864,3658959723,1204207,1204336,129,completed,-9
Greedy,3865,3658959723,1204407,1204536,129,completed,-10
Greedy,3866,3658959723,1204607,1204930,323,completed,-10
Greedy,3867,3658959723,1204807,1205039,232,completed,-10
Greedy,3868,3658959723,1205007,1205141,134,completed,-10
Greedy,3869,3658959723,1205207,1205337,130,completed,-10
Greedy,3870,3658959723,1205407,1205535,128,completed,-10
Greedy,3871,3658959723,1205607,1205736,129,completed,-10
Greedy,3872,3658959723,1205808,1205940,132,completed,-10
Greedy,3873,3658959723,1206008,1206137,129,completed,-10
Greedy,3874,3658959723,1206208,1206337,129,completed,-10
Greedy,3875,3658959723,1206408,1206537,129,completed,-10
Greedy,3876,3658959723,1206608,1206739,131,completed,-10
Greedy,3877,3658959723,1206812,1206942,130,completed,-10
Greedy,3878,3658959723,1207012,1207141,129,completed,-10
Greedy,3879,3658959723,1207212,1207341,129,completed,-10
Greedy,3880,3658959723,1207412,1207541,129,completed,-10
Greedy,3881,3658959723,1207612,1207935,323,completed,-10
Greedy,3882,3658959723,1207812,1208041,229,completed,-10
Greedy,3883,3658959723,1208012,1208144,132,completed,-10
Greedy,3884,3658959723,1208212,1208341,129,completed,-10
Greedy,3885,3658959723,1208412,1208541,129,completed,-10
Greedy,3886,3658959723,1208613,1208937,324,completed,-10
Greedy,3887,3658959723,1208813,1209042,229,completed,-10
Greedy,3888,3658959723,1209013,1209145,132,completed,-10
Greedy,3889,3658959723,1209213,1209342,129,completed,-10
Greedy,3890,3658959723,1209413,1209542,129,completed,-10
Greedy,3898,3037662008,1213407,1213520,113,completed,-37
Greedy,3899,3037662008,1213607,1213720,113,completed,-37
Greedy,3900,3037662008,1213807,1213923,116,completed,-37
Greedy,3901,3037662008,1214007,1214120,113,completed,-37
Greedy,3902,3037662008,1214212,1214417,205,completed,-40
Greedy,3891,3658959723,1209613,1209742,129,completed,-10
Greedy,3903,3037662008,1214412,1214526,114,completed,-40
Greedy,3892,3658959723,1212009,1212332,323,completed,-10
Greedy,3893,3658959723,1212216,1212689,473,completed,-9
Greedy,3894,3658959723,1212421,1212963,542,completed,-9
Greedy,3895,3658959723,1212621,1213065,444,completed,-9
Greedy,3896,3658959723,1212821,1213384,563,completed,-9
Greedy,3897,3658959723,1213207,1213512,305,completed,-9
Greedy,3904,3658959723,1214612,1214743,131,completed,-9
Greedy,3905,3658959723,1214812,1214942,130,completed,-9
Greedy,3906,3658959723,1215012,1215142,130,completed,-9
Greedy,3907,3658959723,1215213,1215344,131,completed,-9
Greedy,3908,3658959723,1215413,1215544,131,completed,-9
Greedy,3909,3658959723,1215613,1215744,131,completed,-9
Greedy,3910,3658959723,1215813,1215943,130,completed,-9
Greedy,3911,3658959723,1216013,1216144,131,completed,-9
Greedy,3912,3658959723,1216218,1216363,145,completed,-9
Greedy,3913,3658959723,1216418,1216549,131,completed,-10
Greedy,3914,3658959723,1216618,1216749,131,completed,-10
Greedy,3915,3658959723,1216818,1216947,129,completed,-10
Greedy,3916,3658959723,1217018,1217340,322,completed,-10
Greedy,3917,3658959723,1217218,1217443,225,completed,-10
Greedy,3918,3658959723,1217418,1217549,131,completed,-10
Greedy,3919,3658959723,1217618,1217747,129,completed,-10
Greedy,3920,3658959723,1217818,1217947,129,completed,-10
Greedy,3921,3658959723,1218018,1218341,323,completed,-10
Greedy,3922,3658959723,1218218,1218443,225,completed,-10
Greedy,3923,3658959723,1218418,1218550,132,completed,-10
Greedy,3924,3037662008,1218618,1218738,120,completed,-33
Greedy,3925,3037662008,1218818,1218936,118,completed,-33
Greedy,3926,3037662008,1219018,1219132,114,completed,-33
Greedy,3927,3037662008,1219219,1219334,115,completed,-33
Greedy,3928,3037662008,1219419,1219537,118,completed,-33
Greedy,3929,3037662008,1219619,1219738,119,completed,-33
Greedy,3930,3037662008,1219819,1219933,114,completed,-33
Greedy,3931,3037662008,1220019,1220327,308,completed,-33
Greedy,3933,3658959723,1220419,1220548,129,completed,-9
Greedy,3934,3658959723,1220619,1220749,130,completed,-9
Greedy,3932,3037662008,1220219,1220430,211,completed,-38
Greedy,3935,3658959723,1220819,1220947,128,completed,-9
Greedy,3936,3658959723,1221019,1221148,129,completed,-9
Greedy,3937,3658959723,1221221,1221351,130,completed,-9
Greedy,3938,3658959723,1221421,1221550,129,completed,-9
Greedy,3939,3658959723,1221621,1221750,129,completed,-9
Greedy,3940,3658959723,1221821,1221949,128,completed,-9
Greedy,3941,3658959723,1222021,1222150,129,completed,-9
Greedy,3942,3658959723,1222223,1222355,132,completed,-9
Greedy,3943,3658959723,1222423,1222553,130,completed,-11
Greedy,3944,3658959723,1222623,1222752,129,completed,-11
Greedy,3945,3658959723,1222823,1222953,130,completed,-11
Greedy,3946,3658959723,1223023,1223152,129,completed,-11
Greedy,3947,3658959723,1223223,1223353,130,completed,-11
Greedy,3948,3658959723,1223423,1223553,130,completed,-11
Greedy,3949,3658959723,1223623,1223752,129,completed,-11
Greedy,3950,3658959723,1223823,1223953,130,completed,-11
Greedy,3951,3658959723,1224023,1224361,338,completed,-11
Greedy,3953,3037662008,1224423,1224539,116,completed,-35
Greedy,3952,3658959723,1224223,1224487,264,completed,-9
Greedy,3954,3037662008,1224623,1224735,112,completed,-35
Greedy,3955,3037662008,1224824,1224937,113,completed,-35
Greedy,3956,3037662008,1225024,1225137,113,completed,-35
Greedy,3957,3037662008,1225225,1225340,115,completed,-35
Greedy,3958,3037662008,1225425,1225538,113,completed,-35
Greedy,3959,3037662008,1225625,1225738,113,completed,-35
Greedy,3960,3037662008,1225825,1225937,112,completed,-35
Greedy,3961,3037662008,1226025,1226138,113,completed,-35
Greedy,3962,3037662008,1226226,1226341,115,completed,-35
Greedy,3963,3658959723,1226426,1226555,129,completed,-10
Greedy,3964,3658959723,1226626,1226756,130,completed,-10
Greedy,3965,3658959723,1226826,1226955,129,completed,-10
Greedy,3977,3037662008,1231420,1231534,114,completed,-35
Greedy,3966,3658959723,1227026,1227156,130,completed,-10
Greedy,3967,3658959723,1229420,1229748,328,completed,-10
Greedy,3968,3658959723,1229620,1230187,567,completed,-10
Greedy,3969,3658959723,1229820,1230289,469,completed,-10
Greedy,3978,3037662008,1231624,1231989,365,completed,-35
Greedy,3980,3037662008,1232024,1232137,113,completed,-35
Greedy,3970,3658959723,1230020,1230463,443,completed,-10
Greedy,3981,3037662008,1232224,1232346,122,completed,-35
Greedy,3971,3658959723,1230220,1230744,524,completed,-10
Greedy,3972,3658959723,1230420,1231036,616,completed,-10
Greedy,3982,3037662008,1232424,1232732,308,completed,-34
Greedy,3983,3037662008,1232630,1232835,205,completed,-34
Greedy,3973,3658959723,1230620,1231287,667,completed,-10
Greedy,3984,3037662008,1232830,1232944,114,completed,-34
Greedy,3985,3037662008,1233030,1233143,113,completed,-34
Greedy,3974,3658959723,1230820,1231389,569,completed,-10
Greedy,3986,3037662008,1233230,1233342,112,completed,-34
Greedy,3975,3658959723,1231020,1231748,728,completed,-10
Greedy,3976,3658959723,1231220,1231855,635,completed,-10
Greedy,3979,3658959723,1231824,1231957,133,completed,-10
Greedy,3987,3037662008,1233434,1233747,313,completed,-34
Greedy,3989,3658959723,1233835,1233964,129,completed,-9
Greedy,3988,3037662008,1233635,1233850,215,completed,-34
Greedy,3990,3658959723,1234035,1234164,129,completed,-9
Greedy,3991,3658959723,1234235,1234363,128,completed,-9
Greedy,3992,3658959723,1234435,1234760,325,completed,-10
Greedy,3993,3658959723,1234635,1234864,229,completed,-10
Greedy,3994,3658959723,1234835,1234967,132,completed,-10
Greedy,3995,3658959723,1235035,1235164,129,completed,-10
Greedy,3996,3658959723,1235235,1235364,129,completed,-10
Greedy,3997,3658959723,1235435,1235563,128,completed,-10
Greedy,3998,3658959723,1235635,1235764,129,completed,-10
Greedy,3999,3658959723,1235835,1235964,129,completed,-10
Greedy,4000,3658959723,1236035,1236210,175,completed,-10
Greedy,4001,3658959723,1236235,1236496,261,completed,-10
Greedy,4002,3658959723,1236435,1236598,163,completed,-10
Greedy,4003,3658959723,1236635,1236764,129,completed,-10
Greedy,4007,3037662008,1237435,1237752,317,completed,-34
Greedy,4008,3037662008,1237638,1237868,230,completed,-34
Greedy,4004,3658959723,1236835,1237036,201,completed,-10
Greedy,4005,3658959723,1237035,1237280,245,completed,-10
Greedy,4009,3037662008,1237838,1237971,133,completed,-34
Greedy,4010,3037662008,1238038,1238151,113,completed,-34
Greedy,4006,3658959723,1237235,1237382,147,completed,-10
Greedy,4011,3037662008,1238238,1238350,112,completed,-34
Greedy,4012,3037662008,1238438,1238551,113,completed,-38
Greedy,4013,3037662008,1238640,1238756,116,completed,-38
Greedy,4014,3658959723,1238840,1238970,130,completed,-9
Greedy,4015,3658959723,1239040,1239169,129,completed,-9
Greedy,4016,3658959723,1239240,1239369,129,completed,-9
Greedy,4017,3658959723,1239440,1239812,372,completed,-9
Greedy,4018,3658959723,1239640,1239915,275,completed,-9
Greedy,4019,3658959723,1239840,1240018,178,completed,-9
Greedy,4020,3658959723,1240040,1240169,129,completed,-9
Greedy,4021,3658959723,1240240,1240369,129,completed,-9
Greedy,4022,3658959723,1240440,1240570,130,completed,-10
Greedy,4023,3658959723,1240640,1240772,132,completed,-10
Greedy,4024,3658959723,1240840,1240969,129,completed,-10
Greedy,4025,3658959723,1241040,1241169,129,completed,-10
Greedy,4026,3658959723,1241240,1241369,129,completed,-10
Greedy,4027,3658959723,1241440,1241568,128,completed,-10
Greedy,4028,3658959723,1241641,1241770,129,completed,-10
Greedy,4029,3658959723,1241841,1241970,129,completed,-10
Greedy,4030,3658959723,1242041,1242170,129,completed,-10
Greedy,4031,3658959723,1242241,1242371,130,completed,-10
Greedy,4032,3658959723,1242441,1242571,130,completed,-9
Greedy,4033,3658959723,1242641,1242772,131,completed,-9
Greedy,4034,3658959723,1242841,1242983,142,completed,-9
Greedy,4035,3658959723,1243041,1243170,129,completed,-9
Greedy,4036,3658959723,1243241,1243371,130,completed,-9
Greedy,4037,3658959723,1243441,1243766,325,completed,-9
Greedy,4038,3658959723,1243641,1243875,234,completed,-9
Greedy,4039,3658959723,1243841,1243984,143,completed,-9
Greedy,4040,3658959723,1244041,1244170,129,completed,-9
Greedy,4041,3658959723,1244241,1244370,129,completed,-9
Greedy,4042,3658959723,1244441,1244572,131,completed,-10
Greedy,4043,3658959723,1244648,1244777,129,completed,-10
Greedy,4044,3658959723,1246856,1247180,324,completed,-19
Greedy,4045,3658959723,1247057,1247290,233,completed,-19
Greedy,4046,3658959723,1247257,1247453,196,completed,-19
Greedy,4047,3658959723,1247457,1247602,145,completed,-19
Greedy,4048,3658959723,1247657,1247786,129,completed,-19
Greedy,4049,3658959723,1247857,1247987,130,completed,-19
Greedy,4050,3658959723,1248057,1248188,131,completed,-19
Greedy,4051,3658959723,1248257,1248386,129,completed,-19
Greedy,4052,3658959723,1248457,1248586,129,completed,-10
Greedy,4053,3658959723,1248657,1248786,129,completed,-10
Greedy,4054,3658959723,1248857,1248987,130,completed,-10
Greedy,4055,3658959723,1249059,1249410,351,completed,-10
Greedy,4056,3658959723,1249259,1249518,259,completed,-10
Greedy,4057,3658959723,1249459,1249627,168,completed,-10
Greedy,4058,3658959723,1249659,1249788,129,completed,-10
Greedy,4059,3658959723,1249859,1249988,129,completed,-10
Greedy,4060,3658959723,1250059,1250190,131,completed,-10
Greedy,4061,3658959723,1250259,1250388,129,completed,-10
Greedy,4062,3658959723,1250459,1250589,130,completed,-10
Greedy,4063,3658959723,1250659,1250789,130,completed,-10
Greedy,4064,3658959723,1250859,1250988,129,completed,-10
Greedy,4065,3658959723,1251062,1251286,224,completed,-10
Greedy,4066,3658959723,1251262,1251401,139,completed,-10
Greedy,4067,3658959723,1251462,1251593,131,completed,-10
Greedy,4068,3658959723,1251662,1251791,129,completed,-10
Greedy,4069,3658959723,1251862,1252184,322,completed,-10
Greedy,4070,3658959723,1252062,1252293,231,completed,-10
Greedy,4071,3658959723,1252262,1252396,134,completed,-10
Greedy,4072,3658959723,1252462,1252592,130,completed,-10
Greedy,4073,3658959723,1252662,1252791,129,completed,-10
Greedy,4074,3658959723,1252862,1252991,129,completed,-10
Greedy,4075,3658959723,1253065,1253359,294,completed,-10
Greedy,4076,3658959723,1253265,1253495,230,completed,-10
Greedy,4077,3658959723,1253465,1253598,133,completed,-10
Greedy,4078,3658959723,1253665,1253794,129,completed,-10
Greedy,4079,3658959723,1253865,1254185,320,completed,-10
Greedy,4080,3658959723,1254065,1254295,230,completed,-10
Greedy,4081,3658959723,1254265,1254398,133,completed,-10
Greedy,4082,3658959723,1254465,1254596,131,completed,-10
Greedy,4083,3658959723,1254665,1254794,129,completed,-10
Greedy,4084,3658959723,1254865,1254995,130,completed,-10
Greedy,4085,3658959723,1255067,1255360,293,completed,-10
Greedy,4086,3658959723,1255267,1255463,196,completed,-10
Greedy,4087,3658959723,1255467,1255598,131,completed,-10
Greedy,4088,3658959723,1255667,1255796,129,completed,-10
Greedy,4089,3658959723,1255867,1255996,129,completed,-10
Greedy,4090,3658959723,1256067,1256200,133,completed,-10
Greedy,4091,3658959723,1256267,1256396,129,completed,-10
Greedy,4092,3658959723,1256467,1256598,131,completed,-10
Greedy,4093,3658959723,1256667,1256796,129,completed,-10
Greedy,4094,3658959723,1256867,1256997,130,completed,-10
Greedy,4095,3658959723,1257071,1257200,129,completed,-10
Greedy,4096,3658959723,1257271,1257400,129,completed,-10
Greedy,4097,3658959723,1257471,1257600,129,completed,-10
Greedy,SUMMARY,ALL,0,0,120000,batch_complete,0
----------------,---,---,---,---,---,----------------,---
Greedy,4098,3658959723,1268620,1269859,1239,completed,-9
Greedy,4099,3658959723,1268820,1269968,1148,completed,-9
Greedy,4100,3658959723,1269020,1270083,1063,completed,-9
Greedy,4101,3658959723,1269220,1270186,966,completed,-9
Greedy,4102,3658959723,1269474,1270289,815,completed,-9
Greedy,4103,3658959723,1269674,1270392,718,completed,-9
Greedy,4104,3658959723,1269874,1270495,621,completed,-9
Greedy,4105,3658959723,1270074,1270597,523,completed,-9
Greedy,4106,3658959723,1270276,1270699,423,completed,-9
Greedy,4107,3658959723,1270484,1270801,317,completed,-9
Greedy,4108,3037662008,1270684,1270811,127,completed,-33
Greedy,4109,3037662008,1270884,1270997,113,completed,-33
Greedy,4110,3037662008,1271084,1271197,113,completed,-33
Greedy,4111,3037662008,1271473,1271586,113,completed,-33
Greedy,4112,3037662008,1271673,1271791,118,completed,-33
Greedy,4113,3037662008,1271873,1271997,124,completed,-33
Greedy,4114,3037662008,1272073,1272192,119,completed,-33
Greedy,4115,3037662008,1272273,1272387,114,completed,-33
Greedy,4116,3037662008,1272485,1272761,276,completed,-37
Greedy,4117,3037662008,1272685,1272885,200,completed,-37
Greedy,4118,3037662008,1272888,1273010,122,completed,-37
Greedy,4119,3037662008,1273088,1273254,166,completed,-37
Greedy,4120,3037662008,1273481,1273595,114,completed,-37
Greedy,4121,3037662008,1273681,1273795,114,completed,-37
Greedy,4122,3658959723,1273884,1274014,130,completed,-9
Greedy,4123,3658959723,1274084,1274214,130,completed,-9
Greedy,4124,3658959723,1274487,1274617,130,completed,-10
Greedy,4125,3658959723,1274687,1274817,130,completed,-10
Greedy,4126,3658959723,1274887,1275016,129,completed,-10
Greedy,4127,3658959723,1275087,1275217,130,completed,-10
Greedy,4128,3658959723,1275483,1275612,129,completed,-10
Greedy,4129,3658959723,1275683,1275812,129,completed,-10
Greedy,4130,3658959723,1275883,1276012,129,completed,-10
Greedy,4131,3658959723,1276083,1276212,129,completed,-10
Greedy,4132,3658959723,1276283,1276606,323,completed,-9
Greedy,4133,3658959723,1276489,1276709,220,completed,-9
Greedy,4134,3658959723,1276689,1276819,130,completed,-9
Greedy,4135,3658959723,1276889,1277019,130,completed,-9
Greedy,4136,3658959723,1277089,1277219,130,completed,-9
Greedy,4137,3658959723,1277485,1277614,129,completed,-9
Greedy,4138,3658959723,1277685,1277814,129,completed,-9
Greedy,4139,3658959723,1277885,1278014,129,completed,-9
Greedy,4140,3658959723,1278085,1278214,129,completed,-9
Greedy,4148,3037662008,1281696,1282005,309,completed,-32
Greedy,4149,3037662008,1281903,1282114,211,completed,-32
Greedy,4150,3037662008,1282103,1282224,121,completed,-32
Greedy,4151,3037662008,1282303,1282416,113,completed,-32
Greedy,4152,3037662008,1282503,1282617,114,completed,-35
Greedy,4141,3658959723,1278285,1278608,323,completed,-10
Greedy,4142,3658959723,1278488,1278709,221,completed,-10
Greedy,4143,3658959723,1278688,1278982,294,completed,-10
Greedy,4144,3658959723,1278888,1279257,369,completed,-10
Greedy,4145,3658959723,1279088,1281812,2724,completed,-10
Greedy,4146,3658959723,1279288,1282109,2821,completed,-10
Greedy,4147,3658959723,1279491,1282383,2892,completed,-10
Greedy,4153,3658959723,1282902,1283033,131,completed,-10
Greedy,4154,3658959723,1283102,1283234,132,completed,-10
Greedy,4155,3658959723,1283302,1283433,131,completed,-10
Greedy,4156,3658959723,1283502,1283633,131,completed,-10
Greedy,4157,3658959723,1283901,1284032,131,completed,-10
Greedy,4158,3658959723,1284101,1284231,130,completed,-10
Greedy,4159,3658959723,1284301,1284430,129,completed,-10
Greedy,4160,3658959723,1284501,1284630,129,completed,-11
Greedy,4161,3658959723,1284701,1285027,326,completed,-11
Greedy,4162,3658959723,1284901,1285143,242,completed,-11
Greedy,4163,3658959723,1285101,1285246,145,completed,-11
Greedy,4164,3658959723,1285301,1285434,133,completed,-11
Greedy,4165,3658959723,1285501,1285630,129,completed,-11
Greedy,4166,3658959723,1285702,1286030,328,completed,-11
Greedy,4167,3658959723,1285902,1286133,231,completed,-11
Greedy,4168,3658959723,1286102,1286236,134,completed,-11
Greedy,4169,3658959723,1286302,1286432,130,completed,-11
Greedy,4170,3658959723,1286502,1286644,142,completed,-10
Greedy,4171,3658959723,1286702,1286832,130,completed,-10
Greedy,4172,3658959723,1286903,1287033,130,completed,-10
Greedy,4173,3658959723,1287103,1287233,130,completed,-10
Greedy,4174,3658959723,1287303,1287435,132,completed,-10
Greedy,4175,3658959723,1287503,1287633,130,completed,-10
Greedy,4176,3658959723,1287703,1288028,325,completed,-10
Greedy,4177,3658959723,1287903,1288132,229,completed,-10
Greedy,4178,3658959723,1288103,1288235,132,completed,-10
Greedy,4179,3658959723,1288303,1288432,129,completed,-10
Greedy,4180,3658959723,1288503,1288634,131,completed,-12
Greedy,4181,3658959723,1288703,1288832,129,completed,-12
Greedy,4182,3658959723,1288904,1289035,131,completed,-12
Greedy,4183,3658959723,1289104,1289234,130,completed,-12
Greedy,4184,3658959723,1289304,1289434,130,completed,-12
Greedy,4185,3658959723,1289504,1289635,131,completed,-12
Greedy,4186,3658959723,1289705,1290028,323,completed,-12
Greedy,4187,3658959723,1289905,1290137,232,completed,-12
Greedy,4188,3658959723,1290105,1290240,135,completed,-12
Greedy,4189,3658959723,1290305,1290436,131,completed,-12
Greedy,4190,3658959723,1290505,1290634,129,completed,-10
Greedy,4191,3658959723,1290705,1290835,130,completed,-10
Greedy,4192,3658959723,1290905,1291036,131,completed,-10
Greedy,4193,3658959723,1291105,1291235,130,completed,-10
Greedy,4194,3658959723,1291305,1291435,130,completed,-10
Greedy,4195,3658959723,1291505,1291637,132,completed,-10
Greedy,4196,3658959723,1291705,1292061,356,completed,-10
Greedy,4197,3658959723,1291905,1292175,270,completed,-10
Greedy,4198,3658959723,1292105,1292285,180,completed,-10
Greedy,4199,3658959723,1292305,1292437,132,completed,-10
Greedy,4200,3658959723,1292505,1292635,130,completed,-11
Greedy,4201,3658959723,1292705,1292836,131,completed,-11
Greedy,4202,3658959723,1292907,1293038,131,completed,-11
Greedy,4203,3658959723,1293107,1293237,130,completed,-11
Greedy,4204,3658959723,1293307,1293436,129,completed,-11
Greedy,4205,3658959723,1293507,1293636,129,completed,-11
Greedy,4206,3658959723,1293707,1294032,325,completed,-11
Greedy,4207,3658959723,1293907,1294136,229,completed,-11
Greedy,4208,3658959723,1294107,1294239,132,completed,-11
Greedy,4209,3658959723,1294307,1294436,129,completed,-11
Greedy,4210,3658959723,1294507,1294636,129,completed,-11
Greedy,4211,3658959723,1294707,1294836,129,completed,-11
Greedy,4212,3658959723,1294909,1295042,133,completed,-11
Greedy,4213,3658959723,1295109,1295238,129,completed,-11
Greedy,4214,3658959723,1295309,1295439,130,completed,-11
Greedy,4215,3658959723,1295509,1295638,129,completed,-11
Greedy,4216,3658959723,1295709,1296035,326,completed,-11
Greedy,4217,3658959723,1295909,1296139,230,completed,-11
Greedy,4218,3658959723,1296109,1296242,133,completed,-11
Greedy,4219,3658959723,1296309,1296438,129,completed,-11
Greedy,4220,3658959723,1296509,1296638,129,completed,-9
Greedy,4221,3658959723,1296709,1296840,131,completed,-9
Greedy,4222,3658959723,1296909,1297040,131,completed,-9
Greedy,4223,3658959723,1299107,1299430,323,completed,-9
Greedy,4224,3658959723,1299307,1299881,574,completed,-9
Greedy,4225,3658959723,1299507,1300133,626,completed,-9
Greedy,4226,3658959723,1299707,1300235,528,completed,-9
Greedy,4227,3658959723,1299907,1300431,524,completed,-9
Greedy,4228,3658959723,1300107,1300682,575,completed,-9
Greedy,4229,3658959723,1300307,1300957,650,completed,-9
Greedy,4230,3658959723,1300507,1301209,702,completed,-9
Greedy,4231,3658959723,1300707,1301311,604,completed,-9
Greedy,4232,3658959723,1300907,1301412,505,completed,-9
Greedy,4233,3658959723,1301107,1301514,407,completed,-9
Greedy,4234,3658959723,1301312,1301615,303,completed,-9
Greedy,4235,3658959723,1301512,1301717,205,completed,-9
Greedy,4236,3658959723,1301712,1301843,131,completed,-9
Greedy,4237,3658959723,1301912,1302042,130,completed,-9
Greedy,4238,3658959723,1302112,1302436,324,completed,-9
Greedy,4239,3658959723,1302312,1302538,226,completed,-9
Greedy,4240,3658959723,1302512,1302656,144,completed,-9
Greedy,4241,3658959723,1302712,1302844,132,completed,-9
Greedy,4243,3037662008,1303112,1303226,114,completed,-36
Greedy,4242,3658959723,1302912,1303043,131,completed,-9
Greedy,4244,3037662008,1303318,1303444,126,completed,-36
Greedy,4245,3037662008,1303518,1303631,113,completed,-36
Greedy,4246,3037662008,1303718,1303832,114,completed,-36
Greedy,4247,3037662008,1303918,1304031,113,completed,-36
Greedy,4248,3037662008,1304309,1304424,115,completed,-36
Greedy,4249,3658959723,1304509,1304643,134,completed,-8
Greedy,4250,3658959723,1304709,1304839,130,completed,-8
Greedy,4251,3658959723,1304909,1305038,129,completed,-8
Greedy,4252,3658959723,1305109,1305239,130,completed,-8
Greedy,4253,3658959723,1305316,1305657,341,completed,-8
Greedy,4254,3658959723,1305516,1305760,244,completed,-8
Greedy,4255,3658959723,1305716,1305863,147,completed,-8
Greedy,4256,3658959723,1305916,1306047,131,completed,-8
Greedy,4257,3658959723,1306116,1306247,131,completed,-8
Greedy,4258,3658959723,1306316,1306449,133,completed,-8
Greedy,4259,3658959723,1306516,1306648,132,completed,-8
Greedy,4260,3037662008,1306716,1306830,114,completed,-36
Greedy,4261,3037662008,1306916,1307029,113,completed,-36
Greedy,4262,3037662008,1307118,1307424,306,completed,-36
Greedy,4263,3037662008,1307318,1307533,215,completed,-36
Greedy,4264,3037662008,1307518,1307636,118,completed,-36
Greedy,4265,3037662008,1307718,1307831,113,completed,-36
Greedy,4266,3037662008,1307919,1308032,113,completed,-36
Greedy,4267,3037662008,1308119,1308426,307,completed,-36
Greedy,4268,3037662008,1308319,1308529,210,completed,-39
Greedy,4269,3658959723,1308519,1308649,130,completed,-8
Greedy,4270,3658959723,1308719,1308848,129,completed,-8
Greedy,4271,3658959723,1308919,1309049,130,completed,-8
Greedy,4272,3658959723,1309120,1309451,331,completed,-8
Greedy,4273,3658959723,1309320,1309554,234,completed,-8
Greedy,4274,3658959723,1309520,1309657,137,completed,-8
Greedy,4275,3658959723,1309720,1309850,130,completed,-8
Greedy,4276,3658959723,1309920,1310049,129,completed,-8
Greedy,4277,3658959723,1310120,1310250,130,completed,-8
Greedy,4278,3658959723,1310321,1310452,131,completed,-8
Greedy,4279,3037662008,1310521,1310635,114,completed,-35
Greedy,4280,3037662008,1310721,1310835,114,completed,-35
Greedy,4281,3037662008,1310921,1311034,113,completed,-35
Greedy,4282,3037662008,1311121,1311440,319,completed,-35
Greedy,4283,3037662008,1311321,1311543,222,completed,-35
Greedy,4284,3037662008,1311521,1311646,125,completed,-35
Greedy,4285,3037662008,1311721,1311835,114,completed,-35
Greedy,4286,3037662008,1311921,1312034,113,completed,-35
Greedy,4287,3037662008,1312121,1312235,114,completed,-35
Greedy,4288,3037662008,1312322,1312439,117,completed,-37
Greedy,4289,3658959723,1312522,1312653,131,completed,-8
Greedy,4290,3658959723,1312722,1312852,130,completed,-8
Greedy,4291,3658959723,1312922,1313051,129,completed,-8
Greedy,4292,3658959723,1313122,1313447,325,completed,-8
Greedy,4293,3658959723,1313322,1313582,260,completed,-8
Greedy,4294,3658959723,1313522,1313685,163,completed,-8
Greedy,4295,3658959723,1313722,1313852,130,completed,-8
Greedy,4296,3658959723,1313922,1314051,129,completed,-8
Greedy,4297,3658959723,1314122,1314252,130,completed,-8
Greedy,4298,3658959723,1316519,1316845,326,completed,-9
Greedy,4299,3658959723,1316722,1316948,226,completed,-9
Greedy,4300,3658959723,1316922,1317059,137,completed,-9
Greedy,4301,3658959723,1317122,1317252,130,completed,-9
Greedy,4302,3658959723,1317322,1317452,130,completed,-9
Greedy,4303,3658959723,1317522,1317843,321,completed,-9
Greedy,4304,3658959723,1317722,1317953,231,completed,-9
Greedy,4305,3658959723,1317922,1318056,134,completed,-9
Greedy,4306,3658959723,1318122,1318252,130,completed,-9
Greedy,4307,3658959723,1318322,1318455,133,completed,-15
Greedy,4308,3037662008,1318522,1318636,114,completed,-34
Greedy,4309,3037662008,1318728,1318885,157,completed,-34
Greedy,4310,3037662008,1318928,1319041,113,completed,-34
Greedy,4311,3037662008,1319128,1319241,113,completed,-34
Greedy,4312,3037662008,1319328,1319441,113,completed,-34
Greedy,4313,3037662008,1319718,1319832,114,completed,-34
Greedy,4314,3037662008,1319918,1320033,115,completed,-34
Greedy,4315,3037662008,1320118,1320231,113,completed,-34
Greedy,4316,3037662008,1320318,1320431,113,completed,-34
Greedy,4317,3658959723,1320518,1320647,129,completed,-8
Greedy,4318,3658959723,1320726,1320980,254,completed,-8
Greedy,4319,3658959723,1320926,1321089,163,completed,-8
Greedy,4320,3658959723,1321126,1321257,131,completed,-8
Greedy,4321,3658959723,1321326,1321458,132,completed,-8
Greedy,4322,3658959723,1321526,1321656,130,completed,-8
Greedy,4323,3658959723,1321726,1321857,131,completed,-8
Greedy,4324,3658959723,1321926,1322055,129,completed,-8
Greedy,4325,3658959723,1322126,1322256,130,completed,-8
Greedy,4326,3658959723,1322326,1322457,131,completed,-9
Greedy,4327,3037662008,1322526,1322641,115,completed,-38
Greedy,4328,3037662008,1322729,1322986,257,completed,-38
Greedy,4329,3037662008,1322929,1323089,160,completed,-38
Greedy,4330,3037662008,1323129,1323242,113,completed,-38
Greedy,4331,3037662008,1323329,1323442,113,completed,-38
Greedy,4332,3037662008,1323529,1323835,306,completed,-38
Greedy,4333,3037662008,1323729,1323944,215,completed,-38
Greedy,4334,3037662008,1323929,1324047,118,completed,-38
Greedy,4335,3037662008,1324129,1324242,113,completed,-38
Greedy,4336,3037662008,1324329,1324445,116,completed,-36
Greedy,4337,3658959723,1324529,1324659,130,completed,-9
Greedy,4338,3658959723,1324731,1325110,379,completed,-9
Greedy,4339,3658959723,1324931,1325220,289,completed,-9
Greedy,4340,3658959723,1325131,1325323,192,completed,-9
Greedy,4341,3658959723,1325331,1325460,129,completed,-9
Greedy,4342,3658959723,1325531,1325661,130,completed,-9
Greedy,4343,3658959723,1325732,1325865,133,completed,-9
Greedy,4344,3658959723,1325932,1326062,130,completed,-9
Greedy,4345,3658959723,1326132,1326262,130,completed,-9
Greedy,4346,3658959723,1326332,1326462,130,completed,-8
Greedy,4347,3037662008,1326532,1326647,115,completed,-40
Greedy,4348,3037662008,1326735,1326884,149,completed,-40
Greedy,4349,3037662008,1326935,1327050,115,completed,-40
Greedy,4350,3037662008,1327135,1327249,114,completed,-40
Greedy,4351,3037662008,1327335,1327449,114,completed,-40
Greedy,4352,3037662008,1327535,1327841,306,completed,-40
Greedy,4353,3037662008,1327735,1327944,209,completed,-40
Greedy,4354,3037662008,1327935,1328050,115,completed,-40
Greedy,4355,3037662008,1328135,1328249,114,completed,-40
Greedy,4356,3037662008,1328335,1328449,114,completed,-38
Greedy,4357,3658959723,1328537,1328862,325,completed,-10
Greedy,4358,3658959723,1328739,1328965,226,completed,-10
Greedy,4359,3658959723,1328939,1329071,132,completed,-10
Greedy,4360,3658959723,1329139,1329268,129,completed,-10
Greedy,4361,3658959723,1329339,1329468,129,completed,-10
Greedy,4362,3658959723,1329539,1329862,323,completed,-10
Greedy,4363,3658959723,1329739,1329972,233,completed,-10
Greedy,4364,3658959723,1329939,1330075,136,completed,-10
Greedy,4365,3658959723,1330139,1330268,129,completed,-10
Greedy,4366,3658959723,1330339,1330468,129,completed,-9
Greedy,4367,3037662008,1330539,1330850,311,completed,-37
Greedy,4368,3037662008,1330740,1330959,219,completed,-37
Greedy,4369,3037662008,1330940,1331075,135,completed,-37
Greedy,4370,3037662008,1331140,1331255,115,completed,-37
Greedy,4371,3037662008,1331340,1331454,114,completed,-37
Greedy,4374,3658959723,1333943,1334270,327,completed,-8
Greedy,4375,3658959723,1334154,1334378,224,completed,-8
Greedy,4376,3658959723,1334354,1334494,140,completed,-7
Greedy,4381,3658959723,1335539,1335669,130,completed,-7
Greedy,4382,3658959723,1335739,1335870,131,completed,-7
Greedy,4383,3658959723,1335939,1336069,130,completed,-7
Greedy,4372,3037662008,1331540,1331655,115,completed,-37
Greedy,4384,3658959723,1336147,1336354,207,completed,-7
Greedy,4373,3037662008,1331741,1334047,2306,completed,-39
Greedy,4385,3658959723,1336353,1336484,131,completed,-9
Greedy,4377,3037662008,1334554,1334669,115,completed,-34
Greedy,4378,3037662008,1334754,1334868,114,completed,-34
Greedy,4379,3037662008,1335139,1335254,115,completed,-34
Greedy,4380,3037662008,1335339,1335454,115,completed,-34
Greedy,4386,3037662008,1336553,1336669,116,completed,-36
Greedy,4387,3037662008,1336753,1336868,115,completed,-36
Greedy,4388,3037662008,1337141,1337256,115,completed,-36
Greedy,4389,3037662008,1337346,1337462,116,completed,-36
Greedy,4390,3037662008,1337546,1337661,115,completed,-36
Greedy,4391,3037662008,1337746,1337862,116,completed,-36
Greedy,4392,3037662008,1337946,1338061,115,completed,-36
Greedy,4393,3037662008,1338149,1338493,344,completed,-34
Greedy,4395,3658959723,1338549,1338679,130,completed,-7
Greedy,4394,3037662008,1338349,1338596,247,completed,-34
Greedy,4396,3658959723,1338749,1338878,129,completed,-7
Greedy,4397,3658959723,1338949,1339270,321,completed,-7
Greedy,4398,3658959723,1339149,1339380,231,completed,-7
Greedy,4399,3658959723,1339349,1339483,134,completed,-7
Greedy,4400,3658959723,1339549,1339679,130,completed,-7
Greedy,4401,3658959723,1339749,1339878,129,completed,-7
Greedy,4402,3658959723,1339949,1340079,130,completed,-7
Greedy,4403,3658959723,1340152,1340510,358,completed,-9
Greedy,4404,3658959723,1340352,1340613,261,completed,-9
Greedy,4405,3037662008,1340552,1340667,115,completed,-32
Greedy,4406,3037662008,1340752,1340866,114,completed,-32
Greedy,4407,3037662008,1340952,1341257,305,completed,-32
Greedy,4408,3037662008,1341152,1341360,208,completed,-32
Greedy,4409,3037662008,1341352,1341468,116,completed,-32
Greedy,4410,3037662008,1341552,1341666,114,completed,-32
Greedy,4411,3037662008,1341752,1341865,113,completed,-32
Greedy,4412,3037662008,1341952,1342067,115,completed,-32
Greedy,4413,3037662008,1342155,1342433,278,completed,-32
Greedy,4415,3658959723,1342555,1342685,130,completed,-8
Greedy,4414,3037662008,1342355,1342554,199,completed,-38
Greedy,4416,3658959723,1342755,1342885,130,completed,-8
Greedy,4417,3658959723,1342955,1343278,323,completed,-8
Greedy,4418,3658959723,1343155,1343381,226,completed,-8
Greedy,4419,3658959723,1343355,1343487,132,completed,-8
Greedy,4420,3658959723,1343555,1343687,132,completed,-8
Greedy,4421,3658959723,1343755,1343884,129,completed,-8
Greedy,4422,3658959723,1343955,1344085,130,completed,-8
Greedy,4423,3658959723,1344158,1344331,173,completed,-8
Greedy,4425,3037662008,1344558,1344672,114,completed,-36
Greedy,4424,3658959723,1344358,1344488,130,completed,-9
Greedy,4426,3037662008,1344758,1344872,114,completed,-36
Greedy,4427,3037662008,1344958,1345264,306,completed,-36
Greedy,4428,3037662008,1345158,1345367,209,completed,-36
Greedy,4429,3037662008,1345359,1345475,116,completed,-36
Greedy,4430,3037662008,1345559,1345673,114,completed,-36
Greedy,4431,3037662008,1345759,1345872,113,completed,-36
Greedy,4432,3037662008,1345961,1346267,306,completed,-36
Greedy,4433,3037662008,1346161,1346370,209,completed,-36
Greedy,4435,3658959723,1346561,1346691,130,completed,-7
Greedy,4434,3037662008,1346361,1346477,116,completed,-37
Greedy,4436,3658959723,1346761,1346890,129,completed,-7
Greedy,4437,3658959723,1346961,1347285,324,completed,-7
Greedy,4438,3658959723,1347161,1347388,227,completed,-7
Greedy,4439,3658959723,1347361,1347496,135,completed,-7
Greedy,4440,3658959723,1347561,1347691,130,completed,-7
Greedy,4441,3658959723,1347761,1347891,130,completed,-7
Greedy,4442,3658959723,1347961,1348092,131,completed,-7
Greedy,4443,3658959723,1348163,1348294,131,completed,-7
Greedy,4445,3037662008,1348566,1348681,115,completed,-34
Greedy,4444,3658959723,1348366,1348514,148,completed,-8
Greedy,4446,3037662008,1348766,1348879,113,completed,-34
Greedy,4447,3037662008,1348966,1349274,308,completed,-34
Greedy,4448,3037662008,1351366,1351677,311,completed,-32
Greedy,4449,3037662008,1351567,1351954,387,completed,-32
Greedy,4450,3037662008,1351767,1352057,290,completed,-32
Greedy,4451,3037662008,1351967,1352160,193,completed,-32
Greedy,4452,3658959723,1352167,1352298,131,completed,-8
Greedy,4453,3658959723,1352367,1352690,323,completed,-8
Greedy,4454,3658959723,1352570,1352800,230,completed,-8
Greedy,4455,3658959723,1352770,1352903,133,completed,-8
Greedy,4456,3658959723,1352970,1353099,129,completed,-8
Greedy,4457,3658959723,1353170,1353300,130,completed,-8
Greedy,4458,3658959723,1353372,1353695,323,completed,-8
Greedy,4459,3658959723,1353572,1353804,232,completed,-8
Greedy,4460,3658959723,1353772,1353907,135,completed,-8
Greedy,4461,3658959723,1353972,1354103,131,completed,-8
Greedy,4462,3658959723,1354172,1354301,129,completed,-8
Greedy,4463,3658959723,1354372,1354694,322,completed,-9
Greedy,4464,3658959723,1354576,1354930,354,completed,-9
Greedy,4465,3658959723,1354776,1355033,257,completed,-9
Greedy,4466,3658959723,1354976,1355136,160,completed,-9
Greedy,4467,3658959723,1355176,1355305,129,completed,-9
Greedy,4468,3658959723,1355376,1355703,327,completed,-9
Greedy,4469,3658959723,1355577,1355811,234,completed,-9
Greedy,4470,3658959723,1355777,1355920,143,completed,-9
Greedy,4471,3658959723,1355977,1356107,130,completed,-9
Greedy,4472,3658959723,1356177,1356307,130,completed,-9
Greedy,4473,3658959723,1356377,1356700,323,completed,-9
Greedy,4474,3658959723,1356578,1356803,225,completed,-9
Greedy,4475,3658959723,1356778,1356909,131,completed,-9
Greedy,4476,3658959723,1356978,1357107,129,completed,-9
Greedy,4477,3658959723,1357178,1357308,130,completed,-9
Greedy,4478,3658959723,1357378,1357752,374,completed,-9
Greedy,4479,3658959723,1357578,1357861,283,completed,-9
Greedy,4480,3658959723,1357778,1357964,186,completed,-9
Greedy,4481,3658959723,1357978,1358109,131,completed,-9
Greedy,4482,3658959723,1358178,1358307,129,completed,-9
Greedy,4483,3658959723,1358378,1358507,129,completed,-9
Greedy,4484,3037662008,1358581,1358694,113,completed,-32
Greedy,4485,3037662008,1358781,1358895,114,completed,-32
Greedy,4486,3037662008,1358981,1359095,114,completed,-32
Greedy,4487,3037662008,1359181,1359295,114,completed,-32
Greedy,4488,3037662008,1359381,1359688,307,completed,-32
Greedy,4489,3037662008,1359581,1359797,216,completed,-32
Greedy,4490,3037662008,1359781,1359900,119,completed,-32
Greedy,4491,3037662008,1359981,1360096,115,completed,-32
Greedy,4492,3037662008,1360181,1360295,114,completed,-32
Greedy,4493,3037662008,1360381,1360495,114,completed,-40
Greedy,4494,3658959723,1360586,1360716,130,completed,-8
Greedy,4495,3658959723,1360786,1360916,130,completed,-8
Greedy,4496,3658959723,1360986,1361116,130,completed,-8
Greedy,4497,3658959723,1361186,1361316,130,completed,-8
Greedy,4498,3658959723,1361577,1361707,130,completed,-8
Greedy,4499,3658959723,1361777,1361906,129,completed,-8
Greedy,4500,3658959723,1361977,1362107,130,completed,-8
Greedy,4501,3658959723,1362177,1362307,130,completed,-8
Greedy,4503,3037662008,1362584,1362699,115,completed,-35
Greedy,4502,3658959723,1362377,1362508,131,completed,-9
Greedy,4504,3037662008,1362784,1362900,116,completed,-35
Greedy,4505,3037662008,1362984,1363098,114,completed,-35
Greedy,4506,3037662008,1363184,1363298,114,completed,-35
Greedy,4507,3037662008,1363384,1363692,308,completed,-35
Greedy,4508,3037662008,1363584,1363802,218,completed,-35
Greedy,4509,3037662008,1363784,1363905,121,completed,-35
Greedy,4510,3037662008,1363984,1364098,114,completed,-35
Greedy,4511,3037662008,1364184,1364297,113,completed,-35
Greedy,4512,3037662008,1364384,1364498,114,completed,-38
Greedy,4513,3658959723,1364586,1364718,132,completed,-8
Greedy,4514,3658959723,1364786,1364916,130,completed,-8
Greedy,4515,3658959723,1364986,1365116,130,completed,-8
Greedy,4516,3658959723,1365186,1365316,130,completed,-8
Greedy,4517,3658959723,1365386,1365710,324,completed,-8
Greedy,4518,3658959723,1365586,1365819,233,completed,-8
Greedy,4519,3658959723,1365786,1365922,136,completed,-8
Greedy,4520,3658959723,1365986,1366117,131,completed,-8
Greedy,4521,3658959723,1366186,1366315,129,completed,-8
Greedy,4522,3658959723,1366386,1366516,130,completed,-9
Greedy,4523,3658959723,1366588,1366720,132,completed,-9
Greedy,4524,3658959723,1368791,1369114,323,completed,-9
Greedy,4525,3658959723,1368992,1369215,223,completed,-9
Greedy,4526,3658959723,1369192,1369476,284,completed,-9
Greedy,4527,3658959723,1369392,1369752,360,completed,-9
Greedy,4528,3658959723,1369592,1370116,524,completed,-9
Greedy,4529,3658959723,1369792,1370303,511,completed,-9
Greedy,4530,3658959723,1369992,1370405,413,completed,-9
Greedy,4531,3658959723,1370192,1370576,384,completed,-8
Greedy,4532,3658959723,1370392,1370855,463,completed,-8
Greedy,4533,3658959723,1370592,1370957,365,completed,-8
Greedy,4534,3658959723,1370792,1371058,266,completed,-8
Greedy,4535,3658959723,1370997,1371160,163,completed,-8
Greedy,4536,3658959723,1371197,1371328,131,completed,-8
Greedy,4537,3658959723,1371397,1371528,131,completed,-8
Greedy,4538,3658959723,1371597,1371728,131,completed,-8
Greedy,4539,3658959723,1371797,1372121,324,completed,-8
Greedy,4540,3658959723,1372001,1372223,222,completed,-8
Greedy,4541,3658959723,1372201,1372333,132,completed,-8
Greedy,4542,3658959723,1372401,1372533,132,completed,-8
Greedy,4543,3658959723,1372601,1372732,131,completed,-8
Greedy,4544,3658959723,1372992,1373153,161,completed,-8
Greedy,4545,3658959723,1373192,1373322,130,completed,-8
Greedy,4546,3658959723,1373392,1373522,130,completed,-8
Greedy,4547,3658959723,1373592,1373722,130,completed,-8
Greedy,4548,3658959723,1373792,1373921,129,completed,-8
Greedy,4549,3037662008,1374000,1374116,116,completed,-34
Greedy,4550,3037662008,1374200,1374315,115,completed,-34
Greedy,4551,3037662008,1374400,1374515,115,completed,-38
Greedy,4552,3658959723,1374600,1374729,129,completed,-7
Greedy,4553,3658959723,1374800,1375123,323,completed,-7
Greedy,4554,3658959723,1375000,1375232,232,completed,-7
Greedy,4555,3658959723,1375200,1375335,135,completed,-7
Greedy,4556,3658959723,1375400,1375530,130,completed,-7
Greedy,4557,3658959723,1375600,1375730,130,completed,-7
Greedy,4558,3658959723,1375800,1375930,130,completed,-7
Greedy,4559,3658959723,1376000,1376132,132,completed,-7
Greedy,4560,3658959723,1376200,1376329,129,completed,-7
Greedy,4561,3658959723,1376400,1376530,130,completed,-9
Greedy,4562,3037662008,1376600,1376714,114,completed,-34
Greedy,4563,3037662008,1376801,1377109,308,completed,-34
Greedy,4564,3037662008,1377001,1377218,217,completed,-34
Greedy,4565,3037662008,1377201,1377321,120,completed,-34
Greedy,4566,3037662008,1377401,1377517,116,completed,-34
Greedy,4567,3037662008,1377601,1377715,114,completed,-34
Greedy,4568,3037662008,1377801,1377915,114,completed,-34
Greedy,4569,3037662008,1378002,1378117,115,completed,-34
Greedy,4570,3037662008,1378202,1378317,115,completed,-34
Greedy,4571,3037662008,1378402,1378516,114,completed,-36
Greedy,4572,3658959723,1378602,1378732,130,completed,-8
Greedy,4573,3658959723,1378802,1379128,326,completed,-8
Greedy,4574,3658959723,1379002,1379232,230,completed,-8
Greedy,4575,3658959723,1379202,1379335,133,completed,-8
Greedy,4576,3658959723,1379402,1379532,130,completed,-8
Greedy,4577,3658959723,1379602,1379732,130,completed,-8
Greedy,4578,3658959723,1379802,1379932,130,completed,-8
Greedy,4579,3658959723,1380004,1380135,131,completed,-8
Greedy,4580,3658959723,1380204,1380334,130,completed,-8
Greedy,4581,3658959723,1380404,1380534,130,completed,-8
Greedy,4582,3037662008,1380604,1380718,114,completed,-35
Greedy,4583,3037662008,1380804,1381130,326,completed,-35
Greedy,4584,3037662008,1381004,1381240,236,completed,-35
Greedy,4585,3037662008,1381204,1381343,139,completed,-35
Greedy,4586,3037662008,1381404,1381518,114,completed,-35
Greedy,4587,3037662008,1381604,1381717,113,completed,-35
Greedy,4588,3037662008,1381804,1381918,114,completed,-35
Greedy,4589,3037662008,1382006,1382122,116,completed,-35
Greedy,4590,3037662008,1382206,1382320,114,completed,-35
Greedy,4591,3037662008,1382406,1382520,114,completed,-36
Greedy,4592,3658959723,1382606,1382736,130,completed,-7
Greedy,4593,3658959723,1382806,1383133,327,completed,-7
Greedy,4594,3658959723,1383006,1383242,236,completed,-7
Greedy,4595,3658959723,1383206,1383345,139,completed,-7
Greedy,4596,3658959723,1383406,1383536,130,completed,-7
Greedy,4597,3658959723,1383606,1383735,129,completed,-7
Greedy,4598,3658959723,1383806,1383936,130,completed,-7
Greedy,4599,3658959723,1386202,1386528,326,completed,-9
Greedy,4600,3658959723,1386406,1386630,224,completed,-9
Greedy,4601,3037662008,1386606,1386720,114,completed,-39
Greedy,4602,3037662008,1386806,1386921,115,completed,-39
Greedy,4603,3037662008,1387006,1387119,113,completed,-39
Greedy,4604,3037662008,1387206,1387513,307,completed,-39
Greedy,4605,3037662008,1387409,1387616,207,completed,-39
Greedy,4606,3037662008,1387609,1387724,115,completed,-39
Greedy,4607,3037662008,1387809,1387924,115,completed,-39
Greedy,4608,3037662008,1388009,1388123,114,completed,-39
Greedy,4609,3037662008,1388209,1388516,307,completed,-37
Greedy,SUMMARY,ALL,0,0,120000,batch_complete,0
----------------,---,---,---,---,---,----------------,---
Greedy,4610,3037662008,1388411,1388619,208,completed,-37
Greedy,4611,3658959723,1388611,1388741,130,completed,-8
Greedy,4612,3658959723,1399459,1399595,136,completed,-8
Greedy,4613,3658959723,1399659,1399789,130,completed,-8
Greedy,4614,3658959723,1399859,1399989,130,completed,-8
Greedy,4615,3658959723,1400059,1400189,130,completed,-8
Greedy,4616,3658959723,1400421,1400552,131,completed,-8
Greedy,4617,3037662008,1400621,1400735,114,completed,-37
Greedy,4618,3037662008,1400821,1400936,115,completed,-37
Greedy,4619,3037662008,1401021,1401135,114,completed,-37
Greedy,4620,3037662008,1401221,1401530,309,completed,-37
Greedy,4622,3658959723,1403828,1403979,151,completed,-17
Greedy,4623,3658959723,1404028,1404158,130,completed,-17
Greedy,4624,3658959723,1404228,1404358,130,completed,-17
Greedy,4625,3658959723,1404428,1404559,131,completed,-8
Greedy,4621,3037662008,1403622,1403985,363,completed,-47
Greedy,4626,3037662008,1404822,1404939,117,completed,-37
Greedy,4627,3037662008,1405022,1405138,116,completed,-37
Greedy,4628,3037662008,1405222,1405337,115,completed,-37
Greedy,4629,3037662008,1405422,1405536,114,completed,-37
Greedy,4630,3037662008,1405622,1405736,114,completed,-37
Greedy,4631,3037662008,1405826,1406130,304,completed,-37
Greedy,4632,3037662008,1406026,1406233,207,completed,-37
Greedy,4633,3037662008,1406226,1406340,114,completed,-37
Greedy,4634,3037662008,1406426,1406540,114,completed,-35
Greedy,4635,3658959723,1406626,1406948,322,completed,-7
Greedy,4636,3658959723,1406826,1407057,231,completed,-7
Greedy,4637,3658959723,1407026,1407160,134,completed,-7
Greedy,4638,3658959723,1407226,1407356,130,completed,-7
Greedy,4639,3658959723,1407426,1407556,130,completed,-7
Greedy,4640,3658959723,1407626,1407757,131,completed,-7
Greedy,4641,3658959723,1407829,1408149,320,completed,-7
Greedy,4642,3658959723,1408029,1408259,230,completed,-7
Greedy,4643,3658959723,1408229,1408362,133,completed,-7
Greedy,4644,3658959723,1408429,1408559,130,completed,-8
Greedy,4645,3037662008,1408629,1408936,307,completed,-33
Greedy,4646,3037662008,1408829,1409039,210,completed,-33
Greedy,4647,3037662008,1409029,1409146,117,completed,-33
Greedy,4648,3037662008,1409229,1409343,114,completed,-33
Greedy,4649,3037662008,1409429,1409543,114,completed,-33
Greedy,4650,3037662008,1409629,1409937,308,completed,-33
Greedy,4651,3037662008,1409829,1410043,214,completed,-33
Greedy,4652,3037662008,1410029,1410146,117,completed,-33
Greedy,4653,3037662008,1410229,1410343,114,completed,-33
Greedy,4654,3037662008,1410429,1410545,116,completed,-37
Greedy,4655,3658959723,1410629,1410758,129,completed,-8
Greedy,4656,3658959723,1410831,1410963,132,completed,-8
Greedy,4657,3658959723,1411031,1411161,130,completed,-8
Greedy,4658,3658959723,1411231,1411361,130,completed,-8
Greedy,4659,3658959723,1411431,1411561,130,completed,-8
Greedy,4660,3658959723,1411631,1411761,130,completed,-8
Greedy,4661,3658959723,1411837,1411967,130,completed,-8
Greedy,4662,3658959723,1412037,1412167,130,completed,-8
Greedy,4663,3658959723,1412237,1412367,130,completed,-8
Greedy,4664,3658959723,1412437,1412567,130,completed,-8
Greedy,4665,3037662008,1412637,1412943,306,completed,-35
Greedy,4666,3037662008,1412837,1413046,209,completed,-35
Greedy,4667,3037662008,1413037,1413154,117,completed,-35
Greedy,4668,3037662008,1413237,1413351,114,completed,-35
Greedy,4669,3037662008,1413437,1413551,114,completed,-35
Greedy,4670,3037662008,1413637,1413945,308,completed,-35
Greedy,4671,3037662008,1413837,1414055,218,completed,-35
Greedy,4672,3037662008,1414037,1414158,121,completed,-35
Greedy,4673,3037662008,1414237,1414352,115,completed,-35
Greedy,4674,3037662008,1414437,1414551,114,completed,-39
Greedy,4675,3658959723,1414637,1414768,131,completed,-8
Greedy,4676,3658959723,1414842,1414973,131,completed,-8
Greedy,4677,3658959723,1415042,1415172,130,completed,-8
Greedy,4678,3658959723,1415242,1415372,130,completed,-8
Greedy,4679,3658959723,1415442,1415573,131,completed,-8
Greedy,4680,3658959723,1415642,1415967,325,completed,-8
Greedy,4681,3658959723,1415842,1416075,233,completed,-8
Greedy,4682,3658959723,1416042,1416178,136,completed,-8
Greedy,4683,3658959723,1416242,1416373,131,completed,-8
Greedy,4684,3658959723,1416442,1416572,130,completed,-9
Greedy,4685,3037662008,1416642,1416759,117,completed,-33
Greedy,4686,3037662008,1416844,1416961,117,completed,-33
Greedy,4687,3037662008,1417044,1417159,115,completed,-33
Greedy,4688,3037662008,1417244,1417358,114,completed,-33
Greedy,4689,3037662008,1417444,1417558,114,completed,-33
Greedy,4690,3037662008,1417644,1417758,114,completed,-33
Greedy,4691,3037662008,1417845,1417961,116,completed,-33
Greedy,4692,3037662008,1418045,1418159,114,completed,-33
Greedy,4693,3037662008,1418245,1418360,115,completed,-33
Greedy,4694,3037662008,1418445,1418560,115,completed,-38
Greedy,4695,3658959723,1418645,1418775,130,completed,-8
Greedy,4696,3658959723,1421037,1421395,358,completed,-8
Greedy,4697,3658959723,1421237,1421778,541,completed,-8
Greedy,4698,3658959723,1421437,1421880,443,completed,-8
Greedy,4699,3658959723,1421637,1422024,387,completed,-8
Greedy,4700,3658959723,1421837,1422362,525,completed,-8
Greedy,4701,3658959723,1422037,1422573,536,completed,-8
Greedy,4710,3037662008,1423837,1423960,123,completed,-37
Greedy,4711,3037662008,1424037,1424151,114,completed,-37
Greedy,4702,3658959723,1422237,1422850,613,completed,-8
Greedy,4703,3658959723,1422437,1422952,515,completed,-8
Greedy,4712,3037662008,1424243,1424370,127,completed,-37
Greedy,4704,3658959723,1422637,1423123,486,completed,-8
Greedy,4705,3658959723,1422837,1423398,561,completed,-8
Greedy,4706,3658959723,1423037,1423500,463,completed,-8
Greedy,4713,3037662008,1424443,1424558,115,completed,-38
Greedy,4707,3658959723,1423237,1423601,364,completed,-8
Greedy,4708,3658959723,1423437,1423703,266,completed,-8
Greedy,4709,3658959723,1423637,1423805,168,completed,-8
Greedy,4714,3658959723,1424643,1424774,131,completed,-8
Greedy,4715,3658959723,1424843,1424975,132,completed,-8
Greedy,4716,3658959723,1425044,1425371,327,completed,-8
Greedy,4717,3658959723,1425244,1425474,230,completed,-8
Greedy,4718,3658959723,1425444,1425586,142,completed,-8
Greedy,4719,3658959723,1425644,1425776,132,completed,-8
Greedy,4720,3658959723,1425844,1425973,129,completed,-8
Greedy,4721,3658959723,1426044,1426174,130,completed,-8
Greedy,4722,3658959723,1426245,1426376,131,completed,-8
Greedy,4723,3658959723,1426445,1426575,130,completed,-8
Greedy,4724,3037662008,1426645,1426759,114,completed,-34
Greedy,4725,3037662008,1426845,1426959,114,completed,-34
Greedy,4726,3037662008,1427045,1427353,308,completed,-34
Greedy,4727,3037662008,1427245,1427459,214,completed,-34
Greedy,4728,3037662008,1427445,1427562,117,completed,-34
Greedy,4729,3037662008,1427645,1427759,114,completed,-34
Greedy,4730,3037662008,1427845,1427959,114,completed,-34
Greedy,4731,3037662008,1428045,1428159,114,completed,-34
Greedy,4732,3037662008,1428246,1428362,116,completed,-34
Greedy,4733,3037662008,1428446,1428561,115,completed,-38
Greedy,4734,3658959723,1428646,1428776,130,completed,-8
Greedy,4735,3658959723,1428846,1428975,129,completed,-8
Greedy,4736,3658959723,1429046,1429371,325,completed,-8
Greedy,4737,3658959723,1429246,1429488,242,completed,-8
Greedy,4738,3658959723,1429446,1429591,145,completed,-8
Greedy,4739,3658959723,1429646,1429776,130,completed,-8
Greedy,4740,3658959723,1429846,1429976,130,completed,-8
Greedy,4741,3658959723,1430046,1430176,130,completed,-8
Greedy,4742,3658959723,1430248,1430381,133,completed,-8
Greedy,4743,3658959723,1430448,1430578,130,completed,-9
Greedy,4744,3037662008,1430648,1430762,114,completed,-34
Greedy,4745,3037662008,1430848,1430962,114,completed,-34
Greedy,4746,3037662008,1431048,1431358,310,completed,-34
Greedy,4747,3037662008,1431248,1431463,215,completed,-34
Greedy,4748,3037662008,1431448,1431566,118,completed,-34
Greedy,4749,3037662008,1431648,1431762,114,completed,-34
Greedy,4750,3037662008,1431848,1431962,114,completed,-34
Greedy,4751,3037662008,1432048,1432163,115,completed,-34
Greedy,4752,3037662008,1432250,1432366,116,completed,-34
Greedy,4753,3037662008,1432450,1432596,146,completed,-39
Greedy,4754,3658959723,1432650,1432780,130,completed,-8
Greedy,4755,3658959723,1432850,1432979,129,completed,-8
Greedy,4756,3658959723,1433050,1433424,374,completed,-8
Greedy,4757,3658959723,1433250,1433527,277,completed,-8
Greedy,4758,3658959723,1433450,1433630,180,completed,-8
Greedy,4759,3658959723,1433650,1433780,130,completed,-8
Greedy,4760,3658959723,1433850,1433980,130,completed,-8
Greedy,4761,3658959723,1434050,1434181,131,completed,-8
Greedy,4762,3658959723,1434254,1434385,131,completed,-8
Greedy,4763,3658959723,1434454,1434586,132,completed,-8
Greedy,4764,3037662008,1434654,1434769,115,completed,-33
Greedy,4765,3037662008,1434854,1434969,115,completed,-33
Greedy,4766,3037662008,1435054,1435363,309,completed,-33
Greedy,4767,3037662008,1435254,1435472,218,completed,-33
Greedy,4768,3037662008,1435454,1435575,121,completed,-33
Greedy,4769,3037662008,1435654,1435769,115,completed,-33
Greedy,4770,3037662008,1435854,1435968,114,completed,-33
Greedy,4772,3658959723,1438451,1438823,372,completed,-8
Greedy,4773,3658959723,1438652,1438997,345,completed,-8
Greedy,4774,3658959723,1438852,1439100,248,completed,-8
Greedy,4775,3658959723,1439052,1439202,150,completed,-8
Greedy,4776,3658959723,1439252,1439400,148,completed,-8
Greedy,4777,3658959723,1439452,1439581,129,completed,-8
Greedy,4778,3658959723,1439652,1439785,133,completed,-8
Greedy,4779,3658959723,1439852,1439982,130,completed,-8
Greedy,4780,3658959723,1440052,1440189,137,completed,-8
Greedy,4771,3037662008,1436054,1436168,114,completed,-33
Greedy,4781,3658959723,1440252,1440382,130,completed,-8
Greedy,4782,3658959723,1440452,1440583,131,completed,-9
Greedy,4783,3037662008,1440657,1440780,123,completed,-38
Greedy,4784,3037662008,1440857,1440974,117,completed,-38
Greedy,4785,3037662008,1441057,1441172,115,completed,-38
Greedy,4786,3037662008,1441257,1441393,136,completed,-38
Greedy,4787,3037662008,1441457,1441763,306,completed,-38
Greedy,4788,3037662008,1441657,1441866,209,completed,-38
Greedy,4789,3037662008,1441857,1441974,117,completed,-38
Greedy,4790,3037662008,1442057,1442172,115,completed,-38
Greedy,4791,3037662008,1442257,1442372,115,completed,-38
Greedy,4792,3037662008,1442457,1442770,313,completed,-39
Greedy,4793,3658959723,1442660,1442791,131,completed,-8
Greedy,4794,3658959723,1442860,1442990,130,completed,-8
Greedy,4795,3658959723,1443060,1443190,130,completed,-8
Greedy,4796,3658959723,1443260,1443391,131,completed,-8
Greedy,4797,3658959723,1443460,1443783,323,completed,-8
Greedy,4798,3658959723,1443660,1443893,233,completed,-8
Greedy,4799,3658959723,1443860,1443996,136,completed,-8
Greedy,4800,3658959723,1444060,1444190,130,completed,-8
Greedy,4801,3658959723,1444260,1444391,131,completed,-8
Greedy,4802,3658959723,1444460,1444785,325,completed,-9
Greedy,4803,3658959723,1444662,1444894,232,completed,-9
Greedy,4804,3658959723,1444862,1444997,135,completed,-9
Greedy,4805,3658959723,1445062,1445193,131,completed,-9
Greedy,4806,3658959723,1445262,1445417,155,completed,-9
Greedy,4807,3658959723,1445462,1445785,323,completed,-9
Greedy,4808,3658959723,1445662,1445888,226,completed,-9
Greedy,4809,3658959723,1445862,1445995,133,completed,-9
Greedy,4810,3658959723,1446062,1446193,131,completed,-9
Greedy,4811,3658959723,1446262,1446392,130,completed,-9
Greedy,4812,3658959723,1446462,1446787,325,completed,-9
Greedy,4813,3658959723,1446664,1446889,225,completed,-9
Greedy,4814,3658959723,1446864,1446996,132,completed,-9
Greedy,4815,3658959723,1447064,1447194,130,completed,-9
Greedy,4816,3658959723,1447264,1447394,130,completed,-9
Greedy,4817,3658959723,1447464,1447788,324,completed,-9
Greedy,4818,3658959723,1447664,1447904,240,completed,-9
Greedy,4819,3658959723,1447864,1448007,143,completed,-9
Greedy,4820,3658959723,1448064,1448194,130,completed,-9
Greedy,4821,3658959723,1448264,1448394,130,completed,-9
Greedy,4822,3658959723,1448464,1448789,325,completed,-9
Greedy,4823,3658959723,1448667,1448898,231,completed,-9
Greedy,4824,3658959723,1448867,1449001,134,completed,-9
Greedy,4825,3658959723,1449067,1449197,130,completed,-9
Greedy,4826,3658959723,1449267,1449397,130,completed,-9
Greedy,4827,3658959723,1449467,1449788,321,completed,-9
Greedy,4828,3658959723,1449667,1449891,224,completed,-9
Greedy,4829,3658959723,1449867,1449998,131,completed,-9
Greedy,4830,3658959723,1450067,1450197,130,completed,-9
Greedy,4831,3658959723,1450267,1450397,130,completed,-9
Greedy,4832,3658959723,1450467,1450793,326,completed,-9
Greedy,4833,3658959723,1450670,1450896,226,completed,-9
Greedy,4834,3658959723,1450870,1451002,132,completed,-9
Greedy,4835,3658959723,1451070,1451200,130,completed,-9
Greedy,4836,3658959723,1451270,1451400,130,completed,-9
Greedy,4837,3658959723,1451470,1451792,322,completed,-9
Greedy,4838,3658959723,1451670,1451895,225,completed,-9
Greedy,4839,3658959723,1451870,1452001,131,completed,-9
Greedy,4840,3658959723,1452070,1452200,130,completed,-9
Greedy,4841,3658959723,1452270,1452400,130,completed,-9
Greedy,4843,3037662008,1452672,1452787,115,completed,-34
Greedy,4842,3658959723,1452470,1452600,130,completed,-9
Greedy,4844,3037662008,1452872,1452986,114,completed,-34
Greedy,4845,3037662008,1453072,1453188,116,completed,-34
Greedy,4846,3037662008,1453272,1453387,115,completed,-34
Greedy,4847,3037662008,1453472,1453781,309,completed,-34
Greedy,4848,3658959723,1455870,1456194,324,completed,-9
Greedy,4849,3658959723,1456076,1456398,322,completed,-9
Greedy,4850,3658959723,1456276,1456513,237,completed,-9
Greedy,4851,3658959723,1456476,1456616,140,completed,-8
Greedy,4857,3658959723,1457866,1457996,130,completed,-8
Greedy,4858,3658959723,1458075,1458396,321,completed,-8
Greedy,4859,3658959723,1458275,1458505,230,completed,-8
Greedy,4860,3658959723,1458475,1458608,133,completed,-8
Greedy,4861,3658959723,1458675,1458806,131,completed,-8
Greedy,4852,3037662008,1456676,1456790,114,completed,-34
Greedy,4853,3037662008,1457066,1457182,116,completed,-34
Greedy,4854,3037662008,1457266,1457381,115,completed,-34
Greedy,4855,3037662008,1457466,1457581,115,completed,-34
Greedy,4856,3037662008,1457666,1457781,115,completed,-34
Greedy,4862,3037662008,1458875,1459184,309,completed,-36
Greedy,4863,3037662008,1459081,1459286,205,completed,-36
Greedy,4864,3037662008,1459281,1459397,116,completed,-36
Greedy,4865,3037662008,1459481,1459597,116,completed,-36
Greedy,4866,3037662008,1459681,1459797,116,completed,-36
Greedy,4867,3037662008,1460077,1460197,120,completed,-36
Greedy,4868,3037662008,1460277,1460392,115,completed,-36
Greedy,4869,3037662008,1460477,1460592,115,completed,-39
Greedy,4870,3658959723,1460677,1460807,130,completed,-8
Greedy,4871,3658959723,1460877,1461008,131,completed,-8
Greedy,4872,3658959723,1461079,1461215,136,completed,-8
Greedy,4873,3658959723,1461279,1461410,131,completed,-8
Greedy,4874,3658959723,1461479,1461609,130,completed,-8
Greedy,4875,3658959723,1461679,1461809,130,completed,-8
Greedy,4876,3658959723,1461879,1462009,130,completed,-8
Greedy,4877,3658959723,1462080,1462212,132,completed,-8
Greedy,4878,3658959723,1462280,1462410,130,completed,-8
Greedy,4879,3658959723,1462480,1462635,155,completed,-9
Greedy,4880,3658959723,1462680,1462817,137,completed,-9
Greedy,4881,3658959723,1462880,1463010,130,completed,-9
Greedy,4882,3658959723,1463081,1463213,132,completed,-9
Greedy,4883,3658959723,1463281,1463411,130,completed,-9
Greedy,4884,3658959723,1463481,1463611,130,completed,-9
Greedy,4885,3658959723,1463681,1463812,131,completed,-9
Greedy,4886,3658959723,1463882,1464477,595,completed,-9
Greedy,4887,3658959723,1464083,1464580,497,completed,-8
Greedy,4888,3658959723,1464283,1464683,400,completed,-8
Greedy,4890,3037662008,1464683,1464798,115,completed,-35
Greedy,4891,3037662008,1464883,1464997,114,completed,-35
Greedy,4889,3658959723,1464483,1464786,303,completed,-8
Greedy,4892,3037662008,1465089,1465210,121,completed,-35
Greedy,4893,3037662008,1465289,1465404,115,completed,-35
Greedy,4894,3037662008,1465489,1465604,115,completed,-35
Greedy,4895,3037662008,1465689,1465803,114,completed,-35
Greedy,4896,3037662008,1465889,1466197,308,completed,-35
Greedy,4897,3037662008,1466089,1466300,211,completed,-35
Greedy,4898,3037662008,1466289,1466406,117,completed,-35
Greedy,4899,3037662008,1466489,1466604,115,completed,-38
Greedy,4900,3658959723,1466689,1466820,131,completed,-8
Greedy,4901,3658959723,1466889,1467019,130,completed,-8
Greedy,4902,3658959723,1467090,1467221,131,completed,-8
Greedy,4903,3658959723,1467290,1467420,130,completed,-8
Greedy,4904,3658959723,1467490,1467620,130,completed,-8
Greedy,4905,3658959723,1467690,1467821,131,completed,-8
Greedy,4906,3658959723,1467890,1468214,324,completed,-8
Greedy,4907,3658959723,1468090,1468323,233,completed,-8
Greedy,4908,3658959723,1468290,1468433,143,completed,-8
Greedy,4909,3658959723,1468490,1468621,131,completed,-9
Greedy,4910,3037662008,1468690,1468805,115,completed,-36
Greedy,4911,3037662008,1468890,1469005,115,completed,-36
Greedy,4912,3037662008,1469092,1469207,115,completed,-36
Greedy,4913,3037662008,1469292,1469406,114,completed,-36
Greedy,4914,3037662008,1469492,1469607,115,completed,-36
Greedy,4915,3037662008,1469692,1469808,116,completed,-36
Greedy,4916,3037662008,1469892,1470224,332,completed,-36
Greedy,4917,3037662008,1470092,1470333,241,completed,-36
Greedy,4918,3037662008,1470292,1470442,150,completed,-36
Greedy,4919,3037662008,1470492,1470608,116,completed,-39
Greedy,4920,3658959723,1470692,1470822,130,completed,-8
Greedy,4921,3658959723,1470892,1471023,131,completed,-8
Greedy,4922,3658959723,1473292,1473638,346,completed,-8
Greedy,4923,3658959723,1473492,1473896,404,completed,-8
Greedy,4924,3658959723,1473692,1473998,306,completed,-8
Greedy,4925,3658959723,1473892,1474170,278,completed,-8
Greedy,4926,3658959723,1474092,1474420,328,completed,-8
Greedy,4927,3658959723,1474293,1474694,401,completed,-9
Greedy,4928,3658959723,1474496,1474946,450,completed,-9
Greedy,4929,3658959723,1474696,1475048,352,completed,-9
Greedy,4930,3658959723,1474896,1475196,300,completed,-9
Greedy,4931,3658959723,1475096,1475623,527,completed,-9
Greedy,4932,3658959723,1475297,1475725,428,completed,-9
Greedy,4933,3658959723,1475507,1475827,320,completed,-9
Greedy,4934,3658959723,1475707,1475929,222,completed,-9
Greedy,4935,3658959723,1475907,1476039,132,completed,-9
Greedy,4936,3658959723,1476107,1476239,132,completed,-9
Greedy,4940,3037662008,1477100,1477214,114,completed,-33
Greedy,4937,3658959723,1476500,1476632,132,completed,-9
Greedy,4941,3037662008,1477300,1477615,315,completed,-33
Greedy,4942,3037662008,1477506,1477724,218,completed,-33
Greedy,4938,3658959723,1476700,1476832,132,completed,-9
Greedy,4939,3658959723,1476900,1477032,132,completed,-9
Greedy,4943,3037662008,1477706,1477827,121,completed,-33
Greedy,4944,3037662008,1477906,1478021,115,completed,-33
Greedy,4945,3037662008,1478106,1478221,115,completed,-33
Greedy,4946,3037662008,1478503,1478618,115,completed,-37
Greedy,4947,3658959723,1478703,1478833,130,completed,-8
Greedy,4948,3658959723,1478903,1479034,131,completed,-8
Greedy,4949,3658959723,1479103,1479233,130,completed,-8
Greedy,4950,3658959723,1479303,1479669,366,completed,-8
Greedy,4951,3658959723,1479505,1479777,272,completed,-8
Greedy,4952,3658959723,1479705,1479890,185,completed,-8
Greedy,4953,3658959723,1479905,1480036,131,completed,-8
Greedy,4954,3658959723,1480105,1480236,131,completed,-8
Greedy,4955,3658959723,1480305,1480634,329,completed,-8
Greedy,4956,3658959723,1480510,1480737,227,completed,-8
Greedy,4957,3037662008,1480710,1480825,115,completed,-35
Greedy,4958,3037662008,1480910,1481025,115,completed,-35
Greedy,4959,3037662008,1481110,1481225,115,completed,-35
Greedy,4960,3037662008,1481507,1481623,116,completed,-35
Greedy,4961,3037662008,1481707,1481822,115,completed,-35
Greedy,4962,3037662008,1481907,1482023,116,completed,-35
Greedy,4963,3037662008,1482107,1482223,116,completed,-35
Greedy,4964,3037662008,1482307,1482641,334,completed,-36
Greedy,4965,3037662008,1482512,1482757,245,completed,-36
Greedy,4966,3658959723,1482712,1482843,131,completed,-8
Greedy,4967,3658959723,1482912,1483042,130,completed,-8
Greedy,4968,3658959723,1483112,1483242,130,completed,-8
Greedy,4969,3658959723,1483510,1483641,131,completed,-8
Greedy,4970,3658959723,1483710,1483841,131,completed,-8
Greedy,4971,3658959723,1483910,1484041,131,completed,-8
Greedy,4972,3658959723,1484110,1484241,131,completed,-8
Greedy,4973,3658959723,1484310,1484634,324,completed,-9
Greedy,4974,3658959723,1484512,1484737,225,completed,-9
Greedy,4975,3037662008,1484712,1484826,114,completed,-37
Greedy,4976,3037662008,1484912,1485028,116,completed,-37
Greedy,4977,3037662008,1485112,1485227,115,completed,-37
Greedy,4978,3037662008,1485312,1485649,337,completed,-37
Greedy,4979,3037662008,1485514,1485758,244,completed,-37
Greedy,4980,3037662008,1485714,1485869,155,completed,-37
Greedy,4981,3037662008,1485914,1486029,115,completed,-37
Greedy,4982,3037662008,1486114,1486228,114,completed,-37
Greedy,4983,3037662008,1486314,1486622,308,completed,-39
Greedy,4984,3037662008,1486517,1486725,208,completed,-39
Greedy,4985,3658959723,1486717,1486847,130,completed,-8
Greedy,4986,3658959723,1486917,1487048,131,completed,-8
Greedy,4987,3658959723,1487117,1487247,130,completed,-8
Greedy,4988,3658959723,1487317,1487641,324,completed,-8
Greedy,4989,3658959723,1487521,1487744,223,completed,-8
Greedy,4990,3658959723,1487721,1487853,132,completed,-8
Greedy,4991,3658959723,1487921,1488052,131,completed,-8
Greedy,4992,3658959723,1488121,1488251,130,completed,-8
Greedy,4993,3658959723,1488521,1488655,134,completed,-9
Greedy,4994,3658959723,1490734,1491059,325,completed,-9
Greedy,4995,3658959723,1490934,1491419,485,completed,-9
Greedy,4996,3658959723,1491134,1491669,535,completed,-9
Greedy,4997,3658959723,1491334,1492062,728,completed,-9
Greedy,4998,3658959723,1491534,1492165,631,completed,-9
Greedy,4999,3658959723,1491734,1492270,536,completed,-9
Greedy,5000,3658959723,1491937,1492372,435,completed,-9
Greedy,5001,3658959723,1492137,1492475,338,completed,-9
Greedy,5002,3658959723,1492337,1492576,239,completed,-9
Greedy,5003,3658959723,1492539,1492679,140,completed,-9
Greedy,5004,3037662008,1492740,1493057,317,completed,-33
Greedy,5005,3037662008,1492940,1493174,234,completed,-33
Greedy,5006,3037662008,1493140,1493277,137,completed,-33
Greedy,5007,3037662008,1493340,1493455,115,completed,-33
Greedy,5008,3037662008,1493540,1493655,115,completed,-33
Greedy,5009,3037662008,1493740,1493856,116,completed,-33
Greedy,5010,3037662008,1493941,1494066,125,completed,-33
Greedy,5011,3037662008,1494141,1494256,115,completed,-33
Greedy,5012,3037662008,1494341,1494456,115,completed,-33
Greedy,5013,3658959723,1494541,1494671,130,completed,-9
Greedy,5014,3658959723,1494741,1495066,325,completed,-9
Greedy,5015,3658959723,1494941,1495175,234,completed,-9
Greedy,5016,3658959723,1495141,1495277,136,completed,-9
Greedy,5017,3658959723,1495341,1495472,131,completed,-9
Greedy,5018,3658959723,1495541,1495671,130,completed,-9
Greedy,5019,3658959723,1495741,1495872,131,completed,-9
Greedy,5020,3658959723,1495943,1496076,133,completed,-9
Greedy,5021,3658959723,1496143,1496274,131,completed,-9
Greedy,5022,3658959723,1496343,1496474,131,completed,-9
Greedy,5023,3658959723,1496543,1496673,130,completed,-9
Greedy,5024,3658959723,1496743,1497120,377,completed,-9
Greedy,5025,3658959723,1496943,1497223,280,completed,-9
Greedy,5026,3658959723,1497143,1497326,183,completed,-9
Greedy,5027,3658959723,1497343,1497473,130,completed,-9
Greedy,5028,3658959723,1497543,1497673,130,completed,-9
Greedy,5029,3658959723,1497743,1497874,131,completed,-9
Greedy,5030,3658959723,1497945,1498076,131,completed,-9
Greedy,5031,3658959723,1498145,1498276,131,completed,-9
Greedy,5032,3658959723,1498345,1498481,136,completed,-9
Greedy,5033,3658959723,1498545,1498678,133,completed,-9
Greedy,5034,3658959723,1498745,1498875,130,completed,-9
Greedy,5035,3658959723,1498945,1499077,132,completed,-9
Greedy,5036,3658959723,1499145,1499276,131,completed,-9
Greedy,5037,3658959723,1499345,1499476,131,completed,-9
Greedy,5038,3658959723,1499545,1499676,131,completed,-9
Greedy,5039,3658959723,1499745,1499875,130,completed,-9
Greedy,5040,3658959723,1499947,1500078,131,completed,-9
Greedy,5041,3658959723,1500147,1500278,131,completed,-9
Greedy,5042,3658959723,1500347,1500478,131,completed,-9
Greedy,5043,3658959723,1500547,1500678,131,completed,-9
Greedy,5044,3658959723,1500747,1501072,325,completed,-9
Greedy,5045,3658959723,1500947,1501181,234,completed,-9
Greedy,5046,3658959723,1501147,1501284,137,completed,-9
Greedy,5047,3658959723,1501353,1501486,133,completed,-9
Greedy,5048,3658959723,1501553,1501683,130,completed,-9
Greedy,5049,3658959723,1501944,1502075,131,completed,-9
Greedy,5050,3658959723,1502144,1502275,131,completed,-9
Greedy,5051,3658959723,1502344,1502475,131,completed,-9
Greedy,5052,3658959723,1502544,1502676,132,completed,-9
Greedy,5053,3658959723,1502744,1503074,330,completed,-9
Greedy,5054,3658959723,1502947,1503183,236,completed,-9
Greedy,5055,3658959723,1503147,1503292,145,completed,-9
Greedy,5056,3658959723,1503354,1503486,132,completed,-9
Greedy,5057,3658959723,1503554,1503684,130,completed,-9
Greedy,5058,3658959723,1503754,1504077,323,completed,-9
Greedy,5059,3658959723,1503954,1504180,226,completed,-9
Greedy,5060,3658959723,1504154,1504286,132,completed,-9
Greedy,5061,3658959723,1504356,1504494,138,completed,-9
Greedy,5062,3658959723,1504556,1504686,130,completed,-9
Greedy,5063,3658959723,1504756,1505079,323,completed,-9
Greedy,5064,3658959723,1504956,1505182,226,completed,-9
Greedy,5065,3658959723,1505156,1505289,133,completed,-9
Greedy,5066,3658959723,1505356,1505511,155,completed,-9
Greedy,5067,3658959723,1505556,1505686,130,completed,-9
Greedy,5068,3658959723,1505756,1506081,325,completed,-9
Greedy,5069,3658959723,1508154,1508477,323,completed,-9
Greedy,5070,3658959723,1508354,1508580,226,completed,-10
Greedy,5072,3037662008,1508754,1508869,115,completed,-35
Greedy,5071,3658959723,1508554,1508686,132,completed,-10
Greedy,5073,3037662008,1508954,1509069,115,completed,-35
Greedy,5074,3037662008,1509154,1509462,308,completed,-35
Greedy,5075,3037662008,1509359,1509570,211,completed,-35
Greedy,5076,3037662008,1509559,1509677,118,completed,-35
Greedy,5077,3037662008,1509759,1509875,116,completed,-35
Greedy,5078,3037662008,1509959,1510074,115,completed,-35
Greedy,5079,3037662008,1510160,1510469,309,completed,-35
Greedy,5080,3037662008,1510364,1510577,213,completed,-39
Greedy,5081,3658959723,1510564,1510694,130,completed,-8
Greedy,5082,3658959723,1510764,1510896,132,completed,-8
Greedy,5083,3658959723,1510964,1511094,130,completed,-8
Greedy,5084,3658959723,1511362,1511497,135,completed,-8
Greedy,5085,3658959723,1511562,1511693,131,completed,-8
Greedy,5086,3658959723,1511762,1511892,130,completed,-8
Greedy,5087,3658959723,1511962,1512093,131,completed,-8
Greedy,5088,3658959723,1512162,1512518,356,completed,-8
Greedy,5089,3658959723,1512365,1512633,268,completed,-9
Greedy,5090,3037662008,1512565,1512680,115,completed,-35
Greedy,5091,3037662008,1512765,1512880,115,completed,-35
Greedy,5092,3037662008,1512965,1513080,115,completed,-35
Greedy,5093,3037662008,1513364,1513481,117,completed,-35
Greedy,5094,3037662008,1513564,1513681,117,completed,-35
Greedy,5095,3037662008,1513764,1513879,115,completed,-35
Greedy,5096,3037662008,1513964,1514078,114,completed,-35
Greedy,5097,3037662008,1514164,1514473,309,completed,-35
Greedy,5099,3658959723,1514568,1514699,131,completed,-8
Greedy,5098,3037662008,1514368,1514602,234,completed,-38
Greedy,5100,3658959723,1514768,1514899,131,completed,-8
Greedy,5101,3658959723,1514968,1515098,130,completed,-8
Greedy,5102,3658959723,1515366,1515497,131,completed,-8
Greedy,5103,3658959723,1515566,1515696,130,completed,-8
Greedy,5104,3658959723,1515766,1515897,131,completed,-8
Greedy,5105,3658959723,1515966,1516097,131,completed,-8
Greedy,5106,3658959723,1516166,1516521,355,completed,-8
Greedy,5107,3658959723,1516368,1516629,261,completed,-9
Greedy,5108,3037662008,1516568,1516684,116,completed,-36
Greedy,5109,3037662008,1516768,1516883,115,completed,-36
Greedy,5110,3037662008,1516968,1517083,115,completed,-36
Greedy,5111,3037662008,1517168,1517477,309,completed,-36
Greedy,5112,3037662008,1517371,1517587,216,completed,-36
Greedy,5113,3037662008,1517571,1517690,119,completed,-36
Greedy,5114,3037662008,1517771,1517886,115,completed,-36
Greedy,5115,3037662008,1517971,1518086,115,completed,-36
Greedy,5116,3037662008,1518171,1518484,313,completed,-36
Greedy,5117,3037662008,1518375,1518594,219,completed,-40
Greedy,5118,3658959723,1518575,1518706,131,completed,-9
Greedy,5119,3658959723,1518775,1518907,132,completed,-9
Greedy,5120,3658959723,1518975,1519107,132,completed,-9
Greedy,SUMMARY,ALL,0,0,120000,batch_complete,0
----------------,---,---,---,---,---,----------------,---
Greedy,5121,3658959723,1519365,1519497,132,completed,-9
