algorithm,seq,worker_id,send_ts,comp_ts,latency_ms,status,rssi
Greedy,1,3658959723,2875852,2875992,140,completed,-11
Greedy,2,3658959723,2875952,2876101,149,completed,-11
Greedy,3,3658959723,2876052,2876203,151,completed,-11
Greedy,4,3658959723,2876258,2876398,140,completed,-11
Greedy,5,3658959723,2876358,2876501,143,completed,-11
Greedy,6,3658959723,2876458,2876603,145,completed,-11
Greedy,7,3658959723,2876558,2876706,148,completed,-11
Greedy,8,3658959723,2876658,2876809,151,completed,-11
Greedy,9,3658959723,2876758,2876911,153,completed,-11
Greedy,10,3658959723,2876858,2877014,156,completed,-11
Greedy,11,3658959723,2876958,2877117,159,completed,-11
Greedy,12,3658959723,2877058,2877394,336,completed,-12
Greedy,13,3658959723,2877265,2877497,232,completed,-12
Greedy,14,3658959723,2877365,2877600,235,completed,-12
Greedy,15,3658959723,2877465,2877706,241,completed,-12
Greedy,16,3658959723,2877565,2877809,244,completed,-12
Greedy,17,3658959723,2877665,2877911,246,completed,-12
Greedy,18,3658959723,2877765,2878013,248,completed,-12
Greedy,19,3658959723,2877865,2878116,251,completed,-12
Greedy,20,3658959723,2877965,2878219,254,completed,-12
Greedy,21,3658959723,2878260,2878400,140,completed,-12
Greedy,22,3658959723,2878360,2878503,143,completed,-12
Greedy,23,3658959723,2878460,2878607,147,completed,-12
Greedy,24,3658959723,2878560,2878710,150,completed,-12
Greedy,25,3658959723,2878660,2878813,153,completed,-12
Greedy,26,3658959723,2878760,2878916,156,completed,-12
Greedy,27,3658959723,2878860,2879019,159,completed,-12
Greedy,28,3658959723,2878960,2879122,162,completed,-12
Greedy,29,3658959723,2879060,2879225,165,completed,-12
Greedy,30,3658959723,2879264,2879404,140,completed,-12
Greedy,31,3658959723,2879364,2879506,142,completed,-12
Greedy,32,3658959723,2879464,2879607,143,completed,-12
Greedy,33,3658959723,2879564,2879710,146,completed,-12
Greedy,34,3658959723,2879664,2879813,149,completed,-12
Greedy,35,3658959723,2879764,2879916,152,completed,-12
Greedy,36,3658959723,2879864,2880019,155,completed,-12
Greedy,37,3658959723,2879964,2880122,158,completed,-12
Greedy,38,3658959723,2880064,2880396,332,completed,-12
Greedy,39,3658959723,2880264,2880502,238,completed,-12
Greedy,40,3658959723,2880364,2880604,240,completed,-12
Greedy,41,3658959723,2880464,2880707,243,completed,-12
Greedy,42,3658959723,2880564,2880810,246,completed,-12
Greedy,43,3658959723,2880664,2880913,249,completed,-12
Greedy,44,3658959723,2880764,2881016,252,completed,-12
Greedy,45,3658959723,2880864,2881119,255,completed,-12
Greedy,46,3658959723,2880964,2881222,258,completed,-12
Greedy,47,3658959723,2881064,2881398,334,completed,-12
Greedy,48,3658959723,2881270,2881501,231,completed,-12
Greedy,49,3658959723,2881371,2881604,233,completed,-12
Greedy,50,3658959723,2881471,2881710,239,completed,-12
Greedy,51,3658959723,2881571,2881813,242,completed,-12
Greedy,52,3658959723,2881671,2881916,245,completed,-12
Greedy,53,3658959723,2881771,2882019,248,completed,-12
Greedy,54,3658959723,2881871,2882122,251,completed,-12
Greedy,55,3658959723,2881971,2882225,254,completed,-12
Greedy,56,3658959723,2882266,2882407,141,completed,-12
Greedy,74,3037662008,2886368,2886495,127,completed,-29
Greedy,75,3037662008,2886468,2886598,130,completed,-29
Greedy,76,3037662008,2886674,2886800,126,completed,-29
Greedy,77,3037662008,2886774,2886903,129,completed,-29
Greedy,78,3037662008,2886874,2887005,131,completed,-29
Greedy,79,3037662008,2886974,2887108,134,completed,-29
Greedy,80,3037662008,2887074,2887211,137,completed,-29
Greedy,81,3037662008,2887174,2887314,140,completed,-31
Greedy,82,3037662008,2887274,2887417,143,completed,-31
Greedy,83,3037662008,2887374,2887520,146,completed,-31
Greedy,57,3658959723,2884470,2884804,334,completed,-12
Greedy,58,3658959723,2884672,2884905,233,completed,-12
Greedy,84,3037662008,2887474,2887800,326,completed,-31
Greedy,59,3658959723,2884772,2885180,408,completed,-12
Greedy,60,3658959723,2884872,2885455,583,completed,-12
Greedy,61,3658959723,2884972,2885803,831,completed,-12
Greedy,62,3658959723,2885072,2885907,835,completed,-12
Greedy,63,3658959723,2885172,2886008,836,completed,-12
Greedy,64,3658959723,2885272,2886280,1008,completed,-12
Greedy,65,3658959723,2885372,2886556,1184,completed,-12
Greedy,66,3658959723,2885472,2886833,1361,completed,-12
Greedy,67,3658959723,2885668,2886935,1267,completed,-12
Greedy,68,3658959723,2885768,2887105,1337,completed,-12
Greedy,69,3658959723,2885868,2887379,1511,completed,-12
Greedy,70,3658959723,2885968,2887808,1840,completed,-12
Greedy,71,3658959723,2886068,2887910,1842,completed,-12
Greedy,72,3658959723,2886168,2888012,1844,completed,-12
Greedy,73,3658959723,2886268,2888114,1846,completed,-12
Greedy,85,3658959723,2887681,2888221,540,completed,-12
Greedy,86,3658959723,2887781,2888323,542,completed,-12
Greedy,87,3658959723,2887881,2888425,544,completed,-12
Greedy,88,3658959723,2887981,2888527,546,completed,-12
Greedy,89,3658959723,2888081,2888629,548,completed,-12
Greedy,90,3658959723,2888181,2888730,549,completed,-12
Greedy,91,3658959723,2888281,2888832,551,completed,-12
Greedy,92,3658959723,2888381,2888934,553,completed,-12
Greedy,93,3658959723,2888675,2889035,360,completed,-12
Greedy,94,3658959723,2888775,2889137,362,completed,-12
Greedy,95,3658959723,2888875,2889238,363,completed,-12
Greedy,102,3037662008,2889675,2889801,126,completed,-28
Greedy,103,3037662008,2889775,2889910,135,completed,-28
Greedy,96,3658959723,2888975,2889340,365,completed,-12
Greedy,104,3037662008,2889875,2890013,138,completed,-28
Greedy,105,3037662008,2889975,2890115,140,completed,-28
Greedy,106,3037662008,2890075,2890218,143,completed,-28
Greedy,97,3658959723,2889075,2889442,367,completed,-12
Greedy,98,3658959723,2889175,2889544,369,completed,-12
Greedy,107,3037662008,2890175,2890321,146,completed,-28
Greedy,108,3037662008,2890275,2890424,149,completed,-28
Greedy,99,3658959723,2889275,2889646,371,completed,-12
Greedy,109,3037662008,2890375,2890527,152,completed,-28
Greedy,110,3037662008,2890475,2890630,155,completed,-28
Greedy,111,3037662008,2890681,2890812,131,completed,-28
Greedy,112,3037662008,2890781,2890921,140,completed,-28
Greedy,100,3658959723,2889375,2889747,372,completed,-12
Greedy,113,3037662008,2890881,2891024,143,completed,-28
Greedy,114,3037662008,2890981,2891127,146,completed,-28
Greedy,115,3037662008,2891081,2891231,150,completed,-28
Greedy,101,3658959723,2889475,2889848,373,completed,-12
Greedy,117,3658959723,2891281,2891420,139,completed,-11
Greedy,116,3037662008,2891181,2891334,153,completed,-30
Greedy,118,3658959723,2891381,2891523,142,completed,-11
Greedy,119,3658959723,2891481,2891813,332,completed,-11
Greedy,120,3658959723,2891682,2891916,234,completed,-11
Greedy,121,3658959723,2891782,2892022,240,completed,-11
Greedy,122,3658959723,2891882,2892125,243,completed,-11
Greedy,123,3658959723,2891982,2892228,246,completed,-11
Greedy,124,3658959723,2892082,2892331,249,completed,-11
Greedy,125,3658959723,2892182,2892434,252,completed,-11
Greedy,126,3658959723,2892282,2892537,255,completed,-11
Greedy,127,3658959723,2892382,2892640,258,completed,-11
Greedy,128,3658959723,2892482,2892816,334,completed,-11
Greedy,129,3658959723,2892686,2892919,233,completed,-11
Greedy,130,3658959723,2892786,2893026,240,completed,-11
Greedy,131,3658959723,2892886,2893129,243,completed,-11
Greedy,132,3658959723,2892986,2893232,246,completed,-11
Greedy,135,3037662008,2893286,2893412,126,completed,-31
Greedy,136,3037662008,2893386,2893522,136,completed,-31
Greedy,133,3658959723,2893086,2893335,249,completed,-13
Greedy,137,3037662008,2893684,2893814,130,completed,-31
Greedy,138,3037662008,2893784,2893923,139,completed,-31
Greedy,134,3658959723,2893186,2893437,251,completed,-13
Greedy,139,3037662008,2893884,2894032,148,completed,-31
Greedy,140,3037662008,2893984,2894142,158,completed,-31
Greedy,141,3037662008,2894084,2894252,168,completed,-31
Greedy,142,3037662008,2894184,2894355,171,completed,-31
Greedy,143,3037662008,2894284,2894458,174,completed,-31
Greedy,144,3037662008,2894384,2894561,177,completed,-31
Greedy,145,3037662008,2894484,2894805,321,completed,-31
Greedy,146,3037662008,2894684,2894908,224,completed,-31
Greedy,147,3037662008,2894784,2895011,227,completed,-31
Greedy,148,3037662008,2894884,2895114,230,completed,-31
Greedy,149,3037662008,2894984,2895217,233,completed,-31
Greedy,152,3658959723,2895284,2895422,138,completed,-11
Greedy,150,3037662008,2895084,2895320,236,completed,-30
Greedy,151,3037662008,2895184,2895422,238,completed,-30
Greedy,153,3658959723,2895386,2895528,142,completed,-11
Greedy,154,3658959723,2895486,2895818,332,completed,-11
Greedy,155,3658959723,2895687,2895921,234,completed,-11
Greedy,156,3658959723,2895787,2896027,240,completed,-11
Greedy,157,3658959723,2895887,2896129,242,completed,-11
Greedy,158,3658959723,2895987,2896231,244,completed,-11
Greedy,159,3658959723,2896087,2896333,246,completed,-11
Greedy,160,3658959723,2896187,2896435,248,completed,-11
Greedy,161,3658959723,2896287,2896537,250,completed,-11
Greedy,162,3658959723,2896387,2896639,252,completed,-11
Greedy,163,3658959723,2896487,2896821,334,completed,-11
Greedy,164,3658959723,2896690,2896924,234,completed,-11
Greedy,165,3658959723,2896790,2897030,240,completed,-11
Greedy,166,3658959723,2896890,2897133,243,completed,-11
Greedy,167,3658959723,2896990,2897235,245,completed,-11
Greedy,168,3658959723,2897090,2897338,248,completed,-12
Greedy,171,3037662008,2897390,2897516,126,completed,-27
Greedy,169,3658959723,2897190,2897439,249,completed,-12
Greedy,172,3037662008,2897490,2897809,319,completed,-27
Greedy,173,3037662008,2897690,2897919,229,completed,-27
Greedy,170,3658959723,2897290,2897541,251,completed,-12
Greedy,174,3037662008,2897790,2898022,232,completed,-27
Greedy,175,3037662008,2897890,2898125,235,completed,-27
Greedy,176,3037662008,2897990,2898228,238,completed,-27
Greedy,177,3037662008,2898090,2898331,241,completed,-27
Greedy,178,3037662008,2898190,2898434,244,completed,-27
Greedy,179,3037662008,2898290,2898537,247,completed,-27
Greedy,180,3037662008,2898390,2898640,250,completed,-27
Greedy,181,3037662008,2898490,2898812,322,completed,-27
Greedy,182,3037662008,2898692,2898918,226,completed,-27
Greedy,183,3037662008,2898792,2899020,228,completed,-27
Greedy,184,3037662008,2898892,2899123,231,completed,-27
Greedy,185,3037662008,2898992,2899226,234,completed,-27
Greedy,188,3658959723,2899292,2899430,138,completed,-11
Greedy,189,3658959723,2899392,2899539,147,completed,-11
Greedy,186,3037662008,2899092,2899329,237,completed,-30
Greedy,190,3658959723,2899492,2899826,334,completed,-11
Greedy,187,3037662008,2899192,2899431,239,completed,-30
Greedy,191,3658959723,2899697,2902025,2328,completed,-11
Greedy,192,3658959723,2901902,2902253,351,completed,-11
Greedy,193,3658959723,2902098,2902559,461,completed,-11
Greedy,194,3658959723,2902198,2902661,463,completed,-11
Greedy,195,3658959723,2902298,2902764,466,completed,-11
Greedy,196,3658959723,2902408,2902867,459,completed,-11
Greedy,197,3658959723,2902508,2902970,462,completed,-11
Greedy,198,3658959723,2902608,2903073,465,completed,-11
Greedy,199,3658959723,2902708,2903175,467,completed,-11
Greedy,200,3658959723,2902808,2903277,469,completed,-11
Greedy,203,3037662008,2903301,2903428,127,completed,-28
Greedy,201,3658959723,2903101,2903380,279,completed,-11
Greedy,204,3037662008,2903401,2903538,137,completed,-28
Greedy,205,3037662008,2903501,2903668,167,completed,-28
Greedy,202,3658959723,2903201,2903482,281,completed,-11
Greedy,206,3037662008,2903601,2903778,177,completed,-28
Greedy,207,3037662008,2903701,2903881,180,completed,-28
Greedy,208,3037662008,2903801,2903984,183,completed,-28
Greedy,209,3037662008,2903901,2904087,186,completed,-28
Greedy,210,3037662008,2904106,2904234,128,completed,-28
Greedy,211,3037662008,2904206,2904337,131,completed,-28
Greedy,212,3037662008,2904306,2904440,134,completed,-28
Greedy,213,3037662008,2904409,2904543,134,completed,-28
Greedy,214,3037662008,2904509,2904645,136,completed,-28
Greedy,215,3037662008,2904609,2904747,138,completed,-28
Greedy,216,3037662008,2904709,2904850,141,completed,-28
Greedy,217,3037662008,2904809,2904953,144,completed,-28
Greedy,218,3037662008,2905100,2905228,128,completed,-28
Greedy,220,3658959723,2905300,2905438,138,completed,-12
Greedy,221,3658959723,2905405,2905577,172,completed,-12
Greedy,219,3037662008,2905200,2905334,134,completed,-29
Greedy,222,3658959723,2905505,2905680,175,completed,-12
Greedy,223,3658959723,2905605,2905783,178,completed,-12
Greedy,224,3658959723,2905705,2905886,181,completed,-12
Greedy,225,3658959723,2905805,2905989,184,completed,-12
Greedy,226,3658959723,2905905,2906092,187,completed,-12
Greedy,227,3658959723,2906109,2906403,294,completed,-12
Greedy,228,3658959723,2906209,2906512,303,completed,-12
Greedy,229,3658959723,2906309,2906615,306,completed,-12
Greedy,230,3658959723,2906419,2906718,299,completed,-12
Greedy,231,3658959723,2906519,2906821,302,completed,-12
Greedy,232,3658959723,2906619,2906924,305,completed,-12
Greedy,233,3658959723,2906719,2907027,308,completed,-12
Greedy,234,3658959723,2906819,2907129,310,completed,-12
Greedy,235,3658959723,2907102,2907241,139,completed,-12
Greedy,236,3658959723,2907202,2907456,254,completed,-12
Greedy,237,3658959723,2907302,2907559,257,completed,-12
Greedy,238,3658959723,2907402,2907662,260,completed,-12
Greedy,239,3658959723,2907502,2907765,263,completed,-12
Greedy,240,3658959723,2907602,2907868,266,completed,-12
Greedy,241,3658959723,2907702,2907971,269,completed,-12
Greedy,242,3658959723,2907802,2908073,271,completed,-12
Greedy,243,3658959723,2907902,2908174,272,completed,-12
Greedy,244,3658959723,2908108,2908276,168,completed,-12
Greedy,245,3658959723,2908208,2908378,170,completed,-12
Greedy,246,3658959723,2908308,2908481,173,completed,-12
Greedy,247,3658959723,2908408,2908584,176,completed,-12
Greedy,248,3658959723,2908508,2908687,179,completed,-12
Greedy,249,3658959723,2908608,2908790,182,completed,-12
Greedy,250,3658959723,2908708,2908893,185,completed,-12
Greedy,251,3658959723,2908808,2908996,188,completed,-12
Greedy,252,3658959723,2908908,2909099,191,completed,-12
Greedy,253,3658959723,2909109,2909250,141,completed,-12
Greedy,254,3658959723,2909209,2909353,144,completed,-12
Greedy,255,3658959723,2909309,2909456,147,completed,-12
Greedy,256,3037662008,2909409,2909537,128,completed,-28
Greedy,257,3037662008,2909509,2909640,131,completed,-28
Greedy,258,3037662008,2909609,2909743,134,completed,-28
Greedy,259,3037662008,2909709,2909846,137,completed,-28
Greedy,260,3037662008,2909809,2909949,140,completed,-28
Greedy,261,3037662008,2909909,2910052,143,completed,-28
Greedy,262,3037662008,2910113,2910239,126,completed,-28
Greedy,263,3037662008,2910213,2910349,136,completed,-28
Greedy,264,3037662008,2910313,2910452,139,completed,-28
Greedy,265,3037662008,2910422,2910555,133,completed,-28
Greedy,266,3037662008,2910522,2910658,136,completed,-28
Greedy,267,3037662008,2910622,2910761,139,completed,-28
Greedy,268,3037662008,2910722,2910863,141,completed,-28
Greedy,269,3037662008,2910822,2910966,144,completed,-28
Greedy,270,3037662008,2911110,2911238,128,completed,-28
Greedy,271,3037662008,2911210,2911347,137,completed,-30
Greedy,272,3658959723,2911310,2911449,139,completed,-11
Greedy,273,3658959723,2911410,2911552,142,completed,-11
Greedy,274,3658959723,2911510,2911655,145,completed,-11
Greedy,275,3658959723,2911610,2911758,148,completed,-11
Greedy,276,3658959723,2911710,2911860,150,completed,-11
Greedy,277,3658959723,2911810,2911963,153,completed,-11
Greedy,278,3658959723,2911910,2912066,156,completed,-11
Greedy,279,3658959723,2912116,2912254,138,completed,-11
Greedy,280,3658959723,2912216,2912363,147,completed,-11
Greedy,281,3658959723,2912316,2912484,168,completed,-11
Greedy,282,3658959723,2912416,2912587,171,completed,-11
Greedy,283,3658959723,2912516,2912690,174,completed,-11
Greedy,284,3658959723,2912616,2912792,176,completed,-11
Greedy,285,3658959723,2912716,2912895,179,completed,-11
Greedy,286,3658959723,2912816,2912998,182,completed,-11
Greedy,287,3658959723,2912916,2913249,333,completed,-11
Greedy,288,3658959723,2913111,2913352,241,completed,-13
Greedy,290,3037662008,2913311,2913438,127,completed,-29
Greedy,289,3658959723,2913211,2913455,244,completed,-13
Greedy,291,3037662008,2913411,2913541,130,completed,-29
Greedy,292,3037662008,2913511,2913644,133,completed,-29
Greedy,293,3037662008,2913611,2913747,136,completed,-29
Greedy,294,3037662008,2913711,2913850,139,completed,-29
Greedy,295,3037662008,2913811,2913953,142,completed,-29
Greedy,296,3037662008,2913911,2914056,145,completed,-29
Greedy,297,3037662008,2914118,2914245,127,completed,-29
Greedy,298,3037662008,2914218,2914358,140,completed,-29
Greedy,299,3037662008,2914318,2914469,151,completed,-29
Greedy,300,3037662008,2914422,2914572,150,completed,-29
Greedy,301,3037662008,2914522,2914675,153,completed,-29
Greedy,302,3037662008,2914622,2914778,156,completed,-29
Greedy,303,3037662008,2914722,2914881,159,completed,-29
Greedy,304,3037662008,2914822,2914984,162,completed,-29
Greedy,305,3037662008,2915112,2915240,128,completed,-29
Greedy,306,3037662008,2915212,2915349,137,completed,-30
Greedy,307,3658959723,2915312,2915452,140,completed,-11
Greedy,308,3658959723,2915412,2915555,143,completed,-11
Greedy,309,3658959723,2915512,2915658,146,completed,-11
Greedy,310,3658959723,2915612,2915761,149,completed,-11
Greedy,311,3658959723,2915712,2915864,152,completed,-11
Greedy,312,3658959723,2915812,2915967,155,completed,-11
Greedy,313,3658959723,2915912,2916070,158,completed,-11
Greedy,314,3658959723,2916119,2916266,147,completed,-11
Greedy,315,3658959723,2916219,2916375,156,completed,-11
Greedy,316,3658959723,2916319,2916478,159,completed,-11
Greedy,317,3658959723,2916419,2916581,162,completed,-11
Greedy,318,3658959723,2916519,2916684,165,completed,-11
Greedy,319,3658959723,2916619,2916787,168,completed,-11
Greedy,320,3658959723,2916719,2916890,171,completed,-11
Greedy,321,3658959723,2916819,2916993,174,completed,-11
Greedy,322,3658959723,2916919,2917096,177,completed,-11
Greedy,323,3658959723,2917122,2917263,141,completed,-11
Greedy,324,3658959723,2919326,2919659,333,completed,-13
Greedy,325,3658959723,2919532,2919768,236,completed,-13
Greedy,326,3658959723,2919636,2919871,235,completed,-13
Greedy,327,3658959723,2919736,2919975,239,completed,-13
Greedy,328,3658959723,2919836,2920077,241,completed,-13
Greedy,329,3658959723,2919936,2920180,244,completed,-13
Greedy,330,3658959723,2920036,2920282,246,completed,-13
Greedy,331,3658959723,2920136,2920385,249,completed,-13
Greedy,332,3658959723,2920236,2920488,252,completed,-13
Greedy,333,3658959723,2920535,2920674,139,completed,-13
Greedy,334,3658959723,2920635,2920782,147,completed,-13
Greedy,335,3658959723,2920735,2920885,150,completed,-13
Greedy,336,3658959723,2920835,2920988,153,completed,-13
Greedy,337,3658959723,2920935,2921091,156,completed,-13
Greedy,338,3658959723,2921035,2921194,159,completed,-13
Greedy,339,3658959723,2921135,2921297,162,completed,-12
Greedy,341,3037662008,2921536,2921732,196,completed,-28
Greedy,340,3658959723,2921235,2921399,164,completed,-12
Greedy,342,3037662008,2921636,2921835,199,completed,-28
Greedy,343,3037662008,2921736,2921938,202,completed,-28
Greedy,344,3037662008,2921836,2922041,205,completed,-28
Greedy,345,3037662008,2921936,2922144,208,completed,-28
Greedy,346,3037662008,2922036,2922247,211,completed,-28
Greedy,347,3037662008,2922136,2922350,214,completed,-28
Greedy,348,3037662008,2922236,2922453,217,completed,-28
Greedy,349,3037662008,2922536,2922665,129,completed,-28
Greedy,350,3037662008,2922636,2922768,132,completed,-28
Greedy,351,3037662008,2922736,2922870,134,completed,-28
Greedy,352,3037662008,2922836,2922973,137,completed,-28
Greedy,353,3037662008,2922936,2923076,140,completed,-28
Greedy,354,3037662008,2923036,2923179,143,completed,-28
Greedy,355,3037662008,2923136,2923282,146,completed,-29
Greedy,356,3037662008,2923236,2923385,149,completed,-29
Greedy,357,3658959723,2923537,2923675,138,completed,-11
Greedy,358,3658959723,2923637,2923784,147,completed,-11
Greedy,359,3658959723,2923737,2923887,150,completed,-11
Greedy,360,3658959723,2923837,2923990,153,completed,-11
Greedy,361,3658959723,2923937,2924093,156,completed,-11
Greedy,362,3658959723,2924037,2924196,159,completed,-11
Greedy,363,3658959723,2924137,2924299,162,completed,-11
Greedy,364,3658959723,2924237,2924402,165,completed,-11
Greedy,365,3658959723,2924537,2924679,142,completed,-11
Greedy,366,3658959723,2924640,2924782,142,completed,-11
Greedy,367,3658959723,2924740,2924884,144,completed,-11
Greedy,368,3658959723,2924840,2924987,147,completed,-11
Greedy,369,3658959723,2924940,2925090,150,completed,-11
Greedy,370,3658959723,2925040,2925199,159,completed,-11
Greedy,371,3658959723,2925140,2925302,162,completed,-12
Greedy,372,3658959723,2925242,2925405,163,completed,-12
Greedy,373,3037662008,2925539,2925666,127,completed,-27
Greedy,374,3037662008,2925639,2925775,136,completed,-27
Greedy,375,3037662008,2925739,2925878,139,completed,-27
Greedy,376,3037662008,2925839,2925981,142,completed,-27
Greedy,377,3037662008,2925939,2926084,145,completed,-27
Greedy,378,3037662008,2926039,2926187,148,completed,-27
Greedy,379,3037662008,2926139,2926290,151,completed,-27
Greedy,380,3037662008,2926239,2926393,154,completed,-27
Greedy,381,3037662008,2926540,2926684,144,completed,-27
Greedy,382,3037662008,2926640,2926787,147,completed,-27
Greedy,383,3037662008,2926740,2926890,150,completed,-27
Greedy,384,3037662008,2926840,2926993,153,completed,-27
Greedy,385,3037662008,2926940,2927096,156,completed,-27
Greedy,386,3037662008,2927040,2927199,159,completed,-27
Greedy,387,3037662008,2927140,2927302,162,completed,-30
Greedy,388,3037662008,2927240,2927404,164,completed,-30
Greedy,389,3658959723,2927542,2929381,1839,completed,-11
Greedy,390,3658959723,2927642,2929670,2028,completed,-11
Greedy,391,3658959723,2927742,2929773,2031,completed,-11
Greedy,392,3658959723,2927842,2929876,2034,completed,-11
Greedy,393,3658959723,2927942,2929979,2037,completed,-11
Greedy,394,3658959723,2928042,2930082,2040,completed,-11
Greedy,395,3658959723,2928142,2930185,2043,completed,-11
Greedy,396,3658959723,2928242,2930288,2046,completed,-11
Greedy,397,3658959723,2928532,2930391,1859,completed,-11
Greedy,398,3658959723,2928632,2930494,1862,completed,-11
Greedy,399,3658959723,2928732,2930596,1864,completed,-11
Greedy,400,3658959723,2928832,2930699,1867,completed,-11
Greedy,401,3658959723,2928932,2930802,1870,completed,-11
Greedy,402,3658959723,2929032,2930905,1873,completed,-11
Greedy,403,3658959723,2929132,2931008,1876,completed,-11
Greedy,404,3658959723,2929232,2931111,1879,completed,-11
Greedy,405,3658959723,2929332,2931214,1882,completed,-11
Greedy,406,3658959723,2929545,2931317,1772,completed,-10
Greedy,407,3658959723,2929645,2931419,1774,completed,-10
Greedy,421,3037662008,2931249,2931376,127,completed,-29
Greedy,408,3658959723,2929745,2931522,1777,completed,-10
Greedy,409,3658959723,2929845,2931624,1779,completed,-10
Greedy,422,3037662008,2931551,2931688,137,completed,-29
Greedy,410,3658959723,2929945,2931727,1782,completed,-10
Greedy,423,3037662008,2931651,2931791,140,completed,-29
Greedy,411,3658959723,2930045,2931830,1785,completed,-10
Greedy,424,3037662008,2931751,2931894,143,completed,-29
Greedy,425,3037662008,2931851,2931997,146,completed,-29
Greedy,426,3037662008,2931951,2932099,148,completed,-29
Greedy,412,3658959723,2930145,2931932,1787,completed,-10
Greedy,413,3658959723,2930245,2932034,1789,completed,-10
Greedy,427,3037662008,2932051,2932202,151,completed,-29
Greedy,428,3037662008,2932151,2932305,154,completed,-29
Greedy,414,3658959723,2930548,2932135,1587,completed,-10
Greedy,429,3037662008,2932251,2932408,157,completed,-29
Greedy,430,3037662008,2932544,2932678,134,completed,-29
Greedy,431,3037662008,2932644,2932781,137,completed,-29
Greedy,415,3658959723,2930648,2932236,1588,completed,-10
Greedy,432,3037662008,2932744,2932884,140,completed,-29
Greedy,433,3037662008,2932844,2932987,143,completed,-29
Greedy,416,3658959723,2930748,2932338,1590,completed,-10
Greedy,434,3037662008,2932944,2933090,146,completed,-29
Greedy,435,3037662008,2933044,2933193,149,completed,-29
Greedy,417,3658959723,2930848,2932439,1591,completed,-10
Greedy,418,3658959723,2930948,2932540,1592,completed,-10
Greedy,436,3037662008,2933144,2933296,152,completed,-29
Greedy,419,3658959723,2931048,2932641,1593,completed,-10
Greedy,420,3658959723,2931148,2932743,1595,completed,-10
Greedy,437,3658959723,2933245,2933385,140,completed,-12
Greedy,438,3658959723,2933345,2933679,334,completed,-12
Greedy,439,3658959723,2933553,2933782,229,completed,-12
Greedy,440,3658959723,2933654,2933885,231,completed,-12
Greedy,441,3658959723,2933757,2933988,231,completed,-12
Greedy,442,3658959723,2933860,2934091,231,completed,-12
Greedy,443,3658959723,2933960,2934194,234,completed,-12
Greedy,444,3658959723,2934060,2934300,240,completed,-12
Greedy,445,3658959723,2934160,2934403,243,completed,-12
Greedy,446,3658959723,2934260,2934505,245,completed,-12
Greedy,447,3658959723,2934550,2934690,140,completed,-12
Greedy,448,3658959723,2936776,2937115,339,completed,-12
Greedy,449,3658959723,2936983,2937252,269,completed,-12
Greedy,450,3658959723,2937083,2937361,278,completed,-12
Greedy,452,3037662008,2937284,2937410,126,completed,-29
Greedy,451,3658959723,2937183,2937464,281,completed,-12
Greedy,453,3037662008,2937384,2937513,129,completed,-29
Greedy,454,3037662008,2937484,2937616,132,completed,-29
Greedy,455,3037662008,2937584,2937719,135,completed,-29
Greedy,456,3037662008,2937684,2937822,138,completed,-29
Greedy,457,3037662008,2937977,2938106,129,completed,-29
Greedy,458,3037662008,2938077,2938209,132,completed,-29
Greedy,459,3037662008,2938177,2938312,135,completed,-29
Greedy,460,3037662008,2938277,2938415,138,completed,-29
Greedy,461,3037662008,2938377,2938518,141,completed,-29
Greedy,462,3037662008,2938477,2938621,144,completed,-29
Greedy,463,3037662008,2938577,2938724,147,completed,-29
Greedy,464,3037662008,2938677,2938827,150,completed,-29
Greedy,465,3037662008,2938777,2938930,153,completed,-29
Greedy,466,3037662008,2938980,2939112,132,completed,-29
Greedy,467,3037662008,2939080,2939221,141,completed,-29
Greedy,469,3658959723,2939280,2939418,138,completed,-11
Greedy,470,3658959723,2939380,2939528,148,completed,-11
Greedy,468,3037662008,2939180,2939324,144,completed,-28
Greedy,471,3658959723,2939480,2939631,151,completed,-11
Greedy,472,3658959723,2939580,2939734,154,completed,-11
Greedy,473,3658959723,2939680,2939837,157,completed,-11
Greedy,474,3658959723,2939780,2940113,333,completed,-11
Greedy,475,3658959723,2939975,2940304,329,completed,-11
Greedy,476,3658959723,2940075,2940407,332,completed,-11
Greedy,477,3658959723,2940175,2940510,335,completed,-11
Greedy,478,3658959723,2940275,2940614,339,completed,-11
Greedy,479,3658959723,2940375,2940716,341,completed,-11
Greedy,480,3658959723,2940475,2940819,344,completed,-11
Greedy,481,3658959723,2940575,2940922,347,completed,-11
Greedy,482,3658959723,2940675,2941024,349,completed,-11
Greedy,483,3658959723,2940775,2941126,351,completed,-11
Greedy,484,3658959723,2940983,2941229,246,completed,-11
Greedy,485,3658959723,2941083,2941332,249,completed,-12
Greedy,487,3037662008,2941283,2941409,126,completed,-28
Greedy,488,3037662008,2941383,2941518,135,completed,-28
Greedy,486,3658959723,2941183,2941435,252,completed,-12
Greedy,489,3037662008,2941483,2941621,138,completed,-28
Greedy,490,3037662008,2941583,2941724,141,completed,-28
Greedy,491,3037662008,2941683,2941827,144,completed,-28
Greedy,492,3037662008,2941783,2942104,321,completed,-28
Greedy,493,3037662008,2941978,2942308,330,completed,-28
Greedy,494,3037662008,2942078,2942411,333,completed,-28
Greedy,495,3037662008,2942178,2942514,336,completed,-28
Greedy,496,3037662008,2942278,2942617,339,completed,-28
Greedy,497,3037662008,2942378,2942720,342,completed,-28
Greedy,498,3037662008,2942478,2942823,345,completed,-28
Greedy,499,3037662008,2942578,2942926,348,completed,-28
Greedy,500,3037662008,2942678,2943028,350,completed,-28
Greedy,501,3037662008,2942778,2943131,353,completed,-28
Greedy,502,3037662008,2942985,2943234,249,completed,-28
Greedy,503,3037662008,2943085,2943337,252,completed,-31
Greedy,505,3658959723,2943285,2943423,138,completed,-11
Greedy,506,3658959723,2943385,2943533,148,completed,-11
Greedy,504,3037662008,2943185,2943440,255,completed,-31
Greedy,507,3658959723,2943485,2943636,151,completed,-11
Greedy,508,3658959723,2943585,2943739,154,completed,-11
Greedy,509,3658959723,2943685,2943842,157,completed,-11
Greedy,510,3658959723,2943785,2944118,333,completed,-11
Greedy,511,3658959723,2943980,2944221,241,completed,-11
Greedy,512,3658959723,2944080,2944324,244,completed,-11
Greedy,513,3658959723,2944180,2944427,247,completed,-11
Greedy,514,3658959723,2944280,2944530,250,completed,-11
Greedy,515,3658959723,2944380,2944633,253,completed,-11
Greedy,516,3658959723,2944480,2944736,256,completed,-11
Greedy,517,3658959723,2944580,2944839,259,completed,-11
Greedy,518,3658959723,2944680,2944942,262,completed,-11
Greedy,519,3658959723,2944780,2945048,268,completed,-11
Greedy,520,3658959723,2944987,2945151,164,completed,-11
Greedy,521,3658959723,2945087,2945254,167,completed,-11
Greedy,522,3658959723,2945187,2945357,170,completed,-12
Greedy,524,3037662008,2945387,2945513,126,completed,-29
Greedy,523,3658959723,2945287,2945459,172,completed,-12
Greedy,525,3037662008,2945487,2945622,135,completed,-29
Greedy,526,3037662008,2945587,2945725,138,completed,-29
Greedy,527,3037662008,2945687,2945828,141,completed,-29
Greedy,528,3037662008,2945787,2946109,322,completed,-29
Greedy,529,3037662008,2945983,2946212,229,completed,-29
Greedy,530,3037662008,2946083,2946315,232,completed,-29
Greedy,531,3037662008,2946183,2946418,235,completed,-29
Greedy,532,3037662008,2946283,2946521,238,completed,-29
Greedy,533,3037662008,2946383,2946624,241,completed,-29
Greedy,534,3037662008,2946483,2946727,244,completed,-29
Greedy,535,3037662008,2946583,2946830,247,completed,-29
Greedy,536,3037662008,2946683,2946933,250,completed,-29
Greedy,537,3037662008,2946783,2947034,251,completed,-29
Greedy,538,3037662008,2946987,2947137,150,completed,-29
Greedy,539,3037662008,2947087,2947240,153,completed,-29
Greedy,540,3037662008,2947187,2947343,156,completed,-29
Greedy,541,3658959723,2947287,2947426,139,completed,-11
Greedy,542,3658959723,2947387,2947529,142,completed,-11
Greedy,543,3658959723,2947487,2947631,144,completed,-11
Greedy,544,3658959723,2947587,2947733,146,completed,-11
Greedy,545,3658959723,2947687,2947836,149,completed,-11
Greedy,546,3658959723,2947787,2947939,152,completed,-11
Greedy,547,3658959723,2947990,2948128,138,completed,-11
Greedy,548,3658959723,2948090,2948237,147,completed,-11
Greedy,549,3658959723,2948190,2948340,150,completed,-11
Greedy,550,3658959723,2948290,2948443,153,completed,-11
Greedy,551,3658959723,2948390,2948546,156,completed,-11
Greedy,552,3658959723,2948490,2948649,159,completed,-11
Greedy,553,3658959723,2948590,2948752,162,completed,-11
Greedy,554,3658959723,2948690,2948855,165,completed,-11
Greedy,555,3658959723,2948790,2949123,333,completed,-11
Greedy,556,3658959723,2948991,2949226,235,completed,-11
Greedy,557,3658959723,2949091,2949329,238,completed,-13
Greedy,559,3037662008,2949291,2949418,127,completed,-28
Greedy,560,3037662008,2949391,2949521,130,completed,-28
Greedy,558,3658959723,2949191,2949432,241,completed,-13
Greedy,561,3037662008,2949491,2949624,133,completed,-28
Greedy,562,3037662008,2949591,2949727,136,completed,-28
Greedy,563,3037662008,2949691,2949830,139,completed,-28
Greedy,564,3037662008,2949791,2950114,323,completed,-28
Greedy,565,3037662008,2949987,2950217,230,completed,-28
Greedy,566,3037662008,2950087,2950320,233,completed,-28
Greedy,567,3037662008,2950187,2950423,236,completed,-28
Greedy,568,3037662008,2950287,2950526,239,completed,-28
Greedy,569,3037662008,2950387,2950629,242,completed,-28
Greedy,570,3037662008,2950487,2950732,245,completed,-28
Greedy,571,3037662008,2950587,2950835,248,completed,-28
Greedy,572,3037662008,2950687,2950938,251,completed,-28
Greedy,573,3037662008,2950789,2951113,324,completed,-28
Greedy,574,3037662008,2950994,2951216,222,completed,-28
Greedy,575,3037662008,2951094,2951319,225,completed,-28
Greedy,577,3658959723,2951294,2951434,140,completed,-11
Greedy,578,3658959723,2951394,2951537,143,completed,-11
Greedy,576,3037662008,2951194,2951422,228,completed,-28
Greedy,579,3658959723,2951494,2951640,146,completed,-11
Greedy,580,3658959723,2951594,2951743,149,completed,-11
Greedy,581,3658959723,2951694,2951846,152,completed,-11
Greedy,582,3658959723,2951794,2952129,335,completed,-11
Greedy,583,3658959723,2951997,2952232,235,completed,-11
Greedy,584,3658959723,2954201,2954574,373,completed,-12
Greedy,585,3658959723,2954402,2954953,551,completed,-12
Greedy,586,3658959723,2954502,2955056,554,completed,-12
Greedy,587,3658959723,2954602,2955159,557,completed,-12
Greedy,588,3658959723,2954702,2955262,560,completed,-12
Greedy,589,3658959723,2954802,2955365,563,completed,-12
Greedy,590,3658959723,2954902,2955466,564,completed,-12
Greedy,595,3037662008,2955507,2955634,127,completed,-28
Greedy,591,3658959723,2955002,2955569,567,completed,-12
Greedy,596,3037662008,2955607,2955737,130,completed,-28
Greedy,597,3037662008,2955707,2955840,133,completed,-28
Greedy,598,3037662008,2955807,2955943,136,completed,-28
Greedy,592,3658959723,2955102,2955671,569,completed,-12
Greedy,599,3037662008,2955907,2956046,139,completed,-28
Greedy,600,3037662008,2956007,2956149,142,completed,-28
Greedy,593,3658959723,2955202,2955772,570,completed,-12
Greedy,601,3037662008,2956107,2956252,145,completed,-28
Greedy,602,3037662008,2956207,2956544,337,completed,-28
Greedy,603,3037662008,2956420,2956654,234,completed,-28
Greedy,594,3658959723,2955407,2955874,467,completed,-12
Greedy,604,3037662008,2956520,2956757,237,completed,-28
Greedy,605,3037662008,2956620,2956860,240,completed,-28
Greedy,606,3037662008,2956720,2956963,243,completed,-28
Greedy,607,3037662008,2956820,2957066,246,completed,-28
Greedy,608,3037662008,2956920,2957169,249,completed,-28
Greedy,609,3037662008,2957020,2957273,253,completed,-31
Greedy,610,3037662008,2957120,2957375,255,completed,-31
Greedy,611,3658959723,2957414,2957556,142,completed,-12
Greedy,612,3658959723,2957514,2957659,145,completed,-12
Greedy,613,3658959723,2957614,2957762,148,completed,-12
Greedy,614,3658959723,2957714,2957865,151,completed,-12
Greedy,615,3658959723,2957814,2957968,154,completed,-12
Greedy,616,3658959723,2957914,2958071,157,completed,-12
Greedy,617,3658959723,2958014,2958174,160,completed,-12
Greedy,618,3658959723,2958114,2958277,163,completed,-12
Greedy,619,3658959723,2958417,2958557,140,completed,-12
Greedy,620,3658959723,2958517,2958667,150,completed,-12
Greedy,621,3658959723,2958617,2958770,153,completed,-12
Greedy,622,3658959723,2958717,2958873,156,completed,-12
Greedy,623,3658959723,2958817,2958976,159,completed,-12
Greedy,624,3658959723,2958917,2959079,162,completed,-12
Greedy,625,3658959723,2959017,2959182,165,completed,-12
Greedy,626,3658959723,2959117,2959285,168,completed,-12
Greedy,627,3658959723,2959409,2959549,140,completed,-12
Greedy,628,3658959723,2959509,2959652,143,completed,-12
Greedy,629,3658959723,2959609,2959754,145,completed,-12
Greedy,630,3658959723,2959709,2959856,147,completed,-12
Greedy,631,3658959723,2959809,2959959,150,completed,-12
Greedy,632,3658959723,2959909,2960062,153,completed,-12
Greedy,633,3658959723,2960009,2960165,156,completed,-12
Greedy,634,3658959723,2960109,2960268,159,completed,-12
Greedy,635,3658959723,2960209,2960371,162,completed,-12
Greedy,636,3658959723,2960417,2960576,159,completed,-12
Greedy,637,3658959723,2960517,2960678,161,completed,-12
Greedy,638,3658959723,2960617,2960781,164,completed,-12
Greedy,639,3658959723,2960717,2960884,167,completed,-12
Greedy,640,3658959723,2960817,2960987,170,completed,-12
Greedy,641,3658959723,2960917,2961090,173,completed,-12
Greedy,642,3658959723,2961017,2961193,176,completed,-12
Greedy,643,3658959723,2961117,2961296,179,completed,-12
Greedy,644,3037662008,2961422,2961558,136,completed,-27
Greedy,645,3037662008,2961522,2961668,146,completed,-27
Greedy,646,3037662008,2961622,2961771,149,completed,-27
Greedy,647,3037662008,2961722,2961874,152,completed,-27
Greedy,648,3037662008,2961822,2961977,155,completed,-27
Greedy,649,3037662008,2961922,2962080,158,completed,-27
Greedy,650,3037662008,2962022,2962183,161,completed,-27
Greedy,651,3037662008,2962122,2962286,164,completed,-27
Greedy,652,3037662008,2962418,2962560,142,completed,-27
Greedy,653,3037662008,2962518,2962669,151,completed,-27
Greedy,654,3037662008,2962618,2962778,160,completed,-27
Greedy,655,3037662008,2962718,2962881,163,completed,-27
Greedy,656,3037662008,2962818,2962984,166,completed,-27
Greedy,657,3037662008,2962918,2963087,169,completed,-27
Greedy,658,3037662008,2963018,2963190,172,completed,-27
Greedy,659,3037662008,2963118,2963293,175,completed,-29
Greedy,660,3658959723,2963421,2963562,141,completed,-11
Greedy,661,3658959723,2963521,2963678,157,completed,-11
Greedy,662,3658959723,2963621,2963781,160,completed,-11
Greedy,663,3658959723,2963721,2963884,163,completed,-11
Greedy,664,3658959723,2963821,2963987,166,completed,-11
Greedy,665,3658959723,2963921,2964090,169,completed,-11
Greedy,666,3658959723,2964021,2964193,172,completed,-11
Greedy,667,3658959723,2964121,2964296,175,completed,-11
Greedy,668,3658959723,2964424,2964565,141,completed,-11
Greedy,669,3658959723,2964524,2964668,144,completed,-11
Greedy,670,3658959723,2964624,2964771,147,completed,-11
Greedy,671,3658959723,2964724,2964874,150,completed,-11
Greedy,672,3658959723,2964824,2964977,153,completed,-11
Greedy,673,3658959723,2964924,2965080,156,completed,-11
Greedy,674,3658959723,2965024,2965183,159,completed,-11
Greedy,675,3658959723,2965124,2965286,162,completed,-11
Greedy,676,3658959723,2965423,2965567,144,completed,-13
Greedy,677,3658959723,2965523,2965670,147,completed,-13
Greedy,678,3658959723,2965623,2965773,150,completed,-13
Greedy,679,3658959723,2965723,2965876,153,completed,-13
Greedy,680,3658959723,2965823,2965979,156,completed,-13
Greedy,681,3658959723,2965923,2966082,159,completed,-13
Greedy,682,3658959723,2966023,2966185,162,completed,-13
Greedy,683,3658959723,2966123,2966288,165,completed,-13
Greedy,684,3658959723,2966425,2966564,139,completed,-13
Greedy,685,3658959723,2966525,2966680,155,completed,-13
Greedy,686,3658959723,2966625,2966783,158,completed,-13
Greedy,687,3658959723,2966725,2966886,161,completed,-13
Greedy,688,3658959723,2966825,2966989,164,completed,-13
Greedy,689,3658959723,2966925,2967092,167,completed,-13
Greedy,690,3658959723,2967025,2967195,170,completed,-13
Greedy,691,3658959723,2967125,2967297,172,completed,-11
Greedy,692,3037662008,2967426,2967563,137,completed,-28
Greedy,693,3037662008,2967526,2967700,174,completed,-28
Greedy,694,3037662008,2967626,2967803,177,completed,-28
Greedy,695,3037662008,2967726,2967906,180,completed,-28
Greedy,696,3037662008,2967826,2968009,183,completed,-28
Greedy,697,3037662008,2967926,2968112,186,completed,-28
Greedy,698,3037662008,2968026,2968215,189,completed,-28
Greedy,699,3037662008,2968126,2968318,192,completed,-28
Greedy,700,3037662008,2968425,2968553,128,completed,-28
Greedy,701,3037662008,2968525,2968662,137,completed,-28
Greedy,702,3037662008,2968625,2968771,146,completed,-28
Greedy,703,3037662008,2968725,2968874,149,completed,-28
Greedy,704,3037662008,2968825,2968977,152,completed,-28
Greedy,705,3037662008,2968925,2969080,155,completed,-28
Greedy,706,3037662008,2969025,2969183,158,completed,-28
Greedy,707,3037662008,2969125,2969286,161,completed,-30
Greedy,708,3658959723,2969419,2969582,163,completed,-12
Greedy,716,3037662008,2972421,2972549,128,completed,-31
Greedy,709,3658959723,2971623,2971955,332,completed,-12
Greedy,710,3658959723,2971821,2972349,528,completed,-12
Greedy,711,3658959723,2971921,2972625,704,completed,-12
Greedy,712,3658959723,2972021,2972727,706,completed,-12
Greedy,717,3037662008,2972521,2972651,130,completed,-31
Greedy,718,3037662008,2972621,2972946,325,completed,-31
Greedy,719,3037662008,2972823,2973154,331,completed,-31
Greedy,720,3037662008,2972923,2973428,505,completed,-32
Greedy,713,3658959723,2972121,2972958,837,completed,-12
Greedy,721,3037662008,2973023,2973705,682,completed,-32
Greedy,714,3658959723,2972221,2973149,928,completed,-12
Greedy,715,3658959723,2972321,2973401,1080,completed,-12
Greedy,728,3658959723,2973824,2973964,140,completed,-12
Greedy,722,3037662008,2973123,2973807,684,completed,-32
Greedy,729,3658959723,2973924,2974067,143,completed,-12
Greedy,730,3658959723,2974024,2974169,145,completed,-12
Greedy,731,3658959723,2974126,2974270,144,completed,-12
Greedy,732,3658959723,2974226,2974372,146,completed,-12
Greedy,723,3037662008,2973223,2973980,757,completed,-32
Greedy,733,3658959723,2974326,2974473,147,completed,-12
Greedy,734,3658959723,2974426,2974575,149,completed,-12
Greedy,735,3658959723,2974526,2974697,171,completed,-12
Greedy,736,3658959723,2974626,2974799,173,completed,-12
Greedy,737,3658959723,2974831,2974974,143,completed,-12
Greedy,724,3037662008,2973323,2974223,900,completed,-32
Greedy,725,3037662008,2973423,2974325,902,completed,-32
Greedy,738,3658959723,2974931,2975075,144,completed,-12
Greedy,739,3658959723,2975031,2975177,146,completed,-12
Greedy,740,3658959723,2975131,2975279,148,completed,-12
Greedy,726,3037662008,2973523,2974427,904,completed,-32
Greedy,727,3037662008,2973623,2974529,906,completed,-32
Greedy,743,3037662008,2975431,2975560,129,completed,-28
Greedy,741,3658959723,2975231,2975381,150,completed,-13
Greedy,742,3658959723,2975331,2975483,152,completed,-13
Greedy,744,3037662008,2975531,2975661,130,completed,-28
Greedy,745,3037662008,2975829,2975961,132,completed,-28
Greedy,746,3037662008,2975929,2976064,135,completed,-28
Greedy,747,3037662008,2976029,2976167,138,completed,-28
Greedy,748,3037662008,2976129,2976270,141,completed,-28
Greedy,749,3037662008,2976229,2976373,144,completed,-28
Greedy,750,3037662008,2976329,2976476,147,completed,-28
Greedy,751,3037662008,2976429,2976579,150,completed,-28
Greedy,752,3037662008,2976529,2976682,153,completed,-28
Greedy,753,3037662008,2976629,2976951,322,completed,-28
Greedy,754,3037662008,2976824,2977054,230,completed,-28
Greedy,755,3037662008,2976924,2977157,233,completed,-28
Greedy,756,3037662008,2977024,2977260,236,completed,-28
Greedy,759,3658959723,2977324,2977463,139,completed,-12
Greedy,760,3658959723,2977424,2977565,141,completed,-12
Greedy,761,3658959723,2977524,2977668,144,completed,-12
Greedy,757,3037662008,2977124,2977363,239,completed,-32
Greedy,758,3037662008,2977224,2977464,240,completed,-32
Greedy,762,3658959723,2977624,2977771,147,completed,-12
Greedy,763,3658959723,2977834,2977989,155,completed,-12
Greedy,764,3658959723,2977934,2978091,157,completed,-12
Greedy,765,3658959723,2978034,2978194,160,completed,-12
Greedy,766,3658959723,2978134,2978297,163,completed,-12
Greedy,767,3658959723,2978234,2978399,165,completed,-12
Greedy,768,3658959723,2978334,2978502,168,completed,-12
Greedy,769,3658959723,2978440,2978605,165,completed,-12
Greedy,770,3658959723,2978540,2978707,167,completed,-12
Greedy,771,3658959723,2978829,2978970,141,completed,-12
Greedy,772,3658959723,2978929,2979073,144,completed,-12
Greedy,773,3658959723,2979029,2979176,147,completed,-12
Greedy,774,3658959723,2979129,2979279,150,completed,-12
Greedy,775,3658959723,2979229,2979381,152,completed,-13
Greedy,776,3037662008,2979329,2979457,128,completed,-28
Greedy,777,3037662008,2979429,2979560,131,completed,-28
Greedy,778,3037662008,2979529,2979663,134,completed,-28
Greedy,779,3037662008,2979629,2979766,137,completed,-28
Greedy,780,3037662008,2979834,2979962,128,completed,-28
Greedy,781,3037662008,2979934,2980065,131,completed,-28
Greedy,782,3037662008,2980034,2980168,134,completed,-28
Greedy,783,3037662008,2980134,2980270,136,completed,-28
Greedy,784,3037662008,2980234,2980373,139,completed,-28
Greedy,785,3037662008,2980334,2980476,142,completed,-28
Greedy,786,3037662008,2980434,2980579,145,completed,-28
Greedy,787,3037662008,2980534,2980682,148,completed,-28
Greedy,788,3037662008,2980634,2980954,320,completed,-28
Greedy,789,3037662008,2980834,2981063,229,completed,-28
Greedy,790,3037662008,2980934,2981166,232,completed,-28
Greedy,791,3037662008,2981034,2981269,235,completed,-28
Greedy,794,3658959723,2981334,2981474,140,completed,-11
Greedy,795,3658959723,2981434,2981576,142,completed,-11
Greedy,792,3037662008,2981134,2981372,238,completed,-34
Greedy,796,3658959723,2981534,2981679,145,completed,-11
Greedy,793,3037662008,2981234,2981473,239,completed,-34
Greedy,797,3658959723,2981635,2981976,341,completed,-11
Greedy,798,3658959723,2981847,2982079,232,completed,-11
Greedy,799,3658959723,2981947,2982182,235,completed,-11
Greedy,800,3658959723,2982047,2982285,238,completed,-11
Greedy,801,3658959723,2982147,2982388,241,completed,-11
Greedy,802,3658959723,2982247,2982490,243,completed,-11
Greedy,803,3658959723,2982347,2982592,245,completed,-11
Greedy,804,3658959723,2982447,2982695,248,completed,-11
Greedy,805,3658959723,2982547,2982798,251,completed,-11
Greedy,806,3658959723,2982840,2982982,142,completed,-11
Greedy,807,3658959723,2982940,2983085,145,completed,-11
Greedy,808,3658959723,2983040,2983188,148,completed,-11
Greedy,809,3658959723,2983140,2983291,151,completed,-11
Greedy,810,3658959723,2983240,2983394,154,completed,-13
Greedy,811,3658959723,2983340,2983497,157,completed,-13
Greedy,812,3037662008,2983440,2983568,128,completed,-30
Greedy,813,3037662008,2983540,2983670,130,completed,-30
Greedy,814,3037662008,2983640,2983964,324,completed,-30
Greedy,815,3037662008,2983843,2984070,227,completed,-30
Greedy,816,3037662008,2983943,2984173,230,completed,-30
Greedy,817,3037662008,2984043,2984276,233,completed,-30
Greedy,818,3037662008,2984143,2984378,235,completed,-30
Greedy,819,3037662008,2984243,2984490,247,completed,-30
Greedy,820,3037662008,2984343,2984593,250,completed,-30
Greedy,821,3037662008,2984443,2984696,253,completed,-30
Greedy,822,3037662008,2984543,2984799,256,completed,-30
Greedy,823,3037662008,2984643,2984901,258,completed,-30
Greedy,824,3037662008,2984843,2985002,159,completed,-30
Greedy,825,3037662008,2984943,2985105,162,completed,-30
Greedy,826,3037662008,2985043,2985208,165,completed,-30
Greedy,827,3037662008,2985143,2985311,168,completed,-31
Greedy,829,3658959723,2985343,2985481,138,completed,-11
Greedy,830,3658959723,2985443,2985593,150,completed,-11
Greedy,828,3037662008,2985243,2985412,169,completed,-31
Greedy,831,3658959723,2985543,2985696,153,completed,-11
Greedy,832,3658959723,2985644,2985978,334,completed,-11
Greedy,833,3658959723,2985846,2986081,235,completed,-11
Greedy,834,3658959723,2985946,2986184,238,completed,-11
Greedy,835,3658959723,2986046,2986287,241,completed,-11
Greedy,836,3658959723,2986146,2986390,244,completed,-11
Greedy,837,3658959723,2986246,2986493,247,completed,-11
Greedy,838,3658959723,2986346,2986596,250,completed,-11
Greedy,839,3658959723,2986446,2986699,253,completed,-11
Greedy,840,3658959723,2986546,2986802,256,completed,-11
Greedy,841,3658959723,2986646,2986981,335,completed,-11
Greedy,842,3658959723,2986850,2987084,234,completed,-11
Greedy,843,3658959723,2989059,2989391,332,completed,-12
Greedy,844,3658959723,2989261,2989493,232,completed,-12
Greedy,845,3037662008,2989361,2989498,137,completed,-29
Greedy,846,3037662008,2989461,2989601,140,completed,-29
Greedy,847,3037662008,2989561,2989704,143,completed,-29
Greedy,848,3037662008,2989661,2989807,146,completed,-29
Greedy,849,3037662008,2989761,2989910,149,completed,-29
Greedy,850,3037662008,2989861,2990013,152,completed,-29
Greedy,851,3037662008,2989961,2990116,155,completed,-29
Greedy,852,3037662008,2990061,2990381,320,completed,-29
Greedy,853,3037662008,2990261,2990491,230,completed,-29
Greedy,854,3037662008,2990361,2990594,233,completed,-29
Greedy,855,3037662008,2990461,2990697,236,completed,-29
Greedy,856,3037662008,2990561,2990800,239,completed,-29
Greedy,857,3037662008,2990661,2990903,242,completed,-29
Greedy,858,3037662008,2990761,2991009,248,completed,-29
Greedy,859,3037662008,2990861,2991115,254,completed,-29
Greedy,860,3037662008,2990961,2991218,257,completed,-29
Greedy,861,3037662008,2991061,2991319,258,completed,-29
Greedy,863,3658959723,2991365,2991504,139,completed,-11
Greedy,862,3037662008,2991265,2991422,157,completed,-29
Greedy,864,3658959723,2991465,2991607,142,completed,-11
Greedy,865,3658959723,2991565,2991709,144,completed,-11
Greedy,866,3658959723,2991665,2991812,147,completed,-11
Greedy,867,3658959723,2991765,2991915,150,completed,-11
Greedy,868,3658959723,2991865,2992018,153,completed,-11
Greedy,869,3658959723,2991965,2992121,156,completed,-11
Greedy,870,3658959723,2992065,2992397,332,completed,-11
Greedy,871,3658959723,2992265,2992506,241,completed,-11
Greedy,872,3658959723,2992365,2992615,250,completed,-11
Greedy,873,3658959723,2992465,2992718,253,completed,-11
Greedy,874,3658959723,2992565,2992821,256,completed,-11
Greedy,875,3658959723,2992665,2992924,259,completed,-11
Greedy,876,3658959723,2992765,2993027,262,completed,-11
Greedy,877,3658959723,2992865,2993130,265,completed,-11
Greedy,878,3658959723,2992965,2993233,268,completed,-11
Greedy,881,3037662008,2993369,2993497,128,completed,-30
Greedy,879,3658959723,2993067,2993401,334,completed,-14
Greedy,880,3658959723,2993269,2993503,234,completed,-14
Greedy,882,3037662008,2993469,2993603,134,completed,-30
Greedy,883,3037662008,2993569,2993706,137,completed,-30
Greedy,884,3037662008,2993669,2993809,140,completed,-30
Greedy,885,3037662008,2993769,2993912,143,completed,-30
Greedy,886,3037662008,2993869,2994015,146,completed,-30
Greedy,887,3037662008,2993969,2994118,149,completed,-30
Greedy,888,3037662008,2994069,2994391,322,completed,-30
Greedy,889,3037662008,2994264,2994494,230,completed,-30
Greedy,890,3037662008,2994364,2994597,233,completed,-30
Greedy,891,3037662008,2994464,2994700,236,completed,-30
Greedy,892,3037662008,2994564,2994803,239,completed,-30
Greedy,893,3037662008,2994664,2994906,242,completed,-30
Greedy,894,3037662008,2994764,2995009,245,completed,-30
Greedy,895,3037662008,2994864,2995112,248,completed,-30
Greedy,896,3037662008,2994964,2995215,251,completed,-30
Greedy,897,3037662008,2995064,2995317,253,completed,-30
Greedy,899,3658959723,2995371,2995510,139,completed,-11
Greedy,898,3037662008,2995271,2995420,149,completed,-30
Greedy,900,3658959723,2995471,2995620,149,completed,-11
Greedy,901,3658959723,2995571,2995722,151,completed,-11
Greedy,902,3658959723,2995671,2995825,154,completed,-11
Greedy,SUMMARY,ALL,0,0,120000,batch_complete,0
----------------,---,---,---,---,---,----------------,---
Greedy,903,3658959723,2995771,2995928,157,completed,-11
Greedy,904,3658959723,3006709,3006850,141,completed,-11
Greedy,905,3658959723,3006809,3006959,150,completed,-11
Greedy,906,3658959723,3006909,3007068,159,completed,-11
Greedy,907,3658959723,3007009,3007171,162,completed,-11
Greedy,908,3658959723,3007109,3007274,165,completed,-11
Greedy,909,3658959723,3007210,3007381,171,completed,-11
Greedy,910,3658959723,3007310,3007808,498,completed,-11
Greedy,913,3037662008,3007769,3007897,128,completed,-27
Greedy,911,3658959723,3007410,3007911,501,completed,-11
Greedy,914,3037662008,3007869,3007999,130,completed,-27
Greedy,912,3658959723,3007669,3008014,345,completed,-11
Greedy,915,3037662008,3007969,3008102,133,completed,-27
Greedy,916,3037662008,3008069,3008205,136,completed,-27
Greedy,917,3037662008,3008169,3008308,139,completed,-27
Greedy,918,3037662008,3008269,3008411,142,completed,-27
Greedy,919,3037662008,3008369,3008514,145,completed,-27
Greedy,920,3037662008,3008469,3008617,148,completed,-27
Greedy,921,3037662008,3008676,3008803,127,completed,-27
Greedy,922,3037662008,3008776,3008913,137,completed,-27
Greedy,923,3037662008,3008876,3009016,140,completed,-27
Greedy,924,3037662008,3008976,3009119,143,completed,-27
Greedy,925,3037662008,3009076,3009222,146,completed,-27
Greedy,928,3658959723,3009376,3009514,138,completed,-11
Greedy,926,3037662008,3009176,3009325,149,completed,-29
Greedy,929,3658959723,3009476,3009809,333,completed,-11
Greedy,930,3658959723,3009680,3009920,240,completed,-11
Greedy,927,3037662008,3009276,3009426,150,completed,-29
Greedy,931,3658959723,3009781,3010023,242,completed,-11
Greedy,932,3658959723,3009881,3010126,245,completed,-11
Greedy,933,3658959723,3009981,3010229,248,completed,-11
Greedy,934,3658959723,3010081,3010332,251,completed,-11
Greedy,935,3658959723,3010181,3010435,254,completed,-11
Greedy,936,3658959723,3010281,3010538,257,completed,-11
Greedy,937,3658959723,3010381,3010640,259,completed,-11
Greedy,938,3658959723,3010676,3010818,142,completed,-11
Greedy,939,3658959723,3010776,3010921,145,completed,-11
Greedy,940,3658959723,3010876,3011023,147,completed,-11
Greedy,941,3658959723,3010976,3011126,150,completed,-11
Greedy,942,3658959723,3011076,3011229,153,completed,-11
Greedy,945,3037662008,3011376,3011503,127,completed,-28
Greedy,943,3658959723,3011176,3011331,155,completed,-13
Greedy,946,3037662008,3011476,3011799,323,completed,-28
Greedy,947,3037662008,3011680,3011902,222,completed,-28
Greedy,944,3658959723,3011276,3011433,157,completed,-13
Greedy,948,3037662008,3011780,3012008,228,completed,-28
Greedy,949,3037662008,3011880,3012111,231,completed,-28
Greedy,950,3037662008,3011980,3012214,234,completed,-28
Greedy,951,3037662008,3012080,3012317,237,completed,-28
Greedy,952,3037662008,3012180,3012420,240,completed,-28
Greedy,953,3037662008,3012280,3012523,243,completed,-28
Greedy,954,3037662008,3012380,3012625,245,completed,-28
Greedy,955,3037662008,3012480,3012802,322,completed,-28
Greedy,956,3037662008,3012682,3012954,272,completed,-28
Greedy,957,3037662008,3012782,3013057,275,completed,-28
Greedy,958,3037662008,3012882,3013160,278,completed,-28
Greedy,959,3037662008,3012982,3013263,281,completed,-28
Greedy,960,3037662008,3013082,3013366,284,completed,-31
Greedy,963,3658959723,3013382,3013522,140,completed,-11
Greedy,961,3037662008,3013182,3013468,286,completed,-31
Greedy,964,3658959723,3013482,3013814,332,completed,-11
Greedy,965,3658959723,3013682,3013917,235,completed,-11
Greedy,962,3037662008,3013282,3013569,287,completed,-31
Greedy,966,3658959723,3013782,3014022,240,completed,-11
Greedy,967,3658959723,3013882,3014125,243,completed,-11
Greedy,968,3658959723,3013982,3014228,246,completed,-11
Greedy,969,3658959723,3014082,3014331,249,completed,-11
Greedy,970,3658959723,3014182,3014434,252,completed,-11
Greedy,971,3658959723,3014282,3014537,255,completed,-11
Greedy,972,3658959723,3014382,3014640,258,completed,-11
Greedy,973,3658959723,3014482,3014741,259,completed,-11
Greedy,974,3658959723,3014683,3014843,160,completed,-11
Greedy,975,3658959723,3014783,3014946,163,completed,-11
Greedy,976,3658959723,3014883,3015049,166,completed,-11
Greedy,977,3658959723,3014983,3015152,169,completed,-11
Greedy,978,3658959723,3015083,3015255,172,completed,-11
Greedy,979,3658959723,3015183,3015358,175,completed,-13
Greedy,981,3037662008,3015383,3015510,127,completed,-31
Greedy,982,3037662008,3015483,3015613,130,completed,-31
Greedy,980,3658959723,3015283,3015459,176,completed,-13
Greedy,983,3037662008,3015683,3015814,131,completed,-31
Greedy,984,3037662008,3015783,3015917,134,completed,-31
Greedy,985,3037662008,3015883,3016020,137,completed,-31
Greedy,986,3037662008,3015983,3016123,140,completed,-31
Greedy,987,3037662008,3016083,3016226,143,completed,-31
Greedy,988,3037662008,3016183,3016329,146,completed,-31
Greedy,989,3037662008,3016283,3016432,149,completed,-31
Greedy,990,3037662008,3016383,3016535,152,completed,-31
Greedy,991,3037662008,3016483,3016806,323,completed,-31
Greedy,992,3037662008,3016685,3016909,224,completed,-31
Greedy,993,3037662008,3016785,3017015,230,completed,-31
Greedy,994,3037662008,3016885,3017117,232,completed,-31
Greedy,995,3037662008,3016985,3017220,235,completed,-31
Greedy,996,3037662008,3017085,3017323,238,completed,-30
Greedy,997,3037662008,3017185,3017426,241,completed,-30
Greedy,999,3658959723,3017385,3017525,140,completed,-12
Greedy,1000,3658959723,3017485,3017628,143,completed,-12
Greedy,998,3037662008,3017285,3017528,243,completed,-30
Greedy,1001,3658959723,3017692,3017831,139,completed,-12
Greedy,1002,3658959723,3017792,3017933,141,completed,-12
Greedy,1003,3658959723,3017892,3018036,144,completed,-12
Greedy,1004,3658959723,3017992,3018139,147,completed,-12
Greedy,1005,3658959723,3018092,3018242,150,completed,-12
Greedy,1006,3658959723,3018192,3018345,153,completed,-12
Greedy,1007,3658959723,3018292,3018448,156,completed,-12
Greedy,1008,3658959723,3018392,3018551,159,completed,-12
Greedy,1009,3658959723,3018492,3018825,333,completed,-12
Greedy,1010,3658959723,3018692,3018927,235,completed,-12
Greedy,1011,3658959723,3018792,3019030,238,completed,-12
Greedy,1012,3658959723,3018892,3019133,241,completed,-12
Greedy,1013,3658959723,3018992,3019236,244,completed,-12
Greedy,1014,3658959723,3019092,3019339,247,completed,-13
Greedy,1015,3658959723,3019192,3019443,251,completed,-13
Greedy,1017,3037662008,3019392,3019519,127,completed,-28
Greedy,1016,3658959723,3019292,3019545,253,completed,-13
Greedy,1018,3037662008,3019492,3019814,322,completed,-28
Greedy,1019,3037662008,3019693,3019920,227,completed,-28
Greedy,1020,3037662008,3019793,3020023,230,completed,-28
Greedy,1021,3037662008,3019893,3020126,233,completed,-28
Greedy,1022,3037662008,3019993,3020229,236,completed,-28
Greedy,1023,3037662008,3020093,3020332,239,completed,-28
Greedy,1024,3037662008,3020193,3020435,242,completed,-28
Greedy,1025,3037662008,3020293,3020538,245,completed,-28
Greedy,1026,3037662008,3020393,3020641,248,completed,-28
Greedy,1027,3037662008,3020493,3020816,323,completed,-28
Greedy,1028,3037662008,3020696,3020919,223,completed,-28
Greedy,1029,3037662008,3020796,3021025,229,completed,-28
Greedy,1030,3037662008,3020896,3021128,232,completed,-28
Greedy,1031,3037662008,3020996,3021231,235,completed,-28
Greedy,1034,3658959723,3021296,3021436,140,completed,-11
Greedy,1035,3658959723,3021396,3021539,143,completed,-11
Greedy,1036,3658959723,3021496,3021830,334,completed,-11
Greedy,1032,3037662008,3021096,3021334,238,completed,-29
Greedy,1033,3037662008,3021196,3021435,239,completed,-29
Greedy,1037,3658959723,3021697,3024026,2329,completed,-11
Greedy,1038,3658959723,3023902,3024236,334,completed,-11
Greedy,1039,3658959723,3024106,3024374,268,completed,-11
Greedy,1040,3658959723,3024206,3024654,448,completed,-11
Greedy,1041,3658959723,3024306,3024921,615,completed,-11
Greedy,1042,3658959723,3024408,3025236,828,completed,-11
Greedy,1043,3658959723,3024508,3025472,964,completed,-11
Greedy,1044,3658959723,3024608,3025574,966,completed,-11
Greedy,1045,3658959723,3024708,3025749,1041,completed,-11
Greedy,1046,3658959723,3024808,3025851,1043,completed,-11
Greedy,1047,3658959723,3025100,3025952,852,completed,-11
Greedy,1048,3658959723,3025200,3026054,854,completed,-11
Greedy,1049,3658959723,3025300,3026157,857,completed,-11
Greedy,1050,3658959723,3025400,3026259,859,completed,-11
Greedy,1051,3658959723,3025500,3026362,862,completed,-11
Greedy,1052,3658959723,3025605,3026465,860,completed,-11
Greedy,1053,3658959723,3025705,3026568,863,completed,-11
Greedy,1054,3658959723,3025805,3026671,866,completed,-11
Greedy,1055,3658959723,3025905,3026774,869,completed,-11
Greedy,1056,3658959723,3026101,3026877,776,completed,-11
Greedy,1057,3658959723,3026201,3026980,779,completed,-11
Greedy,1058,3658959723,3026301,3027083,782,completed,-11
Greedy,1059,3658959723,3026401,3027185,784,completed,-11
Greedy,1060,3658959723,3026501,3027287,786,completed,-11
Greedy,1061,3658959723,3026601,3027390,789,completed,-12
Greedy,1062,3658959723,3026701,3027492,791,completed,-12
Greedy,1068,3037662008,3027406,3027534,128,completed,-27
Greedy,1069,3037662008,3027506,3027643,137,completed,-27
Greedy,1063,3658959723,3026801,3027595,794,completed,-12
Greedy,1070,3037662008,3027606,3027752,146,completed,-27
Greedy,1071,3037662008,3027706,3027855,149,completed,-27
Greedy,1064,3658959723,3026901,3027697,796,completed,-12
Greedy,1072,3037662008,3027806,3027958,152,completed,-27
Greedy,1073,3037662008,3027906,3028061,155,completed,-27
Greedy,1074,3037662008,3028112,3028249,137,completed,-27
Greedy,1075,3037662008,3028212,3028352,140,completed,-27
Greedy,1065,3658959723,3027106,3027798,692,completed,-12
Greedy,1076,3037662008,3028312,3028455,143,completed,-27
Greedy,1077,3037662008,3028415,3028558,143,completed,-27
Greedy,1066,3658959723,3027206,3027900,694,completed,-12
Greedy,1067,3658959723,3027306,3028001,695,completed,-12
Greedy,1078,3037662008,3028515,3028661,146,completed,-27
Greedy,1079,3037662008,3028615,3028764,149,completed,-27
Greedy,1080,3037662008,3028715,3028867,152,completed,-27
Greedy,1081,3037662008,3028815,3028970,155,completed,-27
Greedy,1082,3037662008,3029108,3029237,129,completed,-27
Greedy,1084,3658959723,3029308,3029447,139,completed,-11
Greedy,1083,3037662008,3029208,3029346,138,completed,-31
Greedy,1085,3658959723,3029409,3029555,146,completed,-11
Greedy,1086,3658959723,3029509,3029657,148,completed,-11
Greedy,1087,3658959723,3029609,3029760,151,completed,-11
Greedy,1088,3658959723,3029709,3029862,153,completed,-11
Greedy,1089,3658959723,3029809,3029965,156,completed,-11
Greedy,1090,3658959723,3029909,3030068,159,completed,-11
Greedy,1091,3658959723,3030112,3030262,150,completed,-11
Greedy,1092,3658959723,3030212,3030365,153,completed,-11
Greedy,1093,3658959723,3030312,3030468,156,completed,-11
Greedy,1094,3658959723,3030416,3030571,155,completed,-11
Greedy,1095,3658959723,3030516,3030674,158,completed,-11
Greedy,1096,3658959723,3030616,3030777,161,completed,-11
Greedy,1097,3658959723,3030716,3030880,164,completed,-11
Greedy,1098,3658959723,3030816,3030983,167,completed,-11
Greedy,1099,3658959723,3031111,3031252,141,completed,-11
Greedy,1100,3658959723,3031211,3031361,150,completed,-12
Greedy,1101,3037662008,3031311,3031439,128,completed,-28
Greedy,1102,3037662008,3031415,3031565,150,completed,-28
Greedy,1103,3037662008,3031515,3031676,161,completed,-28
Greedy,1104,3037662008,3031615,3031779,164,completed,-28
Greedy,1105,3037662008,3031715,3031882,167,completed,-28
Greedy,1106,3037662008,3031815,3031985,170,completed,-28
Greedy,1107,3037662008,3031915,3032236,321,completed,-28
Greedy,1108,3037662008,3032115,3032345,230,completed,-28
Greedy,1109,3037662008,3032215,3032454,239,completed,-28
Greedy,1110,3037662008,3032315,3032557,242,completed,-28
Greedy,1111,3037662008,3032415,3032660,245,completed,-28
Greedy,1112,3037662008,3032515,3032763,248,completed,-28
Greedy,1113,3037662008,3032615,3032866,251,completed,-28
Greedy,1114,3037662008,3032715,3032969,254,completed,-28
Greedy,1115,3037662008,3032815,3033072,257,completed,-28
Greedy,1116,3037662008,3032915,3033237,322,completed,-28
Greedy,1119,3658959723,3033317,3033456,139,completed,-11
Greedy,1120,3658959723,3033417,3033582,165,completed,-11
Greedy,1117,3037662008,3033117,3033340,223,completed,-30
Greedy,1121,3658959723,3033517,3033691,174,completed,-11
Greedy,1122,3658959723,3033617,3033794,177,completed,-11
Greedy,1123,3658959723,3033717,3033897,180,completed,-11
Greedy,1118,3037662008,3033217,3033442,225,completed,-30
Greedy,1124,3658959723,3033817,3034000,183,completed,-11
Greedy,1125,3658959723,3033917,3034250,333,completed,-11
Greedy,1126,3658959723,3034118,3034359,241,completed,-11
Greedy,1127,3658959723,3034218,3034471,253,completed,-11
Greedy,1128,3658959723,3034318,3034574,256,completed,-11
Greedy,1129,3658959723,3034419,3034677,258,completed,-11
Greedy,1130,3658959723,3034519,3034780,261,completed,-11
Greedy,1131,3658959723,3034619,3034882,263,completed,-11
Greedy,1132,3658959723,3034719,3034985,266,completed,-11
Greedy,1133,3658959723,3034819,3035087,268,completed,-11
Greedy,1134,3658959723,3034919,3035254,335,completed,-11
Greedy,1135,3658959723,3035114,3035357,243,completed,-12
Greedy,1138,3037662008,3035414,3035544,130,completed,-28
Greedy,1139,3037662008,3035514,3035647,133,completed,-28
Greedy,1136,3658959723,3035214,3035459,245,completed,-12
Greedy,1137,3658959723,3035314,3035561,247,completed,-12
Greedy,1140,3037662008,3035614,3035750,136,completed,-28
Greedy,1141,3037662008,3035714,3035852,138,completed,-28
Greedy,1142,3037662008,3035814,3035955,141,completed,-28
Greedy,1143,3037662008,3035914,3036057,143,completed,-28
Greedy,1144,3037662008,3036121,3036248,127,completed,-28
Greedy,1145,3037662008,3036221,3036357,136,completed,-28
Greedy,1146,3037662008,3036321,3036461,140,completed,-28
Greedy,1147,3037662008,3036431,3036563,132,completed,-28
Greedy,1148,3037662008,3036531,3036666,135,completed,-28
Greedy,1149,3037662008,3036631,3036769,138,completed,-28
Greedy,1150,3037662008,3036731,3036872,141,completed,-28
Greedy,1151,3037662008,3036831,3036975,144,completed,-28
Greedy,1152,3037662008,3037116,3037246,130,completed,-28
Greedy,1153,3037662008,3037216,3037349,133,completed,-31
Greedy,1154,3658959723,3037316,3037457,141,completed,-11
Greedy,1155,3658959723,3037417,3037560,143,completed,-11
Greedy,1156,3658959723,3037517,3037663,146,completed,-11
Greedy,1157,3658959723,3037617,3037766,149,completed,-11
Greedy,1158,3658959723,3037717,3037869,152,completed,-11
Greedy,1159,3658959723,3037817,3037972,155,completed,-11
Greedy,1160,3658959723,3037917,3038075,158,completed,-11
Greedy,1161,3658959723,3038122,3038273,151,completed,-11
Greedy,1162,3658959723,3038222,3038376,154,completed,-11
Greedy,1163,3658959723,3038322,3038479,157,completed,-11
Greedy,1164,3658959723,3038428,3038582,154,completed,-11
Greedy,1165,3658959723,3038528,3038685,157,completed,-11
Greedy,1166,3658959723,3038628,3038788,160,completed,-11
Greedy,1167,3658959723,3038728,3038891,163,completed,-11
Greedy,1168,3658959723,3038828,3038994,166,completed,-11
Greedy,1169,3658959723,3039119,3039260,141,completed,-11
Greedy,1170,3658959723,3041329,3041691,362,completed,-12
Greedy,1171,3658959723,3041533,3041794,261,completed,-12
Greedy,1172,3658959723,3041633,3041897,264,completed,-12
Greedy,1173,3658959723,3041733,3042000,267,completed,-12
Greedy,1174,3658959723,3041833,3042103,270,completed,-12
Greedy,1175,3658959723,3041933,3042205,272,completed,-12
Greedy,1176,3658959723,3042033,3042308,275,completed,-12
Greedy,1177,3658959723,3042133,3042410,277,completed,-12
Greedy,1178,3658959723,3042233,3042513,280,completed,-12
Greedy,1179,3658959723,3042333,3042666,333,completed,-12
Greedy,1180,3658959723,3042543,3042769,226,completed,-12
Greedy,1181,3658959723,3042649,3042872,223,completed,-12
Greedy,1182,3658959723,3042749,3042975,226,completed,-12
Greedy,1183,3658959723,3042849,3043078,229,completed,-12
Greedy,1184,3658959723,3042949,3043181,232,completed,-12
Greedy,1185,3658959723,3043052,3043284,232,completed,-12
Greedy,1186,3658959723,3043156,3043387,231,completed,-11
Greedy,1188,3037662008,3043539,3043667,128,completed,-30
Greedy,1189,3037662008,3043639,3043776,137,completed,-30
Greedy,1187,3658959723,3043259,3043490,231,completed,-11
Greedy,1190,3037662008,3043739,3043879,140,completed,-30
Greedy,1191,3037662008,3043839,3043982,143,completed,-30
Greedy,1192,3037662008,3043939,3044085,146,completed,-30
Greedy,1193,3037662008,3044039,3044188,149,completed,-30
Greedy,1194,3037662008,3044139,3044291,152,completed,-30
Greedy,1195,3037662008,3044239,3044394,155,completed,-30
Greedy,1196,3037662008,3044541,3044669,128,completed,-30
Greedy,1197,3037662008,3044641,3044777,136,completed,-30
Greedy,1198,3037662008,3044741,3044880,139,completed,-30
Greedy,1199,3037662008,3044841,3044983,142,completed,-30
Greedy,1200,3037662008,3044941,3045086,145,completed,-30
Greedy,1201,3037662008,3045041,3045189,148,completed,-30
Greedy,1202,3037662008,3045141,3045292,151,completed,-30
Greedy,1203,3037662008,3045241,3045395,154,completed,-30
Greedy,1204,3658959723,3045542,3045681,139,completed,-11
Greedy,1205,3658959723,3045642,3045804,162,completed,-11
Greedy,1206,3658959723,3045742,3045907,165,completed,-11
Greedy,1207,3658959723,3045842,3046010,168,completed,-11
Greedy,1208,3658959723,3045942,3046113,171,completed,-11
Greedy,1209,3658959723,3046042,3046216,174,completed,-11
Greedy,1210,3658959723,3046142,3046319,177,completed,-11
Greedy,1211,3658959723,3046242,3046422,180,completed,-11
Greedy,1212,3658959723,3046543,3046683,140,completed,-11
Greedy,1213,3658959723,3046643,3046791,148,completed,-11
Greedy,1214,3658959723,3046743,3046894,151,completed,-11
Greedy,1215,3658959723,3046843,3046997,154,completed,-11
Greedy,1216,3658959723,3046943,3047100,157,completed,-11
Greedy,1217,3658959723,3047043,3047203,160,completed,-11
Greedy,1218,3658959723,3047143,3047306,163,completed,-11
Greedy,1219,3658959723,3047243,3047409,166,completed,-12
Greedy,1220,3037662008,3047543,3047671,128,completed,-29
Greedy,1221,3037662008,3047643,3047780,137,completed,-29
Greedy,1222,3037662008,3047743,3047896,153,completed,-29
Greedy,1223,3037662008,3047843,3048006,163,completed,-29
Greedy,1224,3037662008,3047943,3048109,166,completed,-29
Greedy,1225,3037662008,3048043,3048212,169,completed,-29
Greedy,1226,3037662008,3048143,3048315,172,completed,-29
Greedy,1227,3037662008,3048243,3048418,175,completed,-29
Greedy,1228,3037662008,3048545,3048673,128,completed,-29
Greedy,1229,3037662008,3048645,3048776,131,completed,-29
Greedy,1230,3037662008,3048745,3048879,134,completed,-29
Greedy,1231,3037662008,3048845,3048982,137,completed,-29
Greedy,1232,3037662008,3048945,3049085,140,completed,-29
Greedy,1233,3037662008,3049045,3049188,143,completed,-29
Greedy,1234,3037662008,3049145,3049291,146,completed,-29
Greedy,1235,3037662008,3049245,3049394,149,completed,-31
Greedy,1236,3658959723,3049547,3049686,139,completed,-11
Greedy,1237,3658959723,3049647,3049796,149,completed,-11
Greedy,1238,3658959723,3049747,3049899,152,completed,-11
Greedy,1239,3658959723,3049847,3050002,155,completed,-11
Greedy,1240,3658959723,3049947,3050105,158,completed,-11
Greedy,1241,3658959723,3050047,3050208,161,completed,-11
Greedy,1242,3658959723,3050147,3050311,164,completed,-11
Greedy,1243,3658959723,3050247,3050414,167,completed,-11
Greedy,1244,3658959723,3050547,3050687,140,completed,-11
Greedy,1245,3658959723,3050647,3050812,165,completed,-11
Greedy,1246,3658959723,3050747,3050944,197,completed,-11
Greedy,1247,3658959723,3050847,3051194,347,completed,-11
Greedy,1248,3658959723,3050947,3051481,534,completed,-13
Greedy,1249,3658959723,3051047,3051699,652,completed,-13
Greedy,1250,3658959723,3051147,3051802,655,completed,-13
Greedy,1251,3658959723,3051247,3051905,658,completed,-13
Greedy,1252,3658959723,3051550,3052008,458,completed,-13
Greedy,1253,3658959723,3051650,3052111,461,completed,-13
Greedy,1254,3658959723,3051750,3052214,464,completed,-13
Greedy,1255,3658959723,3051850,3052317,467,completed,-13
Greedy,1256,3658959723,3051950,3052420,470,completed,-13
Greedy,1257,3658959723,3052050,3052523,473,completed,-13
Greedy,1258,3658959723,3052150,3052624,474,completed,-13
Greedy,1259,3658959723,3052250,3052726,476,completed,-13
Greedy,1260,3658959723,3052549,3052828,279,completed,-13
Greedy,1261,3658959723,3052649,3052930,281,completed,-13
Greedy,1262,3658959723,3052749,3053033,284,completed,-13
Greedy,1263,3658959723,3052849,3053136,287,completed,-13
Greedy,1264,3658959723,3052949,3053239,290,completed,-13
Greedy,1265,3658959723,3053049,3053342,293,completed,-12
Greedy,1268,3037662008,3053549,3053697,148,completed,-29
Greedy,1269,3037662008,3053649,3053805,156,completed,-29
Greedy,1270,3037662008,3053749,3053914,165,completed,-29
Greedy,1271,3037662008,3053849,3054017,168,completed,-29
Greedy,1272,3037662008,3053949,3054120,171,completed,-29
Greedy,1273,3037662008,3054049,3054223,174,completed,-29
Greedy,1274,3037662008,3054149,3054326,177,completed,-29
Greedy,1266,3658959723,3053149,3053444,295,completed,-12
Greedy,1267,3658959723,3053249,3053547,298,completed,-12
Greedy,1284,3658959723,3055549,3055688,139,completed,-11
Greedy,1285,3658959723,3055649,3055797,148,completed,-11
Greedy,1275,3037662008,3054249,3054429,180,completed,-29
Greedy,1276,3037662008,3054551,3054682,131,completed,-29
Greedy,1277,3037662008,3054651,3054783,132,completed,-29
Greedy,1286,3658959723,3055749,3055906,157,completed,-11
Greedy,1287,3658959723,3055849,3056009,160,completed,-11
Greedy,1278,3037662008,3054751,3054973,222,completed,-29
Greedy,1288,3658959723,3055949,3056112,163,completed,-11
Greedy,1289,3658959723,3056049,3056215,166,completed,-11
Greedy,1290,3658959723,3056149,3056318,169,completed,-11
Greedy,1279,3037662008,3054851,3055223,372,completed,-29
Greedy,1291,3658959723,3056249,3056421,172,completed,-11
Greedy,1292,3658959723,3056349,3056684,335,completed,-11
Greedy,1280,3037662008,3054951,3055473,522,completed,-30
Greedy,1293,3658959723,3056559,3056787,228,completed,-11
Greedy,1281,3037662008,3055051,3055724,673,completed,-30
Greedy,1282,3037662008,3055151,3055826,675,completed,-30
Greedy,1283,3037662008,3055251,3055980,729,completed,-30
Greedy,1294,3658959723,3058787,3059168,381,completed,-13
Greedy,1295,3658959723,3059005,3059497,492,completed,-12
Greedy,1296,3658959723,3059105,3059606,501,completed,-12
Greedy,1297,3658959723,3059205,3059709,504,completed,-12
Greedy,1298,3658959723,3059305,3059812,507,completed,-12
Greedy,1299,3658959723,3059405,3059915,510,completed,-12
Greedy,1300,3658959723,3059505,3060017,512,completed,-12
Greedy,1301,3658959723,3059605,3060118,513,completed,-12
Greedy,1302,3658959723,3059705,3060221,516,completed,-12
Greedy,1303,3658959723,3059988,3060327,339,completed,-12
Greedy,1304,3658959723,3060088,3060428,340,completed,-12
Greedy,1305,3658959723,3060188,3060531,343,completed,-12
Greedy,1306,3658959723,3060288,3060634,346,completed,-12
Greedy,1307,3658959723,3060388,3060737,349,completed,-12
Greedy,1308,3658959723,3060488,3060841,353,completed,-12
Greedy,1309,3658959723,3060589,3060942,353,completed,-12
Greedy,1310,3658959723,3060689,3061043,354,completed,-12
Greedy,1311,3658959723,3060789,3061146,357,completed,-12
Greedy,1312,3658959723,3060994,3061249,255,completed,-12
Greedy,1316,3037662008,3061394,3061524,130,completed,-28
Greedy,1313,3658959723,3061094,3061351,257,completed,-12
Greedy,1317,3037662008,3061494,3061633,139,completed,-28
Greedy,1318,3037662008,3061594,3061736,142,completed,-28
Greedy,1314,3658959723,3061194,3061452,258,completed,-12
Greedy,1315,3658959723,3061294,3061555,261,completed,-12
Greedy,1319,3037662008,3061694,3061838,144,completed,-28
Greedy,1320,3037662008,3061795,3062124,329,completed,-28
Greedy,1321,3037662008,3061998,3062227,229,completed,-28
Greedy,1322,3037662008,3062098,3062330,232,completed,-28
Greedy,1323,3037662008,3062198,3062433,235,completed,-28
Greedy,1324,3037662008,3062298,3062536,238,completed,-28
Greedy,1325,3037662008,3062398,3062639,241,completed,-28
Greedy,1326,3037662008,3062498,3062742,244,completed,-28
Greedy,1327,3037662008,3062598,3062845,247,completed,-28
Greedy,1328,3037662008,3062698,3062947,249,completed,-28
Greedy,1329,3037662008,3062994,3063125,131,completed,-28
Greedy,1330,3037662008,3063094,3063228,134,completed,-28
Greedy,1331,3037662008,3063194,3063331,137,completed,-29
Greedy,1333,3658959723,3063394,3063533,139,completed,-11
Greedy,1332,3037662008,3063294,3063434,140,completed,-29
Greedy,1334,3658959723,3063494,3063642,148,completed,-11
Greedy,1335,3658959723,3063594,3063745,151,completed,-11
Greedy,1336,3658959723,3063694,3063847,153,completed,-11
Greedy,1337,3658959723,3063794,3063949,155,completed,-11
Greedy,1338,3658959723,3063997,3064139,142,completed,-11
Greedy,1339,3658959723,3064097,3064242,145,completed,-11
Greedy,1340,3658959723,3064197,3064345,148,completed,-11
Greedy,1341,3658959723,3064297,3064448,151,completed,-11
Greedy,1342,3658959723,3064397,3064551,154,completed,-11
Greedy,1343,3658959723,3064497,3064654,157,completed,-11
Greedy,1344,3658959723,3064597,3064757,160,completed,-11
Greedy,1345,3658959723,3064697,3064860,163,completed,-11
Greedy,1346,3658959723,3064797,3064963,166,completed,-11
Greedy,1347,3658959723,3064998,3065140,142,completed,-11
Greedy,1348,3658959723,3065098,3065242,144,completed,-11
Greedy,1349,3658959723,3065198,3065345,147,completed,-12
Greedy,1351,3037662008,3065398,3065525,127,completed,-28
Greedy,1352,3037662008,3065498,3065640,142,completed,-28
Greedy,1353,3037662008,3065598,3065749,151,completed,-28
Greedy,1350,3658959723,3065298,3065446,148,completed,-12
Greedy,1354,3037662008,3065698,3065858,160,completed,-28
Greedy,1355,3037662008,3065798,3066124,326,completed,-28
Greedy,1356,3037662008,3066003,3066227,224,completed,-28
Greedy,1357,3037662008,3066103,3066333,230,completed,-28
Greedy,1358,3037662008,3066203,3066436,233,completed,-28
Greedy,1359,3037662008,3066303,3066543,240,completed,-28
Greedy,1360,3037662008,3066409,3066646,237,completed,-28
Greedy,1361,3037662008,3066509,3066749,240,completed,-28
Greedy,1362,3037662008,3066609,3066852,243,completed,-28
Greedy,1363,3037662008,3066709,3066955,246,completed,-28
Greedy,1364,3037662008,3067003,3067131,128,completed,-28
Greedy,1365,3037662008,3067103,3067234,131,completed,-28
Greedy,1366,3037662008,3067203,3067337,134,completed,-31
Greedy,1367,3037662008,3067303,3067439,136,completed,-31
Greedy,1368,3658959723,3067403,3067543,140,completed,-11
Greedy,1369,3658959723,3067503,3067661,158,completed,-11
Greedy,1370,3658959723,3067603,3067770,167,completed,-11
Greedy,1371,3658959723,3067703,3067873,170,completed,-11
Greedy,1372,3658959723,3067803,3068135,332,completed,-11
Greedy,1373,3658959723,3068003,3068244,241,completed,-11
Greedy,1374,3658959723,3068103,3068347,244,completed,-11
Greedy,1375,3658959723,3068203,3068450,247,completed,-11
Greedy,1376,3658959723,3068303,3068553,250,completed,-11
Greedy,1377,3658959723,3068408,3068656,248,completed,-11
Greedy,1378,3658959723,3068508,3068762,254,completed,-11
Greedy,1379,3658959723,3068608,3068865,257,completed,-11
Greedy,1380,3658959723,3068708,3068968,260,completed,-11
Greedy,1381,3658959723,3069003,3069144,141,completed,-11
Greedy,1382,3658959723,3069103,3069247,144,completed,-11
Greedy,1383,3658959723,3069203,3069349,146,completed,-12
Greedy,1385,3037662008,3069403,3069532,129,completed,-28
Greedy,1384,3658959723,3069303,3069452,149,completed,-12
Greedy,1386,3037662008,3069503,3069635,132,completed,-28
Greedy,1387,3037662008,3069603,3069738,135,completed,-28
Greedy,1388,3037662008,3069703,3069841,138,completed,-28
Greedy,1389,3037662008,3069803,3069944,141,completed,-28
Greedy,1390,3037662008,3070005,3070135,130,completed,-28
Greedy,1391,3037662008,3070105,3070238,133,completed,-28
Greedy,1392,3037662008,3070205,3070341,136,completed,-28
Greedy,1393,3037662008,3070305,3070444,139,completed,-28
Greedy,1394,3037662008,3070407,3070547,140,completed,-28
Greedy,1395,3037662008,3070507,3070650,143,completed,-28
Greedy,1396,3037662008,3070607,3070753,146,completed,-28
Greedy,1397,3037662008,3070707,3070856,149,completed,-28
Greedy,1398,3037662008,3070807,3071129,322,completed,-28
Greedy,1399,3037662008,3071008,3071239,231,completed,-28
Greedy,1400,3037662008,3071108,3071343,235,completed,-29
Greedy,1401,3037662008,3071208,3071446,238,completed,-29
Greedy,1403,3658959723,3071410,3071550,140,completed,-11
Greedy,1402,3037662008,3071308,3071549,241,completed,-29
Greedy,1404,3658959723,3071510,3071660,150,completed,-11
Greedy,1405,3658959723,3071610,3071763,153,completed,-11
Greedy,1406,3658959723,3071710,3071866,156,completed,-11
Greedy,1407,3658959723,3072003,3072143,140,completed,-11
Greedy,1408,3658959723,3072103,3072246,143,completed,-11
Greedy,1409,3658959723,3072203,3072349,146,completed,-11
Greedy,1410,3658959723,3072303,3072452,149,completed,-11
Greedy,1411,3658959723,3072407,3072568,161,completed,-11
Greedy,1412,3658959723,3072507,3072677,170,completed,-11
Greedy,1413,3658959723,3072607,3072780,173,completed,-11
Greedy,1414,3658959723,3072707,3072883,176,completed,-11
Greedy,1415,3658959723,3072807,3073142,335,completed,-11
Greedy,1416,3658959723,3073010,3073252,242,completed,-11
Greedy,1420,3037662008,3073414,3073545,131,completed,-28
Greedy,1417,3658959723,3073110,3073355,245,completed,-12
Greedy,1421,3037662008,3073514,3073648,134,completed,-28
Greedy,1422,3037662008,3073614,3073753,139,completed,-28
Greedy,1423,3037662008,3073714,3073856,142,completed,-28
Greedy,1418,3658959723,3073210,3073456,246,completed,-12
Greedy,1419,3658959723,3073310,3073557,247,completed,-12
Greedy,1424,3037662008,3074013,3074148,135,completed,-28
Greedy,1425,3658959723,3076225,3076559,334,completed,-12
Greedy,1426,3658959723,3076428,3076676,248,completed,-12
Greedy,1427,3658959723,3076528,3076785,257,completed,-12
Greedy,1428,3658959723,3076628,3076888,260,completed,-12
Greedy,1429,3658959723,3076728,3076991,263,completed,-12
Greedy,1430,3658959723,3076828,3077094,266,completed,-12
Greedy,1431,3658959723,3076928,3077197,269,completed,-12
Greedy,1432,3658959723,3077028,3077300,272,completed,-12
Greedy,1433,3658959723,3077128,3077403,275,completed,-13
Greedy,1434,3658959723,3077228,3077566,338,completed,-13
Greedy,1436,3037662008,3077540,3077669,129,completed,-30
Greedy,1435,3658959723,3077439,3077669,230,completed,-13
Greedy,1437,3037662008,3077640,3077778,138,completed,-30
Greedy,1438,3037662008,3077740,3077881,141,completed,-30
Greedy,1439,3037662008,3077840,3077984,144,completed,-30
Greedy,1440,3037662008,3077940,3078087,147,completed,-30
Greedy,1441,3037662008,3078040,3078190,150,completed,-30
Greedy,1442,3037662008,3078140,3078293,153,completed,-30
Greedy,1443,3037662008,3078439,3078568,129,completed,-30
Greedy,1444,3037662008,3078539,3078670,131,completed,-30
Greedy,1445,3037662008,3078639,3078773,134,completed,-30
Greedy,1446,3037662008,3078739,3078876,137,completed,-30
Greedy,1447,3037662008,3078839,3078979,140,completed,-30
Greedy,1448,3037662008,3078939,3079082,143,completed,-30
Greedy,1449,3037662008,3079039,3079185,146,completed,-30
Greedy,1450,3037662008,3079139,3079288,149,completed,-30
Greedy,1451,3658959723,3079439,3079591,152,completed,-11
Greedy,1452,3658959723,3079539,3079700,161,completed,-11
Greedy,1453,3658959723,3079639,3079809,170,completed,-11
Greedy,1454,3658959723,3079739,3079912,173,completed,-11
Greedy,1455,3658959723,3079839,3080015,176,completed,-11
Greedy,1456,3658959723,3079939,3080118,179,completed,-11
Greedy,1457,3658959723,3080039,3080221,182,completed,-11
Greedy,1458,3658959723,3080139,3080324,185,completed,-11
Greedy,1459,3658959723,3080440,3080580,140,completed,-11
Greedy,1460,3658959723,3080540,3080683,143,completed,-11
Greedy,1461,3658959723,3080640,3080787,147,completed,-11
Greedy,1462,3658959723,3080740,3080890,150,completed,-11
Greedy,1463,3658959723,3080840,3080992,152,completed,-11
Greedy,1464,3658959723,3080940,3081095,155,completed,-11
Greedy,1465,3658959723,3081040,3081198,158,completed,-11
Greedy,1466,3658959723,3081140,3081301,161,completed,-11
Greedy,1467,3658959723,3081430,3081576,146,completed,-12
Greedy,1468,3658959723,3081530,3081678,148,completed,-12
Greedy,1469,3658959723,3081630,3081781,151,completed,-12
Greedy,1470,3658959723,3081730,3081884,154,completed,-12
Greedy,1471,3658959723,3081830,3081987,157,completed,-12
Greedy,1472,3658959723,3081930,3082090,160,completed,-12
Greedy,1473,3658959723,3082030,3082192,162,completed,-12
Greedy,1474,3658959723,3082130,3082294,164,completed,-12
Greedy,1475,3658959723,3082230,3082397,167,completed,-12
Greedy,1476,3658959723,3082442,3082666,224,completed,-12
Greedy,1477,3658959723,3082542,3082788,246,completed,-12
Greedy,1478,3658959723,3082642,3082891,249,completed,-12
Greedy,1479,3658959723,3082742,3082994,252,completed,-12
Greedy,1480,3658959723,3082842,3083097,255,completed,-12
Greedy,1481,3658959723,3082942,3083200,258,completed,-12
Greedy,1482,3658959723,3083042,3083303,261,completed,-12
Greedy,1483,3658959723,3083142,3083406,264,completed,-12
Greedy,1484,3658959723,3083441,3083583,142,completed,-12
Greedy,1485,3037662008,3083541,3083669,128,completed,-29
Greedy,1486,3037662008,3083641,3083772,131,completed,-29
Greedy,1487,3037662008,3083741,3083874,133,completed,-29
Greedy,1488,3037662008,3083841,3083977,136,completed,-29
Greedy,1489,3037662008,3083941,3084080,139,completed,-29
Greedy,1490,3037662008,3084041,3084183,142,completed,-29
Greedy,1491,3037662008,3084141,3084286,145,completed,-29
Greedy,1492,3037662008,3084443,3084573,130,completed,-29
Greedy,1493,3037662008,3084543,3084681,138,completed,-29
Greedy,1494,3037662008,3084643,3084784,141,completed,-29
Greedy,1495,3037662008,3084743,3084887,144,completed,-29
Greedy,1496,3037662008,3084843,3084990,147,completed,-29
Greedy,1497,3037662008,3084943,3085093,150,completed,-29
Greedy,1498,3037662008,3085043,3085196,153,completed,-29
Greedy,1499,3037662008,3085143,3085299,156,completed,-29
Greedy,1500,3658959723,3085437,3085578,141,completed,-11
Greedy,1501,3658959723,3085537,3085688,151,completed,-11
Greedy,1502,3658959723,3085637,3085791,154,completed,-11
Greedy,1503,3658959723,3085737,3085894,157,completed,-11
Greedy,1504,3658959723,3085837,3085997,160,completed,-11
Greedy,1505,3658959723,3085937,3086100,163,completed,-11
Greedy,1506,3658959723,3086037,3086203,166,completed,-11
Greedy,1507,3658959723,3086137,3086306,169,completed,-11
Greedy,1508,3658959723,3086237,3086571,334,completed,-11
Greedy,1509,3658959723,3086447,3086674,227,completed,-11
Greedy,1510,3658959723,3086547,3086777,230,completed,-11
Greedy,1511,3658959723,3086648,3086880,232,completed,-11
Greedy,1512,3658959723,3086752,3086983,231,completed,-11
Greedy,1513,3658959723,3086852,3087086,234,completed,-11
Greedy,1514,3658959723,3086952,3087193,241,completed,-11
Greedy,1515,3658959723,3087052,3087296,244,completed,-11
Greedy,1516,3658959723,3087152,3087399,247,completed,-12
Greedy,1517,3658959723,3087445,3087586,141,completed,-12
Greedy,1518,3037662008,3087545,3087674,129,completed,-27
Greedy,1519,3037662008,3087645,3087777,132,completed,-27
Greedy,1520,3037662008,3087745,3087880,135,completed,-27
Greedy,1521,3037662008,3087845,3087983,138,completed,-27
Greedy,1522,3037662008,3087945,3088086,141,completed,-27
Greedy,1523,3037662008,3088045,3088189,144,completed,-27
Greedy,1524,3037662008,3088145,3088292,147,completed,-27
Greedy,1525,3037662008,3088445,3088576,131,completed,-27
Greedy,1526,3037662008,3088545,3088679,134,completed,-27
Greedy,1527,3037662008,3088645,3088782,137,completed,-27
Greedy,1528,3037662008,3088745,3088885,140,completed,-27
Greedy,1529,3037662008,3088845,3088988,143,completed,-27
Greedy,1530,3037662008,3088945,3089091,146,completed,-27
Greedy,1531,3037662008,3089045,3089194,149,completed,-27
Greedy,1532,3037662008,3089145,3089297,152,completed,-27
Greedy,1533,3658959723,3089451,3089592,141,completed,-12
Greedy,1534,3658959723,3089551,3089702,151,completed,-12
Greedy,1535,3658959723,3089651,3089805,154,completed,-12
Greedy,1536,3658959723,3089751,3089912,161,completed,-12
Greedy,1537,3658959723,3089851,3090015,164,completed,-12
Greedy,1538,3658959723,3089951,3090118,167,completed,-12
Greedy,1539,3658959723,3090051,3090221,170,completed,-12
Greedy,1540,3658959723,3090151,3090324,173,completed,-12
Greedy,1541,3658959723,3090444,3090584,140,completed,-12
Greedy,1542,3658959723,3090544,3090693,149,completed,-12
Greedy,1543,3658959723,3090644,3090795,151,completed,-12
Greedy,1544,3658959723,3090744,3090897,153,completed,-12
Greedy,1545,3658959723,3090844,3091000,156,completed,-12
Greedy,1546,3658959723,3090944,3091103,159,completed,-12
Greedy,1547,3658959723,3091044,3091206,162,completed,-12
Greedy,1549,3658959723,3091244,3091583,339,completed,-12
Greedy,1550,3658959723,3091450,3093787,2337,completed,-12
Greedy,1551,3658959723,3093661,3094016,355,completed,-12
Greedy,1552,3658959723,3093864,3094393,529,completed,-12
Greedy,1553,3658959723,3093964,3094495,531,completed,-12
Greedy,1554,3658959723,3094064,3094666,602,completed,-12
Greedy,1555,3658959723,3094164,3095013,849,completed,-12
Greedy,1556,3658959723,3094264,3095116,852,completed,-12
Greedy,1557,3658959723,3094364,3095219,855,completed,-12
Greedy,1558,3658959723,3094464,3095322,858,completed,-12
Greedy,1559,3658959723,3094564,3095425,861,completed,-12
Greedy,1548,3658959723,3091144,3091309,165,completed,-12
Greedy,1565,3037662008,3095361,3095490,129,completed,-27
Greedy,1560,3658959723,3094861,3095527,666,completed,-12
Greedy,1566,3037662008,3095461,3095592,131,completed,-27
Greedy,1567,3037662008,3095561,3095694,133,completed,-27
Greedy,1561,3658959723,3094961,3095629,668,completed,-12
Greedy,1562,3658959723,3095061,3095731,670,completed,-12
Greedy,1563,3658959723,3095161,3095833,672,completed,-12
Greedy,1568,3037662008,3095664,3095988,324,completed,-27
Greedy,1569,3037662008,3095867,3096091,224,completed,-27
Greedy,1570,3037662008,3095967,3096194,227,completed,-27
Greedy,1564,3658959723,3095261,3095934,673,completed,-12
Greedy,1571,3037662008,3096067,3096297,230,completed,-27
Greedy,1572,3037662008,3096167,3096400,233,completed,-27
Greedy,1573,3037662008,3096267,3096503,236,completed,-27
Greedy,1574,3037662008,3096367,3096606,239,completed,-27
Greedy,1575,3037662008,3096467,3096709,242,completed,-27
Greedy,1576,3037662008,3096567,3096811,244,completed,-27
Greedy,1577,3037662008,3096667,3096991,324,completed,-27
Greedy,1578,3037662008,3096862,3097094,232,completed,-27
Greedy,1579,3037662008,3096962,3097197,235,completed,-27
Greedy,1580,3037662008,3097062,3097299,237,completed,-27
Greedy,1581,3037662008,3097162,3097402,240,completed,-29
Greedy,1583,3658959723,3097362,3097501,139,completed,-12
Greedy,1584,3658959723,3097462,3097610,148,completed,-12
Greedy,1582,3037662008,3097262,3097504,242,completed,-29
Greedy,1585,3658959723,3097562,3097713,151,completed,-12
Greedy,1586,3658959723,3097662,3097816,154,completed,-12
Greedy,1587,3658959723,3097869,3098009,140,completed,-12
Greedy,1588,3658959723,3097969,3098119,150,completed,-12
Greedy,1589,3658959723,3098069,3098221,152,completed,-12
Greedy,1590,3658959723,3098169,3098324,155,completed,-12
Greedy,1591,3658959723,3098269,3098427,158,completed,-12
Greedy,1592,3658959723,3098369,3098530,161,completed,-12
Greedy,1593,3658959723,3098469,3098633,164,completed,-12
Greedy,1594,3658959723,3098569,3098736,167,completed,-12
Greedy,1595,3658959723,3098669,3099004,335,completed,-12
Greedy,1596,3658959723,3098865,3099113,248,completed,-12
Greedy,1597,3658959723,3098965,3099216,251,completed,-12
Greedy,1598,3658959723,3099065,3099319,254,completed,-12
Greedy,1599,3658959723,3099165,3099422,257,completed,-13
Greedy,1602,3037662008,3099465,3099593,128,completed,-29
Greedy,1600,3658959723,3099265,3099525,260,completed,-13
Greedy,1601,3658959723,3099365,3099627,262,completed,-13
Greedy,1603,3037662008,3099565,3099696,131,completed,-29
Greedy,1604,3037662008,3099665,3099799,134,completed,-29
Greedy,1605,3037662008,3099875,3100172,297,completed,-29
Greedy,1606,3037662008,3099975,3100275,300,completed,-29
Greedy,1607,3037662008,3100075,3100378,303,completed,-29
Greedy,1608,3037662008,3100175,3100481,306,completed,-29
Greedy,1609,3037662008,3100275,3100584,309,completed,-29
Greedy,1610,3037662008,3100375,3100687,312,completed,-29
Greedy,1611,3037662008,3100475,3100790,315,completed,-29
Greedy,1612,3037662008,3100577,3100892,315,completed,-29
Greedy,1613,3037662008,3100866,3100998,132,completed,-29
Greedy,1614,3037662008,3100966,3101101,135,completed,-29
Greedy,1615,3037662008,3101066,3101204,138,completed,-29
Greedy,1616,3037662008,3101166,3101307,141,completed,-29
Greedy,1618,3658959723,3101366,3101506,140,completed,-11
Greedy,1619,3658959723,3101466,3101609,143,completed,-11
Greedy,1617,3037662008,3101266,3101410,144,completed,-30
Greedy,1620,3658959723,3101566,3101712,146,completed,-11
Greedy,1621,3658959723,3101666,3101815,149,completed,-11
Greedy,1622,3658959723,3101878,3102019,141,completed,-11
Greedy,1623,3658959723,3101978,3102122,144,completed,-11
Greedy,1624,3658959723,3102078,3102225,147,completed,-11
Greedy,1625,3658959723,3102178,3102328,150,completed,-11
Greedy,1626,3658959723,3102278,3102431,153,completed,-11
Greedy,1627,3658959723,3102378,3102534,156,completed,-11
Greedy,1628,3658959723,3102478,3102637,159,completed,-11
Greedy,1629,3658959723,3102578,3102740,162,completed,-11
Greedy,1630,3658959723,3102678,3103011,333,completed,-11
Greedy,1631,3658959723,3102878,3103114,236,completed,-11
Greedy,1632,3658959723,3102978,3103220,242,completed,-11
Greedy,1633,3658959723,3103078,3103323,245,completed,-11
Greedy,1634,3658959723,3103178,3103426,248,completed,-14
Greedy,1636,3037662008,3103378,3103507,129,completed,-31
Greedy,1637,3037662008,3103478,3103609,131,completed,-31
Greedy,1635,3658959723,3103278,3103528,250,completed,-14
Greedy,1638,3037662008,3103578,3103712,134,completed,-31
Greedy,1639,3037662008,3103680,3104002,322,completed,-31
Greedy,1640,3037662008,3103881,3104111,230,completed,-31
Greedy,1641,3037662008,3103981,3104214,233,completed,-31
Greedy,1642,3037662008,3104081,3104317,236,completed,-31
Greedy,1643,3037662008,3104181,3104420,239,completed,-31
Greedy,1644,3037662008,3104281,3104523,242,completed,-31
Greedy,1645,3037662008,3104381,3104626,245,completed,-31
Greedy,1646,3037662008,3104481,3104729,248,completed,-31
Greedy,1647,3037662008,3104581,3104831,250,completed,-31
Greedy,1648,3037662008,3104681,3105004,323,completed,-31
Greedy,1649,3037662008,3104876,3105198,322,completed,-31
Greedy,1650,3037662008,3104976,3105301,325,completed,-31
Greedy,1651,3037662008,3105078,3105404,326,completed,-31
Greedy,1654,3658959723,3105379,3105518,139,completed,-12
Greedy,1655,3658959723,3105479,3105621,142,completed,-12
Greedy,1652,3037662008,3105178,3105507,329,completed,-31
Greedy,1653,3037662008,3105278,3105609,331,completed,-31
Greedy,1656,3658959723,3105579,3105724,145,completed,-12
Greedy,1657,3658959723,3105680,3106015,335,completed,-12
Greedy,1658,3658959723,3105882,3106125,243,completed,-12
Greedy,1659,3658959723,3105982,3106228,246,completed,-12
Greedy,1660,3658959723,3106082,3106331,249,completed,-12
Greedy,1661,3658959723,3106182,3106434,252,completed,-12
Greedy,1662,3658959723,3106282,3106537,255,completed,-12
Greedy,1663,3658959723,3106382,3106640,258,completed,-12
Greedy,1664,3658959723,3106482,3106743,261,completed,-12
Greedy,1665,3658959723,3106582,3106846,264,completed,-12
Greedy,1666,3658959723,3106682,3106948,266,completed,-12
Greedy,1667,3658959723,3106885,3107051,166,completed,-12
Greedy,1668,3658959723,3106985,3107154,169,completed,-12
Greedy,1669,3658959723,3107085,3107257,172,completed,-12
Greedy,1670,3658959723,3107185,3107360,175,completed,-12
Greedy,1671,3658959723,3107285,3107462,177,completed,-12
Greedy,1673,3037662008,3107485,3107612,127,completed,-28
Greedy,1672,3658959723,3107385,3107565,180,completed,-12
Greedy,1674,3037662008,3107585,3107722,137,completed,-28
Greedy,1675,3037662008,3107685,3108016,331,completed,-28
Greedy,1676,3037662008,3107886,3108119,233,completed,-28
Greedy,1677,3037662008,3107986,3108222,236,completed,-28
Greedy,1678,3037662008,3108086,3108325,239,completed,-28
Greedy,1679,3037662008,3108186,3108428,242,completed,-28
Greedy,1680,3037662008,3108286,3108531,245,completed,-28
Greedy,1681,3037662008,3108386,3108634,248,completed,-28
Greedy,1682,3037662008,3108486,3108737,251,completed,-28
Greedy,1683,3037662008,3108586,3108840,254,completed,-28
Greedy,1684,3037662008,3108686,3109010,324,completed,-28
Greedy,1685,3037662008,3108889,3109113,224,completed,-28
Greedy,1686,3658959723,3111100,3111436,336,completed,-12
Greedy,1687,3658959723,3111306,3111539,233,completed,-12
Greedy,1688,3037662008,3111406,3111573,167,completed,-31
Greedy,1689,3037662008,3111506,3111689,183,completed,-31
Greedy,1690,3037662008,3111606,3111797,191,completed,-31
Greedy,1691,3037662008,3111706,3111900,194,completed,-31
Greedy,1692,3037662008,3111806,3112003,197,completed,-31
Greedy,1693,3037662008,3111906,3112106,200,completed,-31
Greedy,1694,3037662008,3112006,3112209,203,completed,-31
Greedy,1695,3037662008,3112301,3112435,134,completed,-31
Greedy,1696,3037662008,3112406,3112538,132,completed,-31
Greedy,1697,3037662008,3112506,3112641,135,completed,-31
Greedy,1698,3037662008,3112606,3112744,138,completed,-31
Greedy,1699,3037662008,3112706,3112847,141,completed,-31
Greedy,1700,3037662008,3112806,3112950,144,completed,-31
Greedy,1701,3037662008,3112906,3113053,147,completed,-31
Greedy,1702,3037662008,3113006,3113156,150,completed,-31
Greedy,1703,3037662008,3113304,3113461,157,completed,-30
Greedy,1704,3658959723,3113404,3113543,139,completed,-12
Greedy,1705,3658959723,3113504,3113653,149,completed,-12
Greedy,1706,3658959723,3113604,3113756,152,completed,-12
Greedy,1707,3658959723,3113704,3113860,156,completed,-12
Greedy,1708,3658959723,3113804,3113963,159,completed,-12
Greedy,1709,3658959723,3113904,3114066,162,completed,-12
Greedy,1710,3658959723,3114004,3114169,165,completed,-12
Greedy,1711,3658959723,3114104,3114436,332,completed,-12
Greedy,1712,3658959723,3114304,3114539,235,completed,-12
Greedy,1713,3658959723,3114404,3114644,240,completed,-12
Greedy,1714,3658959723,3114504,3114747,243,completed,-12
Greedy,1715,3658959723,3114604,3114850,246,completed,-12
Greedy,1716,3658959723,3114704,3114953,249,completed,-12
Greedy,1717,3658959723,3114804,3115055,251,completed,-12
Greedy,1718,3658959723,3114904,3115158,254,completed,-12
Greedy,1719,3658959723,3115004,3115261,257,completed,-12
Greedy,1720,3658959723,3115104,3115363,259,completed,-12
Greedy,1721,3658959723,3115308,3115466,158,completed,-14
Greedy,1723,3037662008,3115508,3115636,128,completed,-29
Greedy,1724,3037662008,3115608,3115753,145,completed,-29
Greedy,1722,3658959723,3115408,3115568,160,completed,-14
Greedy,1725,3037662008,3115708,3115856,148,completed,-29
Greedy,1726,3037662008,3115808,3115959,151,completed,-29
Greedy,1727,3037662008,3115908,3116062,154,completed,-29
Greedy,1728,3037662008,3116008,3116165,157,completed,-29
Greedy,1729,3037662008,3116108,3116430,322,completed,-29
Greedy,1730,3037662008,3116309,3116533,224,completed,-29
Greedy,1731,3037662008,3116409,3116639,230,completed,-29
Greedy,1732,3037662008,3116509,3116742,233,completed,-29
Greedy,1733,3037662008,3116609,3116845,236,completed,-29
Greedy,1734,3037662008,3116709,3116948,239,completed,-29
Greedy,1735,3037662008,3116809,3117051,242,completed,-29
Greedy,1736,3037662008,3116909,3117154,245,completed,-29
Greedy,1737,3037662008,3117009,3117257,248,completed,-29
Greedy,1740,3658959723,3117413,3117553,140,completed,-13
Greedy,1738,3037662008,3117110,3117434,324,completed,-30
Greedy,1741,3658959723,3117513,3117656,143,completed,-13
Greedy,1742,3658959723,3117613,3117759,146,completed,-13
Greedy,1743,3658959723,3117713,3117862,149,completed,-13
Greedy,1739,3037662008,3117313,3117536,223,completed,-30
Greedy,1744,3658959723,3117813,3117965,152,completed,-13
Greedy,1745,3658959723,3117913,3118068,155,completed,-13
Greedy,1746,3658959723,3118013,3118171,158,completed,-13
Greedy,1747,3658959723,3118113,3118448,335,completed,-13
Greedy,1748,3658959723,3118308,3118641,333,completed,-13
Greedy,1749,3658959723,3118412,3118744,332,completed,-13
Greedy,1750,3658959723,3118512,3118847,335,completed,-13
Greedy,1751,3658959723,3118617,3118950,333,completed,-13
Greedy,1752,3658959723,3118721,3119053,332,completed,-13
Greedy,1753,3658959723,3118821,3119156,335,completed,-13
Greedy,1754,3658959723,3118922,3119259,337,completed,-13
Greedy,1755,3658959723,3119022,3119360,338,completed,-13
Greedy,1757,3037662008,3119414,3119545,131,completed,-32
Greedy,1758,3037662008,3119514,3119648,134,completed,-32
Greedy,1756,3658959723,3119313,3119463,150,completed,-12
Greedy,1759,3037662008,3119614,3119751,137,completed,-32
Greedy,1760,3037662008,3119714,3119854,140,completed,-32
Greedy,1761,3037662008,3119814,3119957,143,completed,-32
Greedy,1762,3037662008,3119914,3120060,146,completed,-32
Greedy,1763,3037662008,3120014,3120163,149,completed,-32
Greedy,1764,3037662008,3120114,3120266,152,completed,-32
Greedy,1765,3037662008,3120315,3120445,130,completed,-32
Greedy,1766,3037662008,3120415,3120548,133,completed,-32
Greedy,1767,3037662008,3120515,3120651,136,completed,-32
Greedy,1768,3037662008,3120615,3120754,139,completed,-32
Greedy,1769,3037662008,3120715,3120857,142,completed,-32
Greedy,1770,3037662008,3120815,3120960,145,completed,-32
Greedy,1771,3037662008,3120915,3121063,148,completed,-32
Greedy,1772,3037662008,3121015,3121166,151,completed,-32
Greedy,1773,3037662008,3121115,3121269,154,completed,-32
Greedy,1775,3658959723,3121415,3121556,141,completed,-12
Greedy,1776,3658959723,3121515,3121665,150,completed,-12
Greedy,1777,3658959723,3121615,3121768,153,completed,-12
Greedy,1778,3658959723,3121715,3121871,156,completed,-12
Greedy,1774,3037662008,3121315,3121447,132,completed,-30
Greedy,1779,3658959723,3121815,3121974,159,completed,-12
Greedy,1780,3658959723,3121915,3122077,162,completed,-12
Greedy,1781,3658959723,3122015,3122180,165,completed,-12
Greedy,1782,3658959723,3122115,3122283,168,completed,-12
Greedy,1783,3658959723,3122317,3122463,146,completed,-12
Greedy,1784,3658959723,3122417,3122578,161,completed,-12
Greedy,1785,3658959723,3122517,3122681,164,completed,-12
Greedy,1786,3658959723,3122617,3122792,175,completed,-12
Greedy,1787,3658959723,3122717,3122895,178,completed,-12
Greedy,1788,3658959723,3122817,3122998,181,completed,-12
Greedy,1789,3658959723,3122917,3123101,184,completed,-12
Greedy,1790,3658959723,3123017,3123204,187,completed,-12
Greedy,1791,3658959723,3123117,3123452,335,completed,-14
Greedy,1792,3658959723,3123319,3123555,236,completed,-14
Greedy,1793,3037662008,3123419,3123548,129,completed,-28
Greedy,1794,3037662008,3123519,3123651,132,completed,-28
Greedy,1795,3037662008,3123619,3123754,135,completed,-28
Greedy,1796,3037662008,3123719,3123857,138,completed,-28
Greedy,1797,3037662008,3123819,3123960,141,completed,-28
Greedy,1798,3037662008,3123919,3124063,144,completed,-28
Greedy,1799,3037662008,3124019,3124166,147,completed,-28
Greedy,1800,3037662008,3124119,3124459,340,completed,-28
Greedy,1801,3037662008,3124314,3124562,248,completed,-28
Greedy,1802,3037662008,3124414,3124665,251,completed,-28
Greedy,1803,3037662008,3124514,3124767,253,completed,-28
Greedy,1804,3037662008,3124614,3124870,256,completed,-28
Greedy,1805,3037662008,3124714,3124973,259,completed,-28
Greedy,1806,3037662008,3124814,3125076,262,completed,-28
Greedy,1807,3037662008,3124914,3125179,265,completed,-28
Greedy,1808,3037662008,3125014,3125282,268,completed,-28
Greedy,1811,3658959723,3125419,3125559,140,completed,-12
Greedy,1812,3658959723,3125519,3125662,143,completed,-12
Greedy,1813,3658959723,3125619,3125765,146,completed,-12
Greedy,1814,3658959723,3125719,3125868,149,completed,-12
Greedy,1809,3037662008,3125114,3125384,270,completed,-30
Greedy,1815,3658959723,3125819,3125971,152,completed,-12
Greedy,1816,3658959723,3125919,3126074,155,completed,-12
Greedy,1817,3658959723,3126019,3126177,158,completed,-12
Greedy,1810,3037662008,3125319,3125485,166,completed,-30
Greedy,1818,3658959723,3126119,3126280,161,completed,-12
Greedy,SUMMARY,ALL,0,0,121828,batch_complete,0
----------------,---,---,---,---,---,----------------,---
Greedy,1819,3658959723,3126330,3126473,143,completed,-12
Greedy,1820,3658959723,3198404,3198645,241,completed,-11
Greedy,1821,3658959723,3198504,3198770,266,completed,-11
Greedy,1822,3658959723,3198604,3198890,286,completed,-11
Greedy,1823,3658959723,3198704,3198993,289,completed,-11
Greedy,1824,3658959723,3198804,3199096,292,completed,-11
Greedy,1825,3658959723,3198904,3199199,295,completed,-11
Greedy,1826,3658959723,3199004,3199302,298,completed,-11
Greedy,1827,3658959723,3199104,3199404,300,completed,-11
Greedy,1828,3658959723,3199385,3199527,142,completed,-12
Greedy,1829,3658959723,3199485,3199629,144,completed,-12
Greedy,1830,3658959723,3199585,3199732,147,completed,-12
Greedy,1831,3658959723,3199685,3199835,150,completed,-12
Greedy,1832,3658959723,3199785,3199938,153,completed,-12
Greedy,1833,3658959723,3199885,3200041,156,completed,-12
Greedy,1834,3658959723,3199985,3200144,159,completed,-12
Greedy,1835,3658959723,3200085,3200247,162,completed,-12
Greedy,1836,3658959723,3200185,3200350,165,completed,-12
Greedy,1837,3658959723,3200390,3200531,141,completed,-12
Greedy,1838,3658959723,3200490,3200640,150,completed,-12
Greedy,1839,3658959723,3200590,3200743,153,completed,-12
Greedy,1840,3658959723,3200690,3200846,156,completed,-12
Greedy,1841,3658959723,3200790,3200948,158,completed,-12
Greedy,1842,3658959723,3200890,3201051,161,completed,-12
Greedy,1843,3658959723,3200990,3201154,164,completed,-12
Greedy,1844,3658959723,3201090,3201257,167,completed,-12
Greedy,1845,3658959723,3201190,3201524,334,completed,-12
Greedy,1846,3658959723,3201393,3201627,234,completed,-12
Greedy,1847,3658959723,3201493,3201733,240,completed,-12
Greedy,1848,3658959723,3201593,3201836,243,completed,-12
Greedy,1849,3658959723,3201693,3201939,246,completed,-12
Greedy,1850,3658959723,3201793,3202042,249,completed,-12
Greedy,1851,3658959723,3201893,3202145,252,completed,-12
Greedy,1852,3658959723,3201993,3202247,254,completed,-12
Greedy,1853,3658959723,3202093,3202350,257,completed,-12
Greedy,1854,3658959723,3202391,3202531,140,completed,-12
Greedy,1855,3658959723,3202491,3202640,149,completed,-12
Greedy,1856,3658959723,3202591,3202743,152,completed,-12
Greedy,1857,3658959723,3202691,3202846,155,completed,-12
Greedy,1858,3658959723,3202791,3202949,158,completed,-12
Greedy,1859,3658959723,3202891,3203052,161,completed,-12
Greedy,1860,3658959723,3202991,3203155,164,completed,-12
Greedy,1861,3658959723,3203091,3203258,167,completed,-12
Greedy,1862,3658959723,3203191,3203361,170,completed,-12
Greedy,1863,3658959723,3203393,3203536,143,completed,-12
Greedy,1864,3658959723,3203493,3203639,146,completed,-12
Greedy,1865,3658959723,3203593,3203741,148,completed,-12
Greedy,1866,3658959723,3203693,3203844,151,completed,-12
Greedy,1867,3658959723,3203793,3203947,154,completed,-12
Greedy,1868,3658959723,3203893,3204050,157,completed,-12
Greedy,1869,3658959723,3203993,3204153,160,completed,-12
Greedy,1870,3658959723,3204093,3204255,162,completed,-12
Greedy,1871,3658959723,3204193,3204526,333,completed,-12
Greedy,1872,3658959723,3204393,3204629,236,completed,-12
Greedy,1873,3658959723,3204493,3204733,240,completed,-12
Greedy,1874,3658959723,3204593,3204836,243,completed,-12
Greedy,1875,3658959723,3204693,3204939,246,completed,-12
Greedy,1876,3658959723,3204793,3205042,249,completed,-12
Greedy,1877,3658959723,3204893,3205145,252,completed,-12
Greedy,1878,3658959723,3204993,3205248,255,completed,-12
Greedy,1879,3658959723,3205093,3205351,258,completed,-12
Greedy,1880,3658959723,3205193,3205453,260,completed,-12
Greedy,1881,3658959723,3205396,3205555,159,completed,-12
Greedy,1883,3037662008,3205596,3205724,128,completed,-29
Greedy,1884,3037662008,3205696,3205834,138,completed,-29
Greedy,1882,3658959723,3205496,3205656,160,completed,-12
Greedy,1885,3037662008,3205796,3205943,147,completed,-29
Greedy,1886,3037662008,3205896,3206045,149,completed,-29
Greedy,1887,3037662008,3205996,3206148,152,completed,-29
Greedy,1888,3037662008,3206096,3206251,155,completed,-29
Greedy,1889,3037662008,3206196,3206518,322,completed,-29
Greedy,1890,3037662008,3206396,3206628,232,completed,-29
Greedy,1891,3037662008,3206496,3206731,235,completed,-29
Greedy,1892,3037662008,3206596,3206834,238,completed,-29
Greedy,1893,3037662008,3206696,3206937,241,completed,-29
Greedy,1894,3037662008,3206796,3207040,244,completed,-29
Greedy,1895,3037662008,3206896,3207143,247,completed,-29
Greedy,1896,3037662008,3206996,3207246,250,completed,-29
Greedy,1897,3037662008,3207096,3207348,252,completed,-29
Greedy,1899,3658959723,3207402,3207544,142,completed,-11
Greedy,1900,3658959723,3207502,3207647,145,completed,-11
Greedy,1898,3037662008,3207196,3207523,327,completed,-32
Greedy,1901,3658959723,3207602,3207750,148,completed,-11
Greedy,1902,3658959723,3207702,3207853,151,completed,-11
Greedy,1903,3658959723,3207802,3207956,154,completed,-11
Greedy,1904,3658959723,3207902,3208059,157,completed,-11
Greedy,1905,3658959723,3208002,3208162,160,completed,-11
Greedy,1906,3658959723,3208102,3208265,163,completed,-11
Greedy,1907,3658959723,3208395,3208538,143,completed,-11
Greedy,1908,3658959723,3208495,3208640,145,completed,-11
Greedy,1909,3658959723,3208595,3208743,148,completed,-11
Greedy,1910,3658959723,3208695,3208846,151,completed,-11
Greedy,1911,3658959723,3208795,3208949,154,completed,-11
Greedy,1912,3658959723,3208895,3209052,157,completed,-11
Greedy,1913,3658959723,3208995,3209155,160,completed,-11
Greedy,1914,3658959723,3209095,3209258,163,completed,-11
Greedy,1915,3658959723,3209195,3209361,166,completed,-11
Greedy,1916,3658959723,3209399,3209539,140,completed,-12
Greedy,1917,3658959723,3209499,3209642,143,completed,-12
Greedy,1918,3658959723,3209599,3209745,146,completed,-12
Greedy,1919,3658959723,3209699,3209848,149,completed,-12
Greedy,1920,3658959723,3209799,3209951,152,completed,-12
Greedy,1921,3658959723,3209899,3210054,155,completed,-12
Greedy,1922,3658959723,3209999,3210157,158,completed,-12
Greedy,1923,3658959723,3210099,3210259,160,completed,-12
Greedy,1924,3658959723,3210199,3210532,333,completed,-12
Greedy,1925,3658959723,3210399,3210641,242,completed,-12
Greedy,1926,3658959723,3210499,3210744,245,completed,-12
Greedy,1927,3658959723,3210599,3210847,248,completed,-12
Greedy,1928,3658959723,3210699,3210949,250,completed,-12
Greedy,1929,3658959723,3210799,3211051,252,completed,-12
Greedy,1930,3658959723,3210899,3211154,255,completed,-12
Greedy,1931,3658959723,3210999,3211257,258,completed,-12
Greedy,1932,3658959723,3211099,3211360,261,completed,-12
Greedy,1933,3658959723,3211199,3211462,263,completed,-12
Greedy,1934,3658959723,3211402,3211564,162,completed,-12
Greedy,1936,3037662008,3211602,3211733,131,completed,-27
Greedy,1937,3037662008,3211702,3211836,134,completed,-27
Greedy,1938,3037662008,3211802,3211939,137,completed,-27
Greedy,1935,3658959723,3211502,3211666,164,completed,-12
Greedy,1939,3037662008,3211902,3212042,140,completed,-27
Greedy,1940,3037662008,3212002,3212145,143,completed,-27
Greedy,1941,3037662008,3212102,3212248,146,completed,-27
Greedy,1942,3037662008,3212202,3212524,322,completed,-27
Greedy,1943,3037662008,3212403,3212627,224,completed,-27
Greedy,1944,3037662008,3212503,3212731,228,completed,-27
Greedy,1945,3037662008,3212603,3212834,231,completed,-27
Greedy,1946,3037662008,3212703,3212937,234,completed,-27
Greedy,1947,3037662008,3212803,3213040,237,completed,-27
Greedy,1948,3037662008,3212903,3213143,240,completed,-27
Greedy,1949,3037662008,3213003,3213246,243,completed,-27
Greedy,1950,3037662008,3213103,3213348,245,completed,-27
Greedy,1951,3037662008,3213203,3213528,325,completed,-29
Greedy,1952,3037662008,3213401,3213630,229,completed,-29
Greedy,1953,3658959723,3215612,3215946,334,completed,-11
Greedy,1954,3658959723,3215813,3216108,295,completed,-11
Greedy,1955,3658959723,3215917,3216384,467,completed,-11
Greedy,1956,3658959723,3216017,3216669,652,completed,-11
Greedy,1957,3658959723,3216117,3216947,830,completed,-11
Greedy,1958,3658959723,3216217,3217049,832,completed,-11
Greedy,1959,3658959723,3216317,3217209,892,completed,-11
Greedy,1960,3658959723,3216423,3217486,1063,completed,-13
Greedy,1961,3658959723,3216523,3217587,1064,completed,-13
Greedy,1962,3658959723,3216810,3217713,903,completed,-13
Greedy,1963,3658959723,3216910,3217815,905,completed,-13
Greedy,1972,3037662008,3217920,3218050,130,completed,-27
Greedy,1964,3658959723,3217010,3217950,940,completed,-13
Greedy,1973,3037662008,3218020,3218153,133,completed,-27
Greedy,1974,3037662008,3218120,3218256,136,completed,-27
Greedy,1975,3037662008,3218220,3218359,139,completed,-27
Greedy,1965,3658959723,3217110,3218052,942,completed,-13
Greedy,1976,3037662008,3218320,3218462,142,completed,-27
Greedy,1977,3037662008,3218420,3218570,150,completed,-27
Greedy,1978,3037662008,3218520,3218673,153,completed,-27
Greedy,1966,3658959723,3217210,3218154,944,completed,-13
Greedy,1979,3037662008,3218816,3218949,133,completed,-27
Greedy,1980,3037662008,3218916,3219059,143,completed,-27
Greedy,1967,3658959723,3217310,3218256,946,completed,-13
Greedy,1968,3658959723,3217410,3218357,947,completed,-13
Greedy,1981,3037662008,3219016,3219165,149,completed,-27
Greedy,1982,3037662008,3219116,3219268,152,completed,-27
Greedy,1969,3658959723,3217510,3218459,949,completed,-13
Greedy,1983,3037662008,3219216,3219371,155,completed,-27
Greedy,1970,3658959723,3217610,3218561,951,completed,-13
Greedy,1984,3037662008,3219316,3219474,158,completed,-30
Greedy,1971,3658959723,3217816,3218663,847,completed,-13
Greedy,1985,3037662008,3219416,3219575,159,completed,-30
Greedy,1986,3658959723,3219516,3219657,141,completed,-12
Greedy,1987,3658959723,3219616,3219759,143,completed,-12
Greedy,1988,3658959723,3219823,3220012,189,completed,-12
Greedy,1989,3658959723,3219923,3220115,192,completed,-12
Greedy,1990,3658959723,3220023,3220218,195,completed,-12
Greedy,1991,3658959723,3220123,3220321,198,completed,-12
Greedy,1992,3658959723,3220223,3220424,201,completed,-12
Greedy,1993,3658959723,3220323,3220527,204,completed,-12
Greedy,1994,3658959723,3220431,3220630,199,completed,-12
Greedy,1995,3658959723,3220531,3220733,202,completed,-12
Greedy,1996,3658959723,3220814,3220956,142,completed,-12
Greedy,1997,3658959723,3220914,3221065,151,completed,-12
Greedy,1998,3658959723,3221014,3221168,154,completed,-12
Greedy,1999,3658959723,3221114,3221271,157,completed,-12
Greedy,2000,3658959723,3221214,3221374,160,completed,-12
Greedy,2002,3037662008,3221420,3221550,130,completed,-27
Greedy,2001,3658959723,3221314,3221477,163,completed,-12
Greedy,2003,3037662008,3221520,3221660,140,completed,-27
Greedy,2004,3037662008,3221621,3221952,331,completed,-27
Greedy,2005,3037662008,3221824,3222061,237,completed,-27
Greedy,2006,3037662008,3221924,3222171,247,completed,-27
Greedy,2007,3037662008,3222024,3222274,250,completed,-27
Greedy,2008,3037662008,3222124,3222378,254,completed,-27
Greedy,2009,3037662008,3222224,3222481,257,completed,-27
Greedy,2010,3037662008,3222324,3222584,260,completed,-27
Greedy,2011,3037662008,3222424,3222687,263,completed,-27
Greedy,2012,3037662008,3222524,3222789,265,completed,-27
Greedy,2013,3037662008,3222624,3222949,325,completed,-27
Greedy,2014,3037662008,3222819,3223052,233,completed,-27
Greedy,2015,3037662008,3222919,3223155,236,completed,-27
Greedy,2016,3037662008,3223019,3223258,239,completed,-27
Greedy,2017,3037662008,3223119,3223361,242,completed,-27
Greedy,2018,3037662008,3223219,3223464,245,completed,-29
Greedy,2019,3037662008,3223319,3223566,247,completed,-29
Greedy,2021,3658959723,3223519,3223659,140,completed,-11
Greedy,2020,3037662008,3223419,3223667,248,completed,-29
Greedy,2022,3658959723,3223619,3223962,343,completed,-11
Greedy,2023,3658959723,3223828,3224071,243,completed,-11
Greedy,2024,3658959723,3223928,3224174,246,completed,-11
Greedy,2025,3658959723,3224028,3224277,249,completed,-11
Greedy,2026,3658959723,3224128,3224380,252,completed,-11
Greedy,2027,3658959723,3224228,3224483,255,completed,-11
Greedy,2028,3658959723,3224328,3224586,258,completed,-11
Greedy,2029,3658959723,3224437,3224689,252,completed,-11
Greedy,2030,3658959723,3224537,3224792,255,completed,-11
Greedy,2031,3658959723,3224827,3224973,146,completed,-11
Greedy,2032,3658959723,3224927,3225076,149,completed,-11
Greedy,2033,3658959723,3225027,3225179,152,completed,-11
Greedy,2034,3658959723,3225127,3225282,155,completed,-11
Greedy,2035,3658959723,3225227,3225385,158,completed,-11
Greedy,2036,3658959723,3225327,3225488,161,completed,-12
Greedy,2037,3658959723,3225427,3225589,162,completed,-12
Greedy,2038,3037662008,3225527,3225657,130,completed,-27
Greedy,2039,3037662008,3225629,3225959,330,completed,-27
Greedy,2040,3037662008,3225834,3226062,228,completed,-27
Greedy,2041,3037662008,3225934,3226165,231,completed,-27
Greedy,2042,3037662008,3226034,3226269,235,completed,-27
Greedy,2043,3037662008,3226134,3226372,238,completed,-27
Greedy,2044,3037662008,3226234,3226475,241,completed,-27
Greedy,2045,3037662008,3226334,3226578,244,completed,-27
Greedy,2046,3037662008,3226436,3226681,245,completed,-27
Greedy,2047,3037662008,3226536,3226783,247,completed,-27
Greedy,2048,3037662008,3226826,3226956,130,completed,-27
Greedy,2049,3037662008,3226926,3227059,133,completed,-27
Greedy,2050,3037662008,3227026,3227162,136,completed,-27
Greedy,2051,3037662008,3227126,3227265,139,completed,-27
Greedy,2052,3037662008,3227226,3227368,142,completed,-27
Greedy,2054,3658959723,3227426,3227567,141,completed,-11
Greedy,2053,3037662008,3227326,3227471,145,completed,-29
Greedy,2055,3658959723,3227526,3227676,150,completed,-11
Greedy,2056,3658959723,3227626,3228060,434,completed,-11
Greedy,2057,3658959723,3227833,3228163,330,completed,-11
Greedy,2058,3658959723,3227933,3228266,333,completed,-11
Greedy,2059,3658959723,3228035,3228369,334,completed,-11
Greedy,2060,3658959723,3228139,3228472,333,completed,-11
Greedy,2061,3658959723,3228240,3228575,335,completed,-11
Greedy,2062,3658959723,3228342,3228678,336,completed,-11
Greedy,2063,3658959723,3228442,3228781,339,completed,-11
Greedy,2064,3658959723,3228542,3228883,341,completed,-11
Greedy,2065,3658959723,3228832,3228985,153,completed,-11
Greedy,2066,3658959723,3228932,3229087,155,completed,-11
Greedy,2067,3658959723,3229032,3229190,158,completed,-11
Greedy,2068,3658959723,3229132,3229293,161,completed,-11
Greedy,2069,3658959723,3229232,3229396,164,completed,-11
Greedy,2071,3037662008,3229432,3229561,129,completed,-27
Greedy,2070,3658959723,3229332,3229498,166,completed,-12
Greedy,2072,3037662008,3229532,3229664,132,completed,-27
Greedy,2073,3037662008,3229634,3229958,324,completed,-27
Greedy,2074,3037662008,3229835,3230061,226,completed,-27
Greedy,2075,3037662008,3229935,3230168,233,completed,-27
Greedy,2076,3037662008,3230035,3230271,236,completed,-27
Greedy,2077,3037662008,3230135,3230374,239,completed,-27
Greedy,2078,3037662008,3230235,3230477,242,completed,-27
Greedy,2079,3037662008,3230335,3230580,245,completed,-27
Greedy,2080,3037662008,3230435,3230683,248,completed,-27
Greedy,2081,3037662008,3230535,3230785,250,completed,-27
Greedy,2082,3037662008,3230635,3230960,325,completed,-27
Greedy,2083,3037662008,3230833,3231063,230,completed,-27
Greedy,2084,3658959723,3233045,3233378,333,completed,-11
Greedy,2085,3658959723,3233246,3233494,248,completed,-12
Greedy,2086,3658959723,3233354,3233597,243,completed,-12
Greedy,2087,3037662008,3233454,3233762,308,completed,-29
Greedy,2088,3037662008,3233554,3234037,483,completed,-29
Greedy,2089,3037662008,3233654,3234371,717,completed,-29
Greedy,2090,3037662008,3233754,3234474,720,completed,-29
Greedy,2091,3037662008,3233854,3234577,723,completed,-29
Greedy,2092,3037662008,3233954,3234680,726,completed,-29
Greedy,2093,3037662008,3234248,3234783,535,completed,-29
Greedy,2094,3037662008,3234348,3234887,539,completed,-29
Greedy,2095,3037662008,3234449,3234990,541,completed,-29
Greedy,2096,3037662008,3234549,3235093,544,completed,-29
Greedy,2097,3037662008,3234649,3235197,548,completed,-29
Greedy,2098,3037662008,3234749,3235298,549,completed,-29
Greedy,2099,3037662008,3234849,3235401,552,completed,-29
Greedy,2104,3658959723,3235451,3235593,142,completed,-11
Greedy,2105,3658959723,3235551,3235696,145,completed,-11
Greedy,2106,3658959723,3235651,3235799,148,completed,-11
Greedy,2100,3037662008,3234949,3235504,555,completed,-29
Greedy,2107,3658959723,3235751,3235902,151,completed,-11
Greedy,2108,3658959723,3235851,3236005,154,completed,-11
Greedy,2109,3658959723,3235951,3236107,156,completed,-11
Greedy,2101,3037662008,3235050,3235605,555,completed,-29
Greedy,2110,3658959723,3236051,3236386,335,completed,-11
Greedy,2111,3658959723,3236246,3236489,243,completed,-11
Greedy,2102,3037662008,3235251,3235707,456,completed,-29
Greedy,2112,3658959723,3236346,3236592,246,completed,-11
Greedy,2113,3658959723,3236446,3236695,249,completed,-11
Greedy,2114,3658959723,3236546,3236798,252,completed,-11
Greedy,2103,3037662008,3235351,3235809,458,completed,-29
Greedy,2115,3658959723,3236646,3236901,255,completed,-11
Greedy,2116,3658959723,3236746,3237004,258,completed,-11
Greedy,2117,3658959723,3236846,3237107,261,completed,-11
Greedy,2118,3658959723,3236946,3237209,263,completed,-11
Greedy,2119,3658959723,3237046,3237311,265,completed,-11
Greedy,2120,3658959723,3237253,3237413,160,completed,-11
Greedy,2121,3658959723,3237353,3237516,163,completed,-12
Greedy,2122,3658959723,3237453,3237618,165,completed,-12
Greedy,2123,3037662008,3237553,3237701,148,completed,-28
Greedy,2124,3037662008,3237653,3237804,151,completed,-28
Greedy,2125,3037662008,3237753,3237907,154,completed,-28
Greedy,2126,3037662008,3237853,3238010,157,completed,-28
Greedy,2127,3037662008,3237953,3238113,160,completed,-28
Greedy,2128,3037662008,3238053,3238379,326,completed,-28
Greedy,2129,3037662008,3238248,3238482,234,completed,-28
Greedy,2130,3037662008,3238348,3238585,237,completed,-28
Greedy,2131,3037662008,3238448,3238688,240,completed,-28
Greedy,2132,3037662008,3238548,3238791,243,completed,-28
Greedy,2133,3037662008,3238648,3238894,246,completed,-28
Greedy,2134,3037662008,3238748,3238997,249,completed,-28
Greedy,2135,3037662008,3238848,3239100,252,completed,-28
Greedy,2136,3037662008,3238948,3239203,255,completed,-28
Greedy,2137,3037662008,3239048,3239305,257,completed,-28
Greedy,2138,3037662008,3239256,3239408,152,completed,-28
Greedy,2140,3658959723,3239456,3239598,142,completed,-11
Greedy,2141,3658959723,3239556,3239701,145,completed,-11
Greedy,2142,3658959723,3239656,3239803,147,completed,-11
Greedy,2139,3037662008,3239356,3239511,155,completed,-29
Greedy,2143,3658959723,3239756,3239906,150,completed,-11
Greedy,2144,3658959723,3239856,3240009,153,completed,-11
Greedy,2145,3658959723,3239956,3240112,156,completed,-11
Greedy,2146,3658959723,3240056,3240390,334,completed,-11
Greedy,2147,3658959723,3240256,3240499,243,completed,-11
Greedy,2148,3658959723,3240356,3240602,246,completed,-11
Greedy,2149,3658959723,3240456,3240705,249,completed,-11
Greedy,2150,3658959723,3240556,3240808,252,completed,-11
Greedy,2151,3658959723,3240656,3240911,255,completed,-11
Greedy,2152,3658959723,3240756,3241017,261,completed,-11
Greedy,2153,3658959723,3240856,3241120,264,completed,-11
Greedy,2154,3658959723,3240956,3241222,266,completed,-11
Greedy,2155,3658959723,3241056,3241392,336,completed,-11
Greedy,2156,3658959723,3241259,3241495,236,completed,-12
Greedy,2157,3658959723,3241359,3241597,238,completed,-12
Greedy,2158,3037662008,3241459,3241589,130,completed,-27
Greedy,2159,3037662008,3241559,3241692,133,completed,-27
Greedy,2160,3037662008,3241659,3241795,136,completed,-27
Greedy,2161,3037662008,3241759,3241898,139,completed,-27
Greedy,2162,3037662008,3241859,3242001,142,completed,-27
Greedy,2163,3037662008,3241959,3242104,145,completed,-27
Greedy,2164,3037662008,3242059,3242381,322,completed,-27
Greedy,2165,3037662008,3242259,3242489,230,completed,-27
Greedy,2166,3037662008,3242359,3242650,291,completed,-27
Greedy,2167,3037662008,3242459,3242753,294,completed,-27
Greedy,2168,3037662008,3242559,3242856,297,completed,-27
Greedy,2169,3037662008,3242659,3242959,300,completed,-27
Greedy,2170,3037662008,3242759,3243062,303,completed,-27
Greedy,2171,3037662008,3242859,3243165,306,completed,-27
Greedy,2172,3037662008,3242959,3243268,309,completed,-27
Greedy,2173,3037662008,3243059,3243370,311,completed,-27
Greedy,2176,3658959723,3243463,3243603,140,completed,-12
Greedy,2174,3037662008,3243263,3243473,210,completed,-30
Greedy,2177,3658959723,3243563,3243709,146,completed,-12
Greedy,2178,3658959723,3243663,3243812,149,completed,-12
Greedy,2175,3037662008,3243363,3243575,212,completed,-30
Greedy,2179,3658959723,3243763,3243915,152,completed,-12
Greedy,2180,3658959723,3243863,3244017,154,completed,-12
Greedy,2181,3658959723,3243963,3244120,157,completed,-12
Greedy,2182,3658959723,3244063,3244399,336,completed,-12
Greedy,2183,3658959723,3244258,3244511,253,completed,-12
Greedy,2184,3658959723,3244358,3244614,256,completed,-12
Greedy,2185,3658959723,3244458,3244720,262,completed,-12
Greedy,2186,3658959723,3244558,3244823,265,completed,-12
Greedy,2187,3658959723,3244658,3244926,268,completed,-12
Greedy,2188,3658959723,3244758,3245029,271,completed,-12
Greedy,2189,3658959723,3244858,3245132,274,completed,-12
Greedy,2190,3658959723,3244958,3245235,277,completed,-12
Greedy,2191,3658959723,3245058,3245398,340,completed,-12
Greedy,2192,3658959723,3245265,3245501,236,completed,-12
Greedy,2193,3658959723,3245365,3245604,239,completed,-12
Greedy,2194,3037662008,3245465,3245595,130,completed,-29
Greedy,2195,3037662008,3245565,3245698,133,completed,-29
Greedy,2196,3037662008,3245665,3245801,136,completed,-29
Greedy,2197,3037662008,3245765,3245904,139,completed,-29
Greedy,2198,3037662008,3245865,3246007,142,completed,-29
Greedy,2199,3037662008,3245965,3246110,145,completed,-29
Greedy,2200,3037662008,3246065,3246388,323,completed,-29
Greedy,2201,3037662008,3246265,3246498,233,completed,-29
Greedy,2202,3037662008,3246365,3246607,242,completed,-29
Greedy,2203,3037662008,3246465,3246710,245,completed,-29
Greedy,2204,3037662008,3246565,3246813,248,completed,-29
Greedy,2205,3037662008,3246665,3246916,251,completed,-29
Greedy,2206,3037662008,3246765,3247019,254,completed,-29
Greedy,2207,3037662008,3246865,3247122,257,completed,-29
Greedy,2208,3037662008,3246965,3247225,260,completed,-29
Greedy,2209,3037662008,3247065,3247326,261,completed,-29
Greedy,2210,3037662008,3247265,3247429,164,completed,-29
Greedy,2212,3658959723,3247465,3247605,140,completed,-11
Greedy,2213,3658959723,3247565,3247714,149,completed,-11
Greedy,2211,3037662008,3247365,3247531,166,completed,-29
Greedy,2214,3658959723,3247665,3247828,163,completed,-11
Greedy,2215,3658959723,3247765,3247931,166,completed,-11
Greedy,2216,3658959723,3247865,3248034,169,completed,-11
Greedy,2217,3658959723,3247965,3248137,172,completed,-11
Greedy,2218,3658959723,3248065,3248240,175,completed,-11
Greedy,2219,3658959723,3248268,3248412,144,completed,-11
Greedy,2220,3658959723,3250472,3250806,334,completed,-12
Greedy,2221,3658959723,3250674,3250909,235,completed,-12
Greedy,2222,3658959723,3250774,3251012,238,completed,-12
Greedy,2223,3658959723,3250874,3251115,241,completed,-12
Greedy,2224,3658959723,3250974,3251218,244,completed,-12
Greedy,2225,3658959723,3251074,3251321,247,completed,-12
Greedy,2226,3658959723,3251174,3251424,250,completed,-12
Greedy,2227,3658959723,3251274,3251527,253,completed,-12
Greedy,2228,3658959723,3251374,3251630,256,completed,-12
Greedy,2229,3037662008,3251474,3251806,332,completed,-28
Greedy,2230,3037662008,3251674,3251911,237,completed,-28
Greedy,2231,3037662008,3251774,3252014,240,completed,-28
Greedy,2232,3037662008,3251874,3252117,243,completed,-28
Greedy,2233,3037662008,3251974,3252219,245,completed,-28
Greedy,2234,3037662008,3252074,3252322,248,completed,-28
Greedy,2235,3037662008,3252174,3252425,251,completed,-28
Greedy,2236,3037662008,3252274,3252528,254,completed,-28
Greedy,2237,3037662008,3252374,3252631,257,completed,-28
Greedy,2238,3037662008,3252474,3252733,259,completed,-28
Greedy,2239,3037662008,3252679,3252836,157,completed,-28
Greedy,2240,3037662008,3252779,3252939,160,completed,-28
Greedy,2241,3037662008,3252879,3253042,163,completed,-28
Greedy,2242,3037662008,3252979,3253145,166,completed,-28
Greedy,2243,3037662008,3253079,3253248,169,completed,-28
Greedy,2244,3037662008,3253179,3253351,172,completed,-28
Greedy,2245,3037662008,3253279,3253454,175,completed,-30
Greedy,2246,3037662008,3253379,3253556,177,completed,-30
Greedy,2247,3658959723,3253479,3253811,332,completed,-11
Greedy,2248,3658959723,3253674,3253913,239,completed,-11
Greedy,2249,3658959723,3253774,3254016,242,completed,-11
Greedy,2250,3658959723,3253874,3254119,245,completed,-11
Greedy,2251,3658959723,3253974,3254222,248,completed,-11
Greedy,2252,3658959723,3254074,3254325,251,completed,-11
Greedy,2253,3658959723,3254174,3254428,254,completed,-11
Greedy,2254,3658959723,3254274,3254531,257,completed,-11
Greedy,2255,3658959723,3254374,3254634,260,completed,-11
Greedy,2256,3658959723,3254474,3254736,262,completed,-11
Greedy,2257,3658959723,3254679,3254837,158,completed,-11
Greedy,2258,3658959723,3254779,3254939,160,completed,-11
Greedy,2259,3658959723,3254879,3255040,161,completed,-11
Greedy,2260,3658959723,3254979,3255143,164,completed,-11
Greedy,2261,3658959723,3255079,3255246,167,completed,-11
Greedy,2262,3658959723,3255179,3255349,170,completed,-11
Greedy,2263,3658959723,3255279,3255452,173,completed,-12
Greedy,2265,3037662008,3255479,3255609,130,completed,-27
Greedy,2264,3658959723,3255379,3255555,176,completed,-12
Greedy,2266,3037662008,3255682,3255818,136,completed,-27
Greedy,2267,3037662008,3255782,3255921,139,completed,-27
Greedy,2268,3037662008,3255882,3256024,142,completed,-27
Greedy,2269,3037662008,3255982,3256127,145,completed,-27
Greedy,2270,3037662008,3256082,3256230,148,completed,-27
Greedy,2271,3037662008,3256182,3256333,151,completed,-27
Greedy,2272,3037662008,3256282,3256436,154,completed,-27
Greedy,2273,3037662008,3256382,3256539,157,completed,-27
Greedy,2274,3037662008,3256482,3256807,325,completed,-27
Greedy,2275,3037662008,3256684,3256913,229,completed,-27
Greedy,2276,3037662008,3256784,3257015,231,completed,-27
Greedy,2277,3037662008,3256884,3257118,234,completed,-27
Greedy,2278,3037662008,3256984,3257221,237,completed,-27
Greedy,2279,3037662008,3257084,3257324,240,completed,-27
Greedy,2280,3037662008,3257184,3257428,244,completed,-31
Greedy,2283,3658959723,3257484,3257820,336,completed,-11
Greedy,2284,3658959723,3257680,3257923,243,completed,-11
Greedy,2281,3037662008,3257284,3257530,246,completed,-31
Greedy,2285,3658959723,3257780,3258026,246,completed,-11
Greedy,2286,3658959723,3257880,3258129,249,completed,-11
Greedy,2287,3658959723,3257980,3258232,252,completed,-11
Greedy,2282,3037662008,3257384,3257632,248,completed,-31
Greedy,2288,3658959723,3258080,3258335,255,completed,-11
Greedy,2289,3658959723,3258180,3258438,258,completed,-11
Greedy,2290,3658959723,3258280,3258541,261,completed,-11
Greedy,2291,3658959723,3258380,3258644,264,completed,-11
Greedy,2292,3658959723,3258481,3258745,264,completed,-11
Greedy,2293,3658959723,3258684,3258846,162,completed,-11
Greedy,2294,3658959723,3258784,3258948,164,completed,-11
Greedy,2295,3658959723,3258884,3259050,166,completed,-11
Greedy,2296,3658959723,3258984,3259153,169,completed,-11
Greedy,2297,3658959723,3259084,3259256,172,completed,-11
Greedy,2298,3658959723,3259184,3259359,175,completed,-11
Greedy,2299,3658959723,3259284,3259462,178,completed,-14
Greedy,2300,3658959723,3259384,3259565,181,completed,-14
Greedy,2301,3037662008,3259484,3259613,129,completed,-29
Greedy,2302,3037662008,3259687,3259821,134,completed,-29
Greedy,2303,3037662008,3259787,3259936,149,completed,-29
Greedy,2304,3037662008,3259887,3260039,152,completed,-29
Greedy,2305,3037662008,3259987,3260142,155,completed,-29
Greedy,2306,3037662008,3260087,3260245,158,completed,-29
Greedy,2307,3037662008,3260187,3260348,161,completed,-29
Greedy,2308,3037662008,3260287,3260451,164,completed,-29
Greedy,2309,3037662008,3260387,3260554,167,completed,-29
Greedy,2310,3037662008,3260487,3260811,324,completed,-29
Greedy,2311,3037662008,3260689,3260914,225,completed,-29
Greedy,2312,3037662008,3260789,3261018,229,completed,-29
Greedy,2313,3037662008,3260889,3261121,232,completed,-29
Greedy,2314,3037662008,3260989,3261224,235,completed,-29
Greedy,2315,3037662008,3261089,3261327,238,completed,-29
Greedy,2316,3037662008,3261189,3261430,241,completed,-30
Greedy,2317,3037662008,3261289,3261532,243,completed,-30
Greedy,2319,3658959723,3261489,3261821,332,completed,-12
Greedy,2320,3658959723,3261684,3261930,246,completed,-12
Greedy,2321,3658959723,3261784,3262033,249,completed,-12
Greedy,2318,3037662008,3261389,3261634,245,completed,-30
Greedy,2322,3658959723,3261884,3262136,252,completed,-12
Greedy,2323,3658959723,3261984,3262239,255,completed,-12
Greedy,2324,3658959723,3262084,3262342,258,completed,-12
Greedy,2325,3658959723,3262184,3262445,261,completed,-12
Greedy,2326,3658959723,3262284,3262548,264,completed,-12
Greedy,2327,3658959723,3262384,3262651,267,completed,-12
Greedy,2328,3658959723,3262484,3262753,269,completed,-12
Greedy,2329,3658959723,3262689,3262855,166,completed,-12
Greedy,2330,3658959723,3262789,3262957,168,completed,-12
Greedy,2331,3658959723,3262889,3263059,170,completed,-12
Greedy,2332,3658959723,3262989,3263162,173,completed,-12
Greedy,2333,3658959723,3263089,3263265,176,completed,-12
Greedy,2334,3658959723,3263189,3263368,179,completed,-12
Greedy,2335,3658959723,3263289,3263471,182,completed,-13
Greedy,2336,3658959723,3263389,3263574,185,completed,-13
Greedy,2337,3037662008,3263489,3263618,129,completed,-30
Greedy,2338,3037662008,3263692,3263825,133,completed,-30
Greedy,2339,3037662008,3263792,3263927,135,completed,-30
Greedy,2340,3037662008,3263892,3264030,138,completed,-30
Greedy,2341,3037662008,3263992,3264133,141,completed,-30
Greedy,2342,3037662008,3264092,3264236,144,completed,-30
Greedy,2343,3037662008,3264192,3264339,147,completed,-30
Greedy,2344,3037662008,3264292,3264442,150,completed,-30
Greedy,2345,3037662008,3264392,3264545,153,completed,-30
Greedy,2346,3037662008,3264492,3264816,324,completed,-30
Greedy,2347,3037662008,3264694,3264919,225,completed,-30
Greedy,2348,3037662008,3264794,3265025,231,completed,-30
Greedy,2349,3037662008,3264894,3265128,234,completed,-30
Greedy,2350,3037662008,3264994,3265231,237,completed,-30
Greedy,2351,3037662008,3265094,3265334,240,completed,-30
Greedy,2352,3037662008,3265194,3265437,243,completed,-30
Greedy,2355,3658959723,3265494,3265828,334,completed,-12
Greedy,2353,3037662008,3265294,3265538,244,completed,-30
Greedy,2354,3037662008,3265394,3265640,246,completed,-30
Greedy,2356,3658959723,3265691,3268022,2331,completed,-12
Greedy,2357,3658959723,3267898,3268233,335,completed,-12
Greedy,2358,3658959723,3268107,3268353,246,completed,-12
Greedy,2359,3658959723,3268207,3268456,249,completed,-12
Greedy,2360,3658959723,3268307,3268559,252,completed,-12
Greedy,2361,3658959723,3268411,3268661,250,completed,-12
Greedy,2362,3658959723,3268511,3268764,253,completed,-12
Greedy,2363,3658959723,3268611,3268867,256,completed,-12
Greedy,2364,3658959723,3268711,3268970,259,completed,-12
Greedy,2365,3658959723,3268811,3269073,262,completed,-12
Greedy,2366,3658959723,3269099,3269244,145,completed,-12
Greedy,2367,3658959723,3269199,3269347,148,completed,-12
Greedy,2370,3037662008,3269499,3269629,130,completed,-28
Greedy,2368,3658959723,3269299,3269450,151,completed,-13
Greedy,2371,3037662008,3269599,3269732,133,completed,-28
Greedy,2372,3037662008,3269699,3269835,136,completed,-28
Greedy,2369,3658959723,3269399,3269552,153,completed,-13
Greedy,2373,3037662008,3269799,3269938,139,completed,-28
Greedy,2374,3037662008,3269899,3270041,142,completed,-28
Greedy,2375,3037662008,3270107,3270240,133,completed,-28
Greedy,2376,3037662008,3270207,3270343,136,completed,-28
Greedy,2377,3037662008,3270307,3270446,139,completed,-28
Greedy,2378,3037662008,3270407,3270549,142,completed,-28
Greedy,2379,3037662008,3270507,3270652,145,completed,-28
Greedy,2380,3037662008,3270607,3270755,148,completed,-28
Greedy,2381,3037662008,3270707,3270858,151,completed,-28
Greedy,2382,3037662008,3270807,3270961,154,completed,-28
Greedy,2383,3037662008,3271101,3271235,134,completed,-28
Greedy,2384,3037662008,3271201,3271338,137,completed,-28
Greedy,2387,3658959723,3271501,3271641,140,completed,-12
Greedy,2385,3037662008,3271301,3271441,140,completed,-31
Greedy,2388,3658959723,3271601,3271750,149,completed,-12
Greedy,2389,3658959723,3271701,3271860,159,completed,-12
Greedy,2386,3037662008,3271401,3271543,142,completed,-31
Greedy,2390,3658959723,3271801,3271963,162,completed,-12
Greedy,2391,3658959723,3271901,3272066,165,completed,-12
Greedy,2392,3658959723,3272105,3272430,325,completed,-12
Greedy,2393,3658959723,3272205,3272539,334,completed,-12
Greedy,2394,3658959723,3272305,3272642,337,completed,-12
Greedy,2395,3658959723,3272406,3272745,339,completed,-12
Greedy,2396,3658959723,3272506,3272848,342,completed,-12
Greedy,2397,3658959723,3272606,3272951,345,completed,-12
Greedy,2398,3658959723,3272706,3273053,347,completed,-12
Greedy,2399,3658959723,3272806,3273154,348,completed,-12
Greedy,2400,3658959723,3272906,3273256,350,completed,-12
Greedy,2405,3037662008,3273501,3273631,130,completed,-28
Greedy,2401,3658959723,3273101,3273483,382,completed,-14
Greedy,2406,3037662008,3273601,3273740,139,completed,-28
Greedy,2407,3037662008,3273701,3273843,142,completed,-28
Greedy,2402,3658959723,3273201,3273585,384,completed,-14
Greedy,2403,3658959723,3273301,3273686,385,completed,-14
Greedy,2408,3037662008,3273801,3273946,145,completed,-28
Greedy,2409,3037662008,3273901,3274049,148,completed,-28
Greedy,2404,3658959723,3273401,3273788,387,completed,-14
Greedy,2410,3037662008,3274112,3274361,249,completed,-28
Greedy,2411,3037662008,3274212,3274464,252,completed,-28
Greedy,2412,3037662008,3274312,3274567,255,completed,-28
Greedy,2413,3037662008,3274412,3274670,258,completed,-28
Greedy,2414,3037662008,3274512,3274773,261,completed,-28
Greedy,2415,3037662008,3274612,3274876,264,completed,-28
Greedy,2416,3037662008,3274712,3274979,267,completed,-28
Greedy,2417,3037662008,3274812,3275081,269,completed,-28
Greedy,2418,3037662008,3274912,3275236,324,completed,-28
Greedy,2419,3037662008,3275107,3275388,281,completed,-28
Greedy,2423,3658959723,3275507,3275648,141,completed,-12
Greedy,2420,3037662008,3275207,3275491,284,completed,-29
Greedy,2424,3658959723,3275607,3275757,150,completed,-12
Greedy,2425,3658959723,3275707,3275860,153,completed,-12
Greedy,2421,3037662008,3275307,3275592,285,completed,-29
Greedy,2422,3037662008,3275407,3275693,286,completed,-29
Greedy,2426,3658959723,3275807,3275963,156,completed,-12
Greedy,2427,3658959723,3275907,3276248,341,completed,-12
Greedy,2428,3658959723,3276114,3276351,237,completed,-12
Greedy,2429,3658959723,3276214,3276457,243,completed,-12
Greedy,2430,3658959723,3276314,3276560,246,completed,-12
Greedy,2431,3658959723,3276414,3276663,249,completed,-12
Greedy,2432,3658959723,3276514,3276766,252,completed,-12
Greedy,2433,3658959723,3276614,3276869,255,completed,-12
Greedy,2434,3658959723,3276714,3276972,258,completed,-12
Greedy,2435,3658959723,3276814,3277075,261,completed,-12
Greedy,2436,3658959723,3276914,3277177,263,completed,-12
Greedy,2437,3658959723,3277114,3277278,164,completed,-12
Greedy,2438,3658959723,3277214,3277381,167,completed,-12
Greedy,2439,3658959723,3277314,3277484,170,completed,-13
Greedy,2441,3037662008,3277514,3277644,130,completed,-28
Greedy,2442,3037662008,3277614,3277747,133,completed,-28
Greedy,2443,3037662008,3277714,3277850,136,completed,-28
Greedy,2440,3658959723,3277414,3277586,172,completed,-13
Greedy,2444,3037662008,3277814,3277953,139,completed,-28
Greedy,2445,3037662008,3277914,3278239,325,completed,-28
Greedy,2446,3037662008,3278117,3278342,225,completed,-28
Greedy,2447,3037662008,3278217,3278444,227,completed,-28
Greedy,2448,3037662008,3278317,3278564,247,completed,-28
Greedy,2449,3037662008,3278417,3278667,250,completed,-28
Greedy,2450,3037662008,3278517,3278770,253,completed,-28
Greedy,2451,3037662008,3278617,3278873,256,completed,-28
Greedy,2452,3037662008,3278717,3278976,259,completed,-28
Greedy,2453,3037662008,3278817,3279078,261,completed,-28
Greedy,2454,3037662008,3278917,3279241,324,completed,-28
Greedy,2455,3037662008,3279112,3279348,236,completed,-28
Greedy,2456,3037662008,3279214,3279450,236,completed,-31
Greedy,2459,3658959723,3279522,3279663,141,completed,-11
Greedy,2457,3037662008,3279314,3279552,238,completed,-31
Greedy,2460,3658959723,3279622,3279766,144,completed,-11
Greedy,2461,3658959723,3279722,3279869,147,completed,-11
Greedy,2458,3037662008,3279422,3279654,232,completed,-31
Greedy,2462,3658959723,3279822,3279972,150,completed,-11
Greedy,2463,3658959723,3280118,3280260,142,completed,-11
Greedy,2464,3658959723,3280218,3280369,151,completed,-11
Greedy,2465,3658959723,3280318,3280471,153,completed,-11
Greedy,2466,3658959723,3280424,3280589,165,completed,-11
Greedy,2467,3658959723,3280524,3280692,168,completed,-11
Greedy,2468,3658959723,3280624,3280795,171,completed,-11
Greedy,2469,3658959723,3280724,3280898,174,completed,-11
Greedy,2470,3658959723,3280824,3281001,177,completed,-11
Greedy,2471,3658959723,3281113,3281255,142,completed,-11
Greedy,2472,3658959723,3281213,3281482,269,completed,-13
Greedy,2473,3658959723,3281313,3281585,272,completed,-13
Greedy,2475,3037662008,3281513,3281642,129,completed,-27
Greedy,2476,3037662008,3281613,3281800,187,completed,-27
Greedy,2477,3037662008,3281713,3281903,190,completed,-27
Greedy,2474,3658959723,3281413,3281687,274,completed,-13
Greedy,2478,3037662008,3281813,3282006,193,completed,-27
Greedy,2479,3037662008,3281913,3282243,330,completed,-27
Greedy,2480,3037662008,3282120,3282353,233,completed,-27
Greedy,2481,3037662008,3282220,3282456,236,completed,-27
Greedy,2482,3037662008,3282320,3282559,239,completed,-27
Greedy,2483,3037662008,3282425,3282661,236,completed,-27
Greedy,2484,3037662008,3282525,3282764,239,completed,-27
Greedy,2485,3037662008,3282625,3282867,242,completed,-27
Greedy,2486,3037662008,3282725,3282970,245,completed,-27
Greedy,2487,3037662008,3282825,3283072,247,completed,-27
Greedy,2488,3037662008,3283118,3283250,132,completed,-27
Greedy,2489,3658959723,3285332,3285668,336,completed,-12
Greedy,2490,3658959723,3285539,3285776,237,completed,-12
Greedy,2491,3658959723,3285642,3285885,243,completed,-12
Greedy,2492,3658959723,3285742,3285995,253,completed,-12
Greedy,2493,3658959723,3285842,3286098,256,completed,-12
Greedy,2494,3658959723,3285942,3286201,259,completed,-12
Greedy,2495,3658959723,3286042,3286304,262,completed,-12
Greedy,2496,3658959723,3286142,3286407,265,completed,-12
Greedy,2497,3658959723,3286242,3286510,268,completed,-12
Greedy,2498,3658959723,3286539,3286681,142,completed,-12
Greedy,2499,3658959723,3286639,3286784,145,completed,-12
Greedy,2500,3658959723,3286739,3286887,148,completed,-12
Greedy,2501,3658959723,3286839,3286989,150,completed,-12
Greedy,2502,3658959723,3286939,3287092,153,completed,-12
Greedy,2503,3658959723,3287039,3287195,156,completed,-12
Greedy,2504,3658959723,3287139,3287298,159,completed,-12
Greedy,2505,3658959723,3287239,3287401,162,completed,-12
Greedy,2506,3658959723,3287544,3287688,144,completed,-13
Greedy,2507,3658959723,3287644,3287791,147,completed,-13
Greedy,2508,3658959723,3287744,3287894,150,completed,-13
Greedy,2509,3658959723,3287844,3287997,153,completed,-13
Greedy,2510,3658959723,3287944,3288100,156,completed,-13
Greedy,2511,3658959723,3288044,3288202,158,completed,-13
Greedy,2512,3658959723,3288144,3288305,161,completed,-13
Greedy,2513,3658959723,3288244,3288408,164,completed,-13
Greedy,2514,3658959723,3288542,3288683,141,completed,-13
Greedy,2515,3658959723,3288642,3288800,158,completed,-13
Greedy,2516,3658959723,3288742,3288903,161,completed,-13
Greedy,2517,3658959723,3288842,3289006,164,completed,-13
Greedy,2518,3658959723,3288942,3289109,167,completed,-13
Greedy,2519,3658959723,3289042,3289212,170,completed,-13
Greedy,2520,3658959723,3289142,3289315,173,completed,-13
Greedy,2521,3658959723,3289242,3289418,176,completed,-13
Greedy,2522,3658959723,3289545,3289700,155,completed,-13
Greedy,2523,3658959723,3289645,3289803,158,completed,-13
Greedy,2524,3658959723,3289745,3289906,161,completed,-13
Greedy,2525,3658959723,3289845,3290009,164,completed,-13
Greedy,2526,3658959723,3289945,3290112,167,completed,-13
Greedy,2527,3658959723,3290045,3290215,170,completed,-13
Greedy,2528,3658959723,3290145,3290318,173,completed,-13
Greedy,2529,3658959723,3290245,3290421,176,completed,-13
Greedy,2530,3658959723,3290539,3290682,143,completed,-13
Greedy,2531,3658959723,3290639,3290785,146,completed,-13
Greedy,2532,3658959723,3290739,3290888,149,completed,-13
Greedy,2533,3658959723,3290839,3290991,152,completed,-13
Greedy,2534,3658959723,3290939,3291093,154,completed,-13
Greedy,2535,3658959723,3291039,3291196,157,completed,-13
Greedy,2536,3658959723,3291139,3291299,160,completed,-13
Greedy,2537,3658959723,3291239,3291402,163,completed,-13
Greedy,2538,3658959723,3291340,3291676,336,completed,-13
Greedy,2539,3658959723,3291549,3291779,230,completed,-13
Greedy,2540,3658959723,3291649,3291882,233,completed,-13
Greedy,2541,3658959723,3291752,3291985,233,completed,-13
Greedy,2542,3658959723,3291853,3292088,235,completed,-13
Greedy,2543,3658959723,3291953,3292193,240,completed,-13
Greedy,2544,3658959723,3292053,3292296,243,completed,-13
Greedy,2545,3658959723,3292153,3292399,246,completed,-13
Greedy,2546,3658959723,3292253,3292502,249,completed,-13
Greedy,2547,3658959723,3292544,3292685,141,completed,-13
Greedy,2548,3658959723,3292644,3292793,149,completed,-13
Greedy,2549,3658959723,3292744,3292896,152,completed,-13
Greedy,2550,3658959723,3292844,3292999,155,completed,-13
Greedy,2551,3658959723,3292944,3293102,158,completed,-13
Greedy,2552,3658959723,3293044,3293205,161,completed,-13
Greedy,2553,3658959723,3293144,3293311,167,completed,-13
Greedy,2554,3658959723,3293244,3293413,169,completed,-13
Greedy,2555,3658959723,3293344,3293678,334,completed,-13
Greedy,2556,3658959723,3293554,3293781,227,completed,-13
Greedy,2557,3658959723,3293654,3293884,230,completed,-13
Greedy,2558,3658959723,3293754,3293987,233,completed,-13
Greedy,2559,3658959723,3293857,3294090,233,completed,-13
Greedy,2560,3658959723,3293961,3294193,232,completed,-13
Greedy,2561,3658959723,3294061,3294296,235,completed,-13
Greedy,2562,3658959723,3294161,3294400,239,completed,-13
Greedy,2563,3658959723,3294261,3294503,242,completed,-13
Greedy,2564,3658959723,3294553,3294695,142,completed,-13
Greedy,2565,3658959723,3294653,3294798,145,completed,-13
Greedy,2566,3658959723,3294753,3294901,148,completed,-13
Greedy,2567,3658959723,3294853,3295003,150,completed,-13
Greedy,2568,3658959723,3294953,3295106,153,completed,-13
Greedy,2569,3658959723,3295053,3295209,156,completed,-13
Greedy,2570,3658959723,3295153,3295312,159,completed,-13
Greedy,2571,3658959723,3295253,3295415,162,completed,-13
Greedy,2572,3658959723,3295552,3295695,143,completed,-13
Greedy,2573,3658959723,3295652,3295798,146,completed,-13
Greedy,2574,3658959723,3295752,3295901,149,completed,-13
Greedy,2575,3658959723,3295852,3296004,152,completed,-13
Greedy,2576,3658959723,3295952,3296107,155,completed,-13
Greedy,2577,3658959723,3296052,3296210,158,completed,-13
Greedy,2578,3658959723,3296152,3296313,161,completed,-13
Greedy,2579,3658959723,3296252,3296416,164,completed,-13
Greedy,2580,3658959723,3296551,3296692,141,completed,-13
Greedy,2581,3658959723,3296651,3296807,156,completed,-13
Greedy,2582,3658959723,3296751,3296918,167,completed,-13
Greedy,2583,3658959723,3296851,3297021,170,completed,-13
Greedy,2584,3658959723,3296951,3297124,173,completed,-13
Greedy,2585,3658959723,3297051,3297227,176,completed,-13
Greedy,2586,3658959723,3297151,3297330,179,completed,-13
Greedy,2587,3658959723,3297251,3297432,181,completed,-13
Greedy,2588,3658959723,3297555,3297722,167,completed,-13
Greedy,2589,3658959723,3297655,3297825,170,completed,-13
Greedy,2590,3658959723,3297755,3297927,172,completed,-13
Greedy,2591,3658959723,3297855,3298030,175,completed,-13
Greedy,2592,3658959723,3297955,3298133,178,completed,-13
Greedy,2593,3658959723,3298055,3298236,181,completed,-13
Greedy,2594,3658959723,3298155,3298339,184,completed,-13
Greedy,2595,3658959723,3298255,3298442,187,completed,-13
Greedy,2596,3658959723,3298543,3298686,143,completed,-13
Greedy,2597,3658959723,3298643,3298789,146,completed,-13
Greedy,2598,3658959723,3298743,3298892,149,completed,-13
Greedy,2599,3658959723,3298843,3298995,152,completed,-13
Greedy,2600,3658959723,3298943,3299098,155,completed,-13
Greedy,2601,3658959723,3299043,3299201,158,completed,-13
Greedy,2602,3658959723,3299143,3299304,161,completed,-13
Greedy,2603,3658959723,3299243,3299407,164,completed,-13
Greedy,2614,3658959723,3302772,3303890,1118,completed,-11
Greedy,2615,3658959723,3302977,3304154,1177,completed,-11
Greedy,2616,3658959723,3303082,3304257,1175,completed,-11
Greedy,2617,3658959723,3303182,3304360,1178,completed,-11
Greedy,2604,3658959723,3299344,3299685,341,completed,-13
Greedy,2605,3658959723,3299559,3299788,229,completed,-13
Greedy,2606,3658959723,3299659,3299891,232,completed,-13
Greedy,2607,3658959723,3299759,3299994,235,completed,-13
Greedy,2608,3658959723,3299859,3300097,238,completed,-13
Greedy,2609,3658959723,3299959,3300200,241,completed,-13
Greedy,2610,3658959723,3300059,3300303,244,completed,-13
Greedy,2611,3658959723,3300159,3300406,247,completed,-13
Greedy,2612,3658959723,3300259,3300508,249,completed,-13
Greedy,2613,3658959723,3300546,3300689,143,completed,-13
Greedy,2618,3658959723,3303282,3304463,1181,completed,-11
Greedy,2619,3658959723,3303382,3304566,1184,completed,-11
Greedy,2620,3658959723,3303482,3304669,1187,completed,-11
Greedy,2621,3658959723,3303582,3304772,1190,completed,-11
Greedy,2622,3658959723,3303682,3304875,1193,completed,-11
Greedy,2623,3658959723,3303974,3304978,1004,completed,-11
Greedy,2624,3658959723,3304074,3305080,1006,completed,-11
Greedy,2625,3658959723,3304174,3305183,1009,completed,-11
Greedy,2626,3658959723,3304274,3305286,1012,completed,-11
Greedy,2627,3658959723,3304374,3305389,1015,completed,-11
Greedy,2628,3658959723,3304474,3305492,1018,completed,-14
Greedy,2629,3658959723,3304574,3305595,1021,completed,-14
Greedy,2637,3037662008,3305477,3305607,130,completed,-28
Greedy,2638,3037662008,3305577,3305710,133,completed,-28
Greedy,2639,3037662008,3305677,3305813,136,completed,-28
Greedy,2630,3658959723,3304674,3305698,1024,completed,-14
Greedy,2631,3658959723,3304774,3305800,1026,completed,-14
Greedy,2640,3037662008,3305777,3306102,325,completed,-28
Greedy,2641,3037662008,3305972,3306210,238,completed,-28
Greedy,2632,3658959723,3304977,3305901,924,completed,-14
Greedy,2642,3037662008,3306072,3306313,241,completed,-28
Greedy,2643,3037662008,3306172,3306416,244,completed,-28
Greedy,2644,3037662008,3306272,3306519,247,completed,-28
Greedy,2633,3658959723,3305077,3306002,925,completed,-14
Greedy,2645,3037662008,3306372,3306622,250,completed,-28
Greedy,2646,3037662008,3306472,3306725,253,completed,-28
Greedy,2634,3658959723,3305177,3306103,926,completed,-14
Greedy,2647,3037662008,3306572,3306828,256,completed,-28
Greedy,2648,3037662008,3306672,3306931,259,completed,-28
Greedy,2649,3037662008,3306772,3307033,261,completed,-28
Greedy,2650,3037662008,3306981,3307136,155,completed,-28
Greedy,2651,3037662008,3307081,3307239,158,completed,-28
Greedy,2635,3658959723,3305277,3306205,928,completed,-14
Greedy,2636,3658959723,3305377,3306307,930,completed,-14
Greedy,2652,3037662008,3307181,3307342,161,completed,-28
Greedy,2653,3037662008,3307281,3307445,164,completed,-28
Greedy,2654,3037662008,3307381,3307548,167,completed,-31
Greedy,2656,3658959723,3307581,3307721,140,completed,-13
Greedy,2655,3037662008,3307481,3307651,170,completed,-31
Greedy,2657,3658959723,3307681,3307831,150,completed,-13
Greedy,2658,3658959723,3307781,3308115,334,completed,-13
Greedy,2659,3658959723,3307981,3308225,244,completed,-13
Greedy,2660,3658959723,3308081,3308353,272,completed,-13
Greedy,2661,3658959723,3308181,3308474,293,completed,-13
Greedy,2662,3658959723,3308281,3308587,306,completed,-13
Greedy,2663,3658959723,3308381,3308690,309,completed,-13
Greedy,2664,3658959723,3308481,3308793,312,completed,-13
Greedy,2665,3658959723,3308581,3308896,315,completed,-13
Greedy,2666,3658959723,3308681,3308999,318,completed,-13
Greedy,2667,3658959723,3308781,3309147,366,completed,-13
Greedy,2668,3658959723,3308982,3309400,418,completed,-13
Greedy,2669,3658959723,3309082,3309503,421,completed,-13
Greedy,2670,3658959723,3309182,3309606,424,completed,-13
Greedy,2673,3037662008,3309482,3309612,130,completed,-29
Greedy,2674,3037662008,3309582,3309723,141,completed,-29
Greedy,2675,3037662008,3309682,3309826,144,completed,-29
Greedy,2671,3658959723,3309282,3309709,427,completed,-13
Greedy,2676,3037662008,3309782,3309929,147,completed,-29
Greedy,2677,3037662008,3309984,3310123,139,completed,-29
Greedy,2678,3037662008,3310084,3310227,143,completed,-29
Greedy,2672,3658959723,3309382,3309811,429,completed,-13
Greedy,2679,3037662008,3310184,3310330,146,completed,-29
Greedy,2680,3037662008,3310284,3310433,149,completed,-29
Greedy,2681,3037662008,3310384,3310536,152,completed,-29
Greedy,2682,3037662008,3310484,3310639,155,completed,-29
Greedy,2683,3037662008,3310584,3310742,158,completed,-29
Greedy,2684,3037662008,3310684,3310845,161,completed,-29
Greedy,2685,3037662008,3310784,3311108,324,completed,-29
Greedy,2686,3037662008,3310985,3311219,234,completed,-29
Greedy,2687,3037662008,3311085,3311322,237,completed,-29
Greedy,2688,3037662008,3311185,3311425,240,completed,-29
Greedy,2691,3658959723,3311485,3311626,141,completed,-11
Greedy,2692,3658959723,3311585,3311728,143,completed,-11
Greedy,2693,3658959723,3311685,3311831,146,completed,-11
Greedy,2689,3037662008,3311285,3311528,243,completed,-30
Greedy,2694,3658959723,3311785,3311934,149,completed,-11
Greedy,2695,3658959723,3311990,3312135,145,completed,-11
Greedy,2696,3658959723,3312090,3312238,148,completed,-11
Greedy,2690,3037662008,3311385,3311629,244,completed,-30
Greedy,2697,3658959723,3312190,3312341,151,completed,-11
Greedy,2698,3658959723,3312290,3312444,154,completed,-11
Greedy,2699,3658959723,3312390,3312547,157,completed,-11
Greedy,2700,3658959723,3312490,3312650,160,completed,-11
Greedy,2701,3658959723,3312590,3312753,163,completed,-11
Greedy,2702,3658959723,3312690,3312856,166,completed,-11
Greedy,2703,3658959723,3312985,3313128,143,completed,-11
Greedy,2704,3658959723,3313085,3313230,145,completed,-11
Greedy,2705,3658959723,3313185,3313333,148,completed,-11
Greedy,2706,3658959723,3313285,3313436,151,completed,-11
Greedy,2707,3658959723,3313385,3313539,154,completed,-13
Greedy,2709,3037662008,3313585,3313714,129,completed,-29
Greedy,2710,3037662008,3313685,3313823,138,completed,-29
Greedy,2708,3658959723,3313485,3313641,156,completed,-13
Greedy,2711,3037662008,3313785,3314112,327,completed,-29
Greedy,2712,3037662008,3313990,3314215,225,completed,-29
Greedy,2713,3037662008,3314090,3314322,232,completed,-29
Greedy,2714,3037662008,3314190,3314425,235,completed,-29
Greedy,2715,3037662008,3314290,3314528,238,completed,-29
Greedy,2716,3037662008,3314390,3314631,241,completed,-29
Greedy,2717,3037662008,3314490,3314734,244,completed,-29
Greedy,2718,3037662008,3314590,3314837,247,completed,-29
Greedy,2719,3037662008,3314690,3314940,250,completed,-29
Greedy,2720,3037662008,3314790,3315115,325,completed,-29
Greedy,2721,3037662008,3314992,3315218,226,completed,-29
Greedy,2722,3037662008,3315092,3315324,232,completed,-29
Greedy,2723,3037662008,3315192,3315427,235,completed,-29
Greedy,2726,3658959723,3315492,3315633,141,completed,-12
Greedy,2727,3658959723,3315592,3315736,144,completed,-12
Greedy,2728,3658959723,3315692,3315839,147,completed,-12
Greedy,2724,3037662008,3315292,3315530,238,completed,-29
Greedy,2725,3037662008,3315392,3315632,240,completed,-29
Greedy,2729,3658959723,3315792,3316126,334,completed,-12
Greedy,2730,3658959723,3315995,3316237,242,completed,-12
Greedy,2731,3658959723,3316095,3316340,245,completed,-12
Greedy,2732,3658959723,3316195,3316443,248,completed,-12
Greedy,2733,3658959723,3316295,3316546,251,completed,-12
Greedy,2734,3658959723,3316395,3316649,254,completed,-12
Greedy,2735,3658959723,3316495,3316752,257,completed,-12
Greedy,2736,3658959723,3316595,3316855,260,completed,-12
Greedy,2737,3658959723,3316695,3316958,263,completed,-12
Greedy,2738,3658959723,3316795,3317130,335,completed,-12
Greedy,2739,3658959723,3316996,3317233,237,completed,-12
Greedy,2740,3658959723,3317096,3317340,244,completed,-12
Greedy,2741,3658959723,3317196,3317443,247,completed,-12
Greedy,2744,3037662008,3317496,3317626,130,completed,-27
Greedy,2745,3037662008,3317596,3317729,133,completed,-27
Greedy,2742,3658959723,3317296,3317546,250,completed,-13
Greedy,2746,3037662008,3317696,3317832,136,completed,-27
Greedy,2743,3658959723,3317396,3317648,252,completed,-13
Greedy,2747,3037662008,3317796,3318122,326,completed,-27
Greedy,SUMMARY,ALL,0,0,121805,batch_complete,0
----------------,---,---,---,---,---,----------------,---
Greedy,2748,3037662008,3318001,3320324,2323,completed,-31
Greedy,2749,3658959723,3868447,3868610,163,completed,-10
Greedy,2750,3658959723,3868547,3868713,166,completed,-10
Greedy,2751,3658959723,3868647,3868816,169,completed,-10
Greedy,2752,3658959723,3868747,3868919,172,completed,-10
Greedy,2753,3658959723,3868960,3869166,206,completed,-10
Greedy,2754,3658959723,3869060,3869269,209,completed,-10
Greedy,2755,3658959723,3869160,3869372,212,completed,-10
Greedy,2756,3658959723,3869260,3869475,215,completed,-10
Greedy,2757,3658959723,3869360,3869578,218,completed,-10
Greedy,2758,3658959723,3869460,3869681,221,completed,-10
Greedy,2759,3658959723,3869560,3869784,224,completed,-12
Greedy,2760,3658959723,3869660,3869887,227,completed,-12
Greedy,2761,3037662008,3869760,3870095,335,completed,-26
Greedy,2762,3037662008,3869961,3870204,243,completed,-26
Greedy,2763,3037662008,3870061,3870313,252,completed,-26
Greedy,2764,3037662008,3870161,3870416,255,completed,-26
Greedy,2765,3037662008,3870261,3870519,258,completed,-26
Greedy,2766,3037662008,3870361,3870622,261,completed,-26
Greedy,2767,3037662008,3870461,3870725,264,completed,-26
Greedy,2768,3037662008,3870561,3870828,267,completed,-26
Greedy,2769,3037662008,3870661,3870931,270,completed,-26
Greedy,2770,3037662008,3870761,3871033,272,completed,-26
Greedy,2771,3037662008,3870961,3871135,174,completed,-26
Greedy,2772,3037662008,3871061,3871237,176,completed,-26
Greedy,2773,3037662008,3871161,3871340,179,completed,-26
Greedy,2774,3037662008,3871261,3871443,182,completed,-26
Greedy,2775,3037662008,3871361,3871546,185,completed,-26
Greedy,2776,3037662008,3871461,3871649,188,completed,-26
Greedy,2777,3037662008,3871561,3871752,191,completed,-29
Greedy,2779,3658959723,3871761,3871906,145,completed,-11
Greedy,2778,3037662008,3871661,3871853,192,completed,-29
Greedy,2780,3658959723,3871967,3872268,301,completed,-11
Greedy,2781,3658959723,3872067,3872382,315,completed,-11
Greedy,2782,3658959723,3872167,3872492,325,completed,-11
Greedy,2783,3658959723,3872267,3872595,328,completed,-11
Greedy,2784,3658959723,3872367,3872698,331,completed,-11
Greedy,2785,3658959723,3872467,3872801,334,completed,-11
Greedy,2786,3658959723,3872567,3872904,337,completed,-11
Greedy,2787,3658959723,3872669,3873006,337,completed,-11
Greedy,2788,3658959723,3872963,3873115,152,completed,-11
Greedy,2789,3658959723,3873063,3873319,256,completed,-11
Greedy,2790,3658959723,3873163,3873422,259,completed,-11
Greedy,2791,3658959723,3873263,3873525,262,completed,-11
Greedy,2792,3658959723,3873363,3873628,265,completed,-11
Greedy,2793,3658959723,3873463,3873731,268,completed,-11
Greedy,2794,3658959723,3873563,3873834,271,completed,-12
Greedy,2795,3658959723,3873663,3873935,272,completed,-12
Greedy,2797,3037662008,3873966,3874108,142,completed,-28
Greedy,2798,3037662008,3874066,3874218,152,completed,-28
Greedy,2796,3658959723,3873763,3874036,273,completed,-12
Greedy,2799,3037662008,3874166,3874320,154,completed,-28
Greedy,2800,3037662008,3874266,3874423,157,completed,-28
Greedy,2801,3037662008,3874366,3874526,160,completed,-28
Greedy,2802,3037662008,3874466,3874629,163,completed,-28
Greedy,2803,3037662008,3874566,3874732,166,completed,-28
Greedy,2804,3037662008,3874666,3874835,169,completed,-28
Greedy,2805,3037662008,3874766,3875096,330,completed,-28
Greedy,2806,3037662008,3874969,3875199,230,completed,-28
Greedy,2807,3658959723,3877174,3877523,349,completed,-11
Greedy,2808,3658959723,3877378,3877632,254,completed,-11
Greedy,2809,3658959723,3877478,3877742,264,completed,-11
Greedy,2810,3658959723,3877578,3877848,270,completed,-13
Greedy,2813,3037662008,3877878,3878013,135,completed,-28
Greedy,2814,3037662008,3877978,3878116,138,completed,-28
Greedy,2811,3658959723,3877678,3877949,271,completed,-13
Greedy,2815,3037662008,3878078,3878219,141,completed,-28
Greedy,2812,3658959723,3877778,3878051,273,completed,-13
Greedy,2816,3037662008,3878178,3878506,328,completed,-28
Greedy,2817,3037662008,3878378,3878609,231,completed,-28
Greedy,2818,3037662008,3878478,3878712,234,completed,-28
Greedy,2819,3037662008,3878578,3878815,237,completed,-28
Greedy,2820,3037662008,3878678,3878918,240,completed,-28
Greedy,2821,3037662008,3878778,3879021,243,completed,-28
Greedy,2822,3037662008,3878878,3879124,246,completed,-28
Greedy,2823,3037662008,3878978,3879227,249,completed,-28
Greedy,2824,3037662008,3879078,3879330,252,completed,-28
Greedy,2825,3037662008,3879178,3879432,254,completed,-28
Greedy,2826,3037662008,3879382,3879535,153,completed,-28
Greedy,2827,3037662008,3879482,3879638,156,completed,-28
Greedy,2828,3037662008,3879582,3879741,159,completed,-28
Greedy,2830,3658959723,3879782,3879925,143,completed,-12
Greedy,2831,3658959723,3879882,3880034,152,completed,-12
Greedy,2832,3658959723,3879982,3880137,155,completed,-12
Greedy,2829,3037662008,3879682,3879845,163,completed,-26
Greedy,2833,3658959723,3880082,3880240,158,completed,-12
Greedy,2834,3658959723,3880182,3880520,338,completed,-12
Greedy,2835,3658959723,3880382,3880626,244,completed,-12
Greedy,2836,3658959723,3880482,3880729,247,completed,-12
Greedy,2837,3658959723,3880582,3880832,250,completed,-12
Greedy,2838,3658959723,3880682,3880935,253,completed,-12
Greedy,2839,3658959723,3880782,3881038,256,completed,-12
Greedy,2840,3658959723,3880882,3881141,259,completed,-12
Greedy,2841,3658959723,3880982,3881244,262,completed,-12
Greedy,2842,3658959723,3881082,3881347,265,completed,-12
Greedy,2843,3658959723,3881184,3881522,338,completed,-12
Greedy,2844,3658959723,3881385,3881625,240,completed,-12
Greedy,2845,3658959723,3881485,3881731,246,completed,-12
Greedy,2846,3658959723,3881585,3881834,249,completed,-11
Greedy,2849,3037662008,3881885,3882020,135,completed,-30
Greedy,2850,3037662008,3881985,3882123,138,completed,-30
Greedy,2847,3658959723,3881685,3881936,251,completed,-11
Greedy,2848,3658959723,3881785,3882037,252,completed,-11
Greedy,2851,3037662008,3882085,3882226,141,completed,-30
Greedy,2852,3037662008,3882187,3882535,348,completed,-30
Greedy,2853,3037662008,3882389,3882638,249,completed,-30
Greedy,2854,3037662008,3882489,3882741,252,completed,-30
Greedy,2855,3037662008,3882589,3882844,255,completed,-30
Greedy,2856,3037662008,3882689,3882947,258,completed,-30
Greedy,2857,3037662008,3882789,3883050,261,completed,-30
Greedy,2858,3037662008,3882889,3883153,264,completed,-30
Greedy,2859,3037662008,3882989,3883256,267,completed,-30
Greedy,2860,3037662008,3883089,3883359,270,completed,-30
Greedy,2861,3037662008,3883189,3883519,330,completed,-30
Greedy,2862,3037662008,3883390,3883624,234,completed,-30
Greedy,2863,3037662008,3883490,3883727,237,completed,-30
Greedy,2866,3658959723,3883790,3883934,144,completed,-11
Greedy,2864,3037662008,3883590,3883830,240,completed,-31
Greedy,2867,3658959723,3883890,3884038,148,completed,-11
Greedy,2868,3658959723,3883990,3884141,151,completed,-11
Greedy,2865,3037662008,3883690,3883932,242,completed,-31
Greedy,2869,3658959723,3884090,3884244,154,completed,-11
Greedy,2870,3658959723,3884190,3884347,157,completed,-11
Greedy,2871,3658959723,3884390,3884537,147,completed,-11
Greedy,2872,3658959723,3884490,3884640,150,completed,-11
Greedy,2873,3658959723,3884590,3884743,153,completed,-11
Greedy,2874,3658959723,3884690,3884846,156,completed,-11
Greedy,2875,3658959723,3884790,3884949,159,completed,-11
Greedy,2876,3658959723,3884890,3885052,162,completed,-11
Greedy,2877,3658959723,3884990,3885155,165,completed,-11
Greedy,2878,3658959723,3885090,3885258,168,completed,-11
Greedy,2879,3658959723,3885190,3885529,339,completed,-11
Greedy,2880,3658959723,3885392,3885639,247,completed,-11
Greedy,2881,3658959723,3885492,3885742,250,completed,-11
Greedy,2884,3037662008,3885792,3885926,134,completed,-28
Greedy,2882,3658959723,3885592,3885845,253,completed,-12
Greedy,2883,3658959723,3885692,3885947,255,completed,-12
Greedy,2885,3037662008,3885892,3886029,137,completed,-28
Greedy,2886,3037662008,3885992,3886132,140,completed,-28
Greedy,2887,3037662008,3886092,3886235,143,completed,-28
Greedy,2888,3037662008,3886192,3886338,146,completed,-28
Greedy,2889,3037662008,3886392,3886530,138,completed,-28
Greedy,2890,3037662008,3886492,3886633,141,completed,-28
Greedy,2891,3037662008,3886592,3886736,144,completed,-28
Greedy,2892,3037662008,3886692,3886839,147,completed,-28
Greedy,2893,3037662008,3886792,3886942,150,completed,-28
Greedy,2894,3037662008,3886892,3887045,153,completed,-28
Greedy,2895,3037662008,3886992,3887148,156,completed,-28
Greedy,2896,3037662008,3887092,3887251,159,completed,-28
Greedy,2897,3037662008,3887192,3887523,331,completed,-28
Greedy,2898,3037662008,3887395,3887629,234,completed,-28
Greedy,2899,3037662008,3887495,3887731,236,completed,-28
Greedy,2902,3658959723,3887795,3887940,145,completed,-12
Greedy,2900,3037662008,3887595,3887834,239,completed,-30
Greedy,2903,3658959723,3887895,3888043,148,completed,-12
Greedy,2904,3658959723,3887995,3888146,151,completed,-12
Greedy,2905,3658959723,3888095,3888249,154,completed,-12
Greedy,2901,3037662008,3887695,3887936,241,completed,-30
Greedy,2906,3658959723,3888195,3888533,338,completed,-12
Greedy,2907,3658959723,3888399,3888644,245,completed,-12
Greedy,2908,3658959723,3888499,3888747,248,completed,-12
Greedy,2909,3658959723,3888599,3888850,251,completed,-12
Greedy,2910,3658959723,3888699,3888953,254,completed,-12
Greedy,2911,3658959723,3888799,3889056,257,completed,-12
Greedy,2912,3658959723,3888899,3889159,260,completed,-12
Greedy,2913,3658959723,3888999,3889262,263,completed,-12
Greedy,2914,3658959723,3889099,3889364,265,completed,-12
Greedy,2915,3658959723,3889394,3889541,147,completed,-12
Greedy,2916,3658959723,3889494,3889643,149,completed,-12
Greedy,2917,3658959723,3889594,3889746,152,completed,-12
Greedy,2918,3658959723,3889694,3889849,155,completed,-13
Greedy,2919,3658959723,3889794,3889951,157,completed,-13
Greedy,2920,3037662008,3889894,3890028,134,completed,-27
Greedy,2921,3037662008,3889994,3890137,143,completed,-27
Greedy,2922,3037662008,3890094,3890240,146,completed,-27
Greedy,2923,3037662008,3890194,3890343,149,completed,-27
Greedy,2924,3037662008,3890396,3890534,138,completed,-27
Greedy,2925,3037662008,3890496,3890637,141,completed,-27
Greedy,2926,3037662008,3890596,3890740,144,completed,-27
Greedy,2927,3037662008,3890696,3890843,147,completed,-27
Greedy,2928,3037662008,3890796,3890946,150,completed,-27
Greedy,2929,3037662008,3890896,3891049,153,completed,-27
Greedy,2930,3037662008,3890996,3891152,156,completed,-27
Greedy,2931,3037662008,3891096,3891255,159,completed,-27
Greedy,2932,3037662008,3891196,3891670,474,completed,-27
Greedy,2933,3037662008,3891397,3891780,383,completed,-28
Greedy,2934,3037662008,3891497,3891883,386,completed,-28
Greedy,2937,3658959723,3891797,3891942,145,completed,-12
Greedy,2935,3037662008,3891597,3891986,389,completed,-28
Greedy,2938,3658959723,3891897,3892045,148,completed,-12
Greedy,2939,3658959723,3891997,3892148,151,completed,-12
Greedy,2936,3037662008,3891697,3892089,392,completed,-28
Greedy,2940,3658959723,3892097,3892251,154,completed,-12
Greedy,2941,3658959723,3892197,3892354,157,completed,-12
Greedy,2942,3658959723,3892399,3892547,148,completed,-12
Greedy,2943,3658959723,3894603,3894942,339,completed,-11
Greedy,2944,3658959723,3894803,3895243,440,completed,-11
Greedy,2945,3658959723,3894903,3895346,443,completed,-11
Greedy,2946,3658959723,3895003,3895451,448,completed,-11
Greedy,2947,3658959723,3895107,3895554,447,completed,-11
Greedy,2948,3658959723,3895207,3895656,449,completed,-11
Greedy,2949,3658959723,3895307,3895759,452,completed,-11
Greedy,2954,3037662008,3895909,3896045,136,completed,-27
Greedy,2950,3658959723,3895407,3895862,455,completed,-12
Greedy,2955,3037662008,3896009,3896148,139,completed,-27
Greedy,2956,3037662008,3896109,3896251,142,completed,-27
Greedy,2951,3658959723,3895507,3895964,457,completed,-12
Greedy,2957,3037662008,3896209,3896354,145,completed,-27
Greedy,2958,3037662008,3896309,3896457,148,completed,-27
Greedy,2959,3037662008,3896409,3896560,151,completed,-27
Greedy,2952,3658959723,3895607,3896066,459,completed,-12
Greedy,2953,3658959723,3895809,3896168,359,completed,-12
Greedy,2960,3037662008,3896509,3896663,154,completed,-27
Greedy,2961,3037662008,3896609,3896938,329,completed,-27
Greedy,2962,3037662008,3896810,3897044,234,completed,-27
Greedy,2963,3037662008,3896910,3897147,237,completed,-27
Greedy,2964,3037662008,3897010,3897250,240,completed,-27
Greedy,2965,3037662008,3897110,3897353,243,completed,-27
Greedy,2966,3037662008,3897210,3897456,246,completed,-27
Greedy,2967,3037662008,3897310,3897559,249,completed,-27
Greedy,2968,3037662008,3897410,3897662,252,completed,-27
Greedy,2969,3037662008,3897510,3897764,254,completed,-31
Greedy,2971,3658959723,3897816,3897960,144,completed,-12
Greedy,2972,3658959723,3897916,3898070,154,completed,-12
Greedy,2970,3037662008,3897610,3897943,333,completed,-31
Greedy,2973,3658959723,3898016,3898173,157,completed,-12
Greedy,2974,3658959723,3898116,3898276,160,completed,-12
Greedy,2975,3658959723,3898216,3898379,163,completed,-12
Greedy,2976,3658959723,3898316,3898482,166,completed,-12
Greedy,2977,3658959723,3898416,3898585,169,completed,-12
Greedy,2978,3658959723,3898516,3898688,172,completed,-12
Greedy,2979,3658959723,3898811,3898956,145,completed,-12
Greedy,2980,3658959723,3898911,3899059,148,completed,-12
Greedy,2981,3658959723,3899011,3899162,151,completed,-12
Greedy,2982,3658959723,3899111,3899265,154,completed,-12
Greedy,2983,3658959723,3899211,3899368,157,completed,-12
Greedy,2984,3658959723,3899311,3899471,160,completed,-12
Greedy,2985,3658959723,3899411,3899574,163,completed,-12
Greedy,2986,3658959723,3899511,3899677,166,completed,-12
Greedy,2987,3658959723,3899611,3899779,168,completed,-12
Greedy,2988,3658959723,3899813,3899958,145,completed,-12
Greedy,2989,3037662008,3899913,3900047,134,completed,-29
Greedy,2990,3037662008,3900013,3900158,145,completed,-29
Greedy,2991,3037662008,3900113,3900261,148,completed,-29
Greedy,2992,3037662008,3900213,3900364,151,completed,-29
Greedy,2993,3037662008,3900313,3900467,154,completed,-29
Greedy,2994,3037662008,3900413,3900570,157,completed,-29
Greedy,2995,3037662008,3900513,3900673,160,completed,-29
Greedy,2996,3037662008,3900613,3900941,328,completed,-29
Greedy,2997,3037662008,3900814,3901047,233,completed,-29
Greedy,2998,3037662008,3900914,3901150,236,completed,-29
Greedy,2999,3037662008,3901014,3901253,239,completed,-29
Greedy,3000,3037662008,3901114,3901356,242,completed,-29
Greedy,3001,3037662008,3901214,3901459,245,completed,-29
Greedy,3002,3037662008,3901314,3901562,248,completed,-29
Greedy,3003,3037662008,3901414,3901665,251,completed,-29
Greedy,3004,3037662008,3901514,3901768,254,completed,-30
Greedy,3005,3037662008,3901614,3901946,332,completed,-30
Greedy,3006,3658959723,3901816,3901964,148,completed,-11
Greedy,3007,3658959723,3901916,3902073,157,completed,-11
Greedy,3008,3658959723,3902016,3902176,160,completed,-11
Greedy,3009,3658959723,3902116,3902287,171,completed,-11
Greedy,3010,3658959723,3902216,3902389,173,completed,-11
Greedy,3011,3658959723,3902316,3902492,176,completed,-11
Greedy,3012,3658959723,3902416,3902595,179,completed,-11
Greedy,3013,3658959723,3902516,3902698,182,completed,-11
Greedy,3014,3658959723,3902616,3902954,338,completed,-11
Greedy,3015,3658959723,3902817,3903063,246,completed,-11
Greedy,3016,3658959723,3902917,3903165,248,completed,-11
Greedy,3017,3658959723,3903017,3903268,251,completed,-11
Greedy,3018,3658959723,3903117,3903370,253,completed,-11
Greedy,3019,3658959723,3903217,3903473,256,completed,-11
Greedy,3020,3658959723,3903317,3903576,259,completed,-11
Greedy,3021,3658959723,3903417,3903679,262,completed,-11
Greedy,3022,3658959723,3903517,3903782,265,completed,-12
Greedy,3023,3658959723,3903617,3903956,339,completed,-12
Greedy,3025,3037662008,3903919,3904054,135,completed,-29
Greedy,3026,3037662008,3904019,3904157,138,completed,-29
Greedy,3024,3658959723,3903819,3904059,240,completed,-12
Greedy,3027,3037662008,3904119,3904281,162,completed,-29
Greedy,3028,3037662008,3904219,3904384,165,completed,-29
Greedy,3029,3037662008,3904319,3904487,168,completed,-29
Greedy,3030,3037662008,3904419,3904590,171,completed,-29
Greedy,3031,3037662008,3904519,3904693,174,completed,-29
Greedy,3032,3037662008,3904619,3904947,328,completed,-29
Greedy,3033,3037662008,3904820,3905050,230,completed,-29
Greedy,3034,3037662008,3904920,3905157,237,completed,-29
Greedy,3035,3037662008,3905020,3905260,240,completed,-29
Greedy,3036,3037662008,3905120,3905363,243,completed,-29
Greedy,3037,3037662008,3905220,3905466,246,completed,-29
Greedy,3038,3037662008,3905320,3905569,249,completed,-29
Greedy,3039,3037662008,3905420,3905672,252,completed,-29
Greedy,3040,3037662008,3905520,3905775,255,completed,-31
Greedy,3041,3037662008,3905620,3905952,332,completed,-31
Greedy,3042,3658959723,3905824,3905969,145,completed,-11
Greedy,3043,3658959723,3905924,3906072,148,completed,-11
Greedy,3044,3658959723,3906024,3906175,151,completed,-11
Greedy,3045,3658959723,3906124,3906278,154,completed,-11
Greedy,3046,3658959723,3906224,3906381,157,completed,-11
Greedy,3047,3658959723,3906324,3906484,160,completed,-11
Greedy,3048,3658959723,3906424,3906587,163,completed,-11
Greedy,3049,3658959723,3906524,3906690,166,completed,-11
Greedy,3050,3658959723,3906820,3906965,145,completed,-11
Greedy,3051,3658959723,3906920,3907075,155,completed,-11
Greedy,3052,3658959723,3907020,3907178,158,completed,-11
Greedy,3053,3658959723,3907120,3907281,161,completed,-11
Greedy,3054,3658959723,3907220,3907384,164,completed,-11
Greedy,3055,3658959723,3907320,3907487,167,completed,-11
Greedy,3056,3658959723,3907420,3907590,170,completed,-11
Greedy,3057,3658959723,3907520,3907693,173,completed,-11
Greedy,3058,3658959723,3907620,3907796,176,completed,-12
Greedy,3060,3037662008,3907923,3908058,135,completed,-29
Greedy,3059,3658959723,3907823,3907969,146,completed,-12
Greedy,3061,3037662008,3908023,3908167,144,completed,-29
Greedy,3062,3037662008,3908123,3908270,147,completed,-29
Greedy,3063,3037662008,3908223,3908373,150,completed,-29
Greedy,3064,3037662008,3908323,3908476,153,completed,-29
Greedy,3065,3037662008,3908423,3908579,156,completed,-29
Greedy,3066,3037662008,3908523,3908682,159,completed,-29
Greedy,3067,3037662008,3908623,3908951,328,completed,-29
Greedy,3068,3037662008,3908823,3909054,231,completed,-29
Greedy,3069,3037662008,3908923,3909157,234,completed,-29
Greedy,3070,3037662008,3909023,3909260,237,completed,-29
Greedy,3071,3037662008,3909123,3909363,240,completed,-29
Greedy,3072,3037662008,3909223,3909466,243,completed,-29
Greedy,3073,3037662008,3909323,3909569,246,completed,-29
Greedy,3074,3037662008,3909423,3909672,249,completed,-29
Greedy,3075,3037662008,3909523,3909775,252,completed,-30
Greedy,3076,3037662008,3909623,3909876,253,completed,-30
Greedy,3077,3037662008,3909825,3909978,153,completed,-30
Greedy,3085,3037662008,3912840,3912975,135,completed,-31
Greedy,3086,3037662008,3912940,3913077,137,completed,-31
Greedy,3087,3037662008,3913042,3913372,330,completed,-31
Greedy,3088,3037662008,3913240,3913474,234,completed,-31
Greedy,3089,3037662008,3913340,3913693,353,completed,-31
Greedy,3090,3037662008,3913440,3913946,506,completed,-30
Greedy,3091,3037662008,3913540,3914048,508,completed,-30
Greedy,3092,3037662008,3913640,3914150,510,completed,-30
Greedy,3093,3037662008,3913740,3914252,512,completed,-30
Greedy,3094,3037662008,3913840,3914354,514,completed,-30
Greedy,3095,3037662008,3913940,3914456,516,completed,-30
Greedy,3096,3037662008,3914042,3914558,516,completed,-30
Greedy,3097,3037662008,3914250,3914661,411,completed,-30
Greedy,3098,3037662008,3914350,3914764,414,completed,-30
Greedy,3099,3037662008,3914450,3914867,417,completed,-30
Greedy,3100,3037662008,3914550,3914970,420,completed,-30
Greedy,3101,3037662008,3914650,3915073,423,completed,-30
Greedy,3102,3037662008,3914750,3915176,426,completed,-30
Greedy,3103,3037662008,3914850,3915278,428,completed,-30
Greedy,3104,3037662008,3914950,3915380,430,completed,-30
Greedy,3105,3037662008,3915053,3915482,429,completed,-30
Greedy,3106,3037662008,3915253,3915589,336,completed,-30
Greedy,3107,3037662008,3915353,3915692,339,completed,-30
Greedy,3078,3658959723,3912035,3912411,376,completed,-11
Greedy,3079,3658959723,3912240,3912963,723,completed,-11
Greedy,3080,3658959723,3912340,3913380,1040,completed,-11
Greedy,3081,3658959723,3912440,3913495,1055,completed,-11
Greedy,3082,3658959723,3912540,3913597,1057,completed,-11
Greedy,3108,3037662008,3915453,3915795,342,completed,-34
Greedy,3109,3037662008,3915553,3915896,343,completed,-34
Greedy,3110,3037662008,3915653,3915998,345,completed,-34
Greedy,3083,3658959723,3912640,3913765,1125,completed,-11
Greedy,3084,3658959723,3912740,3914039,1299,completed,-12
Greedy,3111,3658959723,3915753,3915901,148,completed,-11
Greedy,3112,3658959723,3915856,3916003,147,completed,-11
Greedy,3113,3658959723,3915956,3916107,151,completed,-11
Greedy,3114,3658959723,3916059,3916403,344,completed,-11
Greedy,3115,3658959723,3916258,3916505,247,completed,-11
Greedy,3116,3658959723,3916358,3916606,248,completed,-11
Greedy,3117,3658959723,3916458,3916708,250,completed,-11
Greedy,3118,3658959723,3916558,3916811,253,completed,-11
Greedy,3119,3658959723,3916658,3916914,256,completed,-11
Greedy,3120,3658959723,3916758,3917016,258,completed,-11
Greedy,3121,3658959723,3916858,3917117,259,completed,-11
Greedy,3122,3658959723,3916958,3917220,262,completed,-11
Greedy,3123,3658959723,3917058,3917322,264,completed,-11
Greedy,3124,3658959723,3917259,3917424,165,completed,-11
Greedy,3125,3658959723,3917359,3917527,168,completed,-11
Greedy,3126,3658959723,3917459,3917629,170,completed,-11
Greedy,3127,3658959723,3917559,3917732,173,completed,-11
Greedy,3128,3658959723,3917659,3917835,176,completed,-12
Greedy,3129,3658959723,3917759,3917936,177,completed,-12
Greedy,3130,3037662008,3917859,3917994,135,completed,-30
Greedy,3131,3037662008,3917959,3918097,138,completed,-30
Greedy,3132,3037662008,3918059,3918390,331,completed,-30
Greedy,3133,3037662008,3918262,3918493,231,completed,-30
Greedy,3134,3037662008,3918362,3918596,234,completed,-30
Greedy,3135,3037662008,3918462,3918699,237,completed,-30
Greedy,3136,3037662008,3918562,3918802,240,completed,-30
Greedy,3137,3037662008,3918662,3918905,243,completed,-30
Greedy,3138,3037662008,3918762,3919008,246,completed,-30
Greedy,3139,3037662008,3918862,3919111,249,completed,-30
Greedy,3140,3037662008,3918962,3919214,252,completed,-30
Greedy,3141,3037662008,3919062,3919391,329,completed,-30
Greedy,3142,3037662008,3919263,3919494,231,completed,-30
Greedy,3143,3037662008,3919363,3919597,234,completed,-30
Greedy,3144,3037662008,3919463,3919700,237,completed,-30
Greedy,3147,3658959723,3919763,3919907,144,completed,-11
Greedy,3148,3658959723,3919863,3920017,154,completed,-11
Greedy,3145,3037662008,3919563,3919803,240,completed,-32
Greedy,3149,3658959723,3919963,3920120,157,completed,-11
Greedy,3146,3037662008,3919663,3919904,241,completed,-32
Greedy,3150,3658959723,3920066,3920412,346,completed,-11
Greedy,3151,3658959723,3920267,3920521,254,completed,-11
Greedy,3152,3658959723,3920367,3920624,257,completed,-11
Greedy,3153,3658959723,3920467,3920726,259,completed,-11
Greedy,3154,3658959723,3920567,3920829,262,completed,-11
Greedy,3155,3658959723,3920667,3920932,265,completed,-11
Greedy,3156,3658959723,3920767,3921035,268,completed,-11
Greedy,3157,3658959723,3920867,3921138,271,completed,-11
Greedy,3158,3658959723,3920967,3921240,273,completed,-11
Greedy,3159,3658959723,3921067,3921406,339,completed,-11
Greedy,3160,3658959723,3921263,3921565,302,completed,-11
Greedy,3161,3658959723,3921363,3921668,305,completed,-11
Greedy,3162,3658959723,3921463,3921771,308,completed,-11
Greedy,3163,3658959723,3921563,3921875,312,completed,-13
Greedy,3164,3658959723,3921663,3921978,315,completed,-13
Greedy,3166,3037662008,3921863,3921997,134,completed,-33
Greedy,3165,3658959723,3921763,3922081,318,completed,-13
Greedy,3167,3037662008,3921963,3922106,143,completed,-33
Greedy,3168,3037662008,3922063,3922493,430,completed,-33
Greedy,3169,3037662008,3922268,3922604,336,completed,-33
Greedy,3170,3037662008,3922368,3922707,339,completed,-33
Greedy,3171,3037662008,3922468,3922810,342,completed,-33
Greedy,3172,3037662008,3922568,3922913,345,completed,-33
Greedy,3173,3037662008,3922668,3923016,348,completed,-33
Greedy,3174,3037662008,3922768,3923119,351,completed,-33
Greedy,3175,3037662008,3922868,3923222,354,completed,-33
Greedy,3176,3037662008,3922968,3923324,356,completed,-33
Greedy,3177,3037662008,3923068,3923426,358,completed,-33
Greedy,3178,3037662008,3923270,3923528,258,completed,-33
Greedy,3179,3037662008,3923370,3923630,260,completed,-33
Greedy,3180,3037662008,3923470,3923733,263,completed,-33
Greedy,3183,3658959723,3923770,3923915,145,completed,-11
Greedy,3184,3658959723,3923870,3924018,148,completed,-11
Greedy,3181,3037662008,3923570,3923836,266,completed,-36
Greedy,3182,3037662008,3923670,3923938,268,completed,-36
Greedy,3185,3658959723,3923970,3924121,151,completed,-11
Greedy,3186,3658959723,3924070,3924408,338,completed,-11
Greedy,3187,3658959723,3924271,3924526,255,completed,-11
Greedy,3188,3658959723,3924371,3924629,258,completed,-11
Greedy,3189,3658959723,3924471,3924731,260,completed,-11
Greedy,3190,3658959723,3924571,3924834,263,completed,-11
Greedy,3191,3658959723,3924671,3924937,266,completed,-11
Greedy,3192,3658959723,3924771,3925040,269,completed,-11
Greedy,3193,3658959723,3924871,3925143,272,completed,-11
Greedy,3194,3658959723,3924971,3925245,274,completed,-11
Greedy,3195,3658959723,3925071,3925408,337,completed,-11
Greedy,3196,3658959723,3925273,3925511,238,completed,-11
Greedy,3197,3658959723,3925373,3925617,244,completed,-11
Greedy,3198,3658959723,3925473,3925720,247,completed,-11
Greedy,3199,3658959723,3925573,3925823,250,completed,-12
Greedy,3202,3037662008,3925873,3926008,135,completed,-31
Greedy,3200,3658959723,3925673,3925925,252,completed,-12
Greedy,3201,3658959723,3925773,3926027,254,completed,-12
Greedy,3203,3037662008,3925973,3926111,138,completed,-31
Greedy,3204,3037662008,3926073,3926401,328,completed,-31
Greedy,3205,3037662008,3926273,3926510,237,completed,-31
Greedy,3206,3037662008,3926373,3926613,240,completed,-31
Greedy,3207,3037662008,3926473,3926716,243,completed,-31
Greedy,3208,3037662008,3926573,3926819,246,completed,-31
Greedy,3209,3037662008,3926673,3926922,249,completed,-31
Greedy,3210,3037662008,3926773,3927025,252,completed,-31
Greedy,3211,3037662008,3926873,3927128,255,completed,-31
Greedy,3212,3037662008,3926973,3927231,258,completed,-31
Greedy,3213,3037662008,3927073,3927333,260,completed,-31
Greedy,3214,3037662008,3927288,3927436,148,completed,-31
Greedy,3215,3658959723,3929496,3929834,338,completed,-11
Greedy,3217,3037662008,3929800,3929943,143,completed,-30
Greedy,3216,3658959723,3929700,3929940,240,completed,-11
Greedy,3218,3037662008,3929900,3930046,146,completed,-30
Greedy,3219,3037662008,3930000,3930149,149,completed,-30
Greedy,3220,3037662008,3930100,3930252,152,completed,-30
Greedy,3221,3037662008,3930200,3930355,155,completed,-30
Greedy,3222,3037662008,3930300,3930458,158,completed,-30
Greedy,3223,3037662008,3930400,3930561,161,completed,-30
Greedy,3224,3037662008,3930500,3930829,329,completed,-30
Greedy,3225,3037662008,3930701,3930932,231,completed,-30
Greedy,3226,3037662008,3930801,3931035,234,completed,-30
Greedy,3227,3037662008,3930901,3931138,237,completed,-30
Greedy,3228,3037662008,3931001,3931241,240,completed,-30
Greedy,3229,3037662008,3931101,3931344,243,completed,-30
Greedy,3230,3037662008,3931201,3931447,246,completed,-30
Greedy,3231,3037662008,3931301,3931550,249,completed,-30
Greedy,3232,3037662008,3931401,3931653,252,completed,-30
Greedy,3235,3658959723,3931804,3931948,144,completed,-11
Greedy,3233,3037662008,3931502,3931831,329,completed,-30
Greedy,3236,3658959723,3931904,3932051,147,completed,-11
Greedy,3237,3658959723,3932004,3932153,149,completed,-11
Greedy,3238,3658959723,3932104,3932256,152,completed,-11
Greedy,3234,3037662008,3931704,3931943,239,completed,-30
Greedy,3239,3658959723,3932204,3932359,155,completed,-11
Greedy,3240,3658959723,3932304,3932462,158,completed,-11
Greedy,3241,3658959723,3932404,3932565,161,completed,-11
Greedy,3242,3658959723,3932504,3932850,346,completed,-11
Greedy,3243,3658959723,3932705,3932959,254,completed,-11
Greedy,3244,3658959723,3932805,3933062,257,completed,-11
Greedy,3245,3658959723,3932905,3933165,260,completed,-11
Greedy,3246,3658959723,3933005,3933268,263,completed,-11
Greedy,3247,3658959723,3933105,3933371,266,completed,-11
Greedy,3248,3658959723,3933205,3933474,269,completed,-11
Greedy,3249,3658959723,3933305,3933577,272,completed,-11
Greedy,3250,3658959723,3933405,3933679,274,completed,-11
Greedy,3251,3658959723,3933505,3933844,339,completed,-12
Greedy,3253,3037662008,3933807,3933941,134,completed,-31
Greedy,3252,3658959723,3933707,3933947,240,completed,-12
Greedy,3254,3037662008,3933907,3934051,144,completed,-31
Greedy,3255,3037662008,3934007,3934154,147,completed,-31
Greedy,3256,3037662008,3934107,3934257,150,completed,-31
Greedy,3257,3037662008,3934207,3934360,153,completed,-31
Greedy,3258,3037662008,3934307,3934463,156,completed,-31
Greedy,3259,3037662008,3934407,3934566,159,completed,-31
Greedy,3260,3037662008,3934507,3934835,328,completed,-31
Greedy,3261,3037662008,3934707,3934938,231,completed,-31
Greedy,3262,3037662008,3934807,3935043,236,completed,-31
Greedy,3263,3037662008,3934907,3935146,239,completed,-31
Greedy,3264,3037662008,3935007,3935249,242,completed,-31
Greedy,3265,3037662008,3935107,3935352,245,completed,-31
Greedy,3266,3037662008,3935207,3935455,248,completed,-31
Greedy,3267,3037662008,3935307,3935558,251,completed,-31
Greedy,3268,3037662008,3935407,3935661,254,completed,-31
Greedy,3269,3037662008,3935507,3935763,256,completed,-31
Greedy,3271,3658959723,3935810,3935954,144,completed,-11
Greedy,3272,3658959723,3935910,3936064,154,completed,-11
Greedy,3273,3658959723,3936010,3936167,157,completed,-11
Greedy,3274,3658959723,3936110,3936269,159,completed,-11
Greedy,3270,3037662008,3935710,3935866,156,completed,-32
Greedy,3275,3658959723,3936210,3936372,162,completed,-11
Greedy,3276,3658959723,3936310,3936475,165,completed,-11
Greedy,3277,3658959723,3936410,3936578,168,completed,-11
Greedy,3278,3658959723,3936510,3936850,340,completed,-11
Greedy,3279,3658959723,3936705,3936953,248,completed,-11
Greedy,3280,3658959723,3936805,3937056,251,completed,-11
Greedy,3281,3658959723,3936905,3937160,255,completed,-11
Greedy,3282,3658959723,3937005,3937263,258,completed,-11
Greedy,3283,3658959723,3937105,3937366,261,completed,-11
Greedy,3284,3658959723,3937205,3937469,264,completed,-11
Greedy,3285,3658959723,3937305,3937572,267,completed,-11
Greedy,3286,3658959723,3937405,3937675,270,completed,-11
Greedy,3287,3658959723,3937505,3937777,272,completed,-11
Greedy,3289,3037662008,3937810,3937946,136,completed,-31
Greedy,3290,3037662008,3937910,3938049,139,completed,-31
Greedy,3288,3658959723,3937710,3937879,169,completed,-13
Greedy,3291,3037662008,3938010,3938152,142,completed,-31
Greedy,3292,3037662008,3938110,3938255,145,completed,-31
Greedy,3293,3037662008,3938210,3938358,148,completed,-31
Greedy,3294,3037662008,3938310,3938461,151,completed,-31
Greedy,3295,3037662008,3938410,3938564,154,completed,-31
Greedy,3296,3037662008,3938510,3938667,157,completed,-31
Greedy,3297,3037662008,3938711,3938848,137,completed,-31
Greedy,3298,3037662008,3938811,3938951,140,completed,-31
Greedy,3299,3037662008,3938911,3939054,143,completed,-31
Greedy,3300,3037662008,3939011,3939157,146,completed,-31
Greedy,3301,3037662008,3939111,3939260,149,completed,-31
Greedy,3302,3037662008,3939211,3939363,152,completed,-31
Greedy,3303,3037662008,3939311,3939466,155,completed,-31
Greedy,3304,3037662008,3939411,3939569,158,completed,-31
Greedy,3305,3037662008,3939511,3939672,161,completed,-31
Greedy,3307,3658959723,3939812,3939956,144,completed,-11
Greedy,3306,3037662008,3939712,3939850,138,completed,-36
Greedy,3308,3658959723,3939912,3940059,147,completed,-11
Greedy,3309,3658959723,3940012,3940162,150,completed,-11
Greedy,3310,3658959723,3940112,3940265,153,completed,-11
Greedy,3311,3658959723,3940212,3940368,156,completed,-11
Greedy,3312,3658959723,3940312,3940471,159,completed,-11
Greedy,3313,3658959723,3940412,3940574,162,completed,-11
Greedy,3314,3658959723,3940512,3940677,165,completed,-11
Greedy,3315,3658959723,3940715,3940859,144,completed,-11
Greedy,3316,3658959723,3940815,3940968,153,completed,-11
Greedy,3317,3658959723,3940915,3941070,155,completed,-11
Greedy,3318,3658959723,3941015,3941173,158,completed,-11
Greedy,3319,3658959723,3941115,3941275,160,completed,-11
Greedy,3320,3658959723,3941215,3941378,163,completed,-11
Greedy,3321,3658959723,3941315,3941480,165,completed,-11
Greedy,3322,3658959723,3941415,3941583,168,completed,-11
Greedy,3323,3658959723,3941515,3941852,337,completed,-12
Greedy,3325,3037662008,3941815,3941951,136,completed,-28
Greedy,3324,3658959723,3941715,3941955,240,completed,-12
Greedy,3326,3037662008,3941915,3942054,139,completed,-28
Greedy,3327,3037662008,3942015,3942157,142,completed,-28
Greedy,3328,3037662008,3942115,3942260,145,completed,-28
Greedy,3329,3037662008,3942215,3942363,148,completed,-28
Greedy,3330,3037662008,3942315,3942466,151,completed,-28
Greedy,3331,3037662008,3942415,3942569,154,completed,-28
Greedy,3332,3037662008,3942515,3942672,157,completed,-28
Greedy,3333,3037662008,3942715,3942853,138,completed,-28
Greedy,3334,3037662008,3942815,3942956,141,completed,-28
Greedy,3335,3037662008,3942915,3943059,144,completed,-28
Greedy,3336,3037662008,3943015,3943162,147,completed,-28
Greedy,3337,3037662008,3943115,3943265,150,completed,-28
Greedy,3338,3037662008,3943215,3943368,153,completed,-28
Greedy,3339,3037662008,3943315,3943471,156,completed,-28
Greedy,3340,3037662008,3943415,3943574,159,completed,-28
Greedy,3341,3037662008,3943515,3943677,162,completed,-28
Greedy,3343,3658959723,3943815,3943959,144,completed,-11
Greedy,3342,3037662008,3943715,3943854,139,completed,-32
Greedy,3344,3658959723,3943915,3944069,154,completed,-11
Greedy,3345,3658959723,3944015,3944172,157,completed,-11
Greedy,3346,3658959723,3944115,3944275,160,completed,-11
Greedy,3347,3658959723,3944215,3944378,163,completed,-11
Greedy,3348,3658959723,3944315,3944481,166,completed,-11
Greedy,3349,3658959723,3944415,3944584,169,completed,-11
Greedy,3350,3658959723,3944515,3944687,172,completed,-11
Greedy,3351,3658959723,3944720,3944864,144,completed,-11
Greedy,3369,3037662008,3948829,3948990,161,completed,-30
Greedy,3370,3037662008,3948929,3949260,331,completed,-30
Greedy,3371,3037662008,3949132,3949378,246,completed,-30
Greedy,3372,3037662008,3949232,3949481,249,completed,-30
Greedy,3373,3037662008,3949332,3949584,252,completed,-30
Greedy,3374,3037662008,3949432,3949687,255,completed,-30
Greedy,3375,3037662008,3949532,3949790,258,completed,-31
Greedy,3403,3037662008,3953939,3954088,149,completed,-30
Greedy,3404,3037662008,3954039,3954197,158,completed,-30
Greedy,3405,3037662008,3954139,3954475,336,completed,-30
Greedy,3406,3037662008,3954347,3954578,231,completed,-30
Greedy,3407,3037662008,3954447,3954685,238,completed,-30
Greedy,3408,3037662008,3954547,3954788,241,completed,-30
Greedy,3409,3037662008,3954647,3954891,244,completed,-30
Greedy,3410,3037662008,3954747,3954994,247,completed,-30
Greedy,3411,3037662008,3954847,3955097,250,completed,-30
Greedy,3412,3037662008,3954947,3955200,253,completed,-30
Greedy,3413,3037662008,3955050,3955303,253,completed,-30
Greedy,3414,3037662008,3955346,3955484,138,completed,-30
Greedy,3415,3037662008,3955446,3955587,141,completed,-30
Greedy,3416,3037662008,3955546,3955690,144,completed,-30
Greedy,3417,3037662008,3955646,3955793,147,completed,-31
Greedy,3419,3658959723,3955846,3955990,144,completed,-11
Greedy,3420,3658959723,3955946,3956099,153,completed,-11
Greedy,3421,3658959723,3956046,3956202,156,completed,-11
Greedy,3418,3037662008,3955746,3955895,149,completed,-31
Greedy,3422,3658959723,3956146,3956305,159,completed,-11
Greedy,3423,3658959723,3956351,3956510,159,completed,-11
Greedy,3424,3658959723,3956451,3956619,168,completed,-11
Greedy,3425,3658959723,3956551,3956722,171,completed,-11
Greedy,3426,3658959723,3956651,3956825,174,completed,-11
Greedy,3427,3658959723,3956751,3956928,177,completed,-11
Greedy,3428,3658959723,3956851,3957031,180,completed,-11
Greedy,3429,3658959723,3956951,3957139,188,completed,-11
Greedy,3430,3658959723,3957054,3957242,188,completed,-11
Greedy,3431,3658959723,3957344,3957490,146,completed,-11
Greedy,3432,3658959723,3957444,3957593,149,completed,-11
Greedy,3433,3658959723,3957544,3957696,152,completed,-11
Greedy,3434,3658959723,3957644,3957799,155,completed,-12
Greedy,3436,3037662008,3957844,3957979,135,completed,-29
Greedy,3437,3037662008,3957944,3958088,144,completed,-29
Greedy,3435,3658959723,3957744,3957900,156,completed,-12
Greedy,3438,3037662008,3958044,3958191,147,completed,-29
Greedy,3439,3037662008,3958144,3958294,150,completed,-29
Greedy,3440,3037662008,3958350,3958488,138,completed,-29
Greedy,3441,3037662008,3958450,3958591,141,completed,-29
Greedy,3442,3037662008,3958550,3958694,144,completed,-29
Greedy,3443,3037662008,3958650,3958797,147,completed,-29
Greedy,3444,3037662008,3958750,3958900,150,completed,-29
Greedy,3445,3037662008,3958850,3959003,153,completed,-29
Greedy,3446,3037662008,3958950,3959111,161,completed,-29
Greedy,3447,3037662008,3959050,3959214,164,completed,-29
Greedy,3448,3037662008,3959150,3959317,167,completed,-29
Greedy,3449,3037662008,3959350,3959489,139,completed,-29
Greedy,3450,3037662008,3959450,3959592,142,completed,-29
Greedy,3451,3037662008,3959550,3959695,145,completed,-29
Greedy,3452,3037662008,3959650,3959798,148,completed,-32
Greedy,3454,3658959723,3959850,3959994,144,completed,-11
Greedy,3455,3658959723,3959950,3960106,156,completed,-11
Greedy,3456,3658959723,3960050,3960215,165,completed,-11
Greedy,3453,3037662008,3959750,3959900,150,completed,-32
Greedy,3457,3658959723,3960150,3960317,167,completed,-11
Greedy,3458,3658959723,3960355,3960505,150,completed,-11
Greedy,3459,3658959723,3960455,3960607,152,completed,-11
Greedy,3460,3658959723,3960555,3960710,155,completed,-11
Greedy,3461,3658959723,3960655,3960813,158,completed,-11
Greedy,3462,3658959723,3960755,3960916,161,completed,-11
Greedy,3463,3658959723,3960855,3961019,164,completed,-11
Greedy,3464,3658959723,3960955,3961127,172,completed,-11
Greedy,3465,3658959723,3961055,3961236,181,completed,-11
Greedy,3466,3658959723,3961155,3961492,337,completed,-11
Greedy,3467,3658959723,3961355,3961595,240,completed,-11
Greedy,3468,3658959723,3961455,3961697,242,completed,-11
Greedy,3469,3658959723,3961555,3961802,247,completed,-13
Greedy,3470,3658959723,3961657,3961905,248,completed,-13
Greedy,3472,3037662008,3961857,3961992,135,completed,-28
Greedy,3473,3037662008,3961957,3962101,144,completed,-28
Greedy,3474,3037662008,3962057,3962210,153,completed,-28
Greedy,3471,3658959723,3961757,3962007,250,completed,-13
Greedy,3475,3037662008,3962157,3962486,329,completed,-28
Greedy,3476,3037662008,3962359,3962589,230,completed,-28
Greedy,3477,3037662008,3962459,3962694,235,completed,-28
Greedy,3478,3037662008,3962559,3962797,238,completed,-28
Greedy,3479,3037662008,3962659,3962900,241,completed,-28
Greedy,3480,3037662008,3962759,3963002,243,completed,-28
Greedy,3481,3037662008,3962859,3963105,246,completed,-28
Greedy,3482,3037662008,3962959,3963214,255,completed,-28
Greedy,3483,3037662008,3963059,3963489,430,completed,-28
Greedy,3484,3037662008,3963159,3963592,433,completed,-28
Greedy,3485,3037662008,3963360,3963695,335,completed,-28
Greedy,3486,3037662008,3963460,3963798,338,completed,-29
Greedy,3489,3658959723,3963767,3963911,144,completed,-11
Greedy,3487,3037662008,3963560,3963901,341,completed,-29
Greedy,3490,3658959723,3963867,3964014,147,completed,-11
Greedy,3491,3658959723,3963967,3964117,150,completed,-11
Greedy,3492,3658959723,3964067,3964220,153,completed,-11
Greedy,3488,3037662008,3963660,3964003,343,completed,-29
Greedy,3493,3658959723,3964355,3964501,146,completed,-11
Greedy,3494,3658959723,3964455,3964603,148,completed,-11
Greedy,3495,3658959723,3964555,3964706,151,completed,-11
Greedy,3496,3658959723,3964655,3964809,154,completed,-11
Greedy,3497,3658959723,3964755,3964911,156,completed,-11
Greedy,3498,3658959723,3964855,3965014,159,completed,-11
Greedy,3499,3658959723,3964955,3965123,168,completed,-11
Greedy,3500,3658959723,3965056,3965233,177,completed,-11
Greedy,3501,3658959723,3965156,3965336,180,completed,-11
Greedy,3502,3658959723,3965360,3965507,147,completed,-11
Greedy,3503,3658959723,3965460,3965610,150,completed,-11
Greedy,3504,3658959723,3965560,3965713,153,completed,-11
Greedy,3505,3658959723,3965660,3965816,156,completed,-12
Greedy,3507,3037662008,3965860,3965995,135,completed,-28
Greedy,3508,3037662008,3965960,3966106,146,completed,-28
Greedy,3509,3037662008,3966060,3966215,155,completed,-28
Greedy,3506,3658959723,3965760,3965918,158,completed,-12
Greedy,3510,3037662008,3966160,3966318,158,completed,-28
Greedy,3511,3037662008,3966363,3966506,143,completed,-28
Greedy,3512,3037662008,3966463,3966609,146,completed,-28
Greedy,3513,3037662008,3966563,3966712,149,completed,-28
Greedy,3514,3037662008,3966663,3966815,152,completed,-28
Greedy,3515,3037662008,3966763,3966918,155,completed,-28
Greedy,3516,3037662008,3966863,3967021,158,completed,-28
Greedy,3517,3037662008,3966963,3967130,167,completed,-28
Greedy,3518,3037662008,3967063,3967239,176,completed,-28
Greedy,3519,3037662008,3967163,3967492,329,completed,-28
Greedy,3520,3037662008,3967363,3967598,235,completed,-28
Greedy,3521,3037662008,3967463,3967700,237,completed,-28
Greedy,3522,3037662008,3967563,3967803,240,completed,-30
Greedy,3524,3658959723,3967768,3967913,145,completed,-11
Greedy,3523,3037662008,3967663,3967906,243,completed,-30
Greedy,3525,3658959723,3967868,3968022,154,completed,-11
Greedy,3526,3658959723,3967968,3968125,157,completed,-11
Greedy,3527,3658959723,3968068,3968239,171,completed,-11
Greedy,3528,3658959723,3968359,3968505,146,completed,-11
Greedy,3529,3658959723,3968459,3968608,149,completed,-11
Greedy,3530,3658959723,3968559,3968710,151,completed,-11
Greedy,3531,3658959723,3968659,3968813,154,completed,-11
Greedy,3532,3658959723,3968759,3968916,157,completed,-11
Greedy,3533,3658959723,3968859,3969019,160,completed,-11
Greedy,3534,3658959723,3968959,3969127,168,completed,-11
Greedy,3535,3658959723,3969059,3969236,177,completed,-11
Greedy,3536,3658959723,3969159,3969503,344,completed,-11
Greedy,3537,3658959723,3969365,3969612,247,completed,-11
Greedy,3538,3658959723,3969465,3969715,250,completed,-11
Greedy,3541,3037662008,3969768,3969903,135,completed,-28
Greedy,3539,3658959723,3969565,3969818,253,completed,-11
Greedy,3542,3037662008,3969868,3970012,144,completed,-28
Greedy,3543,3037662008,3969968,3970115,147,completed,-28
Greedy,3544,3037662008,3970068,3970218,150,completed,-28
Greedy,3540,3658959723,3969665,3969919,254,completed,-11
Greedy,3545,3037662008,3970168,3970499,331,completed,-28
Greedy,3546,3037662008,3970363,3970602,239,completed,-28
Greedy,3547,3037662008,3970463,3970705,242,completed,-28
Greedy,3548,3037662008,3970563,3970808,245,completed,-28
Greedy,3549,3037662008,3970663,3970911,248,completed,-28
Greedy,3550,3037662008,3970763,3971014,251,completed,-28
Greedy,3551,3037662008,3970863,3971117,254,completed,-28
Greedy,3552,3037662008,3970963,3971220,257,completed,-28
Greedy,3553,3037662008,3971063,3971323,260,completed,-28
Greedy,3554,3037662008,3971163,3971425,262,completed,-28
Greedy,3555,3037662008,3971368,3971528,160,completed,-28
Greedy,3556,3037662008,3971468,3971631,163,completed,-28
Greedy,3557,3037662008,3971568,3971734,166,completed,-28
Greedy,3558,3037662008,3971668,3971837,169,completed,-33
Greedy,3559,3658959723,3971771,3971916,145,completed,-11
Greedy,3560,3658959723,3971871,3972019,148,completed,-11
Greedy,3561,3658959723,3971971,3972121,150,completed,-11
Greedy,3562,3658959723,3972071,3972224,153,completed,-11
Greedy,3563,3658959723,3972171,3972509,338,completed,-11
Greedy,3564,3658959723,3972371,3972626,255,completed,-11
Greedy,3565,3658959723,3972471,3972729,258,completed,-11
Greedy,3566,3658959723,3972571,3972832,261,completed,-11
Greedy,3567,3658959723,3972671,3972935,264,completed,-11
Greedy,3568,3658959723,3972771,3973037,266,completed,-11
Greedy,3569,3658959723,3972871,3973140,269,completed,-11
Greedy,3570,3658959723,3972971,3973243,272,completed,-11
Greedy,3571,3658959723,3973071,3973346,275,completed,-11
Greedy,3572,3658959723,3973171,3973448,277,completed,-11
Greedy,3573,3658959723,3973371,3973550,179,completed,-11
Greedy,3574,3658959723,3973471,3973652,181,completed,-11
Greedy,3575,3658959723,3973571,3973755,184,completed,-11
Greedy,3576,3658959723,3973671,3973858,187,completed,-12
Greedy,3578,3037662008,3973871,3974007,136,completed,-28
Greedy,3579,3037662008,3973971,3974120,149,completed,-28
Greedy,3577,3658959723,3973771,3973960,189,completed,-12
Greedy,3580,3037662008,3974071,3974223,152,completed,-28
Greedy,3581,3037662008,3974171,3974326,155,completed,-28
Greedy,3582,3037662008,3974372,3974510,138,completed,-28
Greedy,3583,3037662008,3974472,3974613,141,completed,-28
Greedy,3584,3037662008,3974572,3974716,144,completed,-28
Greedy,3585,3037662008,3974672,3974819,147,completed,-28
Greedy,3586,3037662008,3974772,3974922,150,completed,-28
Greedy,3587,3037662008,3974872,3975025,153,completed,-28
Greedy,3588,3037662008,3974972,3975134,162,completed,-28
Greedy,3589,3037662008,3975072,3975241,169,completed,-28
Greedy,3590,3037662008,3975172,3975344,172,completed,-28
Greedy,3591,3037662008,3975373,3975511,138,completed,-28
Greedy,3592,3037662008,3975473,3975614,141,completed,-28
Greedy,3593,3037662008,3975573,3975717,144,completed,-28
Greedy,3595,3658959723,3975773,3975917,144,completed,-11
Greedy,3594,3037662008,3975673,3975820,147,completed,-36
Greedy,3596,3658959723,3975873,3976031,158,completed,-11
Greedy,3597,3658959723,3975973,3976134,161,completed,-11
Greedy,3598,3658959723,3976073,3976237,164,completed,-11
Greedy,3599,3658959723,3976173,3976340,167,completed,-11
Greedy,3600,3658959723,3976374,3976520,146,completed,-11
Greedy,3601,3658959723,3976474,3976623,149,completed,-11
Greedy,3602,3658959723,3976574,3976725,151,completed,-11
Greedy,3603,3658959723,3976674,3976828,154,completed,-11
Greedy,3604,3658959723,3976774,3976931,157,completed,-11
Greedy,3605,3658959723,3976874,3977034,160,completed,-11
Greedy,3606,3658959723,3976974,3977137,163,completed,-11
Greedy,3607,3658959723,3977074,3977240,166,completed,-11
Greedy,3608,3658959723,3977174,3977343,169,completed,-11
Greedy,3609,3658959723,3977378,3977672,294,completed,-11
Greedy,3610,3658959723,3977478,3977781,303,completed,-11
Greedy,3611,3658959723,3977578,3977884,306,completed,-13
Greedy,3613,3037662008,3977778,3977914,136,completed,-30
Greedy,3612,3658959723,3977678,3977987,309,completed,-13
Greedy,3614,3037662008,3977878,3978017,139,completed,-30
Greedy,3615,3037662008,3977978,3978120,142,completed,-30
Greedy,3616,3037662008,3978078,3978223,145,completed,-30
Greedy,3617,3037662008,3978179,3978509,330,completed,-30
Greedy,3618,3037662008,3978381,3978612,231,completed,-30
Greedy,3619,3037662008,3978481,3978714,233,completed,-30
Greedy,3620,3037662008,3978581,3978835,254,completed,-30
Greedy,3621,3037662008,3978681,3978938,257,completed,-30
Greedy,3622,3037662008,3978781,3979041,260,completed,-30
Greedy,3623,3037662008,3978881,3979144,263,completed,-30
Greedy,3624,3037662008,3978981,3979247,266,completed,-30
Greedy,3625,3037662008,3979081,3979348,267,completed,-30
Greedy,3626,3037662008,3979181,3979514,333,completed,-30
Greedy,3627,3037662008,3979376,3979617,241,completed,-30
Greedy,3628,3037662008,3979476,3979720,244,completed,-30
Greedy,3631,3658959723,3979776,3979920,144,completed,-11
Greedy,3629,3037662008,3979576,3979823,247,completed,-29
Greedy,3632,3658959723,3979876,3980023,147,completed,-11
Greedy,3633,3658959723,3979976,3980126,150,completed,-11
Greedy,3634,3658959723,3980076,3980252,176,completed,-11
Greedy,3630,3037662008,3979676,3979924,248,completed,-29
Greedy,3635,3658959723,3980176,3980355,179,completed,-11
Greedy,3636,3658959723,3980386,3980534,148,completed,-11
Greedy,3637,3658959723,3980486,3980644,158,completed,-11
Greedy,3638,3658959723,3980586,3980747,161,completed,-11
Greedy,3639,3658959723,3980686,3980849,163,completed,-11
Greedy,3640,3658959723,3980786,3980952,166,completed,-11
Greedy,3641,3658959723,3980886,3981054,168,completed,-11
Greedy,3642,3658959723,3980986,3981156,170,completed,-11
Greedy,3643,3658959723,3981086,3981259,173,completed,-11
Greedy,3644,3658959723,3981377,3981523,146,completed,-11
Greedy,3645,3658959723,3981477,3981626,149,completed,-11
Greedy,3646,3658959723,3981577,3981730,153,completed,-11
Greedy,3647,3658959723,3981677,3981833,156,completed,-12
Greedy,3649,3037662008,3981877,3982012,135,completed,-30
Greedy,3650,3037662008,3981977,3982122,145,completed,-30
Greedy,3648,3658959723,3981777,3981935,158,completed,-12
Greedy,3651,3037662008,3982077,3982242,165,completed,-30
Greedy,3652,3037662008,3982179,3982512,333,completed,-30
Greedy,3653,3037662008,3982384,3982622,238,completed,-30
Greedy,3654,3037662008,3982484,3982725,241,completed,-30
Greedy,3655,3037662008,3982584,3982828,244,completed,-30
Greedy,3656,3037662008,3982684,3982931,247,completed,-30
Greedy,3657,3037662008,3982784,3983034,250,completed,-30
Greedy,3658,3037662008,3982884,3983137,253,completed,-30
Greedy,3659,3037662008,3982984,3983240,256,completed,-30
Greedy,3660,3037662008,3983084,3983343,259,completed,-30
Greedy,3661,3037662008,3983184,3983445,261,completed,-30
Greedy,3662,3037662008,3983385,3983548,163,completed,-30
Greedy,3663,3037662008,3983485,3983651,166,completed,-30
Greedy,3664,3037662008,3983585,3983754,169,completed,-30
Greedy,3666,3658959723,3983785,3983930,145,completed,-11
Greedy,3665,3037662008,3983685,3983857,172,completed,-30
Greedy,3667,3658959723,3983885,3984040,155,completed,-11
Greedy,3668,3658959723,3983985,3984143,158,completed,-11
Greedy,3669,3658959723,3984085,3984246,161,completed,-11
Greedy,3670,3658959723,3984185,3984349,164,completed,-11
Greedy,3671,3658959723,3984387,3984532,145,completed,-11
Greedy,3672,3658959723,3984487,3984642,155,completed,-11
Greedy,3673,3658959723,3984587,3984744,157,completed,-11
Greedy,3674,3658959723,3984687,3984846,159,completed,-11
Greedy,3675,3658959723,3984787,3984949,162,completed,-11
Greedy,3676,3658959723,3984887,3985052,165,completed,-11
Greedy,3677,3658959723,3984987,3985155,168,completed,-11
Greedy,3678,3658959723,3985087,3985258,171,completed,-11
Greedy,3679,3658959723,3985187,3985527,340,completed,-11
Greedy,3680,3658959723,3985384,3985689,305,completed,-11
Greedy,3681,3658959723,3985484,3985792,308,completed,-11
Greedy,3682,3658959723,3985584,3985895,311,completed,-13
Greedy,3685,3037662008,3985884,3986020,136,completed,-29
Greedy,3686,3037662008,3985984,3986123,139,completed,-29
Greedy,3683,3658959723,3985684,3985997,313,completed,-13
Greedy,3684,3658959723,3985784,3986099,315,completed,-13
Greedy,3687,3037662008,3986084,3986226,142,completed,-29
Greedy,3688,3037662008,3986184,3986329,145,completed,-29
Greedy,3689,3037662008,3986388,3986524,136,completed,-29
Greedy,3690,3037662008,3986488,3986634,146,completed,-29
Greedy,3691,3037662008,3986588,3986737,149,completed,-29
Greedy,3692,3037662008,3986688,3986840,152,completed,-29
Greedy,3693,3037662008,3986788,3986943,155,completed,-29
Greedy,3694,3037662008,3986888,3987046,158,completed,-29
Greedy,3695,3037662008,3986988,3987149,161,completed,-29
Greedy,3696,3037662008,3987088,3987252,164,completed,-29
Greedy,3697,3037662008,3987188,3987355,167,completed,-29
Greedy,3698,3037662008,3987388,3987526,138,completed,-29
Greedy,3699,3037662008,3987488,3987629,141,completed,-29
Greedy,3700,3037662008,3987588,3987732,144,completed,-29
Greedy,3702,3658959723,3987788,3987933,145,completed,-11
Greedy,3703,3658959723,3987888,3988036,148,completed,-11
Greedy,3704,3658959723,3987988,3988139,151,completed,-11
Greedy,3705,3658959723,3988088,3988241,153,completed,-11
Greedy,3701,3037662008,3987688,3987835,147,completed,-30
Greedy,3706,3658959723,3988188,3988344,156,completed,-11
Greedy,SUMMARY,ALL,0,0,120000,batch_complete,0
----------------,---,---,---,---,---,----------------,---
Greedy,3707,3658959723,3988394,3988543,149,completed,-11
Greedy,3708,3658959723,3997549,3997694,145,completed,-11
Greedy,3709,3658959723,3997649,3997797,148,completed,-11
Greedy,3710,3658959723,3997749,3997900,151,completed,-11
Greedy,3711,3658959723,3997849,3998003,154,completed,-11
Greedy,3712,3037662008,3997949,3998084,135,completed,-28
Greedy,3713,3037662008,3998049,3998190,141,completed,-28
Greedy,3714,3037662008,3998149,3998302,153,completed,-28
Greedy,3715,3037662008,3998394,3998532,138,completed,-28
Greedy,3716,3037662008,3998494,3998635,141,completed,-28
Greedy,3717,3037662008,3998594,3998738,144,completed,-28
Greedy,3718,3037662008,3998694,3998841,147,completed,-28
Greedy,3719,3037662008,3998794,3998944,150,completed,-28
Greedy,3720,3037662008,3998894,3999047,153,completed,-28
Greedy,3721,3037662008,3998994,3999156,162,completed,-28
Greedy,3722,3037662008,3999094,3999259,165,completed,-28
Greedy,3723,3037662008,3999194,3999362,168,completed,-28
Greedy,3724,3037662008,3999400,3999539,139,completed,-28
Greedy,3725,3037662008,3999500,3999642,142,completed,-28
Greedy,3726,3037662008,3999600,3999745,145,completed,-28
Greedy,3728,3658959723,3999800,3999944,144,completed,-10
Greedy,3727,3037662008,3999700,3999848,148,completed,-28
Greedy,3729,3658959723,3999900,4000054,154,completed,-10
Greedy,3730,3658959723,4000000,4000157,157,completed,-10
Greedy,3731,3658959723,4000100,4000260,160,completed,-10
Greedy,3732,3658959723,4000200,4000363,163,completed,-10
Greedy,3733,3658959723,4000401,4000548,147,completed,-10
Greedy,3734,3658959723,4000501,4000651,150,completed,-10
Greedy,3735,3658959723,4000601,4000754,153,completed,-10
Greedy,3736,3658959723,4000701,4000857,156,completed,-10
Greedy,3737,3658959723,4000801,4000960,159,completed,-10
Greedy,3738,3658959723,4000901,4001063,162,completed,-10
Greedy,3739,3658959723,4001001,4001166,165,completed,-10
Greedy,3740,3658959723,4001101,4001269,168,completed,-10
Greedy,3741,3658959723,4001201,4001372,171,completed,-10
Greedy,3742,3658959723,4001402,4001548,146,completed,-10
Greedy,3743,3658959723,4001502,4001650,148,completed,-10
Greedy,3744,3658959723,4001602,4001753,151,completed,-10
Greedy,3746,3037662008,4001802,4001938,136,completed,-30
Greedy,3745,3658959723,4001702,4001856,154,completed,-11
Greedy,3747,3037662008,4001902,4002041,139,completed,-30
Greedy,3748,3037662008,4002002,4002144,142,completed,-30
Greedy,3749,3037662008,4002102,4002247,145,completed,-30
Greedy,3750,3037662008,4002202,4002350,148,completed,-30
Greedy,3751,3037662008,4002403,4002542,139,completed,-30
Greedy,3752,3037662008,4002503,4002645,142,completed,-30
Greedy,3753,3037662008,4002603,4002748,145,completed,-30
Greedy,3754,3037662008,4002703,4002851,148,completed,-30
Greedy,3755,3037662008,4002803,4002954,151,completed,-30
Greedy,3756,3037662008,4002903,4003057,154,completed,-30
Greedy,3757,3037662008,4003003,4003166,163,completed,-30
Greedy,3758,3037662008,4003103,4003275,172,completed,-30
Greedy,3759,3037662008,4003203,4003378,175,completed,-30
Greedy,3760,3037662008,4003404,4003543,139,completed,-30
Greedy,3761,3037662008,4003504,4003646,142,completed,-30
Greedy,3762,3037662008,4003604,4003749,145,completed,-30
Greedy,3764,3658959723,4003804,4003948,144,completed,-11
Greedy,3763,3037662008,4003704,4003852,148,completed,-32
Greedy,3765,3658959723,4003904,4004057,153,completed,-11
Greedy,3766,3658959723,4004004,4004160,156,completed,-11
Greedy,3767,3658959723,4004104,4004263,159,completed,-11
Greedy,3768,3658959723,4004204,4004366,162,completed,-11
Greedy,3769,3658959723,4004405,4004552,147,completed,-11
Greedy,3770,3658959723,4004505,4004655,150,completed,-11
Greedy,3771,3658959723,4004605,4004758,153,completed,-11
Greedy,3772,3658959723,4004705,4004861,156,completed,-11
Greedy,3773,3658959723,4004805,4004964,159,completed,-11
Greedy,3774,3658959723,4004905,4005067,162,completed,-11
Greedy,3775,3658959723,4005005,4005169,164,completed,-11
Greedy,3776,3658959723,4005105,4005272,167,completed,-11
Greedy,3777,3658959723,4005205,4005375,170,completed,-11
Greedy,3778,3658959723,4005406,4005553,147,completed,-11
Greedy,3779,3658959723,4005506,4005656,150,completed,-11
Greedy,3780,3658959723,4005606,4005759,153,completed,-11
Greedy,3782,3037662008,4005806,4005942,136,completed,-28
Greedy,3781,3658959723,4005706,4005862,156,completed,-12
Greedy,3783,3037662008,4005906,4006045,139,completed,-28
Greedy,3784,3037662008,4006006,4006148,142,completed,-28
Greedy,3785,3037662008,4006106,4006251,145,completed,-28
Greedy,3786,3037662008,4006206,4006354,148,completed,-28
Greedy,3787,3037662008,4006407,4006546,139,completed,-28
Greedy,3788,3037662008,4006507,4006649,142,completed,-28
Greedy,3789,3037662008,4006607,4006752,145,completed,-28
Greedy,3790,3037662008,4006707,4006855,148,completed,-28
Greedy,3791,3037662008,4006807,4006958,151,completed,-28
Greedy,3792,3037662008,4006907,4007061,154,completed,-28
Greedy,3793,3037662008,4007007,4007171,164,completed,-28
Greedy,3794,3037662008,4007107,4007280,173,completed,-28
Greedy,3795,3037662008,4007207,4007383,176,completed,-28
Greedy,3796,3037662008,4007408,4007547,139,completed,-28
Greedy,3797,3037662008,4007508,4007650,142,completed,-28
Greedy,3798,3037662008,4007608,4007754,146,completed,-28
Greedy,3800,3658959723,4007808,4007953,145,completed,-11
Greedy,3799,3037662008,4007708,4007857,149,completed,-31
Greedy,3801,3658959723,4007908,4008056,148,completed,-11
Greedy,3802,3658959723,4008008,4008159,151,completed,-11
Greedy,3803,3658959723,4008108,4008262,154,completed,-11
Greedy,3804,3658959723,4008208,4008365,157,completed,-11
Greedy,3805,3658959723,4008408,4008557,149,completed,-11
Greedy,3806,3658959723,4008508,4008659,151,completed,-11
Greedy,3807,3658959723,4008608,4008762,154,completed,-11
Greedy,3808,3658959723,4008708,4008865,157,completed,-11
Greedy,3809,3658959723,4008808,4008968,160,completed,-11
Greedy,3810,3658959723,4008908,4009071,163,completed,-11
Greedy,3811,3658959723,4009008,4009173,165,completed,-11
Greedy,3812,3658959723,4009108,4009276,168,completed,-11
Greedy,3813,3658959723,4009208,4009379,171,completed,-11
Greedy,3814,3658959723,4009410,4009557,147,completed,-11
Greedy,3815,3658959723,4009510,4009660,150,completed,-11
Greedy,3816,3658959723,4009610,4009763,153,completed,-11
Greedy,3818,3037662008,4009810,4009948,138,completed,-31
Greedy,3817,3658959723,4009710,4009866,156,completed,-13
Greedy,3819,3037662008,4009910,4010051,141,completed,-31
Greedy,3820,3037662008,4010010,4010154,144,completed,-31
Greedy,3821,3037662008,4010110,4010257,147,completed,-31
Greedy,3822,3037662008,4010210,4010360,150,completed,-31
Greedy,3823,3037662008,4010411,4010549,138,completed,-31
Greedy,3824,3037662008,4010511,4010652,141,completed,-31
Greedy,3825,3037662008,4010611,4010771,160,completed,-31
Greedy,3826,3037662008,4010711,4010874,163,completed,-31
Greedy,3827,3037662008,4010811,4010977,166,completed,-31
Greedy,3828,3037662008,4010911,4011080,169,completed,-31
Greedy,3829,3037662008,4011011,4011190,179,completed,-31
Greedy,3830,3037662008,4011111,4011299,188,completed,-31
Greedy,3831,3037662008,4011211,4011541,330,completed,-31
Greedy,3832,3037662008,4011413,4011651,238,completed,-31
Greedy,3833,3037662008,4011513,4011754,241,completed,-31
Greedy,3836,3658959723,4011813,4011976,163,completed,-11
Greedy,3834,3037662008,4011613,4011857,244,completed,-29
Greedy,3837,3658959723,4011913,4012086,173,completed,-11
Greedy,3838,3658959723,4012013,4012189,176,completed,-11
Greedy,3839,3658959723,4012113,4012292,179,completed,-11
Greedy,3835,3037662008,4011713,4011958,245,completed,-29
Greedy,3840,3658959723,4012213,4012395,182,completed,-11
Greedy,3841,3658959723,4012418,4012565,147,completed,-11
Greedy,3842,3658959723,4012518,4012667,149,completed,-11
Greedy,3843,3658959723,4012618,4012770,152,completed,-11
Greedy,3844,3658959723,4012718,4012873,155,completed,-11
Greedy,3845,3658959723,4012818,4012976,158,completed,-11
Greedy,3846,3658959723,4012918,4013079,161,completed,-11
Greedy,3847,3658959723,4013018,4013182,164,completed,-11
Greedy,3848,3658959723,4013118,4013285,167,completed,-11
Greedy,3849,3658959723,4013413,4013559,146,completed,-11
Greedy,3850,3658959723,4013513,4013661,148,completed,-11
Greedy,3851,3658959723,4013613,4013763,150,completed,-11
Greedy,3852,3658959723,4013713,4013866,153,completed,-12
Greedy,3853,3658959723,4013813,4013969,156,completed,-12
Greedy,3854,3037662008,4013913,4014049,136,completed,-27
Greedy,3855,3037662008,4014013,4014152,139,completed,-27
Greedy,3856,3037662008,4014113,4014255,142,completed,-27
Greedy,3857,3037662008,4014213,4014358,145,completed,-27
Greedy,3858,3037662008,4014416,4014556,140,completed,-27
Greedy,3859,3037662008,4014516,4014659,143,completed,-27
Greedy,3860,3037662008,4014616,4014762,146,completed,-27
Greedy,3861,3037662008,4014716,4014865,149,completed,-27
Greedy,3862,3037662008,4014816,4014968,152,completed,-27
Greedy,3863,3037662008,4014916,4015071,155,completed,-27
Greedy,3864,3037662008,4015016,4015174,158,completed,-27
Greedy,3865,3037662008,4015116,4015277,161,completed,-27
Greedy,3866,3037662008,4015216,4015380,164,completed,-27
Greedy,3867,3037662008,4015418,4015554,136,completed,-27
Greedy,3868,3037662008,4015518,4015664,146,completed,-27
Greedy,3869,3037662008,4015618,4015767,149,completed,-27
Greedy,3871,3658959723,4015818,4015963,145,completed,-11
Greedy,3870,3037662008,4015718,4015870,152,completed,-30
Greedy,3872,3658959723,4015918,4016072,154,completed,-11
Greedy,3873,3658959723,4016018,4016175,157,completed,-11
Greedy,3874,3658959723,4016118,4016278,160,completed,-11
Greedy,3875,3658959723,4016218,4016381,163,completed,-11
Greedy,3876,3658959723,4016419,4016566,147,completed,-11
Greedy,3877,3658959723,4016519,4016668,149,completed,-11
Greedy,3878,3658959723,4016619,4016771,152,completed,-11
Greedy,3879,3658959723,4016719,4016874,155,completed,-11
Greedy,3880,3658959723,4016819,4016977,158,completed,-11
Greedy,3881,3658959723,4016919,4017080,161,completed,-11
Greedy,3882,3658959723,4017019,4017183,164,completed,-11
Greedy,3883,3658959723,4017119,4017286,167,completed,-11
Greedy,3884,3658959723,4017219,4017389,170,completed,-11
Greedy,3885,3658959723,4017420,4017571,151,completed,-11
Greedy,3886,3658959723,4017520,4017674,154,completed,-11
Greedy,3887,3658959723,4017620,4017777,157,completed,-11
Greedy,3889,3037662008,4017820,4017955,135,completed,-29
Greedy,3888,3658959723,4017720,4017879,159,completed,-13
Greedy,3890,3037662008,4017920,4018065,145,completed,-29
Greedy,3891,3037662008,4018020,4018168,148,completed,-29
Greedy,3892,3037662008,4018120,4018271,151,completed,-29
Greedy,3893,3037662008,4018220,4018374,154,completed,-29
Greedy,3894,3037662008,4018421,4018559,138,completed,-29
Greedy,3895,3037662008,4018521,4018662,141,completed,-29
Greedy,3896,3037662008,4018621,4018765,144,completed,-29
Greedy,3897,3037662008,4018721,4018868,147,completed,-29
Greedy,3898,3037662008,4018821,4018971,150,completed,-29
Greedy,3899,3037662008,4018921,4019074,153,completed,-29
Greedy,3900,3037662008,4019021,4019177,156,completed,-29
Greedy,3901,3037662008,4019121,4019280,159,completed,-29
Greedy,3902,3037662008,4019221,4019383,162,completed,-29
Greedy,3903,3037662008,4019423,4019559,136,completed,-29
Greedy,3904,3037662008,4019523,4019662,139,completed,-29
Greedy,3905,3037662008,4019623,4019765,142,completed,-29
Greedy,3907,3658959723,4019823,4019967,144,completed,-11
Greedy,3906,3037662008,4019723,4019868,145,completed,-30
Greedy,3908,3658959723,4019923,4020077,154,completed,-11
Greedy,3909,3658959723,4020023,4020180,157,completed,-11
Greedy,3910,3658959723,4020123,4020283,160,completed,-11
Greedy,3911,3658959723,4020223,4020560,337,completed,-11
Greedy,3912,3658959723,4020423,4020669,246,completed,-11
Greedy,3913,3658959723,4020523,4020772,249,completed,-11
Greedy,3914,3658959723,4020623,4020875,252,completed,-11
Greedy,3915,3658959723,4020723,4020979,256,completed,-11
Greedy,3916,3658959723,4020823,4021082,259,completed,-11
Greedy,3917,3658959723,4020923,4021184,261,completed,-11
Greedy,3918,3658959723,4021023,4021287,264,completed,-11
Greedy,3919,3658959723,4021123,4021390,267,completed,-11
Greedy,3920,3658959723,4021223,4021491,268,completed,-11
Greedy,3921,3658959723,4021426,4021594,168,completed,-11
Greedy,3922,3658959723,4021526,4021697,171,completed,-11
Greedy,3923,3658959723,4021626,4021800,174,completed,-11
Greedy,3925,3037662008,4021826,4021961,135,completed,-28
Greedy,3924,3658959723,4021726,4021903,177,completed,-12
Greedy,3926,3037662008,4021926,4022071,145,completed,-28
Greedy,3927,3037662008,4022026,4022174,148,completed,-28
Greedy,3928,3037662008,4022126,4022277,151,completed,-28
Greedy,3929,3037662008,4022226,4022555,329,completed,-28
Greedy,3930,3037662008,4022426,4022658,232,completed,-28
Greedy,3931,3037662008,4022526,4022764,238,completed,-28
Greedy,3932,3037662008,4022626,4022867,241,completed,-28
Greedy,3933,3037662008,4022726,4022970,244,completed,-28
Greedy,3934,3037662008,4022826,4023073,247,completed,-28
Greedy,3935,3037662008,4022927,4023176,249,completed,-28
Greedy,3936,3037662008,4023027,4023279,252,completed,-28
Greedy,3937,3037662008,4023135,4023382,247,completed,-28
Greedy,3938,3037662008,4023428,4023563,135,completed,-28
Greedy,3939,3037662008,4023528,4023667,139,completed,-28
Greedy,3940,3037662008,4023628,4023770,142,completed,-28
Greedy,3942,3658959723,4023828,4023972,144,completed,-11
Greedy,3941,3037662008,4023728,4023873,145,completed,-29
Greedy,3943,3658959723,4023928,4024082,154,completed,-11
Greedy,3944,3658959723,4024028,4024185,157,completed,-11
Greedy,3945,3658959723,4024128,4024288,160,completed,-11
Greedy,3946,3658959723,4024228,4024567,339,completed,-11
Greedy,3947,3658959723,4024424,4024708,284,completed,-11
Greedy,3948,3658959723,4024524,4024811,287,completed,-11
Greedy,3949,3658959723,4024624,4024914,290,completed,-11
Greedy,3950,3658959723,4024724,4025017,293,completed,-11
Greedy,3951,3658959723,4024824,4025120,296,completed,-11
Greedy,3952,3658959723,4024924,4025223,299,completed,-11
Greedy,3953,3658959723,4025024,4025326,302,completed,-11
Greedy,3954,3658959723,4025124,4025429,305,completed,-11
Greedy,3955,3658959723,4025224,4025531,307,completed,-11
Greedy,3956,3658959723,4025430,4025634,204,completed,-11
Greedy,3957,3658959723,4025530,4025737,207,completed,-11
Greedy,3958,3658959723,4025630,4025840,210,completed,-12
Greedy,3960,3037662008,4025830,4025965,135,completed,-29
Greedy,3959,3658959723,4025730,4025943,213,completed,-12
Greedy,3961,3037662008,4025930,4026068,138,completed,-29
Greedy,3962,3037662008,4026030,4026171,141,completed,-29
Greedy,3963,3037662008,4026130,4026274,144,completed,-29
Greedy,3964,3037662008,4026230,4026559,329,completed,-29
Greedy,3965,3037662008,4026430,4026665,235,completed,-29
Greedy,3966,3037662008,4026530,4026767,237,completed,-29
Greedy,3967,3037662008,4026630,4026870,240,completed,-29
Greedy,3968,3037662008,4026730,4026973,243,completed,-29
Greedy,3969,3037662008,4026830,4027076,246,completed,-29
Greedy,3970,3037662008,4026930,4027179,249,completed,-29
Greedy,3971,3037662008,4027030,4027282,252,completed,-29
Greedy,3972,3037662008,4027130,4027385,255,completed,-29
Greedy,3973,3037662008,4027230,4027487,257,completed,-29
Greedy,3974,3037662008,4027430,4027590,160,completed,-29
Greedy,3975,3037662008,4027530,4027693,163,completed,-29
Greedy,3976,3037662008,4027630,4027796,166,completed,-29
Greedy,3978,3658959723,4027830,4027975,145,completed,-12
Greedy,3977,3037662008,4027730,4027899,169,completed,-30
Greedy,3979,3658959723,4027930,4028085,155,completed,-12
Greedy,3980,3658959723,4028030,4028188,158,completed,-12
Greedy,3981,3658959723,4028130,4028291,161,completed,-12
Greedy,3982,3658959723,4028230,4028394,164,completed,-12
Greedy,3983,3658959723,4028431,4028578,147,completed,-12
Greedy,3984,3658959723,4028531,4028681,150,completed,-12
Greedy,3985,3658959723,4028631,4028784,153,completed,-12
Greedy,3986,3658959723,4028731,4028887,156,completed,-12
Greedy,3987,3658959723,4028831,4028990,159,completed,-12
Greedy,3988,3658959723,4028931,4029093,162,completed,-12
Greedy,3989,3658959723,4029031,4029196,165,completed,-12
Greedy,3990,3658959723,4029131,4029299,168,completed,-12
Greedy,3991,3658959723,4029231,4029402,171,completed,-12
Greedy,3992,3658959723,4029432,4029583,151,completed,-12
Greedy,3993,3658959723,4029532,4029686,154,completed,-12
Greedy,3994,3658959723,4029632,4029789,157,completed,-12
Greedy,3996,3037662008,4029832,4029968,136,completed,-27
Greedy,3995,3658959723,4029732,4029892,160,completed,-12
Greedy,3997,3037662008,4029932,4030071,139,completed,-27
Greedy,3998,3037662008,4030039,4030177,138,completed,-27
Greedy,3999,3037662008,4030139,4030319,180,completed,-27
Greedy,4000,3037662008,4030434,4030576,142,completed,-27
Greedy,4001,3037662008,4030534,4030679,145,completed,-27
Greedy,4002,3037662008,4030634,4030782,148,completed,-27
Greedy,4003,3037662008,4030734,4030885,151,completed,-27
Greedy,4004,3037662008,4030834,4030988,154,completed,-27
Greedy,4005,3037662008,4030934,4031091,157,completed,-27
Greedy,4006,3037662008,4031034,4031199,165,completed,-27
Greedy,4007,3037662008,4031134,4031308,174,completed,-27
Greedy,4008,3037662008,4031234,4031564,330,completed,-27
Greedy,4009,3037662008,4031435,4031674,239,completed,-27
Greedy,4010,3037662008,4031535,4031777,242,completed,-27
Greedy,4013,3658959723,4031835,4031979,144,completed,-11
Greedy,4014,3658959723,4031935,4032089,154,completed,-11
Greedy,4015,3658959723,4032035,4032192,157,completed,-11
Greedy,4011,3037662008,4031635,4031880,245,completed,-30
Greedy,4016,3658959723,4032135,4032295,160,completed,-11
Greedy,4017,3658959723,4032235,4032398,163,completed,-11
Greedy,4012,3037662008,4031735,4031982,247,completed,-30
Greedy,4018,3658959723,4032435,4032583,148,completed,-11
Greedy,4019,3658959723,4032535,4032686,151,completed,-11
Greedy,4020,3658959723,4032635,4032789,154,completed,-11
Greedy,4021,3658959723,4032735,4032892,157,completed,-11
Greedy,4022,3658959723,4032835,4032995,160,completed,-11
Greedy,4023,3658959723,4032935,4033098,163,completed,-11
Greedy,4024,3658959723,4033035,4033201,166,completed,-11
Greedy,4025,3658959723,4033135,4033304,169,completed,-11
Greedy,4026,3658959723,4033235,4033407,172,completed,-11
Greedy,4027,3658959723,4033436,4033583,147,completed,-11
Greedy,4028,3658959723,4033536,4033685,149,completed,-11
Greedy,4029,3658959723,4033636,4033788,152,completed,-11
Greedy,4031,3037662008,4033836,4033971,135,completed,-30
Greedy,4030,3658959723,4033736,4033891,155,completed,-13
Greedy,4032,3037662008,4033936,4034081,145,completed,-30
Greedy,4033,3037662008,4034036,4034184,148,completed,-30
Greedy,4034,3037662008,4034136,4034287,151,completed,-30
Greedy,4035,3037662008,4034236,4034390,154,completed,-30
Greedy,4036,3037662008,4034437,4034576,139,completed,-30
Greedy,4037,3037662008,4034537,4034679,142,completed,-30
Greedy,4038,3037662008,4034637,4034782,145,completed,-30
Greedy,4039,3037662008,4034737,4034885,148,completed,-30
Greedy,4040,3037662008,4034837,4034988,151,completed,-30
Greedy,4041,3037662008,4034937,4035091,154,completed,-30
Greedy,4042,3037662008,4035042,4035194,152,completed,-30
Greedy,4043,3037662008,4035142,4035297,155,completed,-30
Greedy,4044,3037662008,4035434,4035571,137,completed,-30
Greedy,4045,3037662008,4035534,4035674,140,completed,-30
Greedy,4046,3037662008,4035634,4035777,143,completed,-30
Greedy,4048,3658959723,4035834,4035978,144,completed,-11
Greedy,4049,3658959723,4035934,4036081,147,completed,-11
Greedy,4050,3658959723,4036034,4036184,150,completed,-11
Greedy,4047,3037662008,4035734,4035880,146,completed,-30
Greedy,4051,3658959723,4036134,4036287,153,completed,-11
Greedy,4052,3658959723,4036234,4036390,156,completed,-11
Greedy,4053,3658959723,4036438,4036586,148,completed,-11
Greedy,4054,3658959723,4036538,4036689,151,completed,-11
Greedy,4055,3658959723,4036638,4036792,154,completed,-11
Greedy,4056,3658959723,4036738,4036895,157,completed,-11
Greedy,4057,3658959723,4036838,4036998,160,completed,-11
Greedy,4058,3658959723,4036938,4037101,163,completed,-11
Greedy,4059,3658959723,4037047,4037204,157,completed,-11
Greedy,4060,3658959723,4037147,4037307,160,completed,-11
Greedy,4061,3658959723,4037440,4037588,148,completed,-11
Greedy,4062,3658959723,4037540,4037691,151,completed,-11
Greedy,4063,3658959723,4037640,4037794,154,completed,-11
Greedy,4065,3037662008,4037840,4037976,136,completed,-27
Greedy,4064,3658959723,4037740,4037897,157,completed,-12
Greedy,4066,3037662008,4037940,4038080,140,completed,-27
Greedy,4067,3037662008,4038045,4038185,140,completed,-27
Greedy,4068,3037662008,4038145,4038288,143,completed,-27
Greedy,4069,3037662008,4038245,4038576,331,completed,-27
Greedy,4070,3037662008,4038440,4038686,246,completed,-27
Greedy,4071,3037662008,4038540,4038789,249,completed,-27
Greedy,4072,3037662008,4038640,4038892,252,completed,-27
Greedy,4073,3037662008,4038740,4038995,255,completed,-27
Greedy,4074,3037662008,4038840,4039098,258,completed,-27
Greedy,4075,3037662008,4038940,4039201,261,completed,-27
Greedy,4076,3037662008,4039042,4039304,262,completed,-27
Greedy,4077,3037662008,4039142,4039407,265,completed,-27
Greedy,4078,3037662008,4039242,4039576,334,completed,-27
Greedy,4079,3037662008,4039447,4039679,232,completed,-27
Greedy,4080,3037662008,4039547,4039785,238,completed,-27
Greedy,4083,3658959723,4039847,4039991,144,completed,-11
Greedy,4084,3658959723,4039947,4040101,154,completed,-11
Greedy,4085,3658959723,4040047,4040204,157,completed,-11
Greedy,4086,3658959723,4040147,4040307,160,completed,-11
Greedy,4081,3037662008,4039647,4039888,241,completed,-30
Greedy,4087,3658959723,4040247,4040410,163,completed,-11
Greedy,4088,3658959723,4040451,4040601,150,completed,-11
Greedy,4089,3658959723,4040551,4040704,153,completed,-11
Greedy,4082,3037662008,4039747,4039990,243,completed,-30
Greedy,4090,3658959723,4040651,4040807,156,completed,-11
Greedy,4091,3658959723,4040751,4040910,159,completed,-11
Greedy,4092,3658959723,4040851,4041013,162,completed,-11
Greedy,4093,3658959723,4040951,4041116,165,completed,-11
Greedy,4094,3658959723,4041051,4041219,168,completed,-11
Greedy,4095,3658959723,4041151,4041322,171,completed,-11
Greedy,4096,3658959723,4041447,4041593,146,completed,-11
Greedy,4097,3658959723,4041547,4041703,156,completed,-11
Greedy,4098,3658959723,4041647,4041818,171,completed,-11
Greedy,4100,3037662008,4041847,4041983,136,completed,-30
Greedy,4099,3658959723,4041747,4041927,180,completed,-12
Greedy,4101,3037662008,4041947,4042086,139,completed,-30
Greedy,4102,3037662008,4042047,4042192,145,completed,-30
Greedy,4103,3037662008,4042147,4042295,148,completed,-30
Greedy,4104,3037662008,4042247,4042398,151,completed,-30
Greedy,4105,3037662008,4042451,4042588,137,completed,-30
Greedy,4106,3037662008,4042551,4042691,140,completed,-30
Greedy,4107,3037662008,4042651,4042794,143,completed,-30
Greedy,4108,3037662008,4042751,4042897,146,completed,-30
Greedy,4109,3037662008,4042851,4043000,149,completed,-30
Greedy,4110,3037662008,4042951,4043103,152,completed,-30
Greedy,4111,3037662008,4043053,4043206,153,completed,-30
Greedy,4112,3037662008,4043153,4043309,156,completed,-30
Greedy,4113,3037662008,4043253,4043582,329,completed,-30
Greedy,4114,3037662008,4043453,4043690,237,completed,-30
Greedy,4115,3037662008,4043553,4043793,240,completed,-30
Greedy,4118,3658959723,4043853,4043998,145,completed,-11
Greedy,4116,3037662008,4043653,4043896,243,completed,-31
Greedy,4119,3658959723,4043953,4044101,148,completed,-11
Greedy,4120,3658959723,4044053,4044204,151,completed,-11
Greedy,4121,3658959723,4044153,4044307,154,completed,-11
Greedy,4117,3037662008,4043753,4043998,245,completed,-31
Greedy,4122,3658959723,4044253,4044410,157,completed,-11
Greedy,4123,3658959723,4044459,4044606,147,completed,-11
Greedy,4124,3658959723,4044559,4044709,150,completed,-11
Greedy,4125,3658959723,4044659,4044812,153,completed,-11
Greedy,4126,3658959723,4044759,4044914,155,completed,-11
Greedy,4127,3658959723,4044859,4045017,158,completed,-11
Greedy,4128,3658959723,4044959,4045120,161,completed,-11
Greedy,4129,3658959723,4045059,4045229,170,completed,-11
Greedy,4130,3658959723,4045159,4045332,173,completed,-11
Greedy,4131,3658959723,4045453,4045599,146,completed,-11
Greedy,4132,3658959723,4045553,4045708,155,completed,-11
Greedy,4133,3658959723,4045653,4045811,158,completed,-11
Greedy,4135,3037662008,4045853,4045990,137,completed,-30
Greedy,4134,3658959723,4045753,4045914,161,completed,-13
Greedy,4136,3037662008,4045953,4046093,140,completed,-30
Greedy,4137,3037662008,4046053,4046200,147,completed,-30
Greedy,4138,3037662008,4046153,4046303,150,completed,-30
Greedy,4139,3037662008,4046253,4046406,153,completed,-30
Greedy,4140,3037662008,4046457,4046593,136,completed,-30
Greedy,4141,3037662008,4046557,4046696,139,completed,-30
Greedy,4142,3037662008,4046657,4046799,142,completed,-30
Greedy,4143,3037662008,4046757,4046902,145,completed,-30
Greedy,4144,3037662008,4046857,4047005,148,completed,-30
Greedy,4145,3037662008,4046957,4047108,151,completed,-30
Greedy,4146,3037662008,4047058,4047216,158,completed,-30
Greedy,4147,3037662008,4047158,4047319,161,completed,-30
Greedy,4148,3037662008,4047258,4047586,328,completed,-30
Greedy,4149,3037662008,4047457,4047696,239,completed,-30
Greedy,4150,3037662008,4047557,4047799,242,completed,-30
Greedy,4153,3658959723,4047857,4048002,145,completed,-11
Greedy,4154,3658959723,4047957,4048105,148,completed,-11
Greedy,4155,3658959723,4048057,4048212,155,completed,-11
Greedy,4156,3658959723,4048157,4048320,163,completed,-11
Greedy,4151,3037662008,4047657,4047902,245,completed,-30
Greedy,4157,3658959723,4048257,4048422,165,completed,-11
Greedy,4158,3658959723,4048462,4048611,149,completed,-11
Greedy,4159,3658959723,4048562,4048714,152,completed,-11
Greedy,4152,3037662008,4047757,4048004,247,completed,-30
Greedy,4160,3658959723,4048662,4048817,155,completed,-11
Greedy,4161,3658959723,4048762,4048920,158,completed,-11
Greedy,4162,3658959723,4048862,4049023,161,completed,-11
Greedy,4163,3658959723,4048962,4049126,164,completed,-11
Greedy,4164,3658959723,4049064,4049241,177,completed,-11
Greedy,4165,3658959723,4049164,4049350,186,completed,-11
Greedy,4166,3658959723,4049458,4049605,147,completed,-11
Greedy,4167,3658959723,4049558,4049708,150,completed,-11
Greedy,4168,3658959723,4049658,4049811,153,completed,-11
Greedy,4169,3658959723,4049758,4049914,156,completed,-13
Greedy,4170,3658959723,4049858,4050017,159,completed,-13
Greedy,4171,3037662008,4049958,4050094,136,completed,-28
Greedy,4172,3037662008,4050058,4050197,139,completed,-28
Greedy,4173,3037662008,4050158,4050300,142,completed,-28
Greedy,4174,3037662008,4050258,4050403,145,completed,-28
Greedy,4175,3037662008,4050460,4050599,139,completed,-28
Greedy,4176,3037662008,4050560,4050702,142,completed,-28
Greedy,4177,3037662008,4050660,4050805,145,completed,-28
Greedy,4178,3037662008,4050760,4050908,148,completed,-28
Greedy,4179,3037662008,4050860,4051011,151,completed,-28
Greedy,4180,3037662008,4050960,4051118,158,completed,-28
Greedy,4181,3037662008,4051060,4051221,161,completed,-28
Greedy,4182,3037662008,4051160,4051324,164,completed,-28
Greedy,4183,3037662008,4051260,4051427,167,completed,-28
Greedy,4184,3037662008,4051461,4051599,138,completed,-28
Greedy,4185,3037662008,4051561,4051702,141,completed,-28
Greedy,4186,3037662008,4051661,4051805,144,completed,-28
Greedy,4188,3658959723,4051861,4052005,144,completed,-11
Greedy,4189,3658959723,4051961,4052113,152,completed,-11
Greedy,4190,3658959723,4052061,4052216,155,completed,-11
Greedy,4187,3037662008,4051761,4051908,147,completed,-31
Greedy,4191,3658959723,4052161,4052319,158,completed,-11
Greedy,4192,3658959723,4052261,4052422,161,completed,-11
Greedy,4193,3658959723,4052461,4052608,147,completed,-11
Greedy,4194,3658959723,4052561,4052711,150,completed,-11
Greedy,4195,3658959723,4052661,4052814,153,completed,-11
Greedy,4196,3658959723,4052761,4052917,156,completed,-11
Greedy,4197,3658959723,4052861,4053019,158,completed,-11
Greedy,4198,3658959723,4052961,4053122,161,completed,-11
Greedy,4199,3658959723,4053061,4053231,170,completed,-11
Greedy,4200,3658959723,4053161,4053340,179,completed,-11
Greedy,4201,3658959723,4053261,4053603,342,completed,-11
Greedy,4202,3658959723,4053465,4053706,241,completed,-11
Greedy,4203,3658959723,4053565,4053812,247,completed,-11
Greedy,4204,3658959723,4053665,4053915,250,completed,-12
Greedy,4205,3658959723,4053765,4054018,253,completed,-12
Greedy,4207,3037662008,4053965,4054101,136,completed,-29
Greedy,4208,3037662008,4054065,4054204,139,completed,-29
Greedy,4206,3658959723,4053865,4054121,256,completed,-12
Greedy,4209,3037662008,4054165,4054307,142,completed,-29
Greedy,4210,3037662008,4054265,4054410,145,completed,-29
Greedy,4211,3037662008,4054465,4054604,139,completed,-29
Greedy,4212,3037662008,4054565,4054707,142,completed,-29
Greedy,4213,3037662008,4054665,4054810,145,completed,-29
Greedy,4214,3037662008,4054765,4054913,148,completed,-29
Greedy,4215,3037662008,4054865,4055016,151,completed,-29
Greedy,4216,3037662008,4054965,4055119,154,completed,-29
Greedy,4217,3037662008,4055065,4055222,157,completed,-29
Greedy,4218,3037662008,4055165,4055325,160,completed,-29
Greedy,4219,3037662008,4055265,4055428,163,completed,-29
Greedy,4220,3037662008,4055466,4055605,139,completed,-29
Greedy,4221,3037662008,4055566,4055708,142,completed,-29
Greedy,4222,3037662008,4055666,4055811,145,completed,-29
Greedy,4224,3658959723,4055866,4056011,145,completed,-11
Greedy,4225,3658959723,4055966,4056114,148,completed,-11
Greedy,4226,3658959723,4056066,4056217,151,completed,-11
Greedy,4223,3037662008,4055766,4055914,148,completed,-29
Greedy,4227,3658959723,4056166,4056320,154,completed,-11
Greedy,4228,3658959723,4056266,4056423,157,completed,-11
Greedy,4229,3658959723,4056467,4056614,147,completed,-11
Greedy,4230,3658959723,4056567,4056716,149,completed,-11
Greedy,4231,3658959723,4056667,4056819,152,completed,-11
Greedy,4232,3658959723,4056767,4056922,155,completed,-11
Greedy,4233,3658959723,4056867,4057025,158,completed,-11
Greedy,4234,3658959723,4056967,4057128,161,completed,-11
Greedy,4235,3658959723,4057067,4057231,164,completed,-11
Greedy,4236,3658959723,4057167,4057334,167,completed,-11
Greedy,4237,3658959723,4057267,4057437,170,completed,-11
Greedy,4238,3658959723,4057468,4057616,148,completed,-11
Greedy,4239,3658959723,4057568,4057719,151,completed,-11
Greedy,4240,3658959723,4057668,4057822,154,completed,-11
Greedy,4241,3658959723,4057768,4057925,157,completed,-12
Greedy,4243,3037662008,4057968,4058104,136,completed,-29
Greedy,4244,3037662008,4058068,4058213,145,completed,-29
Greedy,4242,3658959723,4057868,4058027,159,completed,-12
Greedy,4245,3037662008,4058168,4058316,148,completed,-29
Greedy,4246,3037662008,4058268,4058419,151,completed,-29
Greedy,4247,3037662008,4058469,4058613,144,completed,-29
Greedy,4248,3037662008,4058569,4058716,147,completed,-29
Greedy,4249,3037662008,4058669,4058819,150,completed,-29
Greedy,4250,3037662008,4058769,4058922,153,completed,-29
Greedy,4251,3037662008,4058869,4059025,156,completed,-29
Greedy,4252,3037662008,4058969,4059128,159,completed,-29
Greedy,4253,3037662008,4059069,4059231,162,completed,-29
Greedy,4254,3037662008,4059169,4059334,165,completed,-29
Greedy,4255,3037662008,4059269,4059437,168,completed,-29
Greedy,4256,3037662008,4059470,4059612,142,completed,-29
Greedy,4257,3037662008,4059570,4059715,145,completed,-29
Greedy,4258,3037662008,4059670,4059818,148,completed,-29
Greedy,4260,3658959723,4059870,4060014,144,completed,-11
Greedy,4259,3037662008,4059770,4059921,151,completed,-31
Greedy,4261,3658959723,4059970,4060123,153,completed,-11
Greedy,4262,3658959723,4060070,4060246,176,completed,-11
Greedy,4263,3658959723,4060170,4060349,179,completed,-11
Greedy,4264,3658959723,4060270,4060451,181,completed,-11
Greedy,4265,3658959723,4060471,4060618,147,completed,-11
Greedy,4266,3658959723,4060571,4060721,150,completed,-11
Greedy,4267,3658959723,4060671,4060824,153,completed,-11
Greedy,4268,3658959723,4060771,4060927,156,completed,-11
Greedy,4269,3658959723,4060871,4061030,159,completed,-11
Greedy,4270,3658959723,4060971,4061133,162,completed,-11
Greedy,4271,3658959723,4061071,4061242,171,completed,-11
Greedy,4272,3658959723,4061171,4061345,174,completed,-11
Greedy,4273,3658959723,4061271,4061448,177,completed,-11
Greedy,4274,3658959723,4061472,4061620,148,completed,-11
Greedy,4275,3658959723,4061572,4061723,151,completed,-11
Greedy,4276,3658959723,4061672,4061826,154,completed,-11
Greedy,4277,3658959723,4061772,4061929,157,completed,-12
Greedy,4279,3037662008,4061972,4062109,137,completed,-28
Greedy,4280,3037662008,4062072,4062211,139,completed,-28
Greedy,4278,3658959723,4061872,4062031,159,completed,-12
Greedy,4281,3037662008,4062172,4062314,142,completed,-28
Greedy,4282,3037662008,4062273,4062417,144,completed,-28
Greedy,4283,3037662008,4062474,4062613,139,completed,-28
Greedy,4284,3037662008,4062574,4062716,142,completed,-28
Greedy,4285,3037662008,4062674,4062819,145,completed,-28
Greedy,4286,3037662008,4062774,4062922,148,completed,-28
Greedy,4287,3037662008,4062874,4063025,151,completed,-28
Greedy,4288,3037662008,4062974,4063128,154,completed,-28
Greedy,4289,3037662008,4063074,4063231,157,completed,-28
Greedy,4290,3037662008,4063174,4063334,160,completed,-28
Greedy,4291,3037662008,4063274,4063437,163,completed,-28
Greedy,4292,3037662008,4063477,4063613,136,completed,-28
Greedy,4293,3037662008,4063577,4063722,145,completed,-28
Greedy,4294,3037662008,4063677,4063825,148,completed,-28
Greedy,4296,3658959723,4063877,4064022,145,completed,-12
Greedy,4295,3037662008,4063777,4063928,151,completed,-31
Greedy,4297,3658959723,4063977,4064132,155,completed,-12
Greedy,4298,3658959723,4064077,4064235,158,completed,-12
Greedy,4299,3658959723,4064177,4064338,161,completed,-12
Greedy,4300,3658959723,4064277,4064615,338,completed,-12
Greedy,4301,3658959723,4064477,4064724,247,completed,-12
Greedy,4302,3658959723,4064577,4064827,250,completed,-12
Greedy,4303,3658959723,4064677,4064930,253,completed,-12
Greedy,4304,3658959723,4064777,4065033,256,completed,-12
Greedy,4305,3658959723,4064877,4065136,259,completed,-12
Greedy,4306,3658959723,4064977,4065239,262,completed,-12
Greedy,4307,3658959723,4065077,4065341,264,completed,-12
Greedy,4308,3658959723,4065177,4065444,267,completed,-12
Greedy,4309,3658959723,4065277,4065546,269,completed,-12
Greedy,4310,3658959723,4065478,4065648,170,completed,-12
Greedy,4311,3658959723,4065578,4065751,173,completed,-12
Greedy,4314,3037662008,4065878,4066014,136,completed,-27
Greedy,4312,3658959723,4065678,4065854,176,completed,-12
Greedy,4315,3037662008,4065978,4066123,145,completed,-27
Greedy,4316,3037662008,4066078,4066232,154,completed,-27
Greedy,4313,3658959723,4065778,4065955,177,completed,-12
Greedy,4317,3037662008,4066178,4066335,157,completed,-27
Greedy,4318,3037662008,4066278,4066438,160,completed,-27
Greedy,4319,3037662008,4066478,4066617,139,completed,-27
Greedy,4320,3037662008,4066578,4066720,142,completed,-27
Greedy,4321,3037662008,4066678,4066823,145,completed,-27
Greedy,4322,3037662008,4066778,4066926,148,completed,-27
Greedy,4323,3037662008,4066878,4067029,151,completed,-27
Greedy,4324,3037662008,4066978,4067132,154,completed,-27
Greedy,4325,3037662008,4067078,4067241,163,completed,-27
Greedy,4326,3037662008,4067178,4067344,166,completed,-27
Greedy,4327,3037662008,4067278,4067447,169,completed,-27
Greedy,4328,3037662008,4067481,4067617,136,completed,-27
Greedy,4329,3037662008,4067581,4067726,145,completed,-27
Greedy,4330,3037662008,4067681,4067829,148,completed,-27
Greedy,4332,3658959723,4067881,4068027,146,completed,-11
Greedy,4331,3037662008,4067781,4067932,151,completed,-41
Greedy,4333,3658959723,4067981,4068130,149,completed,-11
Greedy,4334,3658959723,4068081,4068233,152,completed,-11
Greedy,4335,3658959723,4068181,4068336,155,completed,-11
Greedy,4336,3658959723,4068281,4068439,158,completed,-11
Greedy,4337,3658959723,4068484,4068629,145,completed,-11
Greedy,4338,3658959723,4068584,4068739,155,completed,-11
Greedy,4339,3658959723,4068684,4068842,158,completed,-11
Greedy,4340,3658959723,4068784,4068945,161,completed,-11
Greedy,4341,3658959723,4068884,4069048,164,completed,-11
Greedy,4342,3658959723,4068984,4069151,167,completed,-11
Greedy,4343,3658959723,4069085,4069254,169,completed,-11
Greedy,4344,3658959723,4069185,4069357,172,completed,-11
Greedy,4345,3658959723,4069285,4069622,337,completed,-11
Greedy,4346,3658959723,4069485,4069725,240,completed,-11
Greedy,4347,3658959723,4069585,4069831,246,completed,-11
Greedy,4348,3658959723,4069685,4069934,249,completed,-13
Greedy,4351,3037662008,4069985,4070121,136,completed,-36
Greedy,4352,3037662008,4070085,4070237,152,completed,-36
Greedy,4353,3037662008,4070185,4070340,155,completed,-36
Greedy,4349,3658959723,4069785,4070036,251,completed,-13
Greedy,4354,3037662008,4070285,4070443,158,completed,-36
Greedy,4350,3658959723,4069885,4070137,252,completed,-13
Greedy,4355,3037662008,4070488,4070649,161,completed,-36
Greedy,4356,3037662008,4070588,4070752,164,completed,-36
Greedy,4357,3037662008,4070688,4070855,167,completed,-36
Greedy,4358,3037662008,4070788,4070958,170,completed,-36
Greedy,4359,3037662008,4070888,4071061,173,completed,-36
Greedy,4360,3037662008,4070988,4071164,176,completed,-36
Greedy,4361,3037662008,4071088,4071267,179,completed,-36
Greedy,4362,3037662008,4071188,4071370,182,completed,-36
Greedy,4363,3037662008,4071288,4071617,329,completed,-36
Greedy,4364,3037662008,4071488,4071728,240,completed,-36
Greedy,4365,3037662008,4071588,4071834,246,completed,-36
Greedy,4368,3658959723,4071888,4072033,145,completed,-12
Greedy,4366,3037662008,4071688,4071937,249,completed,-35
Greedy,4369,3658959723,4071988,4072136,148,completed,-12
Greedy,4370,3658959723,4072088,4072239,151,completed,-12
Greedy,4371,3658959723,4072188,4072342,154,completed,-12
Greedy,4367,3037662008,4071788,4072039,251,completed,-35
Greedy,4372,3658959723,4072288,4072445,157,completed,-12
Greedy,4373,3658959723,4072494,4072642,148,completed,-12
Greedy,4374,3658959723,4072594,4072745,151,completed,-12
Greedy,4375,3658959723,4072694,4072848,154,completed,-12
Greedy,4376,3658959723,4072794,4072951,157,completed,-12
Greedy,4377,3658959723,4072894,4073054,160,completed,-12
Greedy,4378,3658959723,4072995,4073157,162,completed,-12
Greedy,4379,3658959723,4073095,4073260,165,completed,-12
Greedy,4380,3658959723,4073195,4073363,168,completed,-12
Greedy,4381,3658959723,4073489,4073635,146,completed,-12
Greedy,4382,3658959723,4073589,4073745,156,completed,-12
Greedy,4383,3658959723,4073689,4073848,159,completed,-12
Greedy,4384,3658959723,4073789,4073952,163,completed,-12
Greedy,4385,3658959723,4073889,4074054,165,completed,-12
Greedy,4386,3037662008,4073989,4074125,136,completed,-35
Greedy,4387,3037662008,4074089,4074228,139,completed,-35
Greedy,4388,3037662008,4074189,4074347,158,completed,-35
Greedy,4389,3037662008,4074289,4074450,161,completed,-35
Greedy,4390,3037662008,4074490,4074630,140,completed,-35
Greedy,4391,3037662008,4074590,4074733,143,completed,-35
Greedy,4392,3037662008,4074690,4074836,146,completed,-35
Greedy,4393,3037662008,4074790,4074939,149,completed,-35
Greedy,4394,3037662008,4074890,4075042,152,completed,-35
Greedy,4395,3037662008,4074990,4075145,155,completed,-35
Greedy,4396,3037662008,4075090,4075248,158,completed,-35
Greedy,4397,3037662008,4075190,4075351,161,completed,-35
Greedy,4398,3037662008,4075290,4075454,164,completed,-35
Greedy,4399,3037662008,4075491,4075630,139,completed,-35
Greedy,4400,3037662008,4075591,4075733,142,completed,-35
Greedy,4401,3037662008,4075691,4075836,145,completed,-35
Greedy,4403,3658959723,4075891,4076036,145,completed,-11
Greedy,4402,3037662008,4075791,4075939,148,completed,-32
Greedy,4404,3658959723,4075991,4076139,148,completed,-11
Greedy,4405,3658959723,4076091,4076242,151,completed,-11
Greedy,4406,3658959723,4076191,4076356,165,completed,-11
Greedy,4407,3658959723,4076291,4076459,168,completed,-11
Greedy,4408,3658959723,4076492,4076640,148,completed,-11
Greedy,4409,3658959723,4076592,4076743,151,completed,-11
Greedy,4410,3658959723,4076692,4076846,154,completed,-11
Greedy,4411,3658959723,4076792,4076949,157,completed,-11
Greedy,4412,3658959723,4076892,4077052,160,completed,-11
Greedy,4413,3658959723,4076992,4077155,163,completed,-11
Greedy,4414,3658959723,4077092,4077258,166,completed,-11
Greedy,4415,3658959723,4077192,4077361,169,completed,-11
Greedy,4416,3658959723,4077292,4077464,172,completed,-11
Greedy,4417,3658959723,4077495,4077640,145,completed,-11
Greedy,4418,3658959723,4077595,4077743,148,completed,-11
Greedy,4419,3658959723,4077695,4077846,151,completed,-11
Greedy,4420,3658959723,4077795,4077949,154,completed,-14
Greedy,4421,3658959723,4077895,4078052,157,completed,-14
Greedy,4422,3037662008,4077995,4078130,135,completed,-30
Greedy,4423,3037662008,4078095,4078240,145,completed,-30
Greedy,4424,3037662008,4078195,4078343,148,completed,-30
Greedy,4425,3037662008,4078295,4078626,331,completed,-30
Greedy,4426,3037662008,4078490,4078835,345,completed,-30
Greedy,4427,3037662008,4078590,4078938,348,completed,-30
Greedy,4428,3037662008,4078690,4079041,351,completed,-30
Greedy,4429,3037662008,4078790,4079144,354,completed,-30
Greedy,4430,3037662008,4078890,4079247,357,completed,-30
Greedy,4431,3037662008,4078990,4079350,360,completed,-30
Greedy,4432,3037662008,4079090,4079453,363,completed,-30
Greedy,4433,3037662008,4079190,4079555,365,completed,-30
Greedy,4434,3037662008,4079290,4079658,368,completed,-30
Greedy,4435,3037662008,4079497,4079761,264,completed,-30
Greedy,4436,3037662008,4079597,4079864,267,completed,-32
Greedy,4439,3658959723,4079897,4080042,145,completed,-12
Greedy,4437,3037662008,4079697,4079967,270,completed,-32
Greedy,4440,3658959723,4079997,4080145,148,completed,-12
Greedy,4441,3658959723,4080097,4080248,151,completed,-12
Greedy,4442,3658959723,4080197,4080351,154,completed,-12
Greedy,4438,3037662008,4079797,4080069,272,completed,-32
Greedy,4443,3658959723,4080297,4080638,341,completed,-12
Greedy,4444,3658959723,4080492,4080741,249,completed,-12
Greedy,4445,3658959723,4080592,4080844,252,completed,-12
Greedy,4446,3658959723,4080692,4080946,254,completed,-12
Greedy,4447,3658959723,4080792,4081049,257,completed,-12
Greedy,4448,3658959723,4080892,4081152,260,completed,-12
Greedy,4449,3658959723,4080992,4081255,263,completed,-12
Greedy,4450,3658959723,4081092,4081358,266,completed,-12
Greedy,4451,3658959723,4081192,4081461,269,completed,-12
Greedy,4452,3658959723,4081292,4081562,270,completed,-12
Greedy,4453,3658959723,4081498,4081665,167,completed,-12
Greedy,4454,3658959723,4081598,4081768,170,completed,-12
Greedy,4455,3658959723,4081698,4081871,173,completed,-12
Greedy,4457,3037662008,4081898,4082034,136,completed,-31
Greedy,4456,3658959723,4081798,4081974,176,completed,-12
Greedy,4458,3037662008,4081998,4082143,145,completed,-31
Greedy,4459,3037662008,4082098,4082246,148,completed,-31
Greedy,4460,3037662008,4082198,4082349,151,completed,-31
Greedy,4461,3037662008,4082298,4082452,154,completed,-31
Greedy,4462,3037662008,4082499,4082638,139,completed,-31
Greedy,4463,3037662008,4082599,4082741,142,completed,-31
Greedy,4464,3037662008,4082699,4082844,145,completed,-31
Greedy,4465,3037662008,4082799,4082947,148,completed,-31
Greedy,4466,3037662008,4082899,4083050,151,completed,-31
Greedy,4467,3037662008,4083000,4083158,158,completed,-31
Greedy,4468,3037662008,4083100,4083261,161,completed,-31
Greedy,4469,3037662008,4083200,4083364,164,completed,-31
Greedy,4470,3037662008,4083300,4083630,330,completed,-31
Greedy,4471,3037662008,4083501,4083733,232,completed,-31
Greedy,4472,3037662008,4083601,4083835,234,completed,-31
Greedy,4475,3658959723,4083901,4084046,145,completed,-11
Greedy,4473,3037662008,4083701,4083938,237,completed,-35
Greedy,4476,3658959723,4084001,4084155,154,completed,-11
Greedy,4477,3658959723,4084101,4084264,163,completed,-11
Greedy,4478,3658959723,4084201,4084373,172,completed,-11
Greedy,4474,3037662008,4083801,4084040,239,completed,-35
Greedy,4479,3658959723,4084301,4084640,339,completed,-11
Greedy,4480,3658959723,4084506,4084743,237,completed,-11
Greedy,4481,3658959723,4084609,4084846,237,completed,-11
Greedy,4482,3658959723,4084713,4084949,236,completed,-11
Greedy,4483,3658959723,4084816,4085052,236,completed,-11
Greedy,4484,3658959723,4084916,4085155,239,completed,-11
Greedy,4485,3658959723,4085016,4085261,245,completed,-11
Greedy,4486,3658959723,4085116,4085363,247,completed,-11
Greedy,4487,3658959723,4085216,4085642,426,completed,-11
Greedy,4488,3658959723,4085498,4085745,247,completed,-11
Greedy,4489,3658959723,4085598,4085848,250,completed,-11
Greedy,4490,3658959723,4085698,4085951,253,completed,-12
Greedy,4491,3658959723,4085798,4086053,255,completed,-12
Greedy,4493,3037662008,4085998,4086135,137,completed,-32
Greedy,4494,3037662008,4086098,4086238,140,completed,-32
Greedy,4495,3037662008,4086198,4086341,143,completed,-32
Greedy,4492,3658959723,4085898,4086154,256,completed,-12
Greedy,4496,3037662008,4086298,4086444,146,completed,-32
Greedy,4497,3037662008,4086504,4086647,143,completed,-32
Greedy,4498,3037662008,4086604,4086750,146,completed,-32
Greedy,4499,3037662008,4086704,4086853,149,completed,-32
Greedy,4500,3037662008,4086804,4086956,152,completed,-32
Greedy,4501,3037662008,4086904,4087059,155,completed,-32
Greedy,4502,3037662008,4087005,4087162,157,completed,-32
Greedy,4503,3037662008,4087105,4087265,160,completed,-32
Greedy,4504,3037662008,4087205,4087368,163,completed,-32
Greedy,4505,3037662008,4087305,4087636,331,completed,-32
Greedy,4506,3037662008,4087500,4087786,286,completed,-32
Greedy,4507,3037662008,4087600,4087888,288,completed,-33
Greedy,4510,3658959723,4087900,4088045,145,completed,-12
Greedy,4508,3037662008,4087700,4087991,291,completed,-33
Greedy,4511,3658959723,4088000,4088148,148,completed,-12
Greedy,4512,3658959723,4088100,4088251,151,completed,-12
Greedy,4513,3658959723,4088200,4088354,154,completed,-12
Greedy,4509,3037662008,4087800,4088093,293,completed,-33
Greedy,4514,3658959723,4088300,4088457,157,completed,-12
Greedy,4515,3658959723,4088506,4088658,152,completed,-12
Greedy,4516,3658959723,4088606,4088761,155,completed,-12
Greedy,4517,3658959723,4088706,4088864,158,completed,-12
Greedy,4518,3658959723,4088806,4088967,161,completed,-12
Greedy,4519,3658959723,4088906,4089070,164,completed,-12
Greedy,4520,3658959723,4089006,4089179,173,completed,-12
Greedy,4521,3658959723,4089106,4089288,182,completed,-12
Greedy,4522,3658959723,4089206,4089391,185,completed,-12
Greedy,4523,3658959723,4089306,4089494,188,completed,-12
Greedy,4524,3658959723,4089506,4089655,149,completed,-12
Greedy,4525,3658959723,4089606,4089758,152,completed,-12
Greedy,4526,3658959723,4089706,4089861,155,completed,-13
Greedy,4528,3037662008,4089906,4090043,137,completed,-33
Greedy,4527,3658959723,4089806,4089964,158,completed,-13
Greedy,4529,3037662008,4090006,4090146,140,completed,-33
Greedy,4530,3037662008,4090106,4090249,143,completed,-33
Greedy,4531,3037662008,4090206,4090352,146,completed,-33
Greedy,4532,3037662008,4090306,4090455,149,completed,-33
Greedy,4533,3037662008,4090508,4090646,138,completed,-33
Greedy,4534,3037662008,4090608,4090749,141,completed,-33
Greedy,4535,3037662008,4090708,4090852,144,completed,-33
Greedy,4536,3037662008,4090808,4090955,147,completed,-33
Greedy,4537,3037662008,4090908,4091058,150,completed,-33
Greedy,4538,3037662008,4091008,4091161,153,completed,-33
Greedy,4539,3037662008,4091108,4091264,156,completed,-33
Greedy,4540,3037662008,4091208,4091367,159,completed,-33
Greedy,4541,3037662008,4091308,4091470,162,completed,-33
Greedy,4542,3037662008,4091508,4091647,139,completed,-33
Greedy,4543,3037662008,4091608,4091750,142,completed,-33
Greedy,4544,3037662008,4091708,4091853,145,completed,-33
Greedy,4546,3658959723,4091908,4092053,145,completed,-12
Greedy,4547,3658959723,4092008,4092156,148,completed,-12
Greedy,4548,3658959723,4092108,4092259,151,completed,-12
Greedy,4545,3037662008,4091808,4091957,149,completed,-32
Greedy,4549,3658959723,4092208,4092362,154,completed,-12
Greedy,4550,3658959723,4092308,4092465,157,completed,-12
Greedy,4551,3658959723,4092508,4092656,148,completed,-12
Greedy,4552,3658959723,4092608,4092759,151,completed,-12
Greedy,4553,3658959723,4092708,4092861,153,completed,-12
Greedy,4554,3658959723,4092808,4092964,156,completed,-12
Greedy,4555,3658959723,4092908,4093067,159,completed,-12
Greedy,4556,3658959723,4093008,4093170,162,completed,-12
Greedy,4557,3658959723,4093108,4093273,165,completed,-12
Greedy,4558,3658959723,4093208,4093376,168,completed,-12
Greedy,4559,3658959723,4093308,4093479,171,completed,-12
Greedy,4560,3658959723,4093511,4093658,147,completed,-12
Greedy,4561,3658959723,4093611,4093760,149,completed,-12
Greedy,4562,3658959723,4093711,4093863,152,completed,-13
Greedy,4564,3037662008,4093911,4094046,135,completed,-30
Greedy,4563,3658959723,4093811,4093966,155,completed,-13
Greedy,4565,3037662008,4094011,4094155,144,completed,-30
Greedy,4566,3037662008,4094111,4094284,173,completed,-30
Greedy,4567,3037662008,4094211,4094394,183,completed,-30
Greedy,4568,3037662008,4094311,4094497,186,completed,-30
Greedy,4569,3037662008,4094512,4094651,139,completed,-30
Greedy,4570,3037662008,4094612,4094754,142,completed,-30
Greedy,4571,3037662008,4094712,4094857,145,completed,-30
Greedy,4572,3037662008,4094812,4094960,148,completed,-30
Greedy,4573,3037662008,4094912,4095063,151,completed,-30
Greedy,4574,3037662008,4095012,4095172,160,completed,-30
Greedy,4575,3037662008,4095112,4095280,168,completed,-30
Greedy,4576,3037662008,4095212,4095390,178,completed,-30
Greedy,4577,3037662008,4095312,4095493,181,completed,-30
Greedy,4578,3037662008,4095512,4095651,139,completed,-30
Greedy,4579,3037662008,4095612,4095754,142,completed,-30
Greedy,4580,3037662008,4095712,4095859,147,completed,-33
Greedy,4582,3658959723,4095912,4096059,147,completed,-11
Greedy,4583,3658959723,4096012,4096175,163,completed,-11
Greedy,4584,3658959723,4096112,4096284,172,completed,-11
Greedy,4581,3037662008,4095812,4095961,149,completed,-33
Greedy,4585,3658959723,4096212,4096387,175,completed,-11
Greedy,4586,3658959723,4096312,4096490,178,completed,-11
Greedy,4587,3658959723,4096514,4096666,152,completed,-11
Greedy,4588,3658959723,4096614,4096769,155,completed,-11
Greedy,4589,3658959723,4096714,4096872,158,completed,-11
Greedy,4590,3658959723,4096814,4096975,161,completed,-11
Greedy,4591,3658959723,4096914,4097078,164,completed,-11
Greedy,4592,3658959723,4097014,4097181,167,completed,-11
Greedy,4593,3658959723,4097114,4097283,169,completed,-11
Greedy,4594,3658959723,4097214,4097386,172,completed,-11
Greedy,4595,3658959723,4097314,4097488,174,completed,-11
Greedy,4596,3658959723,4097515,4097662,147,completed,-11
Greedy,4597,3658959723,4097615,4097765,150,completed,-11
Greedy,4598,3658959723,4097715,4097868,153,completed,-12
Greedy,4600,3037662008,4097915,4098051,136,completed,-30
Greedy,4601,3037662008,4098015,4098162,147,completed,-30
Greedy,4599,3658959723,4097815,4097969,154,completed,-12
Greedy,4602,3037662008,4098115,4098332,217,completed,-30
Greedy,4603,3037662008,4098215,4098435,220,completed,-30
Greedy,4604,3037662008,4098315,4098538,223,completed,-30
Greedy,4605,3037662008,4098517,4098655,138,completed,-30
Greedy,4606,3037662008,4098617,4098764,147,completed,-30
Greedy,4607,3037662008,4098717,4098867,150,completed,-30
Greedy,4608,3037662008,4098817,4098969,152,completed,-30
Greedy,4609,3037662008,4098917,4099072,155,completed,-30
Greedy,4610,3037662008,4099017,4099185,168,completed,-30
Greedy,4611,3037662008,4099117,4099294,177,completed,-30
Greedy,4612,3037662008,4099217,4099397,180,completed,-30
Greedy,4613,3037662008,4099317,4099500,183,completed,-30
Greedy,4614,3037662008,4099517,4099656,139,completed,-30
Greedy,4615,3037662008,4099617,4099759,142,completed,-30
Greedy,4618,3658959723,4099917,4100062,145,completed,-11
Greedy,4616,3037662008,4099717,4099862,145,completed,-34
Greedy,4619,3658959723,4100017,4100164,147,completed,-11
Greedy,4620,3658959723,4100117,4100267,150,completed,-11
Greedy,4621,3658959723,4100217,4100370,153,completed,-11
Greedy,4617,3037662008,4099817,4099964,147,completed,-34
Greedy,4622,3658959723,4100317,4100473,156,completed,-11
Greedy,4623,3658959723,4100522,4100672,150,completed,-11
Greedy,4624,3658959723,4100622,4100775,153,completed,-11
Greedy,4625,3658959723,4100722,4100878,156,completed,-11
Greedy,4626,3658959723,4100822,4100981,159,completed,-11
Greedy,4627,3658959723,4100922,4101084,162,completed,-11
Greedy,4628,3658959723,4101022,4101187,165,completed,-11
Greedy,4629,3658959723,4101122,4101290,168,completed,-11
Greedy,4630,3658959723,4101222,4101393,171,completed,-11
Greedy,4631,3658959723,4101322,4101660,338,completed,-11
Greedy,4632,3658959723,4101522,4101770,248,completed,-11
Greedy,4633,3658959723,4101622,4101873,251,completed,-13
Greedy,4636,3037662008,4101922,4102058,136,completed,-32
Greedy,4634,3658959723,4101722,4101974,252,completed,-13
Greedy,4637,3037662008,4102022,4102161,139,completed,-32
Greedy,4638,3037662008,4102122,4102264,142,completed,-32
Greedy,4639,3037662008,4102222,4102367,145,completed,-32
Greedy,4635,3658959723,4101822,4102076,254,completed,-13
Greedy,4640,3037662008,4102322,4102470,148,completed,-32
Greedy,4641,3037662008,4102524,4102666,142,completed,-32
Greedy,4642,3037662008,4102624,4102769,145,completed,-32
Greedy,4643,3037662008,4102724,4102871,147,completed,-32
Greedy,4644,3037662008,4102824,4102974,150,completed,-32
Greedy,4645,3037662008,4102924,4103077,153,completed,-32
Greedy,4646,3037662008,4103024,4103180,156,completed,-32
Greedy,4647,3037662008,4103124,4103283,159,completed,-32
Greedy,4648,3037662008,4103224,4103386,162,completed,-32
Greedy,4649,3037662008,4103324,4103654,330,completed,-32
Greedy,4650,3037662008,4103520,4103927,407,completed,-34
Greedy,4651,3037662008,4103620,4104030,410,completed,-34
Greedy,4654,3658959723,4103920,4104065,145,completed,-11
Greedy,4652,3037662008,4103720,4104133,413,completed,-34
Greedy,4655,3658959723,4104020,4104168,148,completed,-11
Greedy,4656,3658959723,4104120,4104271,151,completed,-11
Greedy,4653,3037662008,4103820,4104236,416,completed,-34
Greedy,4657,3658959723,4104220,4104374,154,completed,-11
Greedy,4658,3658959723,4104321,4104477,156,completed,-11
Greedy,4659,3658959723,4104524,4104671,147,completed,-11
Greedy,4660,3658959723,4104624,4104774,150,completed,-11
Greedy,4661,3658959723,4104724,4104877,153,completed,-11
Greedy,4662,3658959723,4104824,4104980,156,completed,-11
Greedy,4663,3658959723,4104924,4105083,159,completed,-11
Greedy,4664,3658959723,4105024,4105186,162,completed,-11
Greedy,4665,3658959723,4105124,4105289,165,completed,-11
Greedy,4666,3658959723,4105224,4105392,168,completed,-11
Greedy,4667,3658959723,4105324,4105495,171,completed,-11
Greedy,4668,3658959723,4105525,4105672,147,completed,-11
Greedy,4669,3658959723,4105625,4105774,149,completed,-11
Greedy,4672,3037662008,4105925,4106063,138,completed,-32
Greedy,4670,3658959723,4105725,4105877,152,completed,-12
Greedy,4673,3037662008,4106025,4106172,147,completed,-32
Greedy,4674,3037662008,4106125,4106281,156,completed,-32
Greedy,4671,3658959723,4105825,4105979,154,completed,-12
Greedy,4675,3037662008,4106225,4106392,167,completed,-32
Greedy,4676,3037662008,4106325,4106495,170,completed,-32
Greedy,4677,3037662008,4106525,4106666,141,completed,-32
Greedy,4678,3037662008,4106625,4106769,144,completed,-32
Greedy,4679,3037662008,4106725,4106872,147,completed,-32
Greedy,4680,3037662008,4106825,4106975,150,completed,-32
Greedy,4681,3037662008,4106925,4107078,153,completed,-32
Greedy,4682,3037662008,4107025,4107196,171,completed,-32
Greedy,4683,3037662008,4107125,4107305,180,completed,-32
Greedy,4684,3037662008,4107225,4107408,183,completed,-32
Greedy,4685,3037662008,4107325,4107511,186,completed,-32
Greedy,4686,3037662008,4107527,4107666,139,completed,-32
Greedy,4687,3037662008,4107627,4107769,142,completed,-32
Greedy,4690,3658959723,4107927,4108072,145,completed,-12
Greedy,4688,3037662008,4107727,4107872,145,completed,-35
Greedy,4691,3658959723,4108027,4108175,148,completed,-12
Greedy,4692,3658959723,4108127,4108277,150,completed,-12
Greedy,4689,3037662008,4107827,4107973,146,completed,-35
Greedy,4693,3658959723,4108227,4108380,153,completed,-12
Greedy,4694,3658959723,4108327,4108483,156,completed,-12
Greedy,4695,3658959723,4108528,4108676,148,completed,-12
Greedy,4696,3658959723,4108628,4108779,151,completed,-12
Greedy,4697,3658959723,4108728,4108882,154,completed,-12
Greedy,4698,3658959723,4108828,4108985,157,completed,-12
Greedy,4699,3658959723,4108928,4109088,160,completed,-12
Greedy,4700,3658959723,4109028,4109191,163,completed,-12
Greedy,4701,3658959723,4109128,4109294,166,completed,-12
Greedy,4702,3658959723,4109228,4109397,169,completed,-12
Greedy,4703,3658959723,4109328,4109500,172,completed,-12
Greedy,4704,3658959723,4109529,4109679,150,completed,-12
Greedy,4705,3658959723,4109629,4109782,153,completed,-12
Greedy,4708,3037662008,4109929,4110065,136,completed,-31
Greedy,4706,3658959723,4109729,4109884,155,completed,-14
Greedy,4709,3037662008,4110029,4110197,168,completed,-31
Greedy,4707,3658959723,4109829,4109985,156,completed,-14
Greedy,4710,3037662008,4110129,4110409,280,completed,-31
Greedy,4711,3037662008,4110229,4110512,283,completed,-31
Greedy,4712,3037662008,4110329,4110614,285,completed,-31
Greedy,4713,3037662008,4110529,4110716,187,completed,-31
Greedy,4714,3037662008,4110629,4110819,190,completed,-31
Greedy,4715,3037662008,4110729,4110922,193,completed,-31
Greedy,4716,3037662008,4110829,4111025,196,completed,-31
Greedy,4717,3037662008,4110929,4111128,199,completed,-31
Greedy,4718,3037662008,4111029,4111231,202,completed,-31
Greedy,4719,3037662008,4111129,4111334,205,completed,-31
Greedy,4720,3037662008,4111229,4111437,208,completed,-31
Greedy,4721,3037662008,4111329,4111540,211,completed,-31
Greedy,4722,3037662008,4111531,4111670,139,completed,-31
Greedy,4723,3037662008,4111631,4111773,142,completed,-31
Greedy,4726,3658959723,4111931,4112076,145,completed,-11
Greedy,4724,3037662008,4111731,4111876,145,completed,-32
Greedy,4727,3658959723,4112031,4112179,148,completed,-11
Greedy,4728,3658959723,4112131,4112282,151,completed,-11
Greedy,4725,3037662008,4111831,4111978,147,completed,-32
Greedy,4729,3658959723,4112231,4112385,154,completed,-11
Greedy,4730,3658959723,4112331,4112488,157,completed,-11
Greedy,4731,3658959723,4112532,4112680,148,completed,-11
Greedy,4732,3658959723,4112632,4112783,151,completed,-11
Greedy,4733,3658959723,4112732,4112885,153,completed,-11
Greedy,4734,3658959723,4112832,4112988,156,completed,-11
Greedy,4735,3658959723,4112932,4113091,159,completed,-11
Greedy,4736,3658959723,4113032,4113194,162,completed,-11
Greedy,4737,3658959723,4113132,4113297,165,completed,-11
Greedy,4738,3658959723,4113232,4113400,168,completed,-11
Greedy,4739,3658959723,4113332,4113503,171,completed,-11
Greedy,4740,3658959723,4113533,4113681,148,completed,-11
Greedy,4741,3658959723,4113633,4113784,151,completed,-11
Greedy,4742,3658959723,4113733,4113887,154,completed,-14
Greedy,4744,3037662008,4113933,4114069,136,completed,-35
Greedy,4743,3658959723,4113833,4113989,156,completed,-14
Greedy,4745,3037662008,4114033,4114189,156,completed,-35
Greedy,4746,3037662008,4114133,4114292,159,completed,-35
Greedy,4747,3037662008,4114233,4114395,162,completed,-35
Greedy,4748,3037662008,4114333,4114498,165,completed,-35
Greedy,4749,3037662008,4114534,4114675,141,completed,-35
Greedy,4750,3037662008,4114634,4114778,144,completed,-35
Greedy,4751,3037662008,4114734,4114881,147,completed,-35
Greedy,4752,3037662008,4114834,4114984,150,completed,-35
Greedy,4753,3037662008,4114934,4115087,153,completed,-35
Greedy,4754,3037662008,4115034,4115223,189,completed,-35
Greedy,4755,3037662008,4115134,4115326,192,completed,-35
Greedy,4756,3037662008,4115234,4115429,195,completed,-35
Greedy,4757,3037662008,4115334,4115532,198,completed,-35
Greedy,4758,3037662008,4115535,4115675,140,completed,-35
Greedy,4759,3037662008,4115635,4115778,143,completed,-35
Greedy,4760,3037662008,4115735,4115881,146,completed,-36
Greedy,4762,3658959723,4115936,4116081,145,completed,-12
Greedy,4763,3658959723,4116037,4116187,150,completed,-12
Greedy,4764,3658959723,4116137,4116290,153,completed,-12
Greedy,4761,3037662008,4115836,4115983,147,completed,-36
Greedy,4765,3658959723,4116237,4116393,156,completed,-12
Greedy,4766,3658959723,4116337,4116496,159,completed,-12
Greedy,4767,3658959723,4116537,4116686,149,completed,-12
Greedy,4768,3658959723,4116637,4116789,152,completed,-12
Greedy,4769,3658959723,4116737,4116892,155,completed,-12
Greedy,4770,3658959723,4116837,4116995,158,completed,-12
Greedy,4771,3658959723,4116937,4117097,160,completed,-12
Greedy,4772,3658959723,4117037,4117212,175,completed,-12
Greedy,4773,3658959723,4117137,4117321,184,completed,-12
Greedy,4774,3658959723,4117237,4117430,193,completed,-12
Greedy,4775,3658959723,4117337,4117533,196,completed,-12
Greedy,SUMMARY,ALL,0,0,120002,batch_complete,0
----------------,---,---,---,---,---,----------------,---
Greedy,4776,3658959723,4117538,4117685,147,completed,-12
Greedy,4777,3658959723,4123934,4124079,145,completed,-11
Greedy,4778,3658959723,4124035,4124204,169,completed,-11
Greedy,4779,3658959723,4124135,4124314,179,completed,-11
Greedy,4780,3658959723,4124235,4124417,182,completed,-11
Greedy,4781,3658959723,4124335,4124520,185,completed,-11
Greedy,4782,3658959723,4124546,4124693,147,completed,-11
Greedy,4783,3658959723,4124646,4124796,150,completed,-11
Greedy,4784,3658959723,4124746,4124899,153,completed,-11
Greedy,4785,3658959723,4124846,4125002,156,completed,-11
Greedy,4786,3658959723,4124946,4125105,159,completed,-11
Greedy,4787,3658959723,4125046,4125208,162,completed,-11
Greedy,4788,3658959723,4125146,4125310,164,completed,-11
Greedy,4789,3658959723,4125246,4125413,167,completed,-11
Greedy,4790,3658959723,4125346,4125516,170,completed,-11
Greedy,4791,3658959723,4125547,4125696,149,completed,-11
Greedy,4792,3658959723,4125647,4125799,152,completed,-11
Greedy,4794,3037662008,4125849,4125986,137,completed,-30
Greedy,4793,3658959723,4125747,4125902,155,completed,-13
Greedy,4795,3037662008,4125949,4126096,147,completed,-30
Greedy,4796,3037662008,4126049,4126199,150,completed,-30
Greedy,4797,3037662008,4126149,4126302,153,completed,-30
Greedy,4798,3037662008,4126249,4126405,156,completed,-30
Greedy,4799,3037662008,4126349,4126678,329,completed,-30
Greedy,4800,3037662008,4126549,4126788,239,completed,-30
Greedy,4801,3037662008,4126649,4126891,242,completed,-30
Greedy,4802,3037662008,4126749,4126994,245,completed,-30
Greedy,4803,3037662008,4126849,4127097,248,completed,-30
Greedy,4804,3037662008,4126949,4127200,251,completed,-30
Greedy,4805,3037662008,4127055,4127303,248,completed,-30
Greedy,4806,3037662008,4127155,4127406,251,completed,-30
Greedy,4807,3037662008,4127255,4127508,253,completed,-30
Greedy,4808,3037662008,4127544,4127681,137,completed,-30
Greedy,4811,3658959723,4127844,4127989,145,completed,-11
Greedy,4812,3658959723,4127944,4128092,148,completed,-11
Greedy,4809,3037662008,4127644,4127883,239,completed,-32
Greedy,4813,3658959723,4128044,4128195,151,completed,-11
Greedy,4814,3658959723,4128144,4128298,154,completed,-11
Greedy,4810,3037662008,4127744,4127984,240,completed,-32
Greedy,4815,3658959723,4128244,4128401,157,completed,-11
Greedy,4816,3658959723,4128346,4128504,158,completed,-11
Greedy,4817,3658959723,4128549,4128698,149,completed,-11
Greedy,4818,3658959723,4128649,4128801,152,completed,-11
Greedy,4819,3658959723,4128749,4128904,155,completed,-11
Greedy,4820,3658959723,4128849,4129007,158,completed,-11
Greedy,4821,3658959723,4128949,4129110,161,completed,-11
Greedy,4822,3658959723,4129051,4129218,167,completed,-11
Greedy,4823,3658959723,4129151,4129321,170,completed,-11
Greedy,4824,3658959723,4129251,4129424,173,completed,-11
Greedy,4825,3658959723,4129351,4129527,176,completed,-11
Greedy,4826,3658959723,4129553,4129703,150,completed,-11
Greedy,4827,3658959723,4129653,4129806,153,completed,-11
Greedy,4829,3037662008,4129853,4129989,136,completed,-32
Greedy,4828,3658959723,4129753,4129909,156,completed,-14
Greedy,4830,3037662008,4129953,4130098,145,completed,-32
Greedy,4831,3037662008,4130053,4130201,148,completed,-32
Greedy,4832,3037662008,4130153,4130304,151,completed,-32
Greedy,4833,3037662008,4130253,4130407,154,completed,-32
Greedy,4834,3037662008,4130353,4130510,157,completed,-32
Greedy,4835,3037662008,4130553,4130691,138,completed,-32
Greedy,4836,3037662008,4130653,4130794,141,completed,-32
Greedy,4837,3037662008,4130753,4130897,144,completed,-32
Greedy,4838,3037662008,4130853,4131000,147,completed,-32
Greedy,4839,3037662008,4130953,4131106,153,completed,-32
Greedy,4840,3037662008,4131054,4131209,155,completed,-32
Greedy,4841,3037662008,4131154,4131312,158,completed,-32
Greedy,4842,3037662008,4131254,4131415,161,completed,-32
Greedy,4843,3037662008,4131354,4131518,164,completed,-32
Greedy,4844,3037662008,4131554,4131692,138,completed,-32
Greedy,4845,3037662008,4131654,4131794,140,completed,-32
Greedy,4846,3037662008,4131754,4131897,143,completed,-33
Greedy,4847,3658959723,4131854,4132000,146,completed,-12
Greedy,4848,3658959723,4131954,4132116,162,completed,-12
Greedy,4849,3658959723,4132054,4132219,165,completed,-12
Greedy,4850,3658959723,4132154,4132322,168,completed,-12
Greedy,4851,3658959723,4132254,4132425,171,completed,-12
Greedy,4852,3658959723,4132354,4132528,174,completed,-12
Greedy,4853,3658959723,4132555,4132702,147,completed,-12
Greedy,4854,3658959723,4132655,4132805,150,completed,-12
Greedy,4855,3658959723,4132755,4132908,153,completed,-12
Greedy,4856,3658959723,4132855,4133011,156,completed,-12
Greedy,4857,3658959723,4132955,4133114,159,completed,-12
Greedy,4858,3658959723,4133055,4133221,166,completed,-12
Greedy,4859,3658959723,4133155,4133324,169,completed,-12
Greedy,4860,3658959723,4133255,4133427,172,completed,-12
Greedy,4861,3658959723,4133355,4133530,175,completed,-12
Greedy,4862,3658959723,4133555,4133705,150,completed,-12
Greedy,4863,3658959723,4133655,4133808,153,completed,-12
Greedy,4865,3037662008,4133855,4133991,136,completed,-35
Greedy,4866,3037662008,4133955,4134094,139,completed,-35
Greedy,4864,3658959723,4133755,4133911,156,completed,-13
Greedy,4867,3037662008,4134055,4134197,142,completed,-35
Greedy,4868,3037662008,4134155,4134300,145,completed,-35
Greedy,4869,3037662008,4134255,4134403,148,completed,-35
Greedy,4870,3037662008,4134355,4134506,151,completed,-35
Greedy,4871,3037662008,4134557,4134696,139,completed,-35
Greedy,4872,3037662008,4134657,4134799,142,completed,-35
Greedy,4873,3037662008,4134757,4134902,145,completed,-35
Greedy,4874,3037662008,4134857,4135005,148,completed,-35
Greedy,4875,3037662008,4134957,4135108,151,completed,-35
Greedy,4876,3037662008,4135057,4135224,167,completed,-35
Greedy,4877,3037662008,4135157,4135327,170,completed,-35
Greedy,4878,3037662008,4135257,4135430,173,completed,-35
Greedy,4879,3037662008,4135357,4135533,176,completed,-35
Greedy,4880,3037662008,4135557,4135697,140,completed,-35
Greedy,4881,3037662008,4135657,4135800,143,completed,-35
Greedy,4883,3658959723,4135857,4136002,145,completed,-11
Greedy,4882,3037662008,4135757,4135903,146,completed,-38
Greedy,4884,3658959723,4135957,4136104,147,completed,-11
Greedy,4885,3658959723,4136057,4136207,150,completed,-11
Greedy,4886,3658959723,4136157,4136310,153,completed,-11
Greedy,4887,3658959723,4136257,4136413,156,completed,-11
Greedy,4888,3658959723,4136357,4136516,159,completed,-11
Greedy,4889,3658959723,4136558,4136706,148,completed,-11
Greedy,4890,3658959723,4136658,4136809,151,completed,-11
Greedy,4891,3658959723,4136758,4136911,153,completed,-11
Greedy,4892,3658959723,4136858,4137014,156,completed,-11
Greedy,4893,3658959723,4136958,4137117,159,completed,-11
Greedy,4894,3658959723,4137063,4137225,162,completed,-11
Greedy,4895,3658959723,4137163,4137335,172,completed,-11
Greedy,4896,3658959723,4137263,4137438,175,completed,-11
Greedy,4897,3658959723,4137363,4137702,339,completed,-11
Greedy,4898,3658959723,4137558,4137850,292,completed,-11
Greedy,4899,3658959723,4137658,4137953,295,completed,-12
Greedy,4901,3037662008,4137858,4137995,137,completed,-35
Greedy,4900,3658959723,4137758,4138056,298,completed,-12
Greedy,4902,3037662008,4137958,4138108,150,completed,-35
Greedy,4903,3037662008,4138058,4138211,153,completed,-35
Greedy,4904,3037662008,4138158,4138314,156,completed,-35
Greedy,4905,3037662008,4138258,4138417,159,completed,-35
Greedy,4906,3037662008,4138358,4138520,162,completed,-35
Greedy,4907,3037662008,4138563,4138702,139,completed,-35
Greedy,4908,3037662008,4138663,4138805,142,completed,-35
Greedy,4909,3037662008,4138763,4138908,145,completed,-35
Greedy,4910,3037662008,4138863,4139011,148,completed,-35
Greedy,4911,3037662008,4138963,4139114,151,completed,-35
Greedy,4912,3037662008,4139063,4139224,161,completed,-35
Greedy,4913,3037662008,4139163,4139327,164,completed,-35
Greedy,4914,3037662008,4139263,4139430,167,completed,-35
Greedy,4915,3037662008,4139363,4139533,170,completed,-35
Greedy,4916,3037662008,4139564,4139704,140,completed,-35
Greedy,4917,3037662008,4139664,4139807,143,completed,-35
Greedy,4919,3658959723,4139864,4140009,145,completed,-12
Greedy,4918,3037662008,4139764,4139910,146,completed,-36
Greedy,4920,3658959723,4139964,4140118,154,completed,-12
Greedy,4921,3658959723,4140064,4140221,157,completed,-12
Greedy,4922,3658959723,4140164,4140324,160,completed,-12
Greedy,4923,3658959723,4140264,4140427,163,completed,-12
Greedy,4924,3658959723,4140364,4140530,166,completed,-12
Greedy,4925,3658959723,4140564,4140713,149,completed,-12
Greedy,4926,3658959723,4140664,4140816,152,completed,-12
Greedy,4927,3658959723,4140764,4140919,155,completed,-12
Greedy,4928,3658959723,4140864,4141022,158,completed,-12
Greedy,4929,3658959723,4140964,4141125,161,completed,-12
Greedy,4930,3658959723,4141068,4141228,160,completed,-12
Greedy,4931,3658959723,4141168,4141331,163,completed,-12
Greedy,4932,3658959723,4141268,4141434,166,completed,-12
Greedy,4933,3658959723,4141368,4141708,340,completed,-12
Greedy,4934,3658959723,4141563,4141811,248,completed,-12
Greedy,4935,3658959723,4141663,4141914,251,completed,-13
Greedy,4937,3037662008,4141863,4141999,136,completed,-35
Greedy,4936,3658959723,4141763,4142017,254,completed,-13
Greedy,4938,3037662008,4141963,4142117,154,completed,-35
Greedy,4939,3037662008,4142063,4142231,168,completed,-35
Greedy,4940,3037662008,4142163,4142334,171,completed,-35
Greedy,4941,3037662008,4142263,4142437,174,completed,-35
Greedy,4942,3037662008,4142363,4142540,177,completed,-35
Greedy,4943,3037662008,4142568,4142707,139,completed,-35
Greedy,4944,3037662008,4142668,4142810,142,completed,-35
Greedy,4945,3037662008,4142768,4142913,145,completed,-35
Greedy,4946,3037662008,4142868,4143016,148,completed,-35
Greedy,4947,3037662008,4142968,4143119,151,completed,-35
Greedy,4948,3037662008,4143068,4143228,160,completed,-35
Greedy,4949,3037662008,4143168,4143337,169,completed,-35
Greedy,4950,3037662008,4143268,4143440,172,completed,-35
Greedy,4951,3037662008,4143368,4143543,175,completed,-35
Greedy,4952,3037662008,4143568,4143708,140,completed,-35
Greedy,4953,3037662008,4143668,4143811,143,completed,-35
Greedy,4955,3658959723,4143868,4144013,145,completed,-12
Greedy,4956,3658959723,4143968,4144118,150,completed,-12
Greedy,4954,3037662008,4143768,4143914,146,completed,-34
Greedy,4957,3658959723,4144068,4144221,153,completed,-12
Greedy,4958,3658959723,4144168,4144323,155,completed,-12
Greedy,4959,3658959723,4144268,4144426,158,completed,-12
Greedy,4960,3658959723,4144368,4144529,161,completed,-12
Greedy,4961,3658959723,4144569,4144717,148,completed,-12
Greedy,4962,3658959723,4144669,4144820,151,completed,-12
Greedy,4963,3658959723,4144769,4144923,154,completed,-12
Greedy,4964,3658959723,4144869,4145026,157,completed,-12
Greedy,4965,3658959723,4144969,4145129,160,completed,-12
Greedy,4966,3658959723,4145069,4145237,168,completed,-12
Greedy,4967,3658959723,4145169,4145340,171,completed,-12
Greedy,4968,3658959723,4145269,4145444,175,completed,-12
Greedy,4969,3658959723,4145369,4145547,178,completed,-12
Greedy,4970,3658959723,4145571,4145719,148,completed,-12
Greedy,4971,3658959723,4145671,4145822,151,completed,-12
Greedy,4973,3037662008,4145871,4146008,137,completed,-31
Greedy,4972,3658959723,4145771,4145924,153,completed,-13
Greedy,4974,3037662008,4145971,4146117,146,completed,-31
Greedy,4975,3037662008,4146071,4146220,149,completed,-31
Greedy,4976,3037662008,4146171,4146323,152,completed,-31
Greedy,4977,3037662008,4146271,4146426,155,completed,-31
Greedy,4978,3037662008,4146371,4146529,158,completed,-31
Greedy,4979,3037662008,4146572,4146712,140,completed,-31
Greedy,4980,3037662008,4146672,4146815,143,completed,-31
Greedy,4981,3037662008,4146772,4146918,146,completed,-31
Greedy,4982,3037662008,4146872,4147021,149,completed,-31
Greedy,4983,3037662008,4146972,4147124,152,completed,-31
Greedy,4984,3037662008,4147072,4147227,155,completed,-31
Greedy,4985,3037662008,4147172,4147330,158,completed,-31
Greedy,4986,3037662008,4147272,4147433,161,completed,-31
Greedy,4987,3037662008,4147372,4147536,164,completed,-31
Greedy,4988,3037662008,4147573,4147712,139,completed,-31
Greedy,4989,3037662008,4147673,4147815,142,completed,-31
Greedy,4991,3658959723,4147873,4148018,145,completed,-12
Greedy,4992,3658959723,4147973,4148134,161,completed,-12
Greedy,4990,3037662008,4147773,4147918,145,completed,-32
Greedy,4993,3658959723,4148073,4148236,163,completed,-12
Greedy,4994,3658959723,4148173,4148339,166,completed,-12
Greedy,4995,3658959723,4148273,4148444,171,completed,-12
Greedy,4996,3658959723,4148373,4148547,174,completed,-12
Greedy,4997,3658959723,4148574,4148722,148,completed,-12
Greedy,4998,3658959723,4148674,4148825,151,completed,-12
Greedy,4999,3658959723,4148774,4148927,153,completed,-12
Greedy,5000,3658959723,4148874,4149030,156,completed,-12
Greedy,5001,3658959723,4148974,4149133,159,completed,-12
Greedy,5002,3658959723,4149074,4149241,167,completed,-12
Greedy,5003,3658959723,4149174,4149344,170,completed,-12
Greedy,5004,3658959723,4149274,4149447,173,completed,-12
Greedy,5005,3658959723,4149374,4149550,176,completed,-12
Greedy,5006,3658959723,4149575,4149722,147,completed,-12
Greedy,5007,3658959723,4149675,4149825,150,completed,-12
Greedy,5008,3658959723,4149775,4149928,153,completed,-13
Greedy,5009,3037662008,4149875,4150011,136,completed,-29
Greedy,5010,3037662008,4149975,4150121,146,completed,-29
Greedy,5011,3037662008,4150075,4150230,155,completed,-29
Greedy,5012,3037662008,4150175,4150333,158,completed,-29
Greedy,5013,3037662008,4150275,4150436,161,completed,-29
Greedy,5014,3037662008,4150375,4150539,164,completed,-29
Greedy,5015,3037662008,4150579,4150718,139,completed,-29
Greedy,5016,3037662008,4150679,4150821,142,completed,-29
Greedy,5017,3037662008,4150779,4150924,145,completed,-29
Greedy,5018,3037662008,4150879,4151027,148,completed,-29
Greedy,5019,3037662008,4150979,4151130,151,completed,-29
Greedy,5020,3037662008,4151086,4151239,153,completed,-29
Greedy,5021,3037662008,4151186,4151342,156,completed,-29
Greedy,5022,3037662008,4151286,4151445,159,completed,-29
Greedy,5023,3037662008,4151572,4151710,138,completed,-29
Greedy,5024,3037662008,4151672,4151879,207,completed,-29
Greedy,5026,3658959723,4151872,4152017,145,completed,-12
Greedy,5027,3658959723,4151972,4152120,148,completed,-12
Greedy,5025,3037662008,4151772,4151982,210,completed,-32
Greedy,5028,3658959723,4152072,4152223,151,completed,-12
Greedy,5029,3658959723,4152172,4152338,166,completed,-12
Greedy,5030,3658959723,4152272,4152441,169,completed,-12
Greedy,5031,3658959723,4152372,4152544,172,completed,-12
Greedy,5032,3658959723,4152584,4152730,146,completed,-12
Greedy,5033,3658959723,4152684,4152833,149,completed,-12
Greedy,5034,3658959723,4152784,4152936,152,completed,-12
Greedy,5035,3658959723,4152884,4153039,155,completed,-12
Greedy,5036,3658959723,4152984,4153142,158,completed,-12
Greedy,5037,3658959723,4153084,4153251,167,completed,-12
Greedy,5038,3658959723,4153184,4153353,169,completed,-12
Greedy,5039,3658959723,4153284,4153456,172,completed,-12
Greedy,5040,3658959723,4153575,4153720,145,completed,-12
Greedy,5041,3658959723,4153675,4153876,201,completed,-12
Greedy,5042,3658959723,4153775,4153979,204,completed,-13
Greedy,5044,3037662008,4153975,4154111,136,completed,-31
Greedy,5043,3658959723,4153875,4154082,207,completed,-13
Greedy,5045,3037662008,4154075,4154220,145,completed,-31
Greedy,5046,3037662008,4154175,4154338,163,completed,-31
Greedy,5047,3037662008,4154275,4154500,225,completed,-31
Greedy,5048,3037662008,4154375,4154603,228,completed,-31
Greedy,5049,3037662008,4154580,4154719,139,completed,-31
Greedy,5050,3037662008,4154680,4154822,142,completed,-31
Greedy,5051,3037662008,4154780,4154925,145,completed,-31
Greedy,5052,3037662008,4154880,4155028,148,completed,-31
Greedy,5053,3037662008,4154980,4155131,151,completed,-31
Greedy,5054,3037662008,4155080,4155240,160,completed,-31
Greedy,5055,3037662008,4155180,4155343,163,completed,-31
Greedy,5056,3037662008,4155280,4155446,166,completed,-31
Greedy,5057,3037662008,4155380,4155550,170,completed,-31
Greedy,5058,3037662008,4155581,4155720,139,completed,-31
Greedy,5059,3037662008,4155681,4155824,143,completed,-31
Greedy,5061,3658959723,4155881,4156026,145,completed,-12
Greedy,5062,3658959723,4155981,4156135,154,completed,-12
Greedy,5060,3037662008,4155781,4155927,146,completed,-32
Greedy,5063,3658959723,4156081,4156238,157,completed,-12
Greedy,5064,3658959723,4156181,4156341,160,completed,-12
Greedy,5065,3658959723,4156281,4156444,163,completed,-12
Greedy,5066,3658959723,4156381,4156547,166,completed,-12
Greedy,5067,3658959723,4156581,4156730,149,completed,-12
Greedy,5068,3658959723,4156681,4156833,152,completed,-12
Greedy,5069,3658959723,4156781,4156936,155,completed,-12
Greedy,5070,3658959723,4156881,4157038,157,completed,-12
Greedy,5071,3658959723,4156981,4157140,159,completed,-12
Greedy,5072,3658959723,4157081,4157243,162,completed,-12
Greedy,5073,3658959723,4157181,4157346,165,completed,-12
Greedy,5074,3658959723,4157281,4157449,168,completed,-12
Greedy,5075,3658959723,4157381,4157552,171,completed,-12
Greedy,5076,3658959723,4157583,4157732,149,completed,-12
Greedy,5077,3658959723,4157683,4157834,151,completed,-12
Greedy,5080,3037662008,4157983,4158119,136,completed,-31
Greedy,5078,3658959723,4157783,4157936,153,completed,-13
Greedy,5081,3037662008,4158083,4158228,145,completed,-31
Greedy,5082,3037662008,4158183,4158337,154,completed,-31
Greedy,5083,3037662008,4158283,4158440,157,completed,-31
Greedy,5079,3658959723,4157883,4158038,155,completed,-13
Greedy,5084,3037662008,4158383,4158543,160,completed,-31
Greedy,5085,3037662008,4158585,4158731,146,completed,-31
Greedy,5086,3037662008,4158685,4158834,149,completed,-31
Greedy,5087,3037662008,4158785,4158937,152,completed,-31
Greedy,5088,3037662008,4158885,4159040,155,completed,-31
Greedy,5089,3037662008,4158985,4159143,158,completed,-31
Greedy,5090,3037662008,4159085,4159252,167,completed,-31
Greedy,5091,3037662008,4159185,4159360,175,completed,-31
Greedy,5092,3037662008,4159285,4159463,178,completed,-31
Greedy,5093,3037662008,4159385,4159566,181,completed,-31
Greedy,5094,3037662008,4159585,4159725,140,completed,-31
Greedy,5095,3037662008,4159685,4159828,143,completed,-31
Greedy,5096,3037662008,4159785,4159931,146,completed,-31
Greedy,5097,3658959723,4159885,4160031,146,completed,-12
Greedy,5098,3658959723,4159985,4160134,149,completed,-12
Greedy,5099,3658959723,4160085,4160237,152,completed,-12
Greedy,5100,3658959723,4160185,4160340,155,completed,-12
Greedy,5101,3658959723,4160285,4160443,158,completed,-12
Greedy,5102,3658959723,4160385,4160546,161,completed,-12
Greedy,5103,3658959723,4160586,4160734,148,completed,-12
Greedy,5104,3658959723,4160686,4160837,151,completed,-12
Greedy,5105,3658959723,4160786,4160940,154,completed,-12
Greedy,5106,3658959723,4160886,4161043,157,completed,-12
Greedy,5107,3658959723,4160986,4161146,160,completed,-12
Greedy,5108,3658959723,4161086,4161249,163,completed,-12
Greedy,5109,3658959723,4161186,4161352,166,completed,-12
Greedy,5110,3658959723,4161286,4161455,169,completed,-12
Greedy,5111,3658959723,4161386,4161558,172,completed,-12
Greedy,5112,3658959723,4161587,4161735,148,completed,-12
Greedy,5113,3658959723,4161687,4161838,151,completed,-12
Greedy,5114,3658959723,4161787,4161941,154,completed,-14
Greedy,5115,3037662008,4161887,4162024,137,completed,-29
Greedy,5116,3037662008,4161987,4162127,140,completed,-29
Greedy,5117,3037662008,4162087,4162230,143,completed,-29
Greedy,5118,3037662008,4162187,4162333,146,completed,-29
Greedy,5119,3037662008,4162287,4162436,149,completed,-29
Greedy,5120,3037662008,4162387,4162539,152,completed,-29
Greedy,5121,3037662008,4162588,4162727,139,completed,-29
Greedy,5122,3037662008,4162688,4162830,142,completed,-29
Greedy,5123,3037662008,4162788,4162933,145,completed,-29
Greedy,5124,3037662008,4162888,4163036,148,completed,-29
Greedy,5125,3037662008,4162988,4163139,151,completed,-29
Greedy,5126,3037662008,4163088,4163258,170,completed,-29
Greedy,5127,3037662008,4163188,4163366,178,completed,-29
Greedy,5128,3037662008,4163288,4163475,187,completed,-29
Greedy,5129,3037662008,4163388,4163578,190,completed,-29
Greedy,5130,3037662008,4163589,4163729,140,completed,-29
Greedy,5131,3037662008,4163689,4163832,143,completed,-29
Greedy,5132,3037662008,4163789,4163935,146,completed,-31
Greedy,5133,3658959723,4163889,4164034,145,completed,-12
Greedy,5134,3658959723,4163989,4164144,155,completed,-12
Greedy,5135,3658959723,4164089,4164247,158,completed,-12
Greedy,5136,3658959723,4164189,4164350,161,completed,-12
Greedy,5137,3658959723,4164289,4164453,164,completed,-12
Greedy,5138,3658959723,4164389,4164556,167,completed,-12
Greedy,5139,3658959723,4164590,4164737,147,completed,-12
Greedy,5140,3658959723,4164690,4164840,150,completed,-12
Greedy,5141,3658959723,4164790,4164943,153,completed,-12
Greedy,5142,3658959723,4164890,4165046,156,completed,-12
Greedy,5143,3658959723,4164990,4165149,159,completed,-12
Greedy,5144,3658959723,4165093,4165252,159,completed,-12
Greedy,5145,3658959723,4165193,4165355,162,completed,-12
Greedy,5146,3658959723,4165293,4165458,165,completed,-12
Greedy,5147,3658959723,4165393,4165731,338,completed,-12
Greedy,5148,3658959723,4165593,4165834,241,completed,-12
Greedy,5149,3658959723,4165693,4165936,243,completed,-12
Greedy,5152,3037662008,4165995,4166132,137,completed,-28
Greedy,5150,3658959723,4165793,4166039,246,completed,-12
Greedy,5153,3037662008,4166095,4166235,140,completed,-28
Greedy,5154,3037662008,4166195,4166338,143,completed,-28
Greedy,5155,3037662008,4166295,4166441,146,completed,-28
Greedy,5151,3658959723,4165895,4166141,246,completed,-12
Greedy,5156,3037662008,4166395,4166725,330,completed,-28
Greedy,5157,3037662008,4166596,4166835,239,completed,-28
Greedy,5158,3037662008,4166696,4166938,242,completed,-28
Greedy,5159,3037662008,4166796,4167041,245,completed,-28
Greedy,5160,3037662008,4166896,4167144,248,completed,-28
Greedy,5161,3037662008,4166996,4167247,251,completed,-28
Greedy,5162,3037662008,4167101,4167350,249,completed,-28
Greedy,5163,3037662008,4167201,4167453,252,completed,-28
Greedy,5164,3037662008,4167301,4167555,254,completed,-28
Greedy,5165,3037662008,4167590,4167729,139,completed,-28
Greedy,5168,3658959723,4167890,4168036,146,completed,-11
Greedy,5169,3658959723,4167990,4168139,149,completed,-11
Greedy,5166,3037662008,4167690,4167955,265,completed,-31
Greedy,5170,3658959723,4168090,4168242,152,completed,-11
Greedy,5171,3658959723,4168190,4168345,155,completed,-11
Greedy,5172,3658959723,4168290,4168448,158,completed,-11
Greedy,5167,3037662008,4167790,4168057,267,completed,-31
Greedy,5173,3658959723,4168390,4168550,160,completed,-11
Greedy,5174,3658959723,4168600,4168750,150,completed,-11
Greedy,5175,3658959723,4168700,4168853,153,completed,-11
Greedy,5176,3658959723,4168800,4168956,156,completed,-11
Greedy,5177,3658959723,4168900,4169058,158,completed,-11
Greedy,5178,3658959723,4169000,4169161,161,completed,-11
Greedy,5179,3658959723,4169100,4169272,172,completed,-11
Greedy,5180,3658959723,4169200,4169375,175,completed,-11
Greedy,5181,3658959723,4169300,4169478,178,completed,-11
Greedy,5182,3658959723,4169400,4169739,339,completed,-11
Greedy,5183,3658959723,4169601,4169842,241,completed,-11
Greedy,5184,3658959723,4169701,4169949,248,completed,-13
Greedy,5186,3037662008,4169901,4170037,136,completed,-28
Greedy,5187,3037662008,4170001,4170140,139,completed,-28
Greedy,5185,3658959723,4169801,4170052,251,completed,-13
Greedy,5188,3037662008,4170101,4170247,146,completed,-28
Greedy,5189,3037662008,4170201,4170350,149,completed,-28
Greedy,5190,3037662008,4170301,4170453,152,completed,-28
Greedy,5191,3037662008,4170401,4170556,155,completed,-28
Greedy,5192,3037662008,4170603,4170740,137,completed,-28
Greedy,5193,3037662008,4170703,4170850,147,completed,-28
Greedy,5194,3037662008,4170803,4170953,150,completed,-28
Greedy,5195,3037662008,4170903,4171056,153,completed,-28
Greedy,5196,3037662008,4171003,4171159,156,completed,-28
Greedy,5197,3037662008,4171103,4171268,165,completed,-28
Greedy,5198,3037662008,4171203,4171371,168,completed,-28
Greedy,5199,3037662008,4171303,4171474,171,completed,-28
Greedy,5200,3037662008,4171403,4171733,330,completed,-28
Greedy,5201,3037662008,4171603,4171848,245,completed,-28
Greedy,5204,3658959723,4171903,4172049,146,completed,-12
Greedy,5205,3658959723,4172003,4172152,149,completed,-12
Greedy,5202,3037662008,4171703,4171951,248,completed,-27
Greedy,5206,3658959723,4172103,4172255,152,completed,-12
Greedy,5207,3658959723,4172203,4172358,155,completed,-12
Greedy,5208,3658959723,4172303,4172461,158,completed,-12
Greedy,5203,3037662008,4171803,4172053,250,completed,-27
Greedy,5209,3658959723,4172403,4172563,160,completed,-12
Greedy,5210,3658959723,4172608,4172757,149,completed,-12
Greedy,5211,3658959723,4172708,4172860,152,completed,-12
Greedy,5212,3658959723,4172808,4172963,155,completed,-12
Greedy,5213,3658959723,4172908,4173066,158,completed,-12
Greedy,5214,3658959723,4173008,4173169,161,completed,-12
Greedy,5215,3658959723,4173108,4173272,164,completed,-12
Greedy,5216,3658959723,4173208,4173375,167,completed,-12
Greedy,5217,3658959723,4173308,4173478,170,completed,-12
Greedy,5218,3658959723,4173603,4173751,148,completed,-12
Greedy,5219,3658959723,4173703,4173854,151,completed,-12
Greedy,5220,3658959723,4173803,4173957,154,completed,-13
Greedy,5221,3037662008,4173903,4174039,136,completed,-26
Greedy,5222,3037662008,4174003,4174148,145,completed,-26
Greedy,5223,3037662008,4174103,4174251,148,completed,-26
Greedy,5224,3037662008,4174203,4174354,151,completed,-26
Greedy,5225,3037662008,4174303,4174457,154,completed,-26
Greedy,5226,3037662008,4174403,4174560,157,completed,-26
Greedy,5227,3037662008,4174607,4174744,137,completed,-26
Greedy,5228,3037662008,4174707,4174861,154,completed,-26
Greedy,5229,3037662008,4174807,4174964,157,completed,-26
Greedy,5230,3037662008,4174907,4175067,160,completed,-26
Greedy,5231,3037662008,4175007,4175170,163,completed,-26
Greedy,5232,3037662008,4175107,4175273,166,completed,-26
Greedy,5233,3037662008,4175207,4175376,169,completed,-26
Greedy,5234,3037662008,4175307,4175479,172,completed,-26
Greedy,5235,3037662008,4175407,4175740,333,completed,-26
Greedy,5236,3037662008,4175607,4175844,237,completed,-26
Greedy,5239,3658959723,4175907,4176053,146,completed,-11
Greedy,5240,3658959723,4176007,4176162,155,completed,-11
Greedy,5237,3037662008,4175707,4175947,240,completed,-28
Greedy,5241,3658959723,4176107,4176265,158,completed,-11
Greedy,5242,3658959723,4176207,4176368,161,completed,-11
Greedy,5243,3658959723,4176307,4176471,164,completed,-11
Greedy,5238,3037662008,4175807,4176049,242,completed,-28
Greedy,5244,3658959723,4176407,4176574,167,completed,-11
Greedy,5245,3658959723,4176612,4176761,149,completed,-11
Greedy,5246,3658959723,4176712,4176864,152,completed,-11
Greedy,5247,3658959723,4176812,4176967,155,completed,-11
Greedy,5248,3658959723,4176912,4177070,158,completed,-11
Greedy,5249,3658959723,4177012,4177173,161,completed,-11
Greedy,5250,3658959723,4177112,4177276,164,completed,-11
Greedy,5251,3658959723,4177212,4177379,167,completed,-11
Greedy,5252,3658959723,4177312,4177482,170,completed,-11
Greedy,5253,3658959723,4177607,4177754,147,completed,-11
Greedy,5254,3658959723,4177707,4177857,150,completed,-11
Greedy,5255,3658959723,4177807,4177960,153,completed,-12
Greedy,5256,3037662008,4177907,4178043,136,completed,-25
Greedy,5257,3037662008,4178007,4178147,140,completed,-25
Greedy,5258,3037662008,4178107,4178250,143,completed,-25
Greedy,5259,3037662008,4178207,4178353,146,completed,-25
Greedy,5260,3037662008,4178307,4178456,149,completed,-25
Greedy,5261,3037662008,4178407,4178559,152,completed,-25
Greedy,5262,3037662008,4178610,4178747,137,completed,-25
Greedy,5263,3037662008,4178710,4178850,140,completed,-25
Greedy,5264,3037662008,4178810,4178953,143,completed,-25
Greedy,5265,3037662008,4178910,4179056,146,completed,-25
Greedy,5266,3037662008,4179010,4179159,149,completed,-25
Greedy,5267,3037662008,4179110,4179269,159,completed,-25
Greedy,5268,3037662008,4179210,4179372,162,completed,-25
Greedy,5269,3037662008,4179310,4179475,165,completed,-25
Greedy,5270,3037662008,4179410,4179578,168,completed,-25
Greedy,5271,3037662008,4179610,4179751,141,completed,-25
Greedy,5272,3037662008,4179710,4179854,144,completed,-25
Greedy,5274,3658959723,4179910,4180055,145,completed,-11
Greedy,5275,3658959723,4180010,4180157,147,completed,-11
Greedy,5273,3037662008,4179810,4179957,147,completed,-27
Greedy,5276,3658959723,4180110,4180260,150,completed,-11
Greedy,5277,3658959723,4180210,4180362,152,completed,-11
Greedy,5278,3658959723,4180310,4180464,154,completed,-11
Greedy,5279,3658959723,4180410,4180567,157,completed,-11
Greedy,5280,3658959723,4180611,4180759,148,completed,-11
Greedy,5281,3658959723,4180711,4180862,151,completed,-11
Greedy,5282,3658959723,4180811,4180965,154,completed,-11
Greedy,5283,3658959723,4180911,4181068,157,completed,-11
Greedy,5284,3658959723,4181011,4181171,160,completed,-11
Greedy,5285,3658959723,4181111,4181280,169,completed,-11
Greedy,5286,3658959723,4181211,4181383,172,completed,-11
Greedy,5287,3658959723,4181311,4181486,175,completed,-11
Greedy,5288,3658959723,4181411,4181589,178,completed,-11
Greedy,5289,3658959723,4181612,4181759,147,completed,-11
Greedy,5290,3658959723,4181712,4181862,150,completed,-11
Greedy,5291,3658959723,4181812,4181965,153,completed,-12
Greedy,5292,3037662008,4181912,4182048,136,completed,-25
Greedy,5293,3037662008,4182012,4182157,145,completed,-25
Greedy,5294,3037662008,4182112,4182260,148,completed,-25
Greedy,5295,3037662008,4182212,4182363,151,completed,-25
Greedy,5296,3037662008,4182312,4182466,154,completed,-25
Greedy,5297,3037662008,4182412,4182569,157,completed,-25
Greedy,5298,3037662008,4182615,4182752,137,completed,-25
Greedy,5299,3037662008,4182715,4182861,146,completed,-25
Greedy,5300,3037662008,4182815,4182964,149,completed,-25
Greedy,5301,3037662008,4182915,4183067,152,completed,-25
Greedy,5302,3037662008,4183015,4183170,155,completed,-25
Greedy,5303,3037662008,4183115,4183280,165,completed,-25
Greedy,5304,3037662008,4183215,4183383,168,completed,-25
Greedy,5305,3037662008,4183315,4183485,170,completed,-25
Greedy,5306,3037662008,4183415,4183588,173,completed,-25
Greedy,5307,3037662008,4183615,4183755,140,completed,-25
Greedy,5308,3037662008,4183715,4183858,143,completed,-25
Greedy,5310,3658959723,4183915,4184060,145,completed,-11
Greedy,5311,3658959723,4184015,4184169,154,completed,-11
Greedy,5309,3037662008,4183815,4183961,146,completed,-27
Greedy,5312,3658959723,4184115,4184272,157,completed,-11
Greedy,5313,3658959723,4184215,4184375,160,completed,-11
Greedy,5314,3658959723,4184315,4184478,163,completed,-11
Greedy,5315,3658959723,4184415,4184581,166,completed,-11
Greedy,5316,3658959723,4184616,4184764,148,completed,-11
Greedy,5317,3658959723,4184716,4184867,151,completed,-11
Greedy,5318,3658959723,4184816,4184970,154,completed,-11
Greedy,5319,3658959723,4184916,4185073,157,completed,-11
Greedy,5320,3658959723,4185016,4185176,160,completed,-11
Greedy,5321,3658959723,4185116,4185279,163,completed,-11
Greedy,5322,3658959723,4185216,4185382,166,completed,-11
Greedy,5323,3658959723,4185316,4185485,169,completed,-11
Greedy,5324,3658959723,4185416,4185588,172,completed,-11
Greedy,5325,3658959723,4185617,4185764,147,completed,-11
Greedy,5326,3658959723,4185717,4185867,150,completed,-11
Greedy,5327,3658959723,4185817,4185969,152,completed,-13
Greedy,5328,3037662008,4185917,4186053,136,completed,-25
Greedy,5329,3037662008,4186017,4186162,145,completed,-25
Greedy,5330,3037662008,4186117,4186272,155,completed,-25
Greedy,5331,3037662008,4186217,4186375,158,completed,-25
Greedy,5332,3037662008,4186317,4186478,161,completed,-25
Greedy,5333,3037662008,4186417,4186581,164,completed,-25
Greedy,5334,3037662008,4186619,4186757,138,completed,-25
Greedy,5335,3037662008,4186719,4186860,141,completed,-25
Greedy,5336,3037662008,4186819,4186963,144,completed,-25
Greedy,5337,3037662008,4186919,4187066,147,completed,-25
Greedy,5338,3037662008,4187019,4187169,150,completed,-25
Greedy,5339,3037662008,4187119,4187278,159,completed,-25
Greedy,5340,3037662008,4187219,4187381,162,completed,-25
Greedy,5341,3037662008,4187319,4187484,165,completed,-25
Greedy,5342,3037662008,4187419,4187587,168,completed,-25
Greedy,5343,3037662008,4187619,4187758,139,completed,-25
Greedy,5344,3037662008,4187719,4187861,142,completed,-25
Greedy,5346,3658959723,4187919,4188064,145,completed,-11
Greedy,5347,3658959723,4188019,4188173,154,completed,-11
Greedy,5345,3037662008,4187819,4187964,145,completed,-27
Greedy,5348,3658959723,4188119,4188282,163,completed,-11
Greedy,5349,3658959723,4188220,4188385,165,completed,-11
Greedy,5350,3658959723,4188320,4188488,168,completed,-11
Greedy,5351,3658959723,4188420,4188591,171,completed,-11
Greedy,5352,3658959723,4188621,4188769,148,completed,-11
Greedy,5353,3658959723,4188721,4188872,151,completed,-11
Greedy,5354,3658959723,4188821,4188975,154,completed,-11
Greedy,5355,3658959723,4188921,4189077,156,completed,-11
Greedy,5356,3658959723,4189021,4189179,158,completed,-11
Greedy,5357,3658959723,4189121,4189288,167,completed,-11
Greedy,5358,3658959723,4189221,4189391,170,completed,-11
Greedy,5359,3658959723,4189321,4189494,173,completed,-11
Greedy,5360,3658959723,4189421,4189597,176,completed,-11
Greedy,5361,3658959723,4189621,4189769,148,completed,-11
Greedy,5362,3658959723,4189721,4189872,151,completed,-11
Greedy,5363,3658959723,4189821,4189975,154,completed,-11
Greedy,5364,3037662008,4189921,4190058,137,completed,-25
Greedy,5365,3037662008,4190021,4190160,139,completed,-25
Greedy,5366,3037662008,4190121,4190263,142,completed,-25
Greedy,5367,3037662008,4190221,4190366,145,completed,-25
Greedy,5368,3037662008,4190321,4190469,148,completed,-25
Greedy,5369,3037662008,4190421,4190572,151,completed,-25
Greedy,5370,3037662008,4190624,4190761,137,completed,-25
Greedy,5371,3037662008,4190724,4190872,148,completed,-25
Greedy,5372,3037662008,4190824,4190975,151,completed,-25
Greedy,5373,3037662008,4190924,4191078,154,completed,-25
Greedy,5374,3037662008,4191024,4191181,157,completed,-25
Greedy,5375,3037662008,4191124,4191290,166,completed,-25
Greedy,5376,3037662008,4191224,4191393,169,completed,-25
Greedy,5377,3037662008,4191324,4191496,172,completed,-25
Greedy,5378,3037662008,4191424,4191599,175,completed,-25
Greedy,5379,3037662008,4191624,4191764,140,completed,-25
Greedy,5380,3037662008,4191724,4191867,143,completed,-25
Greedy,5382,3658959723,4191924,4192098,174,completed,-11
Greedy,5381,3037662008,4191824,4191970,146,completed,-27
Greedy,5383,3658959723,4192029,4192206,177,completed,-11
Greedy,5384,3658959723,4192129,4192309,180,completed,-11
Greedy,5385,3658959723,4192229,4192412,183,completed,-11
Greedy,5386,3658959723,4192329,4192515,186,completed,-11
Greedy,5387,3658959723,4192624,4192771,147,completed,-11
Greedy,5388,3658959723,4192724,4192874,150,completed,-11
Greedy,5389,3658959723,4192824,4192977,153,completed,-11
Greedy,5390,3658959723,4192924,4193080,156,completed,-11
Greedy,5391,3658959723,4193024,4193183,159,completed,-11
Greedy,5392,3658959723,4193124,4193293,169,completed,-11
Greedy,5393,3658959723,4193224,4193396,172,completed,-11
Greedy,5394,3658959723,4193324,4193499,175,completed,-11
Greedy,5395,3658959723,4193424,4193602,178,completed,-11
Greedy,5396,3658959723,4193628,4193773,145,completed,-11
Greedy,5397,3658959723,4193728,4193876,148,completed,-11
Greedy,5399,3037662008,4193928,4194065,137,completed,-25
Greedy,5400,3037662008,4194028,4194168,140,completed,-25
Greedy,5398,3658959723,4193828,4193978,150,completed,-13
Greedy,5401,3037662008,4194128,4194271,143,completed,-25
Greedy,5402,3037662008,4194228,4194374,146,completed,-25
Greedy,5403,3037662008,4194328,4194477,149,completed,-25
Greedy,5404,3037662008,4194428,4194760,332,completed,-25
Greedy,5405,3037662008,4194623,4194870,247,completed,-25
Greedy,5406,3037662008,4194723,4194973,250,completed,-25
Greedy,5407,3037662008,4194823,4195076,253,completed,-25
Greedy,5408,3037662008,4194923,4195179,256,completed,-25
Greedy,5409,3037662008,4195023,4195282,259,completed,-25
Greedy,5410,3037662008,4195123,4195385,262,completed,-25
Greedy,5411,3037662008,4195223,4195488,265,completed,-25
Greedy,5412,3037662008,4195323,4195591,268,completed,-25
Greedy,5413,3037662008,4195423,4195693,270,completed,-25
Greedy,5414,3037662008,4195628,4195795,167,completed,-25
Greedy,5415,3037662008,4195728,4195898,170,completed,-25
Greedy,5417,3658959723,4195928,4196073,145,completed,-11
Greedy,5416,3037662008,4195828,4196001,173,completed,-28
Greedy,5418,3658959723,4196030,4196181,151,completed,-11
Greedy,5419,3658959723,4196130,4196284,154,completed,-11
Greedy,5420,3658959723,4196230,4196386,156,completed,-11
Greedy,5421,3658959723,4196330,4196489,159,completed,-11
Greedy,5422,3658959723,4196430,4196768,338,completed,-11
Greedy,5423,3658959723,4196629,4196885,256,completed,-11
Greedy,5424,3658959723,4196729,4196994,265,completed,-11
Greedy,5425,3658959723,4196829,4197104,275,completed,-11
Greedy,5426,3658959723,4196929,4197207,278,completed,-11
Greedy,5427,3658959723,4197029,4197309,280,completed,-11
Greedy,5428,3658959723,4197129,4197412,283,completed,-11
Greedy,5429,3658959723,4197229,4197515,286,completed,-11
Greedy,5430,3658959723,4197329,4197618,289,completed,-11
Greedy,5431,3658959723,4197429,4197719,290,completed,-11
Greedy,5432,3658959723,4197630,4197822,192,completed,-11
Greedy,5433,3658959723,4197730,4197925,195,completed,-11
Greedy,5435,3037662008,4197930,4198067,137,completed,-25
Greedy,5436,3037662008,4198030,4198170,140,completed,-25
Greedy,5434,3658959723,4197830,4198028,198,completed,-11
Greedy,5437,3037662008,4198130,4198273,143,completed,-25
Greedy,5438,3037662008,4198230,4198376,146,completed,-25
Greedy,5439,3037662008,4198330,4198479,149,completed,-25
Greedy,5440,3037662008,4198430,4198582,152,completed,-25
Greedy,5441,3037662008,4198632,4198774,142,completed,-25
Greedy,5442,3037662008,4198732,4198877,145,completed,-25
Greedy,5443,3037662008,4198832,4198980,148,completed,-25
Greedy,5444,3037662008,4198932,4199083,151,completed,-25
Greedy,5445,3037662008,4199032,4199206,174,completed,-25
Greedy,5446,3037662008,4199132,4199376,244,completed,-25
Greedy,5447,3037662008,4199232,4199479,247,completed,-25
Greedy,5448,3037662008,4199332,4199582,250,completed,-25
Greedy,5449,3037662008,4199432,4199765,333,completed,-25
Greedy,5450,3037662008,4199634,4199871,237,completed,-25
Greedy,5453,3658959723,4199934,4200079,145,completed,-11
Greedy,5454,3658959723,4200034,4200182,148,completed,-11
Greedy,5451,3037662008,4199734,4199973,239,completed,-27
Greedy,5455,3658959723,4200134,4200285,151,completed,-11
Greedy,5456,3658959723,4200234,4200388,154,completed,-11
Greedy,5457,3658959723,4200334,4200491,157,completed,-11
Greedy,5452,3037662008,4199834,4200075,241,completed,-27
Greedy,5458,3658959723,4200434,4200773,339,completed,-11
Greedy,5459,3658959723,4200636,4200876,240,completed,-11
Greedy,5460,3658959723,4200736,4200982,246,completed,-11
Greedy,5461,3658959723,4200836,4201084,248,completed,-11
Greedy,5462,3658959723,4200936,4201187,251,completed,-11
Greedy,5463,3658959723,4201036,4201290,254,completed,-11
Greedy,5464,3658959723,4201136,4201397,261,completed,-11
Greedy,5465,3658959723,4201236,4201500,264,completed,-11
Greedy,5466,3658959723,4201336,4201602,266,completed,-11
Greedy,5467,3658959723,4201436,4201775,339,completed,-11
Greedy,5468,3658959723,4201631,4201923,292,completed,-12
Greedy,5471,3037662008,4201931,4202068,137,completed,-24
Greedy,5469,3658959723,4201731,4202026,295,completed,-12
Greedy,5472,3037662008,4202031,4202184,153,completed,-24
Greedy,5473,3037662008,4202131,4202287,156,completed,-24
Greedy,5474,3037662008,4202231,4202390,159,completed,-24
Greedy,5470,3658959723,4201831,4202128,297,completed,-12
Greedy,5475,3037662008,4202331,4202493,162,completed,-24
Greedy,5476,3037662008,4202431,4202596,165,completed,-24
Greedy,5477,3037662008,4202637,4202774,137,completed,-24
Greedy,5478,3037662008,4202737,4202884,147,completed,-24
Greedy,5479,3037662008,4202837,4202987,150,completed,-24
Greedy,5480,3037662008,4202937,4203090,153,completed,-24
Greedy,5481,3037662008,4203037,4203214,177,completed,-24
Greedy,5482,3037662008,4203137,4203322,185,completed,-24
Greedy,5483,3037662008,4203237,4203425,188,completed,-24
Greedy,5484,3037662008,4203337,4203528,191,completed,-24
Greedy,5485,3037662008,4203437,4203631,194,completed,-24
Greedy,5486,3037662008,4203637,4203776,139,completed,-24
Greedy,5487,3037662008,4203737,4203879,142,completed,-24
Greedy,5489,3658959723,4203937,4204082,145,completed,-11
Greedy,5488,3037662008,4203837,4203982,145,completed,-28
Greedy,5490,3658959723,4204037,4204224,187,completed,-11
Greedy,5491,3658959723,4204137,4204333,196,completed,-11
Greedy,5492,3658959723,4204237,4204443,206,completed,-11
Greedy,5493,3658959723,4204337,4204546,209,completed,-11
Greedy,5494,3658959723,4204439,4204778,339,completed,-11
Greedy,5495,3658959723,4204640,4204887,247,completed,-11
Greedy,5496,3658959723,4204740,4204990,250,completed,-11
Greedy,5497,3658959723,4204840,4205093,253,completed,-11
Greedy,5498,3658959723,4204940,4205196,256,completed,-11
Greedy,5499,3658959723,4205040,4205299,259,completed,-11
Greedy,5500,3658959723,4205140,4205402,262,completed,-11
Greedy,5501,3658959723,4205240,4205505,265,completed,-11
Greedy,5502,3658959723,4205340,4205606,266,completed,-11
Greedy,5503,3658959723,4205440,4205780,340,completed,-11
Greedy,5504,3658959723,4205635,4205972,337,completed,-12
Greedy,5507,3037662008,4205936,4206081,145,completed,-26
Greedy,5508,3037662008,4206036,4206184,148,completed,-26
Greedy,5505,3658959723,4205735,4206075,340,completed,-12
Greedy,5509,3037662008,4206136,4206287,151,completed,-26
Greedy,5510,3037662008,4206236,4206390,154,completed,-26
Greedy,5511,3037662008,4206336,4206493,157,completed,-26
Greedy,5506,3658959723,4205836,4206177,341,completed,-12
Greedy,5512,3037662008,4206436,4206596,160,completed,-26
Greedy,5513,3037662008,4206642,4206786,144,completed,-26
Greedy,5514,3037662008,4206742,4206889,147,completed,-26
Greedy,5515,3037662008,4206842,4206992,150,completed,-26
Greedy,5516,3037662008,4206942,4207095,153,completed,-26
Greedy,5517,3037662008,4207042,4207198,156,completed,-26
Greedy,5518,3037662008,4207142,4207306,164,completed,-26
Greedy,5519,3037662008,4207242,4207409,167,completed,-26
Greedy,5520,3037662008,4207342,4207512,170,completed,-26
Greedy,5521,3037662008,4207442,4207772,330,completed,-26
Greedy,5522,3037662008,4207642,4207881,239,completed,-26
Greedy,5523,3037662008,4207742,4207984,242,completed,-28
Greedy,5525,3658959723,4207942,4208087,145,completed,-11
Greedy,5526,3658959723,4208045,4208217,172,completed,-11
Greedy,5524,3037662008,4207842,4208087,245,completed,-28
Greedy,5527,3658959723,4208145,4208326,181,completed,-11
Greedy,5528,3658959723,4208245,4208436,191,completed,-11
Greedy,5529,3658959723,4208345,4208539,194,completed,-11
Greedy,5530,3658959723,4208445,4208784,339,completed,-11
Greedy,5531,3658959723,4208645,4208893,248,completed,-11
Greedy,5532,3658959723,4208745,4208996,251,completed,-11
Greedy,5533,3658959723,4208845,4209099,254,completed,-11
Greedy,5534,3658959723,4208945,4209202,257,completed,-11
Greedy,5535,3658959723,4209045,4209305,260,completed,-11
Greedy,5536,3658959723,4209145,4209408,263,completed,-11
Greedy,5537,3658959723,4209245,4209511,266,completed,-11
Greedy,5538,3658959723,4209345,4209614,269,completed,-11
Greedy,5539,3658959723,4209445,4209716,271,completed,-11
Greedy,5540,3658959723,4209645,4209819,174,completed,-11
Greedy,5541,3658959723,4209745,4209922,177,completed,-12
Greedy,5543,3037662008,4209945,4210081,136,completed,-26
Greedy,5544,3037662008,4210051,4210191,140,completed,-26
Greedy,5542,3658959723,4209845,4210023,178,completed,-12
Greedy,5545,3037662008,4210151,4210300,149,completed,-26
Greedy,5546,3037662008,4210251,4210410,159,completed,-26
Greedy,5547,3037662008,4210351,4210513,162,completed,-26
Greedy,5548,3037662008,4210645,4210783,138,completed,-26
Greedy,5549,3037662008,4210745,4210892,147,completed,-26
Greedy,5550,3037662008,4210845,4210995,150,completed,-26
Greedy,5551,3037662008,4210945,4211098,153,completed,-26
Greedy,5552,3037662008,4211045,4211201,156,completed,-26
Greedy,5553,3037662008,4211145,4211347,202,completed,-26
Greedy,5554,3037662008,4211245,4211450,205,completed,-26
Greedy,5555,3037662008,4211345,4211553,208,completed,-26
Greedy,5556,3037662008,4211445,4211656,211,completed,-26
Greedy,5557,3037662008,4211647,4211787,140,completed,-26
Greedy,5558,3037662008,4211747,4211890,143,completed,-26
Greedy,5560,3658959723,4211947,4212092,145,completed,-11
Greedy,5559,3037662008,4211847,4211993,146,completed,-27
Greedy,5561,3658959723,4212051,4212198,147,completed,-11
Greedy,5562,3658959723,4212151,4212336,185,completed,-11
Greedy,5563,3658959723,4212251,4212439,188,completed,-11
Greedy,5564,3658959723,4212351,4212542,191,completed,-11
Greedy,5565,3658959723,4212451,4212790,339,completed,-11
Greedy,5566,3658959723,4212658,4212898,240,completed,-11
Greedy,5567,3658959723,4212759,4213002,243,completed,-11
Greedy,5568,3658959723,4212859,4213107,248,completed,-11
Greedy,5569,3658959723,4212959,4213209,250,completed,-11
Greedy,5570,3658959723,4213059,4213312,253,completed,-11
Greedy,5571,3658959723,4213159,4213415,256,completed,-11
Greedy,5572,3658959723,4213259,4213518,259,completed,-11
Greedy,5573,3658959723,4213359,4213620,261,completed,-11
Greedy,5574,3658959723,4213646,4213792,146,completed,-11
Greedy,5575,3658959723,4213746,4213972,226,completed,-13
Greedy,5577,3037662008,4213946,4214083,137,completed,-25
Greedy,5578,3037662008,4214050,4214191,141,completed,-25
Greedy,5576,3658959723,4213846,4214075,229,completed,-13
Greedy,5579,3037662008,4214150,4214301,151,completed,-25
Greedy,5580,3037662008,4214250,4214404,154,completed,-25
Greedy,5581,3037662008,4214350,4214507,157,completed,-25
Greedy,5582,3037662008,4214450,4214610,160,completed,-25
Greedy,5583,3037662008,4214652,4214792,140,completed,-25
Greedy,5584,3037662008,4214752,4214895,143,completed,-25
Greedy,5585,3037662008,4214852,4214998,146,completed,-25
Greedy,5586,3037662008,4214952,4215101,149,completed,-25
Greedy,5587,3037662008,4215055,4215217,162,completed,-25
Greedy,5588,3037662008,4215155,4215326,171,completed,-25
Greedy,5589,3037662008,4215255,4215429,174,completed,-25
Greedy,5590,3037662008,4215355,4215532,177,completed,-25
Greedy,5591,3037662008,4215455,4215785,330,completed,-25
Greedy,5592,3037662008,4215655,4215888,233,completed,-25
Greedy,5593,3037662008,4215755,4215994,239,completed,-27
Greedy,5595,3658959723,4215955,4216248,293,completed,-11
Greedy,5594,3037662008,4215855,4216096,241,completed,-27
Greedy,5596,3658959723,4216055,4216363,308,completed,-11
Greedy,5597,3658959723,4216155,4216473,318,completed,-11
Greedy,5598,3658959723,4216255,4216576,321,completed,-11
Greedy,5599,3658959723,4216355,4216679,324,completed,-11
Greedy,5600,3658959723,4216455,4216793,338,completed,-11
Greedy,5601,3658959723,4216656,4216896,240,completed,-11
Greedy,5602,3658959723,4216756,4217002,246,completed,-11
Greedy,5603,3658959723,4216856,4217105,249,completed,-11
Greedy,5604,3658959723,4216956,4217208,252,completed,-11
Greedy,5605,3658959723,4217056,4217311,255,completed,-11
Greedy,5606,3658959723,4217156,4217414,258,completed,-11
Greedy,5607,3658959723,4217256,4217517,261,completed,-11
Greedy,5608,3658959723,4217356,4217620,264,completed,-11
Greedy,5609,3658959723,4217456,4217722,266,completed,-11
Greedy,5610,3658959723,4217657,4217825,168,completed,-11
Greedy,5611,3658959723,4217757,4217928,171,completed,-13
Greedy,5613,3037662008,4217957,4218094,137,completed,-25
Greedy,5614,3037662008,4218057,4218201,144,completed,-25
Greedy,5612,3658959723,4217857,4218030,173,completed,-13
Greedy,5615,3037662008,4218157,4218304,147,completed,-25
Greedy,5616,3037662008,4218257,4218407,150,completed,-25
Greedy,5617,3037662008,4218357,4218510,153,completed,-25
Greedy,5618,3037662008,4218457,4218613,156,completed,-25
Greedy,5619,3037662008,4218658,4218798,140,completed,-25
Greedy,5620,3037662008,4218758,4218901,143,completed,-25
Greedy,5621,3037662008,4218858,4219004,146,completed,-25
Greedy,5622,3037662008,4218958,4219107,149,completed,-25
Greedy,5623,3037662008,4219063,4219210,147,completed,-25
Greedy,5624,3037662008,4219163,4219320,157,completed,-25
Greedy,5625,3037662008,4219263,4219423,160,completed,-25
Greedy,5626,3037662008,4219363,4219526,163,completed,-25
Greedy,5627,3037662008,4219659,4219797,138,completed,-25
Greedy,5628,3037662008,4219759,4219906,147,completed,-25
Greedy,5630,3658959723,4219959,4220105,146,completed,-12
Greedy,5631,3658959723,4220059,4220208,149,completed,-12
Greedy,5629,3037662008,4219859,4220009,150,completed,-26
Greedy,5632,3658959723,4220159,4220311,152,completed,-12
Greedy,5633,3658959723,4220259,4220414,155,completed,-12
Greedy,5634,3658959723,4220359,4220517,158,completed,-12
Greedy,5635,3658959723,4220459,4220620,161,completed,-12
Greedy,5636,3658959723,4220660,4220810,150,completed,-12
Greedy,5637,3658959723,4220760,4220913,153,completed,-12
Greedy,5638,3658959723,4220860,4221016,156,completed,-12
Greedy,5639,3658959723,4220960,4221119,159,completed,-12
Greedy,5640,3658959723,4221060,4221222,162,completed,-12
Greedy,5641,3658959723,4221160,4221331,171,completed,-12
Greedy,5642,3658959723,4221260,4221434,174,completed,-12
Greedy,5643,3658959723,4221360,4221537,177,completed,-12
Greedy,5644,3658959723,4221460,4221640,180,completed,-12
Greedy,5645,3658959723,4221660,4221809,149,completed,-12
Greedy,5646,3658959723,4221760,4221912,152,completed,-12
Greedy,5647,3658959723,4221860,4222015,155,completed,-12
Greedy,5648,3037662008,4221960,4222096,136,completed,-24
Greedy,5649,3037662008,4222060,4222214,154,completed,-24
Greedy,5650,3037662008,4222160,4222317,157,completed,-24
Greedy,5651,3037662008,4222260,4222420,160,completed,-24
Greedy,5652,3037662008,4222360,4222523,163,completed,-24
Greedy,5653,3037662008,4222460,4222626,166,completed,-24
Greedy,5654,3037662008,4222662,4222801,139,completed,-24
Greedy,5655,3037662008,4222762,4222904,142,completed,-24
Greedy,5656,3037662008,4222862,4223007,145,completed,-24
Greedy,5657,3037662008,4222962,4223110,148,completed,-24
Greedy,5658,3037662008,4223063,4223213,150,completed,-24
Greedy,5659,3037662008,4223163,4223316,153,completed,-24
Greedy,5660,3037662008,4223263,4223419,156,completed,-24
Greedy,5661,3037662008,4223363,4223522,159,completed,-24
Greedy,5662,3037662008,4223463,4223625,162,completed,-24
Greedy,5663,3037662008,4223665,4223802,137,completed,-24
Greedy,5664,3037662008,4223765,4223905,140,completed,-24
Greedy,5666,3658959723,4223965,4224112,147,completed,-11
Greedy,5667,3658959723,4224065,4224215,150,completed,-11
Greedy,5665,3037662008,4223865,4224008,143,completed,-27
Greedy,5668,3658959723,4224165,4224318,153,completed,-11
Greedy,5669,3658959723,4224265,4224421,156,completed,-11
Greedy,5670,3658959723,4224365,4224524,159,completed,-11
Greedy,5671,3658959723,4224465,4224805,340,completed,-11
Greedy,5672,3658959723,4224666,4224908,242,completed,-11
Greedy,5673,3658959723,4224766,4225014,248,completed,-11
Greedy,5674,3658959723,4224866,4225117,251,completed,-11
Greedy,5675,3658959723,4224966,4225220,254,completed,-11
Greedy,5676,3658959723,4225066,4225323,257,completed,-11
Greedy,5677,3658959723,4225166,4225426,260,completed,-11
Greedy,5678,3658959723,4225266,4225529,263,completed,-11
Greedy,5679,3658959723,4225366,4225632,266,completed,-11
Greedy,5680,3658959723,4225466,4225733,267,completed,-11
Greedy,5681,3658959723,4225668,4225835,167,completed,-11
Greedy,5682,3658959723,4225768,4225938,170,completed,-13
Greedy,5683,3658959723,4225868,4226040,172,completed,-13
Greedy,5684,3037662008,4225968,4226104,136,completed,-25
Greedy,5685,3037662008,4226068,4226213,145,completed,-25
Greedy,5686,3037662008,4226168,4226322,154,completed,-25
Greedy,5687,3037662008,4226268,4226425,157,completed,-25
Greedy,5688,3037662008,4226368,4226528,160,completed,-25
Greedy,5689,3037662008,4226468,4226631,163,completed,-25
Greedy,5690,3037662008,4226668,4226809,141,completed,-25
Greedy,5691,3037662008,4226768,4226912,144,completed,-25
Greedy,5692,3037662008,4226868,4227015,147,completed,-25
Greedy,5693,3037662008,4226968,4227118,150,completed,-25
Greedy,5694,3037662008,4227068,4227221,153,completed,-25
Greedy,5695,3037662008,4227168,4227352,184,completed,-25
Greedy,5696,3037662008,4227268,4227455,187,completed,-25
Greedy,5697,3037662008,4227368,4227558,190,completed,-25
Greedy,5698,3037662008,4227468,4227661,193,completed,-25
Greedy,5699,3037662008,4227670,4227808,138,completed,-25
Greedy,5700,3037662008,4227770,4227918,148,completed,-25
Greedy,5702,3658959723,4227970,4228116,146,completed,-11
Greedy,5703,3658959723,4228070,4228219,149,completed,-11
Greedy,5701,3037662008,4227870,4228021,151,completed,-29
Greedy,5704,3658959723,4228170,4228322,152,completed,-11
Greedy,5705,3658959723,4228270,4228425,155,completed,-11
Greedy,5706,3658959723,4228370,4228528,158,completed,-11
Greedy,5707,3658959723,4228470,4228631,161,completed,-11
Greedy,5708,3658959723,4228670,4228819,149,completed,-11
Greedy,5709,3658959723,4228770,4228922,152,completed,-11
Greedy,5710,3658959723,4228870,4229025,155,completed,-11
Greedy,5711,3658959723,4228970,4229128,158,completed,-11
Greedy,5712,3658959723,4229070,4229231,161,completed,-11
Greedy,5713,3658959723,4229170,4229340,170,completed,-11
Greedy,5714,3658959723,4229270,4229446,176,completed,-11
Greedy,5715,3658959723,4229370,4229549,179,completed,-11
Greedy,5716,3658959723,4229470,4229652,182,completed,-11
Greedy,5717,3658959723,4229671,4229819,148,completed,-11
Greedy,5718,3658959723,4229771,4229922,151,completed,-11
Greedy,5719,3658959723,4229871,4230025,154,completed,-12
Greedy,5721,3037662008,4230071,4230209,138,completed,-25
Greedy,5720,3658959723,4229971,4230128,157,completed,-12
Greedy,5722,3037662008,4230171,4230312,141,completed,-25
Greedy,5723,3037662008,4230271,4230415,144,completed,-25
Greedy,5724,3037662008,4230371,4230518,147,completed,-25
Greedy,5725,3037662008,4230471,4230621,150,completed,-25
Greedy,5726,3037662008,4230674,4230811,137,completed,-25
Greedy,5727,3037662008,4230774,4230914,140,completed,-25
Greedy,5728,3037662008,4230874,4231017,143,completed,-25
Greedy,5729,3037662008,4230974,4231120,146,completed,-25
Greedy,5730,3037662008,4231074,4231223,149,completed,-25
Greedy,5731,3037662008,4231174,4231332,158,completed,-25
Greedy,5732,3037662008,4231274,4231435,161,completed,-25
Greedy,5733,3037662008,4231374,4231538,164,completed,-25
Greedy,5734,3037662008,4231474,4231805,331,completed,-25
Greedy,5735,3037662008,4231674,4231908,234,completed,-25
Greedy,5736,3037662008,4231774,4232011,237,completed,-27
Greedy,5738,3658959723,4231974,4232120,146,completed,-11
Greedy,5739,3658959723,4232074,4232223,149,completed,-11
Greedy,5737,3037662008,4231874,4232115,241,completed,-27
Greedy,5740,3658959723,4232174,4232326,152,completed,-11
Greedy,5741,3658959723,4232274,4232428,154,completed,-11
Greedy,5742,3658959723,4232374,4232531,157,completed,-11
Greedy,5743,3658959723,4232474,4232634,160,completed,-11
Greedy,5744,3658959723,4232675,4232824,149,completed,-11
Greedy,5745,3658959723,4232775,4232927,152,completed,-11
Greedy,5746,3658959723,4232875,4233030,155,completed,-11
Greedy,5747,3658959723,4232975,4233133,158,completed,-11
Greedy,5748,3658959723,4233075,4233236,161,completed,-11
Greedy,5749,3658959723,4233175,4233345,170,completed,-11
Greedy,5750,3658959723,4233275,4233454,179,completed,-11
Greedy,5751,3658959723,4233375,4233557,182,completed,-11
Greedy,5752,3658959723,4233475,4233660,185,completed,-11
Greedy,5753,3658959723,4233675,4233823,148,completed,-11
Greedy,5754,3658959723,4233775,4233925,150,completed,-11
Greedy,5755,3658959723,4233875,4234027,152,completed,-12
Greedy,5756,3037662008,4233975,4234112,137,completed,-25
Greedy,5757,3037662008,4234075,4234215,140,completed,-25
Greedy,5758,3037662008,4234175,4234318,143,completed,-25
Greedy,5759,3037662008,4234275,4234421,146,completed,-25
Greedy,5760,3037662008,4234375,4234524,149,completed,-25
Greedy,5761,3037662008,4234475,4234627,152,completed,-25
Greedy,5762,3037662008,4234677,4234815,138,completed,-25
Greedy,5763,3037662008,4234777,4234924,147,completed,-25
Greedy,5764,3037662008,4234877,4235027,150,completed,-25
Greedy,5765,3037662008,4234977,4235130,153,completed,-25
Greedy,5766,3037662008,4235077,4235233,156,completed,-25
Greedy,5767,3037662008,4235177,4235342,165,completed,-25
Greedy,5768,3037662008,4235277,4235451,174,completed,-25
Greedy,5769,3037662008,4235377,4235554,177,completed,-25
Greedy,5770,3037662008,4235477,4235657,180,completed,-25
Greedy,5771,3037662008,4235677,4235818,141,completed,-25
Greedy,5772,3037662008,4235777,4235921,144,completed,-25
Greedy,5774,3658959723,4235977,4236123,146,completed,-11
Greedy,5775,3658959723,4236077,4236232,155,completed,-11
Greedy,5773,3037662008,4235877,4236024,147,completed,-30
Greedy,5776,3658959723,4236177,4236335,158,completed,-11
Greedy,5777,3658959723,4236277,4236438,161,completed,-11
Greedy,5778,3658959723,4236377,4236541,164,completed,-11
Greedy,5779,3658959723,4236477,4236643,166,completed,-11
Greedy,5780,3658959723,4236678,4236826,148,completed,-11
Greedy,5781,3658959723,4236778,4236928,150,completed,-11
Greedy,5782,3658959723,4236878,4237031,153,completed,-11
Greedy,5783,3658959723,4236978,4237134,156,completed,-11
Greedy,5784,3658959723,4237078,4237237,159,completed,-11
Greedy,5785,3658959723,4237178,4237340,162,completed,-11
Greedy,5786,3658959723,4237278,4237443,165,completed,-11
Greedy,5787,3658959723,4237378,4237546,168,completed,-11
Greedy,5788,3658959723,4237478,4237649,171,completed,-11
Greedy,5789,3658959723,4237678,4237827,149,completed,-11
Greedy,5790,3658959723,4237778,4237930,152,completed,-11
Greedy,5791,3658959723,4237878,4238034,156,completed,-12
Greedy,5792,3037662008,4237978,4238115,137,completed,-26
Greedy,5793,3037662008,4238078,4238230,152,completed,-26
Greedy,5794,3037662008,4238178,4238333,155,completed,-26
Greedy,5795,3037662008,4238278,4238436,158,completed,-26
Greedy,5796,3037662008,4238378,4238539,161,completed,-26
Greedy,5797,3037662008,4238478,4238642,164,completed,-26
Greedy,5798,3037662008,4238682,4238819,137,completed,-26
Greedy,5799,3037662008,4238782,4238928,146,completed,-26
Greedy,5800,3037662008,4238882,4239037,155,completed,-26
Greedy,5801,3037662008,4238982,4239140,158,completed,-26
Greedy,5802,3037662008,4239082,4239243,161,completed,-26
Greedy,5803,3037662008,4239182,4239349,167,completed,-26
Greedy,5804,3037662008,4239282,4239452,170,completed,-26
Greedy,5805,3037662008,4239382,4239555,173,completed,-26
Greedy,5806,3037662008,4239482,4239812,330,completed,-26
Greedy,5807,3037662008,4239682,4239915,233,completed,-26
Greedy,5808,3037662008,4239782,4240018,236,completed,-28
Greedy,5810,3658959723,4239982,4240127,145,completed,-11
Greedy,5811,3658959723,4240082,4240240,158,completed,-11
Greedy,5809,3037662008,4239882,4240121,239,completed,-28
Greedy,5812,3658959723,4240182,4240349,167,completed,-11
Greedy,5813,3658959723,4240282,4240452,170,completed,-11
Greedy,5814,3658959723,4240382,4240554,172,completed,-11
Greedy,5815,3658959723,4240482,4240657,175,completed,-11
Greedy,5816,3658959723,4240682,4240831,149,completed,-11
Greedy,5817,3658959723,4240782,4240933,151,completed,-11
Greedy,5818,3658959723,4240882,4241036,154,completed,-11
Greedy,5819,3658959723,4240982,4241139,157,completed,-11
Greedy,5820,3658959723,4241082,4241242,160,completed,-11
Greedy,5821,3658959723,4241182,4241379,197,completed,-11
Greedy,5822,3658959723,4241282,4241482,200,completed,-11
Greedy,5823,3658959723,4241382,4241585,203,completed,-11
Greedy,5824,3658959723,4241482,4241688,206,completed,-11
Greedy,5825,3658959723,4241683,4241831,148,completed,-11
Greedy,5826,3658959723,4241783,4241936,153,completed,-12
Greedy,5827,3658959723,4241883,4242040,157,completed,-12
Greedy,5828,3037662008,4241983,4242121,138,completed,-25
Greedy,5829,3037662008,4242083,4242223,140,completed,-25
Greedy,5830,3037662008,4242183,4242326,143,completed,-25
Greedy,5831,3037662008,4242283,4242429,146,completed,-25
Greedy,5832,3037662008,4242383,4242532,149,completed,-25
Greedy,5833,3037662008,4242483,4242635,152,completed,-25
Greedy,5834,3037662008,4242686,4242824,138,completed,-25
Greedy,5835,3037662008,4242786,4242927,141,completed,-25
Greedy,5836,3037662008,4242886,4243030,144,completed,-25
Greedy,5837,3037662008,4242986,4243135,149,completed,-25
Greedy,5838,3037662008,4243086,4243238,152,completed,-25
Greedy,5839,3037662008,4243186,4243348,162,completed,-25
Greedy,5840,3037662008,4243286,4243451,165,completed,-25
Greedy,5841,3037662008,4243386,4243554,168,completed,-25
Greedy,5842,3037662008,4243486,4243657,171,completed,-25
Greedy,5843,3037662008,4243686,4243827,141,completed,-25
Greedy,5844,3037662008,4243786,4243930,144,completed,-25
Greedy,SUMMARY,ALL,0,0,120000,batch_complete,0
----------------,---,---,---,---,---,----------------,---
Greedy,5845,3037662008,4243886,4244033,147,completed,-27
Greedy,5846,3658959723,4250103,4250249,146,completed,-11
Greedy,5847,3658959723,4250203,4250387,184,completed,-11
Greedy,5848,3658959723,4250303,4250490,187,completed,-11
Greedy,5849,3658959723,4250403,4250593,190,completed,-11
Greedy,5850,3658959723,4250693,4250839,146,completed,-11
Greedy,5851,3658959723,4250793,4250942,149,completed,-11
Greedy,5852,3658959723,4250893,4251045,152,completed,-11
Greedy,5853,3658959723,4250993,4251148,155,completed,-11
Greedy,5854,3658959723,4251093,4251251,158,completed,-11
Greedy,5855,3658959723,4251193,4251366,173,completed,-11
Greedy,5856,3658959723,4251293,4251469,176,completed,-11
Greedy,5857,3658959723,4251393,4251572,179,completed,-11
Greedy,5858,3658959723,4251493,4251675,182,completed,-11
Greedy,5859,3658959723,4251693,4251842,149,completed,-11
Greedy,5860,3658959723,4251793,4251945,152,completed,-13
Greedy,5862,3037662008,4251993,4252130,137,completed,-25
Greedy,5861,3658959723,4251893,4252047,154,completed,-13
Greedy,5863,3037662008,4252093,4252263,170,completed,-25
Greedy,5864,3037662008,4252193,4252381,188,completed,-25
Greedy,5865,3037662008,4252293,4252484,191,completed,-25
Greedy,5866,3037662008,4252393,4252587,194,completed,-25
Greedy,5867,3037662008,4252493,4252690,197,completed,-25
Greedy,5868,3037662008,4252695,4252835,140,completed,-25
Greedy,5869,3037662008,4252795,4252938,143,completed,-25
Greedy,5870,3037662008,4252895,4253041,146,completed,-25
Greedy,5871,3037662008,4252995,4253144,149,completed,-25
Greedy,5872,3037662008,4253095,4253247,152,completed,-25
Greedy,5873,3037662008,4253195,4253357,162,completed,-25
Greedy,5874,3037662008,4253295,4253460,165,completed,-25
Greedy,5875,3037662008,4253395,4253563,168,completed,-25
Greedy,5876,3037662008,4253495,4253666,171,completed,-25
Greedy,5877,3037662008,4253696,4253835,139,completed,-25
Greedy,5878,3037662008,4253796,4253938,142,completed,-25
Greedy,5879,3037662008,4253896,4254042,146,completed,-27
Greedy,5880,3658959723,4253996,4254142,146,completed,-12
Greedy,5881,3658959723,4254096,4254244,148,completed,-12
Greedy,5882,3658959723,4254196,4254347,151,completed,-12
Greedy,5883,3658959723,4254296,4254450,154,completed,-12
Greedy,5884,3658959723,4254396,4254553,157,completed,-12
Greedy,5885,3658959723,4254496,4254656,160,completed,-12
Greedy,5886,3658959723,4254697,4254846,149,completed,-12
Greedy,5887,3658959723,4254797,4254949,152,completed,-12
Greedy,5888,3658959723,4254897,4255052,155,completed,-12
Greedy,5889,3658959723,4254997,4255155,158,completed,-12
Greedy,5890,3658959723,4255097,4255258,161,completed,-12
Greedy,5891,3658959723,4255197,4255366,169,completed,-12
Greedy,5892,3658959723,4255297,4255475,178,completed,-12
Greedy,5893,3658959723,4255397,4255578,181,completed,-12
Greedy,5894,3658959723,4255497,4255681,184,completed,-12
Greedy,5895,3658959723,4255698,4255846,148,completed,-12
Greedy,5896,3658959723,4255798,4255949,151,completed,-12
Greedy,5898,3037662008,4255998,4256143,145,completed,-25
Greedy,5899,3037662008,4256098,4256252,154,completed,-25
Greedy,5897,3658959723,4255898,4256051,153,completed,-12
Greedy,5900,3037662008,4256198,4256355,157,completed,-25
Greedy,5901,3037662008,4256298,4256458,160,completed,-25
Greedy,5902,3037662008,4256398,4256561,163,completed,-25
Greedy,5903,3037662008,4256498,4256664,166,completed,-25
Greedy,5904,3037662008,4256699,4256839,140,completed,-25
Greedy,5905,3037662008,4256799,4256942,143,completed,-25
Greedy,5906,3037662008,4256899,4257045,146,completed,-25
Greedy,5907,3037662008,4256999,4257148,149,completed,-25
Greedy,5908,3037662008,4257099,4257251,152,completed,-25
Greedy,5909,3037662008,4257199,4257412,213,completed,-25
Greedy,5910,3037662008,4257299,4257516,217,completed,-25
Greedy,5911,3037662008,4257399,4257619,220,completed,-25
Greedy,5912,3037662008,4257499,4257722,223,completed,-25
Greedy,5913,3037662008,4257700,4257840,140,completed,-25
Greedy,5914,3037662008,4257800,4257944,144,completed,-27
Greedy,5915,3037662008,4257900,4258048,148,completed,-27
Greedy,5916,3658959723,4258000,4258145,145,completed,-11
Greedy,5917,3658959723,4258100,4258254,154,completed,-11
Greedy,5918,3658959723,4258200,4258364,164,completed,-11
Greedy,5919,3658959723,4258300,4258466,166,completed,-11
Greedy,5920,3658959723,4258400,4258569,169,completed,-11
Greedy,5921,3658959723,4258500,4258671,171,completed,-11
Greedy,5922,3658959723,4258701,4258849,148,completed,-11
Greedy,5923,3658959723,4258801,4258952,151,completed,-11
Greedy,5924,3658959723,4258901,4259055,154,completed,-11
Greedy,5925,3658959723,4259001,4259157,156,completed,-11
Greedy,5926,3658959723,4259101,4259260,159,completed,-11
Greedy,5927,3658959723,4259201,4259381,180,completed,-11
Greedy,5928,3658959723,4259301,4259490,189,completed,-11
Greedy,5929,3658959723,4259401,4259600,199,completed,-11
Greedy,5930,3658959723,4259501,4259703,202,completed,-11
Greedy,5931,3658959723,4259701,4259852,151,completed,-11
Greedy,5932,3658959723,4259801,4259955,154,completed,-12
Greedy,5934,3037662008,4260001,4260138,137,completed,-26
Greedy,5933,3658959723,4259901,4260056,155,completed,-12
Greedy,5935,3037662008,4260101,4260241,140,completed,-26
Greedy,5936,3037662008,4260201,4260344,143,completed,-26
Greedy,5937,3037662008,4260301,4260447,146,completed,-26
Greedy,5938,3037662008,4260401,4260550,149,completed,-26
Greedy,5939,3037662008,4260501,4260653,152,completed,-26
Greedy,5940,3037662008,4260703,4260843,140,completed,-26
Greedy,5941,3037662008,4260803,4260945,142,completed,-26
Greedy,5942,3037662008,4260903,4261048,145,completed,-26
Greedy,5943,3037662008,4261003,4261151,148,completed,-26
Greedy,5944,3037662008,4261103,4261254,151,completed,-26
Greedy,5945,3037662008,4261203,4261363,160,completed,-26
Greedy,5946,3037662008,4261303,4261466,163,completed,-26
Greedy,5947,3037662008,4261403,4261569,166,completed,-26
Greedy,5948,3037662008,4261503,4261672,169,completed,-26
Greedy,5949,3037662008,4261704,4261844,140,completed,-26
Greedy,5950,3037662008,4261804,4261947,143,completed,-27
Greedy,5952,3658959723,4262004,4262150,146,completed,-11
Greedy,5951,3037662008,4261904,4262050,146,completed,-27
Greedy,5953,3658959723,4264221,4264561,340,completed,-11
Greedy,5954,3658959723,4264420,4265041,621,completed,-11
Greedy,5955,3658959723,4264520,4265318,798,completed,-11
Greedy,5956,3658959723,4264620,4265420,800,completed,-11
Greedy,5957,3658959723,4264720,4265591,871,completed,-11
Greedy,5958,3658959723,4264820,4265866,1046,completed,-11
Greedy,5959,3658959723,4264920,4266141,1221,completed,-11
Greedy,5960,3658959723,4265020,4266565,1545,completed,-11
Greedy,5961,3658959723,4265120,4266667,1547,completed,-11
Greedy,5962,3658959723,4265220,4266770,1550,completed,-11
Greedy,5963,3658959723,4265423,4266873,1450,completed,-11
Greedy,5964,3658959723,4265523,4266976,1453,completed,-11
Greedy,5965,3658959723,4265623,4267079,1456,completed,-11
Greedy,5966,3658959723,4265724,4267182,1458,completed,-11
Greedy,5967,3658959723,4265824,4267285,1461,completed,-11
Greedy,5968,3658959723,4265924,4267388,1464,completed,-11
Greedy,5969,3658959723,4266024,4267489,1465,completed,-11
Greedy,5970,3658959723,4266124,4267592,1468,completed,-11
Greedy,5971,3658959723,4266224,4267695,1471,completed,-11
Greedy,5972,3658959723,4266425,4267798,1373,completed,-11
Greedy,5973,3658959723,4266525,4267901,1376,completed,-11
Greedy,5987,3037662008,4268026,4268164,138,completed,-25
Greedy,5974,3658959723,4266625,4268004,1379,completed,-12
Greedy,5975,3658959723,4266725,4268106,1381,completed,-12
Greedy,5976,3658959723,4266825,4268207,1382,completed,-12
Greedy,5988,3037662008,4268126,4268267,141,completed,-25
Greedy,5977,3658959723,4266925,4268309,1384,completed,-12
Greedy,5989,3037662008,4268229,4268573,344,completed,-25
Greedy,5990,3037662008,4268432,4268683,251,completed,-25
Greedy,5978,3658959723,4267025,4268411,1386,completed,-12
Greedy,5991,3037662008,4268532,4268786,254,completed,-25
Greedy,5992,3037662008,4268632,4268889,257,completed,-25
Greedy,5993,3037662008,4268732,4268993,261,completed,-25
Greedy,5979,3658959723,4267125,4268512,1387,completed,-12
Greedy,5980,3658959723,4267225,4268614,1389,completed,-12
Greedy,5994,3037662008,4268832,4269096,264,completed,-25
Greedy,5995,3037662008,4268932,4269199,267,completed,-25
Greedy,5996,3037662008,4269039,4269302,263,completed,-25
Greedy,5981,3658959723,4267426,4268716,1290,completed,-12
Greedy,5997,3037662008,4269139,4269404,265,completed,-25
Greedy,5998,3037662008,4269424,4269563,139,completed,-25
Greedy,5982,3658959723,4267526,4268817,1291,completed,-12
Greedy,5999,3037662008,4269524,4269774,250,completed,-25
Greedy,6000,3037662008,4269624,4269877,253,completed,-25
Greedy,6001,3037662008,4269724,4269980,256,completed,-27
Greedy,5983,3658959723,4267626,4268919,1293,completed,-12
Greedy,5984,3658959723,4267726,4269020,1294,completed,-12
Greedy,5985,3658959723,4267826,4269122,1296,completed,-12
Greedy,5986,3658959723,4267926,4269224,1298,completed,-12
Greedy,6002,3037662008,4269824,4270082,258,completed,-27
Greedy,6004,3658959723,4270024,4270171,147,completed,-11
Greedy,6005,3658959723,4270124,4270276,152,completed,-11
Greedy,6006,3658959723,4270224,4270378,154,completed,-11
Greedy,6003,3037662008,4269924,4270184,260,completed,-27
Greedy,6007,3658959723,4270435,4270583,148,completed,-11
Greedy,6008,3658959723,4270535,4270686,151,completed,-11
Greedy,6009,3658959723,4270635,4270789,154,completed,-11
Greedy,6010,3658959723,4270735,4270892,157,completed,-11
Greedy,6011,3658959723,4270835,4270995,160,completed,-11
Greedy,6012,3658959723,4270935,4271098,163,completed,-11
Greedy,6013,3658959723,4271035,4271201,166,completed,-11
Greedy,6014,3658959723,4271135,4271304,169,completed,-11
Greedy,6015,3658959723,4271235,4271407,172,completed,-11
Greedy,6016,3658959723,4271436,4271585,149,completed,-11
Greedy,6017,3658959723,4271536,4271688,152,completed,-11
Greedy,6018,3658959723,4271636,4271791,155,completed,-11
Greedy,6019,3658959723,4271736,4271894,158,completed,-11
Greedy,6020,3658959723,4271836,4271997,161,completed,-11
Greedy,6022,3037662008,4272036,4272174,138,completed,-25
Greedy,6021,3658959723,4271936,4272100,164,completed,-11
Greedy,6023,3037662008,4272136,4272277,141,completed,-25
Greedy,6024,3037662008,4272237,4272570,333,completed,-25
Greedy,6025,3037662008,4272439,4272679,240,completed,-25
Greedy,6026,3037662008,4272539,4272790,251,completed,-25
Greedy,6027,3037662008,4272639,4272893,254,completed,-25
Greedy,6028,3037662008,4272739,4272996,257,completed,-25
Greedy,6029,3037662008,4272839,4273099,260,completed,-25
Greedy,6030,3037662008,4272939,4273202,263,completed,-25
Greedy,6031,3037662008,4273039,4273305,266,completed,-25
Greedy,6032,3037662008,4273139,4273408,269,completed,-25
Greedy,6033,3037662008,4273239,4273510,271,completed,-25
Greedy,6034,3037662008,4273440,4273612,172,completed,-25
Greedy,6035,3037662008,4273540,4273714,174,completed,-25
Greedy,6036,3037662008,4273640,4273817,177,completed,-25
Greedy,6037,3037662008,4273740,4273920,180,completed,-25
Greedy,6039,3658959723,4273940,4274086,146,completed,-11
Greedy,6040,3658959723,4274046,4274197,151,completed,-11
Greedy,6038,3037662008,4273840,4274023,183,completed,-27
Greedy,6041,3658959723,4274146,4274300,154,completed,-11
Greedy,6042,3658959723,4274439,4274587,148,completed,-11
Greedy,6043,3658959723,4274539,4274690,151,completed,-11
Greedy,6044,3658959723,4274639,4274793,154,completed,-11
Greedy,6045,3658959723,4274739,4274896,157,completed,-11
Greedy,6046,3658959723,4274839,4274999,160,completed,-11
Greedy,6047,3658959723,4274939,4275102,163,completed,-11
Greedy,6048,3658959723,4275039,4275204,165,completed,-11
Greedy,6049,3658959723,4275139,4275307,168,completed,-11
Greedy,6050,3658959723,4275239,4275410,171,completed,-11
Greedy,6051,3658959723,4275441,4275590,149,completed,-11
Greedy,6052,3658959723,4275541,4275692,151,completed,-11
Greedy,6053,3658959723,4275641,4275795,154,completed,-11
Greedy,6054,3658959723,4275741,4275898,157,completed,-11
Greedy,6055,3658959723,4275841,4276000,159,completed,-12
Greedy,6056,3658959723,4275941,4276103,162,completed,-12
Greedy,6057,3037662008,4276048,4276188,140,completed,-24
Greedy,6058,3037662008,4276148,4276297,149,completed,-24
Greedy,6059,3037662008,4276443,4276695,252,completed,-24
Greedy,6060,3037662008,4276543,4276805,262,completed,-24
Greedy,6061,3037662008,4276643,4276908,265,completed,-24
Greedy,6062,3037662008,4276743,4277011,268,completed,-24
Greedy,6063,3037662008,4276843,4277114,271,completed,-24
Greedy,6064,3037662008,4276943,4277217,274,completed,-24
Greedy,6065,3037662008,4277043,4277320,277,completed,-24
Greedy,6066,3037662008,4277143,4277423,280,completed,-24
Greedy,6067,3037662008,4277243,4277525,282,completed,-24
Greedy,6068,3037662008,4277445,4277628,183,completed,-24
Greedy,6069,3037662008,4277545,4277731,186,completed,-24
Greedy,6070,3037662008,4277645,4277834,189,completed,-24
Greedy,6071,3037662008,4277745,4277937,192,completed,-24
Greedy,6073,3658959723,4277945,4278091,146,completed,-11
Greedy,6074,3658959723,4278045,4278194,149,completed,-11
Greedy,6072,3037662008,4277845,4278040,195,completed,-27
Greedy,6075,3658959723,4278145,4278297,152,completed,-11
Greedy,6076,3658959723,4278245,4278585,340,completed,-11
Greedy,6077,3658959723,4278446,4278695,249,completed,-11
Greedy,6078,3658959723,4278546,4278798,252,completed,-11
Greedy,6079,3658959723,4278646,4278901,255,completed,-11
Greedy,6080,3658959723,4278746,4279004,258,completed,-11
Greedy,6081,3658959723,4278846,4279107,261,completed,-11
Greedy,6082,3658959723,4278946,4279209,263,completed,-11
Greedy,6083,3658959723,4279047,4279312,265,completed,-11
Greedy,6084,3658959723,4279147,4279415,268,completed,-11
Greedy,6085,3658959723,4279247,4279588,341,completed,-11
Greedy,6086,3658959723,4279451,4282090,2639,completed,-11
Greedy,6087,3658959723,4281667,4282198,531,completed,-11
Greedy,6088,3658959723,4281870,4282312,442,completed,-11
Greedy,6089,3658959723,4281970,4282415,445,completed,-11
Greedy,6090,3658959723,4282070,4282518,448,completed,-11
Greedy,6091,3658959723,4282170,4282621,451,completed,-11
Greedy,6092,3658959723,4282270,4282724,454,completed,-11
Greedy,6093,3658959723,4282370,4282827,457,completed,-11
Greedy,6094,3658959723,4282470,4282929,459,completed,-11
Greedy,6095,3658959723,4282570,4283031,461,completed,-11
Greedy,6096,3658959723,4282670,4283133,463,completed,-11
Greedy,6097,3658959723,4282872,4283236,364,completed,-11
Greedy,6098,3658959723,4282972,4283339,367,completed,-11
Greedy,6099,3658959723,4283072,4283442,370,completed,-11
Greedy,6100,3658959723,4283172,4283545,373,completed,-11
Greedy,6101,3658959723,4283272,4283648,376,completed,-11
Greedy,6102,3658959723,4283372,4283751,379,completed,-11
Greedy,6103,3658959723,4283472,4283854,382,completed,-11
Greedy,6107,3037662008,4283975,4284114,139,completed,-24
Greedy,6104,3658959723,4283572,4283957,385,completed,-12
Greedy,6108,3037662008,4284075,4284245,170,completed,-24
Greedy,6109,3037662008,4284175,4284348,173,completed,-24
Greedy,6105,3658959723,4283673,4284059,386,completed,-12
Greedy,6110,3037662008,4284275,4284451,176,completed,-24
Greedy,6111,3037662008,4284375,4284554,179,completed,-24
Greedy,6112,3037662008,4284475,4284657,182,completed,-24
Greedy,6106,3658959723,4283875,4284161,286,completed,-12
Greedy,6113,3037662008,4284575,4284760,185,completed,-24
Greedy,6114,3037662008,4284675,4285006,331,completed,-24
Greedy,6115,3037662008,4284875,4285117,242,completed,-24
Greedy,6116,3037662008,4284975,4285220,245,completed,-24
Greedy,6117,3037662008,4285075,4285323,248,completed,-24
Greedy,6118,3037662008,4285175,4285426,251,completed,-24
Greedy,6119,3037662008,4285275,4285529,254,completed,-24
Greedy,6120,3037662008,4285375,4285632,257,completed,-24
Greedy,6121,3037662008,4285475,4285735,260,completed,-24
Greedy,6122,3037662008,4285575,4285838,263,completed,-24
Greedy,6125,3658959723,4285977,4286123,146,completed,-11
Greedy,6123,3037662008,4285675,4286008,333,completed,-27
Greedy,6126,3658959723,4286077,4286226,149,completed,-11
Greedy,6127,3658959723,4286177,4286328,151,completed,-11
Greedy,6124,3037662008,4285877,4286110,233,completed,-27
Greedy,6128,3658959723,4286277,4286431,154,completed,-11
Greedy,6129,3658959723,4286378,4286534,156,completed,-11
Greedy,6130,3658959723,4286478,4286637,159,completed,-11
Greedy,6131,3658959723,4286578,4286739,161,completed,-11
Greedy,6132,3658959723,4286678,4287018,340,completed,-11
Greedy,6133,3658959723,4286879,4287121,242,completed,-11
Greedy,6134,3658959723,4286979,4287227,248,completed,-11
Greedy,6135,3658959723,4287079,4287330,251,completed,-11
Greedy,6136,3658959723,4287179,4287433,254,completed,-11
Greedy,6137,3658959723,4287279,4287536,257,completed,-11
Greedy,6138,3658959723,4287379,4287639,260,completed,-11
Greedy,6139,3658959723,4287479,4287741,262,completed,-11
Greedy,6140,3658959723,4287579,4287844,265,completed,-11
Greedy,6143,3037662008,4287981,4288120,139,completed,-25
Greedy,6141,3658959723,4287679,4288026,347,completed,-11
Greedy,6144,3037662008,4288081,4288224,143,completed,-25
Greedy,6145,3037662008,4288181,4288327,146,completed,-25
Greedy,6142,3658959723,4287881,4288128,247,completed,-11
Greedy,6146,3037662008,4288281,4288430,149,completed,-25
Greedy,6147,3037662008,4288381,4288533,152,completed,-25
Greedy,6148,3037662008,4288481,4288636,155,completed,-25
Greedy,6149,3037662008,4288581,4288739,158,completed,-25
Greedy,6150,3037662008,4288681,4289012,331,completed,-25
Greedy,6151,3037662008,4288881,4289122,241,completed,-25
Greedy,6152,3037662008,4288981,4289225,244,completed,-25
Greedy,6153,3037662008,4289081,4289328,247,completed,-25
Greedy,6154,3037662008,4289181,4289431,250,completed,-25
Greedy,6155,3037662008,4289281,4289533,252,completed,-25
Greedy,6156,3037662008,4289381,4289636,255,completed,-25
Greedy,6157,3037662008,4289486,4289739,253,completed,-25
Greedy,6158,3037662008,4289586,4289842,256,completed,-25
Greedy,6160,3658959723,4289980,4290125,145,completed,-10
Greedy,6161,3658959723,4290080,4290235,155,completed,-10
Greedy,6162,3658959723,4290180,4290342,162,completed,-10
Greedy,6159,3037662008,4289880,4290020,140,completed,-26
Greedy,6163,3658959723,4290280,4290445,165,completed,-10
Greedy,6164,3658959723,4290380,4290548,168,completed,-10
Greedy,6165,3658959723,4290480,4290651,171,completed,-10
Greedy,6166,3658959723,4290580,4290754,174,completed,-10
Greedy,6167,3658959723,4290680,4290857,177,completed,-10
Greedy,6168,3658959723,4290882,4291030,148,completed,-10
Greedy,6169,3658959723,4290982,4291132,150,completed,-10
Greedy,6170,3658959723,4291082,4291235,153,completed,-10
Greedy,6171,3658959723,4291182,4291344,162,completed,-10
Greedy,6172,3658959723,4291282,4291447,165,completed,-10
Greedy,6173,3658959723,4291382,4291550,168,completed,-10
Greedy,6174,3658959723,4291482,4291653,171,completed,-10
Greedy,6175,3658959723,4291582,4291756,174,completed,-10
Greedy,6178,3037662008,4291985,4292122,137,completed,-25
Greedy,6176,3658959723,4291682,4292025,343,completed,-12
Greedy,6179,3037662008,4292085,4292231,146,completed,-25
Greedy,6180,3037662008,4292185,4292334,149,completed,-25
Greedy,6181,3037662008,4292285,4292437,152,completed,-25
Greedy,6177,3658959723,4291885,4292127,242,completed,-12
Greedy,6182,3037662008,4292385,4292540,155,completed,-25
Greedy,6183,3037662008,4292485,4292643,158,completed,-25
Greedy,6184,3037662008,4292585,4292746,161,completed,-25
Greedy,6185,3037662008,4292685,4293019,334,completed,-25
Greedy,6186,3037662008,4292880,4293122,242,completed,-25
Greedy,6187,3037662008,4292980,4293225,245,completed,-25
Greedy,6188,3037662008,4293080,4293328,248,completed,-25
Greedy,6189,3037662008,4293180,4293431,251,completed,-25
Greedy,6190,3037662008,4293280,4293534,254,completed,-25
Greedy,6191,3037662008,4293380,4293637,257,completed,-25
Greedy,6192,3037662008,4293480,4293740,260,completed,-25
Greedy,6193,3037662008,4293580,4293843,263,completed,-25
Greedy,6196,3658959723,4293989,4294135,146,completed,-11
Greedy,6197,3658959723,4294089,4294238,149,completed,-11
Greedy,6194,3037662008,4293680,4294019,339,completed,-27
Greedy,6198,3658959723,4294189,4294341,152,completed,-11
Greedy,6199,3658959723,4294289,4294444,155,completed,-11
Greedy,6195,3037662008,4293889,4294121,232,completed,-27
Greedy,6200,3658959723,4294389,4294546,157,completed,-11
Greedy,6201,3658959723,4294489,4294649,160,completed,-11
Greedy,6202,3658959723,4294589,4294751,162,completed,-11
Greedy,6203,3658959723,4294689,4295029,340,completed,-11
Greedy,6204,3658959723,4294885,4295132,247,completed,-11
Greedy,6205,3658959723,4294985,4295235,250,completed,-11
Greedy,6206,3658959723,4295085,4295338,253,completed,-11
Greedy,6207,3658959723,4295185,4295441,256,completed,-11
Greedy,6208,3658959723,4295285,4295543,258,completed,-11
Greedy,6209,3658959723,4295385,4295646,261,completed,-11
Greedy,6210,3658959723,4295485,4295749,264,completed,-11
Greedy,6211,3658959723,4295585,4295851,266,completed,-11
Greedy,6212,3658959723,4295685,4296031,346,completed,-12
Greedy,6214,3037662008,4295992,4296129,137,completed,-26
Greedy,6213,3658959723,4295892,4296134,242,completed,-12
Greedy,6215,3037662008,4296092,4296239,147,completed,-26
Greedy,6216,3037662008,4296192,4296342,150,completed,-26
Greedy,6217,3037662008,4296292,4296445,153,completed,-26
Greedy,6218,3037662008,4296392,4296548,156,completed,-26
Greedy,6219,3037662008,4296492,4296651,159,completed,-26
Greedy,6220,3037662008,4296592,4296754,162,completed,-26
Greedy,6221,3037662008,4296692,4297058,366,completed,-26
Greedy,6229,3658959723,4299797,4299962,165,completed,-11
Greedy,6230,3658959723,4299897,4300095,198,completed,-12
Greedy,6231,3658959723,4299997,4300198,201,completed,-12
Greedy,6232,3658959723,4300289,4300437,148,completed,-12
Greedy,6222,3037662008,4296890,4299217,2327,completed,-27
Greedy,6223,3037662008,4299092,4299455,363,completed,-27
Greedy,6233,3658959723,4300389,4300540,151,completed,-12
Greedy,6224,3037662008,4299295,4299826,531,completed,-27
Greedy,6234,3658959723,4300489,4300643,154,completed,-12
Greedy,6235,3658959723,4300589,4300745,156,completed,-12
Greedy,6236,3658959723,4300689,4300848,159,completed,-12
Greedy,6237,3658959723,4300789,4300951,162,completed,-12
Greedy,6238,3658959723,4300889,4301054,165,completed,-12
Greedy,6239,3658959723,4300989,4301157,168,completed,-12
Greedy,6225,3037662008,4299395,4300087,692,completed,-26
Greedy,6226,3037662008,4299495,4300189,694,completed,-26
Greedy,6240,3658959723,4301089,4301260,171,completed,-12
Greedy,6227,3037662008,4299595,4300424,829,completed,-26
Greedy,6241,3658959723,4301301,4301448,147,completed,-12
Greedy,6242,3658959723,4301401,4301591,190,completed,-12
Greedy,6228,3037662008,4299697,4300623,926,completed,-26
Greedy,6243,3658959723,4301501,4301694,193,completed,-12
Greedy,6244,3658959723,4301601,4301797,196,completed,-12
Greedy,6245,3658959723,4301701,4301900,199,completed,-12
Greedy,6246,3658959723,4301801,4302003,202,completed,-11
Greedy,6248,3037662008,4302001,4302140,139,completed,-26
Greedy,6247,3658959723,4301901,4302105,204,completed,-11
Greedy,6249,3037662008,4302300,4302445,145,completed,-26
Greedy,6250,3037662008,4302400,4302555,155,completed,-26
Greedy,6251,3037662008,4302500,4302658,158,completed,-26
Greedy,6252,3037662008,4302600,4302761,161,completed,-26
Greedy,6253,3037662008,4302700,4302864,164,completed,-26
Greedy,6254,3037662008,4302800,4302967,167,completed,-26
Greedy,6255,3037662008,4302900,4303070,170,completed,-26
Greedy,6256,3037662008,4303000,4303173,173,completed,-26
Greedy,6257,3037662008,4303100,4303433,333,completed,-26
Greedy,6258,3037662008,4303302,4303536,234,completed,-26
Greedy,6259,3037662008,4303402,4303640,238,completed,-26
Greedy,6260,3037662008,4303502,4303743,241,completed,-26
Greedy,6261,3037662008,4303602,4303846,244,completed,-26
Greedy,6262,3037662008,4303702,4303949,247,completed,-26
Greedy,6265,3658959723,4304002,4304148,146,completed,-11
Greedy,6263,3037662008,4303802,4304052,250,completed,-27
Greedy,6264,3037662008,4303902,4304154,252,completed,-27
Greedy,6266,3658959723,4304102,4304443,341,completed,-11
Greedy,6267,3658959723,4304305,4304546,241,completed,-11
Greedy,6268,3658959723,4304405,4304651,246,completed,-11
Greedy,6269,3658959723,4304505,4304754,249,completed,-11
Greedy,6270,3658959723,4304605,4304856,251,completed,-11
Greedy,6271,3658959723,4304705,4304959,254,completed,-11
Greedy,6272,3658959723,4304805,4305062,257,completed,-11
Greedy,6273,3658959723,4304905,4305165,260,completed,-11
Greedy,6274,3658959723,4305005,4305268,263,completed,-11
Greedy,6275,3658959723,4305105,4305459,354,completed,-11
Greedy,6276,3658959723,4305305,4305561,256,completed,-11
Greedy,6277,3658959723,4305405,4305698,293,completed,-11
Greedy,6278,3658959723,4305505,4305801,296,completed,-11
Greedy,6279,3658959723,4305605,4305904,299,completed,-11
Greedy,6280,3658959723,4305705,4306007,302,completed,-12
Greedy,6283,3037662008,4306005,4306143,138,completed,-24
Greedy,6281,3658959723,4305805,4306109,304,completed,-12
Greedy,6282,3658959723,4305905,4306210,305,completed,-12
Greedy,6284,3037662008,4306105,4306438,333,completed,-24
Greedy,6285,3037662008,4306307,4306541,234,completed,-24
Greedy,6286,3037662008,4306407,4306643,236,completed,-24
Greedy,6287,3037662008,4306507,4306767,260,completed,-24
Greedy,6288,3037662008,4306607,4306870,263,completed,-24
Greedy,6289,3037662008,4306707,4306973,266,completed,-24
Greedy,6290,3037662008,4306807,4307076,269,completed,-24
Greedy,6291,3037662008,4306907,4307179,272,completed,-24
Greedy,6292,3037662008,4307007,4307282,275,completed,-24
Greedy,6293,3037662008,4307107,4307440,333,completed,-24
Greedy,6294,3037662008,4307309,4307543,234,completed,-24
Greedy,6295,3037662008,4307409,4307649,240,completed,-24
Greedy,6296,3037662008,4307509,4307752,243,completed,-24
Greedy,6297,3037662008,4307609,4307855,246,completed,-24
Greedy,6298,3037662008,4307709,4307958,249,completed,-24
Greedy,6301,3658959723,4308009,4308155,146,completed,-11
Greedy,6302,3658959723,4308109,4308450,341,completed,-11
Greedy,6303,3658959723,4308314,4308553,239,completed,-11
Greedy,6299,3037662008,4307809,4308061,252,completed,-26
Greedy,6300,3037662008,4307909,4308163,254,completed,-26
Greedy,6304,3658959723,4308414,4308656,242,completed,-11
Greedy,6305,3658959723,4308514,4308761,247,completed,-11
Greedy,6306,3658959723,4308614,4308863,249,completed,-11
Greedy,6307,3658959723,4308714,4308966,252,completed,-11
Greedy,6308,3658959723,4308814,4309069,255,completed,-11
Greedy,6309,3658959723,4308914,4309172,258,completed,-11
Greedy,6310,3658959723,4309014,4309275,261,completed,-11
Greedy,6311,3658959723,4309309,4309458,149,completed,-11
Greedy,6312,3658959723,4309409,4309560,151,completed,-11
Greedy,6313,3658959723,4309509,4309663,154,completed,-11
Greedy,6314,3658959723,4309609,4309766,157,completed,-11
Greedy,6315,3658959723,4309709,4309869,160,completed,-11
Greedy,6318,3037662008,4310009,4310147,138,completed,-25
Greedy,6316,3658959723,4309809,4309971,162,completed,-12
Greedy,6319,3037662008,4310109,4310250,141,completed,-25
Greedy,6320,3037662008,4310311,4310456,145,completed,-25
Greedy,6321,3037662008,4310411,4310559,148,completed,-25
Greedy,6317,3658959723,4309909,4310073,164,completed,-12
Greedy,6322,3037662008,4310511,4310662,151,completed,-25
Greedy,6323,3037662008,4310611,4310765,154,completed,-25
Greedy,6324,3037662008,4310711,4310868,157,completed,-25
Greedy,6325,3037662008,4310811,4310971,160,completed,-25
Greedy,6326,3037662008,4310911,4311074,163,completed,-25
Greedy,6327,3037662008,4311011,4311177,166,completed,-25
Greedy,6328,3037662008,4311111,4311280,169,completed,-25
Greedy,6329,3037662008,4311312,4311452,140,completed,-25
Greedy,6330,3037662008,4311412,4311555,143,completed,-25
Greedy,6331,3037662008,4311512,4311658,146,completed,-25
Greedy,6332,3037662008,4311612,4311761,149,completed,-25
Greedy,6333,3037662008,4311712,4311864,152,completed,-25
Greedy,6334,3037662008,4311812,4311967,155,completed,-25
Greedy,6335,3037662008,4311912,4312071,159,completed,-27
Greedy,6336,3658959723,4312012,4312158,146,completed,-11
Greedy,6337,3658959723,4312112,4312452,340,completed,-11
Greedy,6338,3658959723,4312313,4312562,249,completed,-11
Greedy,6339,3658959723,4312413,4312665,252,completed,-11
Greedy,6340,3658959723,4312513,4312768,255,completed,-11
Greedy,6341,3658959723,4312613,4312871,258,completed,-11
Greedy,6342,3658959723,4312713,4312974,261,completed,-11
Greedy,6343,3658959723,4312813,4313077,264,completed,-11
Greedy,6344,3658959723,4312913,4313180,267,completed,-11
Greedy,6345,3658959723,4313013,4313283,270,completed,-11
Greedy,6346,3658959723,4313113,4313481,368,completed,-11
Greedy,6347,3658959723,4313315,4313641,326,completed,-11
Greedy,6348,3658959723,4313415,4313744,329,completed,-11
Greedy,6349,3658959723,4313515,4313847,332,completed,-11
Greedy,6350,3658959723,4313615,4313950,335,completed,-11
Greedy,6351,3658959723,4313715,4314053,338,completed,-11
Greedy,6354,3037662008,4314017,4314155,138,completed,-26
Greedy,6352,3658959723,4313815,4314155,340,completed,-11
Greedy,6355,3037662008,4314117,4314463,346,completed,-26
Greedy,6353,3658959723,4313917,4314257,340,completed,-11
Greedy,6356,3037662008,4314319,4316656,2337,completed,-26
Greedy,6357,3037662008,4316526,4316866,340,completed,-26
Greedy,6358,3037662008,4316729,4317342,613,completed,-26
Greedy,6359,3037662008,4316829,4317595,766,completed,-26
Greedy,6360,3037662008,4316929,4317698,769,completed,-26
Greedy,6361,3037662008,4317030,4317800,770,completed,-26
Greedy,6366,3658959723,4317530,4317869,339,completed,-11
Greedy,6367,3658959723,4317733,4317971,238,completed,-11
Greedy,6362,3037662008,4317130,4317903,773,completed,-26
Greedy,6368,3658959723,4317833,4318075,242,completed,-11
Greedy,6369,3658959723,4317933,4318181,248,completed,-11
Greedy,6371,3658959723,4318133,4318284,151,completed,-11
Greedy,6363,3037662008,4317230,4318005,775,completed,-27
Greedy,6372,3658959723,4318233,4318387,154,completed,-11
Greedy,6373,3658959723,4318333,4318490,157,completed,-11
Greedy,6364,3037662008,4317330,4318106,776,completed,-27
Greedy,6374,3658959723,4318433,4318593,160,completed,-11
Greedy,6365,3037662008,4317430,4318208,778,completed,-27
Greedy,6370,3037662008,4318033,4318310,277,completed,-27
Greedy,6375,3658959723,4318534,4318875,341,completed,-11
Greedy,6376,3658959723,4318739,4319013,274,completed,-11
Greedy,6377,3658959723,4318840,4319122,282,completed,-11
Greedy,6378,3658959723,4318940,4319231,291,completed,-11
Greedy,6379,3658959723,4319040,4319334,294,completed,-11
Greedy,6380,3658959723,4319140,4319437,297,completed,-11
Greedy,6381,3658959723,4319240,4319540,300,completed,-11
Greedy,6382,3658959723,4319340,4319643,303,completed,-11
Greedy,6383,3658959723,4319440,4319744,304,completed,-11
Greedy,6384,3658959723,4319729,4319876,147,completed,-11
Greedy,6385,3658959723,4319829,4320039,210,completed,-12
Greedy,6387,3037662008,4320036,4320175,139,completed,-29
Greedy,6388,3037662008,4320136,4320285,149,completed,-29
Greedy,6386,3658959723,4319929,4320142,213,completed,-12
Greedy,6389,3037662008,4320236,4320388,152,completed,-29
Greedy,6390,3037662008,4320336,4320491,155,completed,-29
Greedy,6391,3037662008,4320436,4320594,158,completed,-29
Greedy,6392,3037662008,4320536,4320870,334,completed,-29
Greedy,6393,3037662008,4320732,4320973,241,completed,-29
Greedy,6394,3037662008,4320832,4321076,244,completed,-29
Greedy,6395,3037662008,4320932,4321179,247,completed,-29
Greedy,6396,3037662008,4321032,4321282,250,completed,-29
Greedy,6397,3037662008,4321132,4321385,253,completed,-29
Greedy,6398,3037662008,4321232,4321488,256,completed,-29
Greedy,6399,3037662008,4321332,4321591,259,completed,-29
Greedy,6400,3037662008,4321432,4321694,262,completed,-29
Greedy,6401,3037662008,4321532,4321796,264,completed,-29
Greedy,6402,3037662008,4321736,4321898,162,completed,-29
Greedy,6403,3037662008,4321836,4322001,165,completed,-28
Greedy,6404,3037662008,4321936,4322104,168,completed,-28
Greedy,6405,3658959723,4322036,4322183,147,completed,-11
Greedy,6406,3658959723,4322136,4322286,150,completed,-11
Greedy,6407,3658959723,4322236,4322389,153,completed,-11
Greedy,6408,3658959723,4322336,4322492,156,completed,-11
Greedy,6409,3658959723,4322436,4322595,159,completed,-11
Greedy,6410,3658959723,4322536,4322697,161,completed,-11
Greedy,6411,3658959723,4322741,4322895,154,completed,-11
Greedy,6412,3658959723,4322841,4322998,157,completed,-11
Greedy,6413,3658959723,4322941,4323101,160,completed,-11
Greedy,6414,3658959723,4323041,4323204,163,completed,-11
Greedy,6415,3658959723,4323141,4323307,166,completed,-11
Greedy,6416,3658959723,4323241,4323410,169,completed,-11
Greedy,6417,3658959723,4323341,4323513,172,completed,-11
Greedy,6418,3658959723,4323441,4323616,175,completed,-11
Greedy,6419,3658959723,4323541,4323884,343,completed,-11
Greedy,6420,3658959723,4323736,4323987,251,completed,-12
Greedy,6421,3658959723,4323836,4324090,254,completed,-12
Greedy,6423,3037662008,4324036,4324173,137,completed,-26
Greedy,6424,3037662008,4324136,4324284,148,completed,-26
Greedy,6422,3658959723,4323936,4324193,257,completed,-12
Greedy,6425,3037662008,4324236,4324387,151,completed,-26
Greedy,6426,3037662008,4324336,4324490,154,completed,-26
Greedy,6427,3037662008,4324436,4324593,157,completed,-26
Greedy,6428,3037662008,4324536,4324696,160,completed,-26
Greedy,6429,3037662008,4324743,4324882,139,completed,-26
Greedy,6430,3037662008,4324843,4324991,148,completed,-26
Greedy,6431,3037662008,4324943,4325100,157,completed,-26
Greedy,6432,3037662008,4325043,4325203,160,completed,-26
Greedy,6433,3037662008,4325143,4325306,163,completed,-26
Greedy,6434,3037662008,4325243,4325409,166,completed,-26
Greedy,6435,3037662008,4325343,4325512,169,completed,-26
Greedy,6436,3037662008,4325443,4325622,179,completed,-26
Greedy,6437,3037662008,4325543,4325874,331,completed,-26
Greedy,6438,3037662008,4325743,4325979,236,completed,-30
Greedy,6439,3037662008,4325843,4326083,240,completed,-30
Greedy,6441,3658959723,4326043,4326189,146,completed,-11
Greedy,6442,3658959723,4326143,4326292,149,completed,-11
Greedy,6440,3037662008,4325943,4326186,243,completed,-30
Greedy,6443,3658959723,4326243,4326395,152,completed,-11
Greedy,6444,3658959723,4326343,4326498,155,completed,-11
Greedy,6445,3658959723,4326443,4326601,158,completed,-11
Greedy,6446,3658959723,4326544,4326704,160,completed,-11
Greedy,6447,3658959723,4326745,4326893,148,completed,-11
Greedy,6448,3658959723,4326845,4326996,151,completed,-11
Greedy,6449,3658959723,4326945,4327099,154,completed,-11
Greedy,6450,3658959723,4327045,4327223,178,completed,-11
Greedy,6451,3658959723,4327145,4327326,181,completed,-11
Greedy,6452,3658959723,4327245,4327429,184,completed,-11
Greedy,6453,3658959723,4327345,4327532,187,completed,-11
Greedy,6454,3658959723,4327445,4327635,190,completed,-11
Greedy,6455,3658959723,4327545,4327738,193,completed,-11
Greedy,6456,3658959723,4327746,4327895,149,completed,-11
Greedy,6457,3658959723,4327846,4327998,152,completed,-12
Greedy,6458,3658959723,4327946,4328100,154,completed,-12
Greedy,6459,3037662008,4328046,4328185,139,completed,-26
Greedy,6460,3037662008,4328146,4328288,142,completed,-26
Greedy,6461,3037662008,4328246,4328391,145,completed,-26
Greedy,6462,3037662008,4328346,4328494,148,completed,-26
Greedy,6463,3037662008,4328446,4328597,151,completed,-26
Greedy,6464,3037662008,4328546,4328879,333,completed,-26
Greedy,6465,3037662008,4328748,4328988,240,completed,-26
Greedy,6466,3037662008,4328848,4329093,245,completed,-26
Greedy,6467,3037662008,4328948,4329196,248,completed,-26
Greedy,6468,3037662008,4329054,4329299,245,completed,-26
Greedy,6469,3037662008,4329154,4329402,248,completed,-26
Greedy,6470,3037662008,4329254,4329505,251,completed,-26
Greedy,6471,3037662008,4329354,4329608,254,completed,-26
Greedy,6472,3037662008,4329454,4329711,257,completed,-26
Greedy,6473,3037662008,4329747,4329888,141,completed,-26
Greedy,6474,3037662008,4329847,4329991,144,completed,-28
Greedy,6475,3037662008,4329947,4330094,147,completed,-28
Greedy,6476,3658959723,4330053,4330200,147,completed,-11
Greedy,6477,3658959723,4330153,4330303,150,completed,-11
Greedy,6478,3658959723,4330253,4330405,152,completed,-11
Greedy,6479,3658959723,4330353,4330508,155,completed,-11
Greedy,6480,3658959723,4330453,4330611,158,completed,-11
Greedy,6481,3658959723,4330749,4330896,147,completed,-11
Greedy,6482,3658959723,4330849,4331005,156,completed,-11
Greedy,6483,3658959723,4330949,4331108,159,completed,-11
Greedy,6484,3658959723,4331049,4331211,162,completed,-11
Greedy,6485,3658959723,4331149,4331313,164,completed,-11
Greedy,6486,3658959723,4331249,4331416,167,completed,-11
Greedy,6487,3658959723,4331349,4331519,170,completed,-11
Greedy,6488,3658959723,4331449,4331622,173,completed,-11
Greedy,6489,3658959723,4331549,4331725,176,completed,-11
Greedy,6490,3658959723,4331751,4331901,150,completed,-11
Greedy,6491,3658959723,4333958,4334299,341,completed,-11
Greedy,6492,3658959723,4334163,4334407,244,completed,-11
Greedy,6493,3658959723,4334268,4334515,247,completed,-11
Greedy,6494,3658959723,4334368,4334624,256,completed,-11
Greedy,6495,3658959723,4334468,4334727,259,completed,-11
Greedy,6496,3658959723,4334568,4334830,262,completed,-11
Greedy,6497,3658959723,4334668,4334933,265,completed,-11
Greedy,6498,3658959723,4334768,4335035,267,completed,-11
Greedy,6499,3658959723,4334868,4335138,270,completed,-11
Greedy,6500,3658959723,4335166,4335314,148,completed,-11
Greedy,6501,3658959723,4335266,4335417,151,completed,-11
Greedy,6502,3658959723,4335366,4335528,162,completed,-11
Greedy,6503,3658959723,4335466,4335631,165,completed,-11
Greedy,6504,3658959723,4335566,4335734,168,completed,-11
Greedy,6505,3658959723,4335666,4335837,171,completed,-11
Greedy,6506,3658959723,4335766,4335940,174,completed,-11
Greedy,6507,3658959723,4335866,4336043,177,completed,-12
Greedy,6508,3658959723,4336172,4336328,156,completed,-12
Greedy,6509,3658959723,4336272,4336541,269,completed,-12
Greedy,6510,3658959723,4336372,4336650,278,completed,-12
Greedy,6511,3037662008,4336472,4336612,140,completed,-26
Greedy,6512,3037662008,4336572,4336714,142,completed,-26
Greedy,6513,3037662008,4336672,4336815,143,completed,-26
Greedy,6514,3037662008,4336772,4336917,145,completed,-26
Greedy,6515,3037662008,4336872,4337019,147,completed,-26
Greedy,6516,3037662008,4337168,4337306,138,completed,-26
Greedy,6517,3037662008,4337268,4337409,141,completed,-26
Greedy,6518,3037662008,4337368,4337512,144,completed,-26
Greedy,6519,3037662008,4337468,4337614,146,completed,-26
Greedy,6520,3037662008,4337568,4337717,149,completed,-26
Greedy,6521,3037662008,4337668,4337820,152,completed,-26
Greedy,6522,3037662008,4337768,4337923,155,completed,-26
Greedy,6524,3658959723,4338170,4338370,200,completed,-11
Greedy,6523,3037662008,4337868,4338026,158,completed,-30
Greedy,6525,3658959723,4338270,4338479,209,completed,-11
Greedy,6526,3658959723,4338370,4338587,217,completed,-11
Greedy,6527,3658959723,4338470,4338847,377,completed,-11
Greedy,6528,3658959723,4338570,4338950,380,completed,-11
Greedy,6529,3658959723,4338670,4339053,383,completed,-11
Greedy,6530,3658959723,4338770,4339156,386,completed,-11
Greedy,6531,3658959723,4338870,4339257,387,completed,-11
Greedy,6532,3658959723,4339164,4339359,195,completed,-11
Greedy,6533,3658959723,4339265,4339460,195,completed,-11
Greedy,6534,3658959723,4339365,4339562,197,completed,-11
Greedy,6535,3658959723,4339465,4339665,200,completed,-11
Greedy,6536,3658959723,4339565,4339768,203,completed,-11
Greedy,6537,3658959723,4339665,4339871,206,completed,-11
Greedy,6538,3658959723,4339765,4339974,209,completed,-11
Greedy,6539,3658959723,4339865,4340077,212,completed,-12
Greedy,6540,3037662008,4339966,4340305,339,completed,-28
Greedy,6541,3037662008,4340167,4340413,246,completed,-28
Greedy,6542,3037662008,4340267,4340522,255,completed,-28
Greedy,6543,3037662008,4340367,4340625,258,completed,-28
Greedy,6544,3037662008,4340467,4340728,261,completed,-28
Greedy,6545,3037662008,4340567,4340831,264,completed,-28
Greedy,6546,3037662008,4340667,4340934,267,completed,-28
Greedy,6547,3037662008,4340767,4341037,270,completed,-28
Greedy,6548,3037662008,4340867,4341140,273,completed,-28
Greedy,6549,3037662008,4340967,4341242,275,completed,-28
Greedy,6550,3037662008,4341178,4341345,167,completed,-28
Greedy,6551,3037662008,4341278,4341448,170,completed,-28
Greedy,6552,3037662008,4341378,4341551,173,completed,-28
Greedy,6553,3037662008,4341478,4341654,176,completed,-28
Greedy,6554,3037662008,4341578,4341757,179,completed,-28
Greedy,6555,3037662008,4341678,4341861,183,completed,-28
Greedy,6556,3037662008,4341778,4341964,186,completed,-28
Greedy,6557,3037662008,4341878,4342067,189,completed,-28
Greedy,6558,3658959723,4342179,4342461,282,completed,-11
Greedy,6559,3658959723,4342279,4342564,285,completed,-11
Greedy,6560,3658959723,4342379,4342667,288,completed,-11
Greedy,6561,3658959723,4342479,4342770,291,completed,-11
Greedy,6562,3658959723,4342579,4342873,294,completed,-11
Greedy,6563,3658959723,4342679,4342976,297,completed,-11
Greedy,6564,3658959723,4342779,4343079,300,completed,-11
Greedy,6565,3658959723,4342879,4343182,303,completed,-11
Greedy,6566,3658959723,4343178,4343327,149,completed,-11
Greedy,6567,3658959723,4343278,4343429,151,completed,-11
Greedy,6568,3658959723,4343378,4343532,154,completed,-11
Greedy,6569,3658959723,4343478,4343635,157,completed,-11
Greedy,6570,3658959723,4343578,4343738,160,completed,-11
Greedy,6571,3658959723,4343678,4343841,163,completed,-11
Greedy,6572,3658959723,4343778,4343944,166,completed,-11
Greedy,6573,3658959723,4343878,4344047,169,completed,-12
Greedy,6574,3037662008,4344177,4344315,138,completed,-27
Greedy,6575,3037662008,4344277,4344439,162,completed,-27
Greedy,6576,3037662008,4344377,4344549,172,completed,-27
Greedy,6577,3037662008,4344477,4344659,182,completed,-27
Greedy,6578,3037662008,4344577,4344762,185,completed,-27
Greedy,6579,3037662008,4344677,4344865,188,completed,-27
Greedy,6580,3037662008,4344777,4344968,191,completed,-27
Greedy,6581,3037662008,4344877,4345071,194,completed,-27
Greedy,6582,3037662008,4345179,4345318,139,completed,-27
Greedy,6583,3037662008,4345279,4345421,142,completed,-27
Greedy,6584,3037662008,4345379,4345524,145,completed,-27
Greedy,6585,3037662008,4345479,4345627,148,completed,-27
Greedy,6586,3037662008,4345579,4345730,151,completed,-27
Greedy,6587,3037662008,4345679,4345833,154,completed,-27
Greedy,6588,3037662008,4345779,4345936,157,completed,-27
Greedy,6589,3037662008,4345879,4346039,160,completed,-30
Greedy,6590,3658959723,4346178,4346324,146,completed,-11
Greedy,6591,3658959723,4346278,4346446,168,completed,-11
Greedy,6592,3658959723,4346378,4346549,171,completed,-11
Greedy,6593,3658959723,4346478,4346652,174,completed,-11
Greedy,6594,3658959723,4346578,4346755,177,completed,-11
Greedy,6595,3658959723,4346678,4346858,180,completed,-11
Greedy,6596,3658959723,4346778,4346961,183,completed,-11
Greedy,6597,3658959723,4346878,4347064,186,completed,-11
Greedy,6598,3658959723,4347181,4347330,149,completed,-11
Greedy,6599,3658959723,4347281,4347433,152,completed,-11
Greedy,6600,3658959723,4347381,4347536,155,completed,-11
Greedy,6601,3658959723,4347481,4347639,158,completed,-11
Greedy,6602,3658959723,4347581,4347742,161,completed,-11
Greedy,6603,3658959723,4347681,4347845,164,completed,-11
Greedy,6604,3658959723,4347781,4347948,167,completed,-11
Greedy,6605,3658959723,4347881,4348051,170,completed,-12
Greedy,6606,3037662008,4348180,4348327,147,completed,-28
Greedy,6607,3037662008,4348280,4348436,156,completed,-28
Greedy,6608,3037662008,4348380,4348539,159,completed,-28
Greedy,6609,3037662008,4348480,4348642,162,completed,-28
Greedy,6610,3037662008,4348580,4348745,165,completed,-28
Greedy,6611,3037662008,4348680,4348848,168,completed,-28
Greedy,6612,3037662008,4348780,4348951,171,completed,-28
Greedy,6613,3037662008,4348880,4349054,174,completed,-28
Greedy,6614,3037662008,4349178,4349318,140,completed,-28
Greedy,6615,3658959723,4351383,4351728,345,completed,-11
Greedy,6616,3658959723,4351584,4351887,303,completed,-11
Greedy,6617,3658959723,4351684,4351990,306,completed,-11
Greedy,6620,3037662008,4351984,4352123,139,completed,-29
Greedy,6618,3658959723,4351784,4352093,309,completed,-11
Greedy,6619,3658959723,4351884,4352195,311,completed,-11
Greedy,6621,3037662008,4352084,4352226,142,completed,-29
Greedy,6622,3037662008,4352184,4352329,145,completed,-29
Greedy,6623,3037662008,4352284,4352432,148,completed,-29
Greedy,6624,3037662008,4352384,4352535,151,completed,-29
Greedy,6625,3037662008,4352585,4352726,141,completed,-29
Greedy,6626,3037662008,4352685,4352829,144,completed,-29
Greedy,6627,3037662008,4352785,4352932,147,completed,-29
Greedy,6628,3037662008,4352885,4353035,150,completed,-29
Greedy,6629,3037662008,4352985,4353138,153,completed,-29
Greedy,6630,3037662008,4353085,4353241,156,completed,-29
Greedy,6631,3037662008,4353185,4353344,159,completed,-29
Greedy,6632,3037662008,4353285,4353447,162,completed,-29
Greedy,6633,3037662008,4353385,4353550,165,completed,-29
Greedy,6634,3037662008,4353589,4353728,139,completed,-29
Greedy,6635,3037662008,4353689,4353831,142,completed,-29
Greedy,6636,3037662008,4353789,4353934,145,completed,-29
Greedy,6638,3658959723,4353989,4354136,147,completed,-11
Greedy,6639,3658959723,4354089,4354239,150,completed,-11
Greedy,6640,3658959723,4354189,4354342,153,completed,-11
Greedy,6641,3658959723,4354289,4354445,156,completed,-11
Greedy,6637,3037662008,4353889,4354037,148,completed,-30
Greedy,6642,3658959723,4354389,4354729,340,completed,-11
Greedy,6643,3658959723,4354592,4354832,240,completed,-11
Greedy,6644,3658959723,4354692,4354935,243,completed,-11
Greedy,6645,3658959723,4354792,4355041,249,completed,-11
Greedy,6646,3658959723,4354892,4355144,252,completed,-11
Greedy,6647,3658959723,4354992,4355247,255,completed,-11
Greedy,6648,3658959723,4355092,4355349,257,completed,-11
Greedy,6649,3658959723,4355192,4355452,260,completed,-11
Greedy,6650,3658959723,4355292,4355555,263,completed,-11
Greedy,6651,3658959723,4355392,4355733,341,completed,-11
Greedy,6652,3658959723,4355594,4355836,242,completed,-11
Greedy,6653,3658959723,4355694,4355938,244,completed,-11
Greedy,6656,3037662008,4355994,4356133,139,completed,-27
Greedy,6654,3658959723,4355794,4356048,254,completed,-12
Greedy,6655,3658959723,4355894,4356149,255,completed,-12
Greedy,6657,3037662008,4356094,4356236,142,completed,-27
Greedy,6658,3037662008,4356194,4356339,145,completed,-27
Greedy,6659,3037662008,4356294,4356442,148,completed,-27
Greedy,6660,3037662008,4356394,4356728,334,completed,-27
Greedy,6661,3037662008,4356590,4356987,397,completed,-27
Greedy,6662,3037662008,4356690,4357097,407,completed,-27
Greedy,6663,3037662008,4356790,4357200,410,completed,-27
Greedy,6664,3037662008,4356890,4357303,413,completed,-27
Greedy,6665,3037662008,4356990,4357406,416,completed,-27
Greedy,6666,3037662008,4357097,4357509,412,completed,-27
Greedy,6667,3037662008,4357197,4357612,415,completed,-27
Greedy,6668,3037662008,4357297,4357714,417,completed,-27
Greedy,6669,3037662008,4357397,4357817,420,completed,-27
Greedy,6670,3037662008,4357598,4357920,322,completed,-27
Greedy,6674,3658959723,4357998,4358145,147,completed,-11
Greedy,6671,3037662008,4357698,4358023,325,completed,-29
Greedy,6675,3658959723,4358098,4358248,150,completed,-11
Greedy,6676,3658959723,4358198,4358351,153,completed,-11
Greedy,6677,3658959723,4358298,4358453,155,completed,-11
Greedy,6672,3037662008,4357798,4358125,327,completed,-29
Greedy,6673,3037662008,4357898,4358227,329,completed,-29
Greedy,6678,3658959723,4358398,4358738,340,completed,-11
Greedy,6679,3658959723,4358601,4358849,248,completed,-11
Greedy,6680,3658959723,4358701,4358952,251,completed,-11
Greedy,6681,3658959723,4358801,4359055,254,completed,-11
Greedy,6682,3658959723,4358901,4359158,257,completed,-11
Greedy,6683,3658959723,4359001,4359261,260,completed,-11
Greedy,6684,3658959723,4359105,4359364,259,completed,-11
Greedy,6685,3658959723,4359205,4359467,262,completed,-11
Greedy,6686,3658959723,4359305,4359570,265,completed,-11
Greedy,6687,3658959723,4359598,4359747,149,completed,-11
Greedy,6688,3658959723,4359698,4359849,151,completed,-11
Greedy,6689,3658959723,4359798,4359952,154,completed,-11
Greedy,6690,3658959723,4359898,4360055,157,completed,-13
Greedy,6691,3658959723,4359998,4360157,159,completed,-13
Greedy,6692,3037662008,4360098,4360236,138,completed,-28
Greedy,6693,3037662008,4360198,4360347,149,completed,-28
Greedy,6694,3037662008,4360298,4360450,152,completed,-28
Greedy,6695,3037662008,4360398,4360553,155,completed,-28
Greedy,6696,3037662008,4360599,4360739,140,completed,-28
Greedy,6697,3037662008,4360699,4360842,143,completed,-28
Greedy,6698,3037662008,4360799,4360945,146,completed,-28
Greedy,6699,3037662008,4360899,4361048,149,completed,-28
Greedy,6700,3037662008,4360999,4361151,152,completed,-28
Greedy,6701,3037662008,4361099,4361254,155,completed,-28
Greedy,6702,3037662008,4361199,4361357,158,completed,-28
Greedy,6703,3037662008,4361299,4361460,161,completed,-28
Greedy,6704,3037662008,4361399,4361733,334,completed,-28
Greedy,6705,3037662008,4361602,4361842,240,completed,-28
Greedy,6706,3037662008,4361702,4361945,243,completed,-28
Greedy,6707,3037662008,4361802,4362048,246,completed,-29
Greedy,6709,3658959723,4362002,4362149,147,completed,-11
Greedy,6710,3658959723,4362104,4362255,151,completed,-11
Greedy,6711,3658959723,4362204,4362358,154,completed,-11
Greedy,6708,3037662008,4361902,4362150,248,completed,-29
Greedy,6712,3658959723,4362304,4362461,157,completed,-11
Greedy,6713,3658959723,4362404,4362743,339,completed,-11
Greedy,6714,3658959723,4362604,4362853,249,completed,-11
Greedy,6715,3658959723,4362704,4362956,252,completed,-11
Greedy,6716,3658959723,4362804,4363058,254,completed,-11
Greedy,6717,3658959723,4362904,4363161,257,completed,-11
Greedy,6718,3658959723,4363004,4363264,260,completed,-11
Greedy,6719,3658959723,4363104,4363367,263,completed,-11
Greedy,6720,3658959723,4363204,4363470,266,completed,-11
Greedy,6721,3658959723,4363304,4363573,269,completed,-11
Greedy,6722,3658959723,4363404,4363746,342,completed,-11
Greedy,6723,3658959723,4363608,4363849,241,completed,-11
Greedy,6724,3658959723,4363708,4363954,246,completed,-11
Greedy,6725,3658959723,4363808,4364057,249,completed,-12
Greedy,6726,3658959723,4363908,4364159,251,completed,-12
Greedy,6728,3037662008,4364108,4364248,140,completed,-28
Greedy,6729,3037662008,4364208,4364357,149,completed,-28
Greedy,6727,3658959723,4364008,4364261,253,completed,-12
Greedy,6730,3037662008,4364308,4364460,152,completed,-28
Greedy,6731,3037662008,4364408,4364739,331,completed,-28
Greedy,6732,3037662008,4364608,4364849,241,completed,-28
Greedy,6733,3037662008,4364708,4364959,251,completed,-28
Greedy,6734,3037662008,4364808,4365062,254,completed,-28
Greedy,6735,3037662008,4364908,4365165,257,completed,-28
Greedy,6736,3037662008,4365008,4365268,260,completed,-28
Greedy,6737,3037662008,4365108,4365371,263,completed,-28
Greedy,6738,3037662008,4365208,4365474,266,completed,-28
Greedy,6739,3037662008,4365308,4365577,269,completed,-28
Greedy,6740,3037662008,4365408,4365740,332,completed,-28
Greedy,6741,3037662008,4365609,4365849,240,completed,-28
Greedy,6742,3037662008,4365709,4365958,249,completed,-28
Greedy,6743,3037662008,4365809,4366061,252,completed,-31
Greedy,6745,3658959723,4366009,4366155,146,completed,-10
Greedy,6744,3037662008,4365909,4366164,255,completed,-31
Greedy,6746,3658959723,4366109,4366264,155,completed,-10
Greedy,6747,3658959723,4366209,4366366,157,completed,-10
Greedy,6748,3658959723,4366309,4366468,159,completed,-10
Greedy,6749,3658959723,4366409,4366752,343,completed,-10
Greedy,6750,3658959723,4366607,4366855,248,completed,-10
Greedy,6751,3658959723,4368818,4369158,340,completed,-11
Greedy,6752,3658959723,4369019,4369266,247,completed,-11
Greedy,6753,3658959723,4369119,4369375,256,completed,-11
Greedy,6754,3658959723,4369219,4369477,258,completed,-11
Greedy,6755,3658959723,4369319,4369580,261,completed,-11
Greedy,6756,3658959723,4369419,4369683,264,completed,-11
Greedy,6757,3658959723,4369519,4369786,267,completed,-11
Greedy,6758,3658959723,4369619,4369889,270,completed,-11
Greedy,6759,3658959723,4369719,4369992,273,completed,-11
Greedy,SUMMARY,ALL,0,0,120000,batch_complete,0
----------------,---,---,---,---,---,----------------,---
Greedy,6760,3658959723,4369819,4370159,340,completed,-11
Greedy,6761,3658959723,4370023,4370262,239,completed,-11
Greedy,6762,3658959723,4377794,4377943,149,completed,-11
Greedy,6763,3658959723,4378028,4378177,149,completed,-11
Greedy,6764,3658959723,4378128,4378280,152,completed,-11
Greedy,6765,3658959723,4378228,4378382,154,completed,-11
Greedy,6766,3658959723,4378328,4378485,157,completed,-11
Greedy,6767,3658959723,4378428,4378587,159,completed,-11
Greedy,6768,3658959723,4378528,4378690,162,completed,-11
Greedy,6769,3658959723,4378628,4378793,165,completed,-11
Greedy,6770,3658959723,4378728,4378896,168,completed,-11
Greedy,6771,3658959723,4378828,4379169,341,completed,-11
Greedy,6772,3658959723,4379030,4379279,249,completed,-11
Greedy,6773,3658959723,4379130,4379382,252,completed,-11
Greedy,6774,3658959723,4379230,4379485,255,completed,-11
Greedy,6775,3658959723,4379330,4379588,258,completed,-11
Greedy,6776,3658959723,4379430,4379691,261,completed,-11
Greedy,6777,3658959723,4379530,4379794,264,completed,-11
Greedy,6778,3658959723,4379630,4379896,266,completed,-11
Greedy,6779,3658959723,4379730,4379997,267,completed,-11
Greedy,6780,3658959723,4379830,4380170,340,completed,-11
Greedy,6781,3658959723,4380031,4380272,241,completed,-11
Greedy,6782,3658959723,4380131,4380378,247,completed,-11
Greedy,6783,3658959723,4380231,4380481,250,completed,-11
Greedy,6784,3658959723,4380331,4380584,253,completed,-11
Greedy,6785,3658959723,4380431,4380687,256,completed,-11
Greedy,6786,3658959723,4380531,4380790,259,completed,-11
Greedy,6787,3658959723,4380631,4380893,262,completed,-11
Greedy,6788,3658959723,4380731,4380996,265,completed,-11
Greedy,6789,3658959723,4380831,4381098,267,completed,-11
Greedy,6790,3658959723,4381031,4381201,170,completed,-11
Greedy,6791,3658959723,4381131,4381304,173,completed,-11
Greedy,6792,3658959723,4381231,4381407,176,completed,-11
Greedy,6793,3658959723,4381331,4381510,179,completed,-11
Greedy,6794,3658959723,4381431,4381613,182,completed,-11
Greedy,6795,3658959723,4381531,4381716,185,completed,-11
Greedy,6796,3658959723,4381631,4381819,188,completed,-11
Greedy,6797,3658959723,4381731,4381922,191,completed,-11
Greedy,6800,3037662008,4382135,4382279,144,completed,-29
Greedy,6798,3658959723,4381831,4382025,194,completed,-11
Greedy,6799,3658959723,4382035,4382183,148,completed,-11
Greedy,6801,3037662008,4382235,4382382,147,completed,-29
Greedy,6802,3037662008,4382335,4382485,150,completed,-29
Greedy,6803,3037662008,4382435,4382588,153,completed,-29
Greedy,6804,3037662008,4382535,4382691,156,completed,-29
Greedy,6805,3037662008,4382635,4382794,159,completed,-29
Greedy,6806,3037662008,4382735,4382897,162,completed,-29
Greedy,6807,3037662008,4382835,4383167,332,completed,-29
Greedy,6808,3037662008,4383035,4383276,241,completed,-29
Greedy,6809,3037662008,4383135,4383379,244,completed,-29
Greedy,6810,3037662008,4383235,4383482,247,completed,-29
Greedy,6811,3037662008,4383335,4383585,250,completed,-29
Greedy,6812,3037662008,4383435,4383688,253,completed,-29
Greedy,6813,3037662008,4383535,4383791,256,completed,-29
Greedy,6814,3037662008,4383635,4383894,259,completed,-29
Greedy,6815,3037662008,4383735,4383996,261,completed,-29
Greedy,6816,3037662008,4383835,4384168,333,completed,-29
Greedy,6817,3037662008,4384033,4384270,237,completed,-29
Greedy,6819,3658959723,4386454,4386602,148,completed,-10
Greedy,6820,3658959723,4386554,4386711,157,completed,-10
Greedy,6821,3658959723,4386654,4386820,166,completed,-10
Greedy,6822,3658959723,4386754,4386922,168,completed,-10
Greedy,6823,3658959723,4386854,4387025,171,completed,-10
Greedy,6824,3658959723,4386954,4387128,174,completed,-10
Greedy,6825,3658959723,4387054,4387231,177,completed,-10
Greedy,6826,3658959723,4387154,4387334,180,completed,-10
Greedy,6827,3658959723,4387447,4387594,147,completed,-10
Greedy,6828,3658959723,4387547,4387704,157,completed,-10
Greedy,6829,3658959723,4387647,4387814,167,completed,-10
Greedy,6830,3658959723,4387747,4387917,170,completed,-10
Greedy,6818,3037662008,4386248,4386743,495,completed,-28
Greedy,6833,3037662008,4388047,4388188,141,completed,-29
Greedy,6831,3658959723,4387847,4388020,173,completed,-13
Greedy,6834,3037662008,4388147,4388291,144,completed,-29
Greedy,6832,3658959723,4387947,4388121,174,completed,-13
Greedy,6835,3037662008,4388247,4388603,356,completed,-29
Greedy,6836,3037662008,4388452,4388839,387,completed,-29
Greedy,6837,3037662008,4388552,4388942,390,completed,-29
Greedy,6838,3037662008,4388652,4389045,393,completed,-29
Greedy,6839,3037662008,4388752,4389148,396,completed,-29
Greedy,6840,3037662008,4388852,4389251,399,completed,-29
Greedy,6841,3037662008,4388952,4389354,402,completed,-29
Greedy,6842,3037662008,4389058,4389456,398,completed,-29
Greedy,6843,3037662008,4389158,4389558,400,completed,-29
Greedy,6844,3037662008,4389448,4389660,212,completed,-29
Greedy,6845,3037662008,4389548,4389762,214,completed,-29
Greedy,6846,3037662008,4389648,4389865,217,completed,-29
Greedy,6847,3037662008,4389748,4389968,220,completed,-29
Greedy,6848,3037662008,4389848,4390071,223,completed,-29
Greedy,6850,3658959723,4390048,4390194,146,completed,-11
Greedy,6851,3658959723,4390148,4390302,154,completed,-11
Greedy,6849,3037662008,4389948,4390174,226,completed,-29
Greedy,6852,3658959723,4390248,4390405,157,completed,-11
Greedy,6853,3658959723,4390456,4390606,150,completed,-11
Greedy,6854,3658959723,4390556,4390709,153,completed,-11
Greedy,6855,3658959723,4390656,4390812,156,completed,-11
Greedy,6856,3658959723,4390756,4390914,158,completed,-11
Greedy,6857,3658959723,4390856,4391016,160,completed,-11
Greedy,6858,3658959723,4390956,4391119,163,completed,-11
Greedy,6859,3658959723,4391056,4391221,165,completed,-11
Greedy,6860,3658959723,4391156,4391324,168,completed,-11
Greedy,6861,3658959723,4391256,4391427,171,completed,-11
Greedy,6862,3658959723,4391459,4391606,147,completed,-11
Greedy,6863,3658959723,4391559,4391709,150,completed,-11
Greedy,6864,3658959723,4391659,4391812,153,completed,-11
Greedy,6865,3658959723,4391759,4391915,156,completed,-11
Greedy,6866,3658959723,4391859,4392020,161,completed,-9
Greedy,6868,3037662008,4392059,4392199,140,completed,-28
Greedy,6867,3658959723,4391959,4392122,163,completed,-9
Greedy,6869,3037662008,4392159,4392302,143,completed,-28
Greedy,6870,3037662008,4392259,4392605,346,completed,-28
Greedy,6871,3037662008,4392462,4392708,246,completed,-28
Greedy,6872,3037662008,4392562,4392811,249,completed,-28
Greedy,6873,3037662008,4392662,4392914,252,completed,-28
Greedy,6874,3037662008,4392762,4393017,255,completed,-28
Greedy,6875,3037662008,4392862,4393120,258,completed,-28
Greedy,6876,3037662008,4392962,4393223,261,completed,-28
Greedy,6877,3037662008,4393071,4393326,255,completed,-28
Greedy,6878,3037662008,4393171,4393428,257,completed,-28
Greedy,6879,3037662008,4393453,4393594,141,completed,-28
Greedy,6880,3037662008,4393553,4393697,144,completed,-28
Greedy,6881,3037662008,4393653,4393800,147,completed,-28
Greedy,6882,3037662008,4393753,4393903,150,completed,-28
Greedy,6883,3037662008,4393853,4394006,153,completed,-28
Greedy,6884,3037662008,4393953,4394109,156,completed,-28
Greedy,6885,3658959723,4394053,4394200,147,completed,-7
Greedy,6886,3658959723,4394153,4394303,150,completed,-7
Greedy,6887,3658959723,4394253,4394406,153,completed,-7
Greedy,6888,3658959723,4394459,4394608,149,completed,-7
Greedy,6889,3658959723,4394559,4394711,152,completed,-7
Greedy,6890,3658959723,4394659,4394814,155,completed,-7
Greedy,6891,3658959723,4394759,4394917,158,completed,-7
Greedy,6892,3658959723,4394859,4395020,161,completed,-7
Greedy,6893,3658959723,4394959,4395123,164,completed,-7
Greedy,6894,3658959723,4395064,4395226,162,completed,-7
Greedy,6895,3658959723,4395164,4395329,165,completed,-7
Greedy,6896,3658959723,4395460,4395609,149,completed,-7
Greedy,6897,3658959723,4395560,4395712,152,completed,-7
Greedy,6898,3658959723,4395660,4395815,155,completed,-7
Greedy,6899,3658959723,4395760,4395918,158,completed,-7
Greedy,6900,3658959723,4395860,4396022,162,completed,-13
Greedy,6902,3037662008,4396061,4396202,141,completed,-27
Greedy,6901,3658959723,4395960,4396124,164,completed,-13
Greedy,6903,3037662008,4396161,4396305,144,completed,-27
Greedy,6904,3037662008,4396261,4396594,333,completed,-27
Greedy,6905,3037662008,4396463,4396710,247,completed,-27
Greedy,6906,3037662008,4396563,4396813,250,completed,-27
Greedy,6907,3037662008,4396663,4396916,253,completed,-27
Greedy,6908,3037662008,4396763,4397019,256,completed,-27
Greedy,6909,3037662008,4396863,4397122,259,completed,-27
Greedy,6910,3037662008,4396963,4397225,262,completed,-27
Greedy,6911,3037662008,4397071,4397328,257,completed,-27
Greedy,6912,3037662008,4397171,4397430,259,completed,-27
Greedy,6913,3037662008,4397458,4397597,139,completed,-27
Greedy,6914,3037662008,4397558,4397789,231,completed,-27
Greedy,6915,3037662008,4397659,4397892,233,completed,-27
Greedy,6916,3037662008,4397759,4397997,238,completed,-27
Greedy,6917,3037662008,4397859,4398100,241,completed,-30
Greedy,6919,3658959723,4398060,4398228,168,completed,-11
Greedy,6918,3037662008,4397959,4398203,244,completed,-30
Greedy,6920,3658959723,4398160,4398331,171,completed,-11
Greedy,6921,3658959723,4398260,4398607,347,completed,-11
Greedy,6922,3658959723,4398467,4398710,243,completed,-11
Greedy,6923,3658959723,4398567,4398813,246,completed,-11
Greedy,6924,3658959723,4398667,4398916,249,completed,-11
Greedy,6925,3658959723,4398767,4399019,252,completed,-11
Greedy,6926,3658959723,4398867,4399122,255,completed,-11
Greedy,6927,3658959723,4398967,4399225,258,completed,-11
Greedy,6928,3658959723,4399072,4399328,256,completed,-11
Greedy,6929,3658959723,4399172,4399431,259,completed,-11
Greedy,6930,3658959723,4399464,4399614,150,completed,-11
Greedy,6931,3658959723,4399564,4399716,152,completed,-11
Greedy,6932,3658959723,4399664,4399819,155,completed,-11
Greedy,6933,3658959723,4399764,4399922,158,completed,-11
Greedy,6934,3658959723,4399864,4400024,160,completed,-13
Greedy,6936,3037662008,4400064,4400220,156,completed,-26
Greedy,6935,3658959723,4399964,4400125,161,completed,-13
Greedy,6937,3037662008,4400164,4400323,159,completed,-26
Greedy,6938,3037662008,4400264,4400601,337,completed,-26
Greedy,6939,3037662008,4400470,4400711,241,completed,-26
Greedy,6940,3037662008,4400570,4400814,244,completed,-26
Greedy,6941,3037662008,4400670,4400917,247,completed,-26
Greedy,6942,3037662008,4400770,4401020,250,completed,-26
Greedy,6943,3037662008,4400870,4401123,253,completed,-26
Greedy,6944,3037662008,4400970,4401226,256,completed,-26
Greedy,6945,3037662008,4401075,4401329,254,completed,-26
Greedy,6946,3037662008,4401175,4401432,257,completed,-26
Greedy,6947,3037662008,4401470,4401613,143,completed,-26
Greedy,6948,3658959723,4403676,4404207,531,completed,-11
Greedy,6949,3658959723,4403875,4404706,831,completed,-11
Greedy,6950,3658959723,4403975,4404809,834,completed,-11
Greedy,6951,3658959723,4404075,4404912,837,completed,-11
Greedy,6952,3658959723,4404175,4405019,844,completed,-11
Greedy,6953,3658959723,4404275,4405122,847,completed,-11
Greedy,6954,3658959723,4404375,4405225,850,completed,-11
Greedy,6955,3658959723,4404475,4405328,853,completed,-11
Greedy,6956,3658959723,4404575,4405431,856,completed,-11
Greedy,6957,3658959723,4404675,4405534,859,completed,-11
Greedy,6958,3658959723,4404880,4405637,757,completed,-11
Greedy,6959,3658959723,4404980,4405740,760,completed,-11
Greedy,6960,3658959723,4405081,4405843,762,completed,-11
Greedy,6961,3658959723,4405181,4405945,764,completed,-11
Greedy,6962,3658959723,4405281,4406048,767,completed,-13
Greedy,6969,3037662008,4406081,4406220,139,completed,-28
Greedy,6970,3037662008,4406181,4406330,149,completed,-28
Greedy,6971,3037662008,4406281,4406433,152,completed,-28
Greedy,6963,3658959723,4405381,4406150,769,completed,-13
Greedy,6972,3037662008,4406381,4406536,155,completed,-28
Greedy,6973,3037662008,4406481,4406639,158,completed,-28
Greedy,6974,3037662008,4406581,4406742,161,completed,-28
Greedy,6964,3658959723,4405481,4406252,771,completed,-13
Greedy,6975,3037662008,4406681,4406845,164,completed,-28
Greedy,6976,3037662008,4406883,4407029,146,completed,-28
Greedy,6977,3037662008,4406983,4407132,149,completed,-28
Greedy,6965,3658959723,4405581,4406354,773,completed,-13
Greedy,6966,3658959723,4405681,4406456,775,completed,-13
Greedy,6978,3037662008,4407083,4407235,152,completed,-28
Greedy,6979,3037662008,4407183,4407338,155,completed,-28
Greedy,6980,3037662008,4407283,4407440,157,completed,-28
Greedy,6967,3658959723,4405881,4406558,677,completed,-13
Greedy,6981,3037662008,4407383,4407543,160,completed,-28
Greedy,6982,3037662008,4407483,4407646,163,completed,-28
Greedy,6968,3658959723,4405981,4406660,679,completed,-13
Greedy,6983,3037662008,4407583,4407749,166,completed,-28
Greedy,6986,3658959723,4407994,4408140,146,completed,-12
Greedy,6984,3037662008,4407683,4408021,338,completed,-31
Greedy,6985,3037662008,4407889,4408123,234,completed,-31
Greedy,6987,3658959723,4408094,4408249,155,completed,-12
Greedy,6988,3658959723,4408194,4408361,167,completed,-12
Greedy,6989,3658959723,4408294,4408464,170,completed,-12
Greedy,6990,3658959723,4408394,4408567,173,completed,-12
Greedy,6991,3658959723,4408494,4408670,176,completed,-12
Greedy,6992,3658959723,4408594,4408773,179,completed,-12
Greedy,6993,3658959723,4408886,4409035,149,completed,-12
Greedy,6994,3658959723,4408986,4409138,152,completed,-12
Greedy,6995,3658959723,4409086,4409241,155,completed,-12
Greedy,6996,3658959723,4409186,4409344,158,completed,-12
Greedy,6997,3658959723,4409286,4409447,161,completed,-12
Greedy,6998,3658959723,4409386,4409550,164,completed,-12
Greedy,6999,3658959723,4409486,4409653,167,completed,-12
Greedy,7000,3658959723,4409586,4409756,170,completed,-12
Greedy,7001,3658959723,4409686,4410030,344,completed,-13
Greedy,7003,3037662008,4409999,4410143,144,completed,-27
Greedy,7002,3658959723,4409890,4410140,250,completed,-13
Greedy,7004,3037662008,4410099,4410246,147,completed,-27
Greedy,7005,3037662008,4410199,4410369,170,completed,-27
Greedy,7006,3037662008,4410299,4410472,173,completed,-27
Greedy,7007,3037662008,4410399,4410575,176,completed,-27
Greedy,7008,3037662008,4410499,4410678,179,completed,-27
Greedy,7009,3037662008,4410599,4410781,182,completed,-27
Greedy,7010,3037662008,4410888,4411029,141,completed,-27
Greedy,7011,3037662008,4410988,4411132,144,completed,-27
Greedy,7012,3037662008,4411088,4411235,147,completed,-27
Greedy,7013,3037662008,4411188,4411338,150,completed,-27
Greedy,7014,3037662008,4411288,4411441,153,completed,-27
Greedy,7015,3037662008,4411388,4411544,156,completed,-27
Greedy,7016,3037662008,4411488,4411647,159,completed,-27
Greedy,7017,3037662008,4411588,4411750,162,completed,-27
Greedy,7020,3658959723,4411996,4412143,147,completed,-12
Greedy,7018,3037662008,4411688,4412023,335,completed,-29
Greedy,7021,3658959723,4412096,4412246,150,completed,-12
Greedy,7022,3658959723,4412196,4412348,152,completed,-12
Greedy,7023,3658959723,4412296,4412451,155,completed,-12
Greedy,7019,3037662008,4411891,4412125,234,completed,-29
Greedy,7024,3658959723,4412396,4412554,158,completed,-12
Greedy,7025,3658959723,4412496,4412656,160,completed,-12
Greedy,7026,3658959723,4412596,4412759,163,completed,-12
Greedy,7027,3658959723,4412893,4413040,147,completed,-12
Greedy,7028,3658959723,4412993,4413150,157,completed,-12
Greedy,7029,3658959723,4413093,4413253,160,completed,-12
Greedy,7030,3658959723,4413193,4413356,163,completed,-12
Greedy,7031,3658959723,4413293,4413459,166,completed,-12
Greedy,7032,3658959723,4413393,4413562,169,completed,-12
Greedy,7033,3658959723,4413493,4413665,172,completed,-12
Greedy,7034,3658959723,4413593,4413768,175,completed,-12
Greedy,7035,3658959723,4413693,4413871,178,completed,-12
Greedy,7036,3658959723,4413893,4414045,152,completed,-13
Greedy,7037,3658959723,4413995,4414148,153,completed,-13
Greedy,7038,3037662008,4414095,4414234,139,completed,-26
Greedy,7039,3037662008,4414195,4414336,141,completed,-26
Greedy,7040,3037662008,4414295,4414439,144,completed,-26
Greedy,7041,3037662008,4414395,4414542,147,completed,-26
Greedy,7042,3037662008,4414495,4414645,150,completed,-26
Greedy,7043,3037662008,4414595,4414748,153,completed,-26
Greedy,7044,3037662008,4414695,4415027,332,completed,-26
Greedy,7045,3037662008,4414895,4415130,235,completed,-26
Greedy,7046,3037662008,4414995,4415236,241,completed,-26
Greedy,7047,3037662008,4415095,4415339,244,completed,-26
Greedy,7048,3037662008,4415195,4415442,247,completed,-26
Greedy,7049,3037662008,4415295,4415545,250,completed,-26
Greedy,7050,3037662008,4415395,4415648,253,completed,-26
Greedy,7051,3037662008,4415495,4415751,256,completed,-26
Greedy,7052,3037662008,4415595,4415854,259,completed,-26
Greedy,7055,3658959723,4415998,4416144,146,completed,-11
Greedy,7053,3037662008,4415695,4416030,335,completed,-29
Greedy,7056,3658959723,4416098,4416247,149,completed,-11
Greedy,7057,3658959723,4416198,4416350,152,completed,-11
Greedy,7058,3658959723,4416298,4416453,155,completed,-11
Greedy,7054,3037662008,4415898,4416132,234,completed,-29
Greedy,7059,3658959723,4416398,4416555,157,completed,-11
Greedy,7060,3658959723,4416498,4416658,160,completed,-11
Greedy,7061,3658959723,4416598,4416761,163,completed,-11
Greedy,7062,3658959723,4416698,4417038,340,completed,-11
Greedy,7063,3658959723,4416899,4417148,249,completed,-11
Greedy,7064,3658959723,4416999,4417251,252,completed,-11
Greedy,7065,3658959723,4417099,4417353,254,completed,-11
Greedy,7066,3658959723,4417199,4417456,257,completed,-11
Greedy,7067,3658959723,4417299,4417558,259,completed,-11
Greedy,7068,3658959723,4417399,4417661,262,completed,-11
Greedy,7069,3658959723,4417499,4417763,264,completed,-11
Greedy,7070,3658959723,4417599,4417865,266,completed,-11
Greedy,7071,3658959723,4417699,4418041,342,completed,-13
Greedy,7073,3037662008,4418001,4418139,138,completed,-27
Greedy,7072,3658959723,4417901,4418144,243,completed,-13
Greedy,7074,3037662008,4418101,4418242,141,completed,-27
Greedy,7075,3037662008,4418201,4418345,144,completed,-27
Greedy,7076,3037662008,4418301,4418448,147,completed,-27
Greedy,7077,3037662008,4418401,4418551,150,completed,-27
Greedy,7078,3037662008,4418501,4418654,153,completed,-27
Greedy,7079,3037662008,4418601,4418761,160,completed,-27
Greedy,7080,3037662008,4418701,4419034,333,completed,-27
Greedy,7081,3037662008,4418903,4421230,2327,completed,-29
Greedy,7082,3037662008,4421104,4421441,337,completed,-29
Greedy,7083,3037662008,4421303,4421564,261,completed,-29
Greedy,7084,3037662008,4421403,4421835,432,completed,-29
Greedy,7085,3037662008,4421503,4422110,607,completed,-30
Greedy,7086,3037662008,4421603,4422441,838,completed,-30
Greedy,7087,3037662008,4421703,4422543,840,completed,-30
Greedy,7088,3037662008,4421803,4422645,842,completed,-30
Greedy,7094,3658959723,4422508,4422656,148,completed,-12
Greedy,7095,3658959723,4422608,4422758,150,completed,-12
Greedy,7096,3658959723,4422708,4422861,153,completed,-12
Greedy,7089,3037662008,4421903,4422748,845,completed,-30
Greedy,7097,3658959723,4422808,4422964,156,completed,-12
Greedy,7098,3658959723,4422908,4423067,159,completed,-12
Greedy,7099,3658959723,4423008,4423170,162,completed,-12
Greedy,7090,3037662008,4422003,4422850,847,completed,-30
Greedy,7091,3037662008,4422103,4422952,849,completed,-30
Greedy,7100,3658959723,4423108,4423451,343,completed,-12
Greedy,7101,3658959723,4423305,4423583,278,completed,-12
Greedy,7092,3037662008,4422308,4423054,746,completed,-30
Greedy,7102,3658959723,4423405,4423686,281,completed,-12
Greedy,7103,3658959723,4423505,4423789,284,completed,-12
Greedy,7093,3037662008,4422408,4423156,748,completed,-30
Greedy,7104,3658959723,4423605,4423892,287,completed,-12
Greedy,7105,3658959723,4423705,4423995,290,completed,-12
Greedy,7106,3658959723,4423805,4424098,293,completed,-12
Greedy,7107,3658959723,4423905,4424200,295,completed,-12
Greedy,7111,3037662008,4424409,4424548,139,completed,-29
Greedy,7108,3658959723,4424005,4424302,297,completed,-12
Greedy,7109,3658959723,4424105,4424403,298,completed,-12
Greedy,7112,3037662008,4424509,4424657,148,completed,-29
Greedy,7113,3037662008,4424609,4424760,151,completed,-29
Greedy,7114,3037662008,4424709,4424863,154,completed,-29
Greedy,7110,3658959723,4424309,4424505,196,completed,-12
Greedy,7115,3037662008,4424809,4424966,157,completed,-29
Greedy,7116,3037662008,4424909,4425069,160,completed,-29
Greedy,7117,3037662008,4425009,4425172,163,completed,-29
Greedy,7118,3037662008,4425109,4425275,166,completed,-29
Greedy,7119,3037662008,4425314,4425452,138,completed,-29
Greedy,7120,3037662008,4425414,4425555,141,completed,-29
Greedy,7121,3037662008,4425514,4425658,144,completed,-29
Greedy,7122,3037662008,4425614,4425761,147,completed,-29
Greedy,7123,3037662008,4425714,4425864,150,completed,-29
Greedy,7124,3037662008,4425814,4425967,153,completed,-29
Greedy,7126,3658959723,4426014,4426161,147,completed,-11
Greedy,7125,3037662008,4425914,4426070,156,completed,-38
Greedy,7127,3658959723,4426114,4426454,340,completed,-11
Greedy,7128,3658959723,4426314,4426563,249,completed,-11
Greedy,7129,3658959723,4426414,4426666,252,completed,-11
Greedy,7130,3658959723,4426514,4426769,255,completed,-11
Greedy,7131,3658959723,4426614,4426872,258,completed,-11
Greedy,7132,3658959723,4426714,4426975,261,completed,-11
Greedy,7133,3658959723,4426814,4427078,264,completed,-11
Greedy,7134,3658959723,4426914,4427181,267,completed,-11
Greedy,7135,3658959723,4427014,4427284,270,completed,-11
Greedy,7136,3658959723,4427115,4427457,342,completed,-11
Greedy,7137,3658959723,4427317,4427560,243,completed,-11
Greedy,7138,3658959723,4427417,4427664,247,completed,-11
Greedy,7139,3658959723,4427517,4427766,249,completed,-11
Greedy,7140,3658959723,4427617,4427869,252,completed,-11
Greedy,7141,3658959723,4427717,4427972,255,completed,-11
Greedy,7142,3658959723,4427817,4428074,257,completed,-12
Greedy,7143,3658959723,4427917,4428177,260,completed,-12
Greedy,7144,3658959723,4428017,4428280,263,completed,-12
Greedy,7145,3037662008,4428117,4428460,343,completed,-31
Greedy,7146,3037662008,4428317,4428563,246,completed,-31
Greedy,7147,3037662008,4428417,4428666,249,completed,-31
Greedy,7148,3037662008,4428517,4428769,252,completed,-31
Greedy,7149,3037662008,4428617,4428872,255,completed,-31
Greedy,7150,3037662008,4428717,4428975,258,completed,-31
Greedy,7151,3037662008,4428817,4429078,261,completed,-31
Greedy,7152,3037662008,4428917,4429181,264,completed,-31
Greedy,7153,3037662008,4429017,4429284,267,completed,-31
Greedy,7154,3037662008,4429117,4429452,335,completed,-31
Greedy,7155,3037662008,4429321,4429555,234,completed,-31
Greedy,7156,3037662008,4429421,4429661,240,completed,-31
Greedy,7157,3037662008,4429521,4429764,243,completed,-31
Greedy,7158,3037662008,4429621,4429867,246,completed,-31
Greedy,7159,3037662008,4429721,4429970,249,completed,-31
Greedy,7162,3658959723,4430021,4430167,146,completed,-11
Greedy,7160,3037662008,4429821,4430073,252,completed,-26
Greedy,7163,3658959723,4430124,4430465,341,completed,-11
Greedy,7164,3658959723,4430325,4430577,252,completed,-11
Greedy,7165,3658959723,4430425,4430680,255,completed,-11
Greedy,7161,3037662008,4429921,4430174,253,completed,-26
Greedy,7166,3658959723,4430525,4430783,258,completed,-11
Greedy,7167,3658959723,4430625,4430886,261,completed,-11
Greedy,7168,3658959723,4430725,4430989,264,completed,-11
Greedy,7169,3658959723,4430825,4431092,267,completed,-11
Greedy,7170,3658959723,4430925,4431195,270,completed,-11
Greedy,7171,3658959723,4431025,4431298,273,completed,-11
Greedy,7172,3658959723,4431125,4431467,342,completed,-11
Greedy,7173,3658959723,4431327,4431570,243,completed,-11
Greedy,7174,3658959723,4431427,4431676,249,completed,-11
Greedy,7175,3658959723,4431527,4431779,252,completed,-11
Greedy,7176,3658959723,4431627,4431882,255,completed,-11
Greedy,7177,3658959723,4431727,4431985,258,completed,-11
Greedy,7180,3037662008,4432027,4432165,138,completed,-25
Greedy,7178,3658959723,4431827,4432088,261,completed,-11
Greedy,7181,3037662008,4432127,4432461,334,completed,-25
Greedy,7182,3037662008,4432329,4432564,235,completed,-25
Greedy,7179,3658959723,4431927,4432190,263,completed,-11
Greedy,7183,3037662008,4432429,4432667,238,completed,-25
Greedy,7184,3037662008,4432529,4432770,241,completed,-25
Greedy,7185,3037662008,4432629,4432873,244,completed,-25
Greedy,7186,3037662008,4432729,4432976,247,completed,-25
Greedy,7187,3037662008,4432829,4433079,250,completed,-25
Greedy,7188,3037662008,4432929,4433182,253,completed,-25
Greedy,7189,3037662008,4433029,4433285,256,completed,-25
Greedy,7190,3037662008,4433129,4433463,334,completed,-25
Greedy,7191,3037662008,4433331,4433566,235,completed,-25
Greedy,7192,3037662008,4433431,4433668,237,completed,-25
Greedy,7193,3037662008,4433531,4433771,240,completed,-25
Greedy,7194,3037662008,4433631,4433874,243,completed,-25
Greedy,7195,3037662008,4433731,4433977,246,completed,-25
Greedy,7198,3658959723,4434031,4434178,147,completed,-7
Greedy,7196,3037662008,4433831,4434080,249,completed,-26
Greedy,7199,3658959723,4434131,4434471,340,completed,-7
Greedy,7200,3658959723,4434331,4434574,243,completed,-7
Greedy,7201,3658959723,4434431,4434680,249,completed,-7
Greedy,7197,3037662008,4433931,4434181,250,completed,-26
Greedy,7202,3658959723,4434531,4434783,252,completed,-7
Greedy,7203,3658959723,4434631,4434886,255,completed,-7
Greedy,7204,3658959723,4434731,4434989,258,completed,-7
Greedy,7205,3658959723,4434831,4435091,260,completed,-7
Greedy,7206,3658959723,4434931,4435193,262,completed,-7
Greedy,7207,3658959723,4435031,4435296,265,completed,-7
Greedy,7208,3658959723,4435131,4435474,343,completed,-7
Greedy,7209,3658959723,4435333,4435582,249,completed,-7
Greedy,7210,3658959723,4435433,4435685,252,completed,-7
Greedy,7211,3658959723,4435533,4435788,255,completed,-7
Greedy,7212,3658959723,4435633,4435891,258,completed,-7
Greedy,7213,3658959723,4435733,4435994,261,completed,-7
Greedy,7216,3037662008,4436033,4436171,138,completed,-24
Greedy,7214,3658959723,4435833,4436097,264,completed,-15
Greedy,7215,3658959723,4435933,4436199,266,completed,-15
Greedy,7217,3037662008,4436133,4436468,335,completed,-24
Greedy,7218,3037662008,4436337,4436571,234,completed,-24
Greedy,7230,3658959723,4439943,4440089,146,completed,-11
Greedy,7219,3037662008,4438545,4438888,343,completed,-27
Greedy,7220,3037662008,4438747,4439209,462,completed,-27
Greedy,7221,3037662008,4438847,4439486,639,completed,-27
Greedy,7222,3037662008,4438947,4439588,641,completed,-27
Greedy,7223,3037662008,4439052,4439879,827,completed,-27
Greedy,7224,3037662008,4439152,4440035,883,completed,-30
Greedy,7225,3037662008,4439252,4440310,1058,completed,-30
Greedy,7226,3037662008,4439352,4440586,1234,completed,-30
Greedy,7227,3037662008,4439452,4440688,1236,completed,-30
Greedy,7228,3037662008,4439743,4440789,1046,completed,-30
Greedy,7229,3037662008,4439843,4440895,1052,completed,-30
Greedy,7237,3658959723,4440753,4441055,302,completed,-11
Greedy,7231,3037662008,4440043,4440998,955,completed,-30
Greedy,7238,3658959723,4440853,4441164,311,completed,-11
Greedy,7239,3658959723,4440953,4441287,334,completed,-11
Greedy,7232,3037662008,4440143,4441100,957,completed,-30
Greedy,7240,3658959723,4441059,4441390,331,completed,-11
Greedy,7241,3658959723,4441159,4441493,334,completed,-11
Greedy,7242,3658959723,4441259,4441596,337,completed,-11
Greedy,7233,3037662008,4440243,4441202,959,completed,-30
Greedy,7243,3658959723,4441359,4441699,340,completed,-11
Greedy,7244,3658959723,4441460,4441801,341,completed,-11
Greedy,7245,3658959723,4441755,4441907,152,completed,-11
Greedy,7246,3658959723,4441855,4442008,153,completed,-11
Greedy,7234,3037662008,4440343,4441304,961,completed,-30
Greedy,7235,3037662008,4440443,4441405,962,completed,-30
Greedy,7247,3658959723,4441955,4442111,156,completed,-12
Greedy,7248,3658959723,4442055,4442214,159,completed,-12
Greedy,7249,3658959723,4442155,4442317,162,completed,-12
Greedy,7236,3037662008,4440543,4441507,964,completed,-30
Greedy,7250,3658959723,4442255,4442420,165,completed,-12
Greedy,7251,3658959723,4442355,4442523,168,completed,-12
Greedy,7252,3658959723,4442455,4442626,171,completed,-12
Greedy,7253,3037662008,4442556,4442893,337,completed,-34
Greedy,7254,3037662008,4442756,4443002,246,completed,-34
Greedy,7255,3037662008,4442856,4443111,255,completed,-34
Greedy,7256,3037662008,4442956,4443214,258,completed,-34
Greedy,7257,3037662008,4443063,4443316,253,completed,-34
Greedy,7258,3037662008,4443163,4443436,273,completed,-34
Greedy,7259,3037662008,4443263,4443539,276,completed,-34
Greedy,7260,3037662008,4443363,4443642,279,completed,-34
Greedy,7261,3037662008,4443463,4443745,282,completed,-34
Greedy,7262,3037662008,4443754,4443896,142,completed,-34
Greedy,7263,3037662008,4443854,4443999,145,completed,-34
Greedy,7264,3037662008,4443954,4444102,148,completed,-34
Greedy,7265,3658959723,4444059,4444208,149,completed,-12
Greedy,7266,3658959723,4444159,4444324,165,completed,-12
Greedy,7267,3658959723,4444259,4444433,174,completed,-12
Greedy,7268,3658959723,4444359,4444536,177,completed,-12
Greedy,7269,3658959723,4444459,4444639,180,completed,-12
Greedy,7270,3658959723,4444559,4444899,340,completed,-12
Greedy,7271,3658959723,4444759,4445002,243,completed,-12
Greedy,7272,3658959723,4444859,4445105,246,completed,-12
Greedy,7273,3658959723,4444959,4445208,249,completed,-12
Greedy,7274,3658959723,4445060,4445311,251,completed,-12
Greedy,7275,3658959723,4445160,4445414,254,completed,-12
Greedy,7276,3658959723,4445260,4445517,257,completed,-12
Greedy,7277,3658959723,4445360,4445620,260,completed,-12
Greedy,7278,3658959723,4445460,4445722,262,completed,-12
Greedy,7279,3658959723,4445560,4445902,342,completed,-12
Greedy,7280,3658959723,4445755,4446005,250,completed,-12
Greedy,7281,3658959723,4445855,4446108,253,completed,-13
Greedy,7283,3037662008,4446057,4446255,198,completed,-36
Greedy,7282,3658959723,4445955,4446211,256,completed,-13
Greedy,7284,3037662008,4446157,4446358,201,completed,-36
Greedy,7285,3037662008,4446257,4446461,204,completed,-36
Greedy,7286,3037662008,4446357,4446564,207,completed,-36
Greedy,7287,3037662008,4446457,4446667,210,completed,-36
Greedy,7288,3037662008,4446558,4446770,212,completed,-36
Greedy,7289,3037662008,4446760,4446902,142,completed,-36
Greedy,7290,3037662008,4446860,4447005,145,completed,-36
Greedy,7291,3037662008,4446960,4447108,148,completed,-36
Greedy,7292,3037662008,4447060,4447228,168,completed,-36
Greedy,7293,3037662008,4447160,4447331,171,completed,-36
Greedy,7294,3037662008,4447260,4447434,174,completed,-36
Greedy,7295,3037662008,4447360,4447537,177,completed,-36
Greedy,7296,3037662008,4447460,4447640,180,completed,-36
Greedy,7297,3037662008,4447560,4447743,183,completed,-36
Greedy,7298,3037662008,4447761,4447903,142,completed,-36
Greedy,7299,3037662008,4447861,4448006,145,completed,-36
Greedy,7300,3037662008,4447961,4448109,148,completed,-39
Greedy,7301,3658959723,4448061,4448229,168,completed,-12
Greedy,7302,3658959723,4448161,4448332,171,completed,-12
Greedy,7303,3658959723,4448261,4448435,174,completed,-12
Greedy,7304,3658959723,4448361,4448538,177,completed,-12
Greedy,7305,3658959723,4448461,4448641,180,completed,-12
Greedy,7306,3658959723,4448561,4448744,183,completed,-12
Greedy,7307,3658959723,4448764,4448944,180,completed,-12
Greedy,7308,3658959723,4448864,4449047,183,completed,-12
Greedy,7309,3658959723,4448964,4449150,186,completed,-12
Greedy,7310,3658959723,4449068,4449253,185,completed,-12
Greedy,7311,3658959723,4449168,4449356,188,completed,-12
Greedy,7312,3658959723,4449268,4449459,191,completed,-12
Greedy,7313,3658959723,4449368,4449562,194,completed,-12
Greedy,7314,3658959723,4449468,4449665,197,completed,-12
Greedy,7315,3658959723,4449762,4449911,149,completed,-12
Greedy,7316,3658959723,4449862,4450014,152,completed,-12
Greedy,7317,3658959723,4449962,4450117,155,completed,-13
Greedy,7318,3037662008,4450062,4450216,154,completed,-34
Greedy,7319,3037662008,4450162,4450325,163,completed,-34
Greedy,7320,3037662008,4450262,4450435,173,completed,-34
Greedy,7321,3037662008,4450362,4450538,176,completed,-34
Greedy,7322,3037662008,4450462,4450641,179,completed,-34
Greedy,7323,3037662008,4450562,4450897,335,completed,-34
Greedy,7324,3037662008,4450765,4451000,235,completed,-34
Greedy,7325,3037662008,4450865,4451102,237,completed,-34
Greedy,7326,3037662008,4450965,4451205,240,completed,-34
Greedy,7327,3037662008,4451065,4451308,243,completed,-34
Greedy,7328,3037662008,4451165,4451411,246,completed,-34
Greedy,7329,3037662008,4451265,4451514,249,completed,-34
Greedy,7330,3037662008,4451365,4451617,252,completed,-34
Greedy,7331,3037662008,4451465,4451720,255,completed,-34
Greedy,7332,3037662008,4451565,4451822,257,completed,-34
Greedy,7333,3037662008,4451766,4451924,158,completed,-34
Greedy,7334,3037662008,4451866,4452027,161,completed,-34
Greedy,7335,3037662008,4451966,4452130,164,completed,-35
Greedy,7336,3658959723,4452066,4452216,150,completed,-12
Greedy,7337,3658959723,4452166,4452326,160,completed,-12
Greedy,7338,3658959723,4452266,4452429,163,completed,-12
Greedy,7339,3658959723,4452366,4452532,166,completed,-12
Greedy,7340,3658959723,4452466,4452635,169,completed,-12
Greedy,7341,3658959723,4452566,4452909,343,completed,-12
Greedy,7342,3658959723,4452769,4453012,243,completed,-12
Greedy,7343,3658959723,4452869,4453114,245,completed,-12
Greedy,7344,3658959723,4452969,4453217,248,completed,-12
Greedy,7345,3658959723,4453069,4453320,251,completed,-12
Greedy,7346,3658959723,4453169,4453422,253,completed,-12
Greedy,7347,3658959723,4453269,4453525,256,completed,-12
Greedy,7348,3658959723,4453369,4453628,259,completed,-12
Greedy,7349,3658959723,4453469,4453731,262,completed,-12
Greedy,7350,3658959723,4453569,4453912,343,completed,-12
Greedy,7351,3658959723,4453772,4454015,243,completed,-12
Greedy,7352,3658959723,4455982,4456385,403,completed,-15
Greedy,7353,3658959723,4456187,4456730,543,completed,-15
Greedy,7354,3658959723,4456287,4456851,564,completed,-15
Greedy,7355,3658959723,4456387,4456954,567,completed,-15
Greedy,7356,3658959723,4456487,4457057,570,completed,-15
Greedy,7357,3658959723,4456587,4457160,573,completed,-15
Greedy,7358,3658959723,4456687,4457262,575,completed,-15
Greedy,7359,3658959723,4456787,4457365,578,completed,-15
Greedy,7360,3658959723,4456887,4457468,581,completed,-15
Greedy,7361,3658959723,4457195,4457571,376,completed,-15
Greedy,7362,3658959723,4457295,4457674,379,completed,-15
Greedy,7363,3658959723,4457395,4457776,381,completed,-15
Greedy,7364,3658959723,4457495,4457879,384,completed,-15
Greedy,7365,3658959723,4457595,4457982,387,completed,-15
Greedy,7369,3037662008,4458186,4458326,140,completed,-37
Greedy,7366,3658959723,4457695,4458085,390,completed,-12
Greedy,7370,3037662008,4458286,4458449,163,completed,-37
Greedy,7371,3037662008,4458386,4458587,201,completed,-37
Greedy,7372,3037662008,4458486,4458690,204,completed,-37
Greedy,7367,3658959723,4457795,4458187,392,completed,-12
Greedy,7373,3037662008,4458586,4458793,207,completed,-37
Greedy,7374,3037662008,4458686,4458896,210,completed,-37
Greedy,7368,3658959723,4457895,4458288,393,completed,-12
Greedy,7375,3037662008,4458786,4458999,213,completed,-37
Greedy,7376,3037662008,4458886,4459102,216,completed,-37
Greedy,7377,3037662008,4458986,4459205,219,completed,-37
Greedy,7378,3037662008,4459195,4459404,209,completed,-37
Greedy,7379,3037662008,4459295,4459507,212,completed,-37
Greedy,7380,3037662008,4459395,4459610,215,completed,-37
Greedy,7381,3037662008,4459495,4459713,218,completed,-37
Greedy,7382,3037662008,4459595,4459816,221,completed,-37
Greedy,7383,3037662008,4459695,4459919,224,completed,-37
Greedy,7384,3037662008,4459795,4460022,227,completed,-37
Greedy,7386,3658959723,4460199,4460361,162,completed,-11
Greedy,7387,3658959723,4460299,4460464,165,completed,-11
Greedy,7385,3037662008,4459895,4460125,230,completed,-35
Greedy,7388,3658959723,4460399,4460567,168,completed,-11
Greedy,7389,3658959723,4460499,4460670,171,completed,-11
Greedy,7390,3658959723,4460599,4460773,174,completed,-11
Greedy,7391,3658959723,4460699,4460876,177,completed,-11
Greedy,7392,3658959723,4460799,4460979,180,completed,-11
Greedy,7393,3658959723,4460899,4461082,183,completed,-11
Greedy,7394,3658959723,4461197,4461345,148,completed,-11
Greedy,7395,3658959723,4461297,4461448,151,completed,-11
Greedy,7396,3658959723,4461397,4461572,175,completed,-11
Greedy,7397,3658959723,4461497,4461681,184,completed,-11
Greedy,7398,3658959723,4461597,4461784,187,completed,-11
Greedy,7399,3658959723,4461697,4461887,190,completed,-11
Greedy,7400,3658959723,4461797,4461990,193,completed,-11
Greedy,7402,3037662008,4462199,4462340,141,completed,-36
Greedy,7403,3037662008,4462299,4462450,151,completed,-36
Greedy,7401,3658959723,4461897,4462093,196,completed,-14
Greedy,7404,3037662008,4462399,4462553,154,completed,-36
Greedy,7405,3037662008,4462499,4462656,157,completed,-36
Greedy,7406,3037662008,4462599,4462759,160,completed,-36
Greedy,7407,3037662008,4462699,4462862,163,completed,-36
Greedy,7408,3037662008,4462799,4462965,166,completed,-36
Greedy,7409,3037662008,4462899,4463069,170,completed,-36
Greedy,7410,3037662008,4463198,4463339,141,completed,-36
Greedy,7411,3037662008,4463298,4463450,152,completed,-36
Greedy,7412,3037662008,4463398,4463559,161,completed,-36
Greedy,7413,3037662008,4463498,4463682,184,completed,-36
Greedy,7414,3037662008,4463598,4463785,187,completed,-36
Greedy,7415,3037662008,4463698,4463888,190,completed,-36
Greedy,7416,3037662008,4463798,4463991,193,completed,-36
Greedy,7418,3658959723,4464200,4464347,147,completed,-11
Greedy,7419,3658959723,4464300,4464458,158,completed,-11
Greedy,7417,3037662008,4463898,4464094,196,completed,-37
Greedy,7420,3658959723,4464400,4464560,160,completed,-11
Greedy,7421,3658959723,4464500,4464663,163,completed,-11
Greedy,7422,3658959723,4464600,4464766,166,completed,-11
Greedy,7423,3658959723,4464700,4464869,169,completed,-11
Greedy,7424,3658959723,4464800,4464972,172,completed,-11
Greedy,7425,3658959723,4464900,4465076,176,completed,-11
Greedy,7426,3658959723,4465200,4465372,172,completed,-11
Greedy,7427,3658959723,4465300,4465475,175,completed,-11
Greedy,7428,3658959723,4465400,4465578,178,completed,-11
Greedy,7429,3658959723,4465500,4465681,181,completed,-11
Greedy,7430,3658959723,4465600,4465784,184,completed,-11
Greedy,7431,3658959723,4465700,4465887,187,completed,-11
Greedy,7432,3658959723,4465800,4465990,190,completed,-11
Greedy,7434,3037662008,4466196,4466335,139,completed,-31
Greedy,7435,3037662008,4466296,4466444,148,completed,-31
Greedy,7433,3658959723,4465900,4466093,193,completed,-13
Greedy,7436,3037662008,4466396,4466547,151,completed,-31
Greedy,7437,3037662008,4466496,4466650,154,completed,-31
Greedy,7438,3037662008,4466596,4466753,157,completed,-31
Greedy,7439,3037662008,4466696,4466856,160,completed,-31
Greedy,7440,3037662008,4466796,4466959,163,completed,-31
Greedy,7441,3037662008,4466896,4467062,166,completed,-31
Greedy,7442,3037662008,4466996,4467330,334,completed,-31
Greedy,7443,3037662008,4467205,4467433,228,completed,-31
Greedy,7444,3037662008,4467305,4467536,231,completed,-31
Greedy,7445,3037662008,4467408,4467639,231,completed,-31
Greedy,7446,3037662008,4467512,4467742,230,completed,-31
Greedy,7447,3037662008,4467614,4467845,231,completed,-31
Greedy,7448,3037662008,4467717,4467948,231,completed,-31
Greedy,7449,3037662008,4467821,4468051,230,completed,-33
Greedy,7450,3037662008,4467921,4468153,232,completed,-33
Greedy,7451,3658959723,4468208,4468356,148,completed,-11
Greedy,7452,3658959723,4468308,4468466,158,completed,-11
Greedy,7453,3658959723,4468408,4468568,160,completed,-11
Greedy,7454,3658959723,4468508,4468670,162,completed,-11
Greedy,7455,3658959723,4468608,4468773,165,completed,-11
Greedy,7456,3658959723,4468708,4468876,168,completed,-11
Greedy,7457,3658959723,4468808,4468979,171,completed,-11
Greedy,7458,3658959723,4468908,4469082,174,completed,-11
Greedy,7459,3658959723,4469206,4469355,149,completed,-11
Greedy,7460,3658959723,4469306,4469464,158,completed,-11
Greedy,7461,3658959723,4469406,4469573,167,completed,-11
Greedy,7462,3658959723,4469506,4469676,170,completed,-11
Greedy,7463,3658959723,4469606,4469779,173,completed,-11
Greedy,7464,3658959723,4469706,4469882,176,completed,-11
Greedy,7465,3658959723,4469806,4469985,179,completed,-11
Greedy,7466,3658959723,4469906,4470088,182,completed,-11
Greedy,7467,3037662008,4470206,4470346,140,completed,-39
Greedy,7468,3037662008,4470306,4470449,143,completed,-39
Greedy,7469,3037662008,4470406,4470552,146,completed,-39
Greedy,7470,3037662008,4470506,4470655,149,completed,-39
Greedy,7471,3037662008,4470606,4470758,152,completed,-39
Greedy,7472,3037662008,4470706,4470861,155,completed,-39
Greedy,7473,3037662008,4470806,4470964,158,completed,-39
Greedy,7474,3037662008,4470906,4471067,161,completed,-39
Greedy,7475,3037662008,4471200,4471343,143,completed,-39
Greedy,7476,3658959723,4473406,4473745,339,completed,-10
Greedy,7477,3658959723,4473606,4473903,297,completed,-10
Greedy,7478,3658959723,4473706,4474011,305,completed,-10
Greedy,7479,3658959723,4473806,4474120,314,completed,-8
Greedy,7480,3658959723,4473906,4474223,317,completed,-8
Greedy,7482,3037662008,4474106,4474246,140,completed,-42
Greedy,7483,3037662008,4474206,4474363,157,completed,-42
Greedy,7481,3658959723,4474006,4474326,320,completed,-8
Greedy,7484,3037662008,4474306,4474472,166,completed,-42
Greedy,7485,3037662008,4474406,4474740,334,completed,-42
Greedy,7486,3037662008,4474608,4474843,235,completed,-42
Greedy,7487,3037662008,4474708,4474950,242,completed,-42
Greedy,7488,3037662008,4474808,4475053,245,completed,-42
Greedy,7489,3037662008,4474908,4475156,248,completed,-42
Greedy,7490,3037662008,4475008,4475259,251,completed,-42
Greedy,7491,3037662008,4475108,4475362,254,completed,-42
Greedy,7492,3037662008,4475208,4475465,257,completed,-42
Greedy,7493,3037662008,4475308,4475567,259,completed,-42
Greedy,7494,3037662008,4475408,4475669,261,completed,-42
Greedy,7495,3037662008,4475613,4475834,221,completed,-42
Greedy,7496,3037662008,4475713,4475937,224,completed,-42
Greedy,7497,3037662008,4475813,4476040,227,completed,-42
Greedy,7498,3037662008,4475913,4476143,230,completed,-38
Greedy,7500,3658959723,4476115,4476289,174,completed,-9
Greedy,7501,3658959723,4476215,4476399,184,completed,-9
Greedy,7502,3658959723,4476315,4476502,187,completed,-9
Greedy,7499,3037662008,4476015,4476245,230,completed,-38
Greedy,7503,3658959723,4476605,4476753,148,completed,-9
Greedy,7504,3658959723,4476705,4477014,309,completed,-9
Greedy,7505,3658959723,4476805,4477117,312,completed,-9
Greedy,7506,3658959723,4476905,4477220,315,completed,-9
Greedy,7507,3658959723,4477005,4477323,318,completed,-9
Greedy,7508,3658959723,4477105,4477426,321,completed,-9
Greedy,7509,3658959723,4477205,4477529,324,completed,-9
Greedy,7510,3658959723,4477305,4477632,327,completed,-9
Greedy,7511,3658959723,4477405,4477734,329,completed,-9
Greedy,7512,3658959723,4477611,4477837,226,completed,-9
Greedy,7513,3658959723,4477711,4477940,229,completed,-9
Greedy,7514,3658959723,4477811,4478043,232,completed,-9
Greedy,7515,3658959723,4477911,4478146,235,completed,-8
Greedy,7516,3658959723,4478011,4478249,238,completed,-8
Greedy,7517,3037662008,4478113,4478256,143,completed,-37
Greedy,7518,3037662008,4478216,4478359,143,completed,-37
Greedy,7519,3037662008,4478316,4478462,146,completed,-37
Greedy,7520,3037662008,4478608,4478748,140,completed,-37
Greedy,7521,3037662008,4478708,4478934,226,completed,-37
Greedy,7522,3037662008,4478808,4479037,229,completed,-37
Greedy,7523,3037662008,4478909,4479140,231,completed,-37
Greedy,7524,3037662008,4479013,4479243,230,completed,-37
Greedy,7525,3037662008,4479116,4479346,230,completed,-37
Greedy,7526,3037662008,4479219,4479450,231,completed,-37
Greedy,7527,3037662008,4479321,4479553,232,completed,-37
Greedy,7528,3037662008,4479613,4479757,144,completed,-37
Greedy,7529,3037662008,4479713,4479860,147,completed,-37
Greedy,7530,3037662008,4479813,4479963,150,completed,-37
Greedy,7531,3037662008,4479913,4480066,153,completed,-34
Greedy,7532,3037662008,4480013,4480168,155,completed,-34
Greedy,7533,3658959723,4480113,4480262,149,completed,-10
Greedy,7534,3658959723,4480213,4480371,158,completed,-10
Greedy,7535,3658959723,4480313,4480474,161,completed,-10
Greedy,7536,3658959723,4480413,4480577,164,completed,-10
Greedy,7537,3658959723,4480614,4480763,149,completed,-10
Greedy,7538,3658959723,4480714,4480865,151,completed,-10
Greedy,7539,3658959723,4480814,4480968,154,completed,-10
Greedy,7540,3658959723,4480914,4481071,157,completed,-10
Greedy,7541,3658959723,4481014,4481174,160,completed,-10
Greedy,7542,3658959723,4481114,4481277,163,completed,-10
Greedy,7543,3658959723,4481214,4481380,166,completed,-10
Greedy,7544,3658959723,4481314,4481491,177,completed,-10
Greedy,7545,3658959723,4481416,4481757,341,completed,-10
Greedy,7546,3658959723,4481617,4481871,254,completed,-10
Greedy,7547,3658959723,4481717,4481974,257,completed,-10
Greedy,7548,3658959723,4481817,4482077,260,completed,-13
Greedy,7549,3658959723,4481917,4482178,261,completed,-13
Greedy,7551,3037662008,4482117,4482265,148,completed,-37
Greedy,7552,3037662008,4482217,4482367,150,completed,-37
Greedy,7550,3658959723,4482017,4482281,264,completed,-13
Greedy,7553,3037662008,4482317,4482470,153,completed,-37
Greedy,7554,3037662008,4482417,4482749,332,completed,-37
Greedy,7555,3037662008,4482617,4482858,241,completed,-37
Greedy,7556,3037662008,4482717,4482961,244,completed,-37
Greedy,7557,3037662008,4482817,4483064,247,completed,-37
Greedy,7558,3037662008,4482917,4483170,253,completed,-37
Greedy,7559,3037662008,4483017,4483273,256,completed,-37
Greedy,7560,3037662008,4483117,4483376,259,completed,-37
Greedy,7561,3037662008,4483217,4483479,262,completed,-37
Greedy,7562,3037662008,4483317,4483582,265,completed,-37
Greedy,7563,3037662008,4483417,4483684,267,completed,-37
Greedy,7564,3037662008,4483619,4483786,167,completed,-37
Greedy,7565,3037662008,4483719,4483889,170,completed,-37
Greedy,7566,3037662008,4483819,4483992,173,completed,-37
Greedy,7567,3037662008,4483919,4484095,176,completed,-41
Greedy,7568,3037662008,4484019,4484197,178,completed,-41
Greedy,7569,3658959723,4484119,4484266,147,completed,-10
Greedy,7570,3658959723,4484219,4484375,156,completed,-10
Greedy,7571,3658959723,4484319,4484483,164,completed,-10
Greedy,7572,3658959723,4484419,4484586,167,completed,-10
Greedy,7573,3658959723,4484619,4484768,149,completed,-10
Greedy,7574,3658959723,4484719,4484871,152,completed,-10
Greedy,7575,3658959723,4484819,4484974,155,completed,-10
Greedy,7576,3658959723,4484919,4485077,158,completed,-10
Greedy,7577,3658959723,4485019,4485180,161,completed,-10
Greedy,7578,3658959723,4485119,4485283,164,completed,-10
Greedy,7579,3658959723,4485219,4485386,167,completed,-10
Greedy,7580,3658959723,4485319,4485489,170,completed,-10
Greedy,7581,3658959723,4485419,4485592,173,completed,-10
Greedy,7582,3658959723,4485621,4485791,170,completed,-10
Greedy,7583,3658959723,4485721,4486005,284,completed,-10
Greedy,7584,3658959723,4485821,4486108,287,completed,-13
Greedy,7585,3658959723,4485921,4486209,288,completed,-13
Greedy,7587,3037662008,4486121,4486262,141,completed,-29
Greedy,7588,3037662008,4486221,4486371,150,completed,-29
Greedy,7586,3658959723,4486021,4486312,291,completed,-13
Greedy,7589,3037662008,4486321,4486481,160,completed,-29
Greedy,7590,3037662008,4486421,4486584,163,completed,-29
Greedy,7591,3037662008,4486623,4486762,139,completed,-29
Greedy,7592,3037662008,4486723,4486871,148,completed,-29
Greedy,7593,3037662008,4486823,4486981,158,completed,-29
Greedy,7594,3037662008,4486923,4487091,168,completed,-29
Greedy,7595,3037662008,4487023,4487194,171,completed,-29
Greedy,7596,3037662008,4487123,4487297,174,completed,-29
Greedy,7597,3037662008,4487223,4487400,177,completed,-29
Greedy,7598,3037662008,4487323,4487503,180,completed,-29
Greedy,7599,3037662008,4487423,4487606,183,completed,-29
Greedy,7600,3037662008,4487623,4487766,143,completed,-29
Greedy,7601,3037662008,4487723,4487869,146,completed,-29
Greedy,7602,3037662008,4487823,4487972,149,completed,-29
Greedy,7603,3037662008,4487923,4488075,152,completed,-35
Greedy,7604,3037662008,4488023,4488177,154,completed,-35
Greedy,7605,3658959723,4488123,4488271,148,completed,-10
Greedy,7606,3658959723,4488223,4488374,151,completed,-10
Greedy,7607,3658959723,4488323,4488477,154,completed,-10
Greedy,7608,3658959723,4488423,4488579,156,completed,-10
Greedy,7609,3658959723,4488626,4488776,150,completed,-10
Greedy,7610,3658959723,4490831,4491170,339,completed,-11
Greedy,7611,3658959723,4491032,4491403,371,completed,-11
Greedy,7612,3658959723,4491132,4491506,374,completed,-11
Greedy,7613,3658959723,4491232,4491609,377,completed,-11
Greedy,7614,3658959723,4491332,4491712,380,completed,-11
Greedy,7615,3658959723,4491432,4491815,383,completed,-11
Greedy,7616,3658959723,4491533,4491918,385,completed,-11
Greedy,7617,3658959723,4491633,4492021,388,completed,-11
Greedy,7621,3037662008,4492137,4492304,167,completed,-33
Greedy,7618,3658959723,4491733,4492123,390,completed,-10
Greedy,7622,3037662008,4492237,4492413,176,completed,-33
Greedy,7623,3037662008,4492337,4492523,186,completed,-33
Greedy,7619,3658959723,4491833,4492225,392,completed,-10
Greedy,7620,3658959723,4492037,4492327,290,completed,-10
Greedy,7624,3037662008,4492437,4492626,189,completed,-33
Greedy,7625,3037662008,4492537,4492729,192,completed,-33
Greedy,7626,3037662008,4492637,4492832,195,completed,-33
Greedy,7627,3037662008,4492737,4492935,198,completed,-33
Greedy,7628,3037662008,4492837,4493170,333,completed,-33
Greedy,7629,3037662008,4493038,4493280,242,completed,-33
Greedy,7630,3037662008,4493138,4493383,245,completed,-33
Greedy,7631,3037662008,4493238,4493486,248,completed,-33
Greedy,7632,3037662008,4493338,4493589,251,completed,-33
Greedy,7633,3037662008,4493438,4493692,254,completed,-33
Greedy,7634,3037662008,4493538,4493795,257,completed,-33
Greedy,7635,3037662008,4493638,4493898,260,completed,-33
Greedy,7636,3037662008,4493738,4494000,262,completed,-33
Greedy,7639,3658959723,4494133,4494280,147,completed,-10
Greedy,7637,3037662008,4493838,4494174,336,completed,-34
Greedy,7640,3658959723,4494233,4494383,150,completed,-10
Greedy,7641,3658959723,4494333,4494486,153,completed,-10
Greedy,7642,3658959723,4494433,4494589,156,completed,-10
Greedy,7638,3037662008,4494033,4494276,243,completed,-34
Greedy,7643,3658959723,4494533,4494692,159,completed,-10
Greedy,7644,3658959723,4494633,4494795,162,completed,-10
Greedy,7645,3658959723,4494733,4494898,165,completed,-10
Greedy,7646,3658959723,4494833,4495001,168,completed,-10
Greedy,7647,3658959723,4495041,4495189,148,completed,-10
Greedy,7648,3658959723,4495141,4495292,151,completed,-10
Greedy,7649,3658959723,4495241,4495395,154,completed,-10
Greedy,7650,3658959723,4495341,4495498,157,completed,-10
Greedy,7651,3658959723,4495441,4495601,160,completed,-10
Greedy,7652,3658959723,4495541,4495704,163,completed,-10
Greedy,7653,3658959723,4495641,4495807,166,completed,-10
Greedy,7654,3658959723,4495741,4495910,169,completed,-10
Greedy,7655,3658959723,4495841,4496184,343,completed,-11
Greedy,7656,3658959723,4496041,4496291,250,completed,-11
Greedy,7657,3658959723,4496141,4496393,252,completed,-11
Greedy,7658,3658959723,4496241,4496496,255,completed,-11
Greedy,7659,3658959723,4496341,4496599,258,completed,-11
Greedy,7660,3658959723,4496441,4496702,261,completed,-11
Greedy,7661,3658959723,4496541,4496805,264,completed,-11
Greedy,7662,3658959723,4496641,4496908,267,completed,-11
Greedy,7663,3658959723,4496741,4497010,269,completed,-11
Greedy,7664,3658959723,4496841,4497184,343,completed,-11
Greedy,7665,3658959723,4497043,4497287,244,completed,-11
Greedy,7666,3658959723,4497143,4497393,250,completed,-11
Greedy,7667,3658959723,4497243,4497496,253,completed,-11
Greedy,7668,3658959723,4497343,4497599,256,completed,-11
Greedy,7669,3658959723,4497443,4497702,259,completed,-11
Greedy,7670,3658959723,4497543,4497805,262,completed,-11
Greedy,SUMMARY,ALL,0,0,120000,batch_complete,0
----------------,---,---,---,---,---,----------------,---
Greedy,7671,3658959723,4497643,4497908,265,completed,-11
Greedy,7672,3658959723,4497743,4498011,268,completed,-11
Greedy,7673,3658959723,4505077,4505228,151,completed,-11
Greedy,7674,3658959723,4505177,4505331,154,completed,-11
Greedy,7675,3658959723,4505277,4505434,157,completed,-11
Greedy,7676,3658959723,4505377,4505537,160,completed,-11
Greedy,7677,3658959723,4505477,4505640,163,completed,-11
Greedy,7678,3658959723,4505577,4505743,166,completed,-11
Greedy,7679,3658959723,4505677,4505846,169,completed,-11
Greedy,7680,3658959723,4505777,4505949,172,completed,-11
Greedy,7681,3658959723,4506053,4506202,149,completed,-11
Greedy,7682,3658959723,4508255,4508595,340,completed,-11
Greedy,7683,3658959723,4508457,4508697,240,completed,-11
Greedy,7684,3658959723,4508557,4508926,369,completed,-11
Greedy,7685,3658959723,4508657,4509221,564,completed,-11
Greedy,7686,3658959723,4508757,4509600,843,completed,-11
Greedy,7687,3658959723,4508857,4509702,845,completed,-11
Greedy,7688,3658959723,4508957,4509805,848,completed,-11
Greedy,7689,3658959723,4509064,4509908,844,completed,-11
Greedy,7690,3658959723,4509164,4510011,847,completed,-11
Greedy,7697,3037662008,4510063,4510221,158,completed,-30
Greedy,7691,3658959723,4509463,4510114,651,completed,-11
Greedy,7698,3037662008,4510163,4510324,161,completed,-30
Greedy,7699,3037662008,4510461,4510603,142,completed,-30
Greedy,7700,3037662008,4510561,4510706,145,completed,-30
Greedy,7692,3658959723,4509563,4510215,652,completed,-11
Greedy,7701,3037662008,4510661,4510809,148,completed,-30
Greedy,7702,3037662008,4510761,4510912,151,completed,-30
Greedy,7693,3658959723,4509663,4510316,653,completed,-11
Greedy,7694,3658959723,4509763,4510417,654,completed,-11
Greedy,7703,3037662008,4510861,4511015,154,completed,-30
Greedy,7704,3037662008,4510961,4511120,159,completed,-30
Greedy,7705,3037662008,4511063,4511222,159,completed,-30
Greedy,7695,3658959723,4509863,4510518,655,completed,-11
Greedy,7706,3037662008,4511163,4511325,162,completed,-30
Greedy,7696,3658959723,4509963,4510620,657,completed,-11
Greedy,7707,3037662008,4511458,4511599,141,completed,-30
Greedy,7708,3037662008,4511558,4511708,150,completed,-30
Greedy,7709,3037662008,4511658,4511811,153,completed,-30
Greedy,7710,3037662008,4511758,4511914,156,completed,-30
Greedy,7711,3037662008,4511858,4512017,159,completed,-30
Greedy,7713,3658959723,4512059,4512228,169,completed,-11
Greedy,7714,3658959723,4512159,4512331,172,completed,-11
Greedy,7712,3037662008,4511958,4512120,162,completed,-34
Greedy,7715,3658959723,4512259,4512433,174,completed,-11
Greedy,7716,3658959723,4512466,4512616,150,completed,-11
Greedy,7717,3658959723,4512566,4512719,153,completed,-11
Greedy,7718,3658959723,4512666,4512822,156,completed,-11
Greedy,7719,3658959723,4512766,4512925,159,completed,-11
Greedy,7720,3658959723,4512866,4513028,162,completed,-11
Greedy,7721,3658959723,4512966,4513131,165,completed,-11
Greedy,7722,3658959723,4513075,4513234,159,completed,-11
Greedy,7723,3658959723,4513175,4513337,162,completed,-11
Greedy,7724,3658959723,4513462,4513610,148,completed,-11
Greedy,7725,3658959723,4513562,4513721,159,completed,-11
Greedy,7726,3658959723,4513662,4513831,169,completed,-11
Greedy,7727,3658959723,4513762,4513934,172,completed,-11
Greedy,7728,3658959723,4513862,4514037,175,completed,-11
Greedy,7730,3037662008,4514062,4514228,166,completed,-31
Greedy,7729,3658959723,4513962,4514140,178,completed,-13
Greedy,7731,3037662008,4514162,4514337,175,completed,-31
Greedy,7732,3037662008,4514262,4514440,178,completed,-31
Greedy,7733,3037662008,4514468,4514614,146,completed,-31
Greedy,7734,3037662008,4514568,4514717,149,completed,-31
Greedy,7735,3037662008,4514668,4514820,152,completed,-31
Greedy,7736,3037662008,4514768,4514923,155,completed,-31
Greedy,7737,3037662008,4514868,4515026,158,completed,-31
Greedy,7738,3037662008,4514968,4515129,161,completed,-31
Greedy,7739,3037662008,4515073,4515232,159,completed,-31
Greedy,7740,3037662008,4515173,4515335,162,completed,-31
Greedy,7741,3037662008,4515463,4515605,142,completed,-31
Greedy,7742,3037662008,4515563,4515708,145,completed,-31
Greedy,7743,3037662008,4515663,4515811,148,completed,-31
Greedy,7744,3037662008,4515763,4515914,151,completed,-31
Greedy,7745,3037662008,4515863,4516017,154,completed,-31
Greedy,7747,3658959723,4516063,4516232,169,completed,-11
Greedy,7748,3658959723,4516163,4516335,172,completed,-11
Greedy,7746,3037662008,4515963,4516120,157,completed,-34
Greedy,7749,3658959723,4516263,4516438,175,completed,-11
Greedy,7750,3658959723,4516471,4516636,165,completed,-11
Greedy,7751,3658959723,4516571,4516746,175,completed,-11
Greedy,7752,3658959723,4516671,4516852,181,completed,-11
Greedy,7753,3658959723,4516771,4516955,184,completed,-11
Greedy,7754,3658959723,4516871,4517058,187,completed,-11
Greedy,7755,3658959723,4516971,4517161,190,completed,-11
Greedy,7756,3658959723,4517072,4517263,191,completed,-11
Greedy,7757,3658959723,4517172,4517366,194,completed,-11
Greedy,7758,3658959723,4517465,4517614,149,completed,-11
Greedy,7759,3658959723,4517565,4517724,159,completed,-11
Greedy,7760,3658959723,4517665,4517834,169,completed,-11
Greedy,7761,3658959723,4517765,4517937,172,completed,-11
Greedy,7762,3658959723,4517865,4518039,174,completed,-11
Greedy,7763,3658959723,4517965,4518142,177,completed,-13
Greedy,7764,3037662008,4518065,4518211,146,completed,-31
Greedy,7765,3037662008,4518165,4518320,155,completed,-31
Greedy,7766,3037662008,4518265,4518604,339,completed,-31
Greedy,7767,3037662008,4518469,4518707,238,completed,-31
Greedy,7768,3037662008,4518569,4518810,241,completed,-31
Greedy,7769,3037662008,4518669,4518913,244,completed,-31
Greedy,7770,3037662008,4518769,4519016,247,completed,-31
Greedy,7771,3037662008,4518869,4519119,250,completed,-31
Greedy,7772,3037662008,4518969,4519221,252,completed,-31
Greedy,7773,3037662008,4519069,4519324,255,completed,-31
Greedy,7774,3037662008,4519169,4519427,258,completed,-31
Greedy,7775,3037662008,4519269,4519603,334,completed,-31
Greedy,7776,3037662008,4519471,4519706,235,completed,-31
Greedy,7777,3037662008,4519571,4519812,241,completed,-31
Greedy,7778,3037662008,4519671,4519915,244,completed,-31
Greedy,7779,3037662008,4519771,4520017,246,completed,-31
Greedy,7782,3658959723,4520071,4520220,149,completed,-11
Greedy,7783,3658959723,4520171,4520323,152,completed,-11
Greedy,7780,3037662008,4519871,4520120,249,completed,-35
Greedy,7784,3658959723,4520271,4520612,341,completed,-11
Greedy,7785,3658959723,4520474,4520722,248,completed,-11
Greedy,7781,3037662008,4519971,4520222,251,completed,-35
Greedy,7786,3658959723,4520574,4520832,258,completed,-11
Greedy,7787,3658959723,4520674,4520935,261,completed,-11
Greedy,7788,3658959723,4520774,4521038,264,completed,-11
Greedy,7789,3658959723,4520874,4521141,267,completed,-11
Greedy,7790,3658959723,4520974,4521244,270,completed,-11
Greedy,7791,3658959723,4521074,4521347,273,completed,-11
Greedy,7792,3658959723,4521174,4521450,276,completed,-11
Greedy,7793,3658959723,4521469,4521620,151,completed,-11
Greedy,7794,3658959723,4521569,4521723,154,completed,-11
Greedy,7795,3658959723,4521669,4521826,157,completed,-11
Greedy,7796,3658959723,4521769,4521928,159,completed,-11
Greedy,7797,3658959723,4521869,4522031,162,completed,-11
Greedy,7799,3037662008,4522069,4522211,142,completed,-34
Greedy,7798,3658959723,4521969,4522134,165,completed,-11
Greedy,7800,3037662008,4522169,4522314,145,completed,-34
Greedy,7801,3037662008,4522269,4522417,148,completed,-34
Greedy,7802,3037662008,4522476,4522621,145,completed,-34
Greedy,7803,3037662008,4522576,4522730,154,completed,-34
Greedy,7804,3037662008,4522676,4522833,157,completed,-34
Greedy,7805,3037662008,4522776,4522936,160,completed,-34
Greedy,7806,3037662008,4522876,4523039,163,completed,-34
Greedy,7807,3037662008,4522976,4523142,166,completed,-34
Greedy,7808,3037662008,4523076,4523245,169,completed,-34
Greedy,7809,3037662008,4523176,4523348,172,completed,-34
Greedy,7810,3037662008,4523473,4523615,142,completed,-34
Greedy,7811,3658959723,4525679,4526249,570,completed,-11
Greedy,7812,3658959723,4525879,4526530,651,completed,-11
Greedy,7813,3658959723,4525979,4526802,823,completed,-11
Greedy,7814,3658959723,4526079,4526905,826,completed,-11
Greedy,7815,3658959723,4526179,4527007,828,completed,-11
Greedy,7816,3658959723,4526279,4527110,831,completed,-11
Greedy,7817,3658959723,4526379,4527213,834,completed,-11
Greedy,7818,3658959723,4526479,4527316,837,completed,-11
Greedy,7819,3658959723,4526579,4527419,840,completed,-11
Greedy,7820,3658959723,4526679,4527522,843,completed,-11
Greedy,7821,3658959723,4526887,4527625,738,completed,-11
Greedy,7822,3658959723,4526987,4527728,741,completed,-11
Greedy,7823,3658959723,4527087,4527831,744,completed,-11
Greedy,7824,3658959723,4527187,4527935,748,completed,-11
Greedy,7825,3658959723,4527287,4528036,749,completed,-11
Greedy,7826,3658959723,4527387,4528138,751,completed,-11
Greedy,7827,3658959723,4527488,4528241,753,completed,-11
Greedy,7832,3037662008,4528185,4528325,140,completed,-35
Greedy,7833,3037662008,4528285,4528428,143,completed,-35
Greedy,7828,3658959723,4527589,4528344,755,completed,-11
Greedy,7834,3037662008,4528385,4528531,146,completed,-35
Greedy,7835,3037662008,4528485,4528634,149,completed,-35
Greedy,7836,3037662008,4528585,4528737,152,completed,-35
Greedy,7829,3658959723,4527885,4528446,561,completed,-11
Greedy,7837,3037662008,4528685,4528840,155,completed,-35
Greedy,7838,3037662008,4528888,4529031,143,completed,-35
Greedy,7839,3037662008,4528988,4529140,152,completed,-35
Greedy,7830,3658959723,4527985,4528548,563,completed,-11
Greedy,7831,3658959723,4528085,4528650,565,completed,-11
Greedy,7840,3037662008,4529088,4529243,155,completed,-35
Greedy,7841,3037662008,4529188,4529346,158,completed,-35
Greedy,7842,3037662008,4529288,4529450,162,completed,-35
Greedy,7843,3037662008,4529388,4529553,165,completed,-35
Greedy,7844,3037662008,4529488,4529656,168,completed,-35
Greedy,7845,3037662008,4529588,4529759,171,completed,-35
Greedy,7846,3037662008,4529688,4530021,333,completed,-35
Greedy,7847,3037662008,4529888,4530130,242,completed,-33
Greedy,7849,3658959723,4530088,4530236,148,completed,-11
Greedy,7848,3037662008,4529988,4530233,245,completed,-33
Greedy,7850,3658959723,4530188,4530339,151,completed,-11
Greedy,7851,3658959723,4530288,4530442,154,completed,-11
Greedy,7852,3658959723,4530388,4530545,157,completed,-11
Greedy,7853,3658959723,4530488,4530648,160,completed,-11
Greedy,7854,3658959723,4530588,4530751,163,completed,-11
Greedy,7855,3658959723,4530688,4530853,165,completed,-11
Greedy,7856,3658959723,4530889,4531038,149,completed,-11
Greedy,7857,3658959723,4530989,4531140,151,completed,-11
Greedy,7858,3658959723,4531089,4531243,154,completed,-11
Greedy,7859,3658959723,4531189,4531346,157,completed,-11
Greedy,7860,3658959723,4531289,4531456,167,completed,-11
Greedy,7861,3658959723,4531389,4531559,170,completed,-11
Greedy,7862,3658959723,4531489,4531662,173,completed,-11
Greedy,7863,3658959723,4531589,4531765,176,completed,-11
Greedy,7864,3658959723,4531689,4531868,179,completed,-11
Greedy,7865,3658959723,4531889,4532039,150,completed,-11
Greedy,7866,3658959723,4531989,4532142,153,completed,-12
Greedy,7867,3658959723,4532089,4532245,156,completed,-12
Greedy,7868,3037662008,4532189,4532329,140,completed,-35
Greedy,7869,3037662008,4532289,4532432,143,completed,-35
Greedy,7870,3037662008,4532389,4532535,146,completed,-35
Greedy,7871,3037662008,4532489,4532638,149,completed,-35
Greedy,7872,3037662008,4532589,4532741,152,completed,-35
Greedy,7873,3037662008,4532689,4532844,155,completed,-35
Greedy,7874,3037662008,4532890,4533034,144,completed,-35
Greedy,7875,3037662008,4532990,4533137,147,completed,-35
Greedy,7876,3037662008,4533090,4533248,158,completed,-35
Greedy,7877,3037662008,4533190,4533351,161,completed,-35
Greedy,7878,3037662008,4533290,4533454,164,completed,-35
Greedy,7879,3037662008,4533390,4533557,167,completed,-35
Greedy,7880,3037662008,4533490,4533660,170,completed,-35
Greedy,7881,3037662008,4533590,4533763,173,completed,-35
Greedy,7882,3037662008,4533690,4534027,337,completed,-35
Greedy,7883,3037662008,4533893,4534130,237,completed,-34
Greedy,7885,3658959723,4534093,4534240,147,completed,-11
Greedy,7884,3037662008,4533993,4534233,240,completed,-34
Greedy,7886,3658959723,4534193,4534359,166,completed,-11
Greedy,7887,3658959723,4534293,4534462,169,completed,-11
Greedy,7888,3658959723,4534393,4534565,172,completed,-11
Greedy,7889,3658959723,4534493,4534668,175,completed,-11
Greedy,7890,3658959723,4534593,4534771,178,completed,-11
Greedy,7891,3658959723,4534693,4534874,181,completed,-11
Greedy,7892,3658959723,4534893,4535043,150,completed,-11
Greedy,7893,3658959723,4534993,4535146,153,completed,-11
Greedy,7894,3658959723,4535093,4535249,156,completed,-11
Greedy,7895,3658959723,4535193,4535352,159,completed,-11
Greedy,7896,3658959723,4535293,4535455,162,completed,-11
Greedy,7897,3658959723,4535393,4535558,165,completed,-11
Greedy,7898,3658959723,4535493,4535661,168,completed,-11
Greedy,7899,3658959723,4535593,4535764,171,completed,-11
Greedy,7900,3658959723,4535693,4536036,343,completed,-11
Greedy,7901,3658959723,4535895,4536146,251,completed,-12
Greedy,7903,3037662008,4536095,4536235,140,completed,-31
Greedy,7902,3658959723,4535995,4536249,254,completed,-12
Greedy,7904,3037662008,4536195,4536338,143,completed,-31
Greedy,7905,3037662008,4536295,4536441,146,completed,-31
Greedy,7906,3037662008,4536395,4536544,149,completed,-31
Greedy,7907,3037662008,4536495,4536647,152,completed,-31
Greedy,7908,3037662008,4536595,4536750,155,completed,-31
Greedy,7909,3037662008,4536695,4536853,158,completed,-31
Greedy,7910,3037662008,4536895,4537038,143,completed,-31
Greedy,7911,3037662008,4536995,4537141,146,completed,-31
Greedy,7912,3037662008,4537095,4537244,149,completed,-31
Greedy,7913,3037662008,4537195,4537347,152,completed,-31
Greedy,7914,3037662008,4537295,4537450,155,completed,-31
Greedy,7915,3037662008,4537395,4537553,158,completed,-31
Greedy,7916,3037662008,4537495,4537656,161,completed,-31
Greedy,7917,3037662008,4537595,4537759,164,completed,-31
Greedy,7918,3037662008,4537695,4538031,336,completed,-31
Greedy,7921,3658959723,4538098,4538246,148,completed,-11
Greedy,7919,3037662008,4537898,4538134,236,completed,-33
Greedy,7922,3658959723,4538198,4538349,151,completed,-11
Greedy,7923,3658959723,4538298,4538452,154,completed,-11
Greedy,7920,3037662008,4537998,4538236,238,completed,-33
Greedy,7924,3658959723,4538398,4538555,157,completed,-11
Greedy,7925,3658959723,4538498,4538658,160,completed,-11
Greedy,7926,3658959723,4538598,4538761,163,completed,-11
Greedy,7927,3658959723,4538698,4538864,166,completed,-11
Greedy,7928,3658959723,4538899,4539049,150,completed,-11
Greedy,7929,3658959723,4538999,4539152,153,completed,-11
Greedy,7930,3658959723,4539099,4539255,156,completed,-11
Greedy,7931,3658959723,4539199,4539357,158,completed,-11
Greedy,7932,3658959723,4539299,4539460,161,completed,-11
Greedy,7933,3658959723,4539399,4539563,164,completed,-11
Greedy,7934,3658959723,4539499,4539665,166,completed,-11
Greedy,7935,3658959723,4539599,4539768,169,completed,-11
Greedy,7936,3658959723,4539699,4539871,172,completed,-11
Greedy,7937,3658959723,4539899,4540049,150,completed,-11
Greedy,7939,3037662008,4540099,4540238,139,completed,-32
Greedy,7938,3658959723,4539999,4540152,153,completed,-12
Greedy,7940,3037662008,4540199,4540379,180,completed,-32
Greedy,7941,3037662008,4540299,4540482,183,completed,-32
Greedy,7942,3037662008,4540399,4540585,186,completed,-32
Greedy,7943,3037662008,4540499,4540688,189,completed,-32
Greedy,7944,3037662008,4540599,4540791,192,completed,-32
Greedy,7945,3037662008,4540699,4540894,195,completed,-32
Greedy,7946,3037662008,4540902,4541044,142,completed,-32
Greedy,7947,3037662008,4543102,4543441,339,completed,-40
Greedy,7948,3658959723,4543308,4543531,223,completed,-16
Greedy,7949,3658959723,4543408,4543634,226,completed,-16
Greedy,7950,3658959723,4543508,4543737,229,completed,-16
Greedy,7951,3658959723,4543608,4543840,232,completed,-16
Greedy,7952,3658959723,4543708,4543943,235,completed,-16
Greedy,7953,3658959723,4543808,4544046,238,completed,-16
Greedy,7954,3658959723,4543910,4544149,239,completed,-11
Greedy,7955,3658959723,4544013,4544252,239,completed,-11
Greedy,7956,3037662008,4544303,4544443,140,completed,-31
Greedy,7957,3037662008,4544403,4544582,179,completed,-31
Greedy,7958,3037662008,4544503,4544685,182,completed,-31
Greedy,7959,3037662008,4544603,4544788,185,completed,-31
Greedy,7960,3037662008,4544703,4544891,188,completed,-31
Greedy,7961,3037662008,4544803,4544994,191,completed,-31
Greedy,7962,3037662008,4544903,4545097,194,completed,-31
Greedy,7963,3037662008,4545003,4545200,197,completed,-31
Greedy,7964,3037662008,4545103,4545303,200,completed,-31
Greedy,7965,3037662008,4545305,4545464,159,completed,-31
Greedy,7966,3037662008,4545405,4545574,169,completed,-31
Greedy,7967,3037662008,4545505,4545676,171,completed,-31
Greedy,7968,3037662008,4545605,4545779,174,completed,-31
Greedy,7969,3037662008,4545705,4545882,177,completed,-31
Greedy,7970,3037662008,4545805,4545985,180,completed,-31
Greedy,7971,3037662008,4545905,4546089,184,completed,-35
Greedy,7973,3658959723,4546105,4546252,147,completed,-11
Greedy,7972,3037662008,4546005,4546192,187,completed,-35
Greedy,7974,3658959723,4546308,4546463,155,completed,-11
Greedy,7975,3658959723,4546408,4546566,158,completed,-11
Greedy,7976,3658959723,4546508,4546669,161,completed,-11
Greedy,7977,3658959723,4546608,4546772,164,completed,-11
Greedy,7978,3658959723,4546708,4546875,167,completed,-11
Greedy,7979,3658959723,4546808,4546978,170,completed,-11
Greedy,7980,3658959723,4546908,4547081,173,completed,-11
Greedy,7981,3658959723,4547008,4547184,176,completed,-11
Greedy,7982,3658959723,4547110,4547451,341,completed,-11
Greedy,7983,3658959723,4547311,4547561,250,completed,-11
Greedy,7984,3658959723,4547411,4547664,253,completed,-11
Greedy,7985,3658959723,4547511,4547767,256,completed,-11
Greedy,7986,3658959723,4547611,4547870,259,completed,-11
Greedy,7987,3658959723,4547711,4547973,262,completed,-11
Greedy,7988,3658959723,4547811,4548076,265,completed,-11
Greedy,7989,3658959723,4547911,4548179,268,completed,-11
Greedy,7990,3658959723,4548011,4548280,269,completed,-11
Greedy,7991,3658959723,4548111,4548452,341,completed,-11
Greedy,7993,3037662008,4548408,4548547,139,completed,-33
Greedy,7994,3037662008,4548508,4548656,148,completed,-33
Greedy,7992,3658959723,4548308,4548555,247,completed,-11
Greedy,7995,3037662008,4548608,4548759,151,completed,-33
Greedy,7996,3037662008,4548708,4548862,154,completed,-33
Greedy,7997,3037662008,4548808,4548965,157,completed,-33
Greedy,7998,3037662008,4548908,4549068,160,completed,-33
Greedy,7999,3037662008,4549008,4549171,163,completed,-33
Greedy,8000,3037662008,4549108,4549444,336,completed,-33
Greedy,8001,3037662008,4549309,4549547,238,completed,-33
Greedy,8002,3037662008,4549409,4549653,244,completed,-33
Greedy,8003,3037662008,4549509,4549756,247,completed,-33
Greedy,8004,3037662008,4549609,4549859,250,completed,-33
Greedy,8005,3037662008,4549709,4549962,253,completed,-33
Greedy,8006,3037662008,4549809,4550065,256,completed,-33
Greedy,8009,3658959723,4550109,4550256,147,completed,-11
Greedy,8007,3037662008,4549909,4550168,259,completed,-34
Greedy,8010,3658959723,4550312,4550461,149,completed,-11
Greedy,8011,3658959723,4550412,4550570,158,completed,-11
Greedy,8008,3037662008,4550009,4550270,261,completed,-34
Greedy,8012,3658959723,4550512,4550673,161,completed,-11
Greedy,8013,3658959723,4550612,4550776,164,completed,-11
Greedy,8014,3658959723,4550712,4550879,167,completed,-11
Greedy,8015,3658959723,4550812,4550982,170,completed,-11
Greedy,8016,3658959723,4550912,4551085,173,completed,-11
Greedy,8017,3658959723,4551012,4551188,176,completed,-11
Greedy,8018,3658959723,4551113,4551469,356,completed,-11
Greedy,8019,3658959723,4551317,4551648,331,completed,-11
Greedy,8020,3658959723,4551417,4551751,334,completed,-11
Greedy,8021,3658959723,4551517,4551854,337,completed,-11
Greedy,8022,3658959723,4551617,4551957,340,completed,-11
Greedy,8023,3658959723,4551720,4552060,340,completed,-11
Greedy,8024,3658959723,4551821,4552163,342,completed,-12
Greedy,8027,3037662008,4552309,4552458,149,completed,-30
Greedy,8028,3037662008,4552409,4552561,152,completed,-30
Greedy,8025,3658959723,4551921,4552265,344,completed,-12
Greedy,8029,3037662008,4552509,4552664,155,completed,-30
Greedy,8030,3037662008,4552609,4552767,158,completed,-30
Greedy,8031,3037662008,4552709,4552870,161,completed,-30
Greedy,8026,3658959723,4552021,4552366,345,completed,-12
Greedy,8032,3037662008,4552809,4552973,164,completed,-30
Greedy,8033,3037662008,4552909,4553076,167,completed,-30
Greedy,8034,3037662008,4553009,4553179,170,completed,-30
Greedy,8035,3037662008,4553109,4553471,362,completed,-30
Greedy,8036,3037662008,4553311,4553574,263,completed,-30
Greedy,8037,3037662008,4553411,4553677,266,completed,-30
Greedy,8038,3037662008,4553511,4553780,269,completed,-30
Greedy,8039,3037662008,4553611,4553883,272,completed,-30
Greedy,8040,3037662008,4553711,4553986,275,completed,-30
Greedy,8041,3037662008,4553811,4554089,278,completed,-30
Greedy,8044,3658959723,4554111,4554258,147,completed,-11
Greedy,8045,3658959723,4554320,4554467,147,completed,-11
Greedy,8046,3658959723,4554420,4554570,150,completed,-11
Greedy,8042,3037662008,4553911,4554193,282,completed,-32
Greedy,8047,3658959723,4554520,4554673,153,completed,-11
Greedy,8048,3658959723,4554620,4554776,156,completed,-11
Greedy,8049,3658959723,4554720,4554879,159,completed,-11
Greedy,8043,3037662008,4554011,4554295,284,completed,-32
Greedy,8050,3658959723,4554820,4554982,162,completed,-11
Greedy,8051,3658959723,4554920,4555085,165,completed,-11
Greedy,8052,3658959723,4555020,4555188,168,completed,-11
Greedy,8053,3658959723,4555120,4555461,341,completed,-11
Greedy,8054,3658959723,4555321,4555570,249,completed,-11
Greedy,8055,3658959723,4555421,4555679,258,completed,-11
Greedy,8056,3658959723,4555521,4555788,267,completed,-11
Greedy,8057,3658959723,4555621,4555891,270,completed,-11
Greedy,8058,3658959723,4555721,4555994,273,completed,-11
Greedy,8059,3658959723,4555821,4556096,275,completed,-11
Greedy,8060,3658959723,4555921,4556199,278,completed,-11
Greedy,8064,3037662008,4556417,4556557,140,completed,-33
Greedy,8061,3658959723,4556021,4556300,279,completed,-11
Greedy,8065,3037662008,4556517,4556660,143,completed,-33
Greedy,8066,3037662008,4556617,4556763,146,completed,-33
Greedy,8067,3037662008,4556717,4556866,149,completed,-33
Greedy,8062,3658959723,4556121,4556464,343,completed,-11
Greedy,8063,3658959723,4556317,4556566,249,completed,-11
Greedy,8068,3037662008,4556817,4556969,152,completed,-33
Greedy,8069,3037662008,4556917,4557072,155,completed,-33
Greedy,8070,3037662008,4557017,4557175,158,completed,-33
Greedy,8071,3037662008,4557119,4557456,337,completed,-33
Greedy,8072,3037662008,4557323,4557559,236,completed,-33
Greedy,8073,3037662008,4557423,4557666,243,completed,-33
Greedy,8074,3037662008,4557523,4557769,246,completed,-33
Greedy,8075,3037662008,4557623,4557872,249,completed,-33
Greedy,8076,3037662008,4557723,4557975,252,completed,-33
Greedy,8077,3037662008,4557823,4558078,255,completed,-33
Greedy,8080,3658959723,4558123,4558269,146,completed,-11
Greedy,8078,3037662008,4557923,4558181,258,completed,-32
Greedy,8081,3658959723,4558327,4558481,154,completed,-11
Greedy,8079,3037662008,4558023,4558284,261,completed,-32
Greedy,8082,3658959723,4560533,4560889,356,completed,-11
Greedy,8083,3658959723,4560737,4560992,255,completed,-11
Greedy,8084,3658959723,4560837,4561095,258,completed,-11
Greedy,8085,3658959723,4560937,4561198,261,completed,-11
Greedy,8086,3658959723,4561037,4561301,264,completed,-11
Greedy,8087,3658959723,4561137,4561404,267,completed,-11
Greedy,8088,3658959723,4561237,4561507,270,completed,-11
Greedy,8089,3658959723,4561337,4561610,273,completed,-11
Greedy,8090,3658959723,4561437,4561713,276,completed,-11
Greedy,8091,3658959723,4561537,4561879,342,completed,-11
Greedy,8092,3658959723,4561738,4561985,247,completed,-11
Greedy,8093,3658959723,4561838,4562088,250,completed,-11
Greedy,8096,3037662008,4562138,4562278,140,completed,-32
Greedy,8094,3658959723,4561938,4562191,253,completed,-12
Greedy,8097,3037662008,4562238,4562387,149,completed,-32
Greedy,8098,3037662008,4562338,4562490,152,completed,-32
Greedy,8095,3658959723,4562038,4562293,255,completed,-12
Greedy,8099,3037662008,4562438,4562593,155,completed,-32
Greedy,8100,3037662008,4562539,4562889,350,completed,-32
Greedy,8101,3037662008,4562743,4562992,249,completed,-32
Greedy,8102,3037662008,4562843,4563095,252,completed,-32
Greedy,8103,3037662008,4562943,4563199,256,completed,-32
Greedy,8104,3037662008,4563043,4563301,258,completed,-32
Greedy,8105,3037662008,4563143,4563404,261,completed,-32
Greedy,8106,3037662008,4563243,4563507,264,completed,-32
Greedy,8107,3037662008,4563343,4563610,267,completed,-32
Greedy,8108,3037662008,4563443,4563713,270,completed,-32
Greedy,8109,3037662008,4563737,4563880,143,completed,-32
Greedy,8110,3037662008,4563837,4563983,146,completed,-32
Greedy,8111,3037662008,4563937,4564086,149,completed,-32
Greedy,8113,3658959723,4564137,4564284,147,completed,-11
Greedy,8112,3037662008,4564037,4564189,152,completed,-34
Greedy,8114,3658959723,4564237,4564387,150,completed,-11
Greedy,8115,3658959723,4564337,4564490,153,completed,-11
Greedy,8116,3658959723,4564437,4564593,156,completed,-11
Greedy,8117,3658959723,4564537,4564696,159,completed,-11
Greedy,8118,3658959723,4564742,4565122,380,completed,-11
Greedy,8119,3658959723,4564842,4565255,413,completed,-11
Greedy,8120,3658959723,4564942,4565363,421,completed,-11
Greedy,8121,3658959723,4565042,4565466,424,completed,-11
Greedy,8122,3658959723,4565142,4565569,427,completed,-11
Greedy,8123,3658959723,4565242,4565675,433,completed,-11
Greedy,8124,3658959723,4565342,4565777,435,completed,-11
Greedy,8125,3658959723,4565442,4565884,442,completed,-11
Greedy,8126,3658959723,4565542,4565987,445,completed,-11
Greedy,8127,3658959723,4565737,4566090,353,completed,-11
Greedy,8128,3658959723,4565837,4566193,356,completed,-11
Greedy,8132,3037662008,4566237,4566377,140,completed,-32
Greedy,8133,3037662008,4566337,4566486,149,completed,-32
Greedy,8129,3658959723,4565937,4566295,358,completed,-11
Greedy,8130,3658959723,4566037,4566397,360,completed,-11
Greedy,8134,3037662008,4566437,4566589,152,completed,-32
Greedy,8131,3658959723,4566137,4566499,362,completed,-11
Greedy,8135,3037662008,4566537,4566692,155,completed,-32
Greedy,8136,3037662008,4566747,4566893,146,completed,-32
Greedy,8137,3037662008,4566847,4566996,149,completed,-32
Greedy,8138,3037662008,4566947,4567099,152,completed,-32
Greedy,8139,3037662008,4567047,4567202,155,completed,-32
Greedy,8140,3037662008,4567147,4567305,158,completed,-32
Greedy,8141,3037662008,4567247,4567408,161,completed,-32
Greedy,8142,3037662008,4567347,4567511,164,completed,-32
Greedy,8143,3037662008,4567447,4567614,167,completed,-32
Greedy,8144,3037662008,4567744,4567886,142,completed,-32
Greedy,8145,3037662008,4567844,4567989,145,completed,-32
Greedy,8146,3037662008,4567944,4568092,148,completed,-32
Greedy,8148,3658959723,4568144,4568291,147,completed,-11
Greedy,8149,3658959723,4568244,4568400,156,completed,-11
Greedy,8150,3658959723,4568344,4568503,159,completed,-11
Greedy,8147,3037662008,4568044,4568195,151,completed,-38
Greedy,8151,3658959723,4568444,4568606,162,completed,-11
Greedy,8152,3658959723,4568544,4568886,342,completed,-11
Greedy,8153,3658959723,4568745,4568989,244,completed,-11
Greedy,8154,3658959723,4568845,4569092,247,completed,-11
Greedy,8155,3658959723,4568945,4569195,250,completed,-11
Greedy,8156,3658959723,4569046,4569298,252,completed,-11
Greedy,8157,3658959723,4569146,4569401,255,completed,-11
Greedy,8158,3658959723,4569246,4569504,258,completed,-11
Greedy,8159,3658959723,4569346,4569607,261,completed,-11
Greedy,8160,3658959723,4569446,4569709,263,completed,-11
Greedy,8161,3658959723,4569546,4569888,342,completed,-11
Greedy,8162,3658959723,4569747,4569991,244,completed,-11
Greedy,8163,3658959723,4569847,4570097,250,completed,-11
Greedy,8164,3658959723,4569947,4570199,252,completed,-13
Greedy,8165,3658959723,4570047,4570301,254,completed,-13
Greedy,8167,3037662008,4570247,4570387,140,completed,-35
Greedy,8168,3037662008,4570347,4570496,149,completed,-35
Greedy,8166,3658959723,4570147,4570403,256,completed,-13
Greedy,8169,3037662008,4570447,4570599,152,completed,-35
Greedy,8170,3037662008,4570551,4570885,334,completed,-35
Greedy,8171,3037662008,4570752,4570994,242,completed,-35
Greedy,8172,3037662008,4570852,4571097,245,completed,-35
Greedy,8173,3037662008,4570952,4571200,248,completed,-35
Greedy,8174,3037662008,4571052,4571302,250,completed,-35
Greedy,8175,3037662008,4571152,4571405,253,completed,-35
Greedy,8176,3037662008,4571252,4571508,256,completed,-35
Greedy,8177,3037662008,4571352,4571611,259,completed,-35
Greedy,8178,3037662008,4571452,4571714,262,completed,-35
Greedy,8179,3037662008,4571552,4571887,335,completed,-35
Greedy,8180,3037662008,4571753,4571990,237,completed,-35
Greedy,8181,3037662008,4571853,4572093,240,completed,-35
Greedy,8184,3658959723,4572153,4572317,164,completed,-11
Greedy,8185,3658959723,4572253,4572419,166,completed,-11
Greedy,8186,3658959723,4572353,4572522,169,completed,-11
Greedy,8182,3037662008,4571953,4572196,243,completed,-33
Greedy,8187,3658959723,4572453,4572625,172,completed,-11
Greedy,8183,3037662008,4572053,4572298,245,completed,-33
Greedy,8188,3658959723,4572554,4572897,343,completed,-11
Greedy,8189,3658959723,4572760,4573008,248,completed,-11
Greedy,8190,3658959723,4572860,4573118,258,completed,-11
Greedy,8191,3658959723,4572960,4573221,261,completed,-11
Greedy,8192,3658959723,4573066,4573324,258,completed,-11
Greedy,8193,3658959723,4573166,4573427,261,completed,-11
Greedy,8194,3658959723,4573266,4573530,264,completed,-11
Greedy,8195,3658959723,4573366,4573633,267,completed,-11
Greedy,8196,3658959723,4573466,4573736,270,completed,-11
Greedy,8197,3658959723,4573756,4573903,147,completed,-11
Greedy,8198,3658959723,4573856,4574006,150,completed,-11
Greedy,8199,3658959723,4573956,4574109,153,completed,-11
Greedy,8200,3658959723,4574056,4574234,178,completed,-12
Greedy,8201,3658959723,4574156,4574337,181,completed,-12
Greedy,8202,3658959723,4574256,4574440,184,completed,-12
Greedy,8203,3658959723,4574356,4574543,187,completed,-12
Greedy,8204,3658959723,4574456,4574646,190,completed,-12
Greedy,8205,3658959723,4574556,4574897,341,completed,-12
Greedy,8206,3658959723,4574757,4575000,243,completed,-12
Greedy,8207,3658959723,4574857,4575103,246,completed,-12
Greedy,8208,3658959723,4574957,4575206,249,completed,-12
Greedy,8209,3658959723,4575067,4575309,242,completed,-12
Greedy,8210,3658959723,4575167,4575412,245,completed,-12
Greedy,8211,3658959723,4575267,4575518,251,completed,-12
Greedy,8212,3658959723,4575367,4575621,254,completed,-12
Greedy,8213,3658959723,4575467,4575724,257,completed,-12
Greedy,8214,3658959723,4575757,4575908,151,completed,-12
Greedy,8215,3658959723,4577971,4578382,411,completed,-11
Greedy,8216,3658959723,4578177,4578796,619,completed,-11
Greedy,8217,3658959723,4578277,4578905,628,completed,-11
Greedy,8218,3658959723,4578377,4579008,631,completed,-11
Greedy,8219,3658959723,4578477,4579111,634,completed,-11
Greedy,8220,3658959723,4578577,4579216,639,completed,-11
Greedy,8221,3658959723,4578677,4579319,642,completed,-11
Greedy,8222,3658959723,4578777,4579422,645,completed,-11
Greedy,8223,3658959723,4578877,4579525,648,completed,-11
Greedy,8224,3658959723,4579185,4579628,443,completed,-11
Greedy,8225,3658959723,4579287,4579731,444,completed,-11
Greedy,8226,3658959723,4579390,4579834,444,completed,-11
Greedy,8227,3658959723,4579494,4579937,443,completed,-11
Greedy,8228,3658959723,4579594,4580040,446,completed,-11
Greedy,8229,3658959723,4579694,4580143,449,completed,-13
Greedy,8230,3658959723,4579794,4580244,450,completed,-13
Greedy,8231,3658959723,4579894,4580346,452,completed,-13
Greedy,8233,3037662008,4580286,4580426,140,completed,-32
Greedy,8232,3658959723,4580186,4580449,263,completed,-13
Greedy,8234,3037662008,4580386,4580529,143,completed,-32
Greedy,8235,3037662008,4580486,4580635,149,completed,-32
Greedy,8236,3037662008,4580586,4580738,152,completed,-32
Greedy,8237,3037662008,4580686,4580841,155,completed,-32
Greedy,8238,3037662008,4580786,4580944,158,completed,-32
Greedy,8239,3037662008,4580886,4581047,161,completed,-32
Greedy,8240,3037662008,4581180,4581336,156,completed,-32
Greedy,8241,3037662008,4581280,4581439,159,completed,-32
Greedy,8242,3037662008,4581380,4581542,162,completed,-32
Greedy,8243,3037662008,4581480,4581645,165,completed,-32
Greedy,8244,3037662008,4581580,4581748,168,completed,-32
Greedy,8245,3037662008,4581680,4581851,171,completed,-32
Greedy,8246,3037662008,4581780,4581954,174,completed,-32
Greedy,8247,3037662008,4581880,4582057,177,completed,-32
Greedy,8248,3037662008,4582185,4582330,145,completed,-36
Greedy,8249,3037662008,4582285,4582433,148,completed,-36
Greedy,8250,3037662008,4582385,4582536,151,completed,-36
Greedy,8251,3037662008,4582485,4582639,154,completed,-36
Greedy,8252,3037662008,4582585,4582742,157,completed,-36
Greedy,8253,3037662008,4582685,4582845,160,completed,-36
Greedy,8254,3037662008,4582785,4582948,163,completed,-36
Greedy,8255,3037662008,4582885,4583051,166,completed,-36
Greedy,8256,3037662008,4583183,4583342,159,completed,-36
Greedy,8257,3658959723,4583283,4583431,148,completed,-11
Greedy,8258,3658959723,4583383,4583540,157,completed,-11
Greedy,8259,3658959723,4583483,4583650,167,completed,-11
Greedy,8260,3658959723,4583583,4583753,170,completed,-11
Greedy,8261,3658959723,4583683,4583856,173,completed,-11
Greedy,8262,3658959723,4583783,4583959,176,completed,-11
Greedy,8263,3658959723,4583883,4584062,179,completed,-11
Greedy,8264,3658959723,4584189,4584337,148,completed,-12
Greedy,8265,3658959723,4584289,4584487,198,completed,-12
Greedy,8266,3658959723,4584389,4584596,207,completed,-12
Greedy,8267,3658959723,4584489,4584712,223,completed,-12
Greedy,8268,3658959723,4584589,4584815,226,completed,-12
Greedy,8269,3658959723,4584689,4584918,229,completed,-12
Greedy,8270,3658959723,4584789,4585020,231,completed,-12
Greedy,8271,3658959723,4584889,4585123,234,completed,-12
Greedy,8272,3658959723,4585187,4585337,150,completed,-12
Greedy,8273,3658959723,4585287,4585440,153,completed,-12
Greedy,8274,3658959723,4585387,4585543,156,completed,-12
Greedy,8275,3658959723,4585487,4585646,159,completed,-12
Greedy,8276,3658959723,4585587,4585750,163,completed,-12
Greedy,8277,3658959723,4585687,4585853,166,completed,-12
Greedy,8278,3658959723,4585787,4585956,169,completed,-12
Greedy,8279,3658959723,4585887,4586059,172,completed,-12
Greedy,8280,3658959723,4586188,4586368,180,completed,-12
Greedy,8281,3658959723,4586288,4586471,183,completed,-12
Greedy,8282,3658959723,4586388,4586574,186,completed,-12
Greedy,8283,3658959723,4586488,4586677,189,completed,-12
Greedy,8284,3658959723,4586588,4586780,192,completed,-12
Greedy,8285,3658959723,4586688,4586883,195,completed,-12
Greedy,8286,3658959723,4586788,4586986,198,completed,-12
Greedy,8287,3658959723,4586888,4587089,201,completed,-12
Greedy,8288,3658959723,4587182,4587333,151,completed,-12
Greedy,8289,3658959723,4587282,4587436,154,completed,-12
Greedy,8290,3658959723,4587382,4587540,158,completed,-12
Greedy,8291,3658959723,4587482,4587669,187,completed,-12
Greedy,8292,3658959723,4587582,4587779,197,completed,-12
Greedy,8293,3658959723,4587682,4587882,200,completed,-12
Greedy,8294,3658959723,4587782,4587985,203,completed,-12
Greedy,8295,3658959723,4587882,4588094,212,completed,-12
Greedy,8296,3658959723,4587982,4588341,359,completed,-12
Greedy,8297,3658959723,4588193,4588449,256,completed,-12
Greedy,8298,3658959723,4588293,4588552,259,completed,-12
Greedy,8299,3658959723,4588393,4588655,262,completed,-12
Greedy,8300,3658959723,4588493,4588758,265,completed,-12
Greedy,8301,3658959723,4588593,4588861,268,completed,-12
Greedy,8302,3658959723,4588693,4588964,271,completed,-12
Greedy,8303,3658959723,4588793,4589067,274,completed,-12
Greedy,8304,3658959723,4588893,4589169,276,completed,-12
Greedy,8305,3658959723,4589188,4589337,149,completed,-12
Greedy,8306,3658959723,4589288,4589440,152,completed,-12
Greedy,8307,3658959723,4589388,4589543,155,completed,-12
Greedy,8308,3658959723,4589488,4589646,158,completed,-12
Greedy,8309,3658959723,4589588,4589749,161,completed,-12
Greedy,8310,3658959723,4589688,4589852,164,completed,-12
Greedy,8311,3658959723,4589788,4589955,167,completed,-12
Greedy,8312,3658959723,4589888,4590058,170,completed,-12
Greedy,8313,3658959723,4590193,4590343,150,completed,-12
Greedy,8314,3658959723,4590293,4590445,152,completed,-12
Greedy,8315,3658959723,4590393,4590551,158,completed,-12
Greedy,8316,3658959723,4590493,4590654,161,completed,-12
Greedy,8317,3658959723,4590593,4590757,164,completed,-12
Greedy,8318,3658959723,4590693,4590859,166,completed,-12
Greedy,8319,3658959723,4590793,4590962,169,completed,-12
Greedy,8320,3658959723,4590893,4591065,172,completed,-12
Greedy,8321,3658959723,4591190,4591337,147,completed,-12
Greedy,8322,3658959723,4591290,4591446,156,completed,-12
Greedy,8323,3658959723,4591390,4591560,170,completed,-12
Greedy,8324,3658959723,4591490,4591676,186,completed,-12
Greedy,8325,3658959723,4591590,4591779,189,completed,-12
Greedy,8326,3658959723,4591690,4591882,192,completed,-12
Greedy,8327,3658959723,4591790,4591985,195,completed,-12
Greedy,8328,3658959723,4591890,4592088,198,completed,-12
Greedy,8329,3658959723,4592195,4592345,150,completed,-12
Greedy,8330,3658959723,4592295,4592448,153,completed,-12
Greedy,8331,3658959723,4592395,4592551,156,completed,-12
Greedy,8332,3658959723,4592495,4592654,159,completed,-12
Greedy,8333,3658959723,4592595,4592757,162,completed,-12
Greedy,8334,3658959723,4592695,4592860,165,completed,-12
Greedy,8335,3658959723,4592795,4592963,168,completed,-12
Greedy,8336,3658959723,4592895,4593066,171,completed,-12
Greedy,8337,3658959723,4593193,4593350,157,completed,-12
Greedy,8338,3658959723,4595405,4595746,341,completed,-10
Greedy,8339,3658959723,4595606,4595849,243,completed,-10
Greedy,8340,3658959723,4595706,4595954,248,completed,-10
Greedy,8341,3658959723,4595806,4596057,251,completed,-10
Greedy,8345,3037662008,4596206,4596347,141,completed,-35
Greedy,8342,3658959723,4595906,4596159,253,completed,-12
Greedy,8343,3658959723,4596006,4596261,255,completed,-12
Greedy,8346,3037662008,4596306,4596457,151,completed,-35
Greedy,8347,3037662008,4596406,4596560,154,completed,-35
Greedy,8344,3658959723,4596106,4596363,257,completed,-12
Greedy,8348,3037662008,4596606,4596750,144,completed,-35
Greedy,8349,3037662008,4596706,4596853,147,completed,-35
Greedy,8350,3037662008,4596806,4596956,150,completed,-35
Greedy,8351,3037662008,4596906,4597059,153,completed,-35
Greedy,8352,3037662008,4597006,4597162,156,completed,-35
Greedy,8353,3037662008,4597106,4597265,159,completed,-35
Greedy,8354,3037662008,4597206,4597368,162,completed,-35
Greedy,8355,3037662008,4597306,4597471,165,completed,-35
Greedy,8356,3037662008,4597406,4597574,168,completed,-35
Greedy,8357,3037662008,4597611,4597751,140,completed,-35
Greedy,8358,3037662008,4597711,4597859,148,completed,-35
Greedy,8359,3037662008,4597811,4597968,157,completed,-35
Greedy,8360,3037662008,4597911,4598071,160,completed,-35
Greedy,8362,3658959723,4598111,4598259,148,completed,-10
Greedy,8363,3658959723,4598211,4598362,151,completed,-10
Greedy,8361,3037662008,4598011,4598174,163,completed,-34
Greedy,8364,3658959723,4598311,4598465,154,completed,-10
Greedy,8365,3658959723,4598411,4598752,341,completed,-10
Greedy,8366,3658959723,4598611,4598855,244,completed,-10
Greedy,8367,3658959723,4598711,4598959,248,completed,-10
Greedy,8368,3658959723,4598811,4599062,251,completed,-10
Greedy,8369,3658959723,4598911,4599165,254,completed,-10
Greedy,8370,3658959723,4599011,4599271,260,completed,-10
Greedy,8371,3658959723,4599111,4599374,263,completed,-10
Greedy,8372,3658959723,4599211,4599477,266,completed,-10
Greedy,8373,3658959723,4599311,4599580,269,completed,-10
Greedy,8374,3658959723,4599411,4599755,344,completed,-10
Greedy,8375,3658959723,4599614,4599858,244,completed,-10
Greedy,8376,3658959723,4599714,4599960,246,completed,-10
Greedy,8377,3658959723,4599814,4600066,252,completed,-10
Greedy,8378,3658959723,4599916,4600169,253,completed,-12
Greedy,8379,3658959723,4600016,4600272,256,completed,-12
Greedy,8381,3037662008,4600216,4600355,139,completed,-31
Greedy,8382,3037662008,4600316,4600464,148,completed,-31
Greedy,8380,3658959723,4600116,4600375,259,completed,-12
Greedy,8383,3037662008,4600613,4600761,148,completed,-31
Greedy,8384,3037662008,4600713,4600864,151,completed,-31
Greedy,8385,3037662008,4600813,4600967,154,completed,-31
Greedy,8386,3037662008,4600913,4601070,157,completed,-31
Greedy,8387,3037662008,4601013,4601173,160,completed,-31
Greedy,8388,3037662008,4601113,4601276,163,completed,-31
Greedy,8389,3037662008,4601213,4601379,166,completed,-31
Greedy,8390,3037662008,4601313,4601482,169,completed,-31
Greedy,8391,3037662008,4601413,4601751,338,completed,-31
Greedy,8392,3037662008,4601614,4601857,243,completed,-31
Greedy,8393,3037662008,4601714,4601960,246,completed,-31
Greedy,8394,3037662008,4601814,4602063,249,completed,-31
Greedy,8395,3037662008,4601914,4602166,252,completed,-32
Greedy,8397,3658959723,4602114,4602263,149,completed,-11
Greedy,8398,3658959723,4602214,4602366,152,completed,-11
Greedy,8399,3658959723,4602314,4602469,155,completed,-11
Greedy,8396,3037662008,4602014,4602268,254,completed,-32
Greedy,8400,3658959723,4602414,4602572,158,completed,-11
Greedy,8401,3658959723,4602619,4602769,150,completed,-11
Greedy,8402,3658959723,4602719,4602872,153,completed,-11
Greedy,8403,3658959723,4602819,4602975,156,completed,-11
Greedy,8404,3658959723,4602919,4603078,159,completed,-11
Greedy,8405,3658959723,4603019,4603181,162,completed,-11
Greedy,8406,3658959723,4603119,4603284,165,completed,-11
Greedy,8407,3658959723,4603219,4603387,168,completed,-11
Greedy,8408,3658959723,4603319,4603491,172,completed,-11
Greedy,8409,3658959723,4603614,4603763,149,completed,-11
Greedy,8410,3658959723,4603714,4603866,152,completed,-11
Greedy,8411,3658959723,4603814,4603968,154,completed,-11
Greedy,8412,3658959723,4603914,4604071,157,completed,-11
Greedy,8413,3658959723,4604014,4604174,160,completed,-12
Greedy,8414,3037662008,4604114,4604254,140,completed,-32
Greedy,8415,3037662008,4604214,4604363,149,completed,-32
Greedy,8416,3037662008,4604314,4604466,152,completed,-32
Greedy,8417,3037662008,4604414,4604569,155,completed,-32
Greedy,8418,3037662008,4604616,4604759,143,completed,-32
Greedy,8419,3037662008,4604716,4604862,146,completed,-32
Greedy,8420,3037662008,4604816,4604964,148,completed,-32
Greedy,8421,3037662008,4604916,4605067,151,completed,-32
Greedy,8422,3037662008,4605016,4605170,154,completed,-32
Greedy,8423,3037662008,4605116,4605273,157,completed,-32
Greedy,8424,3037662008,4605216,4605376,160,completed,-32
Greedy,8425,3037662008,4605316,4605479,163,completed,-32
Greedy,8426,3037662008,4605416,4605752,336,completed,-32
Greedy,8427,3037662008,4605618,4605858,240,completed,-32
Greedy,8428,3037662008,4605718,4605960,242,completed,-32
Greedy,8429,3037662008,4605818,4606063,245,completed,-32
Greedy,8430,3037662008,4605918,4606166,248,completed,-32
Greedy,8432,3658959723,4606118,4606266,148,completed,-11
Greedy,8433,3658959723,4606218,4606369,151,completed,-11
Greedy,8434,3658959723,4606318,4606472,154,completed,-11
Greedy,8431,3037662008,4606018,4606268,250,completed,-32
Greedy,8435,3658959723,4606418,4606575,157,completed,-11
Greedy,8436,3658959723,4606622,4606776,154,completed,-11
Greedy,8437,3658959723,4606722,4606879,157,completed,-11
Greedy,8438,3658959723,4606822,4606981,159,completed,-11
Greedy,8439,3658959723,4606922,4607084,162,completed,-11
Greedy,8440,3658959723,4607022,4607187,165,completed,-11
Greedy,8441,3658959723,4607122,4607290,168,completed,-11
Greedy,8442,3658959723,4607222,4607393,171,completed,-11
Greedy,8443,3658959723,4607322,4607496,174,completed,-11
Greedy,8444,3658959723,4607422,4607763,341,completed,-11
Greedy,8445,3658959723,4607622,4607873,251,completed,-11
Greedy,8446,3658959723,4607722,4608032,310,completed,-11
Greedy,8447,3658959723,4607822,4608145,323,completed,-10
Greedy,8448,3658959723,4607922,4608247,325,completed,-10
Greedy,8450,3037662008,4608122,4608262,140,completed,-32
Greedy,8451,3037662008,4608222,4608371,149,completed,-32
Greedy,8449,3658959723,4608022,4608350,328,completed,-10
Greedy,8452,3037662008,4608322,4608482,160,completed,-32
Greedy,8453,3037662008,4608422,4608756,334,completed,-32
Greedy,8454,3037662008,4608623,4608866,243,completed,-32
Greedy,8455,3037662008,4608723,4608969,246,completed,-32
Greedy,8456,3037662008,4608823,4609072,249,completed,-32
Greedy,8457,3037662008,4608923,4609175,252,completed,-32
Greedy,8458,3037662008,4609023,4609278,255,completed,-32
Greedy,8459,3037662008,4609123,4609381,258,completed,-32
Greedy,8460,3037662008,4609223,4609484,261,completed,-32
Greedy,8461,3037662008,4609323,4609587,264,completed,-32
Greedy,8462,3037662008,4609423,4609759,336,completed,-32
Greedy,8463,3037662008,4609626,4609901,275,completed,-32
Greedy,8464,3037662008,4609726,4610003,277,completed,-32
Greedy,8465,3037662008,4609826,4610106,280,completed,-32
Greedy,8466,3037662008,4609926,4610209,283,completed,-33
Greedy,8468,3658959723,4610126,4610274,148,completed,-10
Greedy,8469,3658959723,4610226,4610384,158,completed,-10
Greedy,8467,3037662008,4610026,4610312,286,completed,-33
Greedy,8470,3658959723,4610326,4610487,161,completed,-10
Greedy,8471,3658959723,4610426,4610768,342,completed,-10
Greedy,8472,3658959723,4610627,4612965,2338,completed,-11
Greedy,8473,3658959723,4612830,4613173,343,completed,-11
Greedy,8474,3658959723,4613029,4613423,394,completed,-11
Greedy,8475,3658959723,4613129,4613694,565,completed,-11
Greedy,8476,3658959723,4613229,4613944,715,completed,-11
Greedy,8477,3658959723,4613329,4614197,868,completed,-12
Greedy,8478,3658959723,4613429,4614299,870,completed,-12
Greedy,8479,3658959723,4613529,4614402,873,completed,-12
Greedy,8480,3658959723,4613629,4614505,876,completed,-12
Greedy,8481,3658959723,4613729,4614608,879,completed,-12
Greedy,8489,3037662008,4614626,4614767,141,completed,-30
Greedy,8482,3658959723,4613829,4614711,882,completed,-12
Greedy,8483,3658959723,4614026,4614813,787,completed,-12
Greedy,8484,3658959723,4614126,4614915,789,completed,-12
Greedy,8490,3037662008,4614726,4614870,144,completed,-30
Greedy,8485,3658959723,4614226,4615017,791,completed,-12
Greedy,8491,3037662008,4614826,4614976,150,completed,-30
Greedy,8492,3037662008,4615038,4615186,148,completed,-30
Greedy,8493,3037662008,4615138,4615289,151,completed,-30
Greedy,8486,3658959723,4614326,4615118,792,completed,-12
Greedy,8494,3037662008,4615238,4615393,155,completed,-30
Greedy,8495,3037662008,4615338,4615496,158,completed,-30
Greedy,8487,3658959723,4614426,4615220,794,completed,-12
Greedy,8488,3658959723,4614526,4615321,795,completed,-12
Greedy,8496,3037662008,4615438,4615599,161,completed,-30
Greedy,8497,3037662008,4615538,4615702,164,completed,-30
Greedy,8498,3037662008,4615638,4615805,167,completed,-30
Greedy,8499,3037662008,4615738,4615908,170,completed,-30
Greedy,8501,3658959723,4616133,4616281,148,completed,-11
Greedy,8500,3037662008,4616033,4616175,142,completed,-32
Greedy,8502,3658959723,4616233,4616384,151,completed,-11
Greedy,8503,3658959723,4616333,4616497,164,completed,-11
Greedy,8504,3658959723,4616433,4616600,167,completed,-11
Greedy,8505,3658959723,4616533,4616703,170,completed,-11
Greedy,8506,3658959723,4616633,4616806,173,completed,-11
Greedy,8507,3658959723,4616733,4616909,176,completed,-11
Greedy,8508,3658959723,4616833,4617012,179,completed,-11
Greedy,8509,3658959723,4617038,4617185,147,completed,-11
Greedy,8510,3658959723,4617138,4617295,157,completed,-11
Greedy,8511,3658959723,4617238,4617398,160,completed,-11
Greedy,8512,3658959723,4617338,4617501,163,completed,-11
Greedy,8513,3658959723,4617438,4617604,166,completed,-11
Greedy,8514,3658959723,4617538,4617707,169,completed,-11
Greedy,8515,3658959723,4617638,4617810,172,completed,-11
Greedy,8516,3658959723,4617738,4617913,175,completed,-11
Greedy,8519,3037662008,4618138,4618279,141,completed,-30
Greedy,8517,3658959723,4617838,4618179,341,completed,-13
Greedy,8518,3658959723,4618038,4618280,242,completed,-13
Greedy,8520,3037662008,4618238,4618382,144,completed,-30
Greedy,8521,3037662008,4618339,4618490,151,completed,-30
Greedy,8522,3037662008,4618439,4618593,154,completed,-30
Greedy,8523,3037662008,4618539,4618696,157,completed,-30
Greedy,8524,3037662008,4618639,4618799,160,completed,-30
Greedy,8525,3037662008,4618739,4618902,163,completed,-30
Greedy,8526,3037662008,4618839,4619174,335,completed,-30
Greedy,8527,3037662008,4619040,4619283,243,completed,-30
Greedy,8528,3037662008,4619140,4619386,246,completed,-30
Greedy,8529,3037662008,4619240,4619489,249,completed,-30
Greedy,8530,3037662008,4619340,4619592,252,completed,-30
Greedy,8531,3037662008,4619440,4619695,255,completed,-30
Greedy,8532,3037662008,4619540,4619798,258,completed,-30
Greedy,8533,3037662008,4619640,4619901,261,completed,-30
Greedy,8534,3037662008,4619740,4620003,263,completed,-30
Greedy,8537,3658959723,4620135,4620283,148,completed,-11
Greedy,8535,3037662008,4619840,4620175,335,completed,-36
Greedy,8538,3658959723,4620235,4620392,157,completed,-11
Greedy,8539,3658959723,4620335,4620501,166,completed,-11
Greedy,8540,3658959723,4620435,4620604,169,completed,-11
Greedy,8536,3037662008,4620035,4620350,315,completed,-36
Greedy,8541,3658959723,4620535,4620707,172,completed,-11
Greedy,8542,3658959723,4620635,4620810,175,completed,-11
Greedy,8543,3658959723,4620735,4620913,178,completed,-11
Greedy,8544,3658959723,4620835,4621016,181,completed,-11
Greedy,8545,3658959723,4621044,4621192,148,completed,-11
Greedy,8546,3658959723,4621144,4621301,157,completed,-11
Greedy,8547,3658959723,4621244,4621404,160,completed,-11
Greedy,8548,3658959723,4621344,4621507,163,completed,-11
Greedy,8549,3658959723,4621444,4621610,166,completed,-11
Greedy,8550,3658959723,4621544,4621713,169,completed,-11
Greedy,8551,3658959723,4621644,4621816,172,completed,-11
Greedy,8552,3658959723,4621744,4621919,175,completed,-11
Greedy,8553,3658959723,4621844,4622185,341,completed,-12
Greedy,8554,3658959723,4622044,4622287,243,completed,-12
Greedy,8555,3037662008,4622144,4622285,141,completed,-31
Greedy,8556,3037662008,4622244,4622388,144,completed,-31
Greedy,8557,3037662008,4622344,4622491,147,completed,-31
Greedy,8558,3037662008,4622444,4622594,150,completed,-31
Greedy,8559,3037662008,4622544,4622697,153,completed,-31
Greedy,8560,3037662008,4622644,4622800,156,completed,-31
Greedy,8561,3037662008,4622744,4622903,159,completed,-31
Greedy,8562,3037662008,4622844,4623179,335,completed,-31
Greedy,8563,3037662008,4623046,4623282,236,completed,-31
Greedy,8564,3037662008,4623146,4623388,242,completed,-31
Greedy,8565,3037662008,4623246,4623491,245,completed,-31
Greedy,8566,3037662008,4623346,4623594,248,completed,-31
Greedy,8567,3037662008,4623446,4623697,251,completed,-31
Greedy,8568,3037662008,4623546,4623800,254,completed,-31
Greedy,8569,3037662008,4623646,4623903,257,completed,-31
Greedy,8570,3037662008,4623746,4624005,259,completed,-31
Greedy,8573,3658959723,4624141,4624289,148,completed,-11
Greedy,8571,3037662008,4623846,4624181,335,completed,-36
Greedy,8574,3658959723,4624241,4624391,150,completed,-11
Greedy,8575,3658959723,4624341,4624494,153,completed,-11
Greedy,8576,3658959723,4624441,4624597,156,completed,-11
Greedy,8572,3037662008,4624041,4624283,242,completed,-36
Greedy,8577,3658959723,4624541,4624700,159,completed,-11
Greedy,8578,3658959723,4624641,4624803,162,completed,-11
Greedy,8579,3658959723,4624741,4624905,164,completed,-11
Greedy,SUMMARY,ALL,0,0,120000,batch_complete,0
----------------,---,---,---,---,---,----------------,---
Greedy,8580,3658959723,4624841,4625189,348,completed,-11
Greedy,8581,3658959723,4625048,4625292,244,completed,-11
Greedy,8582,3658959723,4631803,4631953,150,completed,-11
Greedy,8583,3658959723,4631903,4632056,153,completed,-11
Greedy,8584,3658959723,4632003,4632159,156,completed,-11
Greedy,8586,3037662008,4632203,4632368,165,completed,-39
Greedy,8587,3037662008,4632449,4632594,145,completed,-39
Greedy,8588,3037662008,4632549,4632704,155,completed,-39
Greedy,8585,3658959723,4632103,4632260,157,completed,-11
Greedy,8589,3037662008,4632649,4632813,164,completed,-39
Greedy,8590,3037662008,4632749,4632916,167,completed,-39
Greedy,8591,3037662008,4632849,4633019,170,completed,-39
Greedy,8592,3037662008,4632949,4633122,173,completed,-39
Greedy,8593,3037662008,4633049,4633225,176,completed,-39
Greedy,8594,3037662008,4633149,4633328,179,completed,-39
Greedy,8595,3037662008,4633249,4633586,337,completed,-39
Greedy,8596,3037662008,4633444,4633689,245,completed,-39
Greedy,8597,3037662008,4633544,4633792,248,completed,-39
Greedy,8598,3037662008,4633644,4633895,251,completed,-39
Greedy,8599,3037662008,4633744,4633998,254,completed,-39
Greedy,8600,3037662008,4633844,4634101,257,completed,-39
Greedy,8603,3658959723,4634144,4634292,148,completed,-11
Greedy,8601,3037662008,4633944,4634204,260,completed,-41
Greedy,8604,3658959723,4634244,4634395,151,completed,-11
Greedy,8605,3658959723,4634454,4634615,161,completed,-11
Greedy,8606,3658959723,4634554,4634718,164,completed,-11
Greedy,8602,3037662008,4634044,4634306,262,completed,-41
Greedy,8607,3658959723,4634654,4634821,167,completed,-11
Greedy,8608,3658959723,4634754,4634924,170,completed,-11
Greedy,8609,3658959723,4634854,4635027,173,completed,-11
Greedy,8610,3658959723,4634954,4635130,176,completed,-11
Greedy,8611,3658959723,4635054,4635233,179,completed,-11
Greedy,8612,3658959723,4635154,4635336,182,completed,-11
Greedy,8613,3658959723,4635450,4635600,150,completed,-11
Greedy,8614,3658959723,4635550,4635702,152,completed,-11
Greedy,8615,3658959723,4635650,4635805,155,completed,-11
Greedy,8616,3658959723,4635750,4635908,158,completed,-11
Greedy,8617,3658959723,4635850,4636011,161,completed,-11
Greedy,8618,3658959723,4635950,4636114,164,completed,-11
Greedy,8619,3658959723,4636050,4636217,167,completed,-13
Greedy,8620,3658959723,4636150,4636324,174,completed,-13
Greedy,8621,3037662008,4636250,4636597,347,completed,-35
Greedy,8622,3037662008,4636457,4636708,251,completed,-35
Greedy,8623,3037662008,4636557,4636811,254,completed,-35
Greedy,8624,3037662008,4636657,4636914,257,completed,-35
Greedy,8625,3037662008,4636757,4637017,260,completed,-35
Greedy,8626,3037662008,4636857,4637120,263,completed,-35
Greedy,8627,3037662008,4636957,4637223,266,completed,-35
Greedy,8628,3037662008,4637062,4637326,264,completed,-35
Greedy,8629,3037662008,4637162,4637428,266,completed,-35
Greedy,8630,3037662008,4637451,4637592,141,completed,-35
Greedy,8631,3037662008,4637551,4637825,274,completed,-35
Greedy,8632,3037662008,4637651,4637928,277,completed,-35
Greedy,8633,3037662008,4637751,4638031,280,completed,-35
Greedy,8634,3037662008,4637851,4638135,284,completed,-35
Greedy,8635,3037662008,4637951,4638237,286,completed,-35
Greedy,8637,3658959723,4638151,4638298,147,completed,-11
Greedy,8636,3037662008,4638051,4638338,287,completed,-35
Greedy,8638,3658959723,4638251,4638694,443,completed,-11
Greedy,8639,3658959723,4638465,4638804,339,completed,-11
Greedy,8640,3658959723,4638565,4638907,342,completed,-11
Greedy,8641,3658959723,4638665,4639010,345,completed,-11
Greedy,8642,3658959723,4638765,4639113,348,completed,-11
Greedy,8643,3658959723,4638865,4639218,353,completed,-11
Greedy,8644,3658959723,4638965,4639321,356,completed,-11
Greedy,8645,3658959723,4639067,4639424,357,completed,-11
Greedy,8646,3658959723,4639167,4639526,359,completed,-11
Greedy,8647,3658959723,4639463,4639628,165,completed,-11
Greedy,8648,3658959723,4639563,4639731,168,completed,-11
Greedy,8649,3658959723,4639663,4639834,171,completed,-11
Greedy,8650,3658959723,4639763,4639937,174,completed,-11
Greedy,8651,3658959723,4639863,4640040,177,completed,-11
Greedy,8652,3658959723,4639963,4640143,180,completed,-11
Greedy,8653,3658959723,4640068,4640246,178,completed,-13
Greedy,8654,3658959723,4640168,4640348,180,completed,-13
Greedy,8655,3037662008,4640460,4640601,141,completed,-33
Greedy,8656,3037662008,4640560,4640704,144,completed,-33
Greedy,8657,3037662008,4640660,4640807,147,completed,-33
Greedy,8658,3037662008,4640760,4640910,150,completed,-33
Greedy,8659,3037662008,4640860,4641013,153,completed,-33
Greedy,8660,3037662008,4640960,4641116,156,completed,-33
Greedy,8661,3037662008,4641066,4641234,168,completed,-33
Greedy,8662,3037662008,4641166,4641603,437,completed,-33
Greedy,8663,3037662008,4641266,4641714,448,completed,-33
Greedy,8664,3037662008,4641462,4641817,355,completed,-33
Greedy,8665,3037662008,4641562,4641920,358,completed,-33
Greedy,8666,3037662008,4641662,4642023,361,completed,-33
Greedy,8667,3037662008,4641762,4642126,364,completed,-33
Greedy,8668,3037662008,4641862,4642229,367,completed,-38
Greedy,8671,3658959723,4642165,4642312,147,completed,-11
Greedy,8669,3037662008,4641962,4642331,369,completed,-38
Greedy,8672,3658959723,4642265,4642792,527,completed,-11
Greedy,8670,3037662008,4642065,4642433,368,completed,-38
Greedy,8673,3658959723,4642467,4642901,434,completed,-11
Greedy,8674,3658959723,4642567,4643011,444,completed,-11
Greedy,8675,3658959723,4642667,4643114,447,completed,-11
Greedy,8676,3658959723,4642767,4643217,450,completed,-11
Greedy,8677,3658959723,4642869,4643323,454,completed,-11
Greedy,8678,3658959723,4642969,4643425,456,completed,-11
Greedy,8679,3658959723,4643073,4643526,453,completed,-11
Greedy,8680,3658959723,4643173,4643628,455,completed,-11
Greedy,8681,3658959723,4643463,4643730,267,completed,-11
Greedy,8682,3658959723,4643563,4643832,269,completed,-11
Greedy,8683,3658959723,4643663,4643935,272,completed,-11
Greedy,8684,3658959723,4643763,4644038,275,completed,-11
Greedy,8685,3658959723,4643863,4644141,278,completed,-11
Greedy,8686,3658959723,4643963,4644244,281,completed,-12
Greedy,8688,3037662008,4644167,4644307,140,completed,-32
Greedy,8687,3658959723,4644067,4644346,279,completed,-12
Greedy,8689,3037662008,4644267,4644748,481,completed,-32
Greedy,8690,3037662008,4644471,4644851,380,completed,-32
Greedy,8691,3037662008,4644571,4644954,383,completed,-32
Greedy,8692,3037662008,4644671,4645057,386,completed,-32
Greedy,8693,3037662008,4644771,4645160,389,completed,-32
Greedy,8694,3037662008,4644871,4645263,392,completed,-32
Greedy,8695,3037662008,4644971,4645366,395,completed,-32
Greedy,8696,3037662008,4645077,4645469,392,completed,-32
Greedy,8697,3037662008,4645177,4645571,394,completed,-32
Greedy,8698,3037662008,4645470,4645674,204,completed,-32
Greedy,8699,3658959723,4647675,4648019,344,completed,-11
Greedy,8700,3658959723,4647883,4648261,378,completed,-11
Greedy,8701,3658959723,4647986,4648369,383,completed,-11
Greedy,8702,3658959723,4648086,4648479,393,completed,-11
Greedy,8703,3658959723,4648186,4648582,396,completed,-11
Greedy,8704,3658959723,4648286,4648685,399,completed,-11
Greedy,8705,3658959723,4648386,4648789,403,completed,-11
Greedy,8706,3658959723,4648486,4648892,406,completed,-11
Greedy,8707,3658959723,4648586,4648993,407,completed,-11
Greedy,8708,3658959723,4648875,4649096,221,completed,-11
Greedy,8709,3658959723,4648975,4649199,224,completed,-11
Greedy,8710,3658959723,4649077,4649302,225,completed,-11
Greedy,8711,3658959723,4649177,4649405,228,completed,-11
Greedy,8712,3658959723,4649277,4649508,231,completed,-11
Greedy,8713,3658959723,4649377,4649611,234,completed,-11
Greedy,8714,3658959723,4649477,4649714,237,completed,-11
Greedy,8715,3658959723,4649578,4649817,239,completed,-11
Greedy,8716,3658959723,4649680,4650024,344,completed,-11
Greedy,8717,3658959723,4649876,4650147,271,completed,-11
Greedy,8718,3658959723,4649976,4650279,303,completed,-12
Greedy,8719,3658959723,4650076,4650419,343,completed,-12
Greedy,8720,3658959723,4650176,4650522,346,completed,-12
Greedy,8721,3658959723,4650280,4650628,348,completed,-12
Greedy,8722,3658959723,4650380,4650730,350,completed,-12
Greedy,8723,3658959723,4650480,4650833,353,completed,-12
Greedy,8724,3658959723,4650580,4650935,355,completed,-12
Greedy,8725,3658959723,4650680,4651037,357,completed,-12
Greedy,8726,3658959723,4650881,4651139,258,completed,-12
Greedy,8727,3658959723,4650981,4651242,261,completed,-12
Greedy,8728,3658959723,4651081,4651345,264,completed,-12
Greedy,8729,3658959723,4651181,4651448,267,completed,-12
Greedy,8730,3658959723,4651281,4651550,269,completed,-12
Greedy,8731,3658959723,4651381,4651653,272,completed,-12
Greedy,8732,3658959723,4651481,4651756,275,completed,-12
Greedy,8733,3658959723,4651581,4651859,278,completed,-12
Greedy,8734,3658959723,4651681,4651961,280,completed,-12
Greedy,8735,3658959723,4651885,4652064,179,completed,-12
Greedy,8736,3658959723,4651985,4652167,182,completed,-12
Greedy,8738,3037662008,4652185,4652325,140,completed,-32
Greedy,8737,3658959723,4652085,4652270,185,completed,-12
Greedy,8739,3037662008,4652285,4652434,149,completed,-32
Greedy,8740,3037662008,4652386,4652537,151,completed,-32
Greedy,8741,3037662008,4652486,4652640,154,completed,-32
Greedy,8742,3037662008,4652586,4652743,157,completed,-32
Greedy,8743,3037662008,4652882,4653025,143,completed,-32
Greedy,8744,3037662008,4652982,4653128,146,completed,-32
Greedy,8745,3037662008,4653082,4653231,149,completed,-32
Greedy,8746,3037662008,4653182,4653334,152,completed,-32
Greedy,8747,3037662008,4653282,4653445,163,completed,-32
Greedy,8748,3037662008,4653382,4653548,166,completed,-32
Greedy,8749,3037662008,4653482,4653651,169,completed,-32
Greedy,8750,3037662008,4653582,4653754,172,completed,-32
Greedy,8751,3037662008,4653682,4653857,175,completed,-32
Greedy,8752,3037662008,4653886,4654031,145,completed,-32
Greedy,8753,3037662008,4653986,4654134,148,completed,-32
Greedy,8755,3658959723,4654186,4654334,148,completed,-11
Greedy,8756,3658959723,4654286,4654437,151,completed,-11
Greedy,8754,3037662008,4654086,4654237,151,completed,-39
Greedy,8757,3658959723,4654386,4654540,154,completed,-11
Greedy,8758,3658959723,4654486,4654643,157,completed,-11
Greedy,8759,3658959723,4654586,4654746,160,completed,-11
Greedy,8760,3658959723,4654686,4654849,163,completed,-11
Greedy,8761,3658959723,4654887,4655038,151,completed,-11
Greedy,8762,3658959723,4654987,4655141,154,completed,-11
Greedy,8763,3658959723,4655087,4655263,176,completed,-11
Greedy,8764,3658959723,4655187,4655369,182,completed,-11
Greedy,8765,3658959723,4655287,4655472,185,completed,-11
Greedy,8766,3658959723,4655387,4655575,188,completed,-11
Greedy,8767,3658959723,4655487,4655678,191,completed,-11
Greedy,8768,3658959723,4655587,4655781,194,completed,-11
Greedy,8769,3658959723,4655689,4656031,342,completed,-11
Greedy,8770,3658959723,4655890,4656141,251,completed,-11
Greedy,8771,3658959723,4655990,4656244,254,completed,-13
Greedy,8773,3037662008,4656190,4656331,141,completed,-35
Greedy,8774,3037662008,4656290,4656434,144,completed,-35
Greedy,8772,3658959723,4656090,4656347,257,completed,-13
Greedy,8775,3037662008,4656390,4656537,147,completed,-35
Greedy,8776,3037662008,4656490,4656640,150,completed,-35
Greedy,8777,3037662008,4656590,4656743,153,completed,-35
Greedy,8778,3037662008,4656690,4657031,341,completed,-35
Greedy,8779,3037662008,4656886,4657134,248,completed,-35
Greedy,8780,3037662008,4656986,4657237,251,completed,-35
Greedy,8781,3037662008,4657086,4657341,255,completed,-35
Greedy,8782,3037662008,4657186,4657448,262,completed,-35
Greedy,8783,3037662008,4657286,4657551,265,completed,-35
Greedy,8784,3037662008,4657386,4657654,268,completed,-35
Greedy,8785,3037662008,4657486,4657757,271,completed,-35
Greedy,8786,3037662008,4657586,4657860,274,completed,-35
Greedy,8787,3037662008,4657686,4657962,276,completed,-35
Greedy,8788,3037662008,4657893,4658065,172,completed,-35
Greedy,8789,3037662008,4657993,4658168,175,completed,-38
Greedy,8791,3658959723,4658193,4658341,148,completed,-12
Greedy,8792,3658959723,4658293,4658458,165,completed,-12
Greedy,8790,3037662008,4658093,4658270,177,completed,-38
Greedy,8793,3658959723,4658393,4658561,168,completed,-12
Greedy,8794,3658959723,4658493,4658664,171,completed,-12
Greedy,8795,3658959723,4658593,4658767,174,completed,-12
Greedy,8796,3658959723,4658693,4659036,343,completed,-12
Greedy,8797,3658959723,4658888,4659242,354,completed,-12
Greedy,8798,3658959723,4658988,4659345,357,completed,-12
Greedy,8799,3658959723,4659088,4659448,360,completed,-12
Greedy,8800,3658959723,4659188,4659551,363,completed,-12
Greedy,8801,3658959723,4659288,4659653,365,completed,-12
Greedy,8802,3658959723,4659388,4659756,368,completed,-12
Greedy,8803,3658959723,4659488,4659859,371,completed,-12
Greedy,8804,3658959723,4659588,4659961,373,completed,-12
Greedy,8805,3658959723,4659688,4660064,376,completed,-12
Greedy,8806,3658959723,4659896,4660167,271,completed,-12
Greedy,8807,3658959723,4659996,4660269,273,completed,-12
Greedy,8809,3037662008,4660196,4660337,141,completed,-33
Greedy,8810,3037662008,4660296,4660440,144,completed,-33
Greedy,8808,3658959723,4660096,4660372,276,completed,-12
Greedy,8811,3037662008,4660396,4660543,147,completed,-33
Greedy,8812,3037662008,4660496,4660646,150,completed,-33
Greedy,8813,3037662008,4660596,4660749,153,completed,-33
Greedy,8814,3037662008,4660696,4661034,338,completed,-33
Greedy,8815,3037662008,4660892,4661137,245,completed,-33
Greedy,8816,3037662008,4660992,4661240,248,completed,-33
Greedy,8817,3037662008,4661092,4661343,251,completed,-33
Greedy,8818,3037662008,4661192,4661446,254,completed,-33
Greedy,8819,3037662008,4661292,4661549,257,completed,-33
Greedy,8820,3037662008,4661392,4661652,260,completed,-33
Greedy,8821,3037662008,4661492,4661755,263,completed,-33
Greedy,8822,3037662008,4661592,4661858,266,completed,-33
Greedy,8823,3037662008,4661694,4662033,339,completed,-33
Greedy,8824,3037662008,4661899,4662136,237,completed,-33
Greedy,8825,3037662008,4661999,4662240,241,completed,-37
Greedy,8827,3658959723,4662199,4662346,147,completed,-11
Greedy,8828,3658959723,4662299,4662456,157,completed,-11
Greedy,8826,3037662008,4662099,4662343,244,completed,-37
Greedy,8829,3658959723,4662399,4662559,160,completed,-11
Greedy,8830,3658959723,4662499,4662662,163,completed,-11
Greedy,8831,3658959723,4662599,4662765,166,completed,-11
Greedy,8832,3658959723,4662699,4663045,346,completed,-11
Greedy,8833,3658959723,4662897,4665235,2338,completed,-12
Greedy,8834,3658959723,4665100,4665442,342,completed,-12
Greedy,8835,3658959723,4665302,4665965,663,completed,-12
Greedy,8836,3658959723,4665402,4666245,843,completed,-12
Greedy,8837,3658959723,4665502,4666519,1017,completed,-12
Greedy,8838,3658959723,4665602,4666622,1020,completed,-12
Greedy,8846,3037662008,4666496,4666637,141,completed,-34
Greedy,8839,3658959723,4665702,4666725,1023,completed,-12
Greedy,8847,3037662008,4666596,4666740,144,completed,-34
Greedy,8848,3037662008,4666696,4666843,147,completed,-34
Greedy,8840,3658959723,4665802,4666828,1026,completed,-12
Greedy,8849,3037662008,4666796,4666946,150,completed,-34
Greedy,8850,3037662008,4666896,4667049,153,completed,-34
Greedy,8841,3658959723,4665902,4666930,1028,completed,-12
Greedy,8842,3658959723,4666002,4667032,1030,completed,-12
Greedy,8851,3037662008,4666996,4667152,156,completed,-34
Greedy,8843,3658959723,4666102,4667134,1032,completed,-12
Greedy,8852,3037662008,4667099,4667255,156,completed,-34
Greedy,8844,3658959723,4666296,4667236,940,completed,-12
Greedy,8853,3037662008,4667306,4667460,154,completed,-34
Greedy,8854,3037662008,4667406,4667570,164,completed,-34
Greedy,8845,3658959723,4666396,4667337,941,completed,-12
Greedy,8855,3037662008,4667506,4667680,174,completed,-34
Greedy,8856,3037662008,4667606,4667783,177,completed,-34
Greedy,8857,3037662008,4667706,4667886,180,completed,-34
Greedy,8858,3037662008,4667806,4667989,183,completed,-34
Greedy,8859,3037662008,4667906,4668092,186,completed,-34
Greedy,8860,3037662008,4668006,4668195,189,completed,-38
Greedy,8862,3658959723,4668309,4668457,148,completed,-12
Greedy,8863,3658959723,4668409,4668560,151,completed,-12
Greedy,8861,3037662008,4668106,4668444,338,completed,-38
Greedy,8864,3658959723,4668509,4668663,154,completed,-12
Greedy,8865,3658959723,4668609,4668766,157,completed,-12
Greedy,8866,3658959723,4668709,4668868,159,completed,-12
Greedy,8867,3658959723,4668809,4668971,162,completed,-12
Greedy,8868,3658959723,4668909,4669074,165,completed,-12
Greedy,8869,3658959723,4669009,4669177,168,completed,-12
Greedy,8870,3658959723,4669109,4669452,343,completed,-12
Greedy,8871,3658959723,4669311,4669571,260,completed,-12
Greedy,8872,3658959723,4669411,4669674,263,completed,-12
Greedy,8873,3658959723,4669511,4669777,266,completed,-12
Greedy,8874,3658959723,4669611,4669880,269,completed,-12
Greedy,8875,3658959723,4669711,4669983,272,completed,-12
Greedy,8876,3658959723,4669811,4670086,275,completed,-12
Greedy,8877,3658959723,4669911,4670189,278,completed,-13
Greedy,8880,3037662008,4670314,4670462,148,completed,-36
Greedy,8881,3037662008,4670414,4670571,157,completed,-36
Greedy,8878,3658959723,4670011,4670290,279,completed,-13
Greedy,8882,3037662008,4670514,4670681,167,completed,-36
Greedy,8883,3037662008,4670614,4670784,170,completed,-36
Greedy,8879,3658959723,4670111,4670454,343,completed,-13
Greedy,8884,3037662008,4670714,4670887,173,completed,-36
Greedy,8885,3037662008,4670814,4670990,176,completed,-36
Greedy,8886,3037662008,4670914,4671093,179,completed,-36
Greedy,8887,3037662008,4671014,4671196,182,completed,-36
Greedy,8888,3037662008,4671114,4671619,505,completed,-36
Greedy,8889,3037662008,4671314,4671728,414,completed,-36
Greedy,8890,3037662008,4671414,4671837,423,completed,-36
Greedy,8891,3037662008,4671514,4671940,426,completed,-36
Greedy,8892,3037662008,4671614,4672043,429,completed,-36
Greedy,8905,3658959723,4673023,4673195,172,completed,-11
Greedy,8906,3658959723,4673124,4673498,374,completed,-11
Greedy,8907,3658959723,4673325,4673607,282,completed,-11
Greedy,8908,3658959723,4673425,4673710,285,completed,-11
Greedy,8909,3658959723,4673525,4673813,288,completed,-11
Greedy,8910,3658959723,4673625,4673915,290,completed,-11
Greedy,8911,3658959723,4673725,4674018,293,completed,-11
Greedy,8893,3037662008,4671714,4672146,432,completed,-36
Greedy,8894,3037662008,4671814,4672249,435,completed,-38
Greedy,8895,3037662008,4671915,4672352,437,completed,-38
Greedy,8898,3658959723,4672323,4672474,151,completed,-11
Greedy,8899,3658959723,4672423,4672577,154,completed,-11
Greedy,8896,3037662008,4672018,4672454,436,completed,-38
Greedy,8900,3658959723,4672523,4672680,157,completed,-11
Greedy,8901,3658959723,4672623,4672783,160,completed,-11
Greedy,8902,3658959723,4672723,4672886,163,completed,-11
Greedy,8897,3037662008,4672119,4672556,437,completed,-38
Greedy,8903,3658959723,4672823,4672989,166,completed,-11
Greedy,8904,3658959723,4672923,4673092,169,completed,-11
Greedy,8912,3658959723,4673825,4674121,296,completed,-11
Greedy,8913,3658959723,4673925,4674224,299,completed,-12
Greedy,8914,3658959723,4674025,4674326,301,completed,-12
Greedy,8916,3037662008,4674325,4674478,153,completed,-33
Greedy,8917,3037662008,4674425,4674587,162,completed,-33
Greedy,8915,3658959723,4674125,4674467,342,completed,-12
Greedy,8918,3037662008,4674525,4674697,172,completed,-33
Greedy,8919,3037662008,4674625,4674800,175,completed,-33
Greedy,8920,3037662008,4674725,4674903,178,completed,-33
Greedy,8921,3037662008,4674825,4675006,181,completed,-33
Greedy,8922,3037662008,4674925,4675109,184,completed,-33
Greedy,8923,3037662008,4675025,4675212,187,completed,-33
Greedy,8924,3037662008,4675125,4675460,335,completed,-33
Greedy,8925,3037662008,4675327,4675563,236,completed,-33
Greedy,8926,3037662008,4675427,4675667,240,completed,-33
Greedy,8927,3037662008,4675527,4675770,243,completed,-33
Greedy,8928,3037662008,4675627,4675873,246,completed,-33
Greedy,8929,3037662008,4675727,4675976,249,completed,-33
Greedy,8930,3037662008,4675827,4676079,252,completed,-33
Greedy,8933,3658959723,4676127,4676277,150,completed,-12
Greedy,8931,3037662008,4675927,4676182,255,completed,-39
Greedy,8932,3037662008,4676027,4676285,258,completed,-39
Greedy,8934,3658959723,4676335,4676485,150,completed,-12
Greedy,8935,3658959723,4676435,4676594,159,completed,-12
Greedy,8936,3658959723,4676535,4676703,168,completed,-12
Greedy,8937,3658959723,4676635,4676806,171,completed,-12
Greedy,8938,3658959723,4676735,4676909,174,completed,-12
Greedy,8939,3658959723,4676835,4677012,177,completed,-12
Greedy,8940,3658959723,4676935,4677115,180,completed,-12
Greedy,8941,3658959723,4677035,4677218,183,completed,-12
Greedy,8942,3658959723,4677135,4677477,342,completed,-12
Greedy,8943,3658959723,4677336,4677580,244,completed,-12
Greedy,8944,3658959723,4677436,4677684,248,completed,-12
Greedy,8945,3658959723,4677536,4677787,251,completed,-12
Greedy,8946,3658959723,4677636,4677890,254,completed,-12
Greedy,8947,3658959723,4677736,4677993,257,completed,-12
Greedy,8948,3658959723,4677836,4678096,260,completed,-12
Greedy,8949,3658959723,4677936,4678199,263,completed,-12
Greedy,8951,3037662008,4678136,4678468,332,completed,-36
Greedy,8952,3037662008,4678332,4678571,239,completed,-36
Greedy,8953,3037662008,4678432,4678674,242,completed,-36
Greedy,8950,3658959723,4678036,4678301,265,completed,-12
Greedy,8954,3037662008,4678532,4678777,245,completed,-36
Greedy,8955,3037662008,4678632,4678880,248,completed,-36
Greedy,8956,3037662008,4678732,4678983,251,completed,-36
Greedy,8957,3037662008,4678832,4679086,254,completed,-36
Greedy,8958,3037662008,4678932,4679189,257,completed,-36
Greedy,8959,3037662008,4679032,4679292,260,completed,-36
Greedy,8960,3037662008,4679132,4679473,341,completed,-36
Greedy,8961,3037662008,4679339,4679576,237,completed,-36
Greedy,8962,3037662008,4679439,4679679,240,completed,-36
Greedy,8963,3037662008,4679539,4679782,243,completed,-36
Greedy,8964,3037662008,4679639,4679885,246,completed,-36
Greedy,8965,3037662008,4679739,4679989,250,completed,-36
Greedy,8966,3037662008,4679839,4680092,253,completed,-36
Greedy,8967,3037662008,4679939,4680195,256,completed,-39
Greedy,8969,3658959723,4680139,4680482,343,completed,-12
Greedy,8968,3037662008,4680039,4680296,257,completed,-39
Greedy,8970,3658959723,4680337,4680585,248,completed,-12
Greedy,8971,3658959723,4682551,4682892,341,completed,-12
Greedy,8972,3658959723,4682756,4683000,244,completed,-12
Greedy,8973,3658959723,4682859,4683110,251,completed,-12
Greedy,8974,3658959723,4682959,4683213,254,completed,-12
Greedy,8975,3658959723,4683059,4683316,257,completed,-12
Greedy,8976,3658959723,4683159,4683419,260,completed,-12
Greedy,8977,3658959723,4683259,4683522,263,completed,-12
Greedy,8978,3658959723,4683359,4683624,265,completed,-12
Greedy,8979,3658959723,4683459,4683727,268,completed,-12
Greedy,8980,3658959723,4683751,4683902,151,completed,-12
Greedy,8981,3658959723,4683851,4684005,154,completed,-12
Greedy,8982,3658959723,4683951,4684108,157,completed,-12
Greedy,8984,3037662008,4684151,4684292,141,completed,-35
Greedy,8983,3658959723,4684051,4684211,160,completed,-12
Greedy,8985,3037662008,4684251,4684402,151,completed,-35
Greedy,8986,3037662008,4684351,4684511,160,completed,-35
Greedy,8987,3037662008,4684451,4684614,163,completed,-35
Greedy,8988,3037662008,4684551,4684886,335,completed,-35
Greedy,8989,3037662008,4684755,4685120,365,completed,-35
Greedy,8990,3037662008,4684855,4685229,374,completed,-35
Greedy,8991,3037662008,4684955,4685339,384,completed,-35
Greedy,8992,3037662008,4685055,4685442,387,completed,-35
Greedy,8993,3037662008,4685155,4685545,390,completed,-35
Greedy,8994,3037662008,4685256,4685648,392,completed,-35
Greedy,8995,3037662008,4685356,4685751,395,completed,-35
Greedy,8996,3037662008,4685456,4685853,397,completed,-35
Greedy,8997,3037662008,4685556,4685956,400,completed,-35
Greedy,8998,3037662008,4685758,4686059,301,completed,-35
Greedy,8999,3037662008,4685858,4686162,304,completed,-39
Greedy,9000,3037662008,4685958,4686266,308,completed,-39
Greedy,9002,3658959723,4686158,4686306,148,completed,-11
Greedy,9003,3658959723,4686258,4686415,157,completed,-11
Greedy,9004,3658959723,4686358,4686524,166,completed,-11
Greedy,9001,3037662008,4686058,4686368,310,completed,-39
Greedy,9005,3658959723,4686458,4686627,169,completed,-11
Greedy,9006,3658959723,4686559,4686900,341,completed,-11
Greedy,9007,3658959723,4686759,4687009,250,completed,-11
Greedy,9008,3658959723,4686859,4687112,253,completed,-11
Greedy,9009,3658959723,4686959,4687215,256,completed,-11
Greedy,9010,3658959723,4687059,4687321,262,completed,-11
Greedy,9011,3658959723,4687159,4687424,265,completed,-11
Greedy,9012,3658959723,4687259,4687527,268,completed,-11
Greedy,9013,3658959723,4687359,4687630,271,completed,-11
Greedy,9014,3658959723,4687459,4687733,274,completed,-11
Greedy,9015,3658959723,4687559,4687835,276,completed,-11
Greedy,9016,3658959723,4687761,4687937,176,completed,-11
Greedy,9017,3658959723,4687861,4688040,179,completed,-11
Greedy,9018,3658959723,4687961,4688143,182,completed,-11
Greedy,9020,3037662008,4688161,4688302,141,completed,-34
Greedy,9019,3658959723,4688061,4688246,185,completed,-12
Greedy,9021,3037662008,4688261,4688411,150,completed,-34
Greedy,9022,3037662008,4688361,4688514,153,completed,-34
Greedy,9023,3037662008,4688461,4688617,156,completed,-34
Greedy,9024,3037662008,4688561,4688896,335,completed,-34
Greedy,9025,3037662008,4688762,4689012,250,completed,-34
Greedy,9026,3037662008,4688862,4689115,253,completed,-34
Greedy,9027,3037662008,4688962,4689218,256,completed,-34
Greedy,9028,3037662008,4689062,4689321,259,completed,-34
Greedy,9029,3037662008,4689162,4689424,262,completed,-34
Greedy,9030,3037662008,4689262,4689527,265,completed,-34
Greedy,9031,3037662008,4689362,4689630,268,completed,-34
Greedy,9032,3037662008,4689462,4689733,271,completed,-34
Greedy,9033,3037662008,4689562,4689897,335,completed,-34
Greedy,9034,3037662008,4689763,4690000,237,completed,-34
Greedy,9035,3037662008,4689863,4690106,243,completed,-34
Greedy,9038,3658959723,4690163,4690314,151,completed,-11
Greedy,9036,3037662008,4689963,4690209,246,completed,-36
Greedy,9039,3658959723,4690263,4690417,154,completed,-11
Greedy,9040,3658959723,4690363,4690520,157,completed,-11
Greedy,9037,3037662008,4690063,4690311,248,completed,-36
Greedy,9041,3658959723,4690463,4690623,160,completed,-11
Greedy,9042,3658959723,4690567,4690910,343,completed,-11
Greedy,9043,3658959723,4690768,4691013,245,completed,-11
Greedy,9044,3658959723,4690868,4691119,251,completed,-11
Greedy,9045,3658959723,4690968,4691222,254,completed,-11
Greedy,9046,3658959723,4691070,4691325,255,completed,-11
Greedy,9047,3658959723,4691170,4691428,258,completed,-11
Greedy,9048,3658959723,4691270,4691531,261,completed,-11
Greedy,9049,3658959723,4691370,4691634,264,completed,-11
Greedy,9050,3658959723,4691470,4691737,267,completed,-11
Greedy,9051,3658959723,4691570,4691913,343,completed,-11
Greedy,9052,3658959723,4691772,4692016,244,completed,-11
Greedy,9053,3658959723,4691872,4692118,246,completed,-11
Greedy,9054,3658959723,4691972,4692222,250,completed,-11
Greedy,9055,3658959723,4692072,4692325,253,completed,-11
Greedy,9057,3037662008,4692272,4692430,158,completed,-36
Greedy,9058,3037662008,4692372,4692541,169,completed,-36
Greedy,9056,3658959723,4692172,4692427,255,completed,-11
Greedy,9059,3037662008,4692472,4692644,172,completed,-36
Greedy,9060,3037662008,4692572,4692907,335,completed,-36
Greedy,9061,3037662008,4692773,4693016,243,completed,-36
Greedy,9062,3037662008,4692873,4693127,254,completed,-36
Greedy,9063,3037662008,4692973,4693230,257,completed,-36
Greedy,9064,3037662008,4693073,4693333,260,completed,-36
Greedy,9065,3037662008,4693173,4693436,263,completed,-36
Greedy,9066,3037662008,4693273,4693539,266,completed,-36
Greedy,9067,3037662008,4693373,4693642,269,completed,-36
Greedy,9068,3037662008,4693473,4693745,272,completed,-36
Greedy,9069,3037662008,4693573,4693909,336,completed,-36
Greedy,9070,3037662008,4693774,4694015,241,completed,-36
Greedy,9071,3037662008,4693874,4694117,243,completed,-36
Greedy,9074,3658959723,4694174,4694322,148,completed,-11
Greedy,9072,3037662008,4693974,4694220,246,completed,-36
Greedy,9075,3658959723,4694274,4694431,157,completed,-11
Greedy,9076,3658959723,4694374,4694534,160,completed,-11
Greedy,9073,3037662008,4694074,4694322,248,completed,-36
Greedy,9077,3658959723,4694474,4694637,163,completed,-11
Greedy,9078,3658959723,4694574,4694916,342,completed,-11
Greedy,9079,3658959723,4694775,4695019,244,completed,-11
Greedy,9080,3658959723,4694875,4695126,251,completed,-11
Greedy,9081,3658959723,4694975,4695231,256,completed,-11
Greedy,9082,3658959723,4695083,4695334,251,completed,-11
Greedy,9083,3658959723,4695183,4695437,254,completed,-11
Greedy,9084,3658959723,4695283,4695540,257,completed,-11
Greedy,9085,3658959723,4695383,4695643,260,completed,-11
Greedy,9086,3658959723,4695483,4695746,263,completed,-11
Greedy,9087,3658959723,4695773,4695924,151,completed,-11
Greedy,9088,3658959723,4695873,4696027,154,completed,-11
Greedy,9089,3658959723,4695973,4696130,157,completed,-11
Greedy,9091,3037662008,4696173,4696314,141,completed,-31
Greedy,9090,3658959723,4696073,4696248,175,completed,-14
Greedy,9092,3037662008,4696273,4696423,150,completed,-31
Greedy,9093,3037662008,4696373,4696526,153,completed,-31
Greedy,9094,3037662008,4696473,4696629,156,completed,-31
Greedy,9095,3037662008,4696573,4696911,338,completed,-31
Greedy,9096,3037662008,4696777,4697014,237,completed,-31
Greedy,9097,3037662008,4696877,4697122,245,completed,-31
Greedy,9098,3037662008,4696977,4697227,250,completed,-31
Greedy,9099,3037662008,4697077,4697330,253,completed,-31
Greedy,9100,3037662008,4697177,4697433,256,completed,-31
Greedy,9101,3037662008,4697277,4697536,259,completed,-31
Greedy,9102,3037662008,4697377,4697639,262,completed,-31
Greedy,9103,3037662008,4697477,4697742,265,completed,-31
Greedy,9104,3037662008,4697577,4697914,337,completed,-31
Greedy,9105,3037662008,4697780,4698017,237,completed,-31
Greedy,9106,3658959723,4699996,4700426,430,completed,-13
Greedy,9107,3658959723,4700202,4700734,532,completed,-13
Greedy,9108,3658959723,4700302,4700837,535,completed,-13
Greedy,9109,3658959723,4700402,4700940,538,completed,-13
Greedy,9110,3658959723,4700502,4701043,541,completed,-13
Greedy,9111,3658959723,4700602,4701146,544,completed,-13
Greedy,9112,3658959723,4700702,4701248,546,completed,-13
Greedy,9113,3658959723,4700803,4701349,546,completed,-13
Greedy,9114,3658959723,4700907,4701452,545,completed,-13
Greedy,9115,3658959723,4701208,4701559,351,completed,-13
Greedy,9116,3658959723,4701308,4701662,354,completed,-13
Greedy,9117,3658959723,4701408,4701765,357,completed,-13
Greedy,9118,3658959723,4701508,4701868,360,completed,-13
Greedy,9119,3658959723,4701608,4701971,363,completed,-13
Greedy,9120,3658959723,4701708,4702074,366,completed,-13
Greedy,9121,3658959723,4701808,4702176,368,completed,-13
Greedy,9124,3037662008,4702308,4702449,141,completed,-32
Greedy,9122,3658959723,4701908,4702277,369,completed,-12
Greedy,9125,3037662008,4702408,4702570,162,completed,-32
Greedy,9126,3037662008,4702508,4702673,165,completed,-32
Greedy,9123,3658959723,4702208,4702379,171,completed,-12
Greedy,9127,3037662008,4702608,4702776,168,completed,-32
Greedy,9128,3037662008,4702708,4702879,171,completed,-32
Greedy,9129,3037662008,4702808,4702982,174,completed,-32
Greedy,9130,3037662008,4702908,4703085,177,completed,-32
Greedy,9131,3037662008,4703209,4703352,143,completed,-32
Greedy,9132,3037662008,4703309,4703455,146,completed,-32
Greedy,9133,3037662008,4703409,4703558,149,completed,-32
Greedy,9134,3037662008,4703509,4703661,152,completed,-32
Greedy,9135,3037662008,4703609,4703764,155,completed,-32
Greedy,9136,3037662008,4703709,4703867,158,completed,-32
Greedy,9137,3037662008,4703809,4703970,161,completed,-32
Greedy,9138,3037662008,4703909,4704073,164,completed,-32
Greedy,9139,3037662008,4704208,4704351,143,completed,-35
Greedy,9140,3037662008,4704308,4704459,151,completed,-35
Greedy,9141,3037662008,4704408,4704562,154,completed,-35
Greedy,9142,3037662008,4704508,4704665,157,completed,-35
Greedy,9143,3037662008,4704608,4704768,160,completed,-35
Greedy,9144,3037662008,4704708,4704871,163,completed,-35
Greedy,9145,3037662008,4704808,4704974,166,completed,-35
Greedy,9146,3037662008,4704908,4705077,169,completed,-35
Greedy,9147,3037662008,4705211,4705359,148,completed,-35
Greedy,9148,3037662008,4705311,4705468,157,completed,-35
Greedy,9149,3037662008,4705411,4705571,160,completed,-35
Greedy,9150,3037662008,4705511,4705674,163,completed,-35
Greedy,9151,3037662008,4705611,4705777,166,completed,-35
Greedy,9152,3037662008,4705711,4705880,169,completed,-35
Greedy,9153,3037662008,4705811,4705983,172,completed,-35
Greedy,9154,3037662008,4705911,4706086,175,completed,-35
Greedy,9155,3037662008,4706212,4706395,183,completed,-38
Greedy,9156,3037662008,4706312,4706504,192,completed,-38
Greedy,9158,3658959723,4706512,4706664,152,completed,-11
Greedy,9157,3037662008,4706412,4706607,195,completed,-38
Greedy,9159,3658959723,4706612,4706773,161,completed,-11
Greedy,9160,3658959723,4706712,4706876,164,completed,-11
Greedy,9161,3658959723,4706812,4706979,167,completed,-11
Greedy,9162,3658959723,4706912,4707082,170,completed,-11
Greedy,9163,3658959723,4707204,4707354,150,completed,-11
Greedy,9164,3658959723,4707304,4707474,170,completed,-11
Greedy,9165,3658959723,4707404,4707577,173,completed,-11
Greedy,9166,3658959723,4707504,4707680,176,completed,-11
Greedy,9167,3658959723,4707604,4707783,179,completed,-11
Greedy,9168,3658959723,4707704,4707886,182,completed,-11
Greedy,9169,3658959723,4707807,4707988,181,completed,-11
Greedy,9170,3658959723,4707907,4708094,187,completed,-11
Greedy,9171,3658959723,4708007,4708350,343,completed,-11
Greedy,9172,3658959723,4708218,4708453,235,completed,-11
Greedy,9173,3658959723,4708318,4708556,238,completed,-11
Greedy,9174,3658959723,4708418,4708659,241,completed,-11
Greedy,9175,3658959723,4708521,4708762,241,completed,-11
Greedy,9176,3658959723,4708626,4708865,239,completed,-11
Greedy,9177,3658959723,4708728,4708968,240,completed,-11
Greedy,9178,3658959723,4708831,4709071,240,completed,-11
Greedy,9179,3658959723,4708934,4709174,240,completed,-11
Greedy,9180,3658959723,4709213,4709364,151,completed,-11
Greedy,9181,3658959723,4709313,4709466,153,completed,-11
Greedy,9182,3658959723,4709413,4709569,156,completed,-11
Greedy,9183,3658959723,4709513,4709672,159,completed,-11
Greedy,9184,3658959723,4709613,4709775,162,completed,-11
Greedy,9185,3658959723,4709713,4709878,165,completed,-11
Greedy,9186,3658959723,4709813,4709981,168,completed,-11
Greedy,9187,3658959723,4709913,4710084,171,completed,-11
Greedy,9188,3658959723,4710216,4710372,156,completed,-11
Greedy,9189,3658959723,4710316,4710475,159,completed,-11
Greedy,9190,3658959723,4710416,4710578,162,completed,-11
Greedy,9191,3658959723,4710516,4710681,165,completed,-11
Greedy,9192,3658959723,4710616,4710784,168,completed,-11
Greedy,9193,3658959723,4710716,4710887,171,completed,-11
Greedy,9194,3658959723,4710816,4710990,174,completed,-11
Greedy,9195,3658959723,4710916,4711093,177,completed,-11
Greedy,9196,3658959723,4711213,4711383,170,completed,-11
Greedy,9197,3658959723,4711313,4711492,179,completed,-11
Greedy,9198,3658959723,4711413,4711594,181,completed,-11
Greedy,9199,3658959723,4711513,4711696,183,completed,-11
Greedy,9200,3658959723,4711613,4711799,186,completed,-11
Greedy,9201,3658959723,4711713,4711902,189,completed,-11
Greedy,9202,3658959723,4711813,4712005,192,completed,-11
Greedy,9203,3658959723,4711913,4712108,195,completed,-11
Greedy,9204,3658959723,4712215,4712372,157,completed,-12
Greedy,9205,3658959723,4712315,4712475,160,completed,-12
Greedy,9206,3658959723,4712415,4712578,163,completed,-12
Greedy,9207,3658959723,4712515,4712681,166,completed,-12
Greedy,9208,3658959723,4712615,4712784,169,completed,-12
Greedy,9209,3658959723,4712715,4712887,172,completed,-12
Greedy,9210,3658959723,4712815,4712990,175,completed,-12
Greedy,9211,3658959723,4712915,4713093,178,completed,-12
Greedy,9212,3658959723,4713217,4713365,148,completed,-12
Greedy,9213,3658959723,4713317,4713473,156,completed,-12
Greedy,9214,3658959723,4713417,4713607,190,completed,-12
Greedy,9215,3658959723,4713517,4713710,193,completed,-12
Greedy,9216,3658959723,4713617,4713813,196,completed,-12
Greedy,9217,3658959723,4713717,4713916,199,completed,-12
Greedy,9218,3658959723,4713817,4714019,202,completed,-12
Greedy,9219,3658959723,4713917,4714122,205,completed,-12
Greedy,9220,3658959723,4714220,4714373,153,completed,-12
Greedy,9221,3658959723,4714320,4714476,156,completed,-12
Greedy,9222,3658959723,4714420,4714579,159,completed,-12
Greedy,9223,3658959723,4714520,4714682,162,completed,-12
Greedy,9224,3658959723,4714620,4714785,165,completed,-12
Greedy,9225,3658959723,4714720,4714888,168,completed,-12
Greedy,9226,3658959723,4714820,4714991,171,completed,-12
Greedy,9227,3658959723,4714920,4715094,174,completed,-12
Greedy,9228,3658959723,4715213,4715365,152,completed,-12
Greedy,9229,3658959723,4717418,4717763,345,completed,-11
Greedy,9230,3658959723,4717621,4717878,257,completed,-11
Greedy,9231,3658959723,4717721,4717994,273,completed,-11
Greedy,9232,3658959723,4717821,4718104,283,completed,-11
Greedy,9236,3037662008,4718221,4718362,141,completed,-40
Greedy,9233,3658959723,4717921,4718207,286,completed,-10
Greedy,9237,3037662008,4718321,4718471,150,completed,-40
Greedy,9234,3658959723,4718021,4718308,287,completed,-10
Greedy,9235,3658959723,4718121,4718410,289,completed,-10
Greedy,9238,3037662008,4718421,4718755,334,completed,-40
Greedy,9239,3037662008,4718621,4718858,237,completed,-40
Greedy,9240,3037662008,4718721,4718962,241,completed,-40
Greedy,9241,3037662008,4718821,4719069,248,completed,-40
Greedy,9242,3037662008,4718921,4719172,251,completed,-40
Greedy,9243,3037662008,4719021,4719275,254,completed,-40
Greedy,9244,3037662008,4719121,4719378,257,completed,-40
Greedy,9245,3037662008,4719221,4719481,260,completed,-40
Greedy,9246,3037662008,4719321,4719584,263,completed,-40
Greedy,9247,3037662008,4719421,4719686,265,completed,-40
Greedy,9248,3037662008,4719626,4719895,269,completed,-40
Greedy,9249,3037662008,4719726,4719997,271,completed,-40
Greedy,9250,3037662008,4719826,4720100,274,completed,-40
Greedy,9251,3037662008,4719926,4720203,277,completed,-43
Greedy,9254,3658959723,4720226,4720375,149,completed,-11
Greedy,9255,3658959723,4720326,4720478,152,completed,-11
Greedy,9252,3037662008,4720026,4720306,280,completed,-43
Greedy,9253,3037662008,4720126,4720408,282,completed,-43
Greedy,9256,3658959723,4720426,4720768,342,completed,-11
Greedy,9257,3658959723,4720628,4720877,249,completed,-11
Greedy,9258,3658959723,4720728,4720980,252,completed,-11
Greedy,9259,3658959723,4720828,4721083,255,completed,-11
Greedy,9260,3658959723,4720928,4721186,258,completed,-11
Greedy,9261,3658959723,4721028,4721289,261,completed,-11
Greedy,9262,3658959723,4721128,4721392,264,completed,-11
Greedy,9263,3658959723,4721228,4721495,267,completed,-11
Greedy,9264,3658959723,4721328,4721597,269,completed,-11
Greedy,9265,3658959723,4721428,4721771,343,completed,-11
Greedy,9266,3658959723,4721630,4721874,244,completed,-11
Greedy,9267,3658959723,4721730,4721981,251,completed,-11
Greedy,9268,3658959723,4721830,4722084,254,completed,-11
Greedy,9269,3658959723,4721930,4722187,257,completed,-11
Greedy,9270,3658959723,4722030,4722290,260,completed,-12
Greedy,9271,3658959723,4722130,4722391,261,completed,-12
Greedy,9273,3037662008,4722330,4722471,141,completed,-37
Greedy,9272,3658959723,4722230,4722493,263,completed,-12
Greedy,9274,3037662008,4722430,4722765,335,completed,-37
Greedy,9275,3037662008,4722630,4722874,244,completed,-37
Greedy,9276,3037662008,4722730,4722977,247,completed,-37
Greedy,9277,3037662008,4722830,4723080,250,completed,-37
Greedy,9278,3037662008,4722930,4723183,253,completed,-37
Greedy,9279,3037662008,4723030,4723286,256,completed,-37
Greedy,9280,3037662008,4723130,4723389,259,completed,-37
Greedy,9281,3037662008,4723230,4723492,262,completed,-37
Greedy,9282,3037662008,4723330,4723595,265,completed,-37
Greedy,9283,3037662008,4723430,4723767,337,completed,-37
Greedy,9284,3037662008,4723633,4723870,237,completed,-37
Greedy,9285,3037662008,4723733,4723976,243,completed,-37
Greedy,9286,3037662008,4723833,4724079,246,completed,-37
Greedy,9287,3037662008,4723933,4724182,249,completed,-40
Greedy,9290,3658959723,4724233,4724383,150,completed,-11
Greedy,9291,3658959723,4724333,4724492,159,completed,-11
Greedy,9288,3037662008,4724033,4724285,252,completed,-40
Greedy,9289,3037662008,4724133,4724387,254,completed,-40
Greedy,9292,3658959723,4724433,4724775,342,completed,-11
Greedy,9293,3658959723,4724636,4724878,242,completed,-11
Greedy,9294,3658959723,4724736,4724983,247,completed,-11
Greedy,9295,3658959723,4724836,4725086,250,completed,-11
Greedy,9296,3658959723,4724936,4725189,253,completed,-11
Greedy,9297,3658959723,4725036,4725292,256,completed,-11
Greedy,9298,3658959723,4725136,4725394,258,completed,-11
Greedy,9299,3658959723,4725236,4725497,261,completed,-11
Greedy,9300,3658959723,4725336,4725599,263,completed,-11
Greedy,9301,3658959723,4725436,4725779,343,completed,-11
Greedy,9302,3658959723,4725637,4725887,250,completed,-11
Greedy,9303,3658959723,4725737,4725990,253,completed,-11
Greedy,9304,3658959723,4725837,4726093,256,completed,-11
Greedy,9305,3658959723,4725937,4726196,259,completed,-13
Greedy,9306,3658959723,4726037,4726297,260,completed,-13
Greedy,9308,3037662008,4726237,4726384,147,completed,-38
Greedy,9309,3037662008,4726337,4726493,156,completed,-38
Greedy,9307,3658959723,4726137,4726400,263,completed,-13
Greedy,9310,3037662008,4726437,4726772,335,completed,-38
Greedy,9311,3037662008,4726639,4726875,236,completed,-38
Greedy,9312,3037662008,4726739,4726981,242,completed,-38
Greedy,9313,3037662008,4726839,4727084,245,completed,-38
Greedy,9314,3037662008,4726939,4727187,248,completed,-38
Greedy,9315,3037662008,4727039,4727290,251,completed,-38
Greedy,9316,3037662008,4727139,4727393,254,completed,-38
Greedy,9317,3037662008,4727239,4727496,257,completed,-38
Greedy,9318,3037662008,4727339,4727599,260,completed,-38
Greedy,9319,3037662008,4727439,4727775,336,completed,-38
Greedy,9320,3037662008,4727642,4727878,236,completed,-38
Greedy,9321,3037662008,4727742,4727984,242,completed,-38
Greedy,9322,3037662008,4727842,4728088,246,completed,-38
Greedy,9323,3037662008,4727942,4728191,249,completed,-41
Greedy,9326,3658959723,4728242,4728390,148,completed,-11
Greedy,9327,3658959723,4728342,4728493,151,completed,-11
Greedy,9324,3037662008,4728042,4728293,251,completed,-41
Greedy,9328,3658959723,4728442,4728787,345,completed,-11
Greedy,9329,3658959723,4728637,4728897,260,completed,-11
Greedy,9325,3037662008,4728142,4728395,253,completed,-41
Greedy,9330,3658959723,4728737,4729000,263,completed,-11
Greedy,9331,3658959723,4728837,4729103,266,completed,-11
Greedy,9332,3658959723,4728937,4729205,268,completed,-11
Greedy,9333,3658959723,4729037,4729308,271,completed,-11
Greedy,9334,3658959723,4729137,4729411,274,completed,-11
Greedy,9335,3658959723,4729237,4729513,276,completed,-11
Greedy,9336,3658959723,4729337,4729615,278,completed,-11
Greedy,9337,3658959723,4729437,4729786,349,completed,-11
Greedy,9338,3658959723,4729643,4729891,248,completed,-11
Greedy,9339,3658959723,4729743,4729994,251,completed,-11
Greedy,9340,3658959723,4729843,4730096,253,completed,-11
Greedy,9341,3658959723,4729943,4730199,256,completed,-13
Greedy,9342,3658959723,4730043,4730300,257,completed,-13
Greedy,9344,3037662008,4730243,4730384,141,completed,-37
Greedy,9345,3037662008,4730343,4730487,144,completed,-37
Greedy,9343,3658959723,4730143,4730403,260,completed,-13
Greedy,9346,3037662008,4730443,4730590,147,completed,-37
Greedy,9347,3037662008,4730645,4730794,149,completed,-37
Greedy,9348,3037662008,4730745,4730896,151,completed,-37
Greedy,9349,3037662008,4730845,4730999,154,completed,-37
Greedy,9350,3037662008,4730945,4731102,157,completed,-37
Greedy,9351,3037662008,4731045,4731205,160,completed,-37
Greedy,9352,3037662008,4731145,4731308,163,completed,-37
Greedy,9353,3037662008,4731245,4731411,166,completed,-37
Greedy,9354,3037662008,4731345,4731514,169,completed,-37
Greedy,9355,3037662008,4731445,4731779,334,completed,-37
Greedy,9356,3037662008,4731645,4731882,237,completed,-37
Greedy,9357,3037662008,4731745,4731988,243,completed,-37
Greedy,9358,3037662008,4731845,4732091,246,completed,-37
Greedy,9359,3037662008,4731945,4732194,249,completed,-40
Greedy,9360,3037662008,4732045,4732297,252,completed,-40
Greedy,9362,3658959723,4732245,4732393,148,completed,-12
Greedy,9363,3658959723,4732345,4732502,157,completed,-12
Greedy,9361,3037662008,4732145,4732400,255,completed,-40
Greedy,9364,3658959723,4732445,4732605,160,completed,-12
Greedy,9365,3658959723,4732654,4732804,150,completed,-12
Greedy,9366,3658959723,4734860,4735203,343,completed,-12
Greedy,9367,3658959723,4735058,4735364,306,completed,-12
Greedy,9368,3658959723,4735158,4735467,309,completed,-12
Greedy,9369,3658959723,4735258,4735570,312,completed,-12
Greedy,9370,3658959723,4735358,4735673,315,completed,-12
Greedy,9371,3658959723,4735458,4735776,318,completed,-12
Greedy,9372,3658959723,4735558,4735879,321,completed,-12
Greedy,9373,3658959723,4735658,4735982,324,completed,-12
Greedy,9374,3658959723,4735758,4736085,327,completed,-12
Greedy,9375,3658959723,4735858,4736187,329,completed,-12
Greedy,9376,3658959723,4736069,4736289,220,completed,-12
Greedy,9377,3658959723,4736169,4736391,222,completed,-12
Greedy,9379,3037662008,4736369,4736510,141,completed,-38
Greedy,9380,3037662008,4736469,4736617,148,completed,-38
Greedy,9378,3658959723,4736269,4736494,225,completed,-12
Greedy,9381,3037662008,4736569,4736720,151,completed,-38
Greedy,9382,3037662008,4736669,4736823,154,completed,-38
Greedy,9383,3037662008,4736769,4736926,157,completed,-38
Greedy,9384,3037662008,4737064,4737207,143,completed,-38
Greedy,9385,3037662008,4737164,4737316,152,completed,-38
Greedy,9386,3037662008,4737264,4737419,155,completed,-38
Greedy,9387,3037662008,4737364,4737522,158,completed,-38
Greedy,9388,3037662008,4737464,4737625,161,completed,-38
Greedy,9389,3037662008,4737564,4737728,164,completed,-38
Greedy,9390,3037662008,4737664,4737831,167,completed,-38
Greedy,9391,3037662008,4737764,4737934,170,completed,-38
Greedy,9392,3037662008,4737864,4738037,173,completed,-38
Greedy,9394,3658959723,4738172,4738321,149,completed,-12
Greedy,9393,3037662008,4738072,4738217,145,completed,-40
Greedy,9395,3658959723,4738272,4738424,152,completed,-12
Greedy,9396,3658959723,4738372,4738527,155,completed,-12
Greedy,9397,3658959723,4738472,4738629,157,completed,-12
Greedy,9398,3658959723,4738572,4738732,160,completed,-12
Greedy,9399,3658959723,4738672,4738835,163,completed,-12
Greedy,9400,3658959723,4738772,4738938,166,completed,-12
Greedy,9401,3658959723,4739075,4739224,149,completed,-12
Greedy,9402,3658959723,4739175,4739333,158,completed,-12
Greedy,9403,3658959723,4739275,4739443,168,completed,-12
Greedy,9404,3658959723,4739375,4739546,171,completed,-12
Greedy,9405,3658959723,4739475,4739649,174,completed,-12
Greedy,9406,3658959723,4739575,4739752,177,completed,-12
Greedy,9407,3658959723,4739675,4739855,180,completed,-12
Greedy,9408,3658959723,4739775,4739958,183,completed,-12
Greedy,9409,3658959723,4740062,4740212,150,completed,-13
Greedy,9410,3658959723,4740162,4740336,174,completed,-13
Greedy,9411,3037662008,4740262,4740405,143,completed,-38
Greedy,9412,3037662008,4740362,4740508,146,completed,-38
Greedy,9413,3037662008,4740462,4740611,149,completed,-38
Greedy,9414,3037662008,4740562,4740714,152,completed,-38
Greedy,9415,3037662008,4740662,4740817,155,completed,-38
Greedy,9416,3037662008,4740762,4740920,158,completed,-38
Greedy,9417,3037662008,4740862,4741023,161,completed,-38
Greedy,9418,3037662008,4741069,4741211,142,completed,-38
Greedy,9419,3037662008,4741169,4741314,145,completed,-38
Greedy,9420,3037662008,4741269,4741417,148,completed,-38
Greedy,9421,3037662008,4741369,4741520,151,completed,-38
Greedy,9422,3037662008,4741469,4741623,154,completed,-38
Greedy,9423,3037662008,4741569,4741726,157,completed,-38
Greedy,9424,3037662008,4741669,4741829,160,completed,-38
Greedy,9425,3037662008,4741769,4741932,163,completed,-38
Greedy,9426,3037662008,4741869,4742035,166,completed,-38
Greedy,9428,3658959723,4742170,4742318,148,completed,-11
Greedy,9429,3658959723,4742270,4742428,158,completed,-11
Greedy,9430,3658959723,4742370,4742531,161,completed,-11
Greedy,9427,3037662008,4742070,4742215,145,completed,-40
Greedy,9431,3658959723,4742470,4742634,164,completed,-11
Greedy,9432,3658959723,4742570,4742737,167,completed,-11
Greedy,9433,3658959723,4742670,4742840,170,completed,-11
Greedy,9434,3658959723,4742770,4742943,173,completed,-11
Greedy,9435,3658959723,4742870,4743219,349,completed,-11
Greedy,9436,3658959723,4743081,4743331,250,completed,-11
Greedy,9437,3658959723,4743181,4743434,253,completed,-11
Greedy,9438,3658959723,4743281,4743536,255,completed,-11
Greedy,9439,3658959723,4743381,4743639,258,completed,-11
Greedy,9440,3658959723,4743481,4743742,261,completed,-11
Greedy,9441,3658959723,4743581,4743845,264,completed,-11
Greedy,9442,3658959723,4743681,4743948,267,completed,-11
Greedy,9443,3658959723,4743781,4744050,269,completed,-11
Greedy,9444,3658959723,4744075,4744271,196,completed,-13
Greedy,9445,3658959723,4744175,4744413,238,completed,-13
Greedy,9447,3037662008,4744375,4744523,148,completed,-37
Greedy,9448,3037662008,4744475,4744626,151,completed,-37
Greedy,9446,3658959723,4744275,4744516,241,completed,-13
Greedy,9449,3037662008,4744575,4744729,154,completed,-37
Greedy,9450,3037662008,4744675,4744832,157,completed,-37
Greedy,9451,3037662008,4744775,4744935,160,completed,-37
Greedy,9452,3037662008,4744875,4745220,345,completed,-37
Greedy,9453,3037662008,4745084,4745329,245,completed,-37
Greedy,9454,3037662008,4745184,4745432,248,completed,-37
Greedy,9455,3037662008,4745284,4745535,251,completed,-37
Greedy,9456,3037662008,4745384,4745638,254,completed,-37
Greedy,9457,3037662008,4745484,4745741,257,completed,-37
Greedy,9458,3037662008,4745584,4745844,260,completed,-37
Greedy,9459,3037662008,4745684,4745947,263,completed,-37
Greedy,9460,3037662008,4745784,4746049,265,completed,-37
Greedy,9462,3658959723,4746178,4746327,149,completed,-11
Greedy,9461,3037662008,4746078,4746234,156,completed,-39
Greedy,9463,3658959723,4746278,4746430,152,completed,-11
Greedy,9464,3658959723,4746378,4746533,155,completed,-11
Greedy,9465,3658959723,4746478,4746636,158,completed,-11
Greedy,9466,3658959723,4746578,4746739,161,completed,-11
Greedy,9467,3658959723,4746678,4746842,164,completed,-11
Greedy,9468,3658959723,4746778,4746945,167,completed,-11
Greedy,9469,3658959723,4746878,4747229,351,completed,-11
Greedy,9470,3658959723,4747088,4747338,250,completed,-11
Greedy,9471,3658959723,4747188,4747448,260,completed,-11
Greedy,9472,3658959723,4747288,4747551,263,completed,-11
Greedy,9473,3658959723,4747388,4747654,266,completed,-11
Greedy,9474,3658959723,4747488,4747757,269,completed,-11
Greedy,9475,3658959723,4747588,4747860,272,completed,-11
Greedy,9476,3658959723,4747688,4747963,275,completed,-11
Greedy,9477,3658959723,4747788,4748066,278,completed,-11
Greedy,9478,3658959723,4748084,4748247,163,completed,-13
Greedy,9479,3037662008,4748184,4748325,141,completed,-35
Greedy,9480,3037662008,4748284,4748435,151,completed,-35
Greedy,9481,3037662008,4748384,4748538,154,completed,-35
Greedy,9482,3037662008,4748484,4748641,157,completed,-35
Greedy,9483,3037662008,4748584,4748744,160,completed,-35
Greedy,9484,3037662008,4748684,4748847,163,completed,-35
Greedy,9485,3037662008,4748784,4748950,166,completed,-35
Greedy,9486,3037662008,4749088,4749230,142,completed,-35
Greedy,9487,3037662008,4749188,4749359,171,completed,-35
Greedy,9488,3037662008,4749288,4749468,180,completed,-35
Greedy,9489,3037662008,4749388,4749578,190,completed,-35
Greedy,9490,3037662008,4749488,4749681,193,completed,-35
Greedy,9491,3037662008,4749588,4749784,196,completed,-35
Greedy,9492,3037662008,4749688,4749887,199,completed,-35
Greedy,9493,3037662008,4749788,4749990,202,completed,-35
Greedy,SUMMARY,ALL,0,0,120481,batch_complete,0
----------------,---,---,---,---,---,----------------,---
Greedy,9494,3037662008,4750075,4750219,144,completed,-40
