algorithm,seq,worker_id,send_ts,comp_ts,latency_ms,status,rssi
Greedy,1,3658959723,4793113,4793471,358,completed,-10
Greedy,2,3658959723,4793311,4793589,278,completed,-10
Greedy,3,3658959723,4793411,4793692,281,completed,-10
Greedy,4,3658959723,4793511,4793795,284,completed,-10
Greedy,5,3658959723,4793611,4793898,287,completed,-10
Greedy,6,3658959723,4793711,4794001,290,completed,-10
Greedy,7,3658959723,4793811,4794104,293,completed,-10
Greedy,8,3658959723,4793911,4794207,296,completed,-10
Greedy,9,3658959723,4794011,4794310,299,completed,-11
Greedy,12,3037662008,4794415,4794556,141,completed,-34
Greedy,10,3658959723,4794111,4794411,300,completed,-11
Greedy,11,3658959723,4794315,4794513,198,completed,-11
Greedy,13,3037662008,4794515,4794665,150,completed,-34
Greedy,14,3037662008,4794615,4794768,153,completed,-34
Greedy,15,3037662008,4794715,4794871,156,completed,-34
Greedy,16,3037662008,4794815,4794974,159,completed,-34
Greedy,17,3037662008,4794915,4795077,162,completed,-34
Greedy,18,3037662008,4795015,4795180,165,completed,-34
Greedy,19,3037662008,4795115,4795283,168,completed,-34
Greedy,20,3037662008,4795320,4795463,143,completed,-34
Greedy,21,3037662008,4795420,4795566,146,completed,-34
Greedy,22,3037662008,4795520,4795669,149,completed,-34
Greedy,23,3037662008,4795620,4795772,152,completed,-34
Greedy,24,3037662008,4795720,4795875,155,completed,-34
Greedy,25,3037662008,4795820,4795978,158,completed,-34
Greedy,26,3037662008,4795920,4796081,161,completed,-34
Greedy,27,3037662008,4796020,4796184,164,completed,-34
Greedy,28,3037662008,4796120,4796460,340,completed,-40
Greedy,29,3658959723,4796325,4796475,150,completed,-11
Greedy,30,3658959723,4796425,4796578,153,completed,-11
Greedy,31,3658959723,4796525,4796681,156,completed,-11
Greedy,32,3658959723,4796625,4796784,159,completed,-11
Greedy,33,3658959723,4796725,4796887,162,completed,-11
Greedy,34,3658959723,4796825,4796990,165,completed,-11
Greedy,35,3658959723,4796925,4797093,168,completed,-11
Greedy,36,3658959723,4797025,4797196,171,completed,-11
Greedy,37,3658959723,4797314,4797467,153,completed,-11
Greedy,38,3658959723,4797414,4797570,156,completed,-11
Greedy,39,3658959723,4797514,4797673,159,completed,-11
Greedy,40,3658959723,4797614,4797776,162,completed,-11
Greedy,41,3658959723,4797714,4797879,165,completed,-11
Greedy,42,3658959723,4797814,4797982,168,completed,-11
Greedy,43,3658959723,4797914,4798085,171,completed,-11
Greedy,44,3658959723,4798014,4798188,174,completed,-11
Greedy,45,3658959723,4798114,4798290,176,completed,-12
Greedy,46,3658959723,4798322,4798473,151,completed,-12
Greedy,47,3037662008,4798422,4798563,141,completed,-38
Greedy,48,3037662008,4798522,4798666,144,completed,-38
Greedy,49,3037662008,4798622,4798769,147,completed,-38
Greedy,50,3037662008,4798722,4798872,150,completed,-38
Greedy,51,3037662008,4798822,4798975,153,completed,-38
Greedy,52,3037662008,4798922,4799078,156,completed,-38
Greedy,53,3037662008,4799022,4799181,159,completed,-38
Greedy,54,3037662008,4799122,4799461,339,completed,-38
Greedy,55,3037662008,4799318,4799571,253,completed,-38
Greedy,56,3037662008,4799418,4799674,256,completed,-38
Greedy,57,3037662008,4799518,4799777,259,completed,-38
Greedy,58,3037662008,4799618,4799880,262,completed,-38
Greedy,59,3037662008,4799718,4799983,265,completed,-38
Greedy,60,3037662008,4799818,4800086,268,completed,-38
Greedy,61,3037662008,4799918,4800189,271,completed,-38
Greedy,64,3658959723,4800324,4800475,151,completed,-11
Greedy,65,3658959723,4800424,4800585,161,completed,-11
Greedy,62,3037662008,4800018,4800292,274,completed,-40
Greedy,63,3037662008,4800118,4800393,275,completed,-40
Greedy,66,3658959723,4800524,4800694,170,completed,-11
Greedy,67,3658959723,4800624,4800804,180,completed,-11
Greedy,68,3658959723,4800724,4800907,183,completed,-11
Greedy,69,3658959723,4800824,4801010,186,completed,-11
Greedy,70,3658959723,4800924,4801113,189,completed,-11
Greedy,71,3658959723,4801024,4801216,192,completed,-11
Greedy,72,3658959723,4801124,4801318,194,completed,-11
Greedy,73,3658959723,4801327,4801476,149,completed,-11
Greedy,74,3658959723,4801427,4801585,158,completed,-11
Greedy,75,3658959723,4801527,4801688,161,completed,-11
Greedy,76,3658959723,4801627,4801791,164,completed,-11
Greedy,77,3658959723,4801727,4801893,166,completed,-11
Greedy,78,3658959723,4801827,4801996,169,completed,-11
Greedy,79,3658959723,4801927,4802099,172,completed,-11
Greedy,80,3658959723,4802027,4802202,175,completed,-11
Greedy,81,3658959723,4802127,4802472,345,completed,-12
Greedy,82,3658959723,4802332,4802575,243,completed,-12
Greedy,83,3658959723,4804538,4804907,369,completed,-12
Greedy,84,3658959723,4804740,4805256,516,completed,-12
Greedy,85,3658959723,4804840,4805533,693,completed,-12
Greedy,86,3658959723,4804940,4805635,695,completed,-12
Greedy,87,3658959723,4805040,4805881,841,completed,-12
Greedy,88,3658959723,4805140,4806082,942,completed,-12
Greedy,89,3658959723,4805240,4806357,1117,completed,-12
Greedy,90,3658959723,4805340,4806636,1296,completed,-12
Greedy,91,3658959723,4805440,4806738,1298,completed,-12
Greedy,92,3658959723,4805540,4806839,1299,completed,-12
Greedy,93,3658959723,4805736,4806942,1206,completed,-12
Greedy,94,3658959723,4805836,4807045,1209,completed,-12
Greedy,95,3658959723,4805937,4807148,1211,completed,-12
Greedy,96,3658959723,4806037,4807251,1214,completed,-12
Greedy,97,3658959723,4806137,4807354,1217,completed,-12
Greedy,98,3658959723,4806237,4807457,1220,completed,-12
Greedy,99,3658959723,4806337,4807560,1223,completed,-12
Greedy,100,3658959723,4806437,4807663,1226,completed,-12
Greedy,101,3658959723,4806537,4807765,1228,completed,-12
Greedy,102,3658959723,4806737,4807866,1129,completed,-12
Greedy,103,3658959723,4806837,4807969,1132,completed,-12
Greedy,104,3658959723,4806937,4808072,1135,completed,-12
Greedy,105,3658959723,4807037,4808175,1138,completed,-12
Greedy,106,3658959723,4807137,4808278,1141,completed,-12
Greedy,116,3037662008,4808241,4808382,141,completed,-33
Greedy,117,3037662008,4808341,4808491,150,completed,-33
Greedy,107,3658959723,4807237,4808380,1143,completed,-12
Greedy,118,3037662008,4808441,4808600,159,completed,-33
Greedy,108,3658959723,4807337,4808482,1145,completed,-12
Greedy,119,3037662008,4808541,4808703,162,completed,-33
Greedy,120,3037662008,4808749,4808901,152,completed,-33
Greedy,121,3037662008,4808849,4809010,161,completed,-33
Greedy,109,3658959723,4807437,4808583,1146,completed,-12
Greedy,122,3037662008,4808949,4809119,170,completed,-33
Greedy,123,3037662008,4809049,4809222,173,completed,-33
Greedy,110,3658959723,4807537,4808684,1147,completed,-12
Greedy,124,3037662008,4809149,4809325,176,completed,-33
Greedy,125,3037662008,4809249,4809428,179,completed,-33
Greedy,126,3037662008,4809349,4809531,182,completed,-33
Greedy,111,3658959723,4807741,4808786,1045,completed,-12
Greedy,127,3037662008,4809449,4809634,185,completed,-33
Greedy,112,3658959723,4807841,4808888,1047,completed,-12
Greedy,113,3658959723,4807941,4808989,1048,completed,-12
Greedy,128,3037662008,4809746,4809894,148,completed,-33
Greedy,129,3037662008,4809846,4809997,151,completed,-33
Greedy,130,3037662008,4809946,4810100,154,completed,-33
Greedy,114,3658959723,4808041,4809091,1050,completed,-12
Greedy,131,3037662008,4810046,4810203,157,completed,-33
Greedy,115,3658959723,4808141,4809193,1052,completed,-12
Greedy,132,3037662008,4810146,4810306,160,completed,-33
Greedy,134,3658959723,4810346,4810496,150,completed,-11
Greedy,135,3658959723,4810446,4810599,153,completed,-11
Greedy,133,3037662008,4810246,4810408,162,completed,-33
Greedy,136,3658959723,4810547,4810890,343,completed,-11
Greedy,137,3658959723,4810751,4810993,242,completed,-11
Greedy,138,3658959723,4810851,4811096,245,completed,-11
Greedy,139,3658959723,4810951,4811200,249,completed,-11
Greedy,140,3658959723,4811051,4811303,252,completed,-11
Greedy,141,3658959723,4811151,4811409,258,completed,-11
Greedy,142,3658959723,4811251,4811511,260,completed,-11
Greedy,143,3658959723,4811351,4811614,263,completed,-11
Greedy,144,3658959723,4811451,4811717,266,completed,-11
Greedy,145,3658959723,4811746,4811898,152,completed,-11
Greedy,146,3658959723,4811846,4812001,155,completed,-11
Greedy,147,3658959723,4811946,4812104,158,completed,-11
Greedy,148,3658959723,4812046,4812207,161,completed,-11
Greedy,149,3658959723,4812146,4812310,164,completed,-13
Greedy,150,3658959723,4812246,4812413,167,completed,-13
Greedy,151,3037662008,4812346,4812487,141,completed,-31
Greedy,152,3037662008,4812446,4812596,150,completed,-31
Greedy,153,3037662008,4812547,4812986,439,completed,-31
Greedy,154,3037662008,4812748,4813096,348,completed,-31
Greedy,155,3037662008,4812848,4813199,351,completed,-31
Greedy,156,3037662008,4812948,4813302,354,completed,-31
Greedy,157,3037662008,4813048,4813405,357,completed,-31
Greedy,158,3037662008,4813148,4813508,360,completed,-31
Greedy,159,3037662008,4813248,4813611,363,completed,-31
Greedy,160,3037662008,4813348,4813714,366,completed,-31
Greedy,161,3037662008,4813448,4813816,368,completed,-31
Greedy,162,3037662008,4813548,4813919,371,completed,-31
Greedy,163,3037662008,4813748,4814022,274,completed,-31
Greedy,164,3037662008,4813848,4814125,277,completed,-31
Greedy,165,3037662008,4813948,4814228,280,completed,-33
Greedy,166,3037662008,4814048,4814334,286,completed,-33
Greedy,168,3658959723,4814248,4814397,149,completed,-11
Greedy,169,3658959723,4814348,4814506,158,completed,-11
Greedy,170,3658959723,4814448,4814609,161,completed,-11
Greedy,167,3037662008,4814148,4814436,288,completed,-33
Greedy,171,3658959723,4814549,4814898,349,completed,-11
Greedy,172,3658959723,4814761,4815001,240,completed,-11
Greedy,173,3658959723,4814863,4815104,241,completed,-11
Greedy,174,3658959723,4814966,4815207,241,completed,-11
Greedy,175,3658959723,4815079,4815310,231,completed,-11
Greedy,176,3658959723,4815179,4815413,234,completed,-11
Greedy,177,3658959723,4815279,4815516,237,completed,-11
Greedy,178,3658959723,4815379,4815619,240,completed,-11
Greedy,179,3658959723,4815480,4815722,242,completed,-11
Greedy,180,3658959723,4815753,4815905,152,completed,-11
Greedy,181,3658959723,4815853,4816008,155,completed,-11
Greedy,182,3658959723,4815953,4816110,157,completed,-11
Greedy,183,3658959723,4816053,4816212,159,completed,-11
Greedy,184,3658959723,4816153,4816315,162,completed,-12
Greedy,186,3037662008,4816353,4816496,143,completed,-32
Greedy,185,3658959723,4816253,4816418,165,completed,-12
Greedy,187,3037662008,4816453,4816598,145,completed,-32
Greedy,188,3037662008,4816553,4816891,338,completed,-32
Greedy,189,3037662008,4816756,4817000,244,completed,-32
Greedy,190,3037662008,4816856,4817109,253,completed,-32
Greedy,191,3037662008,4816956,4817248,292,completed,-32
Greedy,192,3037662008,4817056,4817351,295,completed,-32
Greedy,193,3037662008,4817156,4817454,298,completed,-32
Greedy,194,3037662008,4817256,4817557,301,completed,-32
Greedy,195,3037662008,4817356,4817660,304,completed,-32
Greedy,196,3037662008,4817456,4817763,307,completed,-32
Greedy,197,3037662008,4817556,4817865,309,completed,-32
Greedy,198,3037662008,4817756,4817967,211,completed,-32
Greedy,199,3037662008,4817856,4818069,213,completed,-32
Greedy,200,3037662008,4817956,4818172,216,completed,-32
Greedy,201,3037662008,4818056,4818275,219,completed,-36
Greedy,203,3658959723,4818256,4818405,149,completed,-10
Greedy,204,3658959723,4818356,4818515,159,completed,-10
Greedy,202,3037662008,4818156,4818377,221,completed,-36
Greedy,205,3658959723,4818456,4818624,168,completed,-10
Greedy,206,3658959723,4818556,4818901,345,completed,-10
Greedy,207,3658959723,4818759,4819004,245,completed,-10
Greedy,208,3658959723,4818859,4819108,249,completed,-10
Greedy,209,3658959723,4818959,4819210,251,completed,-10
Greedy,210,3658959723,4819059,4819312,253,completed,-10
Greedy,211,3658959723,4819159,4819415,256,completed,-10
Greedy,212,3658959723,4819259,4819518,259,completed,-10
Greedy,213,3658959723,4819359,4819621,262,completed,-10
Greedy,214,3658959723,4819459,4819723,264,completed,-10
Greedy,215,3658959723,4819559,4819904,345,completed,-10
Greedy,216,3658959723,4819757,4820007,250,completed,-10
Greedy,217,3658959723,4821982,4822337,355,completed,-12
Greedy,219,3037662008,4822290,4822436,146,completed,-36
Greedy,220,3037662008,4822390,4822539,149,completed,-36
Greedy,218,3658959723,4822190,4822606,416,completed,-12
Greedy,221,3037662008,4822490,4822642,152,completed,-36
Greedy,222,3037662008,4822590,4822745,155,completed,-36
Greedy,223,3037662008,4822690,4822848,158,completed,-36
Greedy,224,3037662008,4822790,4822951,161,completed,-36
Greedy,225,3037662008,4822890,4823054,164,completed,-36
Greedy,226,3037662008,4823191,4823332,141,completed,-36
Greedy,227,3037662008,4823291,4823440,149,completed,-36
Greedy,228,3037662008,4823391,4823543,152,completed,-36
Greedy,229,3037662008,4823491,4823659,168,completed,-36
Greedy,230,3037662008,4823591,4823762,171,completed,-36
Greedy,231,3037662008,4823691,4823865,174,completed,-36
Greedy,232,3037662008,4823791,4823968,177,completed,-36
Greedy,233,3037662008,4823891,4824071,180,completed,-36
Greedy,235,3658959723,4824292,4824441,149,completed,-11
Greedy,234,3037662008,4824192,4824357,165,completed,-34
Greedy,236,3658959723,4824392,4824551,159,completed,-11
Greedy,237,3658959723,4824492,4824654,162,completed,-11
Greedy,238,3658959723,4824592,4824757,165,completed,-11
Greedy,239,3658959723,4824692,4824860,168,completed,-11
Greedy,240,3658959723,4824792,4824963,171,completed,-11
Greedy,241,3658959723,4824892,4825066,174,completed,-11
Greedy,242,3658959723,4825193,4825342,149,completed,-11
Greedy,243,3658959723,4825293,4825444,151,completed,-11
Greedy,244,3658959723,4825393,4825547,154,completed,-11
Greedy,245,3658959723,4825493,4825650,157,completed,-11
Greedy,246,3658959723,4825593,4825752,159,completed,-11
Greedy,247,3658959723,4825693,4825855,162,completed,-11
Greedy,248,3658959723,4825793,4825958,165,completed,-11
Greedy,249,3658959723,4825893,4826061,168,completed,-11
Greedy,250,3658959723,4826193,4826344,151,completed,-12
Greedy,251,3658959723,4826293,4826447,154,completed,-12
Greedy,252,3658959723,4826393,4826550,157,completed,-12
Greedy,253,3658959723,4826493,4826653,160,completed,-12
Greedy,254,3658959723,4826593,4826756,163,completed,-12
Greedy,255,3658959723,4826693,4826859,166,completed,-12
Greedy,256,3658959723,4826793,4826962,169,completed,-12
Greedy,257,3658959723,4826893,4827065,172,completed,-12
Greedy,258,3658959723,4827195,4827360,165,completed,-12
Greedy,259,3658959723,4827295,4827463,168,completed,-12
Greedy,260,3658959723,4827395,4827566,171,completed,-12
Greedy,261,3658959723,4827495,4827669,174,completed,-12
Greedy,262,3658959723,4827595,4827772,177,completed,-12
Greedy,263,3658959723,4827695,4827875,180,completed,-12
Greedy,264,3658959723,4827795,4827978,183,completed,-12
Greedy,265,3658959723,4827895,4828081,186,completed,-12
Greedy,266,3658959723,4828190,4828341,151,completed,-11
Greedy,267,3658959723,4828290,4828444,154,completed,-11
Greedy,268,3658959723,4828390,4828547,157,completed,-11
Greedy,269,3658959723,4828490,4828650,160,completed,-11
Greedy,270,3658959723,4828590,4828753,163,completed,-11
Greedy,271,3658959723,4828690,4828856,166,completed,-11
Greedy,272,3658959723,4828790,4828959,169,completed,-11
Greedy,273,3658959723,4828890,4829062,172,completed,-11
Greedy,274,3658959723,4828990,4829164,174,completed,-11
Greedy,275,3658959723,4829197,4829349,152,completed,-11
Greedy,276,3658959723,4829297,4829452,155,completed,-11
Greedy,277,3658959723,4829397,4829555,158,completed,-11
Greedy,278,3658959723,4829497,4829658,161,completed,-11
Greedy,279,3658959723,4829597,4829761,164,completed,-11
Greedy,280,3658959723,4829697,4829864,167,completed,-11
Greedy,281,3658959723,4829797,4829967,170,completed,-11
Greedy,282,3658959723,4829897,4830070,173,completed,-11
Greedy,283,3658959723,4830197,4830348,151,completed,-12
Greedy,284,3658959723,4830297,4830450,153,completed,-12
Greedy,285,3658959723,4830397,4830553,156,completed,-12
Greedy,286,3658959723,4830497,4830655,158,completed,-12
Greedy,287,3658959723,4830597,4830758,161,completed,-12
Greedy,288,3658959723,4830697,4830860,163,completed,-12
Greedy,289,3658959723,4830797,4830963,166,completed,-12
Greedy,290,3658959723,4830897,4831066,169,completed,-12
Greedy,291,3658959723,4831202,4831372,170,completed,-12
Greedy,292,3658959723,4831302,4831530,228,completed,-12
Greedy,293,3658959723,4831402,4831640,238,completed,-12
Greedy,294,3658959723,4831502,4831743,241,completed,-12
Greedy,295,3658959723,4831602,4831846,244,completed,-12
Greedy,296,3658959723,4831702,4831951,249,completed,-12
Greedy,297,3658959723,4831802,4832053,251,completed,-12
Greedy,298,3658959723,4831902,4832155,253,completed,-12
Greedy,299,3658959723,4832203,4832355,152,completed,-11
Greedy,300,3658959723,4832303,4832461,158,completed,-11
Greedy,301,3658959723,4832403,4832564,161,completed,-11
Greedy,302,3658959723,4832503,4832667,164,completed,-11
Greedy,303,3658959723,4832603,4832770,167,completed,-11
Greedy,304,3658959723,4832703,4832873,170,completed,-11
Greedy,305,3658959723,4832803,4832976,173,completed,-11
Greedy,306,3658959723,4832903,4833078,175,completed,-11
Greedy,307,3658959723,4833203,4833359,156,completed,-11
Greedy,308,3658959723,4833303,4833468,165,completed,-11
Greedy,309,3658959723,4833403,4833571,168,completed,-11
Greedy,310,3658959723,4833503,4833674,171,completed,-11
Greedy,311,3658959723,4833603,4833777,174,completed,-11
Greedy,312,3658959723,4833703,4833880,177,completed,-11
Greedy,313,3658959723,4833803,4833983,180,completed,-11
Greedy,314,3658959723,4833903,4834086,183,completed,-11
Greedy,315,3658959723,4834203,4834354,151,completed,-11
Greedy,316,3658959723,4834303,4834480,177,completed,-11
Greedy,317,3658959723,4834403,4834582,179,completed,-11
Greedy,318,3658959723,4834503,4834685,182,completed,-11
Greedy,319,3658959723,4834603,4834788,185,completed,-11
Greedy,320,3658959723,4834703,4834891,188,completed,-11
Greedy,321,3658959723,4834803,4834994,191,completed,-11
Greedy,322,3658959723,4834903,4835097,194,completed,-11
Greedy,323,3658959723,4835202,4835353,151,completed,-11
Greedy,324,3658959723,4835302,4835456,154,completed,-11
Greedy,325,3658959723,4835402,4835559,157,completed,-11
Greedy,326,3658959723,4835502,4835662,160,completed,-11
Greedy,327,3658959723,4835602,4835765,163,completed,-11
Greedy,328,3658959723,4835702,4835868,166,completed,-11
Greedy,329,3658959723,4835802,4835971,169,completed,-11
Greedy,330,3658959723,4835902,4836075,173,completed,-11
Greedy,331,3658959723,4836204,4836371,167,completed,-11
Greedy,332,3658959723,4836304,4836474,170,completed,-11
Greedy,333,3658959723,4836404,4836577,173,completed,-11
Greedy,334,3658959723,4836504,4836680,176,completed,-11
Greedy,335,3658959723,4836604,4836783,179,completed,-11
Greedy,336,3658959723,4836704,4836886,182,completed,-11
Greedy,337,3658959723,4836804,4836989,185,completed,-11
Greedy,338,3658959723,4836904,4837092,188,completed,-11
Greedy,339,3658959723,4837205,4838738,1533,completed,-11
Greedy,340,3658959723,4839411,4839753,342,completed,-11
Greedy,341,3658959723,4839608,4840057,449,completed,-11
Greedy,342,3658959723,4839708,4840160,452,completed,-11
Greedy,343,3658959723,4839808,4840266,458,completed,-12
Greedy,344,3658959723,4839914,4840369,455,completed,-12
Greedy,345,3658959723,4840014,4840472,458,completed,-12
Greedy,346,3658959723,4840114,4840575,461,completed,-12
Greedy,347,3658959723,4840214,4840677,463,completed,-12
Greedy,348,3658959723,4840314,4840780,466,completed,-12
Greedy,349,3658959723,4840414,4840883,469,completed,-12
Greedy,350,3658959723,4840616,4840986,370,completed,-12
Greedy,351,3658959723,4840716,4841089,373,completed,-12
Greedy,352,3658959723,4840816,4841192,376,completed,-12
Greedy,353,3658959723,4840916,4841295,379,completed,-12
Greedy,354,3658959723,4841016,4841398,382,completed,-12
Greedy,355,3658959723,4841116,4841501,385,completed,-12
Greedy,356,3658959723,4841216,4841604,388,completed,-12
Greedy,357,3658959723,4841316,4841705,389,completed,-12
Greedy,358,3658959723,4841417,4841808,391,completed,-12
Greedy,359,3658959723,4841619,4841911,292,completed,-12
Greedy,360,3658959723,4841719,4842014,295,completed,-12
Greedy,361,3658959723,4841819,4842117,298,completed,-12
Greedy,362,3658959723,4841919,4842220,301,completed,-12
Greedy,363,3658959723,4842019,4842323,304,completed,-12
Greedy,364,3658959723,4842119,4842426,307,completed,-12
Greedy,365,3658959723,4842222,4842529,307,completed,-12
Greedy,366,3658959723,4842322,4842632,310,completed,-12
Greedy,367,3658959723,4842616,4842769,153,completed,-12
Greedy,368,3658959723,4842716,4842871,155,completed,-12
Greedy,369,3658959723,4842816,4842973,157,completed,-12
Greedy,370,3658959723,4842916,4843076,160,completed,-12
Greedy,371,3658959723,4843016,4843179,163,completed,-12
Greedy,372,3658959723,4843116,4843282,166,completed,-12
Greedy,373,3658959723,4843216,4843385,169,completed,-12
Greedy,374,3658959723,4843316,4843487,171,completed,-12
Greedy,375,3658959723,4843418,4843761,343,completed,-12
Greedy,376,3658959723,4843620,4843863,243,completed,-12
Greedy,377,3658959723,4843720,4843966,246,completed,-12
Greedy,378,3658959723,4843820,4844069,249,completed,-12
Greedy,379,3658959723,4843920,4844172,252,completed,-12
Greedy,380,3658959723,4844020,4844275,255,completed,-11
Greedy,381,3658959723,4844120,4844377,257,completed,-11
Greedy,382,3658959723,4844220,4844479,259,completed,-11
Greedy,383,3658959723,4844320,4844582,262,completed,-11
Greedy,384,3658959723,4844420,4844763,343,completed,-11
Greedy,385,3658959723,4844621,4844866,245,completed,-11
Greedy,386,3658959723,4844721,4844973,252,completed,-11
Greedy,387,3658959723,4844821,4845076,255,completed,-11
Greedy,388,3658959723,4844921,4845179,258,completed,-11
Greedy,389,3658959723,4845021,4845285,264,completed,-11
Greedy,390,3658959723,4845121,4845388,267,completed,-11
Greedy,391,3658959723,4845221,4845491,270,completed,-11
Greedy,392,3658959723,4845321,4845594,273,completed,-11
Greedy,393,3658959723,4845421,4845764,343,completed,-11
Greedy,394,3658959723,4845622,4845867,245,completed,-11
Greedy,395,3658959723,4845722,4845973,251,completed,-11
Greedy,396,3658959723,4845822,4846076,254,completed,-11
Greedy,397,3658959723,4845922,4846179,257,completed,-11
Greedy,398,3658959723,4846022,4846281,259,completed,-11
Greedy,399,3658959723,4846122,4846384,262,completed,-11
Greedy,400,3658959723,4846222,4846487,265,completed,-11
Greedy,401,3658959723,4846322,4846590,268,completed,-11
Greedy,402,3658959723,4846422,4846766,344,completed,-11
Greedy,403,3658959723,4846624,4846869,245,completed,-11
Greedy,404,3658959723,4846724,4846976,252,completed,-11
Greedy,405,3658959723,4846824,4847079,255,completed,-11
Greedy,406,3658959723,4846924,4847182,258,completed,-11
Greedy,407,3658959723,4847024,4847283,259,completed,-11
Greedy,408,3658959723,4847124,4847386,262,completed,-11
Greedy,409,3658959723,4847224,4847489,265,completed,-11
Greedy,410,3658959723,4847324,4847591,267,completed,-11
Greedy,411,3658959723,4847424,4847767,343,completed,-11
Greedy,412,3658959723,4847625,4847876,251,completed,-11
Greedy,413,3658959723,4847725,4847979,254,completed,-11
Greedy,414,3658959723,4847825,4848082,257,completed,-11
Greedy,415,3658959723,4847925,4848185,260,completed,-11
Greedy,416,3658959723,4848025,4848288,263,completed,-12
Greedy,417,3658959723,4848125,4848391,266,completed,-12
Greedy,418,3658959723,4848225,4848494,269,completed,-12
Greedy,419,3658959723,4848325,4848596,271,completed,-12
Greedy,420,3658959723,4848425,4848769,344,completed,-12
Greedy,421,3658959723,4848620,4848872,252,completed,-12
Greedy,422,3658959723,4848720,4848975,255,completed,-12
Greedy,423,3658959723,4848820,4849078,258,completed,-12
Greedy,424,3658959723,4848920,4849181,261,completed,-12
Greedy,425,3658959723,4849020,4849283,263,completed,-12
Greedy,426,3658959723,4849120,4849386,266,completed,-12
Greedy,427,3658959723,4849220,4849489,269,completed,-12
Greedy,428,3658959723,4849320,4849592,272,completed,-12
Greedy,429,3658959723,4849420,4849694,274,completed,-12
Greedy,430,3658959723,4849625,4849797,172,completed,-12
Greedy,431,3658959723,4849725,4849900,175,completed,-12
Greedy,432,3658959723,4849825,4850003,178,completed,-12
Greedy,433,3658959723,4849925,4850106,181,completed,-12
Greedy,434,3658959723,4850025,4850209,184,completed,-12
Greedy,435,3658959723,4850125,4850312,187,completed,-12
Greedy,436,3658959723,4850226,4850415,189,completed,-12
Greedy,437,3658959723,4850326,4850518,192,completed,-12
Greedy,438,3658959723,4850426,4850621,195,completed,-12
Greedy,439,3658959723,4850629,4850778,149,completed,-12
Greedy,440,3658959723,4850729,4850881,152,completed,-12
Greedy,441,3658959723,4850829,4850984,155,completed,-12
Greedy,442,3658959723,4850929,4851086,157,completed,-12
Greedy,443,3658959723,4851029,4851189,160,completed,-12
Greedy,444,3658959723,4851129,4851292,163,completed,-12
Greedy,445,3658959723,4851229,4851395,166,completed,-12
Greedy,446,3658959723,4851329,4851498,169,completed,-12
Greedy,447,3658959723,4851429,4851772,343,completed,-12
Greedy,448,3658959723,4851629,4851876,247,completed,-12
Greedy,449,3658959723,4851729,4851979,250,completed,-12
Greedy,450,3658959723,4851829,4852082,253,completed,-12
Greedy,451,3658959723,4851929,4852185,256,completed,-12
Greedy,452,3658959723,4852029,4852288,259,completed,-12
Greedy,453,3658959723,4852129,4852391,262,completed,-12
Greedy,454,3658959723,4852229,4852494,265,completed,-12
Greedy,455,3658959723,4852329,4852597,268,completed,-12
Greedy,456,3658959723,4852429,4852699,270,completed,-12
Greedy,457,3658959723,4852630,4852801,171,completed,-12
Greedy,458,3658959723,4852730,4852904,174,completed,-12
Greedy,459,3658959723,4852830,4853007,177,completed,-12
Greedy,460,3658959723,4852930,4853110,180,completed,-12
Greedy,461,3658959723,4853030,4853213,183,completed,-12
Greedy,462,3658959723,4853130,4853316,186,completed,-12
Greedy,463,3658959723,4853230,4853419,189,completed,-12
Greedy,464,3658959723,4853330,4853522,192,completed,-12
Greedy,465,3658959723,4853430,4853774,344,completed,-12
Greedy,466,3658959723,4853631,4853884,253,completed,-12
Greedy,467,3658959723,4853731,4853987,256,completed,-12
Greedy,468,3658959723,4853831,4854090,259,completed,-12
Greedy,469,3658959723,4853931,4854196,265,completed,-12
Greedy,470,3658959723,4854031,4854298,267,completed,-13
Greedy,471,3658959723,4854131,4854401,270,completed,-13
Greedy,472,3658959723,4854231,4854503,272,completed,-13
Greedy,473,3658959723,4854331,4854606,275,completed,-13
Greedy,474,3658959723,4854431,4854707,276,completed,-13
Greedy,475,3658959723,4854633,4854809,176,completed,-13
Greedy,476,3658959723,4856836,4857180,344,completed,-11
Greedy,477,3658959723,4857039,4857308,269,completed,-11
Greedy,478,3658959723,4857139,4857581,442,completed,-11
Greedy,479,3658959723,4857239,4857684,445,completed,-11
Greedy,480,3658959723,4857340,4857787,447,completed,-11
Greedy,481,3658959723,4857443,4857890,447,completed,-11
Greedy,482,3658959723,4857546,4857993,447,completed,-11
Greedy,483,3658959723,4857649,4858094,445,completed,-11
Greedy,484,3658959723,4857751,4858196,445,completed,-11
Greedy,485,3658959723,4858037,4858298,261,completed,-11
Greedy,488,3037662008,4858337,4858480,143,completed,-33
Greedy,489,3037662008,4858437,4858582,145,completed,-33
Greedy,486,3658959723,4858137,4858400,263,completed,-11
Greedy,490,3037662008,4858537,4858685,148,completed,-33
Greedy,491,3037662008,4858637,4858788,151,completed,-33
Greedy,487,3658959723,4858237,4858502,265,completed,-11
Greedy,492,3037662008,4858737,4858891,154,completed,-33
Greedy,493,3037662008,4858837,4858994,157,completed,-33
Greedy,494,3037662008,4859044,4859189,145,completed,-33
Greedy,495,3037662008,4859144,4859298,154,completed,-33
Greedy,496,3037662008,4859244,4859401,157,completed,-33
Greedy,497,3037662008,4859344,4859504,160,completed,-33
Greedy,498,3037662008,4859444,4859607,163,completed,-33
Greedy,499,3037662008,4859544,4859710,166,completed,-33
Greedy,500,3037662008,4859644,4859813,169,completed,-33
Greedy,501,3037662008,4859744,4859916,172,completed,-33
Greedy,502,3037662008,4859844,4860179,335,completed,-33
Greedy,503,3037662008,4860044,4860289,245,completed,-36
Greedy,505,3658959723,4860244,4860393,149,completed,-12
Greedy,506,3658959723,4860344,4860503,159,completed,-12
Greedy,507,3658959723,4860444,4860606,162,completed,-12
Greedy,504,3037662008,4860144,4860391,247,completed,-36
Greedy,508,3658959723,4860544,4860709,165,completed,-12
Greedy,509,3658959723,4860644,4860812,168,completed,-12
Greedy,510,3658959723,4860744,4860915,171,completed,-12
Greedy,511,3658959723,4860844,4861018,174,completed,-12
Greedy,512,3658959723,4861045,4861197,152,completed,-12
Greedy,513,3658959723,4861145,4861300,155,completed,-12
Greedy,514,3658959723,4861245,4861409,164,completed,-12
Greedy,515,3658959723,4861345,4861511,166,completed,-12
Greedy,516,3658959723,4861445,4861614,169,completed,-12
Greedy,517,3658959723,4861545,4861717,172,completed,-12
Greedy,518,3658959723,4861645,4861820,175,completed,-12
Greedy,519,3658959723,4861745,4861923,178,completed,-12
Greedy,520,3658959723,4861845,4862025,180,completed,-12
Greedy,521,3658959723,4862048,4862198,150,completed,-12
Greedy,522,3658959723,4862148,4862307,159,completed,-12
Greedy,523,3037662008,4862248,4862390,142,completed,-35
Greedy,524,3037662008,4862348,4862499,151,completed,-35
Greedy,525,3037662008,4862448,4862609,161,completed,-35
Greedy,526,3037662008,4862548,4862712,164,completed,-35
Greedy,527,3037662008,4862648,4862815,167,completed,-35
Greedy,528,3037662008,4862748,4862918,170,completed,-35
Greedy,529,3037662008,4862848,4863185,337,completed,-35
Greedy,530,3037662008,4863049,4863288,239,completed,-35
Greedy,531,3037662008,4863149,4863394,245,completed,-35
Greedy,532,3037662008,4863249,4863497,248,completed,-35
Greedy,533,3037662008,4863349,4863600,251,completed,-35
Greedy,534,3037662008,4863449,4863703,254,completed,-35
Greedy,535,3037662008,4863549,4863806,257,completed,-35
Greedy,536,3037662008,4863649,4863908,259,completed,-35
Greedy,537,3037662008,4863749,4864011,262,completed,-35
Greedy,538,3037662008,4863849,4864185,336,completed,-35
Greedy,539,3037662008,4864050,4864295,245,completed,-35
Greedy,541,3658959723,4864250,4864399,149,completed,-11
Greedy,542,3658959723,4864350,4864502,152,completed,-11
Greedy,543,3658959723,4864450,4864605,155,completed,-11
Greedy,540,3037662008,4864150,4864397,247,completed,-35
Greedy,544,3658959723,4864550,4864708,158,completed,-11
Greedy,545,3658959723,4864650,4864811,161,completed,-11
Greedy,546,3658959723,4864750,4864914,164,completed,-11
Greedy,547,3658959723,4864850,4865016,166,completed,-11
Greedy,548,3658959723,4865051,4865204,153,completed,-11
Greedy,549,3658959723,4865151,4865332,181,completed,-11
Greedy,550,3658959723,4865251,4865435,184,completed,-11
Greedy,551,3658959723,4865351,4865538,187,completed,-11
Greedy,552,3658959723,4865451,4865641,190,completed,-11
Greedy,553,3658959723,4865551,4865744,193,completed,-11
Greedy,554,3658959723,4865651,4865848,197,completed,-11
Greedy,555,3658959723,4865751,4865951,200,completed,-11
Greedy,556,3658959723,4865851,4866054,203,completed,-11
Greedy,557,3658959723,4866053,4866202,149,completed,-11
Greedy,559,3037662008,4866253,4866395,142,completed,-33
Greedy,558,3658959723,4866153,4866311,158,completed,-13
Greedy,560,3037662008,4866353,4866498,145,completed,-33
Greedy,561,3037662008,4866453,4866601,148,completed,-33
Greedy,562,3037662008,4866553,4866704,151,completed,-33
Greedy,563,3037662008,4866653,4866807,154,completed,-33
Greedy,564,3037662008,4866753,4866910,157,completed,-33
Greedy,565,3037662008,4866853,4867190,337,completed,-33
Greedy,566,3037662008,4867054,4867296,242,completed,-33
Greedy,567,3037662008,4867154,4867398,244,completed,-33
Greedy,568,3037662008,4867254,4867501,247,completed,-33
Greedy,569,3037662008,4867354,4867604,250,completed,-33
Greedy,570,3037662008,4867454,4867707,253,completed,-33
Greedy,571,3037662008,4867554,4867810,256,completed,-33
Greedy,572,3037662008,4867654,4867913,259,completed,-33
Greedy,573,3037662008,4867754,4868016,262,completed,-33
Greedy,574,3037662008,4867854,4868117,263,completed,-33
Greedy,575,3037662008,4868056,4868220,164,completed,-33
Greedy,577,3658959723,4868259,4868407,148,completed,-11
Greedy,578,3658959723,4868359,4868517,158,completed,-11
Greedy,579,3658959723,4868459,4868620,161,completed,-11
Greedy,576,3037662008,4868156,4868323,167,completed,-33
Greedy,580,3658959723,4868559,4868723,164,completed,-11
Greedy,581,3658959723,4868659,4868826,167,completed,-11
Greedy,582,3658959723,4868759,4868929,170,completed,-11
Greedy,583,3658959723,4869055,4869205,150,completed,-11
Greedy,584,3658959723,4869155,4869308,153,completed,-11
Greedy,585,3658959723,4869255,4869410,155,completed,-11
Greedy,586,3658959723,4869355,4869513,158,completed,-11
Greedy,587,3658959723,4869455,4869616,161,completed,-11
Greedy,588,3658959723,4869555,4869719,164,completed,-11
Greedy,589,3658959723,4869655,4869822,167,completed,-11
Greedy,590,3658959723,4869755,4869925,170,completed,-11
Greedy,591,3658959723,4869855,4870027,172,completed,-11
Greedy,592,3658959723,4870056,4870209,153,completed,-11
Greedy,593,3658959723,4870156,4870312,156,completed,-12
Greedy,595,3037662008,4870356,4870498,142,completed,-35
Greedy,596,3037662008,4870456,4870601,145,completed,-35
Greedy,594,3658959723,4870256,4870414,158,completed,-12
Greedy,597,3037662008,4870556,4870704,148,completed,-35
Greedy,598,3037662008,4870656,4870807,151,completed,-35
Greedy,599,3037662008,4870756,4870910,154,completed,-35
Greedy,600,3037662008,4870856,4871206,350,completed,-35
Greedy,601,3037662008,4871059,4871316,257,completed,-35
Greedy,602,3037662008,4871159,4871419,260,completed,-35
Greedy,603,3037662008,4871259,4871522,263,completed,-35
Greedy,604,3037662008,4871359,4871625,266,completed,-35
Greedy,605,3037662008,4871459,4871728,269,completed,-35
Greedy,606,3037662008,4871559,4871831,272,completed,-35
Greedy,607,3037662008,4871659,4871934,275,completed,-35
Greedy,608,3037662008,4871759,4872037,278,completed,-35
Greedy,609,3037662008,4871859,4872198,339,completed,-35
Greedy,610,3037662008,4872063,4872301,238,completed,-33
Greedy,611,3658959723,4874271,4874613,342,completed,-11
Greedy,612,3658959723,4874475,4874722,247,completed,-11
Greedy,613,3658959723,4874579,4874828,249,completed,-11
Greedy,614,3658959723,4874679,4874931,252,completed,-11
Greedy,615,3658959723,4874779,4875034,255,completed,-11
Greedy,616,3658959723,4874879,4875137,258,completed,-11
Greedy,617,3658959723,4874979,4875240,261,completed,-11
Greedy,618,3658959723,4875079,4875341,262,completed,-11
Greedy,619,3658959723,4875179,4875623,444,completed,-11
Greedy,620,3658959723,4875474,4875726,252,completed,-11
Greedy,621,3658959723,4875574,4875829,255,completed,-11
Greedy,622,3658959723,4875674,4875932,258,completed,-11
Greedy,623,3658959723,4875774,4876035,261,completed,-11
Greedy,624,3658959723,4875874,4876138,264,completed,-11
Greedy,625,3658959723,4875974,4876241,267,completed,-11
Greedy,626,3658959723,4876074,4876343,269,completed,-13
Greedy,629,3037662008,4876477,4876626,149,completed,-35
Greedy,630,3037662008,4876577,4876735,158,completed,-35
Greedy,627,3658959723,4876174,4876444,270,completed,-13
Greedy,631,3037662008,4876677,4876838,161,completed,-35
Greedy,632,3037662008,4876777,4876941,164,completed,-35
Greedy,633,3037662008,4876877,4877044,167,completed,-35
Greedy,628,3658959723,4876274,4876545,271,completed,-13
Greedy,634,3037662008,4876977,4877147,170,completed,-35
Greedy,635,3037662008,4877077,4877250,173,completed,-35
Greedy,636,3037662008,4877177,4877353,176,completed,-35
Greedy,637,3037662008,4877277,4877456,179,completed,-35
Greedy,638,3037662008,4877478,4877623,145,completed,-35
Greedy,639,3037662008,4877578,4877726,148,completed,-35
Greedy,640,3037662008,4877678,4877829,151,completed,-35
Greedy,641,3037662008,4877778,4877932,154,completed,-35
Greedy,642,3037662008,4877878,4878035,157,completed,-35
Greedy,643,3037662008,4877978,4878138,160,completed,-35
Greedy,644,3037662008,4878078,4878241,163,completed,-35
Greedy,645,3037662008,4878178,4878344,166,completed,-34
Greedy,646,3658959723,4878279,4878622,343,completed,-12
Greedy,647,3658959723,4878480,4878731,251,completed,-12
Greedy,648,3658959723,4878581,4878840,259,completed,-12
Greedy,649,3658959723,4878681,4878943,262,completed,-12
Greedy,650,3658959723,4878781,4879046,265,completed,-12
Greedy,651,3658959723,4878881,4879149,268,completed,-12
Greedy,652,3658959723,4878981,4879252,271,completed,-12
Greedy,653,3658959723,4879081,4879355,274,completed,-12
Greedy,654,3658959723,4879181,4879458,277,completed,-12
Greedy,655,3658959723,4879281,4879625,344,completed,-12
Greedy,656,3658959723,4879483,4879728,245,completed,-12
Greedy,657,3658959723,4879583,4879835,252,completed,-12
Greedy,658,3658959723,4879683,4879938,255,completed,-12
Greedy,659,3658959723,4879783,4880041,258,completed,-12
Greedy,660,3658959723,4879883,4880144,261,completed,-12
Greedy,661,3658959723,4879983,4880247,264,completed,-12
Greedy,662,3658959723,4880083,4880350,267,completed,-12
Greedy,664,3037662008,4880285,4880621,336,completed,-30
Greedy,665,3037662008,4880482,4880731,249,completed,-30
Greedy,663,3658959723,4880183,4880451,268,completed,-12
Greedy,666,3037662008,4880582,4880834,252,completed,-30
Greedy,667,3037662008,4880682,4880937,255,completed,-30
Greedy,668,3037662008,4880782,4881040,258,completed,-30
Greedy,669,3037662008,4880882,4881143,261,completed,-30
Greedy,670,3037662008,4880982,4881249,267,completed,-30
Greedy,671,3037662008,4881082,4881352,270,completed,-30
Greedy,672,3037662008,4881182,4881455,273,completed,-30
Greedy,673,3037662008,4881282,4881557,275,completed,-30
Greedy,674,3037662008,4881486,4881659,173,completed,-30
Greedy,675,3037662008,4881586,4881884,298,completed,-30
Greedy,676,3037662008,4881686,4881987,301,completed,-30
Greedy,677,3037662008,4881786,4882090,304,completed,-30
Greedy,678,3037662008,4881886,4882193,307,completed,-30
Greedy,679,3037662008,4881986,4882296,310,completed,-36
Greedy,680,3037662008,4882086,4882398,312,completed,-36
Greedy,681,3037662008,4882186,4882501,315,completed,-36
Greedy,682,3658959723,4882291,4882633,342,completed,-12
Greedy,683,3658959723,4882491,4882736,245,completed,-12
Greedy,684,3658959723,4882591,4882842,251,completed,-12
Greedy,685,3658959723,4882691,4882945,254,completed,-12
Greedy,686,3658959723,4882791,4883048,257,completed,-12
Greedy,687,3658959723,4882891,4883151,260,completed,-12
Greedy,688,3658959723,4882991,4883253,262,completed,-12
Greedy,689,3658959723,4883091,4883356,265,completed,-12
Greedy,690,3658959723,4883191,4883459,268,completed,-12
Greedy,691,3658959723,4883291,4883561,270,completed,-12
Greedy,692,3658959723,4883494,4883663,169,completed,-12
Greedy,693,3658959723,4883594,4883766,172,completed,-12
Greedy,694,3658959723,4883694,4883868,174,completed,-12
Greedy,695,3658959723,4883794,4883971,177,completed,-12
Greedy,696,3658959723,4883894,4884074,180,completed,-12
Greedy,697,3658959723,4883994,4884177,183,completed,-12
Greedy,698,3658959723,4884094,4884282,188,completed,-12
Greedy,699,3658959723,4884194,4884384,190,completed,-12
Greedy,700,3037662008,4884294,4884639,345,completed,-31
Greedy,701,3037662008,4884496,4884742,246,completed,-31
Greedy,702,3037662008,4884596,4884845,249,completed,-31
Greedy,703,3037662008,4884696,4884948,252,completed,-31
Greedy,704,3037662008,4884796,4885051,255,completed,-31
Greedy,705,3037662008,4884896,4885154,258,completed,-31
Greedy,706,3037662008,4884996,4885257,261,completed,-31
Greedy,707,3037662008,4885096,4885360,264,completed,-31
Greedy,708,3037662008,4885196,4885463,267,completed,-31
Greedy,709,3037662008,4885296,4885633,337,completed,-31
Greedy,710,3037662008,4885497,4885739,242,completed,-31
Greedy,711,3037662008,4885597,4885842,245,completed,-31
Greedy,712,3037662008,4885697,4885944,247,completed,-31
Greedy,713,3037662008,4885797,4886047,250,completed,-31
Greedy,714,3037662008,4885897,4886150,253,completed,-31
Greedy,715,3037662008,4885997,4886253,256,completed,-31
Greedy,716,3037662008,4886097,4886356,259,completed,-30
Greedy,717,3037662008,4886197,4886459,262,completed,-30
Greedy,718,3658959723,4886297,4886640,343,completed,-11
Greedy,719,3658959723,4886497,4886749,252,completed,-11
Greedy,720,3658959723,4886597,4886852,255,completed,-11
Greedy,721,3658959723,4886697,4886955,258,completed,-11
Greedy,722,3658959723,4886797,4887058,261,completed,-11
Greedy,723,3658959723,4886897,4887161,264,completed,-11
Greedy,724,3658959723,4886997,4887264,267,completed,-11
Greedy,725,3658959723,4887097,4887367,270,completed,-11
Greedy,726,3658959723,4887197,4887470,273,completed,-11
Greedy,727,3658959723,4887297,4887572,275,completed,-11
Greedy,728,3658959723,4887499,4887675,176,completed,-11
Greedy,729,3658959723,4887599,4887778,179,completed,-11
Greedy,730,3658959723,4887699,4887881,182,completed,-11
Greedy,731,3658959723,4887799,4887984,185,completed,-11
Greedy,732,3658959723,4887899,4888087,188,completed,-11
Greedy,733,3658959723,4887999,4888190,191,completed,-11
Greedy,734,3658959723,4888099,4888293,194,completed,-12
Greedy,735,3658959723,4888199,4888394,195,completed,-12
Greedy,736,3037662008,4888299,4888644,345,completed,-31
Greedy,737,3037662008,4888499,4888755,256,completed,-31
Greedy,738,3037662008,4888599,4888858,259,completed,-31
Greedy,739,3037662008,4888699,4888961,262,completed,-31
Greedy,740,3037662008,4888799,4889064,265,completed,-31
Greedy,741,3037662008,4888899,4889167,268,completed,-31
Greedy,742,3037662008,4888999,4889270,271,completed,-31
Greedy,743,3037662008,4889099,4889373,274,completed,-31
Greedy,744,3037662008,4889199,4889476,277,completed,-31
Greedy,745,3037662008,4889299,4889578,279,completed,-31
Greedy,746,3037662008,4889501,4889680,179,completed,-31
Greedy,747,3658959723,4891707,4892394,687,completed,-12
Greedy,748,3658959723,4891912,4892497,585,completed,-12
Greedy,749,3658959723,4892012,4892603,591,completed,-12
Greedy,750,3658959723,4892112,4892709,597,completed,-12
Greedy,751,3658959723,4892212,4892812,600,completed,-12
Greedy,752,3658959723,4892312,4892913,601,completed,-12
Greedy,753,3658959723,4892412,4893014,602,completed,-12
Greedy,754,3658959723,4892512,4893117,605,completed,-12
Greedy,755,3658959723,4892612,4893220,608,completed,-12
Greedy,756,3658959723,4892909,4893323,414,completed,-12
Greedy,757,3658959723,4893009,4893426,417,completed,-12
Greedy,758,3658959723,4893109,4893529,420,completed,-12
Greedy,759,3658959723,4893209,4893632,423,completed,-12
Greedy,760,3658959723,4893309,4893735,426,completed,-12
Greedy,761,3658959723,4893409,4893838,429,completed,-12
Greedy,762,3658959723,4893509,4893939,430,completed,-12
Greedy,763,3658959723,4893609,4894040,431,completed,-12
Greedy,764,3658959723,4893709,4894142,433,completed,-12
Greedy,765,3658959723,4893904,4894267,363,completed,-12
Greedy,769,3037662008,4894304,4894447,143,completed,-35
Greedy,766,3658959723,4894004,4894370,366,completed,-13
Greedy,770,3037662008,4894404,4894550,146,completed,-35
Greedy,771,3037662008,4894504,4894653,149,completed,-35
Greedy,767,3658959723,4894104,4894471,367,completed,-13
Greedy,768,3658959723,4894204,4894573,369,completed,-13
Greedy,772,3037662008,4894604,4894756,152,completed,-35
Greedy,773,3037662008,4894704,4895043,339,completed,-35
Greedy,774,3037662008,4894909,4895153,244,completed,-35
Greedy,775,3037662008,4895009,4895256,247,completed,-35
Greedy,776,3037662008,4895116,4895359,243,completed,-35
Greedy,777,3037662008,4895216,4895461,245,completed,-35
Greedy,778,3037662008,4895316,4895564,248,completed,-35
Greedy,779,3037662008,4895416,4895667,251,completed,-35
Greedy,780,3037662008,4895516,4895769,253,completed,-35
Greedy,781,3037662008,4895616,4895872,256,completed,-35
Greedy,782,3037662008,4895912,4896059,147,completed,-35
Greedy,783,3037662008,4896012,4896162,150,completed,-35
Greedy,784,3037662008,4896112,4896266,154,completed,-39
Greedy,786,3658959723,4896312,4896461,149,completed,-11
Greedy,785,3037662008,4896212,4896368,156,completed,-39
Greedy,787,3658959723,4896412,4896571,159,completed,-11
Greedy,788,3658959723,4896512,4896674,162,completed,-11
Greedy,789,3658959723,4896612,4896777,165,completed,-11
Greedy,790,3658959723,4896712,4896880,168,completed,-11
Greedy,791,3658959723,4896912,4897064,152,completed,-11
Greedy,792,3658959723,4897012,4897167,155,completed,-11
Greedy,793,3658959723,4897115,4897269,154,completed,-11
Greedy,794,3658959723,4897215,4897372,157,completed,-11
Greedy,795,3658959723,4897315,4897475,160,completed,-11
Greedy,796,3658959723,4897415,4897578,163,completed,-11
Greedy,797,3658959723,4897515,4897681,166,completed,-11
Greedy,798,3658959723,4897615,4897784,169,completed,-11
Greedy,799,3658959723,4897715,4898058,343,completed,-11
Greedy,800,3658959723,4897916,4898175,259,completed,-11
Greedy,801,3658959723,4898016,4898284,268,completed,-11
Greedy,802,3658959723,4898116,4898387,271,completed,-11
Greedy,804,3037662008,4898316,4898459,143,completed,-37
Greedy,805,3037662008,4898416,4898561,145,completed,-37
Greedy,803,3658959723,4898216,4898490,274,completed,-11
Greedy,806,3037662008,4898516,4898664,148,completed,-37
Greedy,807,3037662008,4898616,4898767,151,completed,-37
Greedy,808,3037662008,4898716,4899056,340,completed,-37
Greedy,809,3037662008,4898911,4899159,248,completed,-37
Greedy,810,3037662008,4899011,4899262,251,completed,-37
Greedy,811,3037662008,4899111,4899365,254,completed,-37
Greedy,812,3037662008,4899211,4899468,257,completed,-37
Greedy,813,3037662008,4899311,4899571,260,completed,-37
Greedy,814,3037662008,4899411,4899675,264,completed,-37
Greedy,815,3037662008,4899511,4899778,267,completed,-37
Greedy,816,3037662008,4899611,4899881,270,completed,-37
Greedy,817,3037662008,4899711,4899983,272,completed,-37
Greedy,818,3037662008,4899918,4900086,168,completed,-37
Greedy,819,3037662008,4900018,4900189,171,completed,-37
Greedy,822,3658959723,4900318,4900468,150,completed,-11
Greedy,820,3037662008,4900118,4900292,174,completed,-39
Greedy,823,3658959723,4900418,4900571,153,completed,-11
Greedy,824,3658959723,4900518,4900674,156,completed,-11
Greedy,825,3658959723,4900618,4900777,159,completed,-11
Greedy,821,3037662008,4900218,4900393,175,completed,-39
Greedy,826,3658959723,4900718,4901062,344,completed,-11
Greedy,827,3658959723,4900913,4901300,387,completed,-11
Greedy,828,3658959723,4901013,4901403,390,completed,-11
Greedy,829,3658959723,4901113,4901506,393,completed,-11
Greedy,830,3658959723,4901213,4901609,396,completed,-11
Greedy,831,3658959723,4901313,4901712,399,completed,-11
Greedy,832,3658959723,4901413,4901815,402,completed,-11
Greedy,833,3658959723,4901513,4901918,405,completed,-11
Greedy,834,3658959723,4901613,4902020,407,completed,-11
Greedy,835,3658959723,4901713,4902123,410,completed,-11
Greedy,836,3658959723,4901921,4902226,305,completed,-11
Greedy,837,3658959723,4902021,4902329,308,completed,-13
Greedy,840,3037662008,4902321,4902464,143,completed,-34
Greedy,838,3658959723,4902121,4902432,311,completed,-13
Greedy,841,3037662008,4902421,4902574,153,completed,-34
Greedy,842,3037662008,4902521,4902677,156,completed,-34
Greedy,839,3658959723,4902221,4902534,313,completed,-13
Greedy,843,3037662008,4902621,4902780,159,completed,-34
Greedy,844,3037662008,4902721,4903059,338,completed,-34
Greedy,845,3037662008,4902916,4903162,246,completed,-34
Greedy,846,3037662008,4903016,4903265,249,completed,-34
Greedy,847,3037662008,4903116,4903368,252,completed,-34
Greedy,848,3037662008,4903216,4903471,255,completed,-34
Greedy,849,3037662008,4903316,4903574,258,completed,-34
Greedy,850,3037662008,4903416,4903677,261,completed,-34
Greedy,851,3037662008,4903516,4903780,264,completed,-34
Greedy,852,3037662008,4903616,4903883,267,completed,-34
Greedy,853,3037662008,4903716,4903985,269,completed,-34
Greedy,854,3037662008,4903923,4904088,165,completed,-34
Greedy,855,3037662008,4904023,4904191,168,completed,-34
Greedy,856,3037662008,4904123,4904294,171,completed,-33
Greedy,858,3658959723,4904323,4904472,149,completed,-11
Greedy,857,3037662008,4904223,4904397,174,completed,-33
Greedy,859,3658959723,4904423,4904582,159,completed,-11
Greedy,860,3658959723,4904523,4904685,162,completed,-11
Greedy,861,3658959723,4904623,4904788,165,completed,-11
Greedy,862,3658959723,4904723,4905067,344,completed,-11
Greedy,863,3658959723,4904918,4905179,261,completed,-11
Greedy,864,3658959723,4905018,4905282,264,completed,-11
Greedy,865,3658959723,4905118,4905385,267,completed,-11
Greedy,866,3658959723,4905218,4905488,270,completed,-11
Greedy,867,3658959723,4905318,4905591,273,completed,-11
Greedy,868,3658959723,4905418,4905694,276,completed,-11
Greedy,869,3658959723,4905518,4905797,279,completed,-11
Greedy,870,3658959723,4905618,4905900,282,completed,-11
Greedy,871,3658959723,4905718,4906002,284,completed,-11
Greedy,872,3658959723,4905925,4906105,180,completed,-11
Greedy,873,3658959723,4906025,4906208,183,completed,-11
Greedy,876,3037662008,4906325,4906468,143,completed,-30
Greedy,874,3658959723,4906125,4906311,186,completed,-12
Greedy,877,3037662008,4906425,4906577,152,completed,-30
Greedy,878,3037662008,4906525,4906686,161,completed,-30
Greedy,875,3658959723,4906225,4906413,188,completed,-12
Greedy,879,3037662008,4906625,4906789,164,completed,-30
Greedy,880,3037662008,4906725,4907063,338,completed,-30
Greedy,881,3037662008,4906928,4907166,238,completed,-30
Greedy,882,3037662008,4909130,4909466,336,completed,-33
Greedy,883,3037662008,4909331,4909754,423,completed,-33
Greedy,884,3037662008,4909431,4910031,600,completed,-33
Greedy,885,3037662008,4909531,4910133,602,completed,-33
Greedy,886,3037662008,4909631,4910472,841,completed,-33
Greedy,892,3658959723,4910334,4910491,157,completed,-11
Greedy,893,3658959723,4910434,4910602,168,completed,-11
Greedy,887,3037662008,4909731,4910575,844,completed,-33
Greedy,888,3037662008,4909831,4910677,846,completed,-33
Greedy,894,3658959723,4910534,4910705,171,completed,-11
Greedy,895,3658959723,4910634,4910807,173,completed,-11
Greedy,896,3658959723,4910734,4910909,175,completed,-11
Greedy,889,3037662008,4909931,4910780,849,completed,-33
Greedy,897,3658959723,4910834,4911012,178,completed,-11
Greedy,898,3658959723,4910934,4911114,180,completed,-11
Greedy,899,3658959723,4911034,4911216,182,completed,-11
Greedy,890,3037662008,4910031,4910882,851,completed,-33
Greedy,900,3658959723,4911136,4911479,343,completed,-11
Greedy,901,3658959723,4911339,4911589,250,completed,-11
Greedy,891,3037662008,4910131,4910983,852,completed,-33
Greedy,902,3658959723,4911439,4911699,260,completed,-11
Greedy,903,3658959723,4911539,4911802,263,completed,-11
Greedy,904,3658959723,4911639,4911905,266,completed,-11
Greedy,905,3658959723,4911739,4912008,269,completed,-11
Greedy,906,3658959723,4911839,4912111,272,completed,-11
Greedy,907,3658959723,4911939,4912214,275,completed,-11
Greedy,908,3658959723,4912039,4912317,278,completed,-12
Greedy,911,3037662008,4912443,4912586,143,completed,-32
Greedy,909,3658959723,4912139,4912483,344,completed,-12
Greedy,912,3037662008,4912543,4912689,146,completed,-32
Greedy,913,3037662008,4912643,4912792,149,completed,-32
Greedy,914,3037662008,4912743,4912895,152,completed,-32
Greedy,910,3658959723,4912343,4912585,242,completed,-12
Greedy,915,3037662008,4912843,4912998,155,completed,-32
Greedy,916,3037662008,4912943,4913101,158,completed,-32
Greedy,SUMMARY,ALL,0,0,120010,batch_complete,0
----------------,---,---,---,---,---,----------------,---
Greedy,917,3037662008,4913043,4913204,161,completed,-32
Greedy,918,3658959723,4926774,4926998,224,completed,-10
Greedy,919,3658959723,4926874,4927250,376,completed,-10
Greedy,920,3658959723,4926974,4927352,378,completed,-10
Greedy,921,3658959723,4927074,4927499,425,completed,-10
Greedy,922,3658959723,4927174,4927887,713,completed,-10
Greedy,923,3658959723,4927274,4928049,775,completed,-10
Greedy,924,3658959723,4927374,4928325,951,completed,-11
Greedy,925,3658959723,4927474,4928426,952,completed,-11
Greedy,938,3037662008,4929046,4929188,142,completed,-32
Greedy,926,3658959723,4927741,4928599,858,completed,-11
Greedy,939,3037662008,4929146,4929296,150,completed,-32
Greedy,927,3658959723,4927841,4928890,1049,completed,-11
Greedy,928,3658959723,4927941,4928992,1051,completed,-11
Greedy,940,3037662008,4929246,4929405,159,completed,-32
Greedy,941,3037662008,4929346,4929514,168,completed,-32
Greedy,942,3037662008,4929446,4929631,185,completed,-32
Greedy,929,3658959723,4928041,4929094,1053,completed,-11
Greedy,943,3037662008,4929546,4929734,188,completed,-32
Greedy,930,3658959723,4928141,4929196,1055,completed,-11
Greedy,944,3037662008,4929750,4929899,149,completed,-32
Greedy,945,3037662008,4929850,4930002,152,completed,-32
Greedy,931,3658959723,4928241,4929301,1060,completed,-11
Greedy,946,3037662008,4929950,4930105,155,completed,-32
Greedy,947,3037662008,4930050,4930208,158,completed,-32
Greedy,932,3658959723,4928341,4929407,1066,completed,-11
Greedy,933,3658959723,4928441,4929509,1068,completed,-11
Greedy,948,3037662008,4930150,4930311,161,completed,-32
Greedy,934,3658959723,4928541,4929610,1069,completed,-11
Greedy,935,3658959723,4928746,4929712,966,completed,-11
Greedy,936,3658959723,4928846,4929813,967,completed,-11
Greedy,937,3658959723,4928946,4929915,969,completed,-11
Greedy,949,3658959723,4930250,4930401,151,completed,-11
Greedy,950,3658959723,4930350,4930504,154,completed,-11
Greedy,951,3658959723,4930450,4930606,156,completed,-11
Greedy,952,3658959723,4930748,4930905,157,completed,-11
Greedy,953,3658959723,4930848,4931007,159,completed,-11
Greedy,954,3658959723,4930948,4931109,161,completed,-11
Greedy,955,3658959723,4931048,4931210,162,completed,-11
Greedy,956,3658959723,4931148,4931313,165,completed,-11
Greedy,957,3658959723,4931248,4931416,168,completed,-11
Greedy,958,3658959723,4931348,4931519,171,completed,-11
Greedy,959,3658959723,4931448,4931622,174,completed,-11
Greedy,960,3658959723,4931548,4931725,177,completed,-11
Greedy,961,3658959723,4931751,4931900,149,completed,-11
Greedy,962,3658959723,4931851,4932009,158,completed,-11
Greedy,963,3658959723,4931951,4932112,161,completed,-11
Greedy,964,3658959723,4932051,4932215,164,completed,-11
Greedy,965,3658959723,4932151,4932318,167,completed,-13
Greedy,966,3037662008,4932252,4932395,143,completed,-32
Greedy,967,3037662008,4932352,4932498,146,completed,-32
Greedy,968,3037662008,4932452,4932601,149,completed,-32
Greedy,969,3037662008,4932552,4932889,337,completed,-32
Greedy,970,3037662008,4932752,4932999,247,completed,-32
Greedy,971,3037662008,4932852,4933102,250,completed,-32
Greedy,972,3037662008,4932952,4933205,253,completed,-32
Greedy,973,3037662008,4933052,4933308,256,completed,-32
Greedy,974,3037662008,4933152,4933411,259,completed,-32
Greedy,975,3037662008,4933252,4933514,262,completed,-32
Greedy,976,3037662008,4933352,4933617,265,completed,-32
Greedy,977,3037662008,4933452,4933720,268,completed,-32
Greedy,978,3037662008,4933552,4933900,348,completed,-32
Greedy,979,3037662008,4933752,4934003,251,completed,-32
Greedy,980,3037662008,4933852,4934106,254,completed,-32
Greedy,981,3037662008,4933952,4934209,257,completed,-32
Greedy,982,3037662008,4934052,4934312,260,completed,-31
Greedy,983,3037662008,4934152,4934415,263,completed,-31
Greedy,985,3658959723,4934352,4934502,150,completed,-11
Greedy,984,3037662008,4934252,4934518,266,completed,-31
Greedy,986,3658959723,4934452,4934605,153,completed,-11
Greedy,987,3658959723,4934552,4934899,347,completed,-11
Greedy,988,3658959723,4934757,4935008,251,completed,-11
Greedy,989,3658959723,4934857,4935111,254,completed,-11
Greedy,990,3658959723,4934957,4935214,257,completed,-11
Greedy,991,3658959723,4935057,4935317,260,completed,-11
Greedy,992,3658959723,4935157,4935420,263,completed,-11
Greedy,993,3658959723,4935257,4935523,266,completed,-11
Greedy,994,3658959723,4935357,4935626,269,completed,-11
Greedy,995,3658959723,4935457,4935729,272,completed,-11
Greedy,996,3658959723,4935557,4935902,345,completed,-11
Greedy,997,3658959723,4935762,4936005,243,completed,-11
Greedy,998,3658959723,4935862,4936108,246,completed,-11
Greedy,999,3658959723,4935962,4936215,253,completed,-11
Greedy,1000,3658959723,4936062,4936317,255,completed,-13
Greedy,1001,3658959723,4936162,4936419,257,completed,-13
Greedy,1003,3037662008,4936362,4936505,143,completed,-34
Greedy,1002,3658959723,4936262,4936522,260,completed,-13
Greedy,1004,3037662008,4936462,4936621,159,completed,-34
Greedy,1005,3037662008,4936758,4936901,143,completed,-34
Greedy,1006,3037662008,4936858,4937011,153,completed,-34
Greedy,1007,3037662008,4936958,4937114,156,completed,-34
Greedy,1008,3037662008,4937058,4937217,159,completed,-34
Greedy,1009,3037662008,4937158,4937320,162,completed,-34
Greedy,1010,3037662008,4937258,4937423,165,completed,-34
Greedy,1011,3037662008,4937358,4937526,168,completed,-34
Greedy,1012,3037662008,4937458,4937629,171,completed,-34
Greedy,1013,3037662008,4937558,4937732,174,completed,-34
Greedy,1014,3037662008,4937761,4937904,143,completed,-34
Greedy,1015,3037662008,4937861,4938013,152,completed,-34
Greedy,1016,3037662008,4937961,4938123,162,completed,-34
Greedy,1017,3037662008,4938061,4938226,165,completed,-34
Greedy,1018,3037662008,4938161,4938329,168,completed,-33
Greedy,1019,3658959723,4938261,4938413,152,completed,-11
Greedy,1020,3658959723,4938361,4938516,155,completed,-11
Greedy,1021,3658959723,4938461,4938619,158,completed,-11
Greedy,1022,3658959723,4938561,4938904,343,completed,-11
Greedy,1023,3658959723,4938761,4939012,251,completed,-11
Greedy,1024,3658959723,4938861,4939122,261,completed,-11
Greedy,1025,3658959723,4938961,4939225,264,completed,-11
Greedy,1026,3658959723,4939061,4939328,267,completed,-11
Greedy,1027,3658959723,4939161,4939431,270,completed,-11
Greedy,1028,3658959723,4939261,4939534,273,completed,-11
Greedy,1029,3658959723,4939361,4939637,276,completed,-11
Greedy,1030,3658959723,4939461,4939740,279,completed,-11
Greedy,1031,3658959723,4939561,4939841,280,completed,-11
Greedy,1032,3658959723,4939762,4939944,182,completed,-11
Greedy,1033,3658959723,4939862,4940047,185,completed,-11
Greedy,1034,3658959723,4939962,4940150,188,completed,-11
Greedy,1035,3658959723,4940062,4940253,191,completed,-11
Greedy,1036,3658959723,4940162,4940356,194,completed,-12
Greedy,1038,3037662008,4940362,4940505,143,completed,-30
Greedy,1037,3658959723,4940262,4940459,197,completed,-12
Greedy,1039,3037662008,4940462,4940615,153,completed,-30
Greedy,1040,3037662008,4940562,4940911,349,completed,-30
Greedy,1041,3037662008,4940764,4941014,250,completed,-30
Greedy,1042,3037662008,4940864,4941117,253,completed,-30
Greedy,1043,3037662008,4940964,4941220,256,completed,-30
Greedy,1044,3037662008,4941064,4941323,259,completed,-30
Greedy,1045,3037662008,4941164,4941426,262,completed,-30
Greedy,1046,3037662008,4941264,4941529,265,completed,-30
Greedy,1047,3037662008,4941364,4941632,268,completed,-30
Greedy,1048,3037662008,4941464,4941735,271,completed,-30
Greedy,1049,3037662008,4941564,4941903,339,completed,-30
Greedy,1052,3658959723,4944189,4944598,409,completed,-11
Greedy,1053,3658959723,4944289,4944707,418,completed,-11
Greedy,1054,3658959723,4944389,4944817,428,completed,-11
Greedy,1055,3658959723,4944489,4944920,431,completed,-11
Greedy,1056,3658959723,4944589,4945023,434,completed,-11
Greedy,1057,3658959723,4944689,4945126,437,completed,-11
Greedy,1058,3658959723,4944789,4945229,440,completed,-11
Greedy,1059,3658959723,4944889,4945336,447,completed,-11
Greedy,1060,3658959723,4944991,4945439,448,completed,-11
Greedy,1061,3658959723,4945200,4945542,342,completed,-11
Greedy,1062,3658959723,4945301,4945645,344,completed,-11
Greedy,1063,3658959723,4945403,4945748,345,completed,-11
Greedy,1064,3658959723,4945503,4945852,349,completed,-11
Greedy,1065,3658959723,4945603,4945955,352,completed,-11
Greedy,1066,3658959723,4945703,4946058,355,completed,-11
Greedy,1067,3658959723,4945803,4946161,358,completed,-11
Greedy,1068,3658959723,4945903,4946263,360,completed,-11
Greedy,1050,3037662008,4941767,4942006,239,completed,-30
Greedy,1069,3658959723,4946197,4946364,167,completed,-11
Greedy,1070,3658959723,4946297,4946466,169,completed,-11
Greedy,1071,3658959723,4946397,4946568,171,completed,-11
Greedy,1072,3658959723,4946497,4946671,174,completed,-11
Greedy,1073,3658959723,4946597,4946774,177,completed,-11
Greedy,1074,3658959723,4946697,4946877,180,completed,-11
Greedy,1076,3658959723,4946897,4947046,149,completed,-11
Greedy,1051,3037662008,4943984,4944329,345,completed,-35
Greedy,1075,3037662008,4946797,4946941,144,completed,-34
Greedy,1077,3658959723,4947206,4947356,150,completed,-11
Greedy,1078,3037662008,4947306,4947451,145,completed,-34
Greedy,1079,3037662008,4947406,4947554,148,completed,-34
Greedy,1080,3037662008,4947506,4947657,151,completed,-34
Greedy,1081,3037662008,4947606,4947760,154,completed,-34
Greedy,1082,3037662008,4947706,4947863,157,completed,-34
Greedy,1083,3037662008,4947806,4947966,160,completed,-34
Greedy,1084,3037662008,4947906,4948069,163,completed,-34
Greedy,1085,3037662008,4948200,4948344,144,completed,-38
Greedy,1086,3658959723,4948300,4948451,151,completed,-12
Greedy,1087,3658959723,4948400,4948554,154,completed,-12
Greedy,1088,3658959723,4948500,4948657,157,completed,-12
Greedy,1089,3658959723,4948600,4948760,160,completed,-12
Greedy,1090,3658959723,4948700,4948863,163,completed,-12
Greedy,1091,3658959723,4948800,4948966,166,completed,-12
Greedy,1092,3658959723,4948900,4949070,170,completed,-12
Greedy,1093,3658959723,4949201,4949350,149,completed,-12
Greedy,1094,3658959723,4949301,4949460,159,completed,-12
Greedy,1095,3658959723,4949401,4949577,176,completed,-12
Greedy,1096,3658959723,4949501,4949680,179,completed,-12
Greedy,1097,3658959723,4949601,4949783,182,completed,-12
Greedy,1098,3658959723,4949701,4949886,185,completed,-12
Greedy,1099,3658959723,4949801,4949989,188,completed,-12
Greedy,1100,3658959723,4949901,4950092,191,completed,-12
Greedy,1101,3658959723,4950201,4950351,150,completed,-12
Greedy,1102,3658959723,4950301,4950454,153,completed,-12
Greedy,1103,3037662008,4950401,4950544,143,completed,-35
Greedy,1104,3037662008,4950501,4950653,152,completed,-35
Greedy,1105,3037662008,4950601,4950756,155,completed,-35
Greedy,1106,3037662008,4950701,4950859,158,completed,-35
Greedy,1107,3037662008,4950801,4950962,161,completed,-35
Greedy,1108,3037662008,4950901,4951065,164,completed,-35
Greedy,1109,3037662008,4951200,4951344,144,completed,-35
Greedy,1110,3037662008,4951300,4951454,154,completed,-35
Greedy,1111,3037662008,4951400,4951557,157,completed,-35
Greedy,1112,3037662008,4951500,4951660,160,completed,-35
Greedy,1113,3037662008,4951600,4951763,163,completed,-35
Greedy,1114,3037662008,4951700,4951866,166,completed,-35
Greedy,1115,3037662008,4951800,4951969,169,completed,-35
Greedy,1116,3037662008,4951900,4952072,172,completed,-35
Greedy,1118,3658959723,4952304,4952454,150,completed,-11
Greedy,1117,3037662008,4952204,4952349,145,completed,-33
Greedy,1119,3658959723,4952404,4952563,159,completed,-11
Greedy,1120,3658959723,4952504,4952666,162,completed,-11
Greedy,1121,3658959723,4952604,4952769,165,completed,-11
Greedy,1122,3658959723,4952704,4952872,168,completed,-11
Greedy,1123,3658959723,4952804,4952975,171,completed,-11
Greedy,1124,3658959723,4952904,4953078,174,completed,-11
Greedy,1125,3658959723,4953203,4953352,149,completed,-11
Greedy,1126,3658959723,4953303,4953483,180,completed,-11
Greedy,1127,3658959723,4953403,4953611,208,completed,-11
Greedy,1128,3658959723,4953503,4953714,211,completed,-11
Greedy,1129,3658959723,4953603,4953817,214,completed,-11
Greedy,1130,3658959723,4953703,4953920,217,completed,-11
Greedy,1131,3658959723,4953803,4954023,220,completed,-11
Greedy,1132,3658959723,4953903,4954126,223,completed,-11
Greedy,1134,3037662008,4954306,4954448,142,completed,-36
Greedy,1135,3037662008,4954406,4954558,152,completed,-36
Greedy,1133,3658959723,4954206,4954359,153,completed,-13
Greedy,1136,3037662008,4954506,4954661,155,completed,-36
Greedy,1137,3037662008,4954606,4954764,158,completed,-36
Greedy,1138,3037662008,4954706,4954867,161,completed,-36
Greedy,1139,3037662008,4954806,4954970,164,completed,-36
Greedy,1140,3037662008,4954906,4955073,167,completed,-36
Greedy,1141,3037662008,4955207,4955369,162,completed,-36
Greedy,1142,3037662008,4955307,4955472,165,completed,-36
Greedy,1143,3037662008,4955407,4955575,168,completed,-36
Greedy,1144,3037662008,4955507,4955678,171,completed,-36
Greedy,1145,3037662008,4955607,4955781,174,completed,-36
Greedy,1146,3037662008,4955707,4955884,177,completed,-36
Greedy,1147,3037662008,4955807,4955987,180,completed,-36
Greedy,1148,3037662008,4955907,4956090,183,completed,-36
Greedy,1149,3037662008,4956202,4956348,146,completed,-39
Greedy,1150,3658959723,4956302,4956452,150,completed,-12
Greedy,1151,3658959723,4956402,4956555,153,completed,-12
Greedy,1152,3658959723,4956502,4956657,155,completed,-12
Greedy,1153,3658959723,4956602,4956760,158,completed,-12
Greedy,1154,3658959723,4956702,4956863,161,completed,-12
Greedy,1155,3658959723,4956802,4956966,164,completed,-12
Greedy,1156,3658959723,4956902,4957069,167,completed,-12
Greedy,1157,3658959723,4957002,4957172,170,completed,-12
Greedy,1158,3658959723,4957210,4957388,178,completed,-12
Greedy,1159,3658959723,4957310,4957491,181,completed,-12
Greedy,1160,3658959723,4957410,4957594,184,completed,-12
Greedy,1161,3658959723,4957510,4957697,187,completed,-12
Greedy,1162,3658959723,4957610,4957800,190,completed,-12
Greedy,1163,3658959723,4957710,4957903,193,completed,-12
Greedy,1164,3658959723,4957810,4958005,195,completed,-12
Greedy,1165,3658959723,4957910,4958108,198,completed,-12
Greedy,1166,3658959723,4958211,4958405,194,completed,-12
Greedy,1167,3037662008,4958311,4958477,166,completed,-35
Greedy,1168,3658959723,4958411,4958586,175,completed,-12
Greedy,1169,3658959723,4958511,4958689,178,completed,-12
Greedy,1170,3658959723,4958611,4958792,181,completed,-12
Greedy,1171,3658959723,4958711,4958895,184,completed,-12
Greedy,1172,3658959723,4958811,4958997,186,completed,-12
Greedy,1173,3658959723,4958911,4959100,189,completed,-12
Greedy,1174,3658959723,4959207,4959385,178,completed,-12
Greedy,1175,3658959723,4961411,4961754,343,completed,-12
Greedy,1176,3658959723,4961608,4961877,269,completed,-12
Greedy,1177,3658959723,4961708,4962148,440,completed,-12
Greedy,1178,3658959723,4961808,4962424,616,completed,-12
Greedy,1179,3658959723,4961908,4962527,619,completed,-12
Greedy,1180,3658959723,4962008,4962630,622,completed,-12
Greedy,1181,3658959723,4962108,4962732,624,completed,-12
Greedy,1182,3658959723,4962208,4962835,627,completed,-12
Greedy,1183,3658959723,4962308,4962938,630,completed,-12
Greedy,1184,3658959723,4962408,4963041,633,completed,-12
Greedy,1185,3658959723,4962615,4963144,529,completed,-12
Greedy,1186,3658959723,4962715,4963247,532,completed,-12
Greedy,1187,3658959723,4962815,4963350,535,completed,-12
Greedy,1188,3658959723,4962915,4963453,538,completed,-12
Greedy,1189,3658959723,4963015,4963556,541,completed,-12
Greedy,1190,3658959723,4963115,4963659,544,completed,-12
Greedy,1191,3658959723,4963215,4963764,549,completed,-12
Greedy,1192,3658959723,4963315,4963866,551,completed,-12
Greedy,1193,3658959723,4963417,4963967,550,completed,-12
Greedy,1194,3658959723,4963614,4964070,456,completed,-12
Greedy,1195,3658959723,4963714,4964173,459,completed,-12
Greedy,1196,3658959723,4963814,4964276,462,completed,-12
Greedy,1197,3658959723,4963914,4964379,465,completed,-13
Greedy,1198,3658959723,4964014,4964480,466,completed,-13
Greedy,1199,3658959723,4964114,4964582,468,completed,-13
Greedy,1200,3658959723,4964214,4964684,470,completed,-13
Greedy,1201,3658959723,4964314,4964787,473,completed,-13
Greedy,1202,3658959723,4964416,4964890,474,completed,-13
Greedy,1203,3658959723,4964618,4964993,375,completed,-13
Greedy,1204,3658959723,4964718,4965096,378,completed,-13
Greedy,1205,3658959723,4964818,4965199,381,completed,-13
Greedy,1206,3658959723,4964918,4965302,384,completed,-13
Greedy,1207,3658959723,4965018,4965405,387,completed,-13
Greedy,1208,3658959723,4965118,4965508,390,completed,-13
Greedy,1209,3658959723,4965218,4965611,393,completed,-13
Greedy,1210,3658959723,4965318,4965713,395,completed,-13
Greedy,1211,3658959723,4965418,4965816,398,completed,-13
Greedy,1212,3658959723,4965623,4965919,296,completed,-13
Greedy,1213,3658959723,4965723,4966022,299,completed,-13
Greedy,1214,3658959723,4965823,4966125,302,completed,-13
Greedy,1215,3658959723,4965923,4966228,305,completed,-13
Greedy,1216,3658959723,4966023,4966331,308,completed,-13
Greedy,1217,3658959723,4966123,4966432,309,completed,-13
Greedy,1218,3658959723,4966223,4966534,311,completed,-13
Greedy,1219,3658959723,4966323,4966636,313,completed,-13
Greedy,1220,3658959723,4966614,4966767,153,completed,-13
Greedy,1221,3658959723,4966714,4966870,156,completed,-13
Greedy,1222,3658959723,4966814,4966973,159,completed,-13
Greedy,1223,3658959723,4966914,4967076,162,completed,-13
Greedy,1224,3658959723,4967014,4967179,165,completed,-13
Greedy,1225,3658959723,4967114,4967282,168,completed,-13
Greedy,1226,3658959723,4967214,4967385,171,completed,-13
Greedy,1227,3658959723,4967314,4967488,174,completed,-13
Greedy,1228,3658959723,4967414,4967591,177,completed,-13
Greedy,1229,3658959723,4967622,4967774,152,completed,-13
Greedy,1230,3658959723,4967722,4967876,154,completed,-13
Greedy,1231,3658959723,4967822,4967979,157,completed,-13
Greedy,1232,3658959723,4967922,4968082,160,completed,-13
Greedy,1233,3658959723,4968022,4968185,163,completed,-13
Greedy,1234,3658959723,4968122,4968288,166,completed,-13
Greedy,1235,3658959723,4968222,4968391,169,completed,-13
Greedy,1236,3658959723,4968322,4968493,171,completed,-13
Greedy,1237,3658959723,4968422,4968595,173,completed,-13
Greedy,1238,3658959723,4968622,4968775,153,completed,-13
Greedy,1239,3658959723,4968722,4968878,156,completed,-13
Greedy,1240,3658959723,4968822,4968981,159,completed,-13
Greedy,1241,3658959723,4968922,4969084,162,completed,-13
Greedy,1242,3658959723,4969022,4969187,165,completed,-13
Greedy,1243,3658959723,4969122,4969290,168,completed,-13
Greedy,1244,3658959723,4969222,4969393,171,completed,-13
Greedy,1245,3658959723,4969322,4969496,174,completed,-13
Greedy,1246,3658959723,4969422,4969599,177,completed,-13
Greedy,1247,3658959723,4969626,4969776,150,completed,-13
Greedy,1248,3658959723,4969726,4969885,159,completed,-13
Greedy,1249,3658959723,4969826,4969988,162,completed,-13
Greedy,1250,3658959723,4969926,4970091,165,completed,-13
Greedy,1251,3658959723,4970026,4970194,168,completed,-13
Greedy,1252,3658959723,4970126,4970297,171,completed,-13
Greedy,1253,3658959723,4970226,4970400,174,completed,-14
Greedy,1254,3658959723,4970326,4970503,177,completed,-14
Greedy,1255,3658959723,4970426,4970771,345,completed,-14
Greedy,1256,3658959723,4970621,4970949,328,completed,-14
Greedy,1257,3658959723,4970721,4971052,331,completed,-14
Greedy,1258,3658959723,4970821,4971155,334,completed,-14
Greedy,1259,3658959723,4970921,4971258,337,completed,-14
Greedy,1260,3658959723,4971021,4971361,340,completed,-14
Greedy,1261,3658959723,4971121,4971462,341,completed,-14
Greedy,1262,3658959723,4971221,4971565,344,completed,-14
Greedy,1263,3658959723,4971321,4971668,347,completed,-14
Greedy,1264,3658959723,4971421,4971774,353,completed,-14
Greedy,1265,3658959723,4971629,4971880,251,completed,-14
Greedy,1266,3658959723,4971729,4971983,254,completed,-14
Greedy,1267,3658959723,4971829,4972086,257,completed,-14
Greedy,1268,3658959723,4971929,4972189,260,completed,-14
Greedy,1269,3658959723,4972029,4972292,263,completed,-14
Greedy,1270,3658959723,4972129,4972395,266,completed,-13
Greedy,1271,3658959723,4972229,4972497,268,completed,-13
Greedy,1272,3658959723,4972329,4972599,270,completed,-13
Greedy,1273,3658959723,4972429,4972700,271,completed,-13
Greedy,1274,3658959723,4972630,4972802,172,completed,-13
Greedy,1275,3658959723,4972730,4972973,243,completed,-13
Greedy,1276,3658959723,4972832,4973075,243,completed,-13
Greedy,1277,3658959723,4972932,4973178,246,completed,-13
Greedy,1278,3658959723,4973032,4973285,253,completed,-13
Greedy,1279,3658959723,4973132,4973387,255,completed,-13
Greedy,1280,3658959723,4973232,4973490,258,completed,-13
Greedy,1281,3658959723,4973332,4973593,261,completed,-13
Greedy,1282,3658959723,4973432,4973777,345,completed,-13
Greedy,1283,3658959723,4973635,4973886,251,completed,-13
Greedy,1284,3658959723,4973735,4973996,261,completed,-13
Greedy,1285,3658959723,4973835,4974099,264,completed,-13
Greedy,1286,3658959723,4973935,4974202,267,completed,-13
Greedy,1287,3658959723,4974035,4974305,270,completed,-13
Greedy,1288,3658959723,4974135,4974408,273,completed,-13
Greedy,1289,3658959723,4974235,4974510,275,completed,-13
Greedy,1290,3658959723,4974335,4974612,277,completed,-13
Greedy,1291,3658959723,4974435,4974780,345,completed,-13
Greedy,1292,3658959723,4974631,4974883,252,completed,-13
Greedy,1293,3658959723,4974731,4974986,255,completed,-13
Greedy,1294,3658959723,4974831,4975089,258,completed,-13
Greedy,1295,3658959723,4974931,4975192,261,completed,-13
Greedy,1296,3658959723,4975031,4975295,264,completed,-13
Greedy,1297,3658959723,4975131,4975398,267,completed,-13
Greedy,1298,3658959723,4975231,4975501,270,completed,-13
Greedy,1299,3658959723,4975331,4975604,273,completed,-13
Greedy,1300,3658959723,4975431,4975705,274,completed,-13
Greedy,1301,3658959723,4975637,4975808,171,completed,-13
Greedy,1302,3658959723,4975737,4975911,174,completed,-13
Greedy,1303,3658959723,4975837,4976014,177,completed,-13
Greedy,1304,3658959723,4975937,4976117,180,completed,-13
Greedy,1305,3658959723,4976037,4976220,183,completed,-13
Greedy,1306,3658959723,4976137,4976323,186,completed,-13
Greedy,1307,3658959723,4976237,4976426,189,completed,-15
Greedy,1308,3658959723,4976337,4976528,191,completed,-15
Greedy,1309,3658959723,4976437,4976781,344,completed,-15
Greedy,1310,3658959723,4976635,4978974,2339,completed,-21
Greedy,1311,3658959723,4978838,4979201,363,completed,-21
Greedy,1312,3658959723,4979039,4979711,672,completed,-21
Greedy,1313,3658959723,4979139,4979814,675,completed,-21
Greedy,1314,3658959723,4979239,4979917,678,completed,-21
Greedy,1315,3658959723,4979339,4980019,680,completed,-21
Greedy,1316,3658959723,4979439,4980120,681,completed,-21
Greedy,1317,3658959723,4979539,4980223,684,completed,-21
Greedy,1318,3658959723,4979639,4980326,687,completed,-21
Greedy,1319,3658959723,4979739,4980429,690,completed,-13
Greedy,1320,3658959723,4979839,4980532,693,completed,-13
Greedy,1321,3658959723,4980041,4980635,594,completed,-13
Greedy,1322,3658959723,4980141,4980738,597,completed,-13
Greedy,1323,3658959723,4980241,4980841,600,completed,-13
Greedy,1324,3658959723,4980341,4980944,603,completed,-13
Greedy,1325,3658959723,4980441,4981046,605,completed,-13
Greedy,1326,3658959723,4980541,4981147,606,completed,-13
Greedy,1327,3658959723,4980641,4981249,608,completed,-13
Greedy,1328,3658959723,4980741,4981352,611,completed,-13
Greedy,1329,3658959723,4980841,4981455,614,completed,-13
Greedy,1330,3658959723,4981038,4981558,520,completed,-13
Greedy,1331,3658959723,4981138,4981661,523,completed,-13
Greedy,1332,3658959723,4981238,4981764,526,completed,-13
Greedy,1333,3658959723,4981338,4981867,529,completed,-13
Greedy,1334,3658959723,4981438,4981970,532,completed,-13
Greedy,1335,3658959723,4981538,4982073,535,completed,-13
Greedy,1336,3658959723,4981638,4982175,537,completed,-13
Greedy,1337,3658959723,4981738,4982278,540,completed,-13
Greedy,1338,3658959723,4981838,4982381,543,completed,-13
Greedy,1339,3658959723,4982041,4982484,443,completed,-13
Greedy,1340,3658959723,4982141,4982587,446,completed,-13
Greedy,1341,3658959723,4982242,4982694,452,completed,-13
Greedy,1342,3658959723,4982342,4982797,455,completed,-13
Greedy,1343,3658959723,4982442,4982900,458,completed,-13
Greedy,1344,3658959723,4982542,4983003,461,completed,-13
Greedy,1345,3658959723,4982642,4983105,463,completed,-13
Greedy,1346,3658959723,4982742,4983208,466,completed,-13
Greedy,1347,3658959723,4982842,4983311,469,completed,-13
Greedy,1348,3658959723,4983046,4983414,368,completed,-13
Greedy,1349,3658959723,4983146,4983517,371,completed,-13
Greedy,1350,3658959723,4983246,4983620,374,completed,-13
Greedy,1351,3658959723,4983346,4983723,377,completed,-13
Greedy,1352,3658959723,4983446,4983826,380,completed,-13
Greedy,1353,3658959723,4983546,4983929,383,completed,-13
Greedy,1354,3658959723,4983646,4984031,385,completed,-13
Greedy,1355,3658959723,4983746,4984132,386,completed,-13
Greedy,1356,3658959723,4983846,4984234,388,completed,-13
Greedy,1357,3658959723,4984041,4984337,296,completed,-13
Greedy,1358,3658959723,4984141,4984441,300,completed,-14
Greedy,1359,3658959723,4984241,4984544,303,completed,-14
Greedy,1360,3658959723,4984341,4984647,306,completed,-14
Greedy,1361,3658959723,4984441,4984750,309,completed,-14
Greedy,1362,3658959723,4984541,4984853,312,completed,-14
Greedy,1363,3658959723,4984641,4984956,315,completed,-14
Greedy,1364,3658959723,4984741,4985059,318,completed,-14
Greedy,1365,3658959723,4984841,4985160,319,completed,-14
Greedy,1366,3658959723,4985045,4985263,218,completed,-14
Greedy,1367,3658959723,4985145,4985366,221,completed,-14
Greedy,1368,3658959723,4985245,4985469,224,completed,-14
Greedy,1369,3658959723,4985345,4985572,227,completed,-14
Greedy,1370,3658959723,4985445,4985675,230,completed,-14
Greedy,1371,3658959723,4985545,4985778,233,completed,-14
Greedy,1372,3658959723,4985645,4985881,236,completed,-14
Greedy,1373,3658959723,4985745,4985984,239,completed,-14
Greedy,1374,3658959723,4985845,4986087,242,completed,-14
Greedy,1375,3658959723,4986047,4986201,154,completed,-14
Greedy,1376,3658959723,4986147,4986303,156,completed,-14
Greedy,1377,3658959723,4986247,4986406,159,completed,-14
Greedy,1378,3658959723,4986347,4986509,162,completed,-14
Greedy,1379,3658959723,4986447,4986612,165,completed,-14
Greedy,1380,3658959723,4986547,4986715,168,completed,-14
Greedy,1381,3658959723,4986647,4986818,171,completed,-14
Greedy,1382,3658959723,4986747,4986921,174,completed,-14
Greedy,1383,3658959723,4986848,4987193,345,completed,-14
Greedy,1384,3658959723,4987051,4987296,245,completed,-14
Greedy,1385,3658959723,4987151,4987399,248,completed,-14
Greedy,1386,3658959723,4987251,4987502,251,completed,-14
Greedy,1387,3658959723,4987351,4987605,254,completed,-14
Greedy,1388,3658959723,4987451,4987708,257,completed,-14
Greedy,1389,3658959723,4987551,4987811,260,completed,-14
Greedy,1390,3658959723,4987651,4987914,263,completed,-14
Greedy,1391,3658959723,4987751,4988017,266,completed,-14
Greedy,1392,3658959723,4987851,4988200,349,completed,-14
Greedy,1393,3658959723,4988051,4988303,252,completed,-14
Greedy,1394,3658959723,4988151,4988405,254,completed,-14
Greedy,1396,3037662008,4988351,4988494,143,completed,-31
Greedy,1397,3037662008,4988451,4988603,152,completed,-31
Greedy,1395,3658959723,4988251,4988508,257,completed,-14
Greedy,1398,3037662008,4988551,4988706,155,completed,-31
Greedy,1399,3037662008,4988651,4988809,158,completed,-31
Greedy,1400,3037662008,4988751,4988912,161,completed,-31
Greedy,1401,3037662008,4988851,4989189,338,completed,-31
Greedy,1402,3037662008,4989053,4989292,239,completed,-31
Greedy,1403,3037662008,4989153,4989396,243,completed,-31
Greedy,1404,3037662008,4989253,4989499,246,completed,-31
Greedy,1405,3037662008,4989353,4989602,249,completed,-31
Greedy,1406,3037662008,4989453,4989705,252,completed,-31
Greedy,1407,3037662008,4989553,4989808,255,completed,-31
Greedy,1408,3037662008,4989653,4989911,258,completed,-31
Greedy,1409,3037662008,4989753,4990014,261,completed,-31
Greedy,1410,3037662008,4989853,4990191,338,completed,-31
Greedy,1411,3037662008,4990054,4990297,243,completed,-31
Greedy,1412,3037662008,4990154,4990400,246,completed,-36
Greedy,1414,3658959723,4990354,4990504,150,completed,-12
Greedy,1415,3658959723,4990454,4990607,153,completed,-12
Greedy,1413,3037662008,4990254,4990503,249,completed,-36
Greedy,1416,3658959723,4990554,4990710,156,completed,-12
Greedy,1417,3658959723,4990654,4990813,159,completed,-12
Greedy,1418,3658959723,4990754,4990916,162,completed,-12
Greedy,1419,3658959723,4990854,4991198,344,completed,-12
Greedy,1420,3658959723,4991055,4991301,246,completed,-12
Greedy,1421,3658959723,4991155,4991407,252,completed,-12
Greedy,1422,3658959723,4991255,4991510,255,completed,-12
Greedy,1423,3658959723,4991355,4991613,258,completed,-12
Greedy,1424,3658959723,4991455,4991716,261,completed,-12
Greedy,1425,3658959723,4991555,4991819,264,completed,-12
Greedy,1426,3658959723,4991655,4991922,267,completed,-12
Greedy,1427,3658959723,4991755,4992025,270,completed,-12
Greedy,1428,3658959723,4991855,4992199,344,completed,-12
Greedy,1429,3658959723,4992056,4992302,246,completed,-12
Greedy,1430,3658959723,4992156,4992404,248,completed,-14
Greedy,1432,3037662008,4992356,4992501,145,completed,-33
Greedy,1433,3037662008,4992456,4992604,148,completed,-33
Greedy,1431,3658959723,4992256,4992507,251,completed,-14
Greedy,1434,3037662008,4992556,4992707,151,completed,-33
Greedy,1435,3037662008,4992656,4992810,154,completed,-33
Greedy,1436,3037662008,4992756,4992913,157,completed,-33
Greedy,1437,3037662008,4992856,4993193,337,completed,-33
Greedy,1438,3037662008,4993056,4993296,240,completed,-33
Greedy,1439,3037662008,4993156,4993398,242,completed,-33
Greedy,1440,3037662008,4993256,4993500,244,completed,-33
Greedy,1441,3037662008,4993356,4993603,247,completed,-33
Greedy,1442,3037662008,4993456,4993706,250,completed,-33
Greedy,1443,3037662008,4993556,4993809,253,completed,-33
Greedy,1444,3037662008,4993656,4993912,256,completed,-33
Greedy,1445,3037662008,4993756,4994015,259,completed,-33
Greedy,1446,3037662008,4993856,4994117,261,completed,-33
Greedy,1447,3037662008,4994058,4994219,161,completed,-33
Greedy,1448,3658959723,4996265,4996612,347,completed,-12
Greedy,1449,3658959723,4996483,4996796,313,completed,-12
Greedy,1450,3658959723,4996583,4996899,316,completed,-12
Greedy,1451,3658959723,4996683,4997002,319,completed,-12
Greedy,1452,3658959723,4996783,4997105,322,completed,-12
Greedy,1453,3658959723,4996883,4997208,325,completed,-12
Greedy,1454,3658959723,4996983,4997311,328,completed,-12
Greedy,1455,3658959723,4997083,4997414,331,completed,-12
Greedy,1456,3658959723,4997183,4997518,335,completed,-12
Greedy,1457,3658959723,4997465,4997620,155,completed,-12
Greedy,1458,3658959723,4997565,4997723,158,completed,-12
Greedy,1459,3658959723,4997665,4997826,161,completed,-12
Greedy,1460,3658959723,4997765,4997929,164,completed,-12
Greedy,1461,3658959723,4997865,4998032,167,completed,-12
Greedy,1462,3658959723,4997965,4998135,170,completed,-12
Greedy,1463,3658959723,4998065,4998238,173,completed,-12
Greedy,1464,3658959723,4998165,4998341,176,completed,-12
Greedy,1465,3658959723,4998265,4998444,179,completed,-13
Greedy,1467,3037662008,4998573,4998750,177,completed,-33
Greedy,1466,3658959723,4998473,4998624,151,completed,-13
Greedy,1468,3037662008,4998673,4998853,180,completed,-33
Greedy,1469,3037662008,4998773,4998956,183,completed,-33
Greedy,1470,3037662008,4998873,4999059,186,completed,-33
Greedy,1471,3037662008,4998973,4999162,189,completed,-33
Greedy,1472,3037662008,4999073,4999265,192,completed,-33
Greedy,1473,3037662008,4999173,4999368,195,completed,-33
Greedy,1474,3037662008,4999467,4999611,144,completed,-33
Greedy,1475,3037662008,4999567,4999720,153,completed,-33
Greedy,1476,3037662008,4999667,4999823,156,completed,-33
Greedy,1477,3037662008,4999767,4999926,159,completed,-33
Greedy,1478,3037662008,4999867,5000029,162,completed,-33
Greedy,1479,3037662008,4999967,5000132,165,completed,-33
Greedy,1480,3037662008,5000067,5000235,168,completed,-33
Greedy,1483,3658959723,5000472,5000623,151,completed,-12
Greedy,1484,3658959723,5000572,5000725,153,completed,-12
Greedy,1481,3037662008,5000167,5000338,171,completed,-34
Greedy,1482,3037662008,5000267,5000439,172,completed,-34
Greedy,1485,3658959723,5000672,5000828,156,completed,-12
Greedy,1486,3658959723,5000772,5000931,159,completed,-12
Greedy,1487,3658959723,5000872,5001034,162,completed,-12
Greedy,1488,3658959723,5000972,5001137,165,completed,-12
Greedy,1489,3658959723,5001080,5001240,160,completed,-12
Greedy,1490,3658959723,5001180,5001343,163,completed,-12
Greedy,1491,3658959723,5001469,5001633,164,completed,-12
Greedy,1492,3658959723,5001569,5001735,166,completed,-12
Greedy,1493,3658959723,5001669,5001838,169,completed,-12
Greedy,1494,3658959723,5001769,5001941,172,completed,-12
Greedy,1495,3658959723,5001869,5002044,175,completed,-12
Greedy,1496,3658959723,5001969,5002147,178,completed,-12
Greedy,1497,3658959723,5002069,5002250,181,completed,-12
Greedy,1500,3037662008,5002475,5002619,144,completed,-34
Greedy,1501,3037662008,5002575,5002735,160,completed,-34
Greedy,1498,3658959723,5002169,5002355,186,completed,-15
Greedy,1502,3037662008,5002675,5002838,163,completed,-34
Greedy,1503,3037662008,5002775,5002941,166,completed,-34
Greedy,1499,3658959723,5002269,5002457,188,completed,-15
Greedy,1504,3037662008,5002875,5003044,169,completed,-34
Greedy,1505,3037662008,5002975,5003147,172,completed,-34
Greedy,1506,3037662008,5003083,5003261,178,completed,-34
Greedy,1507,3037662008,5003183,5003364,181,completed,-34
Greedy,1508,3037662008,5003475,5003620,145,completed,-34
Greedy,1509,3037662008,5003575,5003723,148,completed,-34
Greedy,1510,3037662008,5003675,5003826,151,completed,-34
Greedy,1511,3037662008,5003775,5003929,154,completed,-34
Greedy,1512,3037662008,5003875,5004032,157,completed,-34
Greedy,1513,3037662008,5003975,5004135,160,completed,-34
Greedy,1514,3037662008,5004075,5004238,163,completed,-34
Greedy,1515,3037662008,5004175,5004341,166,completed,-33
Greedy,1517,3658959723,5004480,5004721,241,completed,-13
Greedy,1516,3037662008,5004275,5004619,344,completed,-33
Greedy,1518,3658959723,5004580,5004830,250,completed,-13
Greedy,1519,3658959723,5004680,5004940,260,completed,-13
Greedy,1520,3658959723,5004780,5005043,263,completed,-13
Greedy,1521,3658959723,5004880,5005146,266,completed,-13
Greedy,1522,3658959723,5004980,5005249,269,completed,-13
Greedy,1523,3658959723,5005080,5005352,272,completed,-13
Greedy,1524,3658959723,5005180,5005455,275,completed,-13
Greedy,1525,3658959723,5005280,5005624,344,completed,-13
Greedy,1526,3658959723,5005481,5005727,246,completed,-13
Greedy,1527,3658959723,5005581,5005833,252,completed,-13
Greedy,1528,3658959723,5005681,5005937,256,completed,-13
Greedy,1529,3658959723,5005781,5006040,259,completed,-13
Greedy,1530,3658959723,5005881,5006143,262,completed,-13
Greedy,1531,3658959723,5005981,5006246,265,completed,-13
Greedy,1532,3658959723,5006083,5006349,266,completed,-13
Greedy,1533,3658959723,5006183,5006451,268,completed,-14
Greedy,1536,3037662008,5006586,5006730,144,completed,-36
Greedy,1534,3658959723,5006283,5006627,344,completed,-14
Greedy,1535,3658959723,5006486,5006729,243,completed,-14
Greedy,1537,3037662008,5006686,5006833,147,completed,-36
Greedy,1538,3037662008,5006786,5006936,150,completed,-36
Greedy,1539,3037662008,5006886,5007039,153,completed,-36
Greedy,1540,3037662008,5006986,5007142,156,completed,-36
Greedy,1541,3037662008,5007094,5007245,151,completed,-36
Greedy,1542,3037662008,5007194,5007348,154,completed,-36
Greedy,1543,3037662008,5007482,5007627,145,completed,-36
Greedy,1544,3037662008,5007582,5007730,148,completed,-36
Greedy,1545,3037662008,5007682,5007833,151,completed,-36
Greedy,1546,3037662008,5007782,5007936,154,completed,-36
Greedy,1547,3037662008,5007882,5008039,157,completed,-36
Greedy,1548,3037662008,5007982,5008142,160,completed,-36
Greedy,1549,3037662008,5008082,5008245,163,completed,-36
Greedy,1550,3037662008,5008182,5008348,166,completed,-34
Greedy,1552,3658959723,5008491,5008642,151,completed,-13
Greedy,1553,3658959723,5008591,5008744,153,completed,-13
Greedy,1551,3037662008,5008282,5008450,168,completed,-34
Greedy,1554,3658959723,5008691,5008847,156,completed,-13
Greedy,1555,3658959723,5008791,5008950,159,completed,-13
Greedy,1556,3658959723,5008891,5009053,162,completed,-13
Greedy,1557,3658959723,5008991,5009157,166,completed,-13
Greedy,1558,3658959723,5009091,5009260,169,completed,-13
Greedy,1559,3658959723,5009191,5009363,172,completed,-13
Greedy,1560,3658959723,5009483,5009634,151,completed,-13
Greedy,1561,3658959723,5009583,5009744,161,completed,-13
Greedy,1562,3658959723,5009683,5009855,172,completed,-13
Greedy,1563,3658959723,5009783,5009965,182,completed,-13
Greedy,1564,3658959723,5009883,5010068,185,completed,-13
Greedy,1565,3658959723,5009983,5010171,188,completed,-13
Greedy,1566,3658959723,5010083,5010274,191,completed,-13
Greedy,1569,3037662008,5010487,5010631,144,completed,-31
Greedy,1570,3037662008,5010587,5010740,153,completed,-31
Greedy,1567,3658959723,5010183,5010377,194,completed,-14
Greedy,1571,3037662008,5010687,5010843,156,completed,-31
Greedy,1572,3037662008,5010787,5010946,159,completed,-31
Greedy,1573,3037662008,5010887,5011049,162,completed,-31
Greedy,1568,3658959723,5010283,5010478,195,completed,-14
Greedy,1574,3037662008,5010987,5011152,165,completed,-31
Greedy,1575,3037662008,5011087,5011255,168,completed,-31
Greedy,1576,3037662008,5011187,5011358,171,completed,-31
Greedy,1577,3037662008,5011287,5011461,174,completed,-31
Greedy,1578,3037662008,5011491,5011637,146,completed,-31
Greedy,1579,3658959723,5013697,5014040,343,completed,-11
Greedy,1580,3658959723,5013898,5014267,369,completed,-11
Greedy,1581,3658959723,5013998,5014377,379,completed,-13
Greedy,1582,3658959723,5014098,5014480,382,completed,-13
Greedy,1585,3037662008,5014398,5014543,145,completed,-30
Greedy,1586,3037662008,5014498,5014650,152,completed,-30
Greedy,1583,3658959723,5014198,5014583,385,completed,-13
Greedy,1587,3037662008,5014598,5014753,155,completed,-30
Greedy,1588,3037662008,5014698,5014856,158,completed,-30
Greedy,1584,3658959723,5014298,5014685,387,completed,-13
Greedy,1589,3037662008,5014900,5015047,147,completed,-30
Greedy,1590,3037662008,5015000,5015175,175,completed,-30
Greedy,1591,3037662008,5015100,5015278,178,completed,-30
Greedy,1592,3037662008,5015200,5015381,181,completed,-30
Greedy,1593,3037662008,5015300,5015484,184,completed,-30
Greedy,1594,3037662008,5015401,5015587,186,completed,-30
Greedy,1595,3037662008,5015501,5015690,189,completed,-30
Greedy,1596,3037662008,5015601,5015793,192,completed,-30
Greedy,1597,3037662008,5015703,5016040,337,completed,-30
Greedy,1598,3037662008,5015903,5016150,247,completed,-30
Greedy,1599,3037662008,5016003,5016253,250,completed,-30
Greedy,1600,3037662008,5016103,5016356,253,completed,-35
Greedy,1603,3658959723,5016403,5016553,150,completed,-12
Greedy,1604,3658959723,5016503,5016656,153,completed,-12
Greedy,1601,3037662008,5016203,5016458,255,completed,-35
Greedy,1602,3037662008,5016303,5016560,257,completed,-35
Greedy,1605,3658959723,5016603,5016759,156,completed,-12
Greedy,1606,3658959723,5016703,5016862,159,completed,-12
Greedy,1607,3658959723,5016903,5017056,153,completed,-12
Greedy,1608,3658959723,5017003,5017158,155,completed,-12
Greedy,1609,3658959723,5017103,5017261,158,completed,-12
Greedy,1610,3658959723,5017203,5017364,161,completed,-12
Greedy,1611,3658959723,5017303,5017467,164,completed,-12
Greedy,1612,3658959723,5017403,5017569,166,completed,-12
Greedy,1613,3658959723,5017503,5017672,169,completed,-12
Greedy,1614,3658959723,5017603,5017775,172,completed,-12
Greedy,1615,3658959723,5017704,5017878,174,completed,-12
Greedy,1616,3658959723,5017905,5018057,152,completed,-12
Greedy,1617,3658959723,5018005,5018160,155,completed,-12
Greedy,1618,3658959723,5018105,5018263,158,completed,-12
Greedy,1619,3658959723,5018205,5018366,161,completed,-13
Greedy,1621,3037662008,5018405,5018549,144,completed,-31
Greedy,1622,3037662008,5018505,5018670,165,completed,-31
Greedy,1620,3658959723,5018305,5018467,162,completed,-13
Greedy,1623,3037662008,5018605,5018773,168,completed,-31
Greedy,1624,3037662008,5018705,5018876,171,completed,-31
Greedy,1625,3037662008,5018908,5019051,143,completed,-31
Greedy,1626,3037662008,5019008,5019160,152,completed,-31
Greedy,1627,3037662008,5019108,5019270,162,completed,-31
Greedy,1628,3037662008,5019208,5019373,165,completed,-31
Greedy,1629,3037662008,5019308,5019476,168,completed,-31
Greedy,1630,3037662008,5019408,5019579,171,completed,-31
Greedy,1631,3037662008,5019508,5019682,174,completed,-31
Greedy,1632,3037662008,5019608,5019785,177,completed,-31
Greedy,1633,3037662008,5019708,5020045,337,completed,-31
Greedy,1634,3037662008,5019908,5020148,240,completed,-31
Greedy,1635,3037662008,5020008,5020251,243,completed,-31
Greedy,1636,3037662008,5020108,5020354,246,completed,-34
Greedy,1639,3658959723,5020408,5020558,150,completed,-12
Greedy,1640,3658959723,5020508,5020661,153,completed,-12
Greedy,1637,3037662008,5020208,5020456,248,completed,-34
Greedy,1638,3037662008,5020308,5020558,250,completed,-34
Greedy,1641,3658959723,5020608,5020764,156,completed,-12
Greedy,1642,3658959723,5020708,5020867,159,completed,-12
Greedy,1643,3658959723,5020908,5021060,152,completed,-12
Greedy,1644,3658959723,5021008,5021163,155,completed,-12
Greedy,1645,3658959723,5021108,5021266,158,completed,-12
Greedy,1646,3658959723,5021208,5021386,178,completed,-12
Greedy,1647,3658959723,5021308,5021489,181,completed,-12
Greedy,1648,3658959723,5021408,5021592,184,completed,-12
Greedy,1649,3658959723,5021508,5021695,187,completed,-12
Greedy,1650,3658959723,5021608,5021798,190,completed,-12
Greedy,1651,3658959723,5021708,5021900,192,completed,-12
Greedy,1652,3658959723,5021909,5022063,154,completed,-12
Greedy,1653,3658959723,5022009,5022166,157,completed,-12
Greedy,1654,3658959723,5022109,5022268,159,completed,-12
Greedy,1655,3658959723,5022209,5022371,162,completed,-13
Greedy,1657,3037662008,5022409,5022553,144,completed,-30
Greedy,1658,3037662008,5022509,5022656,147,completed,-30
Greedy,1656,3658959723,5022309,5022472,163,completed,-13
Greedy,1659,3037662008,5022609,5022761,152,completed,-30
Greedy,1660,3037662008,5022709,5022863,154,completed,-30
Greedy,1661,3037662008,5022915,5023058,143,completed,-30
Greedy,1662,3037662008,5023015,5023193,178,completed,-30
Greedy,1663,3037662008,5023116,5023330,214,completed,-30
Greedy,1664,3037662008,5023216,5023433,217,completed,-30
Greedy,1665,3037662008,5023316,5023536,220,completed,-30
Greedy,1666,3037662008,5023416,5023639,223,completed,-30
Greedy,1667,3037662008,5023516,5023742,226,completed,-30
Greedy,1668,3037662008,5023616,5023848,232,completed,-30
Greedy,1669,3037662008,5023716,5024054,338,completed,-30
Greedy,1670,3037662008,5023912,5024157,245,completed,-30
Greedy,1671,3037662008,5024012,5024260,248,completed,-30
Greedy,1672,3037662008,5024112,5024363,251,completed,-36
Greedy,1675,3658959723,5024412,5024561,149,completed,-12
Greedy,1676,3658959723,5024512,5024664,152,completed,-12
Greedy,1677,3658959723,5024612,5024767,155,completed,-12
Greedy,1673,3037662008,5024212,5024465,253,completed,-36
Greedy,1674,3037662008,5024312,5024567,255,completed,-36
Greedy,1678,3658959723,5024712,5024870,158,completed,-12
Greedy,1679,3658959723,5024920,5025073,153,completed,-12
Greedy,1680,3658959723,5025020,5025177,157,completed,-12
Greedy,1681,3658959723,5025128,5025282,154,completed,-12
Greedy,1682,3658959723,5025228,5025384,156,completed,-12
Greedy,1683,3658959723,5025328,5025487,159,completed,-12
Greedy,1684,3658959723,5025428,5025590,162,completed,-12
Greedy,1685,3658959723,5025528,5025693,165,completed,-12
Greedy,1686,3658959723,5025628,5025796,168,completed,-12
Greedy,1687,3658959723,5025916,5026069,153,completed,-12
Greedy,1688,3658959723,5026016,5026171,155,completed,-12
Greedy,1689,3658959723,5026116,5026274,158,completed,-12
Greedy,1690,3658959723,5026216,5026377,161,completed,-14
Greedy,1692,3037662008,5026416,5026559,143,completed,-32
Greedy,1693,3037662008,5026516,5026669,153,completed,-32
Greedy,1694,3037662008,5026616,5026772,156,completed,-32
Greedy,1691,3658959723,5026316,5026478,162,completed,-14
Greedy,1695,3037662008,5026716,5026875,159,completed,-32
Greedy,1696,3037662008,5026919,5027070,151,completed,-32
Greedy,1697,3037662008,5027019,5027180,161,completed,-32
Greedy,1698,3037662008,5027119,5027289,170,completed,-32
Greedy,1699,3037662008,5027219,5027392,173,completed,-32
Greedy,1700,3037662008,5027319,5027495,176,completed,-32
Greedy,1701,3037662008,5027419,5027598,179,completed,-32
Greedy,1702,3037662008,5027519,5027701,182,completed,-32
Greedy,1703,3037662008,5027619,5027804,185,completed,-32
Greedy,1704,3037662008,5027719,5028070,351,completed,-32
Greedy,1705,3037662008,5027920,5028173,253,completed,-32
Greedy,1706,3037662008,5028020,5028276,256,completed,-32
Greedy,1707,3037662008,5028120,5028379,259,completed,-37
Greedy,1710,3658959723,5028420,5028570,150,completed,-13
Greedy,1711,3658959723,5028520,5028679,159,completed,-13
Greedy,1712,3658959723,5028620,5028782,162,completed,-13
Greedy,1708,3037662008,5028220,5028481,261,completed,-37
Greedy,1709,3037662008,5028320,5028583,263,completed,-37
Greedy,1713,3658959723,5028720,5029069,349,completed,-13
Greedy,1714,3658959723,5028918,5029172,254,completed,-13
Greedy,1715,3658959723,5031135,5031480,345,completed,-12
Greedy,1716,3658959723,5031337,5031615,278,completed,-12
Greedy,1717,3658959723,5031437,5031724,287,completed,-12
Greedy,1718,3658959723,5031537,5031827,290,completed,-12
Greedy,1719,3658959723,5031637,5031930,293,completed,-12
Greedy,1720,3658959723,5031737,5032033,296,completed,-12
Greedy,1721,3658959723,5031837,5032136,299,completed,-12
Greedy,1722,3658959723,5031937,5032239,302,completed,-12
Greedy,1723,3658959723,5032037,5032341,304,completed,-12
Greedy,1724,3658959723,5032137,5032481,344,completed,-14
Greedy,1725,3658959723,5032337,5032587,250,completed,-14
Greedy,1726,3658959723,5032437,5032690,253,completed,-14
Greedy,1727,3658959723,5032537,5032792,255,completed,-14
Greedy,1728,3658959723,5032640,5032895,255,completed,-14
Greedy,1729,3658959723,5032740,5032998,258,completed,-14
Greedy,1730,3658959723,5032840,5033101,261,completed,-14
Greedy,1731,3658959723,5032940,5033204,264,completed,-14
Greedy,1732,3658959723,5033040,5033306,266,completed,-14
Greedy,1733,3658959723,5033334,5033544,210,completed,-14
Greedy,1734,3658959723,5033434,5033647,213,completed,-14
Greedy,1735,3658959723,5033534,5033750,216,completed,-14
Greedy,1736,3658959723,5033634,5033853,219,completed,-14
Greedy,1737,3658959723,5033734,5033956,222,completed,-14
Greedy,1738,3658959723,5033834,5034059,225,completed,-14
Greedy,1739,3658959723,5033934,5034162,228,completed,-14
Greedy,1740,3658959723,5034034,5034265,231,completed,-14
Greedy,1741,3658959723,5034134,5034368,234,completed,-14
Greedy,1742,3658959723,5034339,5034491,152,completed,-13
Greedy,1743,3658959723,5034439,5034594,155,completed,-13
Greedy,1744,3658959723,5034539,5034696,157,completed,-13
Greedy,1745,3658959723,5034639,5034798,159,completed,-13
Greedy,1746,3658959723,5034739,5034901,162,completed,-13
Greedy,1747,3658959723,5034839,5035004,165,completed,-13
Greedy,1748,3658959723,5034939,5035107,168,completed,-13
Greedy,1749,3658959723,5035039,5035210,171,completed,-13
Greedy,1750,3658959723,5035139,5035313,174,completed,-13
Greedy,1751,3658959723,5035342,5035493,151,completed,-13
Greedy,1752,3658959723,5035442,5035596,154,completed,-13
Greedy,1753,3658959723,5035542,5035699,157,completed,-13
Greedy,1754,3658959723,5035642,5035802,160,completed,-13
Greedy,1755,3658959723,5035742,5035905,163,completed,-13
Greedy,1756,3658959723,5035842,5036008,166,completed,-13
Greedy,1757,3658959723,5035942,5036111,169,completed,-13
Greedy,1758,3658959723,5036042,5036214,172,completed,-13
Greedy,1759,3658959723,5036142,5036487,345,completed,-13
Greedy,1760,3658959723,5036346,5036590,244,completed,-13
Greedy,1761,3658959723,5036446,5036693,247,completed,-13
Greedy,1762,3658959723,5036546,5036796,250,completed,-13
Greedy,1763,3658959723,5036646,5036899,253,completed,-13
Greedy,1764,3658959723,5036746,5037002,256,completed,-13
Greedy,1765,3658959723,5036846,5037105,259,completed,-13
Greedy,1766,3658959723,5036946,5037208,262,completed,-13
Greedy,1767,3658959723,5037046,5037310,264,completed,-13
Greedy,1768,3658959723,5037344,5037494,150,completed,-13
Greedy,1769,3658959723,5037444,5037604,160,completed,-13
Greedy,1770,3658959723,5037544,5037707,163,completed,-13
Greedy,1771,3658959723,5037644,5037810,166,completed,-13
Greedy,1772,3658959723,5037744,5037913,169,completed,-13
Greedy,1773,3658959723,5037844,5038016,172,completed,-13
Greedy,1774,3658959723,5037944,5038119,175,completed,-13
Greedy,1775,3658959723,5038044,5038222,178,completed,-13
Greedy,1776,3658959723,5038144,5038489,345,completed,-14
Greedy,1777,3658959723,5038348,5038592,244,completed,-14
Greedy,1778,3658959723,5038448,5038699,251,completed,-14
Greedy,1779,3658959723,5038548,5038802,254,completed,-14
Greedy,1780,3658959723,5038648,5038905,257,completed,-14
Greedy,1781,3658959723,5038748,5039008,260,completed,-14
Greedy,1782,3658959723,5038848,5039111,263,completed,-14
Greedy,1783,3658959723,5038948,5039214,266,completed,-14
Greedy,1784,3658959723,5039048,5039316,268,completed,-14
Greedy,1785,3658959723,5039344,5039496,152,completed,-14
Greedy,1786,3658959723,5039444,5039599,155,completed,-14
Greedy,1787,3658959723,5039544,5039702,158,completed,-14
Greedy,1788,3658959723,5039644,5039804,160,completed,-14
Greedy,1789,3658959723,5039744,5039907,163,completed,-14
Greedy,1790,3658959723,5039844,5040010,166,completed,-14
Greedy,1791,3658959723,5039944,5040113,169,completed,-14
Greedy,1792,3658959723,5040044,5040216,172,completed,-14
Greedy,1793,3658959723,5040144,5040319,175,completed,-14
Greedy,1794,3658959723,5040347,5040498,151,completed,-14
Greedy,1795,3658959723,5040447,5040601,154,completed,-14
Greedy,1796,3658959723,5040547,5040703,156,completed,-14
Greedy,1797,3658959723,5040647,5040806,159,completed,-14
Greedy,1798,3658959723,5040747,5040908,161,completed,-14
Greedy,1799,3658959723,5040847,5041011,164,completed,-14
Greedy,1800,3658959723,5040947,5041114,167,completed,-14
Greedy,1801,3658959723,5041047,5041217,170,completed,-14
Greedy,1802,3658959723,5041147,5041491,344,completed,-14
Greedy,1803,3658959723,5041348,5041594,246,completed,-14
Greedy,1804,3658959723,5041448,5041696,248,completed,-14
Greedy,1805,3658959723,5041548,5041799,251,completed,-14
Greedy,1806,3658959723,5041648,5041902,254,completed,-14
Greedy,1807,3658959723,5041748,5042005,257,completed,-14
Greedy,1808,3658959723,5041848,5042108,260,completed,-14
Greedy,1809,3658959723,5041948,5042211,263,completed,-14
Greedy,1810,3658959723,5042048,5042313,265,completed,-14
Greedy,1811,3658959723,5042148,5042493,345,completed,-15
Greedy,1812,3658959723,5042350,5042595,245,completed,-15
Greedy,1813,3658959723,5042450,5042701,251,completed,-15
Greedy,1814,3658959723,5042550,5042804,254,completed,-15
Greedy,1815,3658959723,5042650,5042906,256,completed,-15
Greedy,1816,3658959723,5042750,5043009,259,completed,-15
Greedy,1817,3658959723,5042850,5043112,262,completed,-15
Greedy,1818,3658959723,5042950,5043215,265,completed,-15
Greedy,1819,3658959723,5043050,5043317,267,completed,-15
Greedy,1820,3658959723,5043150,5043495,345,completed,-15
Greedy,1821,3658959723,5043352,5043644,292,completed,-15
Greedy,1822,3658959723,5043452,5043746,294,completed,-15
Greedy,1823,3658959723,5043552,5043849,297,completed,-15
Greedy,1824,3658959723,5043652,5043952,300,completed,-15
Greedy,1825,3658959723,5043752,5044055,303,completed,-15
Greedy,1826,3658959723,5043852,5044158,306,completed,-15
Greedy,1827,3658959723,5043952,5044261,309,completed,-15
Greedy,1828,3658959723,5044052,5044364,312,completed,-15
Greedy,1829,3658959723,5044152,5044496,344,completed,-13
Greedy,1830,3658959723,5044356,5044599,243,completed,-13
Greedy,1831,3658959723,5044457,5044702,245,completed,-13
Greedy,1832,3658959723,5044557,5044805,248,completed,-13
Greedy,1833,3658959723,5044657,5044908,251,completed,-13
Greedy,1834,3658959723,5044757,5045011,254,completed,-13
Greedy,1835,3658959723,5044857,5045113,256,completed,-13
Greedy,1836,3658959723,5044957,5045216,259,completed,-13
Greedy,1837,3658959723,5045057,5045319,262,completed,-13
Greedy,1838,3658959723,5045352,5045505,153,completed,-13
Greedy,1839,3658959723,5045452,5045608,156,completed,-13
Greedy,1840,3658959723,5045552,5045711,159,completed,-13
Greedy,1841,3658959723,5045652,5045814,162,completed,-13
Greedy,1842,3658959723,5045752,5045917,165,completed,-13
Greedy,1843,3658959723,5045852,5046020,168,completed,-13
Greedy,1844,3658959723,5045952,5046122,170,completed,-13
Greedy,1845,3658959723,5046052,5046224,172,completed,-13
Greedy,1846,3658959723,5046152,5046327,175,completed,-13
Greedy,SUMMARY,ALL,0,0,121785,batch_complete,0
----------------,---,---,---,---,---,----------------,---
Greedy,1847,3658959723,5046354,5046507,153,completed,-15
Greedy,1848,3658959723,5055920,5056072,152,completed,-11
Greedy,1849,3658959723,5056020,5056182,162,completed,-11
Greedy,1850,3658959723,5056120,5056285,165,completed,-11
Greedy,1853,3037662008,5056420,5056564,144,completed,-33
Greedy,1851,3658959723,5056220,5056388,168,completed,-12
Greedy,1852,3658959723,5056320,5056489,169,completed,-12
Greedy,1854,3037662008,5056520,5056667,147,completed,-33
Greedy,1855,3037662008,5056771,5056916,145,completed,-33
Greedy,1856,3037662008,5056871,5057026,155,completed,-33
Greedy,1857,3037662008,5056971,5057129,158,completed,-33
Greedy,1858,3037662008,5057078,5057246,168,completed,-33
Greedy,1859,3037662008,5057178,5057356,178,completed,-33
Greedy,1860,3037662008,5057279,5057459,180,completed,-33
Greedy,1861,3037662008,5057379,5057562,183,completed,-33
Greedy,1862,3037662008,5057479,5057665,186,completed,-33
Greedy,1863,3037662008,5057770,5057916,146,completed,-33
Greedy,1864,3037662008,5057870,5058033,163,completed,-33
Greedy,1865,3037662008,5057970,5058142,172,completed,-33
Greedy,1866,3037662008,5058070,5058245,175,completed,-33
Greedy,1867,3037662008,5058170,5058352,182,completed,-34
Greedy,1869,3658959723,5058370,5058520,150,completed,-11
Greedy,1868,3037662008,5058270,5058454,184,completed,-34
Greedy,1870,3658959723,5058470,5058629,159,completed,-11
Greedy,1871,3658959723,5058572,5059016,444,completed,-11
Greedy,1872,3658959723,5058773,5059125,352,completed,-11
Greedy,1873,3658959723,5058873,5059228,355,completed,-11
Greedy,1874,3658959723,5058973,5059331,358,completed,-11
Greedy,1875,3658959723,5059073,5059434,361,completed,-11
Greedy,1876,3658959723,5059173,5059537,364,completed,-11
Greedy,1877,3658959723,5059273,5059639,366,completed,-11
Greedy,1878,3658959723,5059373,5059742,369,completed,-11
Greedy,1879,3658959723,5059473,5059843,370,completed,-11
Greedy,1880,3658959723,5059573,5059945,372,completed,-11
Greedy,1881,3658959723,5059773,5060047,274,completed,-11
Greedy,1882,3658959723,5059873,5060149,276,completed,-11
Greedy,1883,3658959723,5059973,5060252,279,completed,-11
Greedy,1884,3658959723,5060073,5060355,282,completed,-11
Greedy,1885,3658959723,5060173,5060458,285,completed,-12
Greedy,1886,3658959723,5060273,5060559,286,completed,-12
Greedy,1887,3658959723,5060373,5060661,288,completed,-12
Greedy,1888,3037662008,5060473,5060616,143,completed,-30
Greedy,1889,3037662008,5060573,5061096,523,completed,-30
Greedy,1890,3037662008,5060778,5061199,421,completed,-30
Greedy,1891,3037662008,5060878,5061302,424,completed,-30
Greedy,1892,3037662008,5060978,5061405,427,completed,-30
Greedy,1893,3037662008,5061083,5061508,425,completed,-30
Greedy,1894,3037662008,5061183,5061611,428,completed,-30
Greedy,1895,3037662008,5061283,5061714,431,completed,-30
Greedy,1896,3037662008,5061383,5061819,436,completed,-30
Greedy,1897,3037662008,5061483,5061921,438,completed,-30
Greedy,1898,3037662008,5061774,5062023,249,completed,-30
Greedy,1899,3037662008,5061874,5062172,298,completed,-30
Greedy,1900,3037662008,5061974,5062274,300,completed,-30
Greedy,1901,3037662008,5062082,5062376,294,completed,-30
Greedy,1904,3658959723,5062382,5062532,150,completed,-11
Greedy,1902,3037662008,5062182,5062479,297,completed,-30
Greedy,1903,3037662008,5062282,5062581,299,completed,-30
Greedy,1905,3658959723,5062482,5062635,153,completed,-11
Greedy,1906,3658959723,5062584,5062930,346,completed,-11
Greedy,1907,3658959723,5062786,5063040,254,completed,-11
Greedy,1908,3658959723,5062886,5063143,257,completed,-11
Greedy,1909,3658959723,5062986,5063246,260,completed,-11
Greedy,1910,3658959723,5063087,5063349,262,completed,-11
Greedy,1911,3658959723,5063187,5063452,265,completed,-11
Greedy,1912,3658959723,5063287,5063555,268,completed,-11
Greedy,1913,3658959723,5063387,5063658,271,completed,-11
Greedy,1914,3658959723,5063487,5063760,273,completed,-11
Greedy,1915,3658959723,5063587,5063932,345,completed,-11
Greedy,1916,3658959723,5063784,5064034,250,completed,-11
Greedy,1917,3658959723,5066005,5066417,412,completed,-12
Greedy,1920,3037662008,5066407,5066550,143,completed,-31
Greedy,1918,3658959723,5066207,5066615,408,completed,-12
Greedy,1921,3037662008,5066507,5066659,152,completed,-31
Greedy,1919,3658959723,5066307,5066724,417,completed,-12
Greedy,1922,3037662008,5066607,5066762,155,completed,-31
Greedy,1923,3037662008,5066707,5066865,158,completed,-31
Greedy,1924,3037662008,5066807,5066968,161,completed,-31
Greedy,1925,3037662008,5066907,5067071,164,completed,-31
Greedy,1926,3037662008,5067007,5067345,338,completed,-31
Greedy,1927,3037662008,5067217,5067448,231,completed,-31
Greedy,1928,3037662008,5067317,5067551,234,completed,-31
Greedy,1929,3037662008,5067418,5067654,236,completed,-31
Greedy,1930,3037662008,5067522,5067757,235,completed,-31
Greedy,1931,3037662008,5067624,5067860,236,completed,-31
Greedy,1932,3037662008,5067728,5067963,235,completed,-31
Greedy,1933,3037662008,5067831,5068066,235,completed,-31
Greedy,1934,3037662008,5067933,5068169,236,completed,-31
Greedy,1935,3037662008,5068216,5068458,242,completed,-32
Greedy,1936,3037662008,5068320,5068561,241,completed,-32
Greedy,1937,3658959723,5068420,5068572,152,completed,-13
Greedy,1938,3658959723,5068520,5068675,155,completed,-13
Greedy,1939,3658959723,5068620,5068778,158,completed,-13
Greedy,1940,3658959723,5068720,5068881,161,completed,-13
Greedy,1941,3658959723,5068820,5068984,164,completed,-13
Greedy,1942,3658959723,5068920,5069087,167,completed,-13
Greedy,1943,3658959723,5069213,5069363,150,completed,-13
Greedy,1944,3658959723,5069313,5069466,153,completed,-13
Greedy,1945,3658959723,5069413,5069569,156,completed,-13
Greedy,1946,3658959723,5069513,5069672,159,completed,-13
Greedy,1947,3658959723,5069613,5069775,162,completed,-13
Greedy,1948,3658959723,5069713,5069878,165,completed,-13
Greedy,1949,3658959723,5069813,5069981,168,completed,-13
Greedy,1950,3658959723,5069913,5070083,170,completed,-13
Greedy,1951,3658959723,5070216,5070368,152,completed,-13
Greedy,1952,3658959723,5070318,5070471,153,completed,-12
Greedy,1953,3658959723,5070418,5070573,155,completed,-12
Greedy,1954,3037662008,5070518,5070661,143,completed,-35
Greedy,1955,3037662008,5070618,5070770,152,completed,-35
Greedy,1956,3037662008,5070718,5070873,155,completed,-35
Greedy,1957,3037662008,5070818,5070976,158,completed,-35
Greedy,1958,3037662008,5070918,5071079,161,completed,-35
Greedy,1959,3037662008,5071216,5071361,145,completed,-35
Greedy,1960,3037662008,5071316,5071470,154,completed,-35
Greedy,1961,3037662008,5071416,5071580,164,completed,-35
Greedy,1962,3037662008,5071516,5071683,167,completed,-35
Greedy,1963,3037662008,5071616,5071786,170,completed,-35
Greedy,1964,3037662008,5071716,5071889,173,completed,-35
Greedy,1965,3037662008,5071816,5071992,176,completed,-35
Greedy,1966,3037662008,5071916,5072095,179,completed,-35
Greedy,1968,3658959723,5072321,5072472,151,completed,-10
Greedy,1967,3037662008,5072219,5072400,181,completed,-32
Greedy,1969,3658959723,5072421,5072575,154,completed,-10
Greedy,1970,3658959723,5072521,5072678,157,completed,-10
Greedy,1971,3658959723,5072621,5072781,160,completed,-10
Greedy,1972,3658959723,5072721,5072884,163,completed,-10
Greedy,1973,3658959723,5072821,5072987,166,completed,-10
Greedy,1974,3658959723,5072921,5073090,169,completed,-10
Greedy,1975,3658959723,5073210,5073362,152,completed,-10
Greedy,1976,3658959723,5073310,5073470,160,completed,-10
Greedy,1977,3658959723,5073410,5073573,163,completed,-10
Greedy,1978,3658959723,5073510,5073676,166,completed,-10
Greedy,1979,3658959723,5073610,5073778,168,completed,-10
Greedy,1980,3658959723,5073710,5073881,171,completed,-10
Greedy,1981,3658959723,5073810,5073984,174,completed,-10
Greedy,1982,3658959723,5073910,5074087,177,completed,-10
Greedy,1983,3658959723,5074010,5074189,179,completed,-10
Greedy,1985,3037662008,5074321,5074466,145,completed,-33
Greedy,1986,3037662008,5074421,5074569,148,completed,-33
Greedy,1987,3037662008,5074521,5074672,151,completed,-33
Greedy,1988,3037662008,5074621,5074775,154,completed,-33
Greedy,1984,3658959723,5074221,5074407,186,completed,-14
Greedy,1989,3037662008,5074721,5074878,157,completed,-33
Greedy,1990,3037662008,5074821,5074981,160,completed,-33
Greedy,1991,3037662008,5074921,5075084,163,completed,-33
Greedy,1992,3037662008,5075212,5075359,147,completed,-33
Greedy,1993,3037662008,5075314,5075462,148,completed,-33
Greedy,1994,3037662008,5075414,5075565,151,completed,-33
Greedy,1995,3037662008,5075514,5075668,154,completed,-33
Greedy,1996,3037662008,5075614,5075771,157,completed,-33
Greedy,1997,3037662008,5075714,5075874,160,completed,-33
Greedy,1998,3037662008,5075814,5075977,163,completed,-33
Greedy,1999,3037662008,5075914,5076080,166,completed,-33
Greedy,2000,3037662008,5076016,5076356,340,completed,-37
Greedy,2002,3658959723,5076326,5076477,151,completed,-13
Greedy,2001,3037662008,5076223,5076464,241,completed,-37
Greedy,2003,3658959723,5076426,5076580,154,completed,-13
Greedy,2004,3658959723,5076526,5076683,157,completed,-13
Greedy,2005,3658959723,5076626,5076786,160,completed,-13
Greedy,2006,3658959723,5076726,5076888,162,completed,-13
Greedy,2007,3658959723,5076826,5076990,164,completed,-13
Greedy,2008,3658959723,5076926,5077093,167,completed,-13
Greedy,2009,3658959723,5077226,5077378,152,completed,-13
Greedy,2010,3658959723,5077326,5077486,160,completed,-13
Greedy,2011,3658959723,5077426,5077589,163,completed,-13
Greedy,2012,3658959723,5077526,5077692,166,completed,-13
Greedy,2013,3658959723,5077626,5077795,169,completed,-13
Greedy,2014,3658959723,5077726,5077898,172,completed,-13
Greedy,2015,3658959723,5077826,5078001,175,completed,-13
Greedy,2016,3658959723,5077926,5078104,178,completed,-13
Greedy,2017,3658959723,5078226,5078389,163,completed,-13
Greedy,2018,3037662008,5078326,5078470,144,completed,-33
Greedy,2019,3037662008,5078426,5078573,147,completed,-33
Greedy,2021,3658959723,5078626,5078776,150,completed,-14
Greedy,2020,3037662008,5078526,5078676,150,completed,-33
Greedy,2022,3658959723,5078726,5078879,153,completed,-14
Greedy,2023,3658959723,5078826,5078982,156,completed,-14
Greedy,2024,3658959723,5078926,5079085,159,completed,-14
Greedy,2025,3658959723,5079216,5079368,152,completed,-14
Greedy,2026,3658959723,5079316,5079476,160,completed,-14
Greedy,2027,3658959723,5079416,5079606,190,completed,-14
Greedy,2028,3658959723,5079516,5079709,193,completed,-14
Greedy,2029,3658959723,5079616,5079812,196,completed,-14
Greedy,2030,3658959723,5079716,5079915,199,completed,-14
Greedy,2031,3658959723,5079816,5080018,202,completed,-14
Greedy,2032,3658959723,5079916,5080121,205,completed,-14
Greedy,2033,3658959723,5080017,5080224,207,completed,-14
Greedy,2034,3658959723,5080227,5080379,152,completed,-14
Greedy,2035,3658959723,5080327,5080482,155,completed,-15
Greedy,2036,3658959723,5080427,5080584,157,completed,-15
Greedy,2037,3037662008,5080527,5080671,144,completed,-32
Greedy,2038,3037662008,5080627,5080774,147,completed,-32
Greedy,2039,3037662008,5080727,5080877,150,completed,-32
Greedy,2040,3037662008,5080827,5080980,153,completed,-32
Greedy,2041,3037662008,5080927,5081083,156,completed,-32
Greedy,2042,3037662008,5081228,5081374,146,completed,-32
Greedy,2043,3037662008,5083438,5083782,344,completed,-36
Greedy,2044,3658959723,5083641,5083791,150,completed,-13
Greedy,2045,3658959723,5083741,5083904,163,completed,-13
Greedy,2046,3658959723,5083841,5084007,166,completed,-13
Greedy,2047,3658959723,5083941,5084110,169,completed,-13
Greedy,2048,3658959723,5084041,5084213,172,completed,-13
Greedy,2049,3658959723,5084141,5084316,175,completed,-13
Greedy,2050,3658959723,5084241,5084419,178,completed,-13
Greedy,2051,3658959723,5084341,5084521,180,completed,-13
Greedy,2052,3037662008,5084441,5084780,339,completed,-38
Greedy,2053,3037662008,5084636,5084883,247,completed,-38
Greedy,2054,3037662008,5084736,5084986,250,completed,-38
Greedy,2055,3037662008,5084836,5085089,253,completed,-38
Greedy,2056,3037662008,5084936,5085192,256,completed,-38
Greedy,2057,3037662008,5085036,5085294,258,completed,-38
Greedy,2058,3037662008,5085136,5085397,261,completed,-38
Greedy,2059,3037662008,5085236,5085500,264,completed,-38
Greedy,2060,3037662008,5085336,5085603,267,completed,-38
Greedy,2061,3037662008,5085436,5085705,269,completed,-38
Greedy,2062,3037662008,5085643,5085808,165,completed,-38
Greedy,2063,3037662008,5085743,5085911,168,completed,-38
Greedy,2064,3037662008,5085843,5086014,171,completed,-38
Greedy,2065,3037662008,5085943,5086117,174,completed,-38
Greedy,2066,3037662008,5086043,5086220,177,completed,-38
Greedy,2067,3037662008,5086143,5086323,180,completed,-38
Greedy,2069,3658959723,5086343,5086494,151,completed,-12
Greedy,2070,3658959723,5086443,5086788,345,completed,-12
Greedy,2071,3658959723,5086638,5086891,253,completed,-12
Greedy,2072,3658959723,5086738,5086994,256,completed,-12
Greedy,2073,3658959723,5086838,5087097,259,completed,-12
Greedy,2074,3658959723,5086938,5087200,262,completed,-12
Greedy,2075,3658959723,5087038,5087303,265,completed,-12
Greedy,2076,3658959723,5087138,5087405,267,completed,-12
Greedy,2077,3658959723,5087238,5087508,270,completed,-12
Greedy,2078,3658959723,5087338,5087610,272,completed,-12
Greedy,2079,3658959723,5087438,5087712,274,completed,-12
Greedy,2080,3658959723,5087644,5087813,169,completed,-12
Greedy,2081,3658959723,5087744,5087916,172,completed,-12
Greedy,2082,3658959723,5087844,5088019,175,completed,-12
Greedy,2083,3658959723,5087944,5088122,178,completed,-12
Greedy,2084,3658959723,5088044,5088225,181,completed,-12
Greedy,2085,3658959723,5088144,5088328,184,completed,-12
Greedy,2086,3658959723,5088244,5088431,187,completed,-13
Greedy,2087,3658959723,5088344,5088534,190,completed,-13
Greedy,2088,3658959723,5088444,5088637,193,completed,-13
Greedy,2089,3658959723,5088645,5088798,153,completed,-13
Greedy,2090,3658959723,5088745,5088901,156,completed,-13
Greedy,2091,3658959723,5088845,5089004,159,completed,-13
Greedy,2092,3658959723,5088945,5089107,162,completed,-13
Greedy,2093,3658959723,5089045,5089210,165,completed,-13
Greedy,2094,3658959723,5089145,5089313,168,completed,-13
Greedy,2095,3658959723,5089245,5089416,171,completed,-13
Greedy,2096,3658959723,5089345,5089519,174,completed,-13
Greedy,2097,3658959723,5089446,5089792,346,completed,-13
Greedy,2098,3658959723,5089647,5089897,250,completed,-13
Greedy,2099,3658959723,5089747,5090000,253,completed,-13
Greedy,2100,3658959723,5089847,5090103,256,completed,-13
Greedy,2101,3658959723,5089947,5090206,259,completed,-13
Greedy,2102,3658959723,5090047,5090309,262,completed,-13
Greedy,2103,3658959723,5090147,5090412,265,completed,-13
Greedy,2104,3658959723,5090247,5090514,267,completed,-13
Greedy,2105,3658959723,5090347,5090616,269,completed,-13
Greedy,2106,3658959723,5090447,5090792,345,completed,-13
Greedy,2107,3658959723,5090642,5091017,375,completed,-13
Greedy,2108,3658959723,5090742,5091120,378,completed,-13
Greedy,2109,3658959723,5090842,5091223,381,completed,-13
Greedy,2110,3658959723,5090942,5091326,384,completed,-13
Greedy,2111,3658959723,5091042,5091429,387,completed,-13
Greedy,2112,3658959723,5091142,5091532,390,completed,-13
Greedy,2113,3658959723,5091242,5091635,393,completed,-13
Greedy,2068,3658959723,5091244,5091737,493,completed,-13
Greedy,2114,3658959723,5091342,5091840,498,completed,-13
Greedy,2115,3658959723,5091442,5091943,501,completed,-13
Greedy,2116,3658959723,5091649,5092046,397,completed,-13
Greedy,2117,3658959723,5091749,5092149,400,completed,-13
Greedy,2118,3658959723,5091849,5092252,403,completed,-13
Greedy,2119,3658959723,5091949,5092355,406,completed,-13
Greedy,2120,3658959723,5092049,5092458,409,completed,-13
Greedy,2121,3658959723,5092149,5092560,411,completed,-13
Greedy,2122,3658959723,5092249,5092661,412,completed,-13
Greedy,2123,3658959723,5092349,5092765,416,completed,-13
Greedy,2124,3658959723,5092449,5092867,418,completed,-13
Greedy,2125,3658959723,5092644,5092969,325,completed,-13
Greedy,2126,3658959723,5092744,5093072,328,completed,-13
Greedy,2127,3658959723,5092844,5093175,331,completed,-13
Greedy,2128,3658959723,5092944,5093278,334,completed,-13
Greedy,2129,3658959723,5093044,5093381,337,completed,-13
Greedy,2130,3658959723,5093144,5093484,340,completed,-13
Greedy,2131,3658959723,5093244,5093587,343,completed,-13
Greedy,2132,3658959723,5093344,5093690,346,completed,-13
Greedy,2133,3658959723,5093444,5093796,352,completed,-13
Greedy,2134,3658959723,5093653,5093899,246,completed,-13
Greedy,2135,3658959723,5093753,5094007,254,completed,-13
Greedy,2136,3658959723,5093853,5094110,257,completed,-13
Greedy,2137,3658959723,5093953,5094213,260,completed,-13
Greedy,2138,3658959723,5094053,5094316,263,completed,-13
Greedy,2139,3658959723,5094153,5094419,266,completed,-14
Greedy,2140,3658959723,5094253,5094521,268,completed,-14
Greedy,2141,3658959723,5094353,5094623,270,completed,-14
Greedy,2142,3658959723,5094453,5094798,345,completed,-14
Greedy,2143,3658959723,5094654,5094905,251,completed,-14
Greedy,2144,3658959723,5094754,5095008,254,completed,-14
Greedy,2145,3658959723,5094854,5095111,257,completed,-14
Greedy,2146,3658959723,5094954,5095214,260,completed,-14
Greedy,2147,3658959723,5095054,5095317,263,completed,-14
Greedy,2148,3658959723,5095154,5095420,266,completed,-14
Greedy,2149,3658959723,5095254,5095522,268,completed,-14
Greedy,2150,3658959723,5095354,5095624,270,completed,-14
Greedy,2151,3658959723,5095454,5095799,345,completed,-14
Greedy,2152,3658959723,5095655,5095905,250,completed,-14
Greedy,2153,3658959723,5095755,5096008,253,completed,-14
Greedy,2154,3658959723,5095855,5096111,256,completed,-14
Greedy,2155,3658959723,5095955,5096214,259,completed,-14
Greedy,2156,3658959723,5096055,5096317,262,completed,-14
Greedy,2157,3658959723,5096155,5096420,265,completed,-13
Greedy,2158,3658959723,5096255,5096521,266,completed,-13
Greedy,2159,3658959723,5096355,5096623,268,completed,-13
Greedy,2160,3658959723,5096457,5096802,345,completed,-13
Greedy,2161,3658959723,5096652,5096904,252,completed,-13
Greedy,2162,3658959723,5096752,5097007,255,completed,-13
Greedy,2163,3658959723,5096852,5097110,258,completed,-13
Greedy,2164,3658959723,5096952,5097213,261,completed,-13
Greedy,2165,3658959723,5097052,5097316,264,completed,-13
Greedy,2166,3658959723,5097152,5097419,267,completed,-13
Greedy,2167,3658959723,5097252,5097522,270,completed,-13
Greedy,2168,3658959723,5097352,5097624,272,completed,-13
Greedy,2169,3658959723,5097452,5097803,351,completed,-13
Greedy,2170,3658959723,5097659,5097910,251,completed,-13
Greedy,2171,3658959723,5097759,5098012,253,completed,-13
Greedy,2172,3658959723,5097859,5098115,256,completed,-13
Greedy,2173,3658959723,5097959,5098217,258,completed,-13
Greedy,2174,3658959723,5098059,5098320,261,completed,-13
Greedy,2175,3658959723,5098159,5098423,264,completed,-15
Greedy,2176,3658959723,5098259,5098526,267,completed,-15
Greedy,2177,3658959723,5098359,5098629,270,completed,-15
Greedy,2178,3658959723,5098459,5098805,346,completed,-15
Greedy,2179,3658959723,5098662,5098908,246,completed,-15
Greedy,2180,3658959723,5100868,5101212,344,completed,-11
Greedy,2181,3658959723,5101070,5101322,252,completed,-11
Greedy,2182,3658959723,5101170,5101425,255,completed,-11
Greedy,2183,3658959723,5101270,5101528,258,completed,-11
Greedy,2184,3658959723,5101370,5101630,260,completed,-11
Greedy,2185,3658959723,5101470,5101733,263,completed,-11
Greedy,2186,3658959723,5101570,5101836,266,completed,-11
Greedy,2187,3658959723,5101670,5101938,268,completed,-11
Greedy,2188,3658959723,5101770,5102040,270,completed,-11
Greedy,2189,3658959723,5101870,5102214,344,completed,-11
Greedy,2190,3658959723,5102074,5102317,243,completed,-11
Greedy,2191,3658959723,5102177,5102420,243,completed,-15
Greedy,2192,3658959723,5102280,5102521,241,completed,-15
Greedy,2193,3658959723,5102380,5102623,243,completed,-15
Greedy,2194,3658959723,5102480,5102726,246,completed,-15
Greedy,2195,3658959723,5102580,5102830,250,completed,-15
Greedy,2196,3658959723,5102680,5102933,253,completed,-15
Greedy,2197,3658959723,5102780,5103035,255,completed,-15
Greedy,2198,3658959723,5103080,5103234,154,completed,-15
Greedy,2199,3658959723,5103180,5103336,156,completed,-15
Greedy,2200,3658959723,5103280,5103439,159,completed,-15
Greedy,2201,3658959723,5103380,5103542,162,completed,-15
Greedy,2202,3658959723,5103480,5103645,165,completed,-15
Greedy,2203,3658959723,5103580,5103748,168,completed,-15
Greedy,2204,3658959723,5103680,5103851,171,completed,-15
Greedy,2205,3658959723,5103780,5103954,174,completed,-15
Greedy,2206,3658959723,5104067,5104218,151,completed,-15
Greedy,2207,3658959723,5104167,5104465,298,completed,-8
Greedy,2208,3658959723,5104267,5104568,301,completed,-8
Greedy,2209,3658959723,5104367,5104671,304,completed,-8
Greedy,2210,3658959723,5104467,5104774,307,completed,-8
Greedy,2211,3658959723,5104567,5104877,310,completed,-8
Greedy,2212,3658959723,5104667,5104980,313,completed,-8
Greedy,2213,3658959723,5104767,5105083,316,completed,-8
Greedy,2214,3658959723,5104867,5105185,318,completed,-8
Greedy,2215,3658959723,5105074,5105288,214,completed,-8
Greedy,2216,3658959723,5105174,5105391,217,completed,-8
Greedy,2217,3658959723,5105274,5105494,220,completed,-8
Greedy,2218,3658959723,5105374,5105597,223,completed,-8
Greedy,2219,3658959723,5105474,5105700,226,completed,-8
Greedy,2220,3658959723,5105574,5105803,229,completed,-8
Greedy,2221,3658959723,5105674,5105906,232,completed,-8
Greedy,2222,3658959723,5105774,5106009,235,completed,-8
Greedy,2223,3658959723,5105874,5106219,345,completed,-8
Greedy,2224,3658959723,5106075,5106322,247,completed,-8
Greedy,2225,3658959723,5106175,5106425,250,completed,-15
Greedy,2226,3658959723,5106275,5106528,253,completed,-15
Greedy,2227,3658959723,5106375,5106630,255,completed,-15
Greedy,2228,3658959723,5106475,5106733,258,completed,-15
Greedy,2229,3658959723,5106575,5106836,261,completed,-15
Greedy,2230,3658959723,5106675,5106939,264,completed,-15
Greedy,2231,3658959723,5106775,5107042,267,completed,-15
Greedy,2232,3658959723,5106876,5107221,345,completed,-15
Greedy,2233,3658959723,5107088,5107330,242,completed,-15
Greedy,2234,3658959723,5107188,5107433,245,completed,-15
Greedy,2235,3658959723,5107288,5107539,251,completed,-15
Greedy,2236,3658959723,5107388,5107641,253,completed,-15
Greedy,2237,3658959723,5107488,5107744,256,completed,-15
Greedy,2238,3658959723,5107588,5107846,258,completed,-15
Greedy,2239,3658959723,5107688,5107949,261,completed,-15
Greedy,2240,3658959723,5107788,5108051,263,completed,-15
Greedy,2241,3658959723,5108071,5108223,152,completed,-15
Greedy,2242,3658959723,5108171,5108414,243,completed,-8
Greedy,2243,3658959723,5108274,5108516,242,completed,-8
Greedy,2244,3658959723,5108374,5108618,244,completed,-8
Greedy,2245,3658959723,5108474,5108720,246,completed,-8
Greedy,2246,3658959723,5108574,5108823,249,completed,-8
Greedy,2247,3658959723,5108674,5108926,252,completed,-8
Greedy,2248,3658959723,5108774,5109029,255,completed,-8
Greedy,2249,3658959723,5108874,5109131,257,completed,-8
Greedy,2250,3658959723,5109080,5109234,154,completed,-8
Greedy,2251,3658959723,5109180,5109337,157,completed,-8
Greedy,2252,3658959723,5109280,5109440,160,completed,-8
Greedy,2253,3658959723,5109380,5109543,163,completed,-8
Greedy,2254,3658959723,5109480,5109646,166,completed,-8
Greedy,2255,3658959723,5109580,5109749,169,completed,-8
Greedy,2256,3658959723,5109680,5109852,172,completed,-8
Greedy,2257,3658959723,5109780,5109955,175,completed,-8
Greedy,2258,3658959723,5109880,5110225,345,completed,-8
Greedy,2259,3658959723,5110075,5110462,387,completed,-15
Greedy,2260,3658959723,5110175,5110565,390,completed,-15
Greedy,2261,3658959723,5110275,5110668,393,completed,-15
Greedy,2262,3658959723,5110376,5110771,395,completed,-15
Greedy,2263,3658959723,5110476,5110874,398,completed,-15
Greedy,2264,3658959723,5110576,5110977,401,completed,-15
Greedy,2265,3658959723,5110676,5111080,404,completed,-15
Greedy,2266,3658959723,5110776,5111182,406,completed,-15
Greedy,2267,3658959723,5110876,5111285,409,completed,-15
Greedy,2268,3658959723,5111088,5111388,300,completed,-15
Greedy,2269,3658959723,5111188,5111491,303,completed,-15
Greedy,2270,3658959723,5111288,5111594,306,completed,-15
Greedy,2271,3658959723,5111388,5111697,309,completed,-15
Greedy,2272,3658959723,5111488,5111800,312,completed,-15
Greedy,2273,3658959723,5111588,5111903,315,completed,-15
Greedy,2274,3658959723,5111688,5112006,318,completed,-15
Greedy,2275,3658959723,5111788,5112109,321,completed,-15
Greedy,2276,3658959723,5112080,5112261,181,completed,-15
Greedy,2277,3658959723,5112180,5112364,184,completed,-15
Greedy,2278,3658959723,5112280,5112467,187,completed,-12
Greedy,2279,3658959723,5112380,5112570,190,completed,-12
Greedy,2280,3658959723,5112480,5112673,193,completed,-12
Greedy,2281,3658959723,5112580,5112776,196,completed,-12
Greedy,2282,3658959723,5112680,5112879,199,completed,-12
Greedy,2283,3658959723,5112780,5112982,202,completed,-12
Greedy,2284,3658959723,5112881,5113226,345,completed,-12
Greedy,2285,3658959723,5113082,5113329,247,completed,-12
Greedy,2286,3658959723,5113182,5113431,249,completed,-12
Greedy,2287,3658959723,5113282,5113534,252,completed,-12
Greedy,2288,3658959723,5113382,5113637,255,completed,-12
Greedy,2289,3658959723,5113482,5113739,257,completed,-12
Greedy,2290,3658959723,5113582,5113842,260,completed,-12
Greedy,2291,3658959723,5113682,5113945,263,completed,-12
Greedy,2292,3658959723,5113782,5114048,266,completed,-12
Greedy,2293,3658959723,5113882,5114150,268,completed,-12
Greedy,2294,3658959723,5114089,5114261,172,completed,-12
Greedy,2295,3658959723,5114189,5114364,175,completed,-12
Greedy,2296,3658959723,5114289,5114467,178,completed,-15
Greedy,2297,3658959723,5114389,5114570,181,completed,-15
Greedy,2298,3658959723,5114489,5114673,184,completed,-15
Greedy,2299,3658959723,5114589,5114776,187,completed,-15
Greedy,2300,3658959723,5114689,5114879,190,completed,-15
Greedy,2301,3658959723,5114789,5114982,193,completed,-15
Greedy,2302,3658959723,5115093,5115245,152,completed,-15
Greedy,2303,3658959723,5115193,5115347,154,completed,-15
Greedy,2304,3658959723,5115293,5115450,157,completed,-15
Greedy,2305,3658959723,5115393,5115553,160,completed,-15
Greedy,2306,3658959723,5115493,5115656,163,completed,-15
Greedy,2307,3658959723,5115593,5115759,166,completed,-15
Greedy,2308,3658959723,5115693,5115862,169,completed,-15
Greedy,2309,3658959723,5115793,5115964,171,completed,-15
Greedy,2310,3658959723,5116100,5116251,151,completed,-15
Greedy,2312,3658959723,5118525,5118691,166,completed,-13
Greedy,2313,3658959723,5118625,5118800,175,completed,-13
Greedy,2314,3658959723,5118725,5118909,184,completed,-13
Greedy,2311,3037662008,5118318,5118949,631,completed,-29
Greedy,2315,3658959723,5118825,5119012,187,completed,-13
Greedy,2316,3658959723,5118925,5119115,190,completed,-13
Greedy,2317,3658959723,5119025,5119218,193,completed,-13
Greedy,2318,3658959723,5119134,5119321,187,completed,-13
Greedy,2319,3658959723,5119234,5119424,190,completed,-13
Greedy,2320,3658959723,5119518,5119671,153,completed,-13
Greedy,2321,3658959723,5119618,5119774,156,completed,-13
Greedy,2322,3658959723,5119718,5119877,159,completed,-13
Greedy,2323,3658959723,5119818,5119980,162,completed,-13
Greedy,2324,3658959723,5119918,5120083,165,completed,-13
Greedy,2325,3658959723,5120018,5120186,168,completed,-13
Greedy,2326,3658959723,5120118,5120289,171,completed,-13
Greedy,2327,3658959723,5120218,5120392,174,completed,-13
Greedy,2328,3658959723,5120318,5120495,177,completed,-13
Greedy,2329,3658959723,5120526,5120678,152,completed,-13
Greedy,2330,3037662008,5120626,5120816,190,completed,-29
Greedy,2331,3037662008,5120726,5120930,204,completed,-29
Greedy,2332,3037662008,5120826,5121033,207,completed,-29
Greedy,2333,3037662008,5120926,5121136,210,completed,-29
Greedy,2334,3037662008,5121026,5121239,213,completed,-29
Greedy,2335,3037662008,5121132,5121342,210,completed,-29
Greedy,2336,3037662008,5121232,5121445,213,completed,-29
Greedy,2337,3037662008,5121515,5121662,147,completed,-29
Greedy,2338,3037662008,5121615,5121765,150,completed,-29
Greedy,2339,3037662008,5121715,5121868,153,completed,-29
Greedy,2340,3037662008,5121815,5121971,156,completed,-29
Greedy,2341,3037662008,5121915,5122074,159,completed,-29
Greedy,2342,3037662008,5122015,5122177,162,completed,-29
Greedy,2343,3037662008,5122115,5122280,165,completed,-29
Greedy,2344,3037662008,5122215,5122383,168,completed,-31
Greedy,2345,3037662008,5122315,5122485,170,completed,-31
Greedy,2346,3658959723,5122527,5122678,151,completed,-12
Greedy,2347,3658959723,5122627,5122787,160,completed,-12
Greedy,2348,3658959723,5122727,5122897,170,completed,-12
Greedy,2349,3658959723,5122827,5123000,173,completed,-12
Greedy,2350,3658959723,5122927,5123103,176,completed,-12
Greedy,2351,3658959723,5123027,5123206,179,completed,-12
Greedy,2352,3658959723,5123127,5123309,182,completed,-12
Greedy,2353,3658959723,5123227,5123412,185,completed,-12
Greedy,2354,3658959723,5123518,5123669,151,completed,-12
Greedy,2355,3658959723,5123618,5123839,221,completed,-12
Greedy,2356,3658959723,5123718,5123942,224,completed,-12
Greedy,2357,3658959723,5123818,5124045,227,completed,-12
Greedy,2358,3658959723,5123918,5124148,230,completed,-12
Greedy,2359,3658959723,5124018,5124251,233,completed,-12
Greedy,2360,3658959723,5124118,5124354,236,completed,-12
Greedy,2361,3658959723,5124218,5124457,239,completed,-13
Greedy,2363,3037662008,5124529,5124679,150,completed,-31
Greedy,2364,3037662008,5124629,5124791,162,completed,-31
Greedy,2362,3658959723,5124318,5124558,240,completed,-13
Greedy,2365,3037662008,5124729,5124894,165,completed,-31
Greedy,2366,3037662008,5124829,5124997,168,completed,-31
Greedy,2367,3037662008,5124929,5125100,171,completed,-31
Greedy,2368,3037662008,5125029,5125203,174,completed,-31
Greedy,2369,3037662008,5125129,5125306,177,completed,-31
Greedy,2370,3037662008,5125229,5125409,180,completed,-31
Greedy,2371,3037662008,5125520,5125666,146,completed,-31
Greedy,2372,3037662008,5125620,5125769,149,completed,-31
Greedy,2373,3037662008,5125720,5125872,152,completed,-31
Greedy,2374,3037662008,5125820,5125975,155,completed,-31
Greedy,2375,3037662008,5125920,5126078,158,completed,-31
Greedy,2376,3037662008,5126020,5126181,161,completed,-31
Greedy,2377,3037662008,5126120,5126284,164,completed,-31
Greedy,2378,3037662008,5126220,5126387,167,completed,-31
Greedy,2380,3658959723,5126530,5126681,151,completed,-13
Greedy,2381,3658959723,5126630,5126790,160,completed,-13
Greedy,2379,3037662008,5126320,5126488,168,completed,-31
Greedy,2382,3658959723,5126730,5126892,162,completed,-13
Greedy,2383,3658959723,5126830,5126995,165,completed,-13
Greedy,2384,3658959723,5126930,5127098,168,completed,-13
Greedy,2385,3658959723,5127030,5127201,171,completed,-13
Greedy,2386,3658959723,5127130,5127304,174,completed,-13
Greedy,2387,3658959723,5127230,5127407,177,completed,-13
Greedy,2388,3658959723,5127330,5127675,345,completed,-13
Greedy,2389,3658959723,5127525,5127864,339,completed,-13
Greedy,2390,3658959723,5127625,5127967,342,completed,-13
Greedy,2391,3658959723,5127725,5128070,345,completed,-13
Greedy,2392,3658959723,5127829,5128173,344,completed,-13
Greedy,2393,3658959723,5127933,5128276,343,completed,-13
Greedy,2394,3658959723,5128033,5128379,346,completed,-13
Greedy,2395,3658959723,5128133,5128482,349,completed,-13
Greedy,2396,3658959723,5128233,5128583,350,completed,-13
Greedy,2399,3037662008,5128638,5128782,144,completed,-29
Greedy,2397,3658959723,5128333,5128690,357,completed,-13
Greedy,2398,3658959723,5128538,5128792,254,completed,-13
Greedy,2400,3037662008,5128738,5128892,154,completed,-29
Greedy,2401,3037662008,5128838,5128995,157,completed,-29
Greedy,2402,3037662008,5128938,5129098,160,completed,-29
Greedy,2403,3037662008,5129038,5129201,163,completed,-29
Greedy,2404,3037662008,5129138,5129304,166,completed,-29
Greedy,2405,3037662008,5129238,5129407,169,completed,-29
Greedy,2406,3037662008,5129529,5129675,146,completed,-29
Greedy,2407,3037662008,5129629,5129778,149,completed,-29
Greedy,2408,3037662008,5129729,5129881,152,completed,-29
Greedy,2409,3037662008,5129829,5129984,155,completed,-29
Greedy,2410,3037662008,5129929,5130087,158,completed,-29
Greedy,2411,3037662008,5130029,5130190,161,completed,-29
Greedy,2412,3037662008,5130129,5130293,164,completed,-29
Greedy,2413,3037662008,5130229,5130396,167,completed,-31
Greedy,2414,3037662008,5130329,5130677,348,completed,-31
Greedy,2415,3658959723,5130539,5130690,151,completed,-13
Greedy,2416,3658959723,5130639,5130809,170,completed,-13
Greedy,2417,3658959723,5130739,5130911,172,completed,-13
Greedy,2418,3658959723,5130839,5131014,175,completed,-13
Greedy,2419,3658959723,5130939,5131117,178,completed,-13
Greedy,2420,3658959723,5131039,5131220,181,completed,-13
Greedy,2421,3658959723,5131139,5131323,184,completed,-13
Greedy,2422,3658959723,5131239,5131425,186,completed,-13
Greedy,2423,3658959723,5131536,5131689,153,completed,-13
Greedy,2424,3658959723,5131636,5131798,162,completed,-13
Greedy,2425,3658959723,5131736,5131908,172,completed,-13
Greedy,2426,3658959723,5131836,5132011,175,completed,-13
Greedy,2427,3658959723,5131936,5132114,178,completed,-13
Greedy,2428,3658959723,5132036,5132217,181,completed,-13
Greedy,2429,3658959723,5132136,5132320,184,completed,-13
Greedy,2430,3658959723,5132236,5132423,187,completed,-13
Greedy,2433,3037662008,5132638,5132783,145,completed,-29
Greedy,2431,3658959723,5132336,5132527,191,completed,-15
Greedy,2432,3658959723,5132538,5132690,152,completed,-15
Greedy,2434,3037662008,5132738,5132886,148,completed,-29
Greedy,2435,3037662008,5132838,5132989,151,completed,-29
Greedy,2436,3037662008,5132938,5133092,154,completed,-29
Greedy,2437,3037662008,5133038,5133195,157,completed,-29
Greedy,2438,3037662008,5133138,5133298,160,completed,-29
Greedy,2439,3037662008,5133238,5133401,163,completed,-29
Greedy,2440,3037662008,5133338,5133678,340,completed,-29
Greedy,2441,3037662008,5133536,5133781,245,completed,-29
Greedy,2442,3658959723,5135749,5136310,561,completed,-13
Greedy,2443,3658959723,5135949,5136862,913,completed,-13
Greedy,2444,3658959723,5136049,5136964,915,completed,-13
Greedy,2445,3658959723,5136149,5137136,987,completed,-13
Greedy,2446,3658959723,5136249,5137411,1162,completed,-13
Greedy,2447,3658959723,5136349,5137686,1337,completed,-13
Greedy,2448,3658959723,5136449,5138098,1649,completed,-13
Greedy,2449,3658959723,5136549,5138200,1651,completed,-13
Greedy,2450,3658959723,5136649,5138303,1654,completed,-13
Greedy,2451,3658959723,5136749,5138407,1658,completed,-13
Greedy,2452,3658959723,5136944,5138515,1571,completed,-15
Greedy,2468,3037662008,5138660,5138805,145,completed,-33
Greedy,2453,3658959723,5137044,5138616,1572,completed,-15
Greedy,2454,3658959723,5137147,5138718,1571,completed,-15
Greedy,2469,3037662008,5138955,5139105,150,completed,-33
Greedy,2470,3037662008,5139055,5139214,159,completed,-33
Greedy,2455,3658959723,5137247,5138820,1573,completed,-15
Greedy,2456,3658959723,5137347,5138921,1574,completed,-15
Greedy,2457,3658959723,5137447,5139022,1575,completed,-15
Greedy,2458,3658959723,5137547,5139124,1577,completed,-15
Greedy,2459,3658959723,5137647,5139226,1579,completed,-15
Greedy,2471,3037662008,5139155,5139323,168,completed,-33
Greedy,2472,3037662008,5139255,5139426,171,completed,-33
Greedy,2460,3658959723,5137747,5139327,1580,completed,-15
Greedy,2473,3037662008,5139355,5139529,174,completed,-33
Greedy,2474,3037662008,5139455,5139632,177,completed,-33
Greedy,2475,3037662008,5139555,5139735,180,completed,-33
Greedy,2476,3037662008,5139655,5139838,183,completed,-33
Greedy,2461,3658959723,5137954,5139428,1474,completed,-15
Greedy,2462,3658959723,5138054,5139530,1476,completed,-15
Greedy,2463,3658959723,5138154,5139632,1478,completed,-15
Greedy,2477,3037662008,5139755,5140094,339,completed,-33
Greedy,2478,3037662008,5139959,5140197,238,completed,-33
Greedy,2479,3037662008,5140059,5140300,241,completed,-33
Greedy,2464,3658959723,5138260,5139733,1473,completed,-15
Greedy,2465,3658959723,5138360,5139834,1474,completed,-15
Greedy,2466,3658959723,5138460,5139936,1476,completed,-15
Greedy,2467,3658959723,5138560,5140037,1477,completed,-15
Greedy,2480,3037662008,5140159,5140403,244,completed,-33
Greedy,2482,3658959723,5140359,5140512,153,completed,-13
Greedy,2483,3658959723,5140459,5140613,154,completed,-13
Greedy,2481,3037662008,5140259,5140504,245,completed,-33
Greedy,2484,3658959723,5140559,5140719,160,completed,-13
Greedy,2485,3658959723,5140659,5140821,162,completed,-13
Greedy,2486,3658959723,5140759,5141105,346,completed,-13
Greedy,2487,3658959723,5140955,5141208,253,completed,-13
Greedy,2488,3658959723,5141055,5141311,256,completed,-13
Greedy,2489,3658959723,5141155,5141414,259,completed,-13
Greedy,2490,3658959723,5141255,5141517,262,completed,-13
Greedy,2491,3658959723,5141355,5141620,265,completed,-13
Greedy,2492,3658959723,5141455,5141723,268,completed,-13
Greedy,2493,3658959723,5141555,5141826,271,completed,-13
Greedy,2494,3658959723,5141655,5141929,274,completed,-13
Greedy,2495,3658959723,5141755,5142031,276,completed,-13
Greedy,2496,3658959723,5141962,5142133,171,completed,-13
Greedy,2497,3658959723,5142062,5142236,174,completed,-13
Greedy,2498,3658959723,5142162,5142339,177,completed,-13
Greedy,2500,3037662008,5142362,5142506,144,completed,-39
Greedy,2501,3037662008,5142462,5142615,153,completed,-39
Greedy,2502,3037662008,5142562,5142718,156,completed,-39
Greedy,2499,3658959723,5142262,5142442,180,completed,-13
Greedy,2503,3037662008,5142662,5142821,159,completed,-39
Greedy,2504,3037662008,5142762,5143103,341,completed,-39
Greedy,2505,3037662008,5142957,5143206,249,completed,-39
Greedy,2506,3037662008,5143057,5143309,252,completed,-39
Greedy,2507,3037662008,5143157,5143412,255,completed,-39
Greedy,2508,3037662008,5143257,5143515,258,completed,-39
Greedy,2509,3037662008,5143357,5143618,261,completed,-39
Greedy,2510,3037662008,5143457,5143721,264,completed,-39
Greedy,2511,3037662008,5143557,5143824,267,completed,-39
Greedy,2512,3037662008,5143657,5143927,270,completed,-39
Greedy,2513,3037662008,5143757,5144029,272,completed,-39
Greedy,2514,3037662008,5143964,5144131,167,completed,-39
Greedy,2515,3037662008,5144064,5144235,171,completed,-39
Greedy,2516,3037662008,5144164,5144338,174,completed,-39
Greedy,2517,3037662008,5144264,5144441,177,completed,-41
Greedy,2518,3037662008,5144364,5144543,179,completed,-41
Greedy,2519,3658959723,5144464,5144615,151,completed,-11
Greedy,2520,3658959723,5144564,5144718,154,completed,-11
Greedy,2521,3658959723,5144664,5144821,157,completed,-11
Greedy,2522,3658959723,5144764,5145110,346,completed,-11
Greedy,2523,3658959723,5144959,5145213,254,completed,-11
Greedy,2524,3658959723,5145059,5145316,257,completed,-11
Greedy,2525,3658959723,5145159,5145419,260,completed,-11
Greedy,2526,3658959723,5145259,5145522,263,completed,-11
Greedy,2527,3658959723,5145359,5145625,266,completed,-11
Greedy,2528,3658959723,5145459,5145728,269,completed,-11
Greedy,2529,3658959723,5145559,5145831,272,completed,-11
Greedy,2530,3658959723,5145659,5145933,274,completed,-11
Greedy,2531,3658959723,5145759,5146034,275,completed,-11
Greedy,2532,3658959723,5145966,5146143,177,completed,-11
Greedy,2533,3658959723,5146066,5146246,180,completed,-11
Greedy,2534,3658959723,5146166,5146349,183,completed,-11
Greedy,2535,3658959723,5146266,5146452,186,completed,-14
Greedy,2537,3037662008,5146466,5146610,144,completed,-40
Greedy,2538,3037662008,5146566,5146719,153,completed,-40
Greedy,2539,3037662008,5146666,5146822,156,completed,-40
Greedy,2536,3658959723,5146366,5146553,187,completed,-14
Greedy,2540,3037662008,5146766,5146925,159,completed,-40
Greedy,2541,3037662008,5146970,5147124,154,completed,-40
Greedy,2542,3037662008,5147070,5147241,171,completed,-40
Greedy,2543,3037662008,5147170,5147344,174,completed,-40
Greedy,2544,3037662008,5147270,5147447,177,completed,-40
Greedy,2545,3037662008,5147370,5147550,180,completed,-40
Greedy,2546,3037662008,5147470,5147653,183,completed,-40
Greedy,2547,3037662008,5147570,5147756,186,completed,-40
Greedy,2548,3037662008,5147670,5147859,189,completed,-40
Greedy,2549,3037662008,5147770,5148109,339,completed,-40
Greedy,2550,3037662008,5147971,5148212,241,completed,-40
Greedy,2551,3037662008,5148071,5148316,245,completed,-40
Greedy,2552,3037662008,5148171,5148418,247,completed,-43
Greedy,2555,3658959723,5148471,5148622,151,completed,-11
Greedy,2556,3658959723,5148571,5148735,164,completed,-11
Greedy,2557,3658959723,5148671,5148838,167,completed,-11
Greedy,2553,3037662008,5148271,5148520,249,completed,-43
Greedy,2554,3037662008,5148371,5148622,251,completed,-43
Greedy,2558,3658959723,5148771,5149144,373,completed,-11
Greedy,2559,3658959723,5148967,5149387,420,completed,-11
Greedy,2560,3658959723,5149074,5149496,422,completed,-11
Greedy,2561,3658959723,5149174,5149606,432,completed,-11
Greedy,2562,3658959723,5149274,5149709,435,completed,-11
Greedy,2563,3658959723,5149374,5149812,438,completed,-11
Greedy,2564,3658959723,5149474,5149915,441,completed,-11
Greedy,2565,3658959723,5149574,5150018,444,completed,-11
Greedy,2566,3658959723,5149674,5150124,450,completed,-11
Greedy,2567,3658959723,5149778,5150227,449,completed,-11
Greedy,2568,3658959723,5149978,5150330,352,completed,-11
Greedy,2569,3658959723,5150083,5150437,354,completed,-12
Greedy,2573,3037662008,5150483,5150627,144,completed,-40
Greedy,2574,3037662008,5150583,5150736,153,completed,-40
Greedy,2575,3037662008,5150683,5150845,162,completed,-40
Greedy,2570,3658959723,5150183,5150538,355,completed,-12
Greedy,2571,3658959723,5150283,5150639,356,completed,-12
Greedy,2576,3037662008,5150982,5151135,153,completed,-40
Greedy,2572,3658959723,5150383,5150741,358,completed,-12
Greedy,2577,3037662008,5153190,5153538,348,completed,-39
Greedy,2578,3037662008,5153395,5153788,393,completed,-39
Greedy,2579,3037662008,5153495,5153897,402,completed,-39
Greedy,2582,3658959723,5153795,5153945,150,completed,-12
Greedy,2580,3037662008,5153595,5154006,411,completed,-39
Greedy,2583,3658959723,5153895,5154055,160,completed,-12
Greedy,2584,3658959723,5153995,5154158,163,completed,-12
Greedy,2581,3037662008,5153695,5154109,414,completed,-39
Greedy,2585,3658959723,5154095,5154261,166,completed,-12
Greedy,2586,3658959723,5154391,5154543,152,completed,-14
Greedy,2587,3658959723,5154491,5154652,161,completed,-14
Greedy,2588,3658959723,5154591,5154755,164,completed,-14
Greedy,2589,3658959723,5154691,5154858,167,completed,-14
Greedy,2590,3658959723,5154791,5154960,169,completed,-14
Greedy,2591,3658959723,5154891,5155063,172,completed,-14
Greedy,2592,3658959723,5154991,5155166,175,completed,-14
Greedy,2593,3658959723,5155101,5155269,168,completed,-14
Greedy,2594,3658959723,5155389,5155734,345,completed,-14
Greedy,2595,3658959723,5155489,5155843,354,completed,-14
Greedy,2596,3658959723,5155589,5155952,363,completed,-14
Greedy,2597,3658959723,5155689,5156055,366,completed,-14
Greedy,2598,3658959723,5155789,5156158,369,completed,-14
Greedy,2599,3658959723,5155889,5156261,372,completed,-14
Greedy,2600,3658959723,5155989,5156364,375,completed,-14
Greedy,2601,3658959723,5156089,5156465,376,completed,-13
Greedy,2604,3037662008,5156498,5156642,144,completed,-39
Greedy,2602,3658959723,5156189,5156567,378,completed,-13
Greedy,2605,3037662008,5156598,5156758,160,completed,-39
Greedy,2606,3037662008,5156698,5156865,167,completed,-39
Greedy,2603,3658959723,5156398,5156669,271,completed,-13
Greedy,2607,3037662008,5156798,5156968,170,completed,-39
Greedy,2608,3037662008,5156898,5157071,173,completed,-39
Greedy,2609,3037662008,5156998,5157174,176,completed,-39
Greedy,2610,3037662008,5157098,5157277,179,completed,-39
Greedy,2611,3037662008,5157198,5157538,340,completed,-39
Greedy,2612,3037662008,5157399,5157641,242,completed,-39
Greedy,2613,3037662008,5157499,5157744,245,completed,-39
Greedy,2614,3037662008,5157599,5157847,248,completed,-39
Greedy,2615,3037662008,5157699,5157950,251,completed,-39
Greedy,2616,3037662008,5157799,5158053,254,completed,-39
Greedy,2617,3037662008,5157899,5158156,257,completed,-39
Greedy,2618,3037662008,5157999,5158259,260,completed,-39
Greedy,2619,3037662008,5158099,5158362,263,completed,-39
Greedy,2620,3037662008,5158199,5158538,339,completed,-44
Greedy,2622,3658959723,5158501,5158651,150,completed,-12
Greedy,2623,3658959723,5158601,5158760,159,completed,-12
Greedy,2621,3037662008,5158401,5158641,240,completed,-44
Greedy,2624,3658959723,5158701,5158863,162,completed,-12
Greedy,2625,3658959723,5158801,5158966,165,completed,-12
Greedy,2626,3658959723,5158901,5159069,168,completed,-12
Greedy,2627,3658959723,5159001,5159172,171,completed,-12
Greedy,2628,3658959723,5159101,5159284,183,completed,-12
Greedy,2629,3658959723,5159201,5159545,344,completed,-12
Greedy,2630,3658959723,5159401,5159648,247,completed,-12
Greedy,2631,3658959723,5159501,5159751,250,completed,-12
Greedy,2632,3658959723,5159601,5159854,253,completed,-12
Greedy,2633,3658959723,5159701,5159957,256,completed,-12
Greedy,2634,3658959723,5159801,5160060,259,completed,-12
Greedy,2635,3658959723,5159901,5160163,262,completed,-12
Greedy,2636,3658959723,5160001,5160265,264,completed,-12
Greedy,2637,3658959723,5160101,5160368,267,completed,-12
Greedy,2640,3037662008,5160503,5160647,144,completed,-39
Greedy,2638,3658959723,5160201,5160470,269,completed,-13
Greedy,2641,3037662008,5160603,5160751,148,completed,-39
Greedy,2642,3037662008,5160703,5160854,151,completed,-39
Greedy,2643,3037662008,5160803,5160957,154,completed,-39
Greedy,2639,3658959723,5160403,5160572,169,completed,-13
Greedy,2644,3037662008,5160903,5161060,157,completed,-39
Greedy,2645,3037662008,5161003,5161163,160,completed,-39
Greedy,2646,3037662008,5161103,5161266,163,completed,-39
Greedy,2647,3037662008,5161203,5161542,339,completed,-39
Greedy,2648,3037662008,5161404,5161652,248,completed,-39
Greedy,2649,3037662008,5161504,5161755,251,completed,-39
Greedy,2650,3037662008,5161604,5161858,254,completed,-39
Greedy,2651,3037662008,5161704,5161961,257,completed,-39
Greedy,2652,3037662008,5161804,5162064,260,completed,-39
Greedy,2653,3037662008,5161904,5162167,263,completed,-39
Greedy,2654,3037662008,5162004,5162270,266,completed,-39
Greedy,2655,3037662008,5162104,5162373,269,completed,-39
Greedy,2656,3037662008,5162204,5162544,340,completed,-41
Greedy,2658,3658959723,5162505,5162655,150,completed,-11
Greedy,2657,3037662008,5162405,5162647,242,completed,-41
Greedy,2659,3658959723,5162605,5162758,153,completed,-11
Greedy,2660,3658959723,5162705,5162861,156,completed,-11
Greedy,2661,3658959723,5162805,5162964,159,completed,-11
Greedy,2662,3658959723,5162905,5163066,161,completed,-11
Greedy,2663,3658959723,5163005,5163169,164,completed,-11
Greedy,2664,3658959723,5163105,5163272,167,completed,-11
Greedy,2665,3658959723,5163205,5163549,344,completed,-11
Greedy,2666,3658959723,5163405,5163659,254,completed,-11
Greedy,2667,3658959723,5163505,5163762,257,completed,-11
Greedy,2668,3658959723,5163605,5163865,260,completed,-11
Greedy,2669,3658959723,5163705,5163967,262,completed,-11
Greedy,2670,3658959723,5163805,5164070,265,completed,-11
Greedy,2671,3658959723,5163905,5164173,268,completed,-11
Greedy,2672,3658959723,5164005,5164276,271,completed,-11
Greedy,2673,3658959723,5164105,5164379,274,completed,-11
Greedy,2674,3658959723,5164205,5164480,275,completed,-15
Greedy,2677,3037662008,5164607,5164752,145,completed,-36
Greedy,2678,3037662008,5164707,5164861,154,completed,-36
Greedy,2679,3037662008,5164807,5164971,164,completed,-36
Greedy,2675,3658959723,5164407,5164581,174,completed,-15
Greedy,2676,3658959723,5164507,5164682,175,completed,-15
Greedy,2680,3037662008,5164907,5165074,167,completed,-36
Greedy,2681,3037662008,5165007,5165177,170,completed,-36
Greedy,2682,3037662008,5165107,5165280,173,completed,-36
Greedy,2683,3037662008,5165207,5165546,339,completed,-36
Greedy,2684,3037662008,5165409,5165649,240,completed,-36
Greedy,2685,3037662008,5165509,5165756,247,completed,-36
Greedy,2686,3037662008,5165609,5165859,250,completed,-36
Greedy,2687,3037662008,5165709,5165962,253,completed,-36
Greedy,2688,3037662008,5165809,5166065,256,completed,-36
Greedy,2689,3037662008,5165909,5166168,259,completed,-36
Greedy,2690,3037662008,5166009,5166271,262,completed,-36
Greedy,2691,3037662008,5166109,5166374,265,completed,-36
Greedy,2692,3037662008,5166209,5166552,343,completed,-44
Greedy,2693,3658959723,5166412,5166564,152,completed,-12
Greedy,2694,3658959723,5166512,5166667,155,completed,-12
Greedy,2695,3658959723,5166612,5166769,157,completed,-12
Greedy,2696,3658959723,5166712,5166872,160,completed,-12
Greedy,2697,3658959723,5166812,5166975,163,completed,-12
Greedy,2698,3658959723,5166912,5167078,166,completed,-12
Greedy,2699,3658959723,5167012,5167181,169,completed,-12
Greedy,2700,3658959723,5167112,5167290,178,completed,-12
Greedy,2701,3658959723,5167212,5167557,345,completed,-12
Greedy,2702,3658959723,5167414,5167666,252,completed,-12
Greedy,2703,3658959723,5167514,5167769,255,completed,-12
Greedy,2704,3658959723,5167614,5167872,258,completed,-12
Greedy,2705,3658959723,5167714,5167975,261,completed,-12
Greedy,2706,3658959723,5167814,5168078,264,completed,-12
Greedy,2707,3658959723,5167914,5168181,267,completed,-12
Greedy,2708,3658959723,5168014,5168284,270,completed,-12
Greedy,2709,3658959723,5168114,5168387,273,completed,-12
Greedy,2710,3658959723,5168214,5168560,346,completed,-12
Greedy,2711,3658959723,5168416,5168663,247,completed,-12
Greedy,2712,3658959723,5170622,5170967,345,completed,-11
Greedy,2713,3658959723,5170837,5171068,231,completed,-11
Greedy,2714,3658959723,5170937,5171259,322,completed,-11
Greedy,2715,3658959723,5171037,5171534,497,completed,-11
Greedy,2716,3658959723,5171137,5171967,830,completed,-11
Greedy,2717,3658959723,5171237,5172085,848,completed,-11
Greedy,2718,3658959723,5171337,5172187,850,completed,-11
Greedy,2719,3658959723,5171437,5172358,921,completed,-11
Greedy,2720,3658959723,5171537,5172634,1097,completed,-11
Greedy,2721,3658959723,5171820,5172968,1148,completed,-11
Greedy,2722,3658959723,5171920,5173187,1267,completed,-11
Greedy,2723,3658959723,5172020,5173293,1273,completed,-11
Greedy,2724,3658959723,5172120,5173396,1276,completed,-11
Greedy,2725,3658959723,5172220,5173499,1279,completed,-11
Greedy,2726,3658959723,5172320,5173602,1282,completed,-11
Greedy,2727,3658959723,5172420,5173706,1286,completed,-11
Greedy,2728,3658959723,5172520,5173809,1289,completed,-11
Greedy,2729,3658959723,5172620,5173910,1290,completed,-11
Greedy,2730,3658959723,5172821,5174013,1192,completed,-11
Greedy,2731,3658959723,5172921,5174116,1195,completed,-11
Greedy,2732,3658959723,5173021,5174219,1198,completed,-11
Greedy,2733,3658959723,5173121,5174322,1201,completed,-11
Greedy,2734,3658959723,5173221,5174425,1204,completed,-11
Greedy,2735,3658959723,5173321,5174528,1207,completed,-14
Greedy,2736,3658959723,5173421,5174630,1209,completed,-14
Greedy,2746,3037662008,5174527,5174671,144,completed,-31
Greedy,2737,3658959723,5173521,5174732,1211,completed,-14
Greedy,2738,3658959723,5173621,5174834,1213,completed,-14
Greedy,2747,3037662008,5174629,5174987,358,completed,-31
Greedy,2748,3037662008,5174835,5175097,262,completed,-31
Greedy,2739,3658959723,5173827,5174935,1108,completed,-14
Greedy,2749,3037662008,5174935,5175200,265,completed,-31
Greedy,2750,3037662008,5175035,5175303,268,completed,-31
Greedy,2751,3037662008,5175135,5175406,271,completed,-31
Greedy,2740,3658959723,5173927,5175037,1110,completed,-14
Greedy,2752,3037662008,5175235,5175509,274,completed,-31
Greedy,2753,3037662008,5175335,5175612,277,completed,-31
Greedy,2741,3658959723,5174027,5175139,1112,completed,-14
Greedy,2742,3658959723,5174127,5175241,1114,completed,-14
Greedy,2754,3037662008,5175435,5175715,280,completed,-31
Greedy,2755,3037662008,5175535,5175818,283,completed,-31
Greedy,2743,3658959723,5174227,5175343,1116,completed,-14
Greedy,SUMMARY,ALL,0,0,120000,batch_complete,0
----------------,---,---,---,---,---,----------------,---
Greedy,2756,3037662008,5175829,5175976,147,completed,-31
Greedy,2744,3658959723,5174327,5175444,1117,completed,-14
Greedy,2745,3658959723,5174427,5175546,1119,completed,-14
Greedy,2757,3658959723,5185543,5185696,153,completed,-10
Greedy,2758,3658959723,5185841,5185994,153,completed,-10
Greedy,2759,3658959723,5188055,5188479,424,completed,-10
Greedy,2760,3658959723,5188261,5188589,328,completed,-10
Greedy,2762,3037662008,5188461,5188606,145,completed,-30
Greedy,2761,3658959723,5188361,5188699,338,completed,-10
Greedy,2763,3037662008,5188561,5188715,154,completed,-30
Greedy,2764,3037662008,5188662,5188824,162,completed,-30
Greedy,2765,3037662008,5188762,5188927,165,completed,-30
Greedy,2766,3037662008,5188862,5189030,168,completed,-30
Greedy,2767,3037662008,5188962,5189133,171,completed,-30
Greedy,2768,3037662008,5189265,5189410,145,completed,-30
Greedy,2769,3037662008,5189365,5189519,154,completed,-30
Greedy,2770,3037662008,5189465,5189629,164,completed,-30
Greedy,2771,3037662008,5189565,5189732,167,completed,-30
Greedy,2772,3037662008,5189671,5189835,164,completed,-30
Greedy,2773,3037662008,5189771,5189938,167,completed,-30
Greedy,2774,3037662008,5189871,5190041,170,completed,-30
Greedy,2775,3037662008,5189971,5190144,173,completed,-30
Greedy,2776,3037662008,5190264,5190413,149,completed,-35
Greedy,2777,3037662008,5190364,5190520,156,completed,-35
Greedy,2778,3658959723,5190464,5190615,151,completed,-11
Greedy,2779,3658959723,5190564,5190733,169,completed,-11
Greedy,2780,3658959723,5190664,5190842,178,completed,-11
Greedy,2781,3658959723,5190764,5190945,181,completed,-11
Greedy,2782,3658959723,5190864,5191048,184,completed,-11
Greedy,2783,3658959723,5190964,5191151,187,completed,-11
Greedy,2784,3658959723,5191263,5191414,151,completed,-11
Greedy,2785,3658959723,5191363,5191522,159,completed,-11
Greedy,2786,3658959723,5191463,5191639,176,completed,-11
Greedy,2787,3658959723,5191563,5191742,179,completed,-11
Greedy,2788,3658959723,5191663,5191845,182,completed,-11
Greedy,2789,3658959723,5191763,5191948,185,completed,-11
Greedy,2790,3658959723,5191863,5192051,188,completed,-11
Greedy,2791,3658959723,5191963,5192154,191,completed,-11
Greedy,2792,3658959723,5192266,5192419,153,completed,-11
Greedy,2793,3658959723,5192366,5192529,163,completed,-11
Greedy,2794,3037662008,5192466,5192611,145,completed,-30
Greedy,2795,3037662008,5192566,5192714,148,completed,-30
Greedy,2796,3037662008,5192666,5192817,151,completed,-30
Greedy,2797,3037662008,5192766,5192920,154,completed,-30
Greedy,2798,3037662008,5192866,5193023,157,completed,-30
Greedy,2799,3037662008,5192966,5193126,160,completed,-30
Greedy,2800,3037662008,5193264,5193410,146,completed,-30
Greedy,2801,3037662008,5193364,5193542,178,completed,-30
Greedy,2802,3037662008,5193464,5193651,187,completed,-30
Greedy,2803,3037662008,5193564,5193754,190,completed,-30
Greedy,2804,3037662008,5193664,5193857,193,completed,-30
Greedy,2805,3037662008,5193764,5193960,196,completed,-30
Greedy,2806,3037662008,5193864,5194063,199,completed,-30
Greedy,2807,3037662008,5193964,5194166,202,completed,-30
Greedy,2808,3037662008,5194064,5194403,339,completed,-30
Greedy,2811,3658959723,5194472,5194622,150,completed,-11
Greedy,2809,3037662008,5194271,5194506,235,completed,-33
Greedy,2810,3037662008,5194372,5194608,236,completed,-33
Greedy,2812,3658959723,5194572,5194737,165,completed,-11
Greedy,2813,3658959723,5194672,5194840,168,completed,-11
Greedy,2814,3658959723,5194772,5194943,171,completed,-11
Greedy,2815,3658959723,5194872,5195046,174,completed,-11
Greedy,2816,3658959723,5194972,5195149,177,completed,-11
Greedy,2817,3658959723,5195268,5195420,152,completed,-11
Greedy,2818,3658959723,5195368,5195523,155,completed,-11
Greedy,2819,3658959723,5195468,5195626,158,completed,-11
Greedy,2820,3658959723,5195568,5195729,161,completed,-11
Greedy,2821,3658959723,5195668,5195832,164,completed,-11
Greedy,2822,3658959723,5195768,5195935,167,completed,-11
Greedy,2823,3658959723,5195868,5196038,170,completed,-11
Greedy,2824,3658959723,5195968,5196140,172,completed,-11
Greedy,2825,3658959723,5196271,5196422,151,completed,-11
Greedy,2827,3037662008,5196471,5196616,145,completed,-34
Greedy,2826,3658959723,5196371,5196532,161,completed,-11
Greedy,2828,3037662008,5196571,5196719,148,completed,-34
Greedy,2829,3037662008,5196671,5196822,151,completed,-34
Greedy,2830,3037662008,5196771,5196925,154,completed,-34
Greedy,2831,3037662008,5196871,5197028,157,completed,-34
Greedy,2832,3037662008,5196971,5197131,160,completed,-34
Greedy,2833,3037662008,5197269,5197415,146,completed,-34
Greedy,2834,3037662008,5197369,5197518,149,completed,-34
Greedy,2835,3037662008,5197469,5197621,152,completed,-34
Greedy,2836,3037662008,5197569,5197724,155,completed,-34
Greedy,2837,3037662008,5197669,5197827,158,completed,-34
Greedy,2838,3037662008,5197769,5197930,161,completed,-34
Greedy,2839,3037662008,5197869,5198033,164,completed,-34
Greedy,2840,3037662008,5197969,5198136,167,completed,-34
Greedy,2841,3037662008,5198069,5198408,339,completed,-34
Greedy,2842,3037662008,5198277,5198520,243,completed,-33
Greedy,2844,3658959723,5198479,5198632,153,completed,-11
Greedy,2843,3037662008,5198379,5198623,244,completed,-33
Greedy,2845,3658959723,5198579,5198741,162,completed,-11
Greedy,2846,3658959723,5198679,5198844,165,completed,-11
Greedy,2847,3658959723,5198779,5198947,168,completed,-11
Greedy,2848,3658959723,5198879,5199050,171,completed,-11
Greedy,2849,3658959723,5198979,5199153,174,completed,-11
Greedy,2850,3658959723,5199275,5199427,152,completed,-11
Greedy,2851,3658959723,5199375,5199535,160,completed,-11
Greedy,2852,3658959723,5199475,5199638,163,completed,-11
Greedy,2853,3658959723,5199575,5199741,166,completed,-11
Greedy,2854,3658959723,5199675,5199844,169,completed,-11
Greedy,2855,3658959723,5199775,5199947,172,completed,-11
Greedy,2856,3658959723,5199875,5200050,175,completed,-11
Greedy,2857,3658959723,5199975,5200154,179,completed,-11
Greedy,2858,3658959723,5200277,5200429,152,completed,-11
Greedy,2859,3658959723,5200377,5200532,155,completed,-12
Greedy,2860,3658959723,5200477,5200635,158,completed,-12
Greedy,2861,3037662008,5200577,5200721,144,completed,-31
Greedy,2862,3037662008,5200677,5200831,154,completed,-31
Greedy,2863,3037662008,5200777,5200934,157,completed,-31
Greedy,2864,3037662008,5200877,5201037,160,completed,-31
Greedy,2865,3037662008,5200977,5201140,163,completed,-31
Greedy,2866,3037662008,5201278,5201424,146,completed,-31
Greedy,2867,3037662008,5201378,5201527,149,completed,-31
Greedy,2868,3037662008,5201478,5201630,152,completed,-31
Greedy,2869,3037662008,5201578,5201733,155,completed,-31
Greedy,2870,3037662008,5201678,5201836,158,completed,-31
Greedy,2871,3037662008,5201778,5201939,161,completed,-31
Greedy,2872,3037662008,5201878,5202042,164,completed,-31
Greedy,2873,3037662008,5201978,5202145,167,completed,-31
Greedy,2874,3037662008,5202278,5202423,145,completed,-33
Greedy,2875,3037662008,5202378,5202525,147,completed,-33
Greedy,2876,3658959723,5202478,5202629,151,completed,-11
Greedy,2877,3658959723,5202578,5202737,159,completed,-11
Greedy,2878,3658959723,5202678,5202840,162,completed,-11
Greedy,2879,3658959723,5202778,5202943,165,completed,-11
Greedy,2880,3658959723,5202878,5203046,168,completed,-11
Greedy,2881,3658959723,5202978,5203148,170,completed,-11
Greedy,2882,3658959723,5203278,5203430,152,completed,-11
Greedy,2883,3658959723,5205486,5205833,347,completed,-11
Greedy,2884,3658959723,5205683,5206058,375,completed,-11
Greedy,2885,3658959723,5205783,5206161,378,completed,-11
Greedy,2886,3658959723,5205883,5206264,381,completed,-11
Greedy,2887,3658959723,5205983,5206367,384,completed,-11
Greedy,2888,3658959723,5206088,5206470,382,completed,-11
Greedy,2889,3658959723,5206188,5206571,383,completed,-11
Greedy,2890,3658959723,5206288,5206673,385,completed,-11
Greedy,2893,3037662008,5206690,5206850,160,completed,-32
Greedy,2891,3658959723,5206388,5206774,386,completed,-11
Greedy,2894,3037662008,5206790,5207063,273,completed,-32
Greedy,2895,3037662008,5206890,5207166,276,completed,-32
Greedy,2892,3658959723,5206488,5206876,388,completed,-11
Greedy,2896,3037662008,5206990,5207269,279,completed,-32
Greedy,2897,3037662008,5207090,5207372,282,completed,-32
Greedy,2898,3037662008,5207190,5207475,285,completed,-32
Greedy,2899,3037662008,5207290,5207578,288,completed,-32
Greedy,2900,3037662008,5207390,5207681,291,completed,-32
Greedy,2901,3037662008,5207491,5207832,341,completed,-32
Greedy,2902,3037662008,5207693,5207939,246,completed,-32
Greedy,2903,3037662008,5207793,5208042,249,completed,-32
Greedy,2904,3037662008,5207893,5208145,252,completed,-32
Greedy,2905,3037662008,5207993,5208248,255,completed,-32
Greedy,2906,3037662008,5208093,5208350,257,completed,-32
Greedy,2907,3037662008,5208193,5208452,259,completed,-32
Greedy,2908,3037662008,5208293,5208834,541,completed,-32
Greedy,2910,3658959723,5208494,5208838,344,completed,-11
Greedy,2911,3658959723,5208695,5208941,246,completed,-11
Greedy,2912,3658959723,5208795,5209045,250,completed,-11
Greedy,2909,3037662008,5208393,5208937,544,completed,-32
Greedy,2913,3658959723,5208895,5209148,253,completed,-11
Greedy,2914,3658959723,5208995,5209251,256,completed,-11
Greedy,2915,3658959723,5209095,5209354,259,completed,-11
Greedy,2916,3658959723,5209195,5209456,261,completed,-11
Greedy,2917,3658959723,5209295,5209559,264,completed,-11
Greedy,2918,3658959723,5209395,5209662,267,completed,-11
Greedy,2919,3658959723,5209495,5209841,346,completed,-11
Greedy,2920,3658959723,5209697,5209944,247,completed,-11
Greedy,2921,3658959723,5209797,5210047,250,completed,-11
Greedy,2922,3658959723,5209897,5210151,254,completed,-11
Greedy,2923,3658959723,5209997,5210253,256,completed,-11
Greedy,2924,3658959723,5210097,5210356,259,completed,-11
Greedy,2925,3658959723,5210197,5210459,262,completed,-11
Greedy,2926,3658959723,5210297,5210562,265,completed,-10
Greedy,2927,3658959723,5210397,5210665,268,completed,-10
Greedy,2928,3037662008,5210497,5210844,347,completed,-35
Greedy,2929,3037662008,5210697,5210947,250,completed,-35
Greedy,2930,3037662008,5210797,5211050,253,completed,-35
Greedy,2931,3037662008,5210897,5211153,256,completed,-35
Greedy,2932,3037662008,5210997,5211256,259,completed,-35
Greedy,2933,3037662008,5211099,5211359,260,completed,-35
Greedy,2934,3037662008,5211199,5211462,263,completed,-35
Greedy,2935,3037662008,5211299,5211565,266,completed,-35
Greedy,2936,3037662008,5211399,5211668,269,completed,-35
Greedy,2937,3037662008,5211499,5211839,340,completed,-35
Greedy,2938,3037662008,5211701,5211942,241,completed,-35
Greedy,2939,3037662008,5211801,5212048,247,completed,-35
Greedy,2940,3037662008,5211901,5212151,250,completed,-35
Greedy,2941,3037662008,5212001,5212254,253,completed,-35
Greedy,2942,3037662008,5212101,5212357,256,completed,-35
Greedy,2943,3037662008,5212201,5212460,259,completed,-34
Greedy,2944,3037662008,5212301,5212562,261,completed,-34
Greedy,2945,3037662008,5212401,5212665,264,completed,-34
Greedy,2946,3658959723,5212501,5212845,344,completed,-11
Greedy,2947,3658959723,5212701,5212953,252,completed,-11
Greedy,2948,3658959723,5212801,5213056,255,completed,-11
Greedy,2949,3658959723,5212901,5213158,257,completed,-11
Greedy,2950,3658959723,5213001,5213261,260,completed,-11
Greedy,2951,3658959723,5213101,5213364,263,completed,-11
Greedy,2952,3658959723,5213201,5213467,266,completed,-11
Greedy,2953,3658959723,5213301,5213570,269,completed,-11
Greedy,2954,3658959723,5213401,5213673,272,completed,-11
Greedy,2955,3658959723,5213501,5213847,346,completed,-11
Greedy,2956,3658959723,5213703,5213950,247,completed,-11
Greedy,2957,3658959723,5213803,5214053,250,completed,-11
Greedy,2958,3658959723,5213903,5214156,253,completed,-11
Greedy,2959,3658959723,5214003,5214259,256,completed,-11
Greedy,2960,3658959723,5214103,5214361,258,completed,-11
Greedy,2961,3658959723,5214203,5214464,261,completed,-11
Greedy,2962,3658959723,5214303,5214568,265,completed,-12
Greedy,2963,3658959723,5214403,5214671,268,completed,-12
Greedy,2964,3037662008,5214503,5214847,344,completed,-30
Greedy,2965,3037662008,5214703,5214950,247,completed,-30
Greedy,2966,3037662008,5214803,5215053,250,completed,-30
Greedy,2967,3037662008,5214903,5215157,254,completed,-30
Greedy,2968,3037662008,5215003,5215260,257,completed,-30
Greedy,2969,3037662008,5215104,5215362,258,completed,-30
Greedy,2970,3037662008,5215204,5215465,261,completed,-30
Greedy,2971,3037662008,5215304,5215568,264,completed,-30
Greedy,2972,3037662008,5215404,5215671,267,completed,-30
Greedy,2973,3037662008,5215504,5215844,340,completed,-30
Greedy,2974,3037662008,5215705,5215951,246,completed,-30
Greedy,2975,3037662008,5215805,5216054,249,completed,-30
Greedy,2976,3037662008,5215905,5216157,252,completed,-30
Greedy,2977,3037662008,5216005,5216260,255,completed,-30
Greedy,2978,3037662008,5216105,5216363,258,completed,-30
Greedy,2982,3658959723,5216505,5216656,151,completed,-10
Greedy,2979,3037662008,5216205,5216466,261,completed,-34
Greedy,2980,3037662008,5216305,5216568,263,completed,-34
Greedy,2981,3037662008,5216405,5216669,264,completed,-34
Greedy,2983,3658959723,5216724,5216876,152,completed,-10
Greedy,2984,3658959723,5216824,5216979,155,completed,-10
Greedy,2985,3658959723,5216924,5217081,157,completed,-10
Greedy,2986,3658959723,5217024,5217184,160,completed,-10
Greedy,2987,3658959723,5217129,5217287,158,completed,-10
Greedy,2988,3658959723,5217229,5217390,161,completed,-10
Greedy,2989,3658959723,5217329,5217493,164,completed,-10
Greedy,2990,3658959723,5217429,5217596,167,completed,-10
Greedy,2991,3658959723,5217705,5217858,153,completed,-10
Greedy,2992,3658959723,5217805,5217961,156,completed,-10
Greedy,2993,3658959723,5217905,5218064,159,completed,-10
Greedy,2994,3658959723,5218005,5218167,162,completed,-10
Greedy,2995,3658959723,5218105,5218270,165,completed,-10
Greedy,2996,3658959723,5218205,5218373,168,completed,-10
Greedy,2997,3658959723,5218305,5218476,171,completed,-12
Greedy,2998,3658959723,5218405,5218579,174,completed,-12
Greedy,2999,3658959723,5218505,5218682,177,completed,-12
Greedy,3000,3658959723,5218708,5218861,153,completed,-12
Greedy,3001,3658959723,5218808,5218963,155,completed,-12
Greedy,3002,3658959723,5218908,5219065,157,completed,-12
Greedy,3003,3658959723,5219008,5219168,160,completed,-12
Greedy,3004,3658959723,5219108,5219283,175,completed,-12
Greedy,3005,3658959723,5219208,5219385,177,completed,-12
Greedy,3006,3658959723,5219308,5219488,180,completed,-12
Greedy,3007,3658959723,5219408,5219591,183,completed,-12
Greedy,3008,3658959723,5219508,5219854,346,completed,-12
Greedy,3009,3658959723,5219710,5219957,247,completed,-12
Greedy,3010,3658959723,5219810,5220059,249,completed,-12
Greedy,3011,3658959723,5219910,5220162,252,completed,-12
Greedy,3012,3658959723,5220010,5220265,255,completed,-12
Greedy,3013,3658959723,5220110,5220368,258,completed,-12
Greedy,3014,3658959723,5220210,5220471,261,completed,-13
Greedy,3015,3658959723,5220310,5220573,263,completed,-13
Greedy,3016,3658959723,5220410,5220675,265,completed,-13
Greedy,3017,3658959723,5220510,5220857,347,completed,-13
Greedy,3018,3658959723,5220708,5220959,251,completed,-13
Greedy,3019,3658959723,5222923,5223267,344,completed,-12
Greedy,3020,3658959723,5223125,5223755,630,completed,-12
Greedy,3021,3658959723,5223225,5224030,805,completed,-12
Greedy,3022,3658959723,5223325,5224327,1002,completed,-12
Greedy,3023,3658959723,5223425,5224429,1004,completed,-12
Greedy,3024,3658959723,5223525,5224557,1032,completed,-11
Greedy,3025,3658959723,5223625,5224830,1205,completed,-11
Greedy,3026,3658959723,5223725,5225275,1550,completed,-11
Greedy,3027,3658959723,5223825,5225378,1553,completed,-11
Greedy,3028,3658959723,5223925,5225481,1556,completed,-11
Greedy,3029,3658959723,5224128,5225584,1456,completed,-11
Greedy,3030,3658959723,5224228,5225687,1459,completed,-11
Greedy,3031,3658959723,5224328,5225790,1462,completed,-11
Greedy,3032,3658959723,5224428,5225893,1465,completed,-11
Greedy,3033,3658959723,5224528,5225996,1468,completed,-11
Greedy,3034,3658959723,5224628,5226099,1471,completed,-11
Greedy,3035,3658959723,5224728,5226201,1473,completed,-11
Greedy,3036,3658959723,5224828,5226303,1475,completed,-11
Greedy,3037,3658959723,5224928,5226405,1477,completed,-11
Greedy,3038,3658959723,5225138,5226506,1368,completed,-12
Greedy,3039,3658959723,5225238,5226609,1371,completed,-12
Greedy,3040,3658959723,5225342,5226712,1370,completed,-12
Greedy,3041,3658959723,5225447,5226815,1368,completed,-12
Greedy,3042,3658959723,5225548,5226918,1370,completed,-12
Greedy,3043,3658959723,5225652,5227021,1369,completed,-12
Greedy,3044,3658959723,5225754,5227124,1370,completed,-12
Greedy,3045,3658959723,5225857,5227226,1369,completed,-12
Greedy,3046,3658959723,5226140,5227329,1189,completed,-12
Greedy,3047,3658959723,5226240,5227432,1192,completed,-12
Greedy,3048,3658959723,5226340,5227535,1195,completed,-12
Greedy,3049,3658959723,5226440,5227638,1198,completed,-12
Greedy,3050,3658959723,5226540,5227741,1201,completed,-12
Greedy,3051,3658959723,5226640,5227844,1204,completed,-12
Greedy,3052,3658959723,5226740,5227947,1207,completed,-12
Greedy,3053,3658959723,5226840,5228050,1210,completed,-12
Greedy,3054,3658959723,5227139,5228153,1014,completed,-12
Greedy,3055,3658959723,5227239,5228255,1016,completed,-12
Greedy,3056,3658959723,5227339,5228357,1018,completed,-12
Greedy,3057,3658959723,5227439,5228459,1020,completed,-12
Greedy,3058,3658959723,5227539,5228562,1023,completed,-13
Greedy,3059,3658959723,5227639,5228665,1026,completed,-13
Greedy,3060,3658959723,5227739,5228768,1029,completed,-13
Greedy,3061,3658959723,5227839,5228871,1032,completed,-13
Greedy,3062,3658959723,5228137,5228974,837,completed,-13
Greedy,3063,3658959723,5228237,5229081,844,completed,-13
Greedy,3064,3658959723,5228337,5229185,848,completed,-13
Greedy,3065,3658959723,5228437,5229287,850,completed,-13
Greedy,3066,3658959723,5228537,5229388,851,completed,-13
Greedy,3067,3658959723,5228637,5229490,853,completed,-13
Greedy,3068,3658959723,5228737,5229593,856,completed,-13
Greedy,3069,3658959723,5228837,5229696,859,completed,-13
Greedy,3070,3658959723,5229132,5229799,667,completed,-13
Greedy,3071,3658959723,5229232,5229902,670,completed,-13
Greedy,3072,3658959723,5229332,5230005,673,completed,-13
Greedy,3073,3658959723,5229432,5230108,676,completed,-13
Greedy,3074,3658959723,5229532,5230210,678,completed,-13
Greedy,3075,3658959723,5229632,5230312,680,completed,-13
Greedy,3076,3658959723,5229732,5230414,682,completed,-13
Greedy,3077,3658959723,5229832,5230516,684,completed,-12
Greedy,3078,3658959723,5229932,5230619,687,completed,-12
Greedy,3079,3658959723,5230142,5230722,580,completed,-12
Greedy,3080,3658959723,5230242,5230825,583,completed,-12
Greedy,3081,3658959723,5230342,5230928,586,completed,-12
Greedy,3082,3658959723,5230442,5231031,589,completed,-12
Greedy,3083,3658959723,5230542,5231134,592,completed,-12
Greedy,3084,3658959723,5230642,5231236,594,completed,-12
Greedy,3085,3658959723,5230742,5231338,596,completed,-12
Greedy,3086,3658959723,5230842,5231440,598,completed,-12
Greedy,3087,3658959723,5231143,5231543,400,completed,-12
Greedy,3088,3658959723,5231243,5231646,403,completed,-12
Greedy,3089,3658959723,5231343,5231749,406,completed,-12
Greedy,3090,3658959723,5231443,5231852,409,completed,-12
Greedy,3091,3658959723,5231543,5231955,412,completed,-12
Greedy,3092,3658959723,5231643,5232058,415,completed,-12
Greedy,3093,3658959723,5231743,5232161,418,completed,-12
Greedy,3094,3658959723,5231843,5232262,419,completed,-12
Greedy,3095,3658959723,5232141,5232365,224,completed,-12
Greedy,3096,3658959723,5232241,5232468,227,completed,-12
Greedy,3097,3658959723,5232341,5232571,230,completed,-11
Greedy,3098,3658959723,5232441,5232673,232,completed,-11
Greedy,3099,3658959723,5232541,5232775,234,completed,-11
Greedy,3100,3658959723,5232641,5232878,237,completed,-11
Greedy,3101,3658959723,5232741,5232981,240,completed,-11
Greedy,3102,3658959723,5232841,5233084,243,completed,-11
Greedy,3103,3658959723,5233146,5233298,152,completed,-11
Greedy,3104,3658959723,5233246,5233407,161,completed,-11
Greedy,3105,3658959723,5233346,5233510,164,completed,-11
Greedy,3106,3658959723,5233446,5233613,167,completed,-11
Greedy,3107,3658959723,5233546,5233715,169,completed,-11
Greedy,3108,3658959723,5233646,5233818,172,completed,-11
Greedy,3109,3658959723,5233746,5233921,175,completed,-11
Greedy,3110,3658959723,5233846,5234024,178,completed,-11
Greedy,3111,3658959723,5234142,5234294,152,completed,-11
Greedy,3112,3658959723,5234242,5234404,162,completed,-11
Greedy,3113,3658959723,5234342,5234507,165,completed,-12
Greedy,3114,3658959723,5234442,5234610,168,completed,-12
Greedy,3115,3658959723,5234542,5234713,171,completed,-12
Greedy,3116,3658959723,5234642,5234816,174,completed,-12
Greedy,3117,3658959723,5234742,5234919,177,completed,-12
Greedy,3118,3658959723,5234842,5235022,180,completed,-12
Greedy,3119,3658959723,5235147,5235299,152,completed,-12
Greedy,3120,3658959723,5235247,5235408,161,completed,-12
Greedy,3121,3658959723,5235347,5235518,171,completed,-12
Greedy,3122,3658959723,5235447,5235620,173,completed,-12
Greedy,3123,3658959723,5235547,5235723,176,completed,-12
Greedy,3124,3658959723,5235647,5235826,179,completed,-12
Greedy,3125,3658959723,5235747,5235929,182,completed,-12
Greedy,3126,3658959723,5235847,5236032,185,completed,-12
Greedy,3127,3658959723,5236144,5236296,152,completed,-12
Greedy,3128,3658959723,5236244,5236417,173,completed,-12
Greedy,3129,3658959723,5236344,5236527,183,completed,-12
Greedy,3130,3658959723,5236444,5236630,186,completed,-12
Greedy,3131,3658959723,5236544,5236733,189,completed,-12
Greedy,3132,3658959723,5236644,5236836,192,completed,-12
Greedy,3133,3658959723,5236744,5236939,195,completed,-12
Greedy,3134,3658959723,5236844,5237042,198,completed,-12
Greedy,3135,3658959723,5237148,5237302,154,completed,-12
Greedy,3136,3658959723,5237248,5237405,157,completed,-12
Greedy,3137,3658959723,5237348,5237508,160,completed,-12
Greedy,3138,3658959723,5237448,5237611,163,completed,-12
Greedy,3139,3658959723,5237548,5237714,166,completed,-12
Greedy,3140,3658959723,5237648,5237816,168,completed,-12
Greedy,3141,3658959723,5237748,5237919,171,completed,-12
Greedy,3142,3658959723,5237848,5238022,174,completed,-12
Greedy,3143,3658959723,5238149,5238302,153,completed,-12
Greedy,3144,3658959723,5240357,5240703,346,completed,-11
Greedy,3145,3658959723,5240559,5240821,262,completed,-11
Greedy,3146,3658959723,5240659,5240924,265,completed,-11
Greedy,3147,3658959723,5240759,5241029,270,completed,-11
Greedy,3148,3658959723,5240859,5241132,273,completed,-11
Greedy,3149,3658959723,5240959,5241235,276,completed,-11
Greedy,3150,3658959723,5241059,5241338,279,completed,-11
Greedy,3151,3658959723,5241159,5241441,282,completed,-11
Greedy,3152,3658959723,5241259,5241544,285,completed,-11
Greedy,3153,3658959723,5241359,5241645,286,completed,-11
Greedy,3154,3658959723,5241559,5241747,188,completed,-11
Greedy,3155,3658959723,5241659,5241849,190,completed,-11
Greedy,3156,3658959723,5241759,5241951,192,completed,-11
Greedy,3157,3658959723,5241859,5242054,195,completed,-11
Greedy,3158,3658959723,5241959,5242157,198,completed,-11
Greedy,3159,3658959723,5242059,5242260,201,completed,-11
Greedy,3160,3658959723,5242159,5242363,204,completed,-11
Greedy,3161,3658959723,5242259,5242466,207,completed,-11
Greedy,3162,3658959723,5242359,5242569,210,completed,-12
Greedy,3163,3658959723,5242563,5242718,155,completed,-12
Greedy,3164,3658959723,5242663,5242821,158,completed,-12
Greedy,3165,3658959723,5242763,5242924,161,completed,-12
Greedy,3166,3658959723,5242863,5243026,163,completed,-12
Greedy,3167,3658959723,5242963,5243129,166,completed,-12
Greedy,3168,3658959723,5243063,5243232,169,completed,-12
Greedy,3169,3658959723,5243163,5243335,172,completed,-12
Greedy,3170,3658959723,5243263,5243438,175,completed,-12
Greedy,3171,3658959723,5243363,5243708,345,completed,-12
Greedy,3172,3658959723,5243563,5243812,249,completed,-12
Greedy,3173,3658959723,5243663,5243917,254,completed,-12
Greedy,3174,3658959723,5243763,5244020,257,completed,-12
Greedy,3175,3658959723,5243863,5244123,260,completed,-12
Greedy,3176,3658959723,5243963,5244226,263,completed,-12
Greedy,3177,3658959723,5244063,5244329,266,completed,-12
Greedy,3178,3658959723,5244163,5244432,269,completed,-12
Greedy,3179,3658959723,5244263,5244535,272,completed,-12
Greedy,3180,3658959723,5244365,5244711,346,completed,-12
Greedy,3181,3658959723,5244570,5244813,243,completed,-12
Greedy,3182,3658959723,5244670,5244915,245,completed,-12
Greedy,3183,3658959723,5244770,5245021,251,completed,-12
Greedy,3184,3658959723,5244870,5245124,254,completed,-12
Greedy,3185,3658959723,5244970,5245227,257,completed,-12
Greedy,3186,3658959723,5245070,5245330,260,completed,-12
Greedy,3187,3658959723,5245170,5245433,263,completed,-12
Greedy,3188,3658959723,5245270,5245536,266,completed,-12
Greedy,3189,3658959723,5245564,5245719,155,completed,-12
Greedy,3190,3658959723,5245664,5245822,158,completed,-12
Greedy,3191,3658959723,5245764,5245925,161,completed,-12
Greedy,3192,3658959723,5245864,5246028,164,completed,-12
Greedy,3193,3658959723,5245964,5246131,167,completed,-12
Greedy,3194,3658959723,5246064,5246234,170,completed,-12
Greedy,3195,3658959723,5246164,5246337,173,completed,-12
Greedy,3196,3658959723,5246264,5246440,176,completed,-12
Greedy,3198,3037662008,5246570,5246716,146,completed,-32
Greedy,3199,3037662008,5246670,5246819,149,completed,-32
Greedy,3200,3037662008,5246770,5246922,152,completed,-32
Greedy,3201,3037662008,5246870,5247025,155,completed,-32
Greedy,3197,3658959723,5246366,5246543,177,completed,-12
Greedy,3202,3037662008,5246970,5247128,158,completed,-32
Greedy,3203,3037662008,5247070,5247231,161,completed,-32
Greedy,3204,3037662008,5247170,5247334,164,completed,-32
Greedy,3205,3037662008,5247270,5247437,167,completed,-32
Greedy,3206,3037662008,5247370,5247708,338,completed,-32
Greedy,3207,3037662008,5247570,5247822,252,completed,-32
Greedy,3208,3037662008,5247670,5247925,255,completed,-32
Greedy,3209,3037662008,5247770,5248028,258,completed,-32
Greedy,3210,3037662008,5247870,5248131,261,completed,-32
Greedy,3211,3037662008,5247970,5248234,264,completed,-32
Greedy,3212,3037662008,5248070,5248337,267,completed,-32
Greedy,3213,3037662008,5248170,5248442,272,completed,-38
Greedy,3216,3658959723,5248573,5248726,153,completed,-11
Greedy,3217,3658959723,5248673,5248835,162,completed,-11
Greedy,3214,3037662008,5248271,5248544,273,completed,-38
Greedy,3218,3658959723,5248773,5248938,165,completed,-11
Greedy,3219,3658959723,5248873,5249041,168,completed,-11
Greedy,3220,3658959723,5248973,5249144,171,completed,-11
Greedy,3215,3037662008,5248371,5248714,343,completed,-38
Greedy,3221,3658959723,5249073,5249247,174,completed,-11
Greedy,3222,3658959723,5249173,5249350,177,completed,-11
Greedy,3223,3658959723,5249273,5249453,180,completed,-11
Greedy,3224,3658959723,5249373,5249717,344,completed,-11
Greedy,3225,3658959723,5249573,5249827,254,completed,-11
Greedy,3226,3658959723,5249673,5249930,257,completed,-11
Greedy,3227,3658959723,5249773,5250033,260,completed,-11
Greedy,3228,3658959723,5249873,5250136,263,completed,-11
Greedy,3229,3658959723,5249973,5250239,266,completed,-11
Greedy,3230,3658959723,5250073,5250342,269,completed,-11
Greedy,3231,3658959723,5250173,5250445,272,completed,-11
Greedy,3232,3658959723,5250273,5250548,275,completed,-12
Greedy,3233,3658959723,5250373,5250721,348,completed,-12
Greedy,3235,3037662008,5250678,5250825,147,completed,-33
Greedy,3234,3658959723,5250578,5250824,246,completed,-12
Greedy,3236,3037662008,5250778,5250929,151,completed,-33
Greedy,3237,3037662008,5250878,5251032,154,completed,-33
Greedy,3238,3037662008,5250978,5251135,157,completed,-33
Greedy,3239,3037662008,5251078,5251238,160,completed,-33
Greedy,3240,3037662008,5251178,5251341,163,completed,-33
Greedy,3241,3037662008,5251278,5251444,166,completed,-33
Greedy,3242,3037662008,5251573,5251720,147,completed,-33
Greedy,3243,3037662008,5251673,5251829,156,completed,-33
Greedy,3244,3037662008,5251773,5251940,167,completed,-33
Greedy,3245,3037662008,5251873,5252043,170,completed,-33
Greedy,3246,3037662008,5251973,5252148,175,completed,-33
Greedy,3247,3037662008,5252073,5252251,178,completed,-33
Greedy,3248,3037662008,5252173,5252354,181,completed,-33
Greedy,3249,3037662008,5252273,5252457,184,completed,-37
Greedy,3251,3658959723,5252579,5252730,151,completed,-13
Greedy,3252,3658959723,5252679,5252840,161,completed,-13
Greedy,3250,3037662008,5252373,5252559,186,completed,-37
Greedy,3253,3658959723,5252779,5252943,164,completed,-13
Greedy,3254,3658959723,5252879,5253046,167,completed,-13
Greedy,3255,3658959723,5252979,5253149,170,completed,-13
Greedy,3256,3658959723,5253079,5253252,173,completed,-13
Greedy,3257,3658959723,5253179,5253355,176,completed,-13
Greedy,3258,3658959723,5253279,5253458,179,completed,-13
Greedy,3259,3658959723,5253379,5253723,344,completed,-13
Greedy,3260,3658959723,5253579,5253832,253,completed,-13
Greedy,3261,3658959723,5253679,5253935,256,completed,-13
Greedy,3262,3658959723,5253779,5254038,259,completed,-13
Greedy,3263,3658959723,5253879,5254141,262,completed,-13
Greedy,3264,3658959723,5253979,5254244,265,completed,-13
Greedy,3265,3658959723,5254079,5254347,268,completed,-13
Greedy,3266,3658959723,5254179,5254450,271,completed,-13
Greedy,3267,3658959723,5254279,5254552,273,completed,-13
Greedy,3270,3037662008,5254681,5254826,145,completed,-34
Greedy,3268,3658959723,5254379,5254725,346,completed,-13
Greedy,3271,3037662008,5254781,5254936,155,completed,-34
Greedy,3272,3037662008,5254881,5255039,158,completed,-34
Greedy,3269,3658959723,5254581,5254827,246,completed,-13
Greedy,3273,3037662008,5254981,5255142,161,completed,-34
Greedy,3274,3037662008,5255081,5255245,164,completed,-34
Greedy,3275,3037662008,5255181,5255348,167,completed,-34
Greedy,3276,3037662008,5255281,5255451,170,completed,-34
Greedy,3277,3037662008,5255381,5255723,342,completed,-34
Greedy,3278,3037662008,5255584,5255826,242,completed,-34
Greedy,3279,3658959723,5257791,5258134,343,completed,-11
Greedy,3280,3658959723,5257991,5258379,388,completed,-11
Greedy,3281,3658959723,5258091,5258482,391,completed,-11
Greedy,3282,3658959723,5258191,5258585,394,completed,-13
Greedy,3285,3037662008,5258491,5258636,145,completed,-34
Greedy,3286,3037662008,5258591,5258745,154,completed,-34
Greedy,3283,3658959723,5258291,5258688,397,completed,-13
Greedy,3287,3037662008,5258691,5258848,157,completed,-34
Greedy,3284,3658959723,5258391,5258790,399,completed,-13
Greedy,3288,3037662008,5258791,5258951,160,completed,-34
Greedy,3289,3037662008,5258997,5259153,156,completed,-34
Greedy,3290,3037662008,5259105,5259256,151,completed,-34
Greedy,3291,3037662008,5259205,5259359,154,completed,-34
Greedy,3292,3037662008,5259305,5259462,157,completed,-34
Greedy,3293,3037662008,5259405,5259565,160,completed,-34
Greedy,3294,3037662008,5259505,5259668,163,completed,-34
Greedy,3295,3037662008,5259605,5259771,166,completed,-34
Greedy,3296,3037662008,5259705,5259874,169,completed,-34
Greedy,3297,3037662008,5259994,5260142,148,completed,-34
Greedy,3298,3037662008,5260094,5260253,159,completed,-34
Greedy,3299,3037662008,5260194,5260359,165,completed,-34
Greedy,3300,3037662008,5260294,5260462,168,completed,-39
Greedy,3301,3037662008,5260394,5260565,171,completed,-39
Greedy,3302,3658959723,5260494,5260645,151,completed,-11
Greedy,3303,3658959723,5260594,5260748,154,completed,-11
Greedy,3304,3658959723,5260694,5260851,157,completed,-11
Greedy,3305,3658959723,5260794,5260954,160,completed,-11
Greedy,3306,3658959723,5260997,5261149,152,completed,-11
Greedy,3307,3658959723,5261104,5261258,154,completed,-11
Greedy,3308,3658959723,5261204,5261397,193,completed,-11
Greedy,3309,3658959723,5261304,5261500,196,completed,-11
Greedy,3310,3658959723,5261404,5261603,199,completed,-11
Greedy,3311,3658959723,5261505,5261712,207,completed,-11
Greedy,3312,3658959723,5261605,5261815,210,completed,-11
Greedy,3313,3658959723,5261705,5261918,213,completed,-11
Greedy,3314,3658959723,5261997,5262149,152,completed,-11
Greedy,3315,3658959723,5262097,5262258,161,completed,-11
Greedy,3316,3658959723,5262197,5262361,164,completed,-11
Greedy,3317,3658959723,5262297,5262464,167,completed,-11
Greedy,3318,3658959723,5262397,5262567,170,completed,-12
Greedy,3319,3658959723,5262497,5262670,173,completed,-12
Greedy,3320,3037662008,5262597,5262742,145,completed,-35
Greedy,3321,3037662008,5262697,5262851,154,completed,-35
Greedy,3322,3037662008,5262797,5263138,341,completed,-35
Greedy,3323,3037662008,5262999,5263241,242,completed,-35
Greedy,3324,3037662008,5263105,5263344,239,completed,-35
Greedy,3325,3037662008,5263205,5263450,245,completed,-35
Greedy,3326,3037662008,5263305,5263553,248,completed,-35
Greedy,3327,3037662008,5263405,5263656,251,completed,-35
Greedy,3328,3037662008,5263505,5263759,254,completed,-35
Greedy,3329,3037662008,5263605,5263862,257,completed,-35
Greedy,3330,3037662008,5263705,5263965,260,completed,-35
Greedy,3331,3037662008,5263998,5264147,149,completed,-35
Greedy,3332,3037662008,5264098,5264251,153,completed,-35
Greedy,3333,3037662008,5264198,5264354,156,completed,-35
Greedy,3334,3037662008,5264298,5264457,159,completed,-36
Greedy,3336,3658959723,5264498,5264649,151,completed,-11
Greedy,3337,3658959723,5264598,5264760,162,completed,-11
Greedy,3338,3658959723,5264698,5264863,165,completed,-11
Greedy,3335,3037662008,5264398,5264559,161,completed,-36
Greedy,3339,3658959723,5264798,5264966,168,completed,-11
Greedy,3340,3658959723,5265004,5265159,155,completed,-11
Greedy,3341,3658959723,5265104,5265265,161,completed,-11
Greedy,3342,3658959723,5265204,5265367,163,completed,-11
Greedy,3343,3658959723,5265304,5265470,166,completed,-11
Greedy,3344,3658959723,5265404,5265573,169,completed,-11
Greedy,3345,3658959723,5265504,5265676,172,completed,-11
Greedy,3346,3658959723,5265604,5265779,175,completed,-11
Greedy,3347,3658959723,5265704,5265882,178,completed,-11
Greedy,3348,3658959723,5266001,5266153,152,completed,-11
Greedy,3349,3658959723,5266101,5266261,160,completed,-11
Greedy,3350,3658959723,5266201,5266370,169,completed,-11
Greedy,3351,3658959723,5266301,5266473,172,completed,-11
Greedy,3352,3658959723,5266401,5266576,175,completed,-12
Greedy,3354,3037662008,5266601,5266749,148,completed,-37
Greedy,3353,3658959723,5266501,5266679,178,completed,-12
Greedy,3355,3037662008,5266701,5266852,151,completed,-37
Greedy,3356,3037662008,5266801,5266955,154,completed,-37
Greedy,3357,3037662008,5267001,5267150,149,completed,-37
Greedy,3358,3037662008,5267101,5267253,152,completed,-37
Greedy,3359,3037662008,5267201,5267356,155,completed,-37
Greedy,3360,3037662008,5267301,5267459,158,completed,-37
Greedy,3361,3037662008,5267401,5267562,161,completed,-37
Greedy,3362,3037662008,5267501,5267665,164,completed,-37
Greedy,3363,3037662008,5267601,5267768,167,completed,-37
Greedy,3364,3037662008,5267701,5267871,170,completed,-37
Greedy,3365,3037662008,5267801,5268142,341,completed,-37
Greedy,3366,3037662008,5268004,5268251,247,completed,-37
Greedy,3367,3037662008,5268104,5268354,250,completed,-37
Greedy,3368,3037662008,5268204,5268457,253,completed,-36
Greedy,3371,3658959723,5268504,5268656,152,completed,-11
Greedy,3372,3658959723,5268604,5268759,155,completed,-11
Greedy,3369,3037662008,5268304,5268558,254,completed,-36
Greedy,3373,3658959723,5268704,5268862,158,completed,-11
Greedy,3374,3658959723,5268804,5268965,161,completed,-11
Greedy,3370,3037662008,5268404,5268660,256,completed,-36
Greedy,3375,3658959723,5269004,5269158,154,completed,-11
Greedy,3376,3658959723,5269104,5269260,156,completed,-11
Greedy,3377,3658959723,5269204,5269363,159,completed,-11
Greedy,3378,3658959723,5269304,5269466,162,completed,-11
Greedy,3379,3658959723,5269404,5269569,165,completed,-11
Greedy,3380,3658959723,5269504,5269672,168,completed,-11
Greedy,3381,3658959723,5269604,5269775,171,completed,-11
Greedy,3382,3658959723,5269704,5269878,174,completed,-11
Greedy,3383,3658959723,5269804,5270151,347,completed,-11
Greedy,3384,3658959723,5270007,5270254,247,completed,-11
Greedy,3385,3658959723,5270107,5270358,251,completed,-11
Greedy,3386,3658959723,5270207,5270461,254,completed,-11
Greedy,3387,3658959723,5270307,5270564,257,completed,-12
Greedy,3390,3037662008,5270607,5270752,145,completed,-34
Greedy,3388,3658959723,5270407,5270667,260,completed,-12
Greedy,3391,3037662008,5270707,5270862,155,completed,-34
Greedy,3389,3658959723,5270507,5270769,262,completed,-12
Greedy,3392,3037662008,5270807,5270965,158,completed,-34
Greedy,3393,3037662008,5271007,5271156,149,completed,-34
Greedy,3394,3037662008,5271107,5271259,152,completed,-34
Greedy,3395,3037662008,5271207,5271362,155,completed,-34
Greedy,3396,3037662008,5271307,5271465,158,completed,-34
Greedy,3397,3037662008,5271407,5271568,161,completed,-34
Greedy,3398,3037662008,5271507,5271671,164,completed,-34
Greedy,3399,3037662008,5271607,5271774,167,completed,-34
Greedy,3400,3037662008,5271707,5271877,170,completed,-34
Greedy,3401,3037662008,5271807,5271980,173,completed,-34
Greedy,3402,3037662008,5272008,5272157,149,completed,-34
Greedy,3403,3037662008,5272108,5272264,156,completed,-34
Greedy,3404,3037662008,5272208,5272367,159,completed,-34
Greedy,3405,3037662008,5272308,5272470,162,completed,-34
Greedy,3407,3658959723,5272508,5272663,155,completed,-11
Greedy,3408,3658959723,5272610,5272766,156,completed,-11
Greedy,3409,3658959723,5272710,5272868,158,completed,-11
Greedy,3406,3037662008,5272408,5272572,164,completed,-34
Greedy,3410,3658959723,5272810,5273169,359,completed,-11
Greedy,3411,3658959723,5273008,5275349,2341,completed,-12
Greedy,3412,3658959723,5275213,5275560,347,completed,-12
Greedy,3413,3658959723,5275417,5275727,310,completed,-12
Greedy,3414,3658959723,5275517,5276002,485,completed,-12
Greedy,3415,3658959723,5275617,5276276,659,completed,-12
Greedy,3416,3658959723,5275717,5276560,843,completed,-11
Greedy,3417,3658959723,5275817,5276661,844,completed,-11
Greedy,3427,3037662008,5277016,5277162,146,completed,-34
Greedy,3418,3658959723,5275917,5276831,914,completed,-11
Greedy,3428,3037662008,5277116,5277265,149,completed,-34
Greedy,3419,3658959723,5276017,5276933,916,completed,-11
Greedy,3420,3658959723,5276117,5277035,918,completed,-11
Greedy,3421,3658959723,5276416,5277137,721,completed,-11
Greedy,3429,3037662008,5277216,5277566,350,completed,-34
Greedy,3430,3037662008,5277423,5277675,252,completed,-34
Greedy,3431,3037662008,5277523,5277778,255,completed,-34
Greedy,3422,3658959723,5276516,5277239,723,completed,-11
Greedy,3432,3037662008,5277623,5277881,258,completed,-34
Greedy,3433,3037662008,5277723,5277984,261,completed,-34
Greedy,3423,3658959723,5276616,5277341,725,completed,-11
Greedy,3434,3037662008,5277823,5278087,264,completed,-34
Greedy,3435,3037662008,5277923,5278190,267,completed,-34
Greedy,3436,3037662008,5278023,5278293,270,completed,-34
Greedy,3424,3658959723,5276716,5277443,727,completed,-11
Greedy,3437,3037662008,5278123,5278395,272,completed,-34
Greedy,3425,3658959723,5276816,5277544,728,completed,-11
Greedy,3426,3658959723,5276916,5277646,730,completed,-11
Greedy,3438,3037662008,5278411,5278559,148,completed,-38
Greedy,3440,3658959723,5278611,5278764,153,completed,-11
Greedy,3441,3658959723,5278711,5278866,155,completed,-11
Greedy,3439,3037662008,5278511,5278661,150,completed,-38
Greedy,3442,3658959723,5278811,5278969,158,completed,-11
Greedy,3443,3658959723,5278911,5279072,161,completed,-11
Greedy,3444,3658959723,5279011,5279175,164,completed,-11
Greedy,3445,3658959723,5279111,5279278,167,completed,-11
Greedy,3446,3658959723,5279211,5279381,170,completed,-11
Greedy,3447,3658959723,5279421,5279573,152,completed,-11
Greedy,3448,3658959723,5279521,5279676,155,completed,-11
Greedy,3449,3658959723,5279621,5279779,158,completed,-11
Greedy,3450,3658959723,5279721,5279881,160,completed,-11
Greedy,3451,3658959723,5279821,5279984,163,completed,-11
Greedy,3452,3658959723,5279921,5280087,166,completed,-11
Greedy,3453,3658959723,5280021,5280190,169,completed,-11
Greedy,3454,3658959723,5280121,5280293,172,completed,-11
Greedy,3457,3037662008,5280516,5280661,145,completed,-35
Greedy,3455,3658959723,5280221,5280567,346,completed,-12
Greedy,3458,3037662008,5280616,5280770,154,completed,-35
Greedy,3459,3037662008,5280716,5280873,157,completed,-35
Greedy,3460,3037662008,5280816,5280976,160,completed,-35
Greedy,3456,3658959723,5280416,5280668,252,completed,-12
Greedy,3461,3037662008,5280916,5281079,163,completed,-35
Greedy,3462,3037662008,5281016,5281182,166,completed,-35
Greedy,3463,3037662008,5281116,5281285,169,completed,-35
Greedy,3464,3037662008,5281216,5281388,172,completed,-35
Greedy,3465,3037662008,5281421,5281569,148,completed,-35
Greedy,3466,3037662008,5281521,5281672,151,completed,-35
Greedy,3467,3037662008,5281621,5281775,154,completed,-35
Greedy,3468,3037662008,5281721,5281878,157,completed,-35
Greedy,3469,3037662008,5281821,5281981,160,completed,-35
Greedy,3470,3037662008,5281921,5282084,163,completed,-35
Greedy,3471,3037662008,5282021,5282187,166,completed,-35
Greedy,3472,3037662008,5282121,5282290,169,completed,-35
Greedy,3473,3037662008,5282221,5282393,172,completed,-35
Greedy,3475,3658959723,5282522,5282673,151,completed,-11
Greedy,3474,3037662008,5282422,5282569,147,completed,-34
Greedy,3476,3658959723,5282622,5282782,160,completed,-11
Greedy,3477,3658959723,5282722,5282894,172,completed,-11
Greedy,3478,3658959723,5282822,5282997,175,completed,-11
Greedy,3479,3658959723,5282922,5283100,178,completed,-11
Greedy,3480,3658959723,5283022,5283203,181,completed,-11
Greedy,3481,3658959723,5283122,5283306,184,completed,-11
Greedy,3482,3658959723,5283224,5283569,345,completed,-11
Greedy,3483,3658959723,5283424,5283679,255,completed,-11
Greedy,3484,3658959723,5283524,5283782,258,completed,-11
Greedy,3485,3658959723,5283624,5283885,261,completed,-11
Greedy,3486,3658959723,5283724,5283988,264,completed,-11
Greedy,3487,3658959723,5283824,5284091,267,completed,-11
Greedy,3488,3658959723,5283924,5284194,270,completed,-11
Greedy,3489,3658959723,5284024,5284297,273,completed,-11
Greedy,3490,3658959723,5284124,5284400,276,completed,-11
Greedy,3493,3037662008,5284524,5284669,145,completed,-35
Greedy,3491,3658959723,5284224,5284503,279,completed,-13
Greedy,3494,3037662008,5284624,5284772,148,completed,-35
Greedy,3495,3037662008,5284724,5284875,151,completed,-35
Greedy,3496,3037662008,5284824,5284978,154,completed,-35
Greedy,3492,3658959723,5284424,5284604,180,completed,-13
Greedy,3497,3037662008,5284924,5285081,157,completed,-35
Greedy,3498,3037662008,5285024,5285184,160,completed,-35
Greedy,3499,3037662008,5285124,5285287,163,completed,-35
Greedy,3500,3037662008,5285225,5285390,165,completed,-35
Greedy,3501,3037662008,5285426,5285574,148,completed,-35
Greedy,3502,3037662008,5285526,5285677,151,completed,-35
Greedy,3503,3037662008,5285626,5285780,154,completed,-35
Greedy,3504,3037662008,5285726,5285883,157,completed,-35
Greedy,3505,3037662008,5285826,5285986,160,completed,-35
Greedy,3506,3037662008,5285926,5286089,163,completed,-35
Greedy,3507,3037662008,5286026,5286192,166,completed,-35
Greedy,3508,3037662008,5286126,5286295,169,completed,-35
Greedy,3509,3037662008,5286226,5286398,172,completed,-35
Greedy,3511,3658959723,5286527,5286679,152,completed,-11
Greedy,3512,3658959723,5286627,5286781,154,completed,-11
Greedy,3513,3658959723,5286727,5286884,157,completed,-11
Greedy,3514,3658959723,5286827,5286987,160,completed,-11
Greedy,3510,3037662008,5286427,5286581,154,completed,-38
Greedy,3515,3658959723,5286927,5287089,162,completed,-11
Greedy,3516,3658959723,5287027,5287192,165,completed,-11
Greedy,3517,3658959723,5287127,5287294,167,completed,-11
Greedy,3518,3658959723,5287227,5287574,347,completed,-11
Greedy,3519,3658959723,5287429,5287684,255,completed,-11
Greedy,3520,3658959723,5287529,5287787,258,completed,-11
Greedy,3521,3658959723,5287629,5287890,261,completed,-11
Greedy,3522,3658959723,5287729,5287993,264,completed,-11
Greedy,3523,3658959723,5287829,5288096,267,completed,-11
Greedy,3524,3658959723,5287929,5288199,270,completed,-11
Greedy,3525,3658959723,5288029,5288302,273,completed,-11
Greedy,3526,3658959723,5288129,5288405,276,completed,-11
Greedy,3527,3658959723,5288229,5288507,278,completed,-13
Greedy,3530,3037662008,5288629,5288774,145,completed,-34
Greedy,3531,3037662008,5288729,5288883,154,completed,-34
Greedy,3532,3037662008,5288829,5288986,157,completed,-34
Greedy,3528,3658959723,5288429,5288608,179,completed,-13
Greedy,3529,3658959723,5288529,5288710,181,completed,-13
Greedy,3533,3037662008,5288929,5289089,160,completed,-34
Greedy,3534,3037662008,5289029,5289192,163,completed,-34
Greedy,3535,3037662008,5289129,5289295,166,completed,-34
Greedy,3536,3037662008,5289229,5289572,343,completed,-34
Greedy,3537,3037662008,5289432,5289677,245,completed,-34
Greedy,3538,3037662008,5289532,5289780,248,completed,-34
Greedy,3539,3037662008,5289632,5289883,251,completed,-34
Greedy,3540,3037662008,5289732,5289986,254,completed,-34
Greedy,3541,3037662008,5289832,5290089,257,completed,-34
Greedy,3542,3037662008,5289932,5290192,260,completed,-34
Greedy,3543,3037662008,5290032,5290295,263,completed,-34
Greedy,3544,3037662008,5290132,5290397,265,completed,-34
Greedy,3545,3037662008,5290232,5290572,340,completed,-31
Greedy,3547,3658959723,5292641,5292988,347,completed,-18
Greedy,3548,3658959723,5292845,5293300,455,completed,-18
Greedy,3549,3658959723,5292945,5293575,630,completed,-18
Greedy,3550,3658959723,5293045,5293989,944,completed,-18
Greedy,3551,3658959723,5293145,5294091,946,completed,-18
Greedy,3552,3658959723,5293245,5294193,948,completed,-18
Greedy,3553,3658959723,5293345,5294401,1056,completed,-18
Greedy,3554,3658959723,5293445,5294517,1072,completed,-11
Greedy,3555,3658959723,5293545,5294620,1075,completed,-11
Greedy,3556,3658959723,5293645,5294723,1078,completed,-11
Greedy,3546,3037662008,5290430,5292775,2345,completed,-32
Greedy,3564,3037662008,5294540,5294685,145,completed,-30
Greedy,3557,3658959723,5293840,5294826,986,completed,-11
Greedy,3558,3658959723,5293940,5294928,988,completed,-11
Greedy,3565,3037662008,5294640,5294994,354,completed,-30
Greedy,3566,3037662008,5294848,5295097,249,completed,-30
Greedy,3567,3037662008,5294948,5295200,252,completed,-30
Greedy,3559,3658959723,5294040,5295030,990,completed,-11
Greedy,3568,3037662008,5295048,5295303,255,completed,-30
Greedy,3569,3037662008,5295149,5295406,257,completed,-30
Greedy,3560,3658959723,5294140,5295132,992,completed,-11
Greedy,3570,3037662008,5295249,5295509,260,completed,-30
Greedy,3571,3037662008,5295349,5295612,263,completed,-30
Greedy,3572,3037662008,5295449,5295715,266,completed,-30
Greedy,3561,3658959723,5294240,5295233,993,completed,-11
Greedy,3573,3037662008,5295549,5295817,268,completed,-30
Greedy,3574,3037662008,5295841,5295987,146,completed,-30
Greedy,3562,3658959723,5294340,5295335,995,completed,-11
Greedy,3563,3658959723,5294440,5295437,997,completed,-11
Greedy,3575,3037662008,5295941,5296232,291,completed,-30
Greedy,3576,3037662008,5296041,5296335,294,completed,-30
Greedy,3577,3037662008,5296141,5296438,297,completed,-30
Greedy,3578,3037662008,5296241,5296541,300,completed,-33
Greedy,3581,3658959723,5296541,5296693,152,completed,-11
Greedy,3579,3037662008,5296341,5296644,303,completed,-33
Greedy,3582,3658959723,5296641,5296795,154,completed,-11
Greedy,3583,3658959723,5296851,5297016,165,completed,-11
Greedy,3584,3658959723,5296951,5297125,174,completed,-11
Greedy,3580,3037662008,5296441,5296746,305,completed,-33
Greedy,3585,3658959723,5297051,5297227,176,completed,-11
Greedy,3586,3658959723,5297151,5297330,179,completed,-11
Greedy,3587,3658959723,5297251,5297432,181,completed,-11
Greedy,3588,3658959723,5297351,5297535,184,completed,-11
Greedy,3589,3658959723,5297451,5297638,187,completed,-11
Greedy,3590,3658959723,5297551,5297741,190,completed,-11
Greedy,3591,3658959723,5297846,5297999,153,completed,-11
Greedy,3592,3658959723,5297946,5298108,162,completed,-11
Greedy,3593,3658959723,5298046,5298217,171,completed,-11
Greedy,3594,3658959723,5298146,5298320,174,completed,-11
Greedy,3595,3658959723,5298246,5298423,177,completed,-11
Greedy,3596,3658959723,5298346,5298526,180,completed,-12
Greedy,3598,3037662008,5298546,5298693,147,completed,-32
Greedy,3599,3037662008,5298646,5298796,150,completed,-32
Greedy,3600,3037662008,5298854,5299030,176,completed,-32
Greedy,3601,3037662008,5298954,5299140,186,completed,-32
Greedy,3597,3658959723,5298446,5298627,181,completed,-12
Greedy,3602,3037662008,5299054,5299251,197,completed,-32
Greedy,3603,3037662008,5299154,5299354,200,completed,-32
Greedy,3604,3037662008,5299254,5299457,203,completed,-32
Greedy,3605,3037662008,5299354,5299560,206,completed,-32
Greedy,3606,3037662008,5299454,5299663,209,completed,-32
Greedy,3607,3037662008,5299554,5299766,212,completed,-32
Greedy,3608,3037662008,5299848,5299996,148,completed,-32
Greedy,3609,3037662008,5299948,5300099,151,completed,-32
Greedy,3610,3037662008,5300048,5300202,154,completed,-32
Greedy,3611,3037662008,5300148,5300305,157,completed,-32
Greedy,3612,3037662008,5300248,5300408,160,completed,-32
Greedy,3613,3037662008,5300348,5300511,163,completed,-34
Greedy,3614,3658959723,5300448,5300601,153,completed,-11
Greedy,3615,3658959723,5300548,5300704,156,completed,-11
Greedy,3616,3658959723,5300648,5300807,159,completed,-11
Greedy,3617,3658959723,5300853,5301004,151,completed,-11
Greedy,3618,3658959723,5300953,5301265,312,completed,-11
Greedy,3619,3658959723,5301053,5301368,315,completed,-11
Greedy,3620,3658959723,5301153,5301471,318,completed,-11
Greedy,3621,3658959723,5301253,5301574,321,completed,-11
Greedy,3622,3658959723,5301353,5301677,324,completed,-11
Greedy,3623,3658959723,5301453,5301780,327,completed,-11
Greedy,3624,3658959723,5301553,5301883,330,completed,-11
Greedy,3625,3658959723,5301653,5301999,346,completed,-11
Greedy,3626,3658959723,5301855,5302102,247,completed,-11
Greedy,3627,3658959723,5301955,5302207,252,completed,-11
Greedy,3628,3658959723,5302055,5302309,254,completed,-11
Greedy,3629,3658959723,5302155,5302412,257,completed,-11
Greedy,3632,3037662008,5302455,5302602,147,completed,-31
Greedy,3630,3658959723,5302255,5302515,260,completed,-12
Greedy,3633,3037662008,5302555,5302705,150,completed,-31
Greedy,3631,3658959723,5302355,5302616,261,completed,-12
Greedy,3634,3037662008,5302655,5303005,350,completed,-31
Greedy,3635,3037662008,5302858,5303114,256,completed,-31
Greedy,3636,3037662008,5302958,5303217,259,completed,-31
Greedy,3637,3037662008,5303058,5303320,262,completed,-31
Greedy,3638,3037662008,5303158,5303423,265,completed,-31
Greedy,3639,3037662008,5303258,5303526,268,completed,-31
Greedy,3640,3037662008,5303358,5303629,271,completed,-31
Greedy,3641,3037662008,5303458,5303732,274,completed,-31
Greedy,3642,3037662008,5303558,5303834,276,completed,-31
Greedy,3643,3037662008,5303849,5303996,147,completed,-31
Greedy,3644,3037662008,5303949,5304181,232,completed,-31
Greedy,3645,3037662008,5304049,5304284,235,completed,-31
Greedy,3646,3037662008,5304149,5304387,238,completed,-31
Greedy,3649,3658959723,5304449,5304603,154,completed,-11
Greedy,3647,3037662008,5304249,5304490,241,completed,-34
Greedy,3648,3037662008,5304349,5304591,242,completed,-34
Greedy,3650,3658959723,5304549,5304707,158,completed,-11
Greedy,3651,3658959723,5304649,5304810,161,completed,-11
Greedy,3652,3658959723,5304858,5305009,151,completed,-11
Greedy,3653,3658959723,5304958,5305118,160,completed,-11
Greedy,3654,3658959723,5305058,5305228,170,completed,-11
Greedy,3655,3658959723,5305158,5305331,173,completed,-11
Greedy,3656,3658959723,5305258,5305434,176,completed,-11
Greedy,3657,3658959723,5305358,5305537,179,completed,-11
Greedy,SUMMARY,ALL,0,0,120000,batch_complete,0
----------------,---,---,---,---,---,----------------,---
Greedy,3658,3658959723,5305458,5305640,182,completed,-11
Greedy,3659,3658959723,5327494,5327841,347,completed,-10
Greedy,3660,3658959723,5327693,5328075,382,completed,-10
Greedy,3661,3658959723,5327793,5328184,391,completed,-10
Greedy,3662,3658959723,5327893,5328293,400,completed,-10
Greedy,3663,3658959723,5327993,5328396,403,completed,-10
Greedy,3664,3658959723,5328093,5328499,406,completed,-10
Greedy,3665,3658959723,5328193,5328602,409,completed,-11
Greedy,3668,3037662008,5328493,5328638,145,completed,-29
Greedy,3666,3658959723,5328293,5328705,412,completed,-11
Greedy,3669,3037662008,5328698,5328858,160,completed,-29
Greedy,3670,3037662008,5328798,5328967,169,completed,-29
Greedy,3667,3658959723,5328393,5328808,415,completed,-11
Greedy,3671,3037662008,5328898,5329077,179,completed,-29
Greedy,3672,3037662008,5328998,5329180,182,completed,-29
Greedy,3673,3037662008,5329098,5329283,185,completed,-29
Greedy,3674,3037662008,5329198,5329386,188,completed,-29
Greedy,3675,3037662008,5329298,5329489,191,completed,-29
Greedy,3676,3037662008,5329398,5329592,194,completed,-29
Greedy,3677,3037662008,5329499,5329842,343,completed,-29
Greedy,3678,3037662008,5329695,5329945,250,completed,-29
Greedy,3679,3037662008,5329795,5330048,253,completed,-29
Greedy,3680,3037662008,5329895,5330151,256,completed,-29
Greedy,3681,3037662008,5329995,5330254,259,completed,-29
Greedy,3682,3037662008,5330095,5330357,262,completed,-29
Greedy,3683,3037662008,5330195,5330460,265,completed,-29
Greedy,3686,3658959723,5330495,5330647,152,completed,-11
Greedy,3684,3037662008,5330295,5330563,268,completed,-34
Greedy,3685,3037662008,5330395,5330666,271,completed,-34
Greedy,3687,3658959723,5330701,5330860,159,completed,-11
Greedy,3688,3658959723,5330801,5330963,162,completed,-11
Greedy,3689,3658959723,5330901,5331066,165,completed,-11
Greedy,3690,3658959723,5331001,5331169,168,completed,-11
Greedy,3691,3658959723,5331101,5331272,171,completed,-11
Greedy,3692,3658959723,5331201,5331375,174,completed,-11
Greedy,3693,3658959723,5331301,5331478,177,completed,-11
Greedy,3694,3658959723,5331401,5331581,180,completed,-11
Greedy,3695,3658959723,5331501,5331847,346,completed,-11
Greedy,3696,3658959723,5331702,5331950,248,completed,-11
Greedy,3697,3658959723,5331802,5332053,251,completed,-11
Greedy,3698,3658959723,5331902,5332156,254,completed,-11
Greedy,3699,3658959723,5332002,5332259,257,completed,-11
Greedy,3700,3658959723,5332102,5332362,260,completed,-11
Greedy,3701,3658959723,5332202,5332465,263,completed,-11
Greedy,3702,3658959723,5332302,5332568,266,completed,-12
Greedy,3704,3037662008,5332502,5332840,338,completed,-31
Greedy,3705,3037662008,5332697,5332949,252,completed,-31
Greedy,3703,3658959723,5332402,5332670,268,completed,-12
Greedy,3706,3037662008,5332797,5333058,261,completed,-31
Greedy,3707,3037662008,5332897,5333170,273,completed,-31
Greedy,3708,3037662008,5332997,5333273,276,completed,-31
Greedy,3709,3037662008,5333105,5333376,271,completed,-31
Greedy,3710,3037662008,5333205,5333479,274,completed,-31
Greedy,3711,3037662008,5333305,5333582,277,completed,-31
Greedy,3712,3037662008,5333405,5333685,280,completed,-31
Greedy,3713,3037662008,5333505,5333845,340,completed,-31
Greedy,3714,3037662008,5333706,5333948,242,completed,-31
Greedy,3715,3037662008,5333806,5334055,249,completed,-31
Greedy,3716,3037662008,5333906,5334158,252,completed,-31
Greedy,3717,3037662008,5334006,5334260,254,completed,-31
Greedy,3718,3037662008,5334106,5334363,257,completed,-31
Greedy,3719,3037662008,5334206,5334466,260,completed,-31
Greedy,3720,3037662008,5334306,5334569,263,completed,-36
Greedy,3721,3037662008,5334406,5334672,266,completed,-36
Greedy,3722,3658959723,5334506,5334851,345,completed,-11
Greedy,3723,3658959723,5334706,5334961,255,completed,-11
Greedy,3724,3658959723,5334806,5335070,264,completed,-11
Greedy,3725,3658959723,5334906,5335179,273,completed,-11
Greedy,3726,3658959723,5335006,5335288,282,completed,-11
Greedy,3727,3658959723,5335106,5335391,285,completed,-11
Greedy,3728,3658959723,5335206,5335494,288,completed,-11
Greedy,3729,3658959723,5335306,5335597,291,completed,-11
Greedy,3730,3658959723,5335406,5335699,293,completed,-11
Greedy,3731,3658959723,5335506,5335801,295,completed,-11
Greedy,3732,3658959723,5335706,5335904,198,completed,-11
Greedy,3733,3658959723,5335806,5336007,201,completed,-11
Greedy,3734,3658959723,5335906,5336110,204,completed,-11
Greedy,3735,3658959723,5336006,5336213,207,completed,-11
Greedy,3736,3658959723,5336106,5336316,210,completed,-11
Greedy,3737,3658959723,5336206,5336419,213,completed,-11
Greedy,3738,3658959723,5336306,5336522,216,completed,-11
Greedy,3740,3037662008,5336506,5336652,146,completed,-32
Greedy,3739,3658959723,5336406,5336625,219,completed,-12
Greedy,3741,3037662008,5336708,5336856,148,completed,-32
Greedy,3742,3037662008,5336808,5336966,158,completed,-32
Greedy,3743,3037662008,5336908,5337069,161,completed,-32
Greedy,3744,3037662008,5337008,5337172,164,completed,-32
Greedy,3745,3037662008,5337108,5337275,167,completed,-32
Greedy,3746,3037662008,5337208,5337378,170,completed,-32
Greedy,3747,3037662008,5337308,5337481,173,completed,-32
Greedy,3748,3037662008,5337408,5337584,176,completed,-32
Greedy,3749,3037662008,5337508,5337850,342,completed,-32
Greedy,3750,3037662008,5337710,5337953,243,completed,-32
Greedy,3751,3037662008,5337810,5338056,246,completed,-32
Greedy,3752,3037662008,5337910,5338159,249,completed,-32
Greedy,3753,3037662008,5338010,5338262,252,completed,-32
Greedy,3754,3037662008,5338110,5338365,255,completed,-32
Greedy,3755,3037662008,5338210,5338468,258,completed,-32
Greedy,3756,3037662008,5338310,5338571,261,completed,-32
Greedy,3757,3037662008,5338410,5338674,264,completed,-32
Greedy,3758,3658959723,5338510,5338855,345,completed,-11
Greedy,3759,3658959723,5338710,5338964,254,completed,-11
Greedy,3760,3658959723,5338810,5339067,257,completed,-11
Greedy,3761,3658959723,5338910,5339170,260,completed,-11
Greedy,3762,3658959723,5339010,5339273,263,completed,-11
Greedy,3763,3658959723,5339110,5339376,266,completed,-11
Greedy,3764,3658959723,5339210,5339479,269,completed,-11
Greedy,3765,3658959723,5339310,5339582,272,completed,-11
Greedy,3766,3658959723,5339410,5339685,275,completed,-11
Greedy,3767,3658959723,5339510,5339787,277,completed,-11
Greedy,3768,3658959723,5339710,5339890,180,completed,-11
Greedy,3769,3658959723,5339810,5339993,183,completed,-11
Greedy,3770,3658959723,5339910,5340096,186,completed,-11
Greedy,3771,3658959723,5340010,5340199,189,completed,-11
Greedy,3772,3658959723,5340110,5340301,191,completed,-11
Greedy,3773,3658959723,5340210,5340404,194,completed,-11
Greedy,3774,3658959723,5340310,5340507,197,completed,-11
Greedy,3776,3037662008,5340510,5340655,145,completed,-34
Greedy,3775,3658959723,5340410,5340610,200,completed,-11
Greedy,3777,3037662008,5340712,5340859,147,completed,-34
Greedy,3778,3037662008,5340812,5340968,156,completed,-34
Greedy,3779,3037662008,5340912,5341071,159,completed,-34
Greedy,3780,3037662008,5341012,5341174,162,completed,-34
Greedy,3781,3037662008,5341112,5341277,165,completed,-34
Greedy,3782,3037662008,5341212,5341380,168,completed,-34
Greedy,3783,3037662008,5341312,5341483,171,completed,-34
Greedy,3784,3037662008,5341412,5341586,174,completed,-34
Greedy,3785,3037662008,5341512,5341852,340,completed,-34
Greedy,3786,3037662008,5341713,5341961,248,completed,-34
Greedy,3787,3037662008,5341813,5342064,251,completed,-34
Greedy,3788,3037662008,5341913,5342167,254,completed,-34
Greedy,3789,3037662008,5342013,5342270,257,completed,-34
Greedy,3790,3037662008,5342113,5342373,260,completed,-34
Greedy,3791,3037662008,5342213,5342476,263,completed,-34
Greedy,3794,3658959723,5342513,5342665,152,completed,-10
Greedy,3792,3037662008,5342313,5342579,266,completed,-31
Greedy,3795,3658959723,5342717,5342876,159,completed,-10
Greedy,3793,3037662008,5342413,5342682,269,completed,-31
Greedy,3796,3658959723,5344923,5345267,344,completed,-10
Greedy,3797,3658959723,5345126,5345379,253,completed,-10
Greedy,3798,3658959723,5345226,5345482,256,completed,-10
Greedy,3799,3658959723,5345326,5345585,259,completed,-10
Greedy,3800,3658959723,5345426,5345688,262,completed,-10
Greedy,3801,3658959723,5345526,5345791,265,completed,-10
Greedy,3802,3658959723,5345626,5345894,268,completed,-10
Greedy,3803,3658959723,5345726,5345997,271,completed,-10
Greedy,3804,3658959723,5345826,5346100,274,completed,-10
Greedy,3805,3658959723,5345926,5346273,347,completed,-10
Greedy,3806,3658959723,5346136,5346376,240,completed,-10
Greedy,3807,3658959723,5346236,5346479,243,completed,-10
Greedy,3810,3037662008,5346543,5346689,146,completed,-32
Greedy,3808,3658959723,5346341,5346582,241,completed,-11
Greedy,3811,3037662008,5346643,5346798,155,completed,-32
Greedy,3812,3037662008,5346743,5346901,158,completed,-32
Greedy,3809,3658959723,5346443,5346684,241,completed,-11
Greedy,3813,3037662008,5346843,5347004,161,completed,-32
Greedy,3814,3037662008,5347135,5347283,148,completed,-32
Greedy,3815,3037662008,5347235,5347394,159,completed,-32
Greedy,3816,3037662008,5347335,5347497,162,completed,-32
Greedy,3817,3037662008,5347435,5347600,165,completed,-32
Greedy,3818,3037662008,5347535,5347703,168,completed,-32
Greedy,3819,3037662008,5347635,5347806,171,completed,-32
Greedy,3820,3037662008,5347735,5347909,174,completed,-32
Greedy,3821,3037662008,5347835,5348012,177,completed,-32
Greedy,3822,3037662008,5348132,5348280,148,completed,-32
Greedy,3823,3037662008,5348232,5348383,151,completed,-32
Greedy,3824,3037662008,5348332,5348505,173,completed,-36
Greedy,3826,3658959723,5348532,5348683,151,completed,-11
Greedy,3825,3037662008,5348432,5348608,176,completed,-36
Greedy,3827,3658959723,5348632,5348793,161,completed,-11
Greedy,3828,3658959723,5348732,5348895,163,completed,-11
Greedy,3829,3658959723,5348832,5348998,166,completed,-11
Greedy,3830,3658959723,5349137,5349291,154,completed,-11
Greedy,3831,3658959723,5349237,5349401,164,completed,-11
Greedy,3832,3658959723,5349337,5349504,167,completed,-11
Greedy,3833,3658959723,5349437,5349607,170,completed,-11
Greedy,3834,3658959723,5349537,5349710,173,completed,-11
Greedy,3835,3658959723,5349637,5349813,176,completed,-11
Greedy,3836,3658959723,5349737,5349916,179,completed,-11
Greedy,3837,3658959723,5349837,5350019,182,completed,-11
Greedy,3838,3658959723,5350133,5350287,154,completed,-11
Greedy,3839,3658959723,5350233,5350397,164,completed,-11
Greedy,3840,3658959723,5350333,5350500,167,completed,-11
Greedy,3841,3658959723,5350433,5350603,170,completed,-12
Greedy,3842,3037662008,5350533,5350681,148,completed,-31
Greedy,3843,3037662008,5350633,5350784,151,completed,-31
Greedy,3844,3037662008,5350733,5350887,154,completed,-31
Greedy,3845,3037662008,5350833,5350990,157,completed,-31
Greedy,3846,3037662008,5350933,5351274,341,completed,-31
Greedy,3847,3037662008,5351142,5351377,235,completed,-31
Greedy,3848,3037662008,5351242,5351480,238,completed,-31
Greedy,3849,3037662008,5351344,5351583,239,completed,-31
Greedy,3850,3037662008,5351445,5351686,241,completed,-31
Greedy,3851,3037662008,5351545,5351792,247,completed,-31
Greedy,3852,3037662008,5351645,5351895,250,completed,-31
Greedy,3853,3037662008,5351745,5351998,253,completed,-31
Greedy,3854,3037662008,5351845,5352100,255,completed,-31
Greedy,3855,3037662008,5352135,5352284,149,completed,-31
Greedy,3856,3037662008,5352235,5352387,152,completed,-31
Greedy,3857,3037662008,5352335,5352490,155,completed,-31
Greedy,3859,3658959723,5352535,5352687,152,completed,-11
Greedy,3858,3037662008,5352435,5352593,158,completed,-36
Greedy,3860,3658959723,5352635,5352796,161,completed,-11
Greedy,3861,3658959723,5352735,5352899,164,completed,-11
Greedy,3862,3658959723,5352835,5353001,166,completed,-11
Greedy,3863,3658959723,5352935,5353289,354,completed,-11
Greedy,3864,3658959723,5353143,5353397,254,completed,-11
Greedy,3865,3658959723,5353243,5353619,376,completed,-11
Greedy,3866,3658959723,5353343,5353722,379,completed,-11
Greedy,3867,3658959723,5353443,5353825,382,completed,-11
Greedy,3868,3658959723,5353543,5353928,385,completed,-11
Greedy,3869,3658959723,5353643,5354031,388,completed,-11
Greedy,3870,3658959723,5353743,5354133,390,completed,-11
Greedy,3871,3658959723,5353843,5354234,391,completed,-11
Greedy,3872,3658959723,5354138,5354337,199,completed,-11
Greedy,3873,3658959723,5354238,5354440,202,completed,-11
Greedy,3874,3658959723,5354338,5354543,205,completed,-11
Greedy,3875,3658959723,5354438,5354644,206,completed,-11
Greedy,3876,3037662008,5354538,5354685,147,completed,-33
Greedy,3877,3037662008,5354638,5354800,162,completed,-33
Greedy,3878,3037662008,5354738,5354903,165,completed,-33
Greedy,3879,3037662008,5354838,5355006,168,completed,-33
Greedy,3880,3037662008,5354938,5355279,341,completed,-33
Greedy,3881,3037662008,5355147,5355382,235,completed,-33
Greedy,3882,3037662008,5355247,5355485,238,completed,-33
Greedy,3883,3037662008,5355347,5355588,241,completed,-33
Greedy,3884,3037662008,5355447,5355695,248,completed,-33
Greedy,3885,3037662008,5355547,5355798,251,completed,-33
Greedy,3886,3037662008,5355647,5355901,254,completed,-33
Greedy,3887,3037662008,5355747,5356004,257,completed,-33
Greedy,3888,3037662008,5355847,5356106,259,completed,-33
Greedy,3889,3037662008,5356143,5356292,149,completed,-33
Greedy,3890,3037662008,5356243,5356395,152,completed,-33
Greedy,3891,3037662008,5356343,5356498,155,completed,-33
Greedy,3893,3658959723,5356543,5356695,152,completed,-11
Greedy,3894,3658959723,5356643,5356798,155,completed,-11
Greedy,3895,3658959723,5356743,5356901,158,completed,-11
Greedy,3892,3037662008,5356443,5356602,159,completed,-36
Greedy,3896,3658959723,5356843,5357004,161,completed,-11
Greedy,3897,3658959723,5357146,5357341,195,completed,-11
Greedy,3898,3658959723,5357246,5357449,203,completed,-11
Greedy,3899,3658959723,5357346,5357552,206,completed,-11
Greedy,3900,3658959723,5357446,5357655,209,completed,-11
Greedy,3901,3658959723,5357546,5357758,212,completed,-11
Greedy,3902,3658959723,5357646,5357861,215,completed,-11
Greedy,3903,3658959723,5357746,5357964,218,completed,-11
Greedy,3904,3658959723,5357846,5358067,221,completed,-11
Greedy,3905,3658959723,5358146,5358298,152,completed,-11
Greedy,3906,3658959723,5358246,5358408,162,completed,-11
Greedy,3907,3658959723,5358346,5358511,165,completed,-11
Greedy,3908,3658959723,5358446,5358614,168,completed,-12
Greedy,3909,3658959723,5358546,5358716,170,completed,-12
Greedy,3910,3037662008,5358646,5358792,146,completed,-33
Greedy,3911,3658959723,5358746,5358899,153,completed,-12
Greedy,3912,3658959723,5358846,5359002,156,completed,-12
Greedy,3913,3658959723,5359151,5359303,152,completed,-12
Greedy,3914,3658959723,5359251,5359413,162,completed,-12
Greedy,3915,3658959723,5359351,5359522,171,completed,-12
Greedy,3916,3658959723,5359451,5359625,174,completed,-12
Greedy,3917,3658959723,5359551,5359728,177,completed,-12
Greedy,3918,3658959723,5359651,5359831,180,completed,-12
Greedy,3919,3658959723,5359751,5359934,183,completed,-12
Greedy,3920,3658959723,5359851,5360037,186,completed,-12
Greedy,3921,3658959723,5360140,5360294,154,completed,-12
Greedy,3922,3658959723,5362361,5362708,347,completed,-11
Greedy,3923,3658959723,5362568,5362847,279,completed,-11
Greedy,3924,3658959723,5362671,5362955,284,completed,-11
Greedy,3925,3658959723,5362771,5363064,293,completed,-11
Greedy,3926,3658959723,5362871,5363167,296,completed,-11
Greedy,3927,3658959723,5362971,5363270,299,completed,-11
Greedy,3928,3658959723,5363071,5363373,302,completed,-11
Greedy,3929,3658959723,5363171,5363476,305,completed,-11
Greedy,3930,3658959723,5363271,5363579,308,completed,-11
Greedy,3931,3658959723,5363561,5363716,155,completed,-11
Greedy,3932,3658959723,5363661,5363819,158,completed,-11
Greedy,3933,3658959723,5363761,5363922,161,completed,-11
Greedy,3934,3658959723,5363861,5364025,164,completed,-11
Greedy,3935,3658959723,5363961,5364128,167,completed,-11
Greedy,3936,3658959723,5364061,5364231,170,completed,-11
Greedy,3937,3658959723,5364161,5364334,173,completed,-11
Greedy,3938,3658959723,5364261,5364437,176,completed,-11
Greedy,3939,3658959723,5364361,5364542,181,completed,-11
Greedy,3940,3658959723,5364570,5364725,155,completed,-11
Greedy,3941,3658959723,5364670,5364827,157,completed,-11
Greedy,3942,3658959723,5364770,5364929,159,completed,-11
Greedy,3943,3658959723,5364870,5365032,162,completed,-11
Greedy,3944,3658959723,5364970,5365135,165,completed,-11
Greedy,3945,3658959723,5365070,5365238,168,completed,-11
Greedy,3946,3658959723,5365170,5365341,171,completed,-11
Greedy,3947,3658959723,5365270,5365444,174,completed,-11
Greedy,3948,3658959723,5365564,5365717,153,completed,-11
Greedy,3949,3658959723,5365664,5365827,163,completed,-11
Greedy,3950,3658959723,5365764,5365930,166,completed,-11
Greedy,3951,3658959723,5365864,5366032,168,completed,-11
Greedy,3952,3658959723,5365964,5366135,171,completed,-11
Greedy,3953,3658959723,5366064,5366237,173,completed,-11
Greedy,3954,3658959723,5366164,5366340,176,completed,-11
Greedy,3955,3658959723,5366264,5366443,179,completed,-11
Greedy,3956,3658959723,5366364,5366546,182,completed,-11
Greedy,3957,3658959723,5366570,5366730,160,completed,-11
Greedy,3958,3658959723,5366670,5366833,163,completed,-11
Greedy,3959,3658959723,5366770,5366936,166,completed,-11
Greedy,3960,3658959723,5366870,5367039,169,completed,-11
Greedy,3961,3658959723,5366970,5367142,172,completed,-11
Greedy,3962,3658959723,5367070,5367245,175,completed,-11
Greedy,3963,3658959723,5367170,5367348,178,completed,-11
Greedy,3964,3658959723,5367270,5367451,181,completed,-11
Greedy,3965,3658959723,5367370,5367717,347,completed,-11
Greedy,3966,3658959723,5367565,5367820,255,completed,-11
Greedy,3967,3658959723,5367665,5367925,260,completed,-11
Greedy,3968,3658959723,5367765,5368028,263,completed,-11
Greedy,3969,3658959723,5367865,5368131,266,completed,-11
Greedy,3970,3658959723,5367965,5368234,269,completed,-11
Greedy,3971,3658959723,5368065,5368337,272,completed,-11
Greedy,3972,3658959723,5368165,5368441,276,completed,-11
Greedy,3973,3658959723,5368265,5368544,279,completed,-11
Greedy,3974,3658959723,5368365,5368645,280,completed,-11
Greedy,3975,3658959723,5368575,5368747,172,completed,-11
Greedy,3976,3658959723,5368675,5368850,175,completed,-11
Greedy,3977,3658959723,5368775,5368953,178,completed,-11
Greedy,3978,3658959723,5368875,5369056,181,completed,-11
Greedy,3979,3658959723,5368975,5369159,184,completed,-11
Greedy,3980,3658959723,5369075,5369262,187,completed,-11
Greedy,3981,3658959723,5369175,5369365,190,completed,-11
Greedy,3982,3658959723,5369275,5369468,193,completed,-11
Greedy,3983,3658959723,5369566,5369721,155,completed,-11
Greedy,3984,3658959723,5369666,5369824,158,completed,-11
Greedy,3985,3658959723,5369766,5369927,161,completed,-11
Greedy,3986,3658959723,5369866,5370030,164,completed,-11
Greedy,3987,3658959723,5369966,5370132,166,completed,-11
Greedy,3988,3658959723,5370066,5370235,169,completed,-11
Greedy,3989,3658959723,5370166,5370338,172,completed,-11
Greedy,3990,3658959723,5370266,5370441,175,completed,-11
Greedy,3991,3658959723,5370366,5370545,179,completed,-12
Greedy,3992,3658959723,5370577,5370730,153,completed,-12
Greedy,3993,3658959723,5370677,5370833,156,completed,-12
Greedy,3994,3658959723,5370777,5370936,159,completed,-12
Greedy,3995,3658959723,5370877,5371039,162,completed,-12
Greedy,3996,3658959723,5370977,5371142,165,completed,-12
Greedy,3997,3658959723,5371077,5371245,168,completed,-12
Greedy,3998,3658959723,5371177,5371348,171,completed,-12
Greedy,3999,3658959723,5371277,5371451,174,completed,-12
Greedy,4000,3658959723,5371572,5371725,153,completed,-12
Greedy,4001,3658959723,5371672,5371834,162,completed,-12
Greedy,4002,3658959723,5371772,5371937,165,completed,-12
Greedy,4003,3658959723,5371872,5372040,168,completed,-12
Greedy,4004,3658959723,5371972,5372143,171,completed,-12
Greedy,4005,3658959723,5372072,5372246,174,completed,-12
Greedy,4006,3658959723,5372172,5372349,177,completed,-12
Greedy,4007,3658959723,5372272,5372452,180,completed,-12
Greedy,4008,3658959723,5372372,5372723,351,completed,-12
Greedy,4009,3658959723,5372580,5372826,246,completed,-12
Greedy,4010,3658959723,5372680,5372932,252,completed,-12
Greedy,4011,3658959723,5372780,5373035,255,completed,-12
Greedy,4012,3658959723,5372880,5373138,258,completed,-12
Greedy,4013,3658959723,5372980,5373241,261,completed,-12
Greedy,4014,3658959723,5373080,5373344,264,completed,-12
Greedy,4015,3658959723,5373180,5373447,267,completed,-12
Greedy,4016,3658959723,5373280,5373550,270,completed,-12
Greedy,4017,3658959723,5373574,5373729,155,completed,-12
Greedy,4018,3658959723,5373674,5373831,157,completed,-12
Greedy,4019,3658959723,5373774,5373934,160,completed,-12
Greedy,4020,3658959723,5373874,5374037,163,completed,-12
Greedy,4021,3658959723,5373974,5374140,166,completed,-12
Greedy,4022,3658959723,5374074,5374243,169,completed,-12
Greedy,4023,3658959723,5374174,5374346,172,completed,-12
Greedy,4024,3658959723,5374274,5374449,175,completed,-12
Greedy,4025,3658959723,5374374,5374724,350,completed,-11
Greedy,4026,3658959723,5374579,5374827,248,completed,-11
Greedy,4027,3658959723,5374679,5374934,255,completed,-11
Greedy,4028,3658959723,5374779,5375037,258,completed,-11
Greedy,4029,3658959723,5374879,5375140,261,completed,-11
Greedy,4030,3658959723,5374979,5375243,264,completed,-11
Greedy,4031,3658959723,5375079,5375346,267,completed,-11
Greedy,4032,3658959723,5375179,5375449,270,completed,-11
Greedy,4033,3658959723,5375279,5375552,273,completed,-11
Greedy,4034,3658959723,5375379,5375725,346,completed,-11
Greedy,4035,3658959723,5375580,5375828,248,completed,-11
Greedy,4036,3658959723,5375680,5375935,255,completed,-11
Greedy,4037,3658959723,5375780,5376038,258,completed,-11
Greedy,4038,3658959723,5375880,5376141,261,completed,-11
Greedy,4039,3658959723,5375980,5376244,264,completed,-11
Greedy,4040,3658959723,5376080,5376347,267,completed,-11
Greedy,4041,3658959723,5376180,5376450,270,completed,-11
Greedy,4042,3658959723,5376280,5376553,273,completed,-12
Greedy,4043,3658959723,5376380,5376726,346,completed,-12
Greedy,4044,3658959723,5376584,5376829,245,completed,-12
Greedy,4045,3658959723,5376688,5376932,244,completed,-12
Greedy,4046,3658959723,5376791,5377035,244,completed,-12
Greedy,4047,3658959723,5376891,5377138,247,completed,-12
Greedy,4048,3658959723,5376991,5377241,250,completed,-12
Greedy,4049,3658959723,5377091,5377344,253,completed,-12
Greedy,4050,3658959723,5377191,5377447,256,completed,-12
Greedy,4051,3658959723,5377291,5377550,259,completed,-12
Greedy,4052,3658959723,5377583,5377735,152,completed,-12
Greedy,4053,3658959723,5379791,5380138,347,completed,-11
Greedy,4054,3658959723,5379994,5380246,252,completed,-11
Greedy,4055,3658959723,5380094,5380384,290,completed,-11
Greedy,4056,3658959723,5380194,5380487,293,completed,-11
Greedy,4057,3658959723,5380294,5380590,296,completed,-12
Greedy,4058,3658959723,5380394,5380693,299,completed,-12
Greedy,4059,3658959723,5380494,5380796,302,completed,-12
Greedy,4060,3658959723,5380594,5380899,305,completed,-12
Greedy,4061,3658959723,5380694,5381002,308,completed,-12
Greedy,4062,3658959723,5380794,5381141,347,completed,-12
Greedy,4063,3658959723,5380996,5381244,248,completed,-12
Greedy,4064,3658959723,5381098,5381349,251,completed,-12
Greedy,4065,3658959723,5381198,5381452,254,completed,-12
Greedy,4066,3658959723,5381298,5381555,257,completed,-12
Greedy,4067,3658959723,5381398,5381658,260,completed,-12
Greedy,4068,3658959723,5381498,5381761,263,completed,-12
Greedy,4069,3658959723,5381598,5381864,266,completed,-12
Greedy,4070,3658959723,5381698,5381967,269,completed,-12
Greedy,4071,3658959723,5381996,5382152,156,completed,-12
Greedy,4072,3658959723,5382096,5382254,158,completed,-12
Greedy,4073,3658959723,5382196,5382372,176,completed,-12
Greedy,4074,3658959723,5382296,5382474,178,completed,-12
Greedy,4075,3658959723,5382396,5382577,181,completed,-11
Greedy,4076,3658959723,5382496,5382680,184,completed,-11
Greedy,4077,3658959723,5382596,5382783,187,completed,-11
Greedy,4078,3658959723,5382696,5382886,190,completed,-11
Greedy,4079,3658959723,5382796,5383143,347,completed,-11
Greedy,4080,3658959723,5382991,5383347,356,completed,-11
Greedy,4081,3658959723,5383094,5383450,356,completed,-11
Greedy,4082,3658959723,5383194,5383553,359,completed,-11
Greedy,4083,3658959723,5383294,5383656,362,completed,-11
Greedy,4084,3658959723,5383394,5383759,365,completed,-11
Greedy,4085,3658959723,5383494,5383862,368,completed,-11
Greedy,4086,3658959723,5383594,5383965,371,completed,-11
Greedy,4087,3658959723,5383694,5384066,372,completed,-11
Greedy,4088,3658959723,5383794,5384169,375,completed,-11
Greedy,4089,3658959723,5383999,5384272,273,completed,-11
Greedy,4090,3658959723,5384099,5384375,276,completed,-11
Greedy,4091,3658959723,5384199,5384478,279,completed,-11
Greedy,4092,3658959723,5384299,5384581,282,completed,-11
Greedy,4093,3658959723,5384399,5384683,284,completed,-11
Greedy,4094,3658959723,5384499,5384786,287,completed,-11
Greedy,4095,3658959723,5384599,5384889,290,completed,-11
Greedy,4096,3658959723,5384699,5384991,292,completed,-11
Greedy,4097,3658959723,5384799,5385149,350,completed,-11
Greedy,4098,3658959723,5384994,5385252,258,completed,-11
Greedy,4099,3658959723,5385096,5385355,259,completed,-11
Greedy,4100,3658959723,5385196,5385458,262,completed,-11
Greedy,4101,3658959723,5385296,5385561,265,completed,-11
Greedy,4102,3658959723,5385396,5385664,268,completed,-11
Greedy,4103,3658959723,5385496,5385767,271,completed,-11
Greedy,4104,3658959723,5385596,5385870,274,completed,-11
Greedy,4105,3658959723,5385696,5385973,277,completed,-11
Greedy,4106,3658959723,5385796,5386075,279,completed,-11
Greedy,4107,3658959723,5386001,5386178,177,completed,-11
Greedy,4108,3658959723,5386101,5386281,180,completed,-11
Greedy,4109,3658959723,5386201,5386383,182,completed,-11
Greedy,4110,3658959723,5386301,5386486,185,completed,-11
Greedy,4111,3658959723,5386401,5386589,188,completed,-11
Greedy,4112,3658959723,5386501,5386692,191,completed,-11
Greedy,4113,3658959723,5386601,5386795,194,completed,-11
Greedy,4114,3658959723,5386701,5386898,197,completed,-11
Greedy,4115,3658959723,5386801,5387146,345,completed,-11
Greedy,4116,3658959723,5386996,5387252,256,completed,-11
Greedy,4117,3658959723,5387098,5387412,314,completed,-11
Greedy,4118,3658959723,5387198,5387521,323,completed,-11
Greedy,4119,3658959723,5387298,5387631,333,completed,-11
Greedy,4120,3658959723,5387398,5387734,336,completed,-11
Greedy,4121,3658959723,5387498,5387837,339,completed,-11
Greedy,4122,3658959723,5387598,5387940,342,completed,-11
Greedy,4123,3658959723,5387698,5388043,345,completed,-11
Greedy,4124,3658959723,5387800,5388149,349,completed,-11
Greedy,4125,3658959723,5388004,5388252,248,completed,-11
Greedy,4126,3658959723,5388107,5388355,248,completed,-11
Greedy,4127,3658959723,5388207,5388459,252,completed,-11
Greedy,4130,3037662008,5388507,5388654,147,completed,-35
Greedy,4131,3037662008,5388607,5388757,150,completed,-35
Greedy,4132,3037662008,5388707,5388860,153,completed,-35
Greedy,4128,3658959723,5388307,5388562,255,completed,-12
Greedy,4129,3658959723,5388407,5388663,256,completed,-12
Greedy,4133,3037662008,5388998,5389147,149,completed,-35
Greedy,4134,3037662008,5389099,5389250,151,completed,-35
Greedy,4135,3037662008,5389199,5389353,154,completed,-35
Greedy,4136,3037662008,5389299,5389456,157,completed,-35
Greedy,4137,3037662008,5389399,5389559,160,completed,-35
Greedy,4138,3037662008,5389499,5389662,163,completed,-35
Greedy,4139,3037662008,5389599,5389765,166,completed,-35
Greedy,4140,3037662008,5389699,5389868,169,completed,-35
Greedy,4141,3037662008,5389799,5389971,172,completed,-35
Greedy,4142,3037662008,5390004,5390158,154,completed,-35
Greedy,4143,3037662008,5390104,5390261,157,completed,-35
Greedy,4144,3037662008,5390204,5390364,160,completed,-35
Greedy,4145,3037662008,5390304,5390467,163,completed,-35
Greedy,4148,3658959723,5390604,5390756,152,completed,-11
Greedy,4146,3037662008,5390404,5390570,166,completed,-36
Greedy,4149,3658959723,5390704,5390866,162,completed,-11
Greedy,4150,3658959723,5390804,5390969,165,completed,-11
Greedy,4147,3037662008,5390504,5390672,168,completed,-36
Greedy,4151,3658959723,5391004,5391164,160,completed,-11
Greedy,4152,3658959723,5391107,5391282,175,completed,-11
Greedy,4153,3658959723,5391207,5391395,188,completed,-11
Greedy,4154,3658959723,5391307,5391498,191,completed,-11
Greedy,4155,3658959723,5391407,5391601,194,completed,-11
Greedy,4156,3658959723,5391507,5391704,197,completed,-11
Greedy,4157,3658959723,5391607,5391807,200,completed,-11
Greedy,4158,3658959723,5391707,5391910,203,completed,-11
Greedy,4159,3658959723,5391807,5392153,346,completed,-11
Greedy,4160,3658959723,5392008,5392256,248,completed,-11
Greedy,4161,3658959723,5392108,5392357,249,completed,-11
Greedy,4162,3658959723,5392208,5392460,252,completed,-11
Greedy,4163,3658959723,5392308,5392563,255,completed,-11
Greedy,4166,3037662008,5392608,5392756,148,completed,-31
Greedy,4164,3658959723,5392408,5392664,256,completed,-11
Greedy,4167,3037662008,5392708,5392859,151,completed,-31
Greedy,4165,3658959723,5392508,5392766,258,completed,-11
Greedy,4168,3037662008,5392808,5393168,360,completed,-31
Greedy,4169,3037662008,5393013,5393271,258,completed,-31
Greedy,4170,3037662008,5393113,5393374,261,completed,-31
Greedy,4171,3037662008,5393213,5393477,264,completed,-31
Greedy,4172,3037662008,5393313,5393580,267,completed,-31
Greedy,4173,3037662008,5393413,5393683,270,completed,-31
Greedy,4174,3037662008,5393513,5393786,273,completed,-31
Greedy,4175,3037662008,5393613,5393889,276,completed,-31
Greedy,4176,3037662008,5393713,5393992,279,completed,-31
Greedy,4177,3037662008,5394010,5394157,147,completed,-31
Greedy,4178,3037662008,5394110,5394259,149,completed,-31
Greedy,4179,3037662008,5394210,5394362,152,completed,-31
Greedy,4180,3037662008,5394310,5394465,155,completed,-31
Greedy,4181,3037662008,5394410,5394568,158,completed,-37
Greedy,4182,3658959723,5394510,5394663,153,completed,-11
Greedy,4183,3658959723,5394610,5394766,156,completed,-11
Greedy,4184,3658959723,5394710,5394868,158,completed,-11
Greedy,4185,3658959723,5394810,5395157,347,completed,-11
Greedy,4186,3658959723,5395012,5397353,2341,completed,-11
Greedy,4187,3658959723,5397214,5397561,347,completed,-11
Greedy,4188,3658959723,5397413,5398099,686,completed,-11
Greedy,4189,3658959723,5397513,5398201,688,completed,-11
Greedy,4190,3658959723,5397613,5398563,950,completed,-11
Greedy,4191,3658959723,5397713,5398671,958,completed,-13
Greedy,4199,3037662008,5398618,5398765,147,completed,-31
Greedy,4192,3658959723,5397813,5398774,961,completed,-13
Greedy,4200,3037662008,5398718,5398868,150,completed,-31
Greedy,4193,3658959723,5397913,5398877,964,completed,-13
Greedy,4201,3037662008,5398818,5398971,153,completed,-31
Greedy,4194,3658959723,5398013,5398980,967,completed,-13
Greedy,4202,3037662008,5398918,5399074,156,completed,-31
Greedy,4203,3037662008,5399018,5399177,159,completed,-31
Greedy,4195,3658959723,5398113,5399082,969,completed,-13
Greedy,4204,3037662008,5399118,5399280,162,completed,-31
Greedy,4205,3037662008,5399220,5399569,349,completed,-31
Greedy,4206,3037662008,5399424,5399672,248,completed,-31
Greedy,4196,3658959723,5398213,5399184,971,completed,-13
Greedy,4207,3037662008,5399524,5399775,251,completed,-31
Greedy,4208,3037662008,5399624,5399878,254,completed,-31
Greedy,4209,3037662008,5399724,5399981,257,completed,-31
Greedy,4197,3658959723,5398412,5399285,873,completed,-13
Greedy,4198,3658959723,5398518,5399386,868,completed,-13
Greedy,4210,3037662008,5399824,5400084,260,completed,-31
Greedy,4211,3037662008,5399924,5400187,263,completed,-31
Greedy,4212,3037662008,5400024,5400290,266,completed,-31
Greedy,4213,3037662008,5400124,5400392,268,completed,-31
Greedy,4214,3037662008,5400416,5400564,148,completed,-35
Greedy,4216,3658959723,5400616,5400768,152,completed,-11
Greedy,4217,3658959723,5400716,5400907,191,completed,-11
Greedy,4215,3037662008,5400516,5400666,150,completed,-35
Greedy,4218,3658959723,5400816,5401010,194,completed,-11
Greedy,4219,3658959723,5400916,5401113,197,completed,-11
Greedy,4220,3658959723,5401016,5401216,200,completed,-11
Greedy,4221,3658959723,5401116,5401319,203,completed,-11
Greedy,4222,3658959723,5401216,5401422,206,completed,-11
Greedy,4223,3658959723,5401423,5401576,153,completed,-11
Greedy,4224,3658959723,5401523,5401679,156,completed,-11
Greedy,4225,3658959723,5401623,5401782,159,completed,-11
Greedy,4226,3658959723,5401723,5401885,162,completed,-11
Greedy,4227,3658959723,5401823,5401989,166,completed,-11
Greedy,4228,3658959723,5401923,5402092,169,completed,-11
Greedy,4229,3658959723,5402023,5402195,172,completed,-11
Greedy,4230,3658959723,5402123,5402298,175,completed,-11
Greedy,4231,3658959723,5402223,5402570,347,completed,-12
Greedy,4232,3658959723,5402418,5402773,355,completed,-12
Greedy,4235,3037662008,5402718,5402864,146,completed,-32
Greedy,4233,3658959723,5402518,5402876,358,completed,-12
Greedy,4236,3037662008,5402818,5402973,155,completed,-32
Greedy,4234,3658959723,5402618,5402979,361,completed,-12
Greedy,4237,3037662008,5402918,5403076,158,completed,-32
Greedy,4238,3037662008,5403018,5403179,161,completed,-32
Greedy,4239,3037662008,5403118,5403282,164,completed,-32
Greedy,4240,3037662008,5403218,5403385,167,completed,-32
Greedy,4241,3037662008,5403426,5403572,146,completed,-32
Greedy,4242,3037662008,5403526,5403682,156,completed,-32
Greedy,4243,3037662008,5403626,5403785,159,completed,-32
Greedy,4244,3037662008,5403726,5403888,162,completed,-32
Greedy,4245,3037662008,5403826,5403991,165,completed,-32
Greedy,4246,3037662008,5403926,5404094,168,completed,-32
Greedy,4247,3037662008,5404026,5404197,171,completed,-32
Greedy,4248,3037662008,5404126,5404300,174,completed,-32
Greedy,4251,3658959723,5404521,5404673,152,completed,-11
Greedy,4249,3037662008,5404226,5404568,342,completed,-37
Greedy,4252,3658959723,5404621,5404820,199,completed,-11
Greedy,4253,3658959723,5404721,5404923,202,completed,-11
Greedy,4250,3037662008,5404421,5404670,249,completed,-37
Greedy,4254,3658959723,5404821,5405026,205,completed,-11
Greedy,4255,3658959723,5404921,5405129,208,completed,-11
Greedy,4256,3658959723,5405021,5405232,211,completed,-11
Greedy,4257,3658959723,5405121,5405335,214,completed,-11
Greedy,4258,3658959723,5405223,5405438,215,completed,-11
Greedy,4259,3658959723,5405428,5405580,152,completed,-11
Greedy,4260,3658959723,5405528,5405683,155,completed,-11
Greedy,4261,3658959723,5405628,5405786,158,completed,-11
Greedy,4262,3658959723,5405728,5405889,161,completed,-11
Greedy,4263,3658959723,5405828,5405992,164,completed,-11
Greedy,4264,3658959723,5405928,5406095,167,completed,-11
Greedy,4265,3658959723,5406028,5406198,170,completed,-11
Greedy,4266,3658959723,5406128,5406301,173,completed,-11
Greedy,4267,3658959723,5406228,5406404,176,completed,-11
Greedy,4269,3037662008,5406529,5406677,148,completed,-33
Greedy,4270,3037662008,5406629,5406780,151,completed,-33
Greedy,4268,3658959723,5406428,5406584,156,completed,-11
Greedy,4271,3037662008,5406729,5406883,154,completed,-33
Greedy,4272,3037662008,5406829,5406986,157,completed,-33
Greedy,4273,3037662008,5406929,5407089,160,completed,-33
Greedy,4274,3037662008,5407029,5407192,163,completed,-33
Greedy,4275,3037662008,5407129,5407295,166,completed,-33
Greedy,4276,3037662008,5407229,5407398,169,completed,-33
Greedy,4277,3037662008,5407430,5407582,152,completed,-33
Greedy,4278,3037662008,5407530,5407685,155,completed,-33
Greedy,4279,3037662008,5407630,5407788,158,completed,-33
Greedy,4280,3037662008,5407730,5407891,161,completed,-33
Greedy,4281,3037662008,5407830,5407994,164,completed,-33
Greedy,4282,3037662008,5407930,5408097,167,completed,-33
Greedy,4283,3037662008,5408030,5408200,170,completed,-33
Greedy,4284,3037662008,5408130,5408303,173,completed,-33
Greedy,4285,3037662008,5408230,5408406,176,completed,-33
Greedy,4287,3658959723,5408531,5408683,152,completed,-11
Greedy,4288,3658959723,5408631,5408786,155,completed,-11
Greedy,4286,3037662008,5408431,5408580,149,completed,-35
Greedy,4289,3658959723,5408731,5408889,158,completed,-11
Greedy,4290,3658959723,5408831,5408992,161,completed,-11
Greedy,4291,3658959723,5408931,5409095,164,completed,-11
Greedy,4292,3658959723,5409031,5409197,166,completed,-11
Greedy,4293,3658959723,5409131,5409300,169,completed,-11
Greedy,4294,3658959723,5409231,5409403,172,completed,-11
Greedy,4295,3658959723,5409434,5409586,152,completed,-11
Greedy,4296,3658959723,5409534,5409695,161,completed,-11
Greedy,4297,3658959723,5409634,5409804,170,completed,-11
Greedy,4298,3658959723,5409734,5409915,181,completed,-11
Greedy,4299,3658959723,5409834,5410018,184,completed,-11
Greedy,4300,3658959723,5409934,5410121,187,completed,-11
Greedy,4301,3658959723,5410034,5410224,190,completed,-11
Greedy,4302,3658959723,5410134,5410327,193,completed,-11
Greedy,4303,3658959723,5410234,5410430,196,completed,-11
Greedy,4305,3037662008,5410534,5410681,147,completed,-35
Greedy,4304,3658959723,5410434,5410592,158,completed,-11
Greedy,4306,3037662008,5410634,5410784,150,completed,-35
Greedy,4307,3037662008,5410734,5410887,153,completed,-35
Greedy,4308,3037662008,5410834,5410990,156,completed,-35
Greedy,4309,3037662008,5410934,5411093,159,completed,-35
Greedy,4310,3037662008,5411034,5411196,162,completed,-35
Greedy,4311,3037662008,5411134,5411299,165,completed,-35
Greedy,4312,3037662008,5411234,5411577,343,completed,-35
Greedy,4313,3037662008,5411437,5411686,249,completed,-35
Greedy,4314,3037662008,5411537,5411789,252,completed,-35
Greedy,4315,3037662008,5411637,5411892,255,completed,-35
Greedy,4316,3037662008,5411737,5411995,258,completed,-35
Greedy,4317,3037662008,5411837,5412098,261,completed,-35
Greedy,4318,3037662008,5411937,5412201,264,completed,-35
Greedy,4319,3037662008,5412037,5412304,267,completed,-35
Greedy,4320,3037662008,5412137,5412407,270,completed,-35
Greedy,4321,3037662008,5412237,5412580,343,completed,-33
Greedy,4322,3037662008,5412440,5412682,242,completed,-33
Greedy,4323,3658959723,5414648,5414994,346,completed,-11
Greedy,4324,3658959723,5414850,5415443,593,completed,-11
Greedy,4325,3658959723,5414950,5415719,769,completed,-11
Greedy,4326,3658959723,5415050,5415820,770,completed,-11
Greedy,4327,3658959723,5415150,5415995,845,completed,-11
Greedy,4328,3658959723,5415250,5416268,1018,completed,-11
Greedy,4329,3658959723,5415350,5416542,1192,completed,-11
Greedy,4330,3658959723,5415450,5417001,1551,completed,-11
Greedy,4331,3658959723,5415550,5417104,1554,completed,-11
Greedy,4332,3658959723,5415650,5417207,1557,completed,-11
Greedy,4333,3658959723,5415846,5417310,1464,completed,-11
Greedy,4334,3658959723,5415946,5417413,1467,completed,-11
Greedy,4335,3658959723,5416046,5417516,1470,completed,-11
Greedy,4336,3658959723,5416146,5417619,1473,completed,-11
Greedy,4337,3658959723,5416246,5417722,1476,completed,-11
Greedy,4338,3658959723,5416346,5417825,1479,completed,-11
Greedy,4339,3658959723,5416446,5417927,1481,completed,-11
Greedy,4340,3658959723,5416546,5418030,1484,completed,-11
Greedy,4341,3658959723,5416646,5418133,1487,completed,-11
Greedy,4342,3658959723,5416853,5418236,1383,completed,-11
Greedy,4343,3658959723,5416953,5418339,1386,completed,-11
Greedy,4344,3658959723,5417053,5418441,1388,completed,-11
Greedy,4345,3658959723,5417153,5418544,1391,completed,-11
Greedy,4346,3658959723,5417253,5418647,1394,completed,-12
Greedy,4347,3658959723,5417353,5418749,1396,completed,-12
Greedy,4348,3658959723,5417453,5418852,1399,completed,-12
Greedy,4359,3037662008,5418656,5419004,348,completed,-30
Greedy,4360,3037662008,5418857,5419117,260,completed,-30
Greedy,4349,3658959723,5417553,5418954,1401,completed,-12
Greedy,4361,3037662008,5418957,5419223,266,completed,-30
Greedy,4362,3037662008,5419057,5419326,269,completed,-30
Greedy,4363,3037662008,5419157,5419429,272,completed,-30
Greedy,4350,3658959723,5417653,5419056,1403,completed,-12
Greedy,4364,3037662008,5419257,5419532,275,completed,-30
Greedy,4365,3037662008,5419357,5419635,278,completed,-30
Greedy,4366,3037662008,5419457,5419738,281,completed,-30
Greedy,4351,3658959723,5417855,5419157,1302,completed,-12
Greedy,4367,3037662008,5419557,5419841,284,completed,-30
Greedy,4352,3658959723,5417955,5419258,1303,completed,-12
Greedy,4368,3037662008,5419657,5419999,342,completed,-30
Greedy,4369,3037662008,5419860,5420102,242,completed,-30
Greedy,4353,3658959723,5418055,5419360,1305,completed,-12
Greedy,4370,3037662008,5419960,5420207,247,completed,-30
Greedy,4371,3037662008,5420060,5420309,249,completed,-30
Greedy,4372,3037662008,5420160,5420412,252,completed,-30
Greedy,4354,3658959723,5418155,5419462,1307,completed,-12
Greedy,4373,3037662008,5420260,5420515,255,completed,-30
Greedy,4374,3037662008,5420360,5420618,258,completed,-32
Greedy,4355,3658959723,5418255,5419563,1308,completed,-12
Greedy,4375,3037662008,5420460,5420720,260,completed,-32
Greedy,4356,3658959723,5418355,5419665,1310,completed,-12
Greedy,4357,3658959723,5418455,5419767,1312,completed,-12
Greedy,4358,3658959723,5418555,5419868,1313,completed,-12
Greedy,4376,3037662008,5420560,5420823,263,completed,-32
Greedy,4377,3658959723,5420664,5421011,347,completed,-10
Greedy,4378,3658959723,5420870,5421113,243,completed,-10
Greedy,4379,3658959723,5420970,5421215,245,completed,-10
Greedy,4380,3658959723,5421070,5421317,247,completed,-10
Greedy,4381,3658959723,5421170,5421422,252,completed,-10
Greedy,4382,3658959723,5421270,5421525,255,completed,-10
Greedy,4383,3658959723,5421370,5421628,258,completed,-10
Greedy,4384,3658959723,5421470,5421731,261,completed,-10
Greedy,4385,3658959723,5421570,5421834,264,completed,-10
Greedy,4386,3658959723,5421864,5422018,154,completed,-10
Greedy,4387,3658959723,5421964,5422120,156,completed,-10
Greedy,4388,3658959723,5422064,5422223,159,completed,-10
Greedy,4389,3658959723,5422164,5422326,162,completed,-10
Greedy,4390,3658959723,5422264,5422428,164,completed,-10
Greedy,4391,3658959723,5422364,5422530,166,completed,-10
Greedy,4392,3658959723,5422464,5422633,169,completed,-12
Greedy,4393,3658959723,5422564,5422734,170,completed,-12
Greedy,4394,3037662008,5422664,5423014,350,completed,-34
Greedy,4395,3037662008,5422869,5423117,248,completed,-34
Greedy,4396,3037662008,5422969,5423221,252,completed,-34
Greedy,4397,3037662008,5423069,5423323,254,completed,-34
Greedy,4398,3037662008,5423169,5423426,257,completed,-34
Greedy,4399,3037662008,5423269,5423529,260,completed,-34
Greedy,4400,3037662008,5423369,5423632,263,completed,-34
Greedy,4401,3037662008,5423469,5423735,266,completed,-34
Greedy,4402,3037662008,5423569,5423838,269,completed,-34
Greedy,4403,3037662008,5423865,5424015,150,completed,-34
Greedy,4404,3037662008,5423965,5424118,153,completed,-34
Greedy,4405,3037662008,5424065,5424221,156,completed,-34
Greedy,4406,3037662008,5424165,5424324,159,completed,-34
Greedy,4407,3037662008,5424265,5424427,162,completed,-34
Greedy,4408,3037662008,5424365,5424530,165,completed,-34
Greedy,4409,3037662008,5424465,5424633,168,completed,-34
Greedy,4410,3658959723,5424565,5424718,153,completed,-11
Greedy,4411,3658959723,5424665,5425026,361,completed,-11
Greedy,4412,3658959723,5424869,5425135,266,completed,-11
Greedy,4413,3658959723,5424969,5425238,269,completed,-11
Greedy,4414,3658959723,5425069,5425341,272,completed,-11
Greedy,4415,3658959723,5425169,5425444,275,completed,-11
Greedy,4416,3658959723,5425269,5425547,278,completed,-11
Greedy,4417,3658959723,5425369,5425650,281,completed,-11
Greedy,4418,3658959723,5425469,5425753,284,completed,-11
Greedy,4419,3658959723,5425569,5425856,287,completed,-11
Greedy,4420,3658959723,5425669,5425958,289,completed,-11
Greedy,4421,3658959723,5425869,5426061,192,completed,-11
Greedy,4422,3658959723,5425969,5426164,195,completed,-11
Greedy,4423,3658959723,5426069,5426267,198,completed,-11
Greedy,4424,3658959723,5426169,5426370,201,completed,-11
Greedy,4425,3658959723,5426269,5426473,204,completed,-11
Greedy,4426,3658959723,5426369,5426576,207,completed,-11
Greedy,4427,3658959723,5426469,5426679,210,completed,-12
Greedy,4428,3658959723,5426569,5426782,213,completed,-12
Greedy,4429,3037662008,5426669,5427018,349,completed,-34
Greedy,4430,3037662008,5426871,5427125,254,completed,-34
Greedy,4431,3037662008,5426971,5427228,257,completed,-34
Greedy,4432,3037662008,5427071,5427331,260,completed,-34
Greedy,4433,3037662008,5427171,5427434,263,completed,-34
Greedy,4434,3037662008,5427271,5427537,266,completed,-34
Greedy,4435,3037662008,5427371,5427640,269,completed,-34
Greedy,4436,3037662008,5427471,5427743,272,completed,-34
Greedy,4437,3037662008,5427571,5427846,275,completed,-34
Greedy,4438,3037662008,5427671,5427948,277,completed,-34
Greedy,4439,3037662008,5427872,5428050,178,completed,-34
Greedy,4440,3037662008,5427972,5428152,180,completed,-34
Greedy,4441,3037662008,5428072,5428254,182,completed,-34
Greedy,4442,3037662008,5428172,5428357,185,completed,-34
Greedy,4443,3037662008,5428272,5428460,188,completed,-34
Greedy,4444,3037662008,5428372,5428563,191,completed,-32
Greedy,4445,3037662008,5428472,5428665,193,completed,-32
Greedy,4446,3658959723,5428572,5428724,152,completed,-11
Greedy,4447,3658959723,5428672,5429119,447,completed,-11
Greedy,4448,3658959723,5428873,5429231,358,completed,-11
Greedy,4449,3658959723,5428973,5429341,368,completed,-11
Greedy,4450,3658959723,5429073,5429444,371,completed,-11
Greedy,4451,3658959723,5429173,5429547,374,completed,-11
Greedy,4452,3658959723,5429273,5429650,377,completed,-11
Greedy,4453,3658959723,5429373,5429753,380,completed,-11
Greedy,4454,3658959723,5429473,5429855,382,completed,-11
Greedy,4455,3658959723,5429573,5429957,384,completed,-11
Greedy,4456,3658959723,5429673,5430059,386,completed,-11
Greedy,4457,3658959723,5429876,5430161,285,completed,-11
Greedy,4458,3658959723,5432091,5432449,358,completed,-12
Greedy,4459,3658959723,5432297,5432557,260,completed,-12
Greedy,4460,3658959723,5432397,5432665,268,completed,-11
Greedy,4462,3037662008,5432597,5432744,147,completed,-32
Greedy,4463,3037662008,5432697,5432847,150,completed,-32
Greedy,4461,3658959723,5432497,5432768,271,completed,-11
Greedy,4464,3037662008,5432797,5432950,153,completed,-32
Greedy,4465,3037662008,5432897,5433053,156,completed,-32
Greedy,4466,3037662008,5432997,5433156,159,completed,-32
Greedy,4467,3037662008,5433101,5433445,344,completed,-32
Greedy,4468,3037662008,5433299,5433597,298,completed,-32
Greedy,4469,3037662008,5433399,5433700,301,completed,-32
Greedy,4470,3037662008,5433499,5433803,304,completed,-32
Greedy,4471,3037662008,5433599,5433906,307,completed,-32
Greedy,4472,3037662008,5433699,5434009,310,completed,-32
Greedy,4473,3037662008,5433799,5434112,313,completed,-32
Greedy,4474,3037662008,5433899,5434215,316,completed,-32
Greedy,4475,3037662008,5433999,5434318,319,completed,-32
Greedy,4476,3037662008,5434099,5434445,346,completed,-32
Greedy,4477,3037662008,5434304,5434554,250,completed,-36
Greedy,4478,3037662008,5434404,5434657,253,completed,-36
Greedy,4480,3658959723,5434604,5434757,153,completed,-11
Greedy,4481,3658959723,5434704,5434860,156,completed,-11
Greedy,4479,3037662008,5434504,5434760,256,completed,-36
Greedy,4482,3658959723,5434804,5434963,159,completed,-11
Greedy,4483,3658959723,5434904,5435066,162,completed,-11
Greedy,4484,3658959723,5435004,5435169,165,completed,-11
Greedy,4485,3658959723,5435111,5435480,369,completed,-11
Greedy,4486,3658959723,5435311,5435583,272,completed,-11
Greedy,4487,3658959723,5435411,5435686,275,completed,-11
Greedy,4488,3658959723,5435511,5435789,278,completed,-11
Greedy,4489,3658959723,5435611,5435892,281,completed,-11
Greedy,4490,3658959723,5435711,5435995,284,completed,-11
Greedy,4491,3658959723,5435811,5436098,287,completed,-11
Greedy,4492,3658959723,5435911,5436201,290,completed,-11
Greedy,4493,3658959723,5436011,5436303,292,completed,-11
Greedy,4494,3658959723,5436111,5436459,348,completed,-11
Greedy,4495,3658959723,5436314,5436562,248,completed,-11
Greedy,4496,3658959723,5436414,5436669,255,completed,-12
Greedy,4498,3037662008,5436614,5436760,146,completed,-36
Greedy,4499,3037662008,5436714,5436871,157,completed,-36
Greedy,4497,3658959723,5436514,5436772,258,completed,-12
Greedy,4500,3037662008,5436814,5436974,160,completed,-36
Greedy,4501,3037662008,5436914,5437077,163,completed,-36
Greedy,4502,3037662008,5437014,5437180,166,completed,-36
Greedy,4503,3037662008,5437114,5437458,344,completed,-36
Greedy,4504,3037662008,5437311,5437561,250,completed,-36
Greedy,4505,3037662008,5437411,5437664,253,completed,-36
Greedy,4506,3037662008,5437511,5437768,257,completed,-36
Greedy,4507,3037662008,5437611,5437871,260,completed,-36
Greedy,4508,3037662008,5437711,5437974,263,completed,-36
Greedy,4509,3037662008,5437811,5438077,266,completed,-36
Greedy,4510,3037662008,5437911,5438180,269,completed,-36
Greedy,4511,3037662008,5438011,5438283,272,completed,-36
Greedy,4512,3037662008,5438111,5438457,346,completed,-36
Greedy,4513,3037662008,5438317,5438560,243,completed,-37
Greedy,4516,3658959723,5438617,5438769,152,completed,-11
Greedy,4517,3658959723,5438717,5438877,160,completed,-11
Greedy,4514,3037662008,5438417,5438661,244,completed,-37
Greedy,4518,3658959723,5438817,5438980,163,completed,-11
Greedy,4519,3658959723,5438917,5439083,166,completed,-11
Greedy,4520,3658959723,5439017,5439186,169,completed,-11
Greedy,4515,3037662008,5438517,5438763,246,completed,-37
Greedy,4521,3658959723,5439117,5439469,352,completed,-11
Greedy,4522,3658959723,5439326,5439720,394,completed,-11
Greedy,4523,3658959723,5439426,5439823,397,completed,-11
Greedy,4524,3658959723,5439526,5439926,400,completed,-11
Greedy,4525,3658959723,5439626,5440029,403,completed,-11
Greedy,4526,3658959723,5439726,5440132,406,completed,-11
Greedy,4527,3658959723,5439826,5440235,409,completed,-11
Greedy,4528,3658959723,5439926,5440338,412,completed,-11
Greedy,4529,3658959723,5440026,5440440,414,completed,-11
Greedy,4530,3658959723,5440318,5440543,225,completed,-11
Greedy,4531,3658959723,5440418,5440646,228,completed,-13
Greedy,4532,3658959723,5440518,5440748,230,completed,-13
Greedy,4533,3037662008,5440618,5440766,148,completed,-35
Greedy,4534,3037662008,5440718,5440869,151,completed,-35
Greedy,4535,3037662008,5440818,5440972,154,completed,-35
Greedy,4536,3037662008,5440918,5441075,157,completed,-35
Greedy,4537,3037662008,5441018,5441178,160,completed,-35
Greedy,4538,3037662008,5441118,5441458,340,completed,-35
Greedy,4539,3037662008,5441316,5441565,249,completed,-35
Greedy,4540,3037662008,5441416,5441668,252,completed,-35
Greedy,4541,3037662008,5441516,5441771,255,completed,-35
Greedy,4542,3037662008,5441616,5441874,258,completed,-35
Greedy,4543,3037662008,5441716,5441977,261,completed,-35
Greedy,4544,3037662008,5441816,5442080,264,completed,-35
Greedy,4545,3037662008,5441916,5442183,267,completed,-35
Greedy,4546,3037662008,5442016,5442286,270,completed,-35
Greedy,4547,3037662008,5442116,5442462,346,completed,-35
Greedy,4548,3037662008,5442322,5442565,243,completed,-36
Greedy,4549,3037662008,5442422,5442672,250,completed,-36
Greedy,4551,3658959723,5442622,5442774,152,completed,-11
Greedy,4552,3658959723,5442722,5442884,162,completed,-11
Greedy,4550,3037662008,5442522,5442775,253,completed,-36
Greedy,4553,3658959723,5442822,5442994,172,completed,-11
Greedy,4554,3658959723,5442922,5443097,175,completed,-11
Greedy,4555,3658959723,5443022,5443200,178,completed,-11
Greedy,4556,3658959723,5443122,5443495,373,completed,-11
Greedy,4557,3658959723,5443318,5443598,280,completed,-11
Greedy,4558,3658959723,5443418,5443701,283,completed,-11
Greedy,4559,3658959723,5443518,5443804,286,completed,-11
Greedy,4560,3658959723,5443618,5443907,289,completed,-11
Greedy,4561,3658959723,5443718,5444010,292,completed,-11
Greedy,4562,3658959723,5443818,5444113,295,completed,-11
Greedy,4563,3658959723,5443918,5444216,298,completed,-11
Greedy,4564,3658959723,5444018,5444319,301,completed,-11
Greedy,4565,3658959723,5444118,5444470,352,completed,-11
Greedy,4566,3658959723,5444325,5444573,248,completed,-11
Greedy,4567,3658959723,5444425,5444679,254,completed,-12
Greedy,4569,3037662008,5444625,5444771,146,completed,-33
Greedy,4570,3037662008,5444725,5444882,157,completed,-33
Greedy,4568,3658959723,5444525,5444782,257,completed,-12
Greedy,4571,3037662008,5444825,5444985,160,completed,-33
Greedy,4572,3037662008,5444925,5445088,163,completed,-33
Greedy,4573,3037662008,5445025,5445191,166,completed,-33
Greedy,4574,3037662008,5445125,5445484,359,completed,-33
Greedy,4575,3037662008,5445321,5445587,266,completed,-33
Greedy,4576,3037662008,5445421,5445690,269,completed,-33
Greedy,4577,3037662008,5445521,5445793,272,completed,-33
Greedy,4578,3037662008,5445621,5445896,275,completed,-33
Greedy,4579,3037662008,5445721,5445999,278,completed,-33
Greedy,4580,3037662008,5445821,5446102,281,completed,-33
Greedy,4581,3037662008,5445921,5446205,284,completed,-33
Greedy,4582,3037662008,5446021,5446308,287,completed,-33
Greedy,4583,3037662008,5446121,5446468,347,completed,-33
Greedy,4584,3037662008,5446328,5446571,243,completed,-36
Greedy,4585,3037662008,5446428,5446672,244,completed,-36
Greedy,4587,3658959723,5446628,5446780,152,completed,-11
Greedy,4588,3658959723,5446728,5446889,161,completed,-11
Greedy,4586,3037662008,5446528,5446774,246,completed,-36
Greedy,4589,3658959723,5446828,5446992,164,completed,-11
Greedy,4590,3658959723,5446928,5447095,167,completed,-11
Greedy,4591,3658959723,5447028,5447198,170,completed,-11
Greedy,4592,3658959723,5447128,5447477,349,completed,-11
Greedy,SUMMARY,ALL,0,0,122043,batch_complete,0
----------------,---,---,---,---,---,----------------,---
Greedy,4593,3658959723,5447328,5449674,2346,completed,-11
Greedy,4594,3658959723,5459751,5459964,213,completed,-11
Greedy,4595,3658959723,5459851,5460073,222,completed,-11
Greedy,4596,3658959723,5459951,5460176,225,completed,-11
Greedy,4597,3658959723,5460051,5460279,228,completed,-11
Greedy,4598,3658959723,5460151,5460382,231,completed,-11
Greedy,4599,3658959723,5460251,5460485,234,completed,-11
Greedy,4600,3658959723,5460351,5460588,237,completed,-11
Greedy,4603,3037662008,5460842,5460989,147,completed,-30
Greedy,4601,3658959723,5460451,5460691,240,completed,-11
Greedy,4602,3658959723,5460742,5460895,153,completed,-11
Greedy,4604,3037662008,5460942,5461092,150,completed,-30
Greedy,4605,3037662008,5461042,5461195,153,completed,-30
Greedy,4606,3037662008,5461142,5461298,156,completed,-30
Greedy,4607,3037662008,5461242,5461401,159,completed,-30
Greedy,4608,3037662008,5461342,5461504,162,completed,-30
Greedy,4609,3037662008,5461442,5461607,165,completed,-30
Greedy,4610,3037662008,5461544,5461890,346,completed,-30
Greedy,4611,3037662008,5461749,5461993,244,completed,-30
Greedy,4612,3037662008,5461849,5462099,250,completed,-30
Greedy,4613,3037662008,5461949,5462202,253,completed,-30
Greedy,4614,3037662008,5462049,5462305,256,completed,-30
Greedy,4615,3037662008,5462149,5462408,259,completed,-30
Greedy,4616,3037662008,5462249,5462511,262,completed,-30
Greedy,4617,3037662008,5462349,5462614,265,completed,-34
Greedy,4618,3037662008,5462449,5462717,268,completed,-34
Greedy,4619,3658959723,5462549,5462895,346,completed,-10
Greedy,4620,3658959723,5462751,5463005,254,completed,-10
Greedy,4621,3658959723,5462851,5463107,256,completed,-10
Greedy,4622,3658959723,5462951,5463210,259,completed,-10
Greedy,4623,3658959723,5463051,5463313,262,completed,-10
Greedy,4624,3658959723,5463151,5463416,265,completed,-10
Greedy,4625,3658959723,5463251,5463519,268,completed,-10
Greedy,4626,3658959723,5463351,5463622,271,completed,-10
Greedy,4627,3658959723,5463451,5463725,274,completed,-10
Greedy,4628,3658959723,5463551,5463897,346,completed,-10
Greedy,4629,3658959723,5463753,5464092,339,completed,-10
Greedy,4630,3658959723,5463853,5464195,342,completed,-10
Greedy,4631,3658959723,5463953,5464298,345,completed,-10
Greedy,4632,3658959723,5464055,5464401,346,completed,-10
Greedy,4633,3658959723,5464158,5464504,346,completed,-10
Greedy,4634,3658959723,5464260,5464607,347,completed,-11
Greedy,4637,3037662008,5464751,5464900,149,completed,-30
Greedy,4635,3658959723,5464362,5464709,347,completed,-11
Greedy,4636,3658959723,5464462,5464810,348,completed,-11
Greedy,4638,3037662008,5466958,5467306,348,completed,-50
Greedy,4639,3037662008,5467163,5467519,356,completed,-50
Greedy,4640,3037662008,5467263,5467630,367,completed,-50
Greedy,4641,3037662008,5467363,5467740,377,completed,-50
Greedy,4642,3037662008,5467463,5467843,380,completed,-50
Greedy,4643,3037662008,5467563,5467946,383,completed,-50
Greedy,4644,3037662008,5467663,5468049,386,completed,-50
Greedy,4645,3037662008,5467763,5468152,389,completed,-50
Greedy,4647,3658959723,5468167,5468355,188,completed,-11
Greedy,4648,3658959723,5468267,5468458,191,completed,-11
Greedy,4646,3037662008,5467863,5468254,391,completed,-50
Greedy,4649,3658959723,5468367,5468561,194,completed,-11
Greedy,4651,3037662008,5468567,5468716,149,completed,-32
Greedy,4650,3658959723,5468467,5468664,197,completed,-11
Greedy,4652,3037662008,5468667,5468819,152,completed,-32
Greedy,4653,3037662008,5468767,5468922,155,completed,-32
Greedy,4654,3037662008,5468867,5469025,158,completed,-32
Greedy,4655,3037662008,5469163,5469345,182,completed,-32
Greedy,4656,3037662008,5469263,5469485,222,completed,-32
Greedy,4657,3037662008,5469363,5469594,231,completed,-32
Greedy,4658,3037662008,5469463,5469703,240,completed,-32
Greedy,4659,3037662008,5469563,5469813,250,completed,-32
Greedy,4660,3037662008,5469663,5469916,253,completed,-32
Greedy,4661,3037662008,5469763,5470019,256,completed,-32
Greedy,4662,3037662008,5469863,5470122,259,completed,-32
Greedy,4663,3037662008,5469963,5470306,343,completed,-32
Greedy,4664,3037662008,5470171,5470409,238,completed,-32
Greedy,4665,3037662008,5470271,5470511,240,completed,-32
Greedy,4668,3658959723,5470571,5470724,153,completed,-11
Greedy,4666,3037662008,5470371,5470614,243,completed,-33
Greedy,4669,3658959723,5470671,5470827,156,completed,-11
Greedy,4670,3658959723,5470771,5470930,159,completed,-11
Greedy,4671,3658959723,5470871,5471033,162,completed,-11
Greedy,4667,3037662008,5470471,5470716,245,completed,-33
Greedy,4672,3658959723,5471177,5471330,153,completed,-11
Greedy,4673,3658959723,5471277,5471439,162,completed,-11
Greedy,4674,3658959723,5471377,5471541,164,completed,-11
Greedy,4675,3658959723,5471477,5471643,166,completed,-11
Greedy,4676,3658959723,5471577,5471746,169,completed,-11
Greedy,4677,3658959723,5471677,5471849,172,completed,-11
Greedy,4678,3658959723,5471777,5471952,175,completed,-11
Greedy,4679,3658959723,5471877,5472055,178,completed,-11
Greedy,4680,3658959723,5472172,5472325,153,completed,-11
Greedy,4681,3658959723,5472272,5472434,162,completed,-11
Greedy,4682,3658959723,5472372,5472537,165,completed,-11
Greedy,4683,3658959723,5472472,5472640,168,completed,-11
Greedy,4684,3658959723,5472572,5472742,170,completed,-11
Greedy,4685,3037662008,5472672,5472821,149,completed,-32
Greedy,4686,3037662008,5472772,5472924,152,completed,-32
Greedy,4687,3037662008,5472872,5473027,155,completed,-32
Greedy,4688,3037662008,5473173,5473353,180,completed,-32
Greedy,4689,3037662008,5473273,5473456,183,completed,-32
Greedy,4690,3037662008,5473373,5473559,186,completed,-32
Greedy,4691,3037662008,5473473,5473663,190,completed,-32
Greedy,4692,3037662008,5473573,5473766,193,completed,-32
Greedy,4693,3037662008,5473673,5473869,196,completed,-32
Greedy,4694,3037662008,5473773,5473972,199,completed,-32
Greedy,4695,3037662008,5473873,5474075,202,completed,-32
Greedy,4696,3037662008,5474169,5474316,147,completed,-32
Greedy,4697,3037662008,5474269,5474425,156,completed,-32
Greedy,4698,3037662008,5474369,5474528,159,completed,-32
Greedy,4700,3658959723,5474569,5474722,153,completed,-11
Greedy,4701,3658959723,5474669,5474825,156,completed,-11
Greedy,4702,3658959723,5474769,5474927,158,completed,-11
Greedy,4703,3658959723,5474869,5475030,161,completed,-11
Greedy,4699,3037662008,5474469,5474631,162,completed,-36
Greedy,4704,3658959723,5474969,5475365,396,completed,-11
Greedy,4705,3658959723,5475179,5475496,317,completed,-11
Greedy,4706,3658959723,5475279,5475599,320,completed,-11
Greedy,4707,3658959723,5475379,5475702,323,completed,-11
Greedy,4708,3658959723,5475479,5475805,326,completed,-11
Greedy,4709,3658959723,5475579,5475908,329,completed,-11
Greedy,4710,3658959723,5475679,5476011,332,completed,-11
Greedy,4711,3658959723,5475779,5476114,335,completed,-11
Greedy,4712,3658959723,5475879,5476216,337,completed,-11
Greedy,4713,3658959723,5476166,5476322,156,completed,-11
Greedy,4714,3658959723,5476266,5476424,158,completed,-11
Greedy,4715,3658959723,5476366,5476527,161,completed,-11
Greedy,4716,3658959723,5476466,5476630,164,completed,-11
Greedy,4717,3658959723,5476566,5476732,166,completed,-11
Greedy,4718,3037662008,5476666,5476813,147,completed,-33
Greedy,4719,3037662008,5476766,5476922,156,completed,-33
Greedy,4720,3037662008,5476866,5477025,159,completed,-33
Greedy,4721,3037662008,5476968,5477314,346,completed,-33
Greedy,4722,3037662008,5477182,5477417,235,completed,-33
Greedy,4723,3037662008,5477311,5477520,209,completed,-33
Greedy,4724,3037662008,5477411,5477623,212,completed,-33
Greedy,4725,3037662008,5477511,5477726,215,completed,-33
Greedy,4726,3037662008,5477611,5477829,218,completed,-33
Greedy,4727,3037662008,5477711,5477932,221,completed,-33
Greedy,4728,3037662008,5477811,5478035,224,completed,-33
Greedy,4729,3037662008,5477911,5478138,227,completed,-33
Greedy,4730,3037662008,5478177,5478326,149,completed,-33
Greedy,4731,3037662008,5478277,5478429,152,completed,-33
Greedy,4732,3037662008,5478377,5478532,155,completed,-33
Greedy,4734,3658959723,5478577,5478729,152,completed,-11
Greedy,4735,3658959723,5478677,5478838,161,completed,-11
Greedy,4736,3658959723,5478777,5478947,170,completed,-11
Greedy,4733,3037662008,5478477,5478635,158,completed,-37
Greedy,4737,3658959723,5478877,5479050,173,completed,-11
Greedy,4738,3658959723,5479183,5479338,155,completed,-11
Greedy,4739,3658959723,5479283,5479447,164,completed,-11
Greedy,4740,3658959723,5479383,5479550,167,completed,-11
Greedy,4741,3658959723,5479483,5479653,170,completed,-11
Greedy,4742,3658959723,5479583,5479756,173,completed,-11
Greedy,4743,3658959723,5479683,5479859,176,completed,-11
Greedy,4744,3658959723,5479783,5479962,179,completed,-11
Greedy,4745,3658959723,5479883,5480065,182,completed,-11
Greedy,4746,3658959723,5480180,5480333,153,completed,-11
Greedy,4747,3658959723,5480280,5480442,162,completed,-11
Greedy,4748,3658959723,5480380,5480545,165,completed,-11
Greedy,4749,3658959723,5480480,5480648,168,completed,-12
Greedy,4751,3037662008,5480680,5480828,148,completed,-33
Greedy,4752,3037662008,5480780,5480931,151,completed,-33
Greedy,4750,3658959723,5480580,5480749,169,completed,-12
Greedy,4753,3037662008,5480880,5481034,154,completed,-33
Greedy,4754,3037662008,5481183,5481333,150,completed,-33
Greedy,4755,3037662008,5481283,5481436,153,completed,-33
Greedy,4756,3037662008,5481383,5481539,156,completed,-33
Greedy,4757,3037662008,5481483,5481642,159,completed,-33
Greedy,4758,3037662008,5481583,5481745,162,completed,-33
Greedy,4759,3037662008,5481683,5481848,165,completed,-33
Greedy,4760,3037662008,5481783,5481951,168,completed,-33
Greedy,4761,3037662008,5481883,5482054,171,completed,-33
Greedy,4762,3037662008,5482178,5482327,149,completed,-33
Greedy,4763,3658959723,5484385,5484733,348,completed,-11
Greedy,4764,3658959723,5484590,5484852,262,completed,-11
Greedy,4765,3658959723,5484690,5484960,270,completed,-11
Greedy,4766,3658959723,5484790,5485068,278,completed,-11
Greedy,4767,3658959723,5484890,5485171,281,completed,-11
Greedy,4768,3658959723,5484990,5485274,284,completed,-11
Greedy,4769,3658959723,5485097,5485377,280,completed,-11
Greedy,4770,3658959723,5485197,5485480,283,completed,-11
Greedy,4771,3658959723,5485297,5485583,286,completed,-11
Greedy,4772,3658959723,5485587,5485739,152,completed,-11
Greedy,4773,3658959723,5485687,5485855,168,completed,-11
Greedy,4774,3658959723,5485787,5485958,171,completed,-11
Greedy,4775,3658959723,5485887,5486061,174,completed,-11
Greedy,4776,3658959723,5485987,5486164,177,completed,-11
Greedy,4777,3658959723,5486087,5486267,180,completed,-11
Greedy,4778,3658959723,5486187,5486370,183,completed,-11
Greedy,4779,3658959723,5486287,5486473,186,completed,-11
Greedy,4780,3658959723,5486387,5486576,189,completed,-11
Greedy,4781,3658959723,5486594,5486756,162,completed,-12
Greedy,4782,3658959723,5486694,5486890,196,completed,-12
Greedy,4783,3658959723,5486794,5486993,199,completed,-12
Greedy,4784,3658959723,5486894,5487096,202,completed,-12
Greedy,4785,3658959723,5486994,5487199,205,completed,-12
Greedy,4786,3658959723,5487102,5487302,200,completed,-12
Greedy,4787,3658959723,5487202,5487405,203,completed,-12
Greedy,4788,3658959723,5487302,5487508,206,completed,-12
Greedy,4789,3658959723,5487588,5487741,153,completed,-12
Greedy,4790,3658959723,5487688,5487851,163,completed,-12
Greedy,4791,3658959723,5487788,5487954,166,completed,-12
Greedy,4792,3658959723,5487888,5488058,170,completed,-12
Greedy,4793,3658959723,5487988,5488161,173,completed,-12
Greedy,4794,3658959723,5488088,5488274,186,completed,-12
Greedy,4795,3658959723,5488188,5488377,189,completed,-12
Greedy,4796,3658959723,5488288,5488480,192,completed,-12
Greedy,4797,3658959723,5488388,5488583,195,completed,-12
Greedy,4798,3658959723,5488594,5488748,154,completed,-12
Greedy,4799,3658959723,5488694,5488850,156,completed,-12
Greedy,4800,3658959723,5488794,5488953,159,completed,-12
Greedy,4801,3658959723,5488894,5489056,162,completed,-12
Greedy,4802,3658959723,5488994,5489159,165,completed,-12
Greedy,4803,3658959723,5489102,5489262,160,completed,-12
Greedy,4804,3658959723,5489202,5489365,163,completed,-12
Greedy,4805,3658959723,5489302,5489468,166,completed,-12
Greedy,4806,3658959723,5489590,5489744,154,completed,-12
Greedy,4807,3658959723,5489690,5489855,165,completed,-12
Greedy,4808,3658959723,5489790,5489964,174,completed,-12
Greedy,4809,3658959723,5489890,5490073,183,completed,-12
Greedy,4810,3658959723,5489990,5490176,186,completed,-12
Greedy,4811,3658959723,5490096,5490279,183,completed,-12
Greedy,4812,3658959723,5490196,5490383,187,completed,-12
Greedy,4813,3658959723,5490296,5490486,190,completed,-12
Greedy,4814,3658959723,5490596,5490748,152,completed,-13
Greedy,4815,3658959723,5490696,5490857,161,completed,-13
Greedy,4816,3658959723,5490796,5490974,178,completed,-13
Greedy,4817,3658959723,5490896,5491077,181,completed,-13
Greedy,4818,3658959723,5490996,5491180,184,completed,-13
Greedy,4819,3658959723,5491104,5491283,179,completed,-13
Greedy,4820,3658959723,5491204,5491386,182,completed,-13
Greedy,4821,3658959723,5491304,5491489,185,completed,-13
Greedy,4822,3658959723,5491592,5491745,153,completed,-13
Greedy,4823,3658959723,5491692,5491848,156,completed,-13
Greedy,4824,3658959723,5491792,5491951,159,completed,-13
Greedy,4825,3658959723,5491892,5492054,162,completed,-13
Greedy,4826,3658959723,5491992,5492157,165,completed,-13
Greedy,4827,3658959723,5492099,5492260,161,completed,-13
Greedy,4828,3658959723,5492199,5492363,164,completed,-13
Greedy,4829,3658959723,5492299,5492466,167,completed,-13
Greedy,4830,3658959723,5492597,5492751,154,completed,-12
Greedy,4831,3658959723,5492697,5492854,157,completed,-12
Greedy,4832,3658959723,5492797,5492957,160,completed,-12
Greedy,4833,3658959723,5492897,5493060,163,completed,-12
Greedy,4834,3658959723,5492997,5493163,166,completed,-12
Greedy,4835,3658959723,5493097,5493266,169,completed,-12
Greedy,4836,3658959723,5493197,5493369,172,completed,-12
Greedy,4837,3658959723,5493297,5493472,175,completed,-12
Greedy,4838,3658959723,5493397,5493742,345,completed,-12
Greedy,4839,3658959723,5493596,5493851,255,completed,-12
Greedy,4840,3658959723,5493696,5493954,258,completed,-12
Greedy,4841,3658959723,5493796,5494057,261,completed,-12
Greedy,4842,3658959723,5493896,5494160,264,completed,-12
Greedy,4843,3658959723,5493996,5494263,267,completed,-12
Greedy,4844,3658959723,5494103,5494366,263,completed,-12
Greedy,4845,3658959723,5494203,5494469,266,completed,-12
Greedy,4846,3658959723,5494303,5494572,269,completed,-12
Greedy,4847,3658959723,5494601,5494755,154,completed,-12
Greedy,4848,3658959723,5494701,5494858,157,completed,-12
Greedy,4849,3658959723,5494801,5494961,160,completed,-12
Greedy,4850,3658959723,5494901,5495064,163,completed,-12
Greedy,4851,3658959723,5495001,5495167,166,completed,-12
Greedy,4852,3658959723,5495101,5495279,178,completed,-12
Greedy,4853,3658959723,5495201,5495489,288,completed,-12
Greedy,4854,3658959723,5495301,5495592,291,completed,-12
Greedy,4855,3658959723,5495401,5495748,347,completed,-12
Greedy,4856,3658959723,5495603,5495851,248,completed,-12
Greedy,4857,3658959723,5495703,5495955,252,completed,-12
Greedy,4858,3658959723,5495803,5496058,255,completed,-12
Greedy,4859,3658959723,5495903,5496161,258,completed,-12
Greedy,4860,3658959723,5496003,5496264,261,completed,-12
Greedy,4861,3658959723,5496103,5496367,264,completed,-12
Greedy,4862,3658959723,5496203,5496470,267,completed,-12
Greedy,4863,3658959723,5496303,5496573,270,completed,-12
Greedy,4864,3658959723,5496403,5496751,348,completed,-12
Greedy,4865,3658959723,5496607,5496854,247,completed,-12
Greedy,4866,3658959723,5496707,5496957,250,completed,-12
Greedy,4867,3658959723,5496807,5497060,253,completed,-12
Greedy,4868,3658959723,5496907,5497163,256,completed,-12
Greedy,4869,3658959723,5497007,5497265,258,completed,-12
Greedy,4870,3658959723,5497107,5497368,261,completed,-12
Greedy,4871,3658959723,5497207,5497471,264,completed,-12
Greedy,4872,3658959723,5497307,5497574,267,completed,-12
Greedy,4873,3658959723,5497601,5497756,155,completed,-12
Greedy,4874,3658959723,5497701,5497859,158,completed,-12
Greedy,4875,3658959723,5497801,5497962,161,completed,-12
Greedy,4876,3658959723,5497901,5498065,164,completed,-12
Greedy,4877,3658959723,5498001,5498168,167,completed,-12
Greedy,4878,3658959723,5498102,5498271,169,completed,-12
Greedy,4879,3658959723,5498202,5498374,172,completed,-12
Greedy,4880,3658959723,5498302,5498477,175,completed,-12
Greedy,4881,3658959723,5498402,5498768,366,completed,-12
Greedy,4882,3658959723,5498607,5498871,264,completed,-12
Greedy,4883,3658959723,5498707,5498974,267,completed,-12
Greedy,4884,3658959723,5498807,5499077,270,completed,-12
Greedy,4885,3658959723,5498907,5499180,273,completed,-12
Greedy,4886,3658959723,5499007,5499283,276,completed,-12
Greedy,4887,3658959723,5499114,5499386,272,completed,-12
Greedy,4888,3658959723,5499214,5499489,275,completed,-12
Greedy,4889,3658959723,5499314,5499592,278,completed,-12
Greedy,4890,3658959723,5499605,5499762,157,completed,-12
Greedy,4891,3658959723,5501810,5502387,577,completed,-11
Greedy,4892,3658959723,5502010,5502914,904,completed,-11
Greedy,4893,3658959723,5502110,5503016,906,completed,-11
Greedy,4894,3658959723,5502210,5503167,957,completed,-11
Greedy,4895,3658959723,5502310,5503270,960,completed,-11
Greedy,4896,3658959723,5502410,5503373,963,completed,-11
Greedy,4897,3658959723,5502510,5503476,966,completed,-11
Greedy,4898,3658959723,5502610,5503579,969,completed,-11
Greedy,4899,3658959723,5502710,5503682,972,completed,-11
Greedy,4900,3658959723,5502810,5503785,975,completed,-11
Greedy,4901,3658959723,5503005,5503888,883,completed,-11
Greedy,4902,3658959723,5503106,5503990,884,completed,-11
Greedy,4903,3658959723,5503206,5504092,886,completed,-11
Greedy,4904,3658959723,5503306,5504195,889,completed,-11
Greedy,4905,3658959723,5503406,5504298,892,completed,-11
Greedy,4906,3658959723,5503506,5504401,895,completed,-11
Greedy,4907,3658959723,5503606,5504504,898,completed,-11
Greedy,4908,3658959723,5503706,5504607,901,completed,-11
Greedy,4909,3658959723,5503806,5504710,904,completed,-12
Greedy,4910,3658959723,5504015,5504812,797,completed,-12
Greedy,4911,3658959723,5504115,5504914,799,completed,-12
Greedy,4912,3658959723,5504215,5505017,802,completed,-12
Greedy,4913,3658959723,5504315,5505119,804,completed,-12
Greedy,4914,3658959723,5504415,5505222,807,completed,-12
Greedy,4915,3658959723,5504515,5505325,810,completed,-12
Greedy,4916,3658959723,5504615,5505428,813,completed,-12
Greedy,4917,3658959723,5504715,5505531,816,completed,-12
Greedy,4918,3658959723,5504815,5505634,819,completed,-12
Greedy,4919,3658959723,5505016,5505737,721,completed,-12
Greedy,4920,3658959723,5505116,5505840,724,completed,-12
Greedy,4921,3658959723,5505216,5505943,727,completed,-12
Greedy,4922,3658959723,5505316,5506045,729,completed,-12
Greedy,4923,3658959723,5505416,5506147,731,completed,-12
Greedy,4924,3658959723,5505516,5506250,734,completed,-12
Greedy,4925,3658959723,5505616,5506353,737,completed,-12
Greedy,4926,3658959723,5505716,5506456,740,completed,-12
Greedy,4927,3658959723,5505816,5506559,743,completed,-12
Greedy,4928,3658959723,5506019,5506662,643,completed,-11
Greedy,4929,3658959723,5506119,5506764,645,completed,-11
Greedy,4930,3658959723,5506219,5506866,647,completed,-11
Greedy,4931,3658959723,5506319,5506969,650,completed,-11
Greedy,4932,3658959723,5506419,5507071,652,completed,-11
Greedy,4933,3658959723,5506521,5507173,652,completed,-11
Greedy,4934,3658959723,5506621,5507276,655,completed,-11
Greedy,4935,3658959723,5506721,5507379,658,completed,-11
Greedy,4936,3658959723,5507015,5507482,467,completed,-11
Greedy,4937,3658959723,5507115,5507584,469,completed,-11
Greedy,4938,3658959723,5507215,5507687,472,completed,-11
Greedy,4939,3658959723,5507315,5507789,474,completed,-11
Greedy,4940,3658959723,5507415,5507892,477,completed,-11
Greedy,4941,3658959723,5507515,5507995,480,completed,-11
Greedy,4942,3658959723,5507615,5508097,482,completed,-11
Greedy,4943,3658959723,5507715,5508200,485,completed,-11
Greedy,4944,3658959723,5507815,5508303,488,completed,-11
Greedy,4945,3658959723,5508020,5508406,386,completed,-11
Greedy,4946,3658959723,5508120,5508509,389,completed,-11
Greedy,4947,3658959723,5508220,5508612,392,completed,-11
Greedy,4948,3658959723,5508320,5508715,395,completed,-12
Greedy,4949,3658959723,5508420,5508817,397,completed,-12
Greedy,4950,3658959723,5508520,5508920,400,completed,-12
Greedy,4951,3658959723,5508620,5509022,402,completed,-12
Greedy,4952,3658959723,5508720,5509124,404,completed,-12
Greedy,4953,3658959723,5508820,5509226,406,completed,-12
Greedy,4954,3658959723,5509015,5509328,313,completed,-12
Greedy,4955,3658959723,5509115,5509431,316,completed,-12
Greedy,4956,3658959723,5509215,5509534,319,completed,-12
Greedy,4957,3658959723,5509315,5509637,322,completed,-12
Greedy,4958,3658959723,5509415,5509740,325,completed,-12
Greedy,4959,3658959723,5509515,5509843,328,completed,-12
Greedy,4960,3658959723,5509615,5509946,331,completed,-12
Greedy,4961,3658959723,5509715,5510048,333,completed,-12
Greedy,4962,3658959723,5509815,5510150,335,completed,-12
Greedy,4963,3658959723,5510021,5510253,232,completed,-12
Greedy,4964,3658959723,5510121,5510356,235,completed,-12
Greedy,4965,3658959723,5510221,5510459,238,completed,-12
Greedy,4966,3658959723,5510321,5510562,241,completed,-12
Greedy,4967,3658959723,5510421,5510665,244,completed,-12
Greedy,4968,3658959723,5510524,5510768,244,completed,-12
Greedy,4969,3658959723,5510627,5510871,244,completed,-12
Greedy,4970,3658959723,5510729,5510974,245,completed,-12
Greedy,4971,3658959723,5511020,5511175,155,completed,-12
Greedy,4972,3658959723,5511120,5511278,158,completed,-12
Greedy,4973,3658959723,5511220,5511381,161,completed,-12
Greedy,4974,3658959723,5511320,5511484,164,completed,-12
Greedy,4975,3658959723,5511420,5511587,167,completed,-12
Greedy,4976,3658959723,5511520,5511690,170,completed,-12
Greedy,4977,3658959723,5511620,5511793,173,completed,-12
Greedy,4978,3658959723,5511720,5511896,176,completed,-12
Greedy,4979,3658959723,5511822,5511999,177,completed,-12
Greedy,4980,3658959723,5512023,5512178,155,completed,-12
Greedy,4981,3658959723,5512123,5512281,158,completed,-12
Greedy,4982,3658959723,5512223,5512384,161,completed,-12
Greedy,4983,3658959723,5512323,5512487,164,completed,-12
Greedy,4984,3658959723,5512423,5512590,167,completed,-12
Greedy,4985,3658959723,5512523,5512693,170,completed,-11
Greedy,4986,3658959723,5512623,5512796,173,completed,-11
Greedy,4987,3658959723,5512723,5512899,176,completed,-11
Greedy,4988,3658959723,5512823,5513001,178,completed,-11
Greedy,4989,3658959723,5513024,5513179,155,completed,-11
Greedy,4990,3658959723,5513124,5513289,165,completed,-11
Greedy,4991,3658959723,5513224,5513392,168,completed,-11
Greedy,4992,3658959723,5513324,5513495,171,completed,-11
Greedy,4993,3658959723,5513424,5513597,173,completed,-11
Greedy,4994,3658959723,5513524,5513699,175,completed,-11
Greedy,4995,3658959723,5513624,5513802,178,completed,-11
Greedy,4996,3658959723,5513724,5513905,181,completed,-11
Greedy,4997,3658959723,5513824,5514173,349,completed,-11
Greedy,4998,3658959723,5514028,5514276,248,completed,-11
Greedy,4999,3658959723,5514128,5514380,252,completed,-11
Greedy,5000,3658959723,5514228,5514483,255,completed,-11
Greedy,5001,3658959723,5514328,5514586,258,completed,-11
Greedy,5002,3658959723,5514428,5514689,261,completed,-13
Greedy,5003,3658959723,5514528,5514792,264,completed,-13
Greedy,5004,3658959723,5514628,5514894,266,completed,-13
Greedy,5005,3658959723,5514728,5514997,269,completed,-13
Greedy,5006,3658959723,5514828,5515175,347,completed,-13
Greedy,5007,3658959723,5515030,5515278,248,completed,-13
Greedy,5008,3658959723,5515130,5515382,252,completed,-13
Greedy,5009,3658959723,5515230,5515485,255,completed,-13
Greedy,5010,3658959723,5515330,5515588,258,completed,-13
Greedy,5011,3658959723,5515430,5515691,261,completed,-13
Greedy,5012,3658959723,5515530,5515794,264,completed,-13
Greedy,5013,3658959723,5515630,5515897,267,completed,-13
Greedy,5014,3658959723,5515730,5516000,270,completed,-13
Greedy,5015,3658959723,5515830,5516178,348,completed,-13
Greedy,5016,3658959723,5516030,5516285,255,completed,-13
Greedy,5017,3658959723,5516130,5516388,258,completed,-13
Greedy,5018,3658959723,5516230,5516491,261,completed,-13
Greedy,5019,3658959723,5516330,5516594,264,completed,-13
Greedy,5020,3658959723,5516430,5516697,267,completed,-12
Greedy,5021,3658959723,5516530,5516800,270,completed,-12
Greedy,5022,3658959723,5516630,5516903,273,completed,-12
Greedy,5023,3658959723,5516730,5517006,276,completed,-12
Greedy,5024,3658959723,5516830,5517107,277,completed,-12
Greedy,5025,3658959723,5517032,5517209,177,completed,-12
Greedy,5026,3658959723,5519234,5519581,347,completed,-11
Greedy,5027,3658959723,5519437,5519764,327,completed,-11
Greedy,5028,3658959723,5519537,5519867,330,completed,-11
Greedy,5029,3658959723,5519637,5519970,333,completed,-11
Greedy,5030,3658959723,5519737,5520073,336,completed,-11
Greedy,5031,3658959723,5519837,5520176,339,completed,-11
Greedy,5032,3658959723,5519937,5520279,342,completed,-11
Greedy,5033,3658959723,5520037,5520382,345,completed,-11
Greedy,5034,3658959723,5520141,5520488,347,completed,-11
Greedy,5035,3658959723,5520432,5520591,159,completed,-11
Greedy,5036,3658959723,5520532,5520694,162,completed,-12
Greedy,5038,3037662008,5520732,5520879,147,completed,-30
Greedy,5037,3658959723,5520632,5520796,164,completed,-12
Greedy,5039,3037662008,5520832,5520995,163,completed,-30
Greedy,5040,3037662008,5520932,5521098,166,completed,-30
Greedy,5041,3037662008,5521032,5521201,169,completed,-30
Greedy,5042,3037662008,5521132,5521304,172,completed,-30
Greedy,5043,3037662008,5521232,5521407,175,completed,-30
Greedy,5044,3037662008,5521440,5521588,148,completed,-30
Greedy,5045,3037662008,5521540,5521716,176,completed,-30
Greedy,5046,3037662008,5521640,5521819,179,completed,-30
Greedy,5047,3037662008,5521740,5521922,182,completed,-30
Greedy,5048,3037662008,5521840,5522025,185,completed,-30
Greedy,5049,3037662008,5521940,5522128,188,completed,-30
Greedy,5050,3037662008,5522040,5522231,191,completed,-30
Greedy,5051,3037662008,5522140,5522334,194,completed,-30
Greedy,5052,3037662008,5522240,5522581,341,completed,-30
Greedy,5053,3037662008,5522440,5522693,253,completed,-31
Greedy,5055,3658959723,5522640,5522794,154,completed,-11
Greedy,5054,3037662008,5522540,5522796,256,completed,-31
Greedy,5056,3658959723,5522740,5522897,157,completed,-11
Greedy,5057,3658959723,5522840,5523000,160,completed,-11
Greedy,5058,3658959723,5522940,5523103,163,completed,-11
Greedy,5059,3658959723,5523040,5523206,166,completed,-11
Greedy,5060,3658959723,5523140,5523309,169,completed,-11
Greedy,5061,3658959723,5523241,5523412,171,completed,-11
Greedy,5062,3658959723,5523442,5523597,155,completed,-11
Greedy,5063,3658959723,5523542,5523699,157,completed,-11
Greedy,5064,3658959723,5523642,5523802,160,completed,-11
Greedy,5065,3658959723,5523742,5523904,162,completed,-11
Greedy,5066,3658959723,5523842,5524007,165,completed,-11
Greedy,5067,3658959723,5523942,5524110,168,completed,-11
Greedy,5068,3658959723,5524042,5524213,171,completed,-11
Greedy,5069,3658959723,5524142,5524316,174,completed,-11
Greedy,5070,3658959723,5524242,5524419,177,completed,-11
Greedy,5071,3658959723,5524443,5524598,155,completed,-11
Greedy,5072,3658959723,5524543,5524701,158,completed,-12
Greedy,5073,3658959723,5524643,5524803,160,completed,-12
Greedy,5074,3037662008,5524743,5524890,147,completed,-32
Greedy,5075,3037662008,5524843,5525006,163,completed,-32
Greedy,5076,3037662008,5524943,5525116,173,completed,-32
Greedy,5077,3037662008,5525043,5525219,176,completed,-32
Greedy,5078,3037662008,5525143,5525322,179,completed,-32
Greedy,5079,3037662008,5525243,5525586,343,completed,-32
Greedy,5080,3037662008,5525445,5525689,244,completed,-32
Greedy,5081,3037662008,5525545,5525791,246,completed,-32
Greedy,5082,3037662008,5525645,5525894,249,completed,-32
Greedy,5083,3037662008,5525745,5525997,252,completed,-32
Greedy,5084,3037662008,5525845,5526100,255,completed,-32
Greedy,5085,3037662008,5525945,5526203,258,completed,-32
Greedy,5086,3037662008,5526045,5526306,261,completed,-32
Greedy,5087,3037662008,5526145,5526409,264,completed,-32
Greedy,5088,3037662008,5526245,5526511,266,completed,-32
Greedy,5089,3037662008,5526445,5526613,168,completed,-32
Greedy,5091,3658959723,5526645,5526798,153,completed,-11
Greedy,5090,3037662008,5526545,5526715,170,completed,-32
Greedy,5092,3658959723,5526745,5526901,156,completed,-11
Greedy,5093,3658959723,5526845,5527004,159,completed,-11
Greedy,5094,3658959723,5526945,5527107,162,completed,-11
Greedy,5095,3658959723,5527045,5527210,165,completed,-11
Greedy,5096,3658959723,5527145,5527313,168,completed,-11
Greedy,5097,3658959723,5527245,5527594,349,completed,-11
Greedy,5098,3658959723,5527448,5527711,263,completed,-11
Greedy,5099,3658959723,5527548,5527820,272,completed,-11
Greedy,5100,3658959723,5527648,5527923,275,completed,-11
Greedy,5101,3658959723,5527748,5528026,278,completed,-11
Greedy,5102,3658959723,5527848,5528129,281,completed,-11
Greedy,5103,3658959723,5527948,5528232,284,completed,-11
Greedy,5104,3658959723,5528048,5528335,287,completed,-11
Greedy,5105,3658959723,5528148,5528438,290,completed,-11
Greedy,5106,3658959723,5528248,5528595,347,completed,-11
Greedy,5107,3658959723,5528449,5528698,249,completed,-12
Greedy,5108,3658959723,5528551,5528800,249,completed,-12
Greedy,5109,3037662008,5528651,5528814,163,completed,-34
Greedy,5110,3037662008,5528751,5528917,166,completed,-34
Greedy,5111,3037662008,5528851,5529020,169,completed,-34
Greedy,5112,3037662008,5528951,5529123,172,completed,-34
Greedy,5113,3037662008,5529051,5529226,175,completed,-34
Greedy,5114,3037662008,5529151,5529329,178,completed,-34
Greedy,5115,3037662008,5529251,5529592,341,completed,-34
Greedy,5116,3037662008,5529451,5529695,244,completed,-34
Greedy,5117,3037662008,5529551,5529797,246,completed,-34
Greedy,5118,3037662008,5529651,5529903,252,completed,-34
Greedy,5119,3037662008,5529751,5530006,255,completed,-34
Greedy,5120,3037662008,5529851,5530109,258,completed,-34
Greedy,5121,3037662008,5529951,5530212,261,completed,-34
Greedy,5122,3037662008,5530051,5530315,264,completed,-34
Greedy,5123,3037662008,5530151,5530418,267,completed,-34
Greedy,5126,3658959723,5530552,5530706,154,completed,-11
Greedy,5124,3037662008,5530251,5530593,342,completed,-32
Greedy,5127,3658959723,5530652,5530811,159,completed,-11
Greedy,5128,3658959723,5530755,5530914,159,completed,-11
Greedy,5129,3658959723,5530855,5531017,162,completed,-11
Greedy,5125,3037662008,5530451,5530694,243,completed,-32
Greedy,5130,3658959723,5530955,5531120,165,completed,-11
Greedy,5131,3658959723,5531055,5531223,168,completed,-11
Greedy,5132,3658959723,5531155,5531326,171,completed,-11
Greedy,5133,3658959723,5531451,5531605,154,completed,-11
Greedy,5134,3658959723,5531551,5531708,157,completed,-11
Greedy,5135,3658959723,5531651,5531811,160,completed,-11
Greedy,5136,3658959723,5531751,5531914,163,completed,-11
Greedy,5137,3658959723,5531851,5532017,166,completed,-11
Greedy,5138,3658959723,5531951,5532120,169,completed,-11
Greedy,5139,3658959723,5532051,5532223,172,completed,-11
Greedy,5140,3658959723,5532151,5532326,175,completed,-11
Greedy,5141,3658959723,5532251,5532429,178,completed,-11
Greedy,5142,3658959723,5532452,5532607,155,completed,-11
Greedy,5143,3037662008,5532554,5532702,148,completed,-32
Greedy,5144,3037662008,5532654,5532811,157,completed,-32
Greedy,5145,3037662008,5532754,5532920,166,completed,-32
Greedy,5146,3658959723,5532854,5533006,152,completed,-11
Greedy,5147,3658959723,5532954,5533115,161,completed,-11
Greedy,5148,3658959723,5533054,5533225,171,completed,-11
Greedy,5149,3658959723,5533154,5533328,174,completed,-11
Greedy,5150,3658959723,5533254,5533600,346,completed,-11
Greedy,5151,3658959723,5533454,5533709,255,completed,-11
Greedy,5152,3658959723,5533554,5533812,258,completed,-11
Greedy,5153,3658959723,5533654,5533915,261,completed,-11
Greedy,5154,3658959723,5533754,5534017,263,completed,-11
Greedy,5155,3658959723,5533854,5534119,265,completed,-11
Greedy,5156,3658959723,5533954,5534222,268,completed,-11
Greedy,5157,3658959723,5534054,5534325,271,completed,-11
Greedy,5158,3658959723,5534154,5534428,274,completed,-11
Greedy,5159,3658959723,5534254,5534530,276,completed,-11
Greedy,5160,3658959723,5534456,5534632,176,completed,-11
Greedy,5161,3658959723,5536661,5537016,355,completed,-11
Greedy,5162,3658959723,5536863,5537119,256,completed,-11
Greedy,5163,3658959723,5536963,5537222,259,completed,-11
Greedy,5164,3658959723,5537063,5537325,262,completed,-11
Greedy,5165,3658959723,5537163,5537428,265,completed,-11
Greedy,5166,3658959723,5537263,5537531,268,completed,-11
Greedy,5167,3658959723,5537363,5537633,270,completed,-11
Greedy,5168,3658959723,5537463,5537736,273,completed,-11
Greedy,5169,3658959723,5537563,5537839,276,completed,-11
Greedy,5170,3658959723,5537663,5538010,347,completed,-11
Greedy,5171,3658959723,5537867,5538113,246,completed,-11
Greedy,5172,3658959723,5537970,5538216,246,completed,-11
Greedy,5173,3658959723,5538070,5538319,249,completed,-11
Greedy,5174,3658959723,5538170,5538426,256,completed,-11
Greedy,5175,3658959723,5538270,5538530,260,completed,-11
Greedy,5176,3658959723,5538370,5538633,263,completed,-11
Greedy,5179,3037662008,5538863,5539011,148,completed,-30
Greedy,5180,3037662008,5538963,5539120,157,completed,-30
Greedy,5177,3658959723,5538470,5538736,266,completed,-11
Greedy,5178,3658959723,5538570,5538838,268,completed,-11
Greedy,5181,3037662008,5539063,5539230,167,completed,-30
Greedy,5182,3037662008,5539163,5539333,170,completed,-30
Greedy,5183,3037662008,5539263,5539436,173,completed,-30
Greedy,5184,3037662008,5539363,5539539,176,completed,-30
Greedy,5185,3037662008,5539463,5539642,179,completed,-30
Greedy,5186,3037662008,5539563,5539745,182,completed,-30
Greedy,5187,3037662008,5539663,5539848,185,completed,-30
Greedy,5188,3037662008,5539867,5540024,157,completed,-30
Greedy,5189,3037662008,5539967,5540127,160,completed,-30
Greedy,5190,3037662008,5540067,5540230,163,completed,-30
Greedy,5191,3037662008,5540167,5540333,166,completed,-30
Greedy,5192,3037662008,5540267,5540436,169,completed,-30
Greedy,5193,3037662008,5540367,5540539,172,completed,-30
Greedy,5194,3037662008,5540467,5540642,175,completed,-31
Greedy,5196,3658959723,5540667,5541014,347,completed,-11
Greedy,5197,3658959723,5540868,5541124,256,completed,-11
Greedy,5195,3037662008,5540567,5540744,177,completed,-31
Greedy,5198,3658959723,5540968,5541227,259,completed,-11
Greedy,5199,3658959723,5541068,5541330,262,completed,-11
Greedy,5200,3658959723,5541168,5541433,265,completed,-11
Greedy,5201,3658959723,5541268,5541536,268,completed,-11
Greedy,5202,3658959723,5541368,5541639,271,completed,-11
Greedy,5203,3658959723,5541468,5541742,274,completed,-11
Greedy,5204,3658959723,5541568,5541844,276,completed,-11
Greedy,5205,3658959723,5541668,5542022,354,completed,-11
Greedy,5206,3658959723,5541864,5542125,261,completed,-11
Greedy,5207,3658959723,5541964,5542228,264,completed,-11
Greedy,5208,3658959723,5542064,5542331,267,completed,-11
Greedy,5209,3658959723,5542164,5542434,270,completed,-11
Greedy,5210,3658959723,5542264,5542537,273,completed,-11
Greedy,5211,3658959723,5542364,5542641,277,completed,-11
Greedy,5214,3037662008,5542664,5542812,148,completed,-31
Greedy,5215,3037662008,5542872,5543115,243,completed,-31
Greedy,5212,3658959723,5542464,5542743,279,completed,-11
Greedy,5213,3658959723,5542564,5542845,281,completed,-11
Greedy,5216,3037662008,5542972,5543218,246,completed,-31
Greedy,5217,3037662008,5543072,5543321,249,completed,-31
Greedy,5218,3037662008,5543172,5543424,252,completed,-31
Greedy,5219,3037662008,5543272,5543527,255,completed,-31
Greedy,5220,3037662008,5543372,5543630,258,completed,-31
Greedy,5221,3037662008,5543472,5543733,261,completed,-31
Greedy,5222,3037662008,5543572,5543836,264,completed,-31
Greedy,5223,3037662008,5543672,5544015,343,completed,-31
Greedy,5224,3037662008,5543875,5544118,243,completed,-31
Greedy,5225,3037662008,5543975,5544224,249,completed,-31
Greedy,5226,3037662008,5544075,5544326,251,completed,-31
Greedy,5227,3037662008,5544175,5544429,254,completed,-31
Greedy,5228,3037662008,5544275,5544532,257,completed,-31
Greedy,5229,3037662008,5544375,5544635,260,completed,-32
Greedy,5230,3037662008,5544475,5544737,262,completed,-32
Greedy,5232,3658959723,5544678,5545024,346,completed,-10
Greedy,5233,3658959723,5544875,5545133,258,completed,-10
Greedy,5231,3037662008,5544575,5544838,263,completed,-32
Greedy,5234,3658959723,5544975,5545244,269,completed,-10
Greedy,5235,3658959723,5545075,5545347,272,completed,-10
Greedy,5236,3658959723,5545175,5545450,275,completed,-10
Greedy,5237,3658959723,5545275,5545553,278,completed,-10
Greedy,5238,3658959723,5545375,5545656,281,completed,-10
Greedy,5239,3658959723,5545475,5545759,284,completed,-10
Greedy,5240,3658959723,5545575,5545862,287,completed,-10
Greedy,5241,3658959723,5545675,5545963,288,completed,-10
Greedy,5242,3658959723,5545879,5546066,187,completed,-10
Greedy,5243,3658959723,5545979,5546169,190,completed,-10
Greedy,5244,3658959723,5546079,5546272,193,completed,-10
Greedy,5245,3658959723,5546179,5546375,196,completed,-10
Greedy,5246,3658959723,5546279,5546478,199,completed,-10
Greedy,5247,3658959723,5546379,5546581,202,completed,-10
Greedy,5248,3658959723,5546479,5546684,205,completed,-12
Greedy,5249,3658959723,5546579,5546786,207,completed,-12
Greedy,5250,3037662008,5546679,5547026,347,completed,-29
Greedy,5251,3037662008,5546879,5547129,250,completed,-29
Greedy,5252,3037662008,5546979,5547232,253,completed,-29
Greedy,5253,3037662008,5547079,5547335,256,completed,-29
Greedy,5254,3037662008,5547179,5547438,259,completed,-29
Greedy,5255,3037662008,5547279,5547541,262,completed,-29
Greedy,5256,3037662008,5547379,5547644,265,completed,-29
Greedy,5257,3037662008,5547479,5547747,268,completed,-29
Greedy,5258,3037662008,5547579,5547850,271,completed,-29
Greedy,5259,3037662008,5547679,5547952,273,completed,-29
Greedy,5260,3037662008,5547882,5548055,173,completed,-29
Greedy,5261,3037662008,5547982,5548158,176,completed,-29
Greedy,5262,3037662008,5548082,5548261,179,completed,-29
Greedy,5263,3037662008,5548182,5548364,182,completed,-29
Greedy,5264,3037662008,5548282,5548467,185,completed,-29
Greedy,5265,3037662008,5548382,5548570,188,completed,-29
Greedy,5266,3037662008,5548482,5548673,191,completed,-32
Greedy,5267,3037662008,5548582,5548775,193,completed,-32
Greedy,5268,3658959723,5548682,5549028,346,completed,-11
Greedy,5269,3658959723,5548882,5549140,258,completed,-11
Greedy,5270,3658959723,5548982,5549243,261,completed,-11
Greedy,5271,3658959723,5549082,5549346,264,completed,-11
Greedy,5272,3658959723,5549182,5549449,267,completed,-11
Greedy,5273,3658959723,5549282,5549552,270,completed,-11
Greedy,5274,3658959723,5549382,5549655,273,completed,-11
Greedy,5275,3658959723,5549482,5549758,276,completed,-11
Greedy,5276,3658959723,5549582,5549861,279,completed,-11
Greedy,5277,3658959723,5549682,5549962,280,completed,-11
Greedy,5278,3658959723,5549884,5550065,181,completed,-11
Greedy,5279,3658959723,5549984,5550168,184,completed,-11
Greedy,5280,3658959723,5550084,5550271,187,completed,-11
Greedy,5281,3658959723,5550184,5550374,190,completed,-11
Greedy,5282,3658959723,5550284,5550477,193,completed,-11
Greedy,5283,3658959723,5550384,5550580,196,completed,-11
Greedy,5284,3658959723,5550484,5550683,199,completed,-12
Greedy,5285,3658959723,5550584,5550785,201,completed,-12
Greedy,5286,3037662008,5550684,5551033,349,completed,-34
Greedy,5287,3037662008,5550884,5551136,252,completed,-34
Greedy,5288,3037662008,5550984,5551239,255,completed,-34
Greedy,5289,3037662008,5551084,5551342,258,completed,-34
Greedy,5290,3037662008,5551184,5551445,261,completed,-34
Greedy,5291,3037662008,5551284,5551548,264,completed,-34
Greedy,5292,3037662008,5551384,5551651,267,completed,-34
Greedy,5293,3037662008,5551484,5551754,270,completed,-34
Greedy,5294,3037662008,5551584,5551857,273,completed,-34
Greedy,5295,3037662008,5551684,5551959,275,completed,-34
Greedy,5296,3037662008,5551889,5552062,173,completed,-34
Greedy,5297,3037662008,5554107,5554465,358,completed,-31
Greedy,5298,3658959723,5554315,5554755,440,completed,-11
Greedy,5299,3658959723,5554415,5554863,448,completed,-11
Greedy,5300,3658959723,5554515,5554966,451,completed,-11
Greedy,5301,3658959723,5554615,5555069,454,completed,-11
Greedy,5302,3658959723,5554719,5555172,453,completed,-11
Greedy,5303,3658959723,5554819,5555275,456,completed,-11
Greedy,5304,3658959723,5554919,5555377,458,completed,-11
Greedy,5305,3658959723,5555019,5555479,460,completed,-11
Greedy,5306,3658959723,5555313,5555582,269,completed,-11
Greedy,5307,3658959723,5555413,5555685,272,completed,-11
Greedy,5308,3658959723,5555513,5555788,275,completed,-11
Greedy,5309,3658959723,5555613,5555891,278,completed,-11
Greedy,5310,3658959723,5555713,5555994,281,completed,-11
Greedy,5311,3658959723,5555813,5556097,284,completed,-11
Greedy,5312,3658959723,5555913,5556200,287,completed,-11
Greedy,5313,3658959723,5556013,5556303,290,completed,-11
Greedy,5314,3658959723,5556113,5556462,349,completed,-11
Greedy,5315,3658959723,5556316,5556565,249,completed,-11
Greedy,5318,3037662008,5556616,5556764,148,completed,-29
Greedy,5319,3037662008,5556716,5556867,151,completed,-29
Greedy,5316,3658959723,5556416,5556671,255,completed,-11
Greedy,5320,3037662008,5556816,5556970,154,completed,-29
Greedy,5321,3037662008,5556916,5557073,157,completed,-29
Greedy,5317,3658959723,5556516,5556773,257,completed,-11
Greedy,5322,3037662008,5557016,5557176,160,completed,-29
Greedy,5323,3037662008,5557121,5557465,344,completed,-29
Greedy,5324,3037662008,5557324,5557568,244,completed,-29
Greedy,5325,3037662008,5557424,5557671,247,completed,-29
Greedy,5326,3037662008,5557524,5557774,250,completed,-29
Greedy,5327,3037662008,5557624,5557877,253,completed,-29
Greedy,5328,3037662008,5557724,5557980,256,completed,-29
Greedy,5329,3037662008,5557824,5558083,259,completed,-29
Greedy,5330,3037662008,5557924,5558186,262,completed,-29
Greedy,5331,3037662008,5558024,5558289,265,completed,-29
Greedy,5332,3037662008,5558124,5558467,343,completed,-29
Greedy,5333,3037662008,5558326,5558570,244,completed,-29
Greedy,5334,3037662008,5558426,5558677,251,completed,-32
Greedy,5336,3658959723,5558626,5558780,154,completed,-11
Greedy,5337,3658959723,5558726,5558883,157,completed,-11
Greedy,5335,3037662008,5558526,5558780,254,completed,-32
Greedy,5338,3658959723,5558826,5558986,160,completed,-11
Greedy,5339,3658959723,5558926,5559089,163,completed,-11
Greedy,5340,3658959723,5559026,5559192,166,completed,-11
Greedy,5341,3658959723,5559126,5559474,348,completed,-11
Greedy,5342,3658959723,5559330,5559577,247,completed,-11
Greedy,5343,3658959723,5559430,5559680,250,completed,-11
Greedy,5344,3658959723,5559530,5559786,256,completed,-11
Greedy,5345,3658959723,5559630,5559889,259,completed,-11
Greedy,5346,3658959723,5559730,5559992,262,completed,-11
Greedy,5347,3658959723,5559830,5560095,265,completed,-11
Greedy,5348,3658959723,5559930,5560198,268,completed,-11
Greedy,5349,3658959723,5560030,5560301,271,completed,-11
Greedy,5350,3658959723,5560327,5560491,164,completed,-11
Greedy,5351,3658959723,5560427,5560594,167,completed,-11
Greedy,5353,3037662008,5560627,5560775,148,completed,-29
Greedy,5354,3037662008,5560727,5560878,151,completed,-29
Greedy,5352,3658959723,5560527,5560697,170,completed,-12
Greedy,5355,3037662008,5560827,5560981,154,completed,-29
Greedy,5356,3037662008,5560927,5561084,157,completed,-29
Greedy,5357,3037662008,5561027,5561187,160,completed,-29
Greedy,5358,3037662008,5561127,5561290,163,completed,-29
Greedy,5359,3037662008,5561339,5561502,163,completed,-29
Greedy,5360,3037662008,5561439,5561605,166,completed,-29
Greedy,5361,3037662008,5561539,5561708,169,completed,-29
Greedy,5362,3037662008,5561639,5561811,172,completed,-29
Greedy,5363,3037662008,5561739,5561914,175,completed,-29
Greedy,5364,3037662008,5561839,5562017,178,completed,-29
Greedy,5365,3037662008,5561939,5562120,181,completed,-29
Greedy,5366,3037662008,5562039,5562223,184,completed,-29
Greedy,5367,3037662008,5562331,5562481,150,completed,-29
Greedy,5368,3037662008,5562431,5562584,153,completed,-29
Greedy,5369,3037662008,5562531,5562687,156,completed,-33
Greedy,5370,3658959723,5562631,5562785,154,completed,-11
Greedy,5371,3658959723,5562731,5562888,157,completed,-11
Greedy,5372,3658959723,5562831,5562991,160,completed,-11
Greedy,5373,3658959723,5562931,5563094,163,completed,-11
Greedy,5374,3658959723,5563031,5563197,166,completed,-11
Greedy,5375,3658959723,5563131,5563300,169,completed,-11
Greedy,5376,3658959723,5563334,5563488,154,completed,-11
Greedy,5377,3658959723,5563434,5563591,157,completed,-11
Greedy,5378,3658959723,5563534,5563700,166,completed,-11
Greedy,5379,3658959723,5563634,5563810,176,completed,-11
Greedy,5380,3658959723,5563734,5563919,185,completed,-11
Greedy,5381,3658959723,5563834,5564029,195,completed,-11
Greedy,5382,3658959723,5563934,5564132,198,completed,-11
Greedy,5383,3658959723,5564034,5564235,201,completed,-11
Greedy,5384,3658959723,5564134,5564481,347,completed,-11
Greedy,5385,3658959723,5564334,5564590,256,completed,-11
Greedy,5388,3037662008,5564634,5564781,147,completed,-32
Greedy,5389,3037662008,5564734,5564890,156,completed,-32
Greedy,5386,3658959723,5564434,5564693,259,completed,-12
Greedy,5387,3658959723,5564534,5564795,261,completed,-12
Greedy,5390,3037662008,5564834,5564993,159,completed,-32
Greedy,5391,3037662008,5564934,5565096,162,completed,-32
Greedy,5392,3037662008,5565034,5565199,165,completed,-32
Greedy,5393,3037662008,5565134,5565302,168,completed,-32
Greedy,5394,3037662008,5565336,5565491,155,completed,-32
Greedy,5395,3037662008,5565436,5565594,158,completed,-32
Greedy,5396,3037662008,5565536,5565697,161,completed,-32
Greedy,5397,3037662008,5565636,5565800,164,completed,-32
Greedy,5398,3037662008,5565736,5565903,167,completed,-32
Greedy,5399,3037662008,5565836,5566006,170,completed,-32
Greedy,5400,3037662008,5565936,5566109,173,completed,-32
Greedy,5401,3037662008,5566036,5566212,176,completed,-32
Greedy,5402,3037662008,5566136,5566479,343,completed,-32
Greedy,5403,3037662008,5566336,5566585,249,completed,-32
Greedy,5404,3037662008,5566436,5566688,252,completed,-34
Greedy,5406,3658959723,5566636,5566789,153,completed,-11
Greedy,5405,3037662008,5566536,5566791,255,completed,-34
Greedy,5407,3658959723,5566736,5566898,162,completed,-11
Greedy,5408,3658959723,5566836,5567001,165,completed,-11
Greedy,5409,3658959723,5566936,5567104,168,completed,-11
Greedy,5410,3658959723,5567036,5567207,171,completed,-11
Greedy,5411,3658959723,5567136,5567310,174,completed,-11
Greedy,5412,3658959723,5567337,5567492,155,completed,-11
Greedy,5413,3658959723,5567437,5567595,158,completed,-11
Greedy,5414,3658959723,5567537,5567698,161,completed,-11
Greedy,5415,3658959723,5567637,5567801,164,completed,-11
Greedy,5416,3658959723,5567737,5567904,167,completed,-11
Greedy,5417,3658959723,5567837,5568007,170,completed,-11
Greedy,5418,3658959723,5567937,5568110,173,completed,-11
Greedy,5419,3658959723,5568037,5568213,176,completed,-11
Greedy,5420,3658959723,5568137,5568484,347,completed,-11
Greedy,5421,3658959723,5568338,5568594,256,completed,-11
Greedy,5424,3037662008,5568638,5568787,149,completed,-31
Greedy,5422,3658959723,5568438,5568704,266,completed,-11
Greedy,5423,3658959723,5568538,5568806,268,completed,-11
Greedy,5425,3037662008,5568738,5568889,151,completed,-31
Greedy,5426,3037662008,5568838,5568992,154,completed,-31
Greedy,5427,3037662008,5568938,5569095,157,completed,-31
Greedy,5428,3037662008,5569038,5569198,160,completed,-31
Greedy,5429,3037662008,5569138,5569301,163,completed,-31
Greedy,5430,3037662008,5569340,5569491,151,completed,-31
Greedy,5431,3037662008,5571542,5571886,344,completed,-33
Greedy,5433,3658959723,5571845,5572000,155,completed,-11
Greedy,5434,3658959723,5571945,5572122,177,completed,-11
Greedy,5432,3037662008,5571745,5572153,408,completed,-33
Greedy,5435,3658959723,5572045,5572225,180,completed,-11
Greedy,5436,3658959723,5572145,5572328,183,completed,-11
Greedy,5437,3658959723,5572245,5572431,186,completed,-11
Greedy,5438,3658959723,5572345,5572534,189,completed,-11
Greedy,5439,3658959723,5572445,5572637,192,completed,-11
Greedy,5440,3658959723,5572545,5572893,348,completed,-12
Greedy,5441,3658959723,5572751,5572996,245,completed,-12
Greedy,5442,3658959723,5572851,5573099,248,completed,-12
Greedy,5443,3658959723,5572951,5573202,251,completed,-12
Greedy,5444,3658959723,5573051,5573305,254,completed,-12
Greedy,5445,3658959723,5573151,5573408,257,completed,-12
Greedy,5446,3658959723,5573251,5573511,260,completed,-12
Greedy,5447,3658959723,5573351,5573614,263,completed,-12
Greedy,5448,3658959723,5573451,5573717,266,completed,-12
Greedy,5449,3658959723,5573745,5573901,156,completed,-12
Greedy,5450,3658959723,5573845,5574004,159,completed,-12
Greedy,5451,3658959723,5573945,5574107,162,completed,-12
Greedy,5452,3658959723,5574045,5574210,165,completed,-12
Greedy,5453,3658959723,5574145,5574313,168,completed,-12
Greedy,5454,3658959723,5574245,5574416,171,completed,-12
Greedy,5455,3658959723,5574345,5574519,174,completed,-12
Greedy,5456,3658959723,5574445,5574621,176,completed,-12
Greedy,5457,3658959723,5574545,5574724,179,completed,-12
Greedy,5459,3037662008,5574849,5574996,147,completed,-31
Greedy,5460,3037662008,5574949,5575107,158,completed,-31
Greedy,5458,3658959723,5574749,5574904,155,completed,-12
Greedy,5461,3037662008,5575049,5575210,161,completed,-31
Greedy,5462,3037662008,5575156,5575313,157,completed,-31
Greedy,5463,3037662008,5575256,5575416,160,completed,-31
Greedy,5464,3037662008,5575356,5575519,163,completed,-31
Greedy,5465,3037662008,5575456,5575622,166,completed,-31
Greedy,5466,3037662008,5575748,5575900,152,completed,-31
Greedy,5467,3037662008,5575848,5576010,162,completed,-31
Greedy,5468,3037662008,5575948,5576119,171,completed,-31
Greedy,5469,3037662008,5576048,5576234,186,completed,-31
Greedy,5470,3037662008,5576148,5576337,189,completed,-31
Greedy,5471,3037662008,5576248,5576440,192,completed,-31
Greedy,5472,3037662008,5576348,5576543,195,completed,-31
Greedy,5473,3037662008,5576448,5576646,198,completed,-31
Greedy,5474,3037662008,5576548,5576748,200,completed,-31
Greedy,5475,3658959723,5576752,5576906,154,completed,-10
Greedy,5476,3658959723,5576852,5577009,157,completed,-10
Greedy,5477,3658959723,5576952,5577112,160,completed,-10
Greedy,5478,3658959723,5577052,5577215,163,completed,-10
Greedy,5479,3658959723,5577152,5577318,166,completed,-10
Greedy,5480,3658959723,5577252,5577421,169,completed,-10
Greedy,5481,3658959723,5577352,5577524,172,completed,-10
Greedy,5482,3658959723,5577452,5577627,175,completed,-10
Greedy,5483,3658959723,5577552,5577898,346,completed,-10
Greedy,5484,3658959723,5577752,5578008,256,completed,-10
Greedy,5485,3658959723,5577852,5578111,259,completed,-10
Greedy,5486,3658959723,5577952,5578214,262,completed,-10
Greedy,5487,3658959723,5578052,5578317,265,completed,-10
Greedy,5488,3658959723,5578152,5578420,268,completed,-10
Greedy,5489,3658959723,5578252,5578522,270,completed,-10
Greedy,5490,3658959723,5578352,5578625,273,completed,-10
Greedy,5491,3658959723,5578452,5578728,276,completed,-11
Greedy,5492,3658959723,5578552,5578900,348,completed,-11
Greedy,5493,3658959723,5578756,5579003,247,completed,-11
Greedy,5494,3037662008,5578856,5579015,159,completed,-32
Greedy,5495,3037662008,5578956,5579118,162,completed,-32
Greedy,5496,3037662008,5579056,5579221,165,completed,-32
Greedy,5497,3037662008,5579156,5579324,168,completed,-32
Greedy,5498,3037662008,5579256,5579427,171,completed,-32
Greedy,5499,3037662008,5579356,5579530,174,completed,-32
Greedy,5500,3037662008,5579456,5579633,177,completed,-32
Greedy,SUMMARY,ALL,0,0,120004,batch_complete,0
----------------,---,---,---,---,---,----------------,---
Greedy,5501,3658959723,5589321,5589486,165,completed,-10
Greedy,5502,3658959723,5589421,5589758,337,completed,-10
Greedy,5503,3658959723,5589521,5589860,339,completed,-10
Greedy,5504,3658959723,5589621,5590032,411,completed,-10
Greedy,5505,3658959723,5589721,5590318,597,completed,-10
Greedy,5506,3658959723,5589821,5590421,600,completed,-10
Greedy,5507,3658959723,5589921,5590524,603,completed,-10
Greedy,5508,3658959723,5590162,5590627,465,completed,-10
Greedy,5509,3658959723,5590262,5590730,468,completed,-12
Greedy,5510,3658959723,5590362,5590833,471,completed,-12
Greedy,5514,3037662008,5590762,5590909,147,completed,-33
Greedy,5511,3658959723,5590462,5590936,474,completed,-12
Greedy,5515,3037662008,5590862,5591018,156,completed,-33
Greedy,5516,3037662008,5591165,5591316,151,completed,-33
Greedy,5517,3037662008,5591265,5591419,154,completed,-33
Greedy,5512,3658959723,5590562,5591038,476,completed,-12
Greedy,5518,3037662008,5591365,5591522,157,completed,-33
Greedy,5519,3037662008,5591465,5591625,160,completed,-33
Greedy,5520,3037662008,5591565,5591728,163,completed,-33
Greedy,5513,3658959723,5590662,5591139,477,completed,-12
Greedy,5521,3037662008,5591665,5591831,166,completed,-33
Greedy,5522,3037662008,5591765,5591934,169,completed,-33
Greedy,5523,3037662008,5591865,5592037,172,completed,-33
Greedy,5524,3037662008,5592159,5592350,191,completed,-33
Greedy,5525,3037662008,5592259,5592453,194,completed,-33
Greedy,5526,3037662008,5592359,5592556,197,completed,-33
Greedy,5527,3037662008,5592459,5592659,200,completed,-35
Greedy,5528,3037662008,5592559,5592762,203,completed,-35
Greedy,5529,3658959723,5592659,5592812,153,completed,-11
Greedy,5530,3658959723,5592759,5592915,156,completed,-11
Greedy,5531,3658959723,5592859,5593017,158,completed,-11
Greedy,5532,3658959723,5592959,5593120,161,completed,-11
Greedy,5533,3658959723,5593172,5593325,153,completed,-11
Greedy,5534,3658959723,5593272,5593428,156,completed,-11
Greedy,5535,3658959723,5593372,5593531,159,completed,-11
Greedy,5536,3658959723,5593472,5593634,162,completed,-11
Greedy,5537,3658959723,5593572,5593737,165,completed,-11
Greedy,5538,3658959723,5593672,5593839,167,completed,-11
Greedy,5539,3658959723,5593772,5593942,170,completed,-11
Greedy,5540,3658959723,5593872,5594045,173,completed,-11
Greedy,5541,3658959723,5594168,5594377,209,completed,-11
Greedy,5542,3658959723,5594268,5594480,212,completed,-11
Greedy,5543,3658959723,5594368,5594583,215,completed,-11
Greedy,5544,3658959723,5594468,5594686,218,completed,-11
Greedy,5546,3037662008,5594668,5594816,148,completed,-33
Greedy,5547,3037662008,5594768,5594926,158,completed,-33
Greedy,5545,3658959723,5594568,5594787,219,completed,-11
Greedy,5548,3037662008,5594868,5595029,161,completed,-33
Greedy,5549,3037662008,5595165,5595319,154,completed,-33
Greedy,5550,3037662008,5595265,5595430,165,completed,-33
Greedy,5551,3037662008,5595365,5595533,168,completed,-33
Greedy,5552,3037662008,5595465,5595636,171,completed,-33
Greedy,5553,3037662008,5595565,5595739,174,completed,-33
Greedy,5554,3037662008,5595665,5595842,177,completed,-33
Greedy,5555,3037662008,5595765,5595945,180,completed,-33
Greedy,5556,3037662008,5595865,5596048,183,completed,-33
Greedy,5557,3037662008,5595965,5596307,342,completed,-33
Greedy,5558,3037662008,5596171,5596416,245,completed,-33
Greedy,5559,3037662008,5596275,5596536,261,completed,-33
Greedy,5560,3037662008,5596375,5596647,272,completed,-35
Greedy,5561,3037662008,5596475,5596750,275,completed,-35
Greedy,5563,3658959723,5596675,5596828,153,completed,-11
Greedy,5562,3037662008,5596575,5596852,277,completed,-35
Greedy,5564,3658959723,5596775,5596934,159,completed,-11
Greedy,5565,3658959723,5596875,5597037,162,completed,-11
Greedy,5566,3658959723,5597173,5597364,191,completed,-11
Greedy,5567,3658959723,5597273,5597467,194,completed,-11
Greedy,5568,3658959723,5597373,5597570,197,completed,-11
Greedy,5569,3658959723,5597473,5597673,200,completed,-11
Greedy,5570,3658959723,5597573,5597776,203,completed,-11
Greedy,5571,3658959723,5597673,5597879,206,completed,-11
Greedy,5572,3658959723,5597773,5597982,209,completed,-11
Greedy,5573,3658959723,5597873,5598085,212,completed,-11
Greedy,5574,3658959723,5598166,5598345,179,completed,-11
Greedy,5575,3658959723,5598266,5598454,188,completed,-11
Greedy,5576,3658959723,5598366,5598557,191,completed,-11
Greedy,5577,3658959723,5598466,5598660,194,completed,-11
Greedy,5578,3658959723,5598566,5598763,197,completed,-12
Greedy,5579,3037662008,5598666,5598814,148,completed,-32
Greedy,5580,3037662008,5598766,5598923,157,completed,-32
Greedy,5581,3037662008,5598866,5599033,167,completed,-32
Greedy,5582,3037662008,5598967,5599310,343,completed,-32
Greedy,5583,3037662008,5599178,5599421,243,completed,-32
Greedy,5584,3037662008,5599278,5599530,252,completed,-32
Greedy,5585,3037662008,5599378,5599633,255,completed,-32
Greedy,5586,3037662008,5599478,5599736,258,completed,-32
Greedy,5587,3037662008,5599578,5599839,261,completed,-32
Greedy,5588,3037662008,5599678,5599942,264,completed,-32
Greedy,5589,3037662008,5599778,5600045,267,completed,-32
Greedy,5590,3037662008,5599878,5600148,270,completed,-32
Greedy,5591,3037662008,5600167,5600318,151,completed,-32
Greedy,5592,3037662008,5600267,5600421,154,completed,-32
Greedy,5593,3037662008,5600367,5600524,157,completed,-32
Greedy,5594,3037662008,5600467,5600627,160,completed,-34
Greedy,5596,3658959723,5600667,5600820,153,completed,-11
Greedy,5597,3658959723,5600767,5600930,163,completed,-11
Greedy,5595,3037662008,5600567,5600728,161,completed,-34
Greedy,5598,3658959723,5600867,5601033,166,completed,-11
Greedy,5599,3658959723,5600968,5601321,353,completed,-11
Greedy,5600,3658959723,5601182,5601424,242,completed,-11
Greedy,5601,3658959723,5601282,5601527,245,completed,-11
Greedy,5602,3658959723,5601382,5601630,248,completed,-11
Greedy,5603,3658959723,5601482,5601733,251,completed,-11
Greedy,5604,3658959723,5601582,5601836,254,completed,-11
Greedy,5605,3658959723,5601682,5601939,257,completed,-11
Greedy,5606,3658959723,5601782,5602042,260,completed,-11
Greedy,5607,3658959723,5601882,5602145,263,completed,-11
Greedy,5608,3658959723,5602180,5602336,156,completed,-11
Greedy,5609,3658959723,5602280,5602439,159,completed,-11
Greedy,5610,3658959723,5602380,5602542,162,completed,-11
Greedy,5611,3658959723,5602480,5602644,164,completed,-11
Greedy,5612,3658959723,5602580,5602747,167,completed,-12
Greedy,5613,3658959723,5602680,5602850,170,completed,-12
Greedy,5614,3037662008,5602780,5602928,148,completed,-34
Greedy,5615,3037662008,5602880,5603038,158,completed,-34
Greedy,5616,3037662008,5603182,5603435,253,completed,-34
Greedy,5617,3037662008,5603282,5603544,262,completed,-34
Greedy,5618,3037662008,5603382,5603647,265,completed,-34
Greedy,5619,3037662008,5603482,5603750,268,completed,-34
Greedy,5620,3037662008,5603582,5603853,271,completed,-34
Greedy,5621,3037662008,5603682,5603956,274,completed,-34
Greedy,5622,3037662008,5603782,5604059,277,completed,-34
Greedy,5623,3037662008,5603882,5604162,280,completed,-34
Greedy,5624,3037662008,5604179,5604328,149,completed,-34
Greedy,5625,3658959723,5606388,5606737,349,completed,-11
Greedy,5626,3658959723,5606589,5606846,257,completed,-11
Greedy,5636,3658959723,5607686,5607838,152,completed,-11
Greedy,5637,3658959723,5607786,5607947,161,completed,-11
Greedy,5638,3658959723,5607886,5608050,164,completed,-11
Greedy,5639,3658959723,5607986,5608152,166,completed,-11
Greedy,5640,3658959723,5608086,5608255,169,completed,-11
Greedy,5641,3658959723,5608186,5608358,172,completed,-11
Greedy,5642,3658959723,5608286,5608461,175,completed,-11
Greedy,5643,3658959723,5608386,5608563,177,completed,-11
Greedy,5644,3658959723,5608593,5608748,155,completed,-12
Greedy,5645,3658959723,5608693,5608851,158,completed,-12
Greedy,5627,3037662008,5606689,5607085,396,completed,-31
Greedy,5628,3037662008,5606789,5607384,595,completed,-31
Greedy,5629,3037662008,5606889,5607486,597,completed,-31
Greedy,5646,3658959723,5608793,5608954,161,completed,-12
Greedy,5630,3037662008,5606989,5607732,743,completed,-31
Greedy,5631,3037662008,5607089,5607910,821,completed,-31
Greedy,5632,3037662008,5607189,5608185,996,completed,-31
Greedy,5633,3037662008,5607289,5608460,1171,completed,-31
Greedy,5634,3037662008,5607389,5608562,1173,completed,-31
Greedy,5635,3037662008,5607586,5608741,1155,completed,-32
Greedy,5647,3037662008,5608893,5609043,150,completed,-32
Greedy,5648,3037662008,5608993,5609146,153,completed,-32
Greedy,5649,3037662008,5609093,5609249,156,completed,-32
Greedy,5650,3037662008,5609193,5609351,158,completed,-32
Greedy,5651,3037662008,5609293,5609454,161,completed,-32
Greedy,5652,3037662008,5609393,5609738,345,completed,-32
Greedy,5653,3037662008,5609588,5609840,252,completed,-32
Greedy,5654,3037662008,5609688,5609942,254,completed,-32
Greedy,5655,3037662008,5609788,5610044,256,completed,-32
Greedy,5656,3037662008,5609888,5610146,258,completed,-32
Greedy,5657,3037662008,5609988,5610248,260,completed,-32
Greedy,5658,3037662008,5610088,5610351,263,completed,-32
Greedy,5659,3037662008,5610188,5610454,266,completed,-32
Greedy,5660,3037662008,5610288,5610557,269,completed,-32
Greedy,5661,3037662008,5610388,5610659,271,completed,-33
Greedy,5663,3658959723,5610695,5610848,153,completed,-11
Greedy,5662,3037662008,5610595,5610763,168,completed,-33
Greedy,5664,3658959723,5610795,5610958,163,completed,-11
Greedy,5665,3658959723,5610895,5611061,166,completed,-11
Greedy,5666,3658959723,5610995,5611164,169,completed,-11
Greedy,5667,3658959723,5611095,5611267,172,completed,-11
Greedy,5668,3658959723,5611195,5611370,175,completed,-11
Greedy,5669,3658959723,5611295,5611472,177,completed,-11
Greedy,5670,3658959723,5611395,5611742,347,completed,-11
Greedy,5671,3658959723,5611595,5611845,250,completed,-11
Greedy,5672,3658959723,5611695,5611948,253,completed,-11
Greedy,5673,3658959723,5611795,5612051,256,completed,-11
Greedy,5674,3658959723,5611895,5612154,259,completed,-11
Greedy,5675,3658959723,5611995,5612257,262,completed,-11
Greedy,5676,3658959723,5612095,5612360,265,completed,-11
Greedy,5677,3658959723,5612195,5612463,268,completed,-11
Greedy,5678,3658959723,5612295,5612566,271,completed,-11
Greedy,5681,3037662008,5612702,5612850,148,completed,-31
Greedy,5679,3658959723,5612397,5612745,348,completed,-12
Greedy,5682,3037662008,5612802,5612959,157,completed,-31
Greedy,5683,3037662008,5612902,5613062,160,completed,-31
Greedy,5684,3037662008,5613002,5613165,163,completed,-31
Greedy,5680,3658959723,5612602,5612846,244,completed,-12
Greedy,5685,3037662008,5613102,5613268,166,completed,-31
Greedy,5686,3037662008,5613202,5613371,169,completed,-31
Greedy,5687,3037662008,5613302,5613474,172,completed,-31
Greedy,5688,3037662008,5613591,5613741,150,completed,-31
Greedy,5689,3037662008,5613691,5613844,153,completed,-31
Greedy,5690,3037662008,5613791,5613947,156,completed,-31
Greedy,5691,3037662008,5613891,5614050,159,completed,-31
Greedy,5692,3037662008,5613991,5614153,162,completed,-31
Greedy,5693,3037662008,5614091,5614256,165,completed,-31
Greedy,5694,3037662008,5614191,5614359,168,completed,-31
Greedy,5695,3037662008,5614291,5614462,171,completed,-31
Greedy,5696,3037662008,5614391,5614565,174,completed,-31
Greedy,5697,3037662008,5614599,5614753,154,completed,-33
Greedy,5698,3658959723,5614699,5614853,154,completed,-11
Greedy,5699,3658959723,5614799,5614956,157,completed,-11
Greedy,5700,3658959723,5614899,5615059,160,completed,-11
Greedy,5701,3658959723,5614999,5615162,163,completed,-11
Greedy,5702,3658959723,5615103,5615265,162,completed,-11
Greedy,5703,3658959723,5615203,5615368,165,completed,-11
Greedy,5704,3658959723,5615303,5615471,168,completed,-11
Greedy,5705,3658959723,5615597,5615753,156,completed,-11
Greedy,5706,3658959723,5615697,5615858,161,completed,-11
Greedy,5707,3658959723,5615797,5615961,164,completed,-11
Greedy,5708,3658959723,5615897,5616063,166,completed,-11
Greedy,5709,3658959723,5615997,5616166,169,completed,-11
Greedy,5710,3658959723,5616097,5616282,185,completed,-11
Greedy,5711,3658959723,5616197,5616385,188,completed,-11
Greedy,5712,3658959723,5616297,5616488,191,completed,-11
Greedy,5713,3658959723,5616399,5616591,192,completed,-11
Greedy,5715,3037662008,5616704,5616852,148,completed,-31
Greedy,5714,3658959723,5616604,5616758,154,completed,-12
Greedy,5716,3037662008,5616804,5616962,158,completed,-31
Greedy,5717,3037662008,5616904,5617071,167,completed,-31
Greedy,5718,3037662008,5617004,5617174,170,completed,-31
Greedy,5719,3037662008,5617114,5617277,163,completed,-31
Greedy,5720,3037662008,5617214,5617380,166,completed,-31
Greedy,5721,3037662008,5617314,5617483,169,completed,-31
Greedy,5722,3037662008,5617600,5617751,151,completed,-31
Greedy,5723,3037662008,5617700,5617861,161,completed,-31
Greedy,5724,3037662008,5617800,5617964,164,completed,-31
Greedy,5725,3037662008,5617900,5618067,167,completed,-31
Greedy,5726,3037662008,5618000,5618170,170,completed,-31
Greedy,5727,3037662008,5618102,5618273,171,completed,-31
Greedy,5728,3037662008,5618202,5618376,174,completed,-31
Greedy,5729,3037662008,5618302,5618479,177,completed,-31
Greedy,5730,3037662008,5618402,5618746,344,completed,-35
Greedy,5732,3658959723,5618704,5618857,153,completed,-11
Greedy,5731,3037662008,5618604,5618849,245,completed,-35
Greedy,5733,3658959723,5618804,5618966,162,completed,-11
Greedy,5734,3658959723,5618904,5619069,165,completed,-11
Greedy,5735,3658959723,5619004,5619172,168,completed,-11
Greedy,5736,3658959723,5619106,5619275,169,completed,-11
Greedy,5737,3658959723,5619206,5619378,172,completed,-11
Greedy,5738,3658959723,5619306,5619481,175,completed,-11
Greedy,5739,3658959723,5619406,5619752,346,completed,-11
Greedy,5740,3658959723,5619606,5619855,249,completed,-11
Greedy,5741,3658959723,5619706,5619960,254,completed,-11
Greedy,5742,3658959723,5619806,5620062,256,completed,-11
Greedy,5743,3658959723,5619906,5620165,259,completed,-11
Greedy,5744,3658959723,5620006,5620267,261,completed,-11
Greedy,5745,3658959723,5620107,5620370,263,completed,-11
Greedy,5746,3658959723,5620207,5620473,266,completed,-11
Greedy,5747,3658959723,5620307,5620576,269,completed,-11
Greedy,5748,3658959723,5620407,5620771,364,completed,-12
Greedy,5749,3658959723,5620618,5620874,256,completed,-12
Greedy,5750,3658959723,5620718,5620977,259,completed,-12
Greedy,5751,3658959723,5620818,5621080,262,completed,-12
Greedy,5752,3658959723,5620918,5621183,265,completed,-12
Greedy,5753,3658959723,5621018,5621286,268,completed,-12
Greedy,5754,3658959723,5621119,5621388,269,completed,-12
Greedy,5755,3658959723,5621219,5621491,272,completed,-12
Greedy,5756,3658959723,5621319,5621593,274,completed,-12
Greedy,5757,3658959723,5621604,5621761,157,completed,-12
Greedy,5758,3658959723,5623823,5624182,359,completed,-11
Greedy,5759,3658959723,5624026,5624499,473,completed,-11
Greedy,5760,3658959723,5624126,5624608,482,completed,-11
Greedy,5761,3658959723,5624226,5624711,485,completed,-12
Greedy,5762,3658959723,5624326,5624814,488,completed,-12
Greedy,5763,3658959723,5624426,5624917,491,completed,-12
Greedy,5764,3658959723,5624526,5625020,494,completed,-12
Greedy,5765,3658959723,5624626,5625121,495,completed,-12
Greedy,5766,3658959723,5624726,5625224,498,completed,-12
Greedy,5767,3658959723,5624826,5625327,501,completed,-12
Greedy,5768,3658959723,5625026,5625430,404,completed,-12
Greedy,5769,3658959723,5625126,5625533,407,completed,-12
Greedy,5770,3658959723,5625226,5625636,410,completed,-12
Greedy,5771,3658959723,5625326,5625739,413,completed,-12
Greedy,5772,3658959723,5625426,5625842,416,completed,-12
Greedy,5773,3658959723,5625526,5625945,419,completed,-12
Greedy,5774,3658959723,5625626,5626047,421,completed,-12
Greedy,5775,3658959723,5625726,5626149,423,completed,-12
Greedy,5776,3658959723,5625826,5626252,426,completed,-12
Greedy,5777,3658959723,5626030,5626355,325,completed,-12
Greedy,5778,3658959723,5626130,5626458,328,completed,-12
Greedy,5779,3658959723,5626230,5626561,331,completed,-12
Greedy,5780,3658959723,5626330,5626664,334,completed,-12
Greedy,5781,3658959723,5626430,5626767,337,completed,-12
Greedy,5782,3658959723,5626530,5626869,339,completed,-12
Greedy,5783,3658959723,5626630,5626972,342,completed,-12
Greedy,5784,3658959723,5626730,5627076,346,completed,-12
Greedy,5785,3658959723,5626830,5627182,352,completed,-12
Greedy,5786,3658959723,5627025,5627285,260,completed,-12
Greedy,5787,3658959723,5627125,5627388,263,completed,-12
Greedy,5788,3658959723,5627225,5627491,266,completed,-12
Greedy,5789,3658959723,5627325,5627594,269,completed,-12
Greedy,5790,3658959723,5627425,5627697,272,completed,-12
Greedy,5791,3658959723,5627525,5627800,275,completed,-12
Greedy,5792,3658959723,5627625,5627903,278,completed,-12
Greedy,5793,3658959723,5627725,5628006,281,completed,-12
Greedy,5794,3658959723,5627825,5628108,283,completed,-12
Greedy,5795,3658959723,5628032,5628211,179,completed,-12
Greedy,5796,3658959723,5628132,5628314,182,completed,-12
Greedy,5797,3658959723,5628232,5628417,185,completed,-12
Greedy,5798,3658959723,5628332,5628520,188,completed,-12
Greedy,5799,3658959723,5628432,5628623,191,completed,-12
Greedy,5800,3658959723,5628532,5628726,194,completed,-12
Greedy,5801,3658959723,5628632,5628828,196,completed,-12
Greedy,5802,3658959723,5628732,5628931,199,completed,-12
Greedy,5803,3658959723,5628832,5629178,346,completed,-12
Greedy,5804,3658959723,5629032,5629287,255,completed,-12
Greedy,5805,3658959723,5629132,5629390,258,completed,-12
Greedy,5806,3658959723,5629232,5629493,261,completed,-12
Greedy,5807,3658959723,5629332,5629596,264,completed,-12
Greedy,5808,3658959723,5629432,5629699,267,completed,-12
Greedy,5809,3658959723,5629532,5629802,270,completed,-12
Greedy,5810,3658959723,5629632,5629905,273,completed,-12
Greedy,5811,3658959723,5629732,5630008,276,completed,-12
Greedy,5812,3658959723,5629832,5630181,349,completed,-12
Greedy,5813,3658959723,5630035,5630298,263,completed,-12
Greedy,5814,3658959723,5630135,5630401,266,completed,-12
Greedy,5815,3658959723,5630235,5630504,269,completed,-12
Greedy,5816,3658959723,5630335,5630607,272,completed,-12
Greedy,5817,3658959723,5630435,5630710,275,completed,-12
Greedy,5818,3658959723,5630535,5630812,277,completed,-12
Greedy,5819,3658959723,5630635,5630914,279,completed,-12
Greedy,5820,3658959723,5630735,5631015,280,completed,-12
Greedy,5821,3658959723,5630835,5631190,355,completed,-12
Greedy,5822,3658959723,5631031,5631431,400,completed,-12
Greedy,5823,3658959723,5631131,5631534,403,completed,-12
Greedy,5824,3658959723,5631231,5631637,406,completed,-12
Greedy,5825,3658959723,5631331,5631740,409,completed,-12
Greedy,5826,3658959723,5631431,5631843,412,completed,-12
Greedy,5827,3658959723,5631531,5631946,415,completed,-12
Greedy,5828,3658959723,5631631,5632049,418,completed,-12
Greedy,5829,3658959723,5631731,5632151,420,completed,-12
Greedy,5830,3658959723,5631831,5632254,423,completed,-12
Greedy,5831,3658959723,5632035,5632357,322,completed,-12
Greedy,5832,3658959723,5632135,5632460,325,completed,-12
Greedy,5833,3658959723,5632235,5632563,328,completed,-12
Greedy,5834,3658959723,5632335,5632666,331,completed,-12
Greedy,5835,3658959723,5632435,5632769,334,completed,-11
Greedy,5836,3658959723,5632535,5632871,336,completed,-11
Greedy,5837,3658959723,5632635,5632973,338,completed,-11
Greedy,5838,3658959723,5632735,5633075,340,completed,-11
Greedy,5839,3658959723,5632835,5633176,341,completed,-11
Greedy,5840,3658959723,5633036,5633278,242,completed,-11
Greedy,5841,3658959723,5633136,5633380,244,completed,-11
Greedy,5842,3658959723,5633236,5633483,247,completed,-11
Greedy,5843,3658959723,5633336,5633589,253,completed,-11
Greedy,5844,3658959723,5633436,5633692,256,completed,-11
Greedy,5845,3658959723,5633536,5633795,259,completed,-11
Greedy,5846,3658959723,5633636,5633898,262,completed,-11
Greedy,5847,3658959723,5633736,5634001,265,completed,-11
Greedy,5848,3658959723,5633836,5634186,350,completed,-11
Greedy,5849,3658959723,5634040,5634289,249,completed,-11
Greedy,5850,3658959723,5634140,5634393,253,completed,-11
Greedy,5851,3658959723,5634240,5634496,256,completed,-11
Greedy,5852,3658959723,5634340,5634599,259,completed,-11
Greedy,5853,3658959723,5634440,5634702,262,completed,-12
Greedy,5854,3658959723,5634540,5634805,265,completed,-12
Greedy,5855,3658959723,5634640,5634908,268,completed,-12
Greedy,5856,3658959723,5634740,5635010,270,completed,-12
Greedy,5857,3658959723,5634840,5635195,355,completed,-12
Greedy,5858,3658959723,5635036,5635298,262,completed,-12
Greedy,5859,3658959723,5635136,5635401,265,completed,-12
Greedy,5860,3658959723,5635236,5635504,268,completed,-12
Greedy,5861,3658959723,5635336,5635607,271,completed,-12
Greedy,5862,3658959723,5635436,5635710,274,completed,-12
Greedy,5863,3658959723,5635536,5635813,277,completed,-12
Greedy,5864,3658959723,5635636,5635916,280,completed,-12
Greedy,5865,3658959723,5635736,5636019,283,completed,-12
Greedy,5866,3658959723,5635838,5636188,350,completed,-12
Greedy,5867,3658959723,5636041,5636291,250,completed,-12
Greedy,5868,3658959723,5636141,5636393,252,completed,-12
Greedy,5869,3658959723,5636241,5636499,258,completed,-12
Greedy,5870,3658959723,5636341,5636602,261,completed,-12
Greedy,5871,3658959723,5636441,5636705,264,completed,-12
Greedy,5872,3658959723,5636541,5636808,267,completed,-12
Greedy,5873,3658959723,5636641,5636911,270,completed,-12
Greedy,5874,3658959723,5636741,5637013,272,completed,-12
Greedy,5875,3658959723,5636841,5637189,348,completed,-12
Greedy,5876,3658959723,5637036,5637331,295,completed,-12
Greedy,5877,3658959723,5637136,5637434,298,completed,-12
Greedy,5878,3658959723,5637236,5637537,301,completed,-12
Greedy,5879,3658959723,5637336,5637640,304,completed,-12
Greedy,5880,3658959723,5637436,5637743,307,completed,-12
Greedy,5881,3658959723,5637536,5637846,310,completed,-12
Greedy,5882,3658959723,5637636,5637949,313,completed,-12
Greedy,5883,3658959723,5637736,5638052,316,completed,-12
Greedy,5884,3658959723,5637838,5638189,351,completed,-12
Greedy,5885,3658959723,5638043,5638292,249,completed,-12
Greedy,5886,3658959723,5638143,5638398,255,completed,-12
Greedy,5887,3658959723,5638243,5638501,258,completed,-12
Greedy,5888,3658959723,5638343,5638604,261,completed,-12
Greedy,5889,3658959723,5638443,5638707,264,completed,-12
Greedy,5890,3658959723,5638543,5638810,267,completed,-12
Greedy,5891,3658959723,5638643,5638913,270,completed,-12
Greedy,5892,3658959723,5638743,5639016,273,completed,-12
Greedy,5893,3658959723,5638843,5639193,350,completed,-12
Greedy,5894,3658959723,5639047,5639296,249,completed,-12
Greedy,5895,3658959723,5641253,5641600,347,completed,-11
Greedy,5896,3658959723,5641455,5641702,247,completed,-11
Greedy,5897,3658959723,5641555,5641931,376,completed,-11
Greedy,5898,3658959723,5641655,5642178,523,completed,-11
Greedy,5899,3658959723,5641755,5642630,875,completed,-11
Greedy,5900,3658959723,5641855,5642736,881,completed,-12
Greedy,5901,3658959723,5641955,5642839,884,completed,-12
Greedy,5902,3658959723,5642055,5642942,887,completed,-12
Greedy,5903,3658959723,5642155,5643045,890,completed,-12
Greedy,5904,3658959723,5642255,5643148,893,completed,-12
Greedy,5905,3658959723,5642454,5643251,797,completed,-12
Greedy,5906,3658959723,5642554,5643354,800,completed,-12
Greedy,5907,3658959723,5642654,5643457,803,completed,-12
Greedy,5908,3658959723,5642754,5643558,804,completed,-12
Greedy,5909,3658959723,5642854,5643661,807,completed,-12
Greedy,5910,3658959723,5642954,5643764,810,completed,-12
Greedy,5911,3658959723,5643054,5643867,813,completed,-12
Greedy,5912,3658959723,5643154,5643970,816,completed,-12
Greedy,5913,3658959723,5643254,5644073,819,completed,-12
Greedy,5914,3658959723,5643459,5644176,717,completed,-12
Greedy,5915,3658959723,5643559,5644279,720,completed,-12
Greedy,5916,3658959723,5643659,5644382,723,completed,-12
Greedy,5917,3658959723,5643759,5644484,725,completed,-12
Greedy,5918,3658959723,5643859,5644585,726,completed,-12
Greedy,5919,3658959723,5643959,5644687,728,completed,-12
Greedy,5920,3658959723,5644059,5644791,732,completed,-11
Greedy,5921,3658959723,5644159,5644894,735,completed,-11
Greedy,5922,3658959723,5644259,5644997,738,completed,-11
Greedy,5923,3658959723,5644454,5645100,646,completed,-11
Greedy,5924,3658959723,5644554,5645203,649,completed,-11
Greedy,5925,3658959723,5644654,5645306,652,completed,-11
Greedy,5926,3658959723,5644754,5645409,655,completed,-11
Greedy,5927,3658959723,5644855,5645511,656,completed,-11
Greedy,5928,3658959723,5644959,5645617,658,completed,-11
Greedy,5929,3658959723,5645061,5645720,659,completed,-11
Greedy,5930,3658959723,5645163,5645823,660,completed,-11
Greedy,5931,3658959723,5645460,5645926,466,completed,-11
Greedy,5932,3658959723,5645560,5646029,469,completed,-11
Greedy,5933,3658959723,5645660,5646132,472,completed,-11
Greedy,5934,3658959723,5645760,5646235,475,completed,-11
Greedy,5935,3658959723,5645860,5646338,478,completed,-11
Greedy,5936,3658959723,5645960,5646440,480,completed,-11
Greedy,5937,3658959723,5646060,5646541,481,completed,-11
Greedy,5938,3658959723,5646160,5646643,483,completed,-11
Greedy,5939,3658959723,5646260,5646744,484,completed,-12
Greedy,5940,3658959723,5646455,5646846,391,completed,-12
Greedy,5941,3658959723,5646555,5646949,394,completed,-12
Greedy,5942,3658959723,5646655,5647052,397,completed,-12
Greedy,5943,3658959723,5646755,5647155,400,completed,-12
Greedy,5944,3658959723,5646855,5647258,403,completed,-12
Greedy,5945,3658959723,5646955,5647361,406,completed,-12
Greedy,5946,3658959723,5647055,5647464,409,completed,-12
Greedy,5947,3658959723,5647155,5647565,410,completed,-12
Greedy,5948,3658959723,5647255,5647668,413,completed,-12
Greedy,5949,3658959723,5647460,5647771,311,completed,-12
Greedy,5950,3658959723,5647560,5647874,314,completed,-12
Greedy,5951,3658959723,5647660,5647977,317,completed,-12
Greedy,5952,3658959723,5647760,5648080,320,completed,-12
Greedy,5953,3658959723,5647860,5648183,323,completed,-12
Greedy,5954,3658959723,5647960,5648286,326,completed,-12
Greedy,5955,3658959723,5648060,5648389,329,completed,-12
Greedy,5956,3658959723,5648160,5648492,332,completed,-12
Greedy,5957,3658959723,5648260,5648593,333,completed,-12
Greedy,5958,3658959723,5648461,5648696,235,completed,-12
Greedy,5959,3658959723,5648561,5648797,236,completed,-12
Greedy,5960,3658959723,5648661,5648900,239,completed,-12
Greedy,5961,3658959723,5648761,5649003,242,completed,-12
Greedy,5962,3658959723,5648862,5649106,244,completed,-12
Greedy,5963,3658959723,5648964,5649209,245,completed,-12
Greedy,5964,3658959723,5649067,5649312,245,completed,-12
Greedy,5965,3658959723,5649170,5649415,245,completed,-12
Greedy,5966,3658959723,5649465,5649619,154,completed,-12
Greedy,5967,3658959723,5649565,5649722,157,completed,-12
Greedy,5968,3658959723,5649665,5649825,160,completed,-12
Greedy,5969,3658959723,5649765,5649928,163,completed,-12
Greedy,5970,3658959723,5649865,5650030,165,completed,-12
Greedy,5971,3658959723,5649965,5650133,168,completed,-12
Greedy,5972,3658959723,5650065,5650236,171,completed,-12
Greedy,5973,3658959723,5650165,5650339,174,completed,-12
Greedy,5974,3658959723,5650265,5650616,351,completed,-12
Greedy,5975,3658959723,5650462,5650719,257,completed,-12
Greedy,5977,3037662008,5650662,5650811,149,completed,-32
Greedy,5978,3037662008,5650762,5650914,152,completed,-32
Greedy,5976,3658959723,5650562,5650820,258,completed,-12
Greedy,5979,3037662008,5650862,5651017,155,completed,-32
Greedy,5980,3037662008,5650962,5651120,158,completed,-32
Greedy,5981,3037662008,5651062,5651223,161,completed,-32
Greedy,5982,3037662008,5651162,5651326,164,completed,-32
Greedy,5983,3037662008,5651263,5651608,345,completed,-32
Greedy,5984,3037662008,5651466,5651718,252,completed,-32
Greedy,5985,3037662008,5651566,5651821,255,completed,-32
Greedy,5986,3037662008,5651666,5651924,258,completed,-32
Greedy,5987,3037662008,5651766,5652027,261,completed,-32
Greedy,5988,3037662008,5651866,5652130,264,completed,-32
Greedy,5989,3037662008,5651966,5652233,267,completed,-32
Greedy,5990,3037662008,5652066,5652336,270,completed,-32
Greedy,5991,3037662008,5652166,5652439,273,completed,-32
Greedy,5992,3037662008,5652266,5652540,274,completed,-32
Greedy,5993,3037662008,5652467,5652643,176,completed,-32
Greedy,5995,3658959723,5652667,5652820,153,completed,-11
Greedy,5996,3658959723,5652767,5652930,163,completed,-11
Greedy,5997,3658959723,5652867,5653033,166,completed,-11
Greedy,5994,3037662008,5652567,5652746,179,completed,-36
Greedy,5998,3658959723,5652967,5653135,168,completed,-11
Greedy,5999,3658959723,5653067,5653238,171,completed,-11
Greedy,6000,3658959723,5653167,5653341,174,completed,-11
Greedy,6001,3658959723,5653267,5653615,348,completed,-11
Greedy,6002,3658959723,5653468,5653725,257,completed,-11
Greedy,6003,3658959723,5653568,5653828,260,completed,-11
Greedy,6004,3658959723,5653668,5653931,263,completed,-11
Greedy,6005,3658959723,5653768,5654034,266,completed,-11
Greedy,6006,3658959723,5653868,5654137,269,completed,-11
Greedy,6007,3658959723,5653968,5654240,272,completed,-11
Greedy,6008,3658959723,5654068,5654343,275,completed,-11
Greedy,6009,3658959723,5654168,5654446,278,completed,-11
Greedy,6010,3658959723,5654268,5654548,280,completed,-11
Greedy,6011,3658959723,5654468,5654650,182,completed,-11
Greedy,6012,3658959723,5654568,5654752,184,completed,-11
Greedy,6014,3037662008,5654768,5654918,150,completed,-32
Greedy,6015,3037662008,5654868,5655021,153,completed,-32
Greedy,6013,3658959723,5654668,5654854,186,completed,-11
Greedy,6016,3037662008,5654968,5655124,156,completed,-32
Greedy,6017,3037662008,5655068,5655227,159,completed,-32
Greedy,6018,3037662008,5655168,5655330,162,completed,-32
Greedy,6019,3037662008,5655268,5655433,165,completed,-32
Greedy,6020,3037662008,5655471,5655620,149,completed,-32
Greedy,6021,3037662008,5655571,5655723,152,completed,-32
Greedy,6022,3037662008,5655671,5655826,155,completed,-32
Greedy,6023,3037662008,5655771,5655929,158,completed,-32
Greedy,6024,3037662008,5655871,5656032,161,completed,-32
Greedy,6025,3037662008,5655971,5656135,164,completed,-32
Greedy,6026,3037662008,5656071,5656238,167,completed,-32
Greedy,6027,3037662008,5656171,5656341,170,completed,-32
Greedy,6028,3037662008,5656271,5656616,345,completed,-32
Greedy,6029,3037662008,5656469,5656719,250,completed,-32
Greedy,6030,3658959723,5658680,5659029,349,completed,-11
Greedy,6031,3658959723,5658883,5659179,296,completed,-11
Greedy,6032,3658959723,5658983,5659297,314,completed,-11
Greedy,6033,3658959723,5659084,5659403,319,completed,-11
Greedy,6034,3658959723,5659184,5659506,322,completed,-11
Greedy,6035,3658959723,5659284,5659609,325,completed,-11
Greedy,6036,3658959723,5659384,5659712,328,completed,-11
Greedy,6037,3658959723,5659484,5659815,331,completed,-11
Greedy,6038,3658959723,5659584,5659917,333,completed,-11
Greedy,6039,3658959723,5659684,5660032,348,completed,-11
Greedy,6040,3658959723,5659879,5660135,256,completed,-11
Greedy,6041,3658959723,5659979,5660238,259,completed,-11
Greedy,6042,3658959723,5660079,5660340,261,completed,-11
Greedy,6043,3658959723,5660179,5660443,264,completed,-11
Greedy,6044,3658959723,5660279,5660546,267,completed,-11
Greedy,6045,3658959723,5660379,5660649,270,completed,-11
Greedy,6046,3658959723,5660479,5660752,273,completed,-12
Greedy,6048,3037662008,5660679,5660827,148,completed,-29
Greedy,6047,3658959723,5660579,5660855,276,completed,-12
Greedy,6049,3037662008,5660889,5661232,343,completed,-29
Greedy,6050,3037662008,5660989,5661341,352,completed,-29
Greedy,6051,3037662008,5661089,5661444,355,completed,-29
Greedy,6052,3037662008,5661189,5661547,358,completed,-29
Greedy,6053,3037662008,5661289,5661650,361,completed,-29
Greedy,6054,3037662008,5661389,5661754,365,completed,-29
Greedy,6055,3037662008,5661489,5661857,368,completed,-29
Greedy,6056,3037662008,5661589,5661959,370,completed,-29
Greedy,6057,3037662008,5661884,5662062,178,completed,-29
Greedy,6058,3037662008,5661984,5662165,181,completed,-29
Greedy,6059,3037662008,5662084,5662268,184,completed,-29
Greedy,6060,3037662008,5662184,5662371,187,completed,-29
Greedy,6061,3037662008,5662284,5662474,190,completed,-29
Greedy,6062,3037662008,5662384,5662577,193,completed,-29
Greedy,6063,3037662008,5662484,5662680,196,completed,-32
Greedy,6065,3658959723,5662684,5662837,153,completed,-11
Greedy,6064,3037662008,5662584,5662783,199,completed,-32
Greedy,6066,3658959723,5662890,5663276,386,completed,-11
Greedy,6067,3658959723,5662990,5663392,402,completed,-11
Greedy,6068,3658959723,5663090,5663502,412,completed,-11
Greedy,6069,3658959723,5663190,5663605,415,completed,-11
Greedy,6070,3658959723,5663290,5663708,418,completed,-11
Greedy,6071,3658959723,5663390,5663811,421,completed,-11
Greedy,6072,3658959723,5663490,5663913,423,completed,-11
Greedy,6073,3658959723,5663590,5664014,424,completed,-11
Greedy,6074,3658959723,5663690,5664116,426,completed,-11
Greedy,6075,3658959723,5663885,5664218,333,completed,-11
Greedy,6076,3658959723,5663985,5664321,336,completed,-11
Greedy,6077,3658959723,5664085,5664424,339,completed,-11
Greedy,6078,3658959723,5664185,5664527,342,completed,-11
Greedy,6079,3658959723,5664285,5664630,345,completed,-11
Greedy,6080,3658959723,5664385,5664733,348,completed,-13
Greedy,6081,3658959723,5664487,5664836,349,completed,-13
Greedy,6083,3037662008,5664695,5665037,342,completed,-31
Greedy,6084,3037662008,5664892,5665146,254,completed,-31
Greedy,6082,3658959723,5664588,5664938,350,completed,-13
Greedy,6085,3037662008,5664992,5665263,271,completed,-31
Greedy,6086,3037662008,5665092,5665366,274,completed,-31
Greedy,6087,3037662008,5665192,5665469,277,completed,-31
Greedy,6088,3037662008,5665292,5665572,280,completed,-31
Greedy,6089,3037662008,5665392,5665675,283,completed,-31
Greedy,6090,3037662008,5665492,5665778,286,completed,-31
Greedy,6091,3037662008,5665592,5665881,289,completed,-31
Greedy,6092,3037662008,5665692,5665983,291,completed,-31
Greedy,6093,3037662008,5665895,5666085,190,completed,-31
Greedy,6094,3037662008,5665995,5666187,192,completed,-31
Greedy,6095,3037662008,5666095,5666290,195,completed,-31
Greedy,6096,3037662008,5666195,5666393,198,completed,-31
Greedy,6097,3037662008,5666295,5666496,201,completed,-31
Greedy,6098,3037662008,5666395,5666599,204,completed,-31
Greedy,6099,3037662008,5666495,5666702,207,completed,-32
Greedy,6100,3037662008,5666595,5666805,210,completed,-32
Greedy,6101,3658959723,5666695,5667043,348,completed,-10
Greedy,6102,3658959723,5666897,5667152,255,completed,-10
Greedy,6103,3658959723,5666997,5667261,264,completed,-10
Greedy,6104,3658959723,5667104,5667370,266,completed,-10
Greedy,6105,3658959723,5667204,5667473,269,completed,-10
Greedy,6106,3658959723,5667304,5667576,272,completed,-10
Greedy,6107,3658959723,5667404,5667679,275,completed,-10
Greedy,6108,3658959723,5667504,5667782,278,completed,-10
Greedy,6109,3658959723,5667604,5667884,280,completed,-10
Greedy,6110,3658959723,5667893,5668049,156,completed,-10
Greedy,6111,3658959723,5667993,5668152,159,completed,-10
Greedy,6112,3658959723,5668093,5668255,162,completed,-10
Greedy,6113,3658959723,5668193,5668358,165,completed,-10
Greedy,6114,3658959723,5668293,5668461,168,completed,-10
Greedy,6115,3658959723,5668393,5668564,171,completed,-10
Greedy,6116,3658959723,5668493,5668667,174,completed,-10
Greedy,6117,3658959723,5668593,5668770,177,completed,-12
Greedy,6119,3037662008,5668898,5669048,150,completed,-30
Greedy,6120,3037662008,5668998,5669164,166,completed,-30
Greedy,6118,3658959723,5668693,5668873,180,completed,-12
Greedy,6121,3037662008,5669098,5669272,174,completed,-30
Greedy,6122,3037662008,5669198,5669375,177,completed,-30
Greedy,6123,3037662008,5669298,5669478,180,completed,-30
Greedy,6124,3037662008,5669398,5669581,183,completed,-30
Greedy,6125,3037662008,5669498,5669684,186,completed,-30
Greedy,6126,3037662008,5669598,5669787,189,completed,-30
Greedy,6127,3037662008,5669698,5669890,192,completed,-30
Greedy,6128,3037662008,5669900,5670057,157,completed,-30
Greedy,6129,3037662008,5670000,5670160,160,completed,-30
Greedy,6130,3037662008,5670105,5670263,158,completed,-30
Greedy,6131,3037662008,5670205,5670366,161,completed,-30
Greedy,6132,3037662008,5670305,5670469,164,completed,-30
Greedy,6133,3037662008,5670405,5670572,167,completed,-30
Greedy,6134,3037662008,5670505,5670675,170,completed,-30
Greedy,6135,3037662008,5670605,5670777,172,completed,-30
Greedy,6136,3658959723,5670900,5671055,155,completed,-10
Greedy,6137,3658959723,5671000,5671164,164,completed,-10
Greedy,6138,3658959723,5671100,5671267,167,completed,-10
Greedy,6139,3658959723,5671200,5671370,170,completed,-10
Greedy,6140,3658959723,5671300,5671473,173,completed,-10
Greedy,6141,3658959723,5671400,5671576,176,completed,-10
Greedy,6142,3658959723,5671500,5671679,179,completed,-10
Greedy,6143,3658959723,5671600,5671782,182,completed,-10
Greedy,6144,3658959723,5671700,5671885,185,completed,-10
Greedy,6145,3658959723,5671901,5672056,155,completed,-10
Greedy,6146,3658959723,5672001,5672160,159,completed,-10
Greedy,6147,3658959723,5672105,5672263,158,completed,-10
Greedy,6148,3658959723,5672205,5672366,161,completed,-10
Greedy,6149,3658959723,5672305,5672469,164,completed,-10
Greedy,6150,3658959723,5672405,5672572,167,completed,-10
Greedy,6151,3658959723,5672505,5672675,170,completed,-10
Greedy,6152,3658959723,5672605,5672778,173,completed,-12
Greedy,6153,3037662008,5672705,5673047,342,completed,-30
Greedy,6154,3037662008,5672902,5673158,256,completed,-30
Greedy,6155,3037662008,5673002,5673261,259,completed,-30
Greedy,6156,3037662008,5673102,5673364,262,completed,-30
Greedy,6157,3037662008,5673202,5673467,265,completed,-30
Greedy,6158,3037662008,5673302,5673569,267,completed,-30
Greedy,6159,3037662008,5673402,5673672,270,completed,-30
Greedy,6160,3037662008,5673502,5673775,273,completed,-30
Greedy,6161,3037662008,5673602,5673878,276,completed,-30
Greedy,6162,3037662008,5673702,5674051,349,completed,-30
Greedy,6163,3037662008,5673908,5674154,246,completed,-30
Greedy,6164,3037662008,5676127,5676483,356,completed,-33
Greedy,6165,3037662008,5676332,5676768,436,completed,-32
Greedy,6166,3037662008,5676432,5676878,446,completed,-32
Greedy,6168,3658959723,5676632,5676785,153,completed,-12
Greedy,6167,3037662008,5676532,5676981,449,completed,-32
Greedy,6169,3037662008,5676736,5677084,348,completed,-32
Greedy,6170,3037662008,5676836,5677187,351,completed,-32
Greedy,6171,3037662008,5676936,5677290,354,completed,-32
Greedy,6172,3037662008,5677036,5677392,356,completed,-32
Greedy,6173,3037662008,5677327,5677495,168,completed,-32
Greedy,6174,3037662008,5677427,5677598,171,completed,-32
Greedy,6175,3037662008,5677527,5677701,174,completed,-32
Greedy,6176,3037662008,5677627,5677804,177,completed,-32
Greedy,6177,3037662008,5677727,5677907,180,completed,-32
Greedy,6178,3037662008,5677827,5678010,183,completed,-32
Greedy,6179,3037662008,5677927,5678113,186,completed,-32
Greedy,6180,3037662008,5678027,5678216,189,completed,-32
Greedy,6181,3037662008,5678127,5678319,192,completed,-32
Greedy,6182,3037662008,5678332,5678481,149,completed,-32
Greedy,6183,3037662008,5678432,5678584,152,completed,-32
Greedy,6186,3658959723,5678732,5678885,153,completed,-11
Greedy,6184,3037662008,5678532,5678687,155,completed,-33
Greedy,6187,3658959723,5678832,5679004,172,completed,-11
Greedy,6188,3658959723,5678932,5679107,175,completed,-11
Greedy,6189,3658959723,5679032,5679210,178,completed,-11
Greedy,6185,3037662008,5678632,5678789,157,completed,-33
Greedy,6190,3658959723,5679132,5679481,349,completed,-11
Greedy,6191,3658959723,5679328,5679654,326,completed,-11
Greedy,6192,3658959723,5679428,5679757,329,completed,-11
Greedy,6193,3658959723,5679528,5679860,332,completed,-11
Greedy,6194,3658959723,5679628,5679963,335,completed,-11
Greedy,6195,3658959723,5679728,5680066,338,completed,-11
Greedy,6196,3658959723,5679828,5680169,341,completed,-11
Greedy,6197,3658959723,5679928,5680272,344,completed,-11
Greedy,6198,3658959723,5680028,5680374,346,completed,-11
Greedy,6199,3658959723,5680128,5680493,365,completed,-11
Greedy,6200,3658959723,5680333,5680596,263,completed,-11
Greedy,6201,3658959723,5680433,5680699,266,completed,-11
Greedy,6204,3037662008,5680733,5680881,148,completed,-31
Greedy,6202,3658959723,5680533,5680802,269,completed,-12
Greedy,6205,3037662008,5680833,5680990,157,completed,-31
Greedy,6206,3037662008,5680934,5681093,159,completed,-31
Greedy,6203,3658959723,5680633,5680904,271,completed,-12
Greedy,6207,3037662008,5681034,5681196,162,completed,-31
Greedy,6208,3037662008,5681134,5681480,346,completed,-31
Greedy,6209,3037662008,5681330,5681583,253,completed,-31
Greedy,6210,3037662008,5681430,5681686,256,completed,-31
Greedy,6211,3037662008,5681530,5681789,259,completed,-31
Greedy,6212,3037662008,5681630,5681892,262,completed,-31
Greedy,6213,3037662008,5681730,5681995,265,completed,-31
Greedy,6214,3037662008,5681830,5682098,268,completed,-31
Greedy,6215,3037662008,5681930,5682201,271,completed,-31
Greedy,6216,3037662008,5682030,5682304,274,completed,-31
Greedy,6217,3037662008,5682130,5682406,276,completed,-31
Greedy,6218,3037662008,5682338,5682509,171,completed,-31
Greedy,6219,3037662008,5682438,5682612,174,completed,-31
Greedy,6220,3037662008,5682538,5682715,177,completed,-33
Greedy,6222,3658959723,5682738,5682891,153,completed,-11
Greedy,6221,3037662008,5682638,5682818,180,completed,-33
Greedy,6223,3658959723,5682838,5683007,169,completed,-11
Greedy,6224,3658959723,5682938,5683110,172,completed,-11
Greedy,6225,3658959723,5683038,5683213,175,completed,-11
Greedy,6226,3658959723,5683138,5683487,349,completed,-11
Greedy,6227,3658959723,5683334,5683590,256,completed,-11
Greedy,6228,3658959723,5683434,5683693,259,completed,-11
Greedy,6229,3658959723,5683534,5683796,262,completed,-11
Greedy,6230,3658959723,5683634,5683899,265,completed,-11
Greedy,6231,3658959723,5683734,5684002,268,completed,-11
Greedy,6232,3658959723,5683834,5684105,271,completed,-11
Greedy,6233,3658959723,5683934,5684208,274,completed,-11
Greedy,6234,3658959723,5684034,5684311,277,completed,-11
Greedy,6235,3658959723,5684134,5684414,280,completed,-11
Greedy,6236,3658959723,5684341,5684517,176,completed,-11
Greedy,6237,3658959723,5684441,5684620,179,completed,-11
Greedy,6240,3037662008,5684741,5684890,149,completed,-35
Greedy,6238,3658959723,5684541,5684723,182,completed,-12
Greedy,6241,3037662008,5684841,5685006,165,completed,-35
Greedy,6242,3037662008,5684941,5685115,174,completed,-35
Greedy,6239,3658959723,5684641,5684824,183,completed,-12
Greedy,6243,3037662008,5685041,5685224,183,completed,-35
Greedy,6244,3037662008,5685141,5685484,343,completed,-35
Greedy,6245,3037662008,5685342,5685587,245,completed,-35
Greedy,6246,3037662008,5685442,5685689,247,completed,-35
Greedy,6247,3037662008,5685542,5685807,265,completed,-35
Greedy,6248,3037662008,5685642,5685910,268,completed,-35
Greedy,6249,3037662008,5685742,5686013,271,completed,-35
Greedy,6250,3037662008,5685842,5686116,274,completed,-35
Greedy,6251,3037662008,5685942,5686219,277,completed,-35
Greedy,6252,3037662008,5686042,5686322,280,completed,-35
Greedy,6253,3037662008,5686142,5686486,344,completed,-35
Greedy,6254,3037662008,5686343,5686588,245,completed,-35
Greedy,6257,3658959723,5686643,5686796,153,completed,-11
Greedy,6258,3658959723,5686743,5686903,160,completed,-11
Greedy,6255,3037662008,5686443,5686694,251,completed,-36
Greedy,6259,3658959723,5686843,5687018,175,completed,-11
Greedy,6260,3658959723,5686943,5687121,178,completed,-11
Greedy,6261,3658959723,5687043,5687224,181,completed,-11
Greedy,6256,3037662008,5686543,5686796,253,completed,-36
Greedy,6262,3658959723,5687143,5687493,350,completed,-11
Greedy,6263,3658959723,5687349,5687604,255,completed,-11
Greedy,6264,3658959723,5687449,5687707,258,completed,-11
Greedy,6265,3658959723,5687549,5687810,261,completed,-11
Greedy,6266,3658959723,5687649,5687913,264,completed,-11
Greedy,6267,3658959723,5687749,5688016,267,completed,-11
Greedy,6268,3658959723,5687849,5688119,270,completed,-11
Greedy,6269,3658959723,5687949,5688222,273,completed,-11
Greedy,6270,3658959723,5688049,5688325,276,completed,-11
Greedy,6271,3658959723,5688343,5688499,156,completed,-11
Greedy,6272,3658959723,5688443,5688602,159,completed,-11
Greedy,6273,3658959723,5688543,5688705,162,completed,-11
Greedy,6274,3037662008,5688643,5688792,149,completed,-38
Greedy,6275,3037662008,5688743,5688895,152,completed,-38
Greedy,6276,3037662008,5688843,5688998,155,completed,-38
Greedy,6277,3658959723,5688943,5689097,154,completed,-12
Greedy,6278,3658959723,5689043,5689200,157,completed,-12
Greedy,6279,3658959723,5689143,5689303,160,completed,-12
Greedy,6280,3658959723,5689355,5689510,155,completed,-12
Greedy,6281,3658959723,5689455,5689676,221,completed,-12
Greedy,6282,3658959723,5689555,5689779,224,completed,-12
Greedy,6283,3658959723,5689655,5689882,227,completed,-12
Greedy,6284,3658959723,5689755,5689985,230,completed,-12
Greedy,6285,3658959723,5689855,5690088,233,completed,-12
Greedy,6286,3658959723,5689955,5690191,236,completed,-12
Greedy,6287,3658959723,5690055,5690294,239,completed,-12
Greedy,6288,3658959723,5690155,5690502,347,completed,-12
Greedy,6289,3658959723,5690355,5690611,256,completed,-12
Greedy,6290,3658959723,5690455,5690715,260,completed,-13
Greedy,6291,3658959723,5690555,5690817,262,completed,-13
Greedy,6293,3037662008,5690755,5690905,150,completed,-33
Greedy,6294,3037662008,5690855,5691007,152,completed,-33
Greedy,6295,3037662008,5690955,5691110,155,completed,-33
Greedy,6292,3658959723,5690655,5690919,264,completed,-13
Greedy,6296,3037662008,5691055,5691213,158,completed,-33
Greedy,6297,3037662008,5691155,5691316,161,completed,-33
Greedy,6298,3037662008,5691357,5691510,153,completed,-33
Greedy,6299,3037662008,5693559,5693903,344,completed,-33
Greedy,6300,3037662008,5693761,5694005,244,completed,-33
Greedy,6301,3037662008,5693861,5694165,304,completed,-33
Greedy,6302,3037662008,5693961,5694268,307,completed,-33
Greedy,6303,3037662008,5694061,5694371,310,completed,-33
Greedy,6304,3037662008,5694161,5694474,313,completed,-33
Greedy,6305,3037662008,5694261,5694577,316,completed,-33
Greedy,6306,3037662008,5694361,5694680,319,completed,-34
Greedy,6307,3037662008,5694461,5694781,320,completed,-34
Greedy,6309,3658959723,5694763,5694918,155,completed,-10
Greedy,6310,3658959723,5694863,5695021,158,completed,-10
Greedy,6311,3658959723,5694963,5695123,160,completed,-10
Greedy,6308,3037662008,5694561,5694882,321,completed,-34
Greedy,6312,3658959723,5695063,5695226,163,completed,-10
Greedy,6313,3658959723,5695163,5695329,166,completed,-10
Greedy,6314,3658959723,5695263,5695432,169,completed,-10
Greedy,6315,3658959723,5695363,5695535,172,completed,-10
Greedy,6316,3658959723,5695463,5695638,175,completed,-10
Greedy,6317,3658959723,5695564,5695913,349,completed,-10
Greedy,6318,3658959723,5695767,5696016,249,completed,-10
Greedy,6319,3658959723,5695867,5696121,254,completed,-10
Greedy,6320,3658959723,5695967,5696224,257,completed,-10
Greedy,6321,3658959723,5696067,5696327,260,completed,-10
Greedy,6322,3658959723,5696167,5696430,263,completed,-10
Greedy,6323,3658959723,5696267,5696533,266,completed,-10
Greedy,6324,3658959723,5696367,5696636,269,completed,-10
Greedy,6325,3658959723,5696467,5696739,272,completed,-11
Greedy,6326,3658959723,5696567,5696916,349,completed,-11
Greedy,6328,3037662008,5696871,5697037,166,completed,-32
Greedy,6329,3037662008,5696971,5697140,169,completed,-32
Greedy,6327,3658959723,5696771,5697019,248,completed,-11
Greedy,6330,3037662008,5697071,5697243,172,completed,-32
Greedy,6331,3037662008,5697171,5697346,175,completed,-32
Greedy,6332,3037662008,5697271,5697449,178,completed,-32
Greedy,6333,3037662008,5697371,5697552,181,completed,-32
Greedy,6334,3037662008,5697471,5697655,184,completed,-32
Greedy,6335,3037662008,5697769,5697986,217,completed,-32
Greedy,6336,3037662008,5697869,5698089,220,completed,-32
Greedy,6337,3037662008,5697969,5698192,223,completed,-32
Greedy,6338,3037662008,5698069,5698295,226,completed,-32
Greedy,6339,3037662008,5698169,5698398,229,completed,-32
Greedy,6340,3037662008,5698269,5698501,232,completed,-32
Greedy,6341,3037662008,5698369,5698604,235,completed,-32
Greedy,6342,3037662008,5698469,5698707,238,completed,-31
Greedy,6344,3658959723,5698769,5698923,154,completed,-11
Greedy,6345,3658959723,5698869,5699032,163,completed,-11
Greedy,6346,3658959723,5698969,5699135,166,completed,-11
Greedy,6343,3037662008,5698570,5698917,347,completed,-31
Greedy,6347,3658959723,5699069,5699238,169,completed,-11
Greedy,6348,3658959723,5699169,5699341,172,completed,-11
Greedy,6349,3658959723,5699269,5699444,175,completed,-11
Greedy,6350,3658959723,5699369,5699547,178,completed,-11
Greedy,6351,3658959723,5699469,5699650,181,completed,-11
Greedy,6352,3658959723,5699569,5699918,349,completed,-11
Greedy,6353,3658959723,5699771,5700027,256,completed,-11
Greedy,6354,3658959723,5699871,5700129,258,completed,-11
Greedy,6355,3658959723,5699971,5700232,261,completed,-11
Greedy,6356,3658959723,5700071,5700335,264,completed,-11
Greedy,6357,3658959723,5700171,5700438,267,completed,-11
Greedy,6358,3658959723,5700271,5700541,270,completed,-11
Greedy,6359,3658959723,5700371,5700644,273,completed,-11
Greedy,6360,3658959723,5700471,5700747,276,completed,-13
Greedy,6363,3037662008,5700874,5701023,149,completed,-33
Greedy,6361,3658959723,5700571,5700848,277,completed,-13
Greedy,6364,3037662008,5700974,5701126,152,completed,-33
Greedy,6365,3037662008,5701074,5701229,155,completed,-33
Greedy,6366,3037662008,5701174,5701332,158,completed,-33
Greedy,6362,3658959723,5700774,5700950,176,completed,-13
Greedy,6367,3037662008,5701274,5701435,161,completed,-33
Greedy,6368,3037662008,5701374,5701538,164,completed,-33
Greedy,6369,3037662008,5701474,5701641,167,completed,-33
Greedy,6370,3037662008,5701574,5701916,342,completed,-33
Greedy,6371,3037662008,5701775,5702025,250,completed,-33
Greedy,6372,3037662008,5701875,5702128,253,completed,-33
Greedy,6373,3037662008,5701975,5702231,256,completed,-33
Greedy,6374,3037662008,5702075,5702334,259,completed,-33
Greedy,6375,3037662008,5702175,5702437,262,completed,-33
Greedy,6376,3037662008,5702275,5702540,265,completed,-33
Greedy,6377,3037662008,5702375,5702643,268,completed,-33
Greedy,6378,3037662008,5702475,5702746,271,completed,-32
Greedy,6380,3658959723,5702779,5702933,154,completed,-11
Greedy,6381,3658959723,5702879,5703036,157,completed,-11
Greedy,6379,3037662008,5702575,5702921,346,completed,-32
Greedy,6382,3658959723,5702979,5703139,160,completed,-11
Greedy,6383,3658959723,5703079,5703242,163,completed,-11
Greedy,6384,3658959723,5703179,5703345,166,completed,-11
Greedy,6385,3658959723,5703279,5703448,169,completed,-11
Greedy,6386,3658959723,5703379,5703551,172,completed,-11
Greedy,6387,3658959723,5703479,5703654,175,completed,-11
Greedy,6388,3658959723,5703775,5703930,155,completed,-11
Greedy,6389,3658959723,5703875,5704032,157,completed,-11
Greedy,6390,3658959723,5703975,5704135,160,completed,-11
Greedy,6391,3658959723,5704075,5704238,163,completed,-11
Greedy,6392,3658959723,5704175,5704341,166,completed,-11
Greedy,6393,3658959723,5704275,5704444,169,completed,-11
Greedy,6394,3658959723,5704375,5704547,172,completed,-11
Greedy,6395,3658959723,5704475,5704650,175,completed,-11
Greedy,6396,3658959723,5704575,5704753,178,completed,-13
Greedy,6398,3037662008,5704881,5705031,150,completed,-32
Greedy,6397,3658959723,5704781,5704936,155,completed,-13
Greedy,6399,3037662008,5704981,5705134,153,completed,-32
Greedy,6400,3037662008,5705081,5705237,156,completed,-32
Greedy,6401,3037662008,5705181,5705340,159,completed,-32
Greedy,6402,3037662008,5705281,5705443,162,completed,-32
Greedy,6403,3037662008,5705381,5705546,165,completed,-32
Greedy,6404,3037662008,5705481,5705649,168,completed,-32
Greedy,6405,3037662008,5705777,5705928,151,completed,-32
Greedy,6406,3037662008,5705877,5706037,160,completed,-32
Greedy,6407,3037662008,5705977,5706146,169,completed,-32
Greedy,6408,3037662008,5706077,5706249,172,completed,-32
Greedy,6409,3037662008,5706177,5706352,175,completed,-32
Greedy,6410,3037662008,5706277,5706455,178,completed,-32
Greedy,6411,3037662008,5706377,5706558,181,completed,-32
Greedy,6412,3037662008,5706477,5706661,184,completed,-32
Greedy,6413,3037662008,5706577,5706764,187,completed,-33
Greedy,6414,3658959723,5706782,5706938,156,completed,-11
Greedy,6415,3658959723,5706882,5707041,159,completed,-11
Greedy,6416,3658959723,5706982,5707144,162,completed,-11
Greedy,6417,3658959723,5707082,5707247,165,completed,-11
Greedy,6418,3658959723,5707182,5707350,168,completed,-11
Greedy,6419,3658959723,5707282,5707453,171,completed,-11
Greedy,6420,3658959723,5707382,5707556,174,completed,-11
Greedy,6421,3658959723,5707482,5707659,177,completed,-11
Greedy,6422,3658959723,5707582,5707929,347,completed,-11
Greedy,6423,3658959723,5707782,5708031,249,completed,-11
Greedy,6424,3658959723,5707882,5708137,255,completed,-11
Greedy,6425,3658959723,5707982,5708240,258,completed,-11
Greedy,6426,3658959723,5708082,5708343,261,completed,-11
Greedy,6427,3658959723,5708182,5708446,264,completed,-11
Greedy,6428,3658959723,5708282,5708549,267,completed,-11
Greedy,6429,3658959723,5708382,5708652,270,completed,-11
Greedy,6430,3658959723,5708482,5708755,273,completed,-12
Greedy,6431,3658959723,5708582,5708856,274,completed,-12
Greedy,SUMMARY,ALL,0,0,121679,batch_complete,0
----------------,---,---,---,---,---,----------------,---
Greedy,6432,3658959723,5708790,5708958,168,completed,-12
Greedy,6433,3658959723,5728634,5728840,206,completed,-10
Greedy,6434,3658959723,5728734,5728943,209,completed,-10
Greedy,6435,3658959723,5728834,5729046,212,completed,-10
Greedy,6436,3658959723,5728934,5729149,215,completed,-10
Greedy,6437,3658959723,5729034,5729252,218,completed,-10
Greedy,6438,3658959723,5729134,5729355,221,completed,-10
Greedy,6439,3658959723,5729234,5729458,224,completed,-10
Greedy,6440,3658959723,5729334,5729561,227,completed,-10
Greedy,6441,3658959723,5729610,5729766,156,completed,-10
Greedy,6442,3658959723,5729710,5729869,159,completed,-10
Greedy,6443,3658959723,5729810,5729972,162,completed,-10
Greedy,6444,3658959723,5729910,5730074,164,completed,-10
Greedy,6445,3658959723,5730010,5730177,167,completed,-10
Greedy,6446,3658959723,5730110,5730279,169,completed,-10
Greedy,6447,3658959723,5730210,5730382,172,completed,-10
Greedy,6448,3658959723,5730310,5730485,175,completed,-10
Greedy,6449,3658959723,5730410,5730588,178,completed,-10
Greedy,6450,3658959723,5730623,5730849,226,completed,-11
Greedy,6451,3658959723,5730723,5730952,229,completed,-11
Greedy,6452,3658959723,5730823,5731055,232,completed,-11
Greedy,6453,3658959723,5730923,5731158,235,completed,-11
Greedy,6454,3658959723,5731023,5731261,238,completed,-11
Greedy,6455,3658959723,5731123,5731364,241,completed,-11
Greedy,6456,3658959723,5731223,5731467,244,completed,-11
Greedy,6457,3658959723,5731324,5731570,246,completed,-11
Greedy,6458,3658959723,5731617,5731774,157,completed,-11
Greedy,6459,3658959723,5731717,5731877,160,completed,-11
Greedy,6460,3658959723,5731817,5731980,163,completed,-11
Greedy,6461,3658959723,5731917,5732083,166,completed,-11
Greedy,6462,3658959723,5732017,5732186,169,completed,-11
Greedy,6463,3658959723,5732117,5732289,172,completed,-11
Greedy,6464,3658959723,5732217,5732392,175,completed,-11
Greedy,6465,3658959723,5732317,5732495,178,completed,-11
Greedy,6466,3658959723,5732417,5732598,181,completed,-11
Greedy,6467,3658959723,5732622,5732775,153,completed,-12
Greedy,6468,3037662008,5732722,5732871,149,completed,-35
Greedy,6469,3037662008,5732822,5732974,152,completed,-35
Greedy,6470,3037662008,5732922,5733077,155,completed,-35
Greedy,6471,3037662008,5733022,5733180,158,completed,-35
Greedy,6472,3037662008,5733124,5733283,159,completed,-35
Greedy,6473,3037662008,5733224,5733386,162,completed,-35
Greedy,6474,3037662008,5733324,5733489,165,completed,-35
Greedy,6475,3037662008,5733615,5733765,150,completed,-35
Greedy,6476,3037662008,5733715,5733868,153,completed,-35
Greedy,6477,3037662008,5733815,5733971,156,completed,-35
Greedy,6478,3037662008,5733915,5734074,159,completed,-35
Greedy,6479,3037662008,5734015,5734177,162,completed,-35
Greedy,6480,3037662008,5734115,5734280,165,completed,-35
Greedy,6481,3037662008,5734215,5734383,168,completed,-35
Greedy,6482,3037662008,5734315,5734486,171,completed,-35
Greedy,6483,3037662008,5734415,5734589,174,completed,-35
Greedy,6485,3658959723,5734723,5734877,154,completed,-11
Greedy,6484,3037662008,5734623,5734773,150,completed,-36
Greedy,6486,3658959723,5734823,5734980,157,completed,-11
Greedy,6487,3658959723,5734923,5735083,160,completed,-11
Greedy,6488,3658959723,5735023,5735185,162,completed,-11
Greedy,6489,3658959723,5735123,5735291,168,completed,-11
Greedy,6490,3658959723,5735223,5735394,171,completed,-11
Greedy,6491,3658959723,5735323,5735497,174,completed,-11
Greedy,6492,3658959723,5735423,5735772,349,completed,-11
Greedy,6493,3658959723,5735618,5735875,257,completed,-11
Greedy,6494,3658959723,5735718,5735977,259,completed,-11
Greedy,6495,3658959723,5735818,5736080,262,completed,-11
Greedy,6496,3658959723,5735918,5736183,265,completed,-11
Greedy,6497,3658959723,5736018,5736286,268,completed,-11
Greedy,6498,3658959723,5736118,5736389,271,completed,-11
Greedy,6499,3658959723,5736218,5736490,272,completed,-11
Greedy,6500,3658959723,5736318,5736593,275,completed,-11
Greedy,6501,3658959723,5736418,5736694,276,completed,-11
Greedy,6502,3658959723,5736623,5736795,172,completed,-12
Greedy,6503,3658959723,5736723,5736896,173,completed,-12
Greedy,6505,3037662008,5736923,5737073,150,completed,-33
Greedy,6506,3037662008,5737023,5737176,153,completed,-33
Greedy,6504,3658959723,5736823,5736998,175,completed,-12
Greedy,6507,3037662008,5737123,5737290,167,completed,-33
Greedy,6508,3037662008,5737223,5737393,170,completed,-33
Greedy,6509,3037662008,5737323,5737496,173,completed,-33
Greedy,6510,3037662008,5737423,5737599,176,completed,-33
Greedy,6511,3037662008,5737626,5737776,150,completed,-33
Greedy,6512,3037662008,5737726,5737879,153,completed,-33
Greedy,6513,3037662008,5737826,5737982,156,completed,-33
Greedy,6514,3037662008,5737926,5738085,159,completed,-33
Greedy,6515,3037662008,5738026,5738188,162,completed,-33
Greedy,6516,3037662008,5738126,5738291,165,completed,-33
Greedy,6517,3037662008,5738226,5738394,168,completed,-33
Greedy,6518,3037662008,5738326,5738497,171,completed,-33
Greedy,6519,3037662008,5738426,5738769,343,completed,-35
Greedy,6521,3658959723,5738726,5738880,154,completed,-11
Greedy,6520,3037662008,5738626,5738872,246,completed,-35
Greedy,6522,3658959723,5738826,5738983,157,completed,-11
Greedy,6523,3658959723,5738926,5739085,159,completed,-11
Greedy,6524,3658959723,5739026,5739188,162,completed,-11
Greedy,6525,3658959723,5739126,5739291,165,completed,-11
Greedy,6526,3658959723,5739226,5739394,168,completed,-11
Greedy,6527,3658959723,5739326,5739497,171,completed,-11
Greedy,6528,3658959723,5739426,5739600,174,completed,-11
Greedy,6529,3658959723,5739626,5739783,157,completed,-11
Greedy,6530,3658959723,5739726,5739886,160,completed,-11
Greedy,6531,3658959723,5739826,5739988,162,completed,-11
Greedy,6532,3658959723,5739926,5740091,165,completed,-11
Greedy,6533,3658959723,5740026,5740194,168,completed,-11
Greedy,6534,3658959723,5740126,5740296,170,completed,-11
Greedy,6535,3658959723,5740226,5740399,173,completed,-11
Greedy,6536,3658959723,5740326,5740502,176,completed,-11
Greedy,6537,3658959723,5740426,5740776,350,completed,-12
Greedy,6539,3037662008,5740730,5740886,156,completed,-31
Greedy,6538,3658959723,5740630,5740879,249,completed,-12
Greedy,6540,3037662008,5740830,5740989,159,completed,-31
Greedy,6541,3037662008,5740930,5741092,162,completed,-31
Greedy,6542,3037662008,5741030,5741195,165,completed,-31
Greedy,6543,3037662008,5741130,5741298,168,completed,-31
Greedy,6544,3037662008,5741230,5741401,171,completed,-31
Greedy,6545,3037662008,5741330,5741504,174,completed,-31
Greedy,6546,3037662008,5741430,5741773,343,completed,-31
Greedy,6547,3037662008,5741625,5741883,258,completed,-31
Greedy,6548,3037662008,5741725,5741986,261,completed,-31
Greedy,6549,3037662008,5741825,5742089,264,completed,-31
Greedy,6550,3037662008,5741925,5742192,267,completed,-31
Greedy,6551,3037662008,5742025,5742295,270,completed,-31
Greedy,6552,3037662008,5742125,5742398,273,completed,-31
Greedy,6553,3037662008,5742225,5742501,276,completed,-31
Greedy,6554,3037662008,5742325,5742604,279,completed,-31
Greedy,6555,3037662008,5742427,5742775,348,completed,-32
Greedy,6557,3658959723,5742732,5742886,154,completed,-11
Greedy,6556,3037662008,5742632,5742878,246,completed,-32
Greedy,6558,3658959723,5742832,5742989,157,completed,-11
Greedy,6559,3658959723,5742932,5743092,160,completed,-11
Greedy,6560,3658959723,5743032,5743195,163,completed,-11
Greedy,6561,3658959723,5743132,5743298,166,completed,-11
Greedy,6562,3658959723,5743232,5743401,169,completed,-11
Greedy,6563,3658959723,5743332,5743504,172,completed,-11
Greedy,6564,3658959723,5743432,5743781,349,completed,-11
Greedy,6565,3658959723,5743634,5745977,2343,completed,-11
Greedy,6566,3658959723,5745838,5746302,464,completed,-11
Greedy,6567,3658959723,5746041,5746507,466,completed,-11
Greedy,6568,3658959723,5746141,5746616,475,completed,-11
Greedy,6569,3658959723,5746241,5746719,478,completed,-11
Greedy,6570,3658959723,5746341,5746822,481,completed,-12
Greedy,6571,3658959723,5746441,5746925,484,completed,-12
Greedy,6572,3658959723,5746541,5747029,488,completed,-12
Greedy,6573,3658959723,5746641,5747130,489,completed,-12
Greedy,6574,3658959723,5746741,5747232,491,completed,-12
Greedy,6578,3037662008,5747244,5747394,150,completed,-33
Greedy,6579,3037662008,5747344,5747497,153,completed,-33
Greedy,6580,3037662008,5747444,5747600,156,completed,-33
Greedy,6575,3658959723,5746841,5747334,493,completed,-12
Greedy,6576,3658959723,5747044,5747436,392,completed,-12
Greedy,6581,3037662008,5747544,5747703,159,completed,-33
Greedy,6582,3037662008,5747644,5747806,162,completed,-33
Greedy,6583,3037662008,5747744,5747909,165,completed,-33
Greedy,6577,3658959723,5747144,5747538,394,completed,-12
Greedy,6584,3037662008,5747844,5748191,347,completed,-33
Greedy,6585,3037662008,5748048,5748301,253,completed,-33
Greedy,6586,3037662008,5748148,5748404,256,completed,-33
Greedy,6587,3037662008,5748248,5748507,259,completed,-33
Greedy,6588,3037662008,5748348,5748610,262,completed,-33
Greedy,6589,3037662008,5748448,5748713,265,completed,-33
Greedy,6592,3658959723,5748748,5748923,175,completed,-11
Greedy,6590,3037662008,5748548,5748815,267,completed,-33
Greedy,6593,3658959723,5749042,5749197,155,completed,-11
Greedy,6594,3658959723,5749142,5749306,164,completed,-11
Greedy,6591,3037662008,5748648,5748917,269,completed,-33
Greedy,6595,3658959723,5749242,5749432,190,completed,-11
Greedy,6596,3658959723,5749342,5749535,193,completed,-11
Greedy,6597,3658959723,5749442,5749638,196,completed,-11
Greedy,6598,3658959723,5749542,5749741,199,completed,-11
Greedy,6599,3658959723,5749642,5749844,202,completed,-11
Greedy,6600,3658959723,5749742,5749947,205,completed,-11
Greedy,6601,3658959723,5749842,5750050,208,completed,-11
Greedy,6602,3658959723,5750047,5750447,400,completed,-11
Greedy,6603,3658959723,5750147,5750556,409,completed,-11
Greedy,6604,3658959723,5750247,5750666,419,completed,-11
Greedy,6605,3658959723,5750347,5750769,422,completed,-11
Greedy,6606,3658959723,5750447,5750872,425,completed,-11
Greedy,6609,3037662008,5750747,5750896,149,completed,-32
Greedy,6607,3658959723,5750547,5750975,428,completed,-11
Greedy,6610,3037662008,5750847,5751190,343,completed,-32
Greedy,6611,3037662008,5751047,5751293,246,completed,-32
Greedy,6608,3658959723,5750647,5751076,429,completed,-11
Greedy,6612,3037662008,5751153,5751396,243,completed,-32
Greedy,6613,3037662008,5751253,5751499,246,completed,-32
Greedy,6614,3037662008,5751353,5751601,248,completed,-32
Greedy,6615,3037662008,5751453,5751760,307,completed,-32
Greedy,6616,3037662008,5751553,5751863,310,completed,-32
Greedy,6617,3037662008,5751653,5751966,313,completed,-32
Greedy,6618,3037662008,5751753,5752069,316,completed,-32
Greedy,6619,3037662008,5752047,5752200,153,completed,-32
Greedy,6620,3037662008,5752147,5752303,156,completed,-32
Greedy,6621,3037662008,5752247,5752406,159,completed,-32
Greedy,6622,3037662008,5752347,5752509,162,completed,-32
Greedy,6623,3037662008,5752447,5752612,165,completed,-32
Greedy,6624,3037662008,5752547,5752715,168,completed,-33
Greedy,6626,3658959723,5752747,5752901,154,completed,-11
Greedy,6627,3658959723,5752847,5753004,157,completed,-11
Greedy,6625,3037662008,5752647,5752817,170,completed,-33
Greedy,6628,3658959723,5753048,5753206,158,completed,-11
Greedy,6629,3658959723,5753148,5753309,161,completed,-11
Greedy,6630,3658959723,5753248,5753412,164,completed,-11
Greedy,6631,3658959723,5753348,5753515,167,completed,-11
Greedy,6632,3658959723,5753448,5753618,170,completed,-11
Greedy,6633,3658959723,5753548,5753721,173,completed,-11
Greedy,6634,3658959723,5753648,5753824,176,completed,-11
Greedy,6635,3658959723,5753748,5753927,179,completed,-11
Greedy,6636,3658959723,5753848,5754198,350,completed,-11
Greedy,6637,3658959723,5754051,5754301,250,completed,-11
Greedy,6638,3658959723,5754151,5754404,253,completed,-11
Greedy,6639,3658959723,5754251,5754507,256,completed,-11
Greedy,6640,3658959723,5754351,5754610,259,completed,-11
Greedy,6641,3658959723,5754451,5754712,261,completed,-11
Greedy,6642,3658959723,5754551,5754814,263,completed,-12
Greedy,6643,3658959723,5754651,5754916,265,completed,-12
Greedy,6645,3037662008,5754851,5755192,341,completed,-33
Greedy,6646,3037662008,5755046,5755301,255,completed,-33
Greedy,6644,3658959723,5754751,5755018,267,completed,-12
Greedy,6647,3037662008,5755146,5755404,258,completed,-33
Greedy,6648,3037662008,5755246,5755507,261,completed,-33
Greedy,6649,3037662008,5755346,5755610,264,completed,-33
Greedy,6650,3037662008,5755446,5755713,267,completed,-33
Greedy,6651,3037662008,5755546,5755816,270,completed,-33
Greedy,6652,3037662008,5755646,5755919,273,completed,-33
Greedy,6653,3037662008,5755746,5756022,276,completed,-33
Greedy,6654,3037662008,5755846,5756124,278,completed,-33
Greedy,6655,3037662008,5756053,5756227,174,completed,-33
Greedy,6656,3037662008,5756153,5756330,177,completed,-33
Greedy,6657,3037662008,5756253,5756433,180,completed,-33
Greedy,6658,3037662008,5756353,5756536,183,completed,-33
Greedy,6659,3037662008,5756453,5756639,186,completed,-33
Greedy,6660,3037662008,5756553,5756742,189,completed,-32
Greedy,6662,3658959723,5756753,5756907,154,completed,-11
Greedy,6661,3037662008,5756653,5756845,192,completed,-32
Greedy,6663,3658959723,5756853,5757213,360,completed,-11
Greedy,6664,3658959723,5757055,5757324,269,completed,-11
Greedy,6665,3658959723,5757155,5757429,274,completed,-11
Greedy,6666,3658959723,5757255,5757532,277,completed,-11
Greedy,6667,3658959723,5757355,5757635,280,completed,-11
Greedy,6668,3658959723,5757455,5757738,283,completed,-11
Greedy,6669,3658959723,5757555,5757841,286,completed,-11
Greedy,6670,3658959723,5757655,5757944,289,completed,-11
Greedy,6671,3658959723,5757755,5758047,292,completed,-11
Greedy,6672,3658959723,5757855,5758203,348,completed,-11
Greedy,6673,3658959723,5758057,5758306,249,completed,-11
Greedy,6674,3658959723,5758157,5758412,255,completed,-11
Greedy,6675,3658959723,5758257,5758515,258,completed,-11
Greedy,6676,3658959723,5758357,5758618,261,completed,-11
Greedy,6677,3658959723,5758457,5758721,264,completed,-11
Greedy,6678,3658959723,5758557,5758823,266,completed,-12
Greedy,6681,3037662008,5758857,5759202,345,completed,-30
Greedy,6682,3037662008,5759052,5759311,259,completed,-30
Greedy,6679,3658959723,5758657,5758924,267,completed,-12
Greedy,6680,3658959723,5758757,5759026,269,completed,-12
Greedy,6683,3037662008,5759152,5759426,274,completed,-30
Greedy,6684,3037662008,5759252,5759529,277,completed,-30
Greedy,6685,3037662008,5759352,5759632,280,completed,-30
Greedy,6686,3037662008,5759452,5759735,283,completed,-30
Greedy,6687,3037662008,5759552,5759838,286,completed,-30
Greedy,6688,3037662008,5759652,5759941,289,completed,-30
Greedy,6689,3037662008,5759752,5760044,292,completed,-30
Greedy,6690,3037662008,5759852,5760146,294,completed,-30
Greedy,6691,3037662008,5760056,5760248,192,completed,-30
Greedy,6692,3037662008,5760156,5760351,195,completed,-30
Greedy,6694,3658959723,5760356,5760510,154,completed,-12
Greedy,6695,3658959723,5760456,5760613,157,completed,-12
Greedy,6696,3658959723,5760556,5760716,160,completed,-12
Greedy,6697,3658959723,5760656,5760819,163,completed,-12
Greedy,6698,3658959723,5760756,5760922,166,completed,-12
Greedy,6699,3658959723,5760856,5761025,169,completed,-12
Greedy,6700,3658959723,5761061,5761218,157,completed,-12
Greedy,6701,3658959723,5763262,5763611,349,completed,-11
Greedy,6702,3658959723,5763465,5763713,248,completed,-11
Greedy,6703,3658959723,5763565,5763921,356,completed,-11
Greedy,6704,3658959723,5763665,5764196,531,completed,-11
Greedy,6705,3658959723,5763765,5764614,849,completed,-11
Greedy,6706,3658959723,5763865,5764718,853,completed,-11
Greedy,6707,3658959723,5763965,5764821,856,completed,-11
Greedy,6708,3658959723,5764065,5764924,859,completed,-11
Greedy,6709,3658959723,5764165,5765027,862,completed,-11
Greedy,6710,3658959723,5764265,5765130,865,completed,-11
Greedy,6711,3658959723,5764466,5765233,767,completed,-11
Greedy,6712,3658959723,5764566,5765336,770,completed,-11
Greedy,6713,3658959723,5764666,5765439,773,completed,-11
Greedy,6714,3658959723,5764766,5765541,775,completed,-11
Greedy,6715,3658959723,5764866,5765643,777,completed,-11
Greedy,6716,3658959723,5764966,5765746,780,completed,-11
Greedy,6717,3658959723,5765066,5765849,783,completed,-11
Greedy,6718,3658959723,5765166,5765952,786,completed,-11
Greedy,6693,3658959723,5765258,5766055,797,completed,-11
Greedy,6719,3658959723,5765267,5766158,891,completed,-11
Greedy,6720,3658959723,5765468,5766261,793,completed,-11
Greedy,6721,3658959723,5765568,5766364,796,completed,-11
Greedy,6722,3658959723,5765668,5766465,797,completed,-11
Greedy,6723,3658959723,5765768,5766566,798,completed,-11
Greedy,6724,3658959723,5765868,5766668,800,completed,-11
Greedy,6725,3658959723,5765968,5766771,803,completed,-11
Greedy,6726,3658959723,5766068,5766873,805,completed,-11
Greedy,6727,3658959723,5766168,5766976,808,completed,-11
Greedy,6728,3658959723,5766268,5767079,811,completed,-11
Greedy,6729,3658959723,5766463,5767182,719,completed,-11
Greedy,6730,3658959723,5766563,5767285,722,completed,-11
Greedy,6731,3658959723,5766663,5767388,725,completed,-11
Greedy,6732,3658959723,5766763,5767490,727,completed,-11
Greedy,6733,3658959723,5766863,5767591,728,completed,-11
Greedy,6734,3658959723,5766963,5767694,731,completed,-11
Greedy,6735,3658959723,5767063,5767797,734,completed,-11
Greedy,6736,3658959723,5767163,5767900,737,completed,-11
Greedy,6737,3658959723,5767263,5768003,740,completed,-11
Greedy,6738,3658959723,5767465,5768106,641,completed,-11
Greedy,6739,3658959723,5767565,5768209,644,completed,-11
Greedy,6740,3658959723,5767665,5768312,647,completed,-11
Greedy,6741,3658959723,5767765,5768415,650,completed,-11
Greedy,6742,3658959723,5767865,5768518,653,completed,-11
Greedy,6743,3658959723,5767965,5768620,655,completed,-11
Greedy,6744,3658959723,5768066,5768723,657,completed,-11
Greedy,6745,3658959723,5768169,5768827,658,completed,-11
Greedy,6746,3658959723,5768269,5768930,661,completed,-11
Greedy,6747,3658959723,5768473,5769033,560,completed,-11
Greedy,6748,3658959723,5768573,5769136,563,completed,-11
Greedy,6749,3658959723,5768673,5769239,566,completed,-11
Greedy,6750,3658959723,5768773,5769342,569,completed,-11
Greedy,6751,3658959723,5768873,5769445,572,completed,-11
Greedy,6752,3658959723,5768973,5769547,574,completed,-11
Greedy,6753,3658959723,5769073,5769650,577,completed,-11
Greedy,6754,3658959723,5769173,5769753,580,completed,-11
Greedy,6755,3658959723,5769273,5769856,583,completed,-11
Greedy,6756,3658959723,5769475,5769959,484,completed,-11
Greedy,6757,3658959723,5769575,5770062,487,completed,-11
Greedy,6758,3658959723,5769675,5770165,490,completed,-11
Greedy,6759,3658959723,5769775,5770268,493,completed,-11
Greedy,6760,3658959723,5769875,5770371,496,completed,-11
Greedy,6761,3658959723,5769975,5770474,499,completed,-11
Greedy,6762,3658959723,5770075,5770576,501,completed,-11
Greedy,6763,3658959723,5770175,5770679,504,completed,-11
Greedy,6764,3658959723,5770275,5770782,507,completed,-11
Greedy,6765,3658959723,5770476,5770885,409,completed,-11
Greedy,6766,3658959723,5770576,5770988,412,completed,-11
Greedy,6767,3658959723,5770676,5771091,415,completed,-11
Greedy,6768,3658959723,5770776,5771194,418,completed,-11
Greedy,6769,3658959723,5770876,5771297,421,completed,-11
Greedy,6770,3658959723,5770976,5771400,424,completed,-11
Greedy,6771,3658959723,5771076,5771503,427,completed,-11
Greedy,6772,3658959723,5771176,5771605,429,completed,-11
Greedy,6773,3658959723,5771276,5771708,432,completed,-11
Greedy,6774,3658959723,5771479,5771811,332,completed,-11
Greedy,6775,3658959723,5771579,5771914,335,completed,-11
Greedy,6776,3658959723,5771679,5772017,338,completed,-11
Greedy,6777,3658959723,5771779,5772120,341,completed,-11
Greedy,6778,3658959723,5771879,5772223,344,completed,-11
Greedy,6779,3658959723,5771979,5772326,347,completed,-11
Greedy,6780,3658959723,5772080,5772429,349,completed,-11
Greedy,6781,3658959723,5772183,5772534,351,completed,-11
Greedy,6782,3658959723,5772477,5772637,160,completed,-11
Greedy,6783,3658959723,5772577,5772740,163,completed,-11
Greedy,6784,3658959723,5772677,5772843,166,completed,-11
Greedy,6785,3658959723,5772777,5772946,169,completed,-11
Greedy,6786,3658959723,5772877,5773048,171,completed,-11
Greedy,6787,3658959723,5772977,5773151,174,completed,-11
Greedy,6788,3658959723,5773077,5773254,177,completed,-11
Greedy,6789,3658959723,5773177,5773357,180,completed,-11
Greedy,6790,3658959723,5773277,5773459,182,completed,-11
Greedy,6791,3658959723,5773480,5773634,154,completed,-11
Greedy,6792,3658959723,5773580,5773748,168,completed,-11
Greedy,6793,3658959723,5773680,5773857,177,completed,-11
Greedy,6794,3658959723,5773780,5773959,179,completed,-11
Greedy,6795,3658959723,5773880,5774062,182,completed,-11
Greedy,6796,3658959723,5773980,5774165,185,completed,-11
Greedy,6797,3658959723,5774080,5774268,188,completed,-11
Greedy,6798,3658959723,5774180,5774371,191,completed,-11
Greedy,6799,3658959723,5774280,5774628,348,completed,-11
Greedy,6800,3658959723,5774481,5774731,250,completed,-11
Greedy,6801,3658959723,5774581,5774836,255,completed,-12
Greedy,6802,3658959723,5774681,5774939,258,completed,-12
Greedy,6803,3658959723,5774781,5775041,260,completed,-12
Greedy,6804,3658959723,5774881,5775144,263,completed,-12
Greedy,6805,3658959723,5774981,5775247,266,completed,-12
Greedy,6806,3658959723,5775081,5775350,269,completed,-12
Greedy,6807,3658959723,5775181,5775452,271,completed,-12
Greedy,6808,3658959723,5775281,5775630,349,completed,-12
Greedy,6809,3658959723,5775483,5775733,250,completed,-12
Greedy,6810,3658959723,5775583,5775836,253,completed,-12
Greedy,6811,3658959723,5775683,5775939,256,completed,-12
Greedy,6812,3658959723,5775783,5776041,258,completed,-12
Greedy,6813,3658959723,5775883,5776144,261,completed,-12
Greedy,6814,3658959723,5775983,5776247,264,completed,-12
Greedy,6815,3658959723,5776083,5776349,266,completed,-12
Greedy,6816,3658959723,5776183,5776452,269,completed,-12
Greedy,6817,3658959723,5776283,5776632,349,completed,-12
Greedy,6818,3658959723,5776485,5776735,250,completed,-12
Greedy,6819,3658959723,5776585,5776842,257,completed,-12
Greedy,6820,3658959723,5776685,5776945,260,completed,-12
Greedy,6821,3658959723,5776785,5777048,263,completed,-12
Greedy,6822,3658959723,5776885,5777150,265,completed,-12
Greedy,6823,3658959723,5776985,5777253,268,completed,-12
Greedy,6824,3658959723,5777085,5777356,271,completed,-12
Greedy,6825,3658959723,5777185,5777458,273,completed,-12
Greedy,6826,3658959723,5777285,5777634,349,completed,-12
Greedy,6827,3658959723,5777486,5777740,254,completed,-12
Greedy,6828,3658959723,5777586,5777843,257,completed,-12
Greedy,6829,3658959723,5777686,5777946,260,completed,-12
Greedy,6830,3658959723,5777786,5778049,263,completed,-12
Greedy,6831,3658959723,5777886,5778152,266,completed,-12
Greedy,6832,3658959723,5777986,5778255,269,completed,-12
Greedy,6833,3658959723,5778086,5778358,272,completed,-12
Greedy,6834,3658959723,5778186,5778461,275,completed,-12
Greedy,6835,3658959723,5778286,5778636,350,completed,-12
Greedy,6836,3658959723,5778489,5778739,250,completed,-12
Greedy,6837,3658959723,5780698,5781049,351,completed,-11
Greedy,6838,3658959723,5780906,5781152,246,completed,-11
Greedy,6839,3658959723,5781009,5781255,246,completed,-11
Greedy,6840,3658959723,5781112,5781358,246,completed,-11
Greedy,6841,3658959723,5781215,5781461,246,completed,-11
Greedy,6842,3658959723,5781319,5781564,245,completed,-11
Greedy,6843,3658959723,5781421,5781667,246,completed,-11
Greedy,6844,3658959723,5781523,5781770,247,completed,-11
Greedy,6845,3658959723,5781624,5781873,249,completed,-11
Greedy,6846,3658959723,5781898,5782055,157,completed,-11
Greedy,6847,3658959723,5781998,5782158,160,completed,-11
Greedy,6848,3658959723,5782098,5782261,163,completed,-11
Greedy,6849,3658959723,5782198,5782364,166,completed,-11
Greedy,6850,3658959723,5782298,5782467,169,completed,-11
Greedy,6851,3658959723,5782398,5782570,172,completed,-11
Greedy,6852,3658959723,5782498,5782673,175,completed,-11
Greedy,6853,3658959723,5782598,5782776,178,completed,-12
Greedy,6854,3658959723,5782698,5782877,179,completed,-12
Greedy,6855,3658959723,5782901,5783058,157,completed,-12
Greedy,6856,3658959723,5783001,5783161,160,completed,-12
Greedy,6857,3658959723,5783101,5783264,163,completed,-12
Greedy,6858,3658959723,5783201,5783367,166,completed,-12
Greedy,6859,3658959723,5783301,5783470,169,completed,-12
Greedy,6860,3658959723,5783401,5783573,172,completed,-12
Greedy,6861,3658959723,5783501,5783676,175,completed,-12
Greedy,6862,3658959723,5783601,5783779,178,completed,-12
Greedy,6863,3658959723,5783701,5783882,181,completed,-12
Greedy,6864,3658959723,5783902,5784059,157,completed,-12
Greedy,6865,3658959723,5784002,5784162,160,completed,-12
Greedy,6866,3658959723,5784102,5784265,163,completed,-12
Greedy,6867,3658959723,5784202,5784368,166,completed,-12
Greedy,6868,3658959723,5784302,5784471,169,completed,-12
Greedy,6869,3658959723,5784402,5784574,172,completed,-12
Greedy,6870,3658959723,5784502,5784677,175,completed,-12
Greedy,6871,3658959723,5784602,5784780,178,completed,-11
Greedy,6872,3658959723,5784702,5784881,179,completed,-11
Greedy,6873,3658959723,5784905,5785061,156,completed,-11
Greedy,6874,3658959723,5785005,5785164,159,completed,-11
Greedy,6875,3658959723,5785105,5785288,183,completed,-11
Greedy,6876,3658959723,5785205,5785397,192,completed,-11
Greedy,6877,3658959723,5785305,5785500,195,completed,-11
Greedy,6878,3658959723,5785405,5785603,198,completed,-11
Greedy,6879,3658959723,5785505,5785706,201,completed,-11
Greedy,6880,3658959723,5785605,5785809,204,completed,-11
Greedy,6881,3658959723,5785705,5785912,207,completed,-11
Greedy,6882,3658959723,5785905,5786062,157,completed,-11
Greedy,6883,3658959723,5786005,5786165,160,completed,-11
Greedy,6884,3658959723,5786113,5786273,160,completed,-11
Greedy,6885,3658959723,5786213,5786376,163,completed,-11
Greedy,6886,3658959723,5786313,5786478,165,completed,-11
Greedy,6887,3658959723,5786413,5786580,167,completed,-11
Greedy,6888,3658959723,5786513,5786683,170,completed,-11
Greedy,6889,3658959723,5786613,5786785,172,completed,-12
Greedy,6890,3658959723,5786907,5787062,155,completed,-12
Greedy,6891,3658959723,5787007,5787171,164,completed,-12
Greedy,6892,3658959723,5787111,5787274,163,completed,-12
Greedy,6893,3658959723,5787211,5787376,165,completed,-12
Greedy,6894,3658959723,5787311,5787478,167,completed,-12
Greedy,6895,3658959723,5787411,5787580,169,completed,-12
Greedy,6896,3658959723,5787511,5787683,172,completed,-12
Greedy,6897,3658959723,5787611,5787786,175,completed,-12
Greedy,6898,3658959723,5787907,5788063,156,completed,-12
Greedy,6899,3658959723,5788007,5788167,160,completed,-12
Greedy,6900,3658959723,5788111,5788270,159,completed,-12
Greedy,6901,3658959723,5788211,5788373,162,completed,-12
Greedy,6902,3658959723,5788311,5788476,165,completed,-12
Greedy,6903,3658959723,5788411,5788578,167,completed,-12
Greedy,6904,3658959723,5788511,5788681,170,completed,-12
Greedy,6905,3658959723,5788611,5788783,172,completed,-12
Greedy,6906,3658959723,5788711,5789060,349,completed,-12
Greedy,6907,3658959723,5788912,5789167,255,completed,-12
Greedy,6908,3658959723,5789012,5789270,258,completed,-12
Greedy,6909,3658959723,5789114,5789373,259,completed,-12
Greedy,6910,3658959723,5789214,5789476,262,completed,-12
Greedy,6911,3658959723,5789314,5789579,265,completed,-12
Greedy,6912,3658959723,5789414,5789682,268,completed,-12
Greedy,6913,3658959723,5789514,5789785,271,completed,-12
Greedy,6914,3658959723,5789614,5789887,273,completed,-12
Greedy,6915,3658959723,5789714,5790064,350,completed,-12
Greedy,6916,3658959723,5789909,5790167,258,completed,-12
Greedy,6917,3658959723,5790009,5790269,260,completed,-12
Greedy,6918,3658959723,5790118,5790375,257,completed,-12
Greedy,6919,3658959723,5790218,5790477,259,completed,-12
Greedy,6920,3658959723,5790318,5790580,262,completed,-12
Greedy,6921,3658959723,5790418,5790683,265,completed,-12
Greedy,6922,3658959723,5790518,5790786,268,completed,-12
Greedy,6924,3037662008,5790913,5791064,151,completed,-32
Greedy,6925,3037662008,5791013,5791167,154,completed,-32
Greedy,6926,3037662008,5791115,5791269,154,completed,-32
Greedy,6923,3658959723,5790618,5790888,270,completed,-12
Greedy,6927,3037662008,5791215,5791372,157,completed,-32
Greedy,6928,3037662008,5791315,5791475,160,completed,-32
Greedy,6929,3037662008,5791415,5791578,163,completed,-32
Greedy,6930,3037662008,5791515,5791681,166,completed,-32
Greedy,6931,3037662008,5791615,5791784,169,completed,-32
Greedy,6932,3037662008,5791715,5791887,172,completed,-32
Greedy,6933,3037662008,5791917,5792067,150,completed,-32
Greedy,6934,3037662008,5792017,5792176,159,completed,-32
Greedy,6935,3037662008,5792117,5792288,171,completed,-32
Greedy,6936,3037662008,5792217,5792391,174,completed,-32
Greedy,6937,3037662008,5792317,5792494,177,completed,-32
Greedy,6938,3037662008,5792417,5792597,180,completed,-32
Greedy,6939,3037662008,5792517,5792700,183,completed,-32
Greedy,6940,3037662008,5792617,5792803,186,completed,-33
Greedy,6941,3658959723,5792717,5793067,350,completed,-11
Greedy,6942,3658959723,5792920,5793174,254,completed,-11
Greedy,6943,3658959723,5793020,5793280,260,completed,-11
Greedy,6944,3658959723,5793123,5793383,260,completed,-11
Greedy,6945,3658959723,5793223,5793486,263,completed,-11
Greedy,6946,3658959723,5793323,5793589,266,completed,-11
Greedy,6947,3658959723,5793423,5793692,269,completed,-11
Greedy,6948,3658959723,5793523,5793795,272,completed,-11
Greedy,6949,3658959723,5793623,5793897,274,completed,-11
Greedy,6950,3658959723,5793913,5794068,155,completed,-11
Greedy,6951,3658959723,5794013,5794195,182,completed,-11
Greedy,6952,3658959723,5794113,5794297,184,completed,-11
Greedy,6953,3658959723,5794213,5794400,187,completed,-11
Greedy,6954,3658959723,5794313,5794503,190,completed,-11
Greedy,6955,3658959723,5794413,5794606,193,completed,-11
Greedy,6956,3658959723,5794513,5794709,196,completed,-11
Greedy,6957,3658959723,5794613,5794812,199,completed,-11
Greedy,6959,3037662008,5794917,5795123,206,completed,-34
Greedy,6968,3037662008,5795918,5796170,252,completed,-34
Greedy,6970,3658959723,5798344,5798877,533,completed,-12
Greedy,6971,3658959723,5798444,5798987,543,completed,-12
Greedy,6972,3658959723,5798544,5799090,546,completed,-12
Greedy,6960,3037662008,5795017,5795233,216,completed,-34
Greedy,6958,3658959723,5794713,5794914,201,completed,-11
Greedy,6961,3037662008,5795119,5795343,224,completed,-34
Greedy,6962,3037662008,5795219,5795446,227,completed,-34
Greedy,6963,3037662008,5795319,5795549,230,completed,-34
Greedy,6964,3037662008,5795419,5795652,233,completed,-34
Greedy,6965,3037662008,5795519,5795755,236,completed,-34
Greedy,6966,3037662008,5795619,5795858,239,completed,-34
Greedy,6967,3037662008,5795720,5796067,347,completed,-34
Greedy,6973,3658959723,5798644,5799193,549,completed,-12
Greedy,6974,3658959723,5798744,5799296,552,completed,-12
Greedy,6975,3658959723,5798844,5799398,554,completed,-12
Greedy,6976,3658959723,5798948,5799505,557,completed,-12
Greedy,6977,3658959723,5799052,5799607,555,completed,-12
Greedy,6978,3658959723,5799154,5799743,589,completed,-12
Greedy,6979,3658959723,5799356,5799846,490,completed,-12
Greedy,6980,3658959723,5799456,5799949,493,completed,-12
Greedy,6981,3658959723,5799556,5800052,496,completed,-12
Greedy,6982,3658959723,5799656,5800155,499,completed,-12
Greedy,6983,3658959723,5799756,5800258,502,completed,-12
Greedy,6984,3658959723,5799856,5800361,505,completed,-12
Greedy,6985,3658959723,5799956,5800462,506,completed,-12
Greedy,6986,3658959723,5800056,5800565,509,completed,-12
Greedy,6987,3658959723,5800156,5800668,512,completed,-12
Greedy,6988,3658959723,5800356,5800772,416,completed,-11
Greedy,6989,3658959723,5800456,5800874,418,completed,-11
Greedy,6990,3658959723,5800556,5800976,420,completed,-11
Greedy,6991,3658959723,5800656,5801079,423,completed,-11
Greedy,6969,3037662008,5798139,5798772,633,completed,-35
Greedy,6992,3658959723,5800756,5801181,425,completed,-11
Greedy,6993,3658959723,5800856,5801283,427,completed,-11
Greedy,6994,3037662008,5800956,5801107,151,completed,-34
Greedy,6996,3658959723,5801162,5801512,350,completed,-11
Greedy,6995,3037662008,5801056,5801209,153,completed,-34
Greedy,6998,3037662008,5801471,5801625,154,completed,-34
Greedy,6999,3037662008,5801571,5801728,157,completed,-34
Greedy,6997,3658959723,5801368,5801615,247,completed,-11
Greedy,7000,3037662008,5801671,5801831,160,completed,-34
Greedy,7001,3037662008,5801771,5801934,163,completed,-34
Greedy,7002,3037662008,5801871,5802037,166,completed,-34
Greedy,7003,3037662008,5801971,5802140,169,completed,-34
Greedy,7004,3037662008,5802071,5802243,172,completed,-34
Greedy,7005,3037662008,5802363,5802513,150,completed,-34
Greedy,7006,3037662008,5802463,5802622,159,completed,-34
Greedy,7007,3037662008,5802563,5802734,171,completed,-34
Greedy,7009,3658959723,5802763,5802917,154,completed,-11
Greedy,7008,3037662008,5802663,5802837,174,completed,-34
Greedy,7010,3658959723,5802863,5803027,164,completed,-11
Greedy,7011,3658959723,5802963,5803130,167,completed,-11
Greedy,7012,3658959723,5803063,5803233,170,completed,-11
Greedy,7013,3658959723,5803163,5803336,173,completed,-11
Greedy,7014,3658959723,5803363,5803521,158,completed,-11
Greedy,7015,3658959723,5803463,5803624,161,completed,-11
Greedy,7016,3658959723,5803563,5803727,164,completed,-11
Greedy,7017,3658959723,5803663,5803829,166,completed,-11
Greedy,7018,3658959723,5803763,5803932,169,completed,-11
Greedy,7019,3658959723,5803863,5804035,172,completed,-11
Greedy,7020,3658959723,5803963,5804138,175,completed,-11
Greedy,7021,3658959723,5804063,5804241,178,completed,-11
Greedy,7022,3658959723,5804163,5804344,181,completed,-11
Greedy,7023,3658959723,5804364,5804521,157,completed,-11
Greedy,7024,3658959723,5804464,5804624,160,completed,-11
Greedy,7025,3658959723,5804564,5804727,163,completed,-11
Greedy,7026,3658959723,5804664,5804830,166,completed,-12
Greedy,7028,3037662008,5804864,5805014,150,completed,-30
Greedy,7029,3037662008,5804964,5805123,159,completed,-30
Greedy,7030,3037662008,5805064,5805232,168,completed,-30
Greedy,7027,3658959723,5804764,5804932,168,completed,-12
Greedy,7031,3037662008,5805164,5805510,346,completed,-30
Greedy,7032,3037662008,5805369,5805621,252,completed,-30
Greedy,7033,3037662008,5805469,5805724,255,completed,-30
Greedy,7034,3037662008,5805569,5805827,258,completed,-30
Greedy,7035,3037662008,5805669,5805930,261,completed,-30
Greedy,7036,3037662008,5805769,5806033,264,completed,-30
Greedy,7037,3037662008,5805869,5806136,267,completed,-30
Greedy,7038,3037662008,5805969,5806239,270,completed,-30
Greedy,7039,3037662008,5806069,5806342,273,completed,-30
Greedy,7040,3037662008,5806169,5806514,345,completed,-30
Greedy,7041,3037662008,5806371,5806617,246,completed,-30
Greedy,7042,3037662008,5806471,5806720,249,completed,-30
Greedy,7045,3658959723,5806771,5806925,154,completed,-10
Greedy,7046,3658959723,5806871,5807034,163,completed,-10
Greedy,7047,3658959723,5806971,5807137,166,completed,-10
Greedy,7043,3037662008,5806571,5806823,252,completed,-34
Greedy,7048,3658959723,5807071,5807240,169,completed,-10
Greedy,7044,3037662008,5806671,5806926,255,completed,-34
Greedy,7049,3658959723,5807171,5807518,347,completed,-10
Greedy,7050,3658959723,5807372,5807621,249,completed,-10
Greedy,7051,3658959723,5807472,5807726,254,completed,-10
Greedy,7052,3658959723,5807572,5807828,256,completed,-10
Greedy,7053,3658959723,5807672,5807931,259,completed,-10
Greedy,7054,3658959723,5807772,5808034,262,completed,-10
Greedy,7055,3658959723,5807872,5808137,265,completed,-10
Greedy,7056,3658959723,5807972,5808240,268,completed,-10
Greedy,7057,3658959723,5808072,5808343,271,completed,-10
Greedy,7058,3658959723,5808172,5808521,349,completed,-10
Greedy,7059,3658959723,5808374,5808624,250,completed,-10
Greedy,7060,3658959723,5808474,5808730,256,completed,-10
Greedy,7063,3037662008,5808774,5808925,151,completed,-33
Greedy,7061,3658959723,5808574,5808833,259,completed,-11
Greedy,7062,3658959723,5808674,5808934,260,completed,-11
Greedy,7064,3037662008,5808874,5809028,154,completed,-33
Greedy,7065,3037662008,5808974,5809131,157,completed,-33
Greedy,7066,3037662008,5809074,5809234,160,completed,-33
Greedy,7067,3037662008,5809174,5809524,350,completed,-33
Greedy,7068,3037662008,5809371,5809630,259,completed,-33
Greedy,7069,3037662008,5809471,5809733,262,completed,-33
Greedy,7070,3037662008,5809571,5809836,265,completed,-33
Greedy,7071,3037662008,5809671,5809939,268,completed,-33
Greedy,7072,3037662008,5809771,5810042,271,completed,-33
Greedy,7073,3037662008,5809871,5810145,274,completed,-33
Greedy,7074,3037662008,5809971,5810248,277,completed,-33
Greedy,7075,3037662008,5810071,5810351,280,completed,-33
Greedy,7076,3037662008,5810171,5810520,349,completed,-33
Greedy,7077,3037662008,5810377,5810623,246,completed,-33
Greedy,7078,3037662008,5810477,5810732,255,completed,-32
Greedy,7081,3658959723,5810777,5810931,154,completed,-10
Greedy,7082,3658959723,5810877,5811034,157,completed,-10
Greedy,7083,3658959723,5810977,5811137,160,completed,-10
Greedy,7079,3037662008,5810577,5810834,257,completed,-32
Greedy,7084,3658959723,5811077,5811240,163,completed,-10
Greedy,7080,3037662008,5810677,5810936,259,completed,-32
Greedy,7085,3658959723,5811177,5811525,348,completed,-10
Greedy,7086,3658959723,5811377,5811634,257,completed,-10
Greedy,7087,3658959723,5811477,5811743,266,completed,-10
Greedy,7088,3658959723,5811577,5811851,274,completed,-10
Greedy,7089,3658959723,5811677,5811961,284,completed,-10
Greedy,7090,3658959723,5811777,5812064,287,completed,-10
Greedy,7091,3658959723,5811877,5812167,290,completed,-10
Greedy,7092,3658959723,5811977,5812270,293,completed,-10
Greedy,7093,3658959723,5812077,5812373,296,completed,-10
Greedy,7094,3658959723,5812177,5812526,349,completed,-10
Greedy,7095,3658959723,5812380,5812629,249,completed,-10
Greedy,7096,3658959723,5812480,5812735,255,completed,-10
Greedy,7097,3658959723,5812580,5812837,257,completed,-12
Greedy,7098,3658959723,5812680,5812940,260,completed,-12
Greedy,7100,3037662008,5812880,5813031,151,completed,-30
Greedy,7101,3037662008,5812980,5813134,154,completed,-30
Greedy,7099,3658959723,5812780,5813043,263,completed,-12
Greedy,7102,3037662008,5813080,5813237,157,completed,-30
Greedy,7103,3037662008,5813180,5813525,345,completed,-30
Greedy,7104,3037662008,5813382,5815725,2343,completed,-32
Greedy,7105,3658959723,5815588,5815937,349,completed,-11
Greedy,7106,3658959723,5815790,5816093,303,completed,-11
Greedy,7107,3658959723,5815890,5816203,313,completed,-11
Greedy,7108,3658959723,5815990,5816306,316,completed,-11
Greedy,7109,3658959723,5816093,5816409,316,completed,-11
Greedy,7110,3658959723,5816193,5816512,319,completed,-11
Greedy,7111,3658959723,5816293,5816615,322,completed,-11
Greedy,7112,3658959723,5816393,5816718,325,completed,-11
Greedy,7115,3037662008,5816887,5817036,149,completed,-35
Greedy,7113,3658959723,5816493,5816820,327,completed,-11
Greedy,7116,3037662008,5816987,5817145,158,completed,-35
Greedy,7117,3037662008,5817087,5817248,161,completed,-35
Greedy,7118,3037662008,5817187,5817351,164,completed,-35
Greedy,7114,3658959723,5816787,5816943,156,completed,-11
Greedy,7119,3037662008,5817287,5817454,167,completed,-35
Greedy,7120,3037662008,5817387,5817557,170,completed,-35
Greedy,7121,3037662008,5817487,5817660,173,completed,-35
Greedy,7122,3037662008,5817587,5817763,176,completed,-35
Greedy,7123,3037662008,5817793,5817961,168,completed,-35
Greedy,7124,3037662008,5817893,5818064,171,completed,-35
Greedy,7125,3037662008,5817993,5818167,174,completed,-35
Greedy,7126,3037662008,5818093,5818270,177,completed,-35
Greedy,7127,3037662008,5818193,5818373,180,completed,-35
Greedy,7128,3037662008,5818293,5818476,183,completed,-35
Greedy,7129,3037662008,5818393,5818579,186,completed,-35
Greedy,7130,3037662008,5818493,5818682,189,completed,-35
Greedy,7131,3037662008,5818593,5818941,348,completed,-33
Greedy,7132,3658959723,5818796,5818951,155,completed,-11
Greedy,7133,3658959723,5818896,5819065,169,completed,-11
Greedy,7134,3658959723,5818996,5819168,172,completed,-11
Greedy,7135,3658959723,5819096,5819271,175,completed,-11
Greedy,7136,3658959723,5819196,5819374,178,completed,-11
Greedy,7137,3658959723,5819296,5819477,181,completed,-11
Greedy,7138,3658959723,5819396,5819580,184,completed,-11
Greedy,7139,3658959723,5819496,5819683,187,completed,-11
Greedy,7140,3658959723,5819596,5819944,348,completed,-11
Greedy,7141,3658959723,5819796,5820053,257,completed,-11
Greedy,7142,3658959723,5819896,5820163,267,completed,-11
Greedy,7143,3658959723,5819996,5820266,270,completed,-11
Greedy,7144,3658959723,5820096,5820369,273,completed,-11
Greedy,7145,3658959723,5820196,5820472,276,completed,-11
Greedy,7146,3658959723,5820296,5820575,279,completed,-11
Greedy,7147,3658959723,5820396,5820678,282,completed,-11
Greedy,7151,3037662008,5820898,5821049,151,completed,-31
Greedy,7148,3658959723,5820496,5820781,285,completed,-12
Greedy,7152,3037662008,5820998,5821152,154,completed,-31
Greedy,7153,3037662008,5821098,5821255,157,completed,-31
Greedy,7154,3037662008,5821198,5821358,160,completed,-31
Greedy,7149,3658959723,5820596,5820882,286,completed,-12
Greedy,7150,3658959723,5820798,5820984,186,completed,-12
Greedy,7155,3037662008,5821298,5821461,163,completed,-31
Greedy,7156,3037662008,5821398,5821564,166,completed,-31
Greedy,7157,3037662008,5821498,5821667,169,completed,-31
Greedy,7158,3037662008,5821598,5821942,344,completed,-31
Greedy,7159,3037662008,5821798,5822051,253,completed,-31
Greedy,7160,3037662008,5821898,5822154,256,completed,-31
Greedy,7161,3037662008,5821998,5822257,259,completed,-31
Greedy,7162,3037662008,5822098,5822360,262,completed,-31
Greedy,7163,3037662008,5822198,5822463,265,completed,-31
Greedy,7164,3037662008,5822298,5822566,268,completed,-31
Greedy,7165,3037662008,5822398,5822669,271,completed,-31
Greedy,7168,3658959723,5822800,5822958,158,completed,-11
Greedy,7169,3658959723,5822900,5823061,161,completed,-11
Greedy,7170,3658959723,5823000,5823164,164,completed,-11
Greedy,7171,3658959723,5823100,5823267,167,completed,-11
Greedy,7172,3658959723,5823200,5823370,170,completed,-11
Greedy,7166,3037662008,5822498,5822772,274,completed,-30
Greedy,7173,3658959723,5823300,5823473,173,completed,-11
Greedy,7174,3658959723,5823400,5823576,176,completed,-11
Greedy,7167,3037662008,5822598,5822873,275,completed,-30
Greedy,7175,3658959723,5823500,5823679,179,completed,-11
Greedy,7176,3658959723,5823604,5823952,348,completed,-11
Greedy,7177,3658959723,5823805,5824055,250,completed,-11
Greedy,7178,3658959723,5823905,5824157,252,completed,-11
Greedy,7179,3658959723,5824005,5824296,291,completed,-11
Greedy,7180,3658959723,5824105,5824399,294,completed,-11
Greedy,7181,3658959723,5824205,5824502,297,completed,-11
Greedy,7182,3658959723,5824305,5824605,300,completed,-11
Greedy,7183,3658959723,5824405,5824708,303,completed,-11
Greedy,7184,3658959723,5824505,5824810,305,completed,-12
Greedy,7185,3658959723,5824605,5824954,349,completed,-12
Greedy,7186,3658959723,5824806,5825095,289,completed,-12
Greedy,7188,3037662008,5825006,5825155,149,completed,-29
Greedy,7189,3037662008,5825113,5825266,153,completed,-29
Greedy,7190,3037662008,5825213,5825369,156,completed,-29
Greedy,7187,3658959723,5824906,5825197,291,completed,-12
Greedy,7191,3037662008,5825313,5825472,159,completed,-29
Greedy,7192,3037662008,5825413,5825575,162,completed,-29
Greedy,7193,3037662008,5825513,5825678,165,completed,-29
Greedy,7194,3037662008,5825805,5825959,154,completed,-29
Greedy,7195,3037662008,5825905,5826062,157,completed,-29
Greedy,7196,3037662008,5826005,5826165,160,completed,-29
Greedy,7197,3037662008,5826105,5826285,180,completed,-29
Greedy,7198,3037662008,5826205,5826388,183,completed,-29
Greedy,7199,3037662008,5826305,5826491,186,completed,-29
Greedy,7200,3037662008,5826405,5826594,189,completed,-29
Greedy,7201,3037662008,5826505,5826697,192,completed,-29
Greedy,7203,3658959723,5826809,5826966,157,completed,-10
Greedy,7204,3658959723,5826909,5827077,168,completed,-10
Greedy,7202,3037662008,5826605,5826800,195,completed,-32
Greedy,7205,3658959723,5827009,5827180,171,completed,-10
Greedy,7206,3658959723,5827112,5827283,171,completed,-10
Greedy,7207,3658959723,5827212,5827386,174,completed,-10
Greedy,7208,3658959723,5827312,5827489,177,completed,-10
Greedy,7209,3658959723,5827412,5827591,179,completed,-10
Greedy,7210,3658959723,5827512,5827694,182,completed,-10
Greedy,7211,3658959723,5827807,5827963,156,completed,-10
Greedy,7212,3658959723,5827907,5828066,159,completed,-10
Greedy,7213,3658959723,5828007,5828169,162,completed,-10
Greedy,7214,3658959723,5828112,5828272,160,completed,-10
Greedy,7215,3658959723,5828212,5828375,163,completed,-10
Greedy,7216,3658959723,5828312,5828478,166,completed,-10
Greedy,7217,3658959723,5828412,5828580,168,completed,-10
Greedy,7218,3658959723,5828512,5828683,171,completed,-10
Greedy,7219,3658959723,5828809,5828964,155,completed,-11
Greedy,7220,3658959723,5828909,5829067,158,completed,-11
Greedy,7221,3658959723,5829009,5829170,161,completed,-11
Greedy,7222,3658959723,5829112,5829273,161,completed,-11
Greedy,7223,3658959723,5829212,5829376,164,completed,-11
Greedy,7224,3658959723,5829312,5829479,167,completed,-11
Greedy,7225,3658959723,5829412,5829581,169,completed,-11
Greedy,7226,3658959723,5829512,5829684,172,completed,-11
Greedy,7227,3658959723,5829612,5829959,347,completed,-11
Greedy,7228,3658959723,5829812,5830062,250,completed,-11
Greedy,7229,3658959723,5829912,5830169,257,completed,-11
Greedy,7230,3658959723,5830012,5830272,260,completed,-11
Greedy,7231,3658959723,5830113,5830374,261,completed,-11
Greedy,7232,3658959723,5830213,5830477,264,completed,-11
Greedy,7233,3658959723,5830313,5830580,267,completed,-11
Greedy,7234,3658959723,5830413,5830683,270,completed,-11
Greedy,7235,3658959723,5830513,5830785,272,completed,-12
Greedy,7236,3658959723,5830613,5830964,351,completed,-12
Greedy,7238,3037662008,5833021,5833382,361,completed,-31
Greedy,7239,3037662008,5833225,5833670,445,completed,-31
Greedy,7240,3037662008,5833325,5833920,595,completed,-31
Greedy,7241,3037662008,5833425,5834369,944,completed,-31
Greedy,7242,3037662008,5833525,5834471,946,completed,-31
Greedy,7237,3658959723,5830816,5833163,2347,completed,-11
Greedy,7243,3037662008,5833625,5834573,948,completed,-31
Greedy,7244,3037662008,5833725,5834676,951,completed,-31
Greedy,7251,3658959723,5834529,5834684,155,completed,-11
Greedy,7252,3658959723,5834629,5834789,160,completed,-11
Greedy,7253,3658959723,5834729,5834891,162,completed,-11
Greedy,7254,3658959723,5834829,5834994,165,completed,-11
Greedy,7255,3658959723,5834929,5835097,168,completed,-11
Greedy,7245,3037662008,5833825,5834779,954,completed,-32
Greedy,7256,3658959723,5835227,5835389,162,completed,-11
Greedy,7257,3658959723,5835329,5835492,163,completed,-11
Greedy,7246,3037662008,5833925,5834880,955,completed,-32
Greedy,7258,3658959723,5835429,5835595,166,completed,-11
Greedy,7259,3658959723,5835529,5835698,169,completed,-11
Greedy,7260,3658959723,5835629,5835800,171,completed,-11
Greedy,7247,3037662008,5834025,5834982,957,completed,-32
Greedy,7248,3037662008,5834229,5835083,854,completed,-32
Greedy,7261,3658959723,5835729,5835903,174,completed,-11
Greedy,7262,3658959723,5835829,5836006,177,completed,-11
Greedy,7263,3658959723,5835929,5836109,180,completed,-11
Greedy,7249,3037662008,5834329,5835185,856,completed,-32
Greedy,7250,3037662008,5834429,5835286,857,completed,-32
Greedy,7264,3658959723,5836238,5836394,156,completed,-11
Greedy,7265,3658959723,5836338,5836497,159,completed,-11
Greedy,7266,3658959723,5836438,5836600,162,completed,-11
Greedy,7267,3658959723,5836538,5836703,165,completed,-11
Greedy,7269,3037662008,5836738,5836888,150,completed,-28
Greedy,7268,3658959723,5836638,5836806,168,completed,-13
Greedy,7270,3037662008,5836838,5836997,159,completed,-28
Greedy,7271,3037662008,5836938,5837107,169,completed,-28
Greedy,7272,3037662008,5837234,5837521,287,completed,-28
Greedy,7273,3037662008,5837334,5837624,290,completed,-28
Greedy,7274,3037662008,5837434,5837727,293,completed,-28
Greedy,7275,3037662008,5837534,5837830,296,completed,-28
Greedy,7276,3037662008,5837634,5837933,299,completed,-28
Greedy,7277,3037662008,5837734,5838036,302,completed,-28
Greedy,7278,3037662008,5837834,5838139,305,completed,-28
Greedy,7279,3037662008,5837934,5838242,308,completed,-28
Greedy,7280,3037662008,5838229,5838381,152,completed,-28
Greedy,7281,3037662008,5838329,5838484,155,completed,-28
Greedy,7282,3037662008,5838429,5838587,158,completed,-28
Greedy,7283,3037662008,5838529,5838690,161,completed,-28
Greedy,7284,3037662008,5838629,5838793,164,completed,-33
Greedy,7285,3037662008,5838729,5838896,167,completed,-33
Greedy,7286,3658959723,5838829,5838984,155,completed,-11
Greedy,7287,3658959723,5838929,5839087,158,completed,-11
Greedy,7288,3658959723,5839029,5839380,351,completed,-11
Greedy,7289,3658959723,5839239,5839488,249,completed,-11
Greedy,7290,3658959723,5839341,5839591,250,completed,-11
Greedy,7291,3658959723,5839441,5839694,253,completed,-11
Greedy,7292,3658959723,5839541,5839797,256,completed,-11
Greedy,7293,3658959723,5839641,5839900,259,completed,-11
Greedy,7294,3658959723,5839741,5840002,261,completed,-11
Greedy,7295,3658959723,5839841,5840105,264,completed,-11
Greedy,7296,3658959723,5839941,5840208,267,completed,-11
Greedy,7297,3658959723,5840236,5840392,156,completed,-11
Greedy,7298,3658959723,5840336,5840495,159,completed,-11
Greedy,7299,3658959723,5840436,5840598,162,completed,-11
Greedy,7300,3658959723,5840536,5840701,165,completed,-11
Greedy,7301,3658959723,5840636,5840804,168,completed,-12
Greedy,7302,3658959723,5840736,5840905,169,completed,-12
Greedy,7303,3037662008,5840836,5840987,151,completed,-28
Greedy,7304,3037662008,5840936,5841090,154,completed,-28
Greedy,7305,3037662008,5841239,5841389,150,completed,-28
Greedy,7306,3037662008,5841339,5841496,157,completed,-28
Greedy,7307,3037662008,5841439,5841598,159,completed,-28
Greedy,7308,3037662008,5841539,5841701,162,completed,-28
Greedy,7309,3037662008,5841639,5841804,165,completed,-28
Greedy,7310,3037662008,5841739,5841907,168,completed,-28
Greedy,7311,3037662008,5841839,5842010,171,completed,-28
Greedy,7312,3037662008,5841939,5842113,174,completed,-28
Greedy,7313,3037662008,5842238,5842390,152,completed,-28
Greedy,7314,3037662008,5842338,5842499,161,completed,-28
Greedy,7315,3037662008,5842438,5842602,164,completed,-28
Greedy,7316,3037662008,5842538,5842705,167,completed,-28
Greedy,7317,3037662008,5842638,5842808,170,completed,-31
Greedy,7319,3658959723,5842838,5842992,154,completed,-11
Greedy,7318,3037662008,5842738,5842909,171,completed,-31
Greedy,7320,3658959723,5842938,5843103,165,completed,-11
Greedy,7321,3658959723,5843038,5843416,378,completed,-11
Greedy,7322,3658959723,5843246,5843525,279,completed,-11
Greedy,7323,3658959723,5843346,5843635,289,completed,-11
Greedy,7324,3658959723,5843446,5843738,292,completed,-11
Greedy,7325,3658959723,5843546,5843841,295,completed,-11
Greedy,7326,3658959723,5843646,5843944,298,completed,-11
Greedy,7327,3658959723,5843746,5844047,301,completed,-11
Greedy,7328,3658959723,5843846,5844150,304,completed,-11
Greedy,7329,3658959723,5843946,5844252,306,completed,-11
Greedy,7330,3658959723,5844235,5844391,156,completed,-11
Greedy,7331,3658959723,5844335,5844494,159,completed,-11
Greedy,7332,3658959723,5844435,5844596,161,completed,-11
Greedy,7333,3658959723,5844535,5844699,164,completed,-11
Greedy,7334,3658959723,5844635,5844802,167,completed,-12
Greedy,7336,3037662008,5844835,5844985,150,completed,-29
Greedy,7335,3658959723,5844735,5844903,168,completed,-12
Greedy,7337,3037662008,5844935,5845088,153,completed,-29
Greedy,7338,3037662008,5845035,5845386,351,completed,-29
Greedy,7339,3037662008,5845248,5845489,241,completed,-29
Greedy,7340,3037662008,5845351,5845592,241,completed,-29
Greedy,7341,3037662008,5845454,5845695,241,completed,-29
Greedy,7342,3037662008,5845556,5845798,242,completed,-29
Greedy,7343,3037662008,5845656,5845901,245,completed,-29
Greedy,7344,3037662008,5845756,5846004,248,completed,-29
Greedy,7345,3037662008,5845856,5846107,251,completed,-29
Greedy,7346,3037662008,5845956,5846210,254,completed,-29
Greedy,7347,3037662008,5846246,5846398,152,completed,-29
Greedy,7348,3037662008,5846346,5846501,155,completed,-29
Greedy,7349,3037662008,5846446,5846604,158,completed,-29
Greedy,7350,3037662008,5846546,5846707,161,completed,-29
Greedy,7353,3658959723,5846846,5847000,154,completed,-11
Greedy,7351,3037662008,5846646,5846810,164,completed,-32
Greedy,7352,3037662008,5846746,5846912,166,completed,-32
Greedy,7354,3658959723,5846946,5847109,163,completed,-11
Greedy,7355,3658959723,5847248,5847404,156,completed,-11
Greedy,7356,3658959723,5847348,5847507,159,completed,-11
Greedy,7357,3658959723,5847448,5847610,162,completed,-11
Greedy,7358,3658959723,5847548,5847712,164,completed,-11
Greedy,7359,3658959723,5847648,5847815,167,completed,-11
Greedy,7360,3658959723,5847748,5847918,170,completed,-11
Greedy,7361,3658959723,5847848,5848021,173,completed,-11
Greedy,7362,3658959723,5847948,5848124,176,completed,-11
Greedy,7363,3658959723,5848243,5848400,157,completed,-11
Greedy,SUMMARY,ALL,0,0,121817,batch_complete,0
----------------,---,---,---,---,---,----------------,---
Greedy,7364,3658959723,5857058,5857214,156,completed,-10
Greedy,7365,3658959723,5857158,5857322,164,completed,-10
Greedy,7366,3658959723,5857258,5857431,173,completed,-10
Greedy,7367,3658959723,5857358,5857534,176,completed,-10
Greedy,7368,3658959723,5857458,5857817,359,completed,-10
Greedy,7369,3658959723,5857658,5857926,268,completed,-10
Greedy,7370,3658959723,5857758,5858029,271,completed,-10
Greedy,7371,3658959723,5857858,5858132,274,completed,-10
Greedy,7372,3658959723,5857958,5858235,277,completed,-10
Greedy,7373,3658959723,5858058,5858338,280,completed,-10
Greedy,7374,3658959723,5858158,5858441,283,completed,-10
Greedy,7375,3658959723,5858258,5858544,286,completed,-10
Greedy,7376,3658959723,5858358,5858647,289,completed,-10
Greedy,7379,3037662008,5858760,5858910,150,completed,-30
Greedy,7377,3658959723,5858458,5858807,349,completed,-12
Greedy,7380,3037662008,5858860,5859020,160,completed,-30
Greedy,7381,3037662008,5858960,5859123,163,completed,-30
Greedy,7382,3037662008,5859060,5859226,166,completed,-30
Greedy,7378,3658959723,5858660,5858909,249,completed,-12
Greedy,7383,3037662008,5859160,5859329,169,completed,-30
Greedy,7384,3037662008,5859260,5859432,172,completed,-30
Greedy,7385,3037662008,5859360,5859535,175,completed,-30
Greedy,7386,3037662008,5859460,5859807,347,completed,-30
Greedy,7387,3037662008,5859655,5859910,255,completed,-30
Greedy,7388,3037662008,5859755,5860013,258,completed,-30
Greedy,7389,3037662008,5859855,5860116,261,completed,-30
Greedy,7390,3037662008,5859955,5860219,264,completed,-30
Greedy,7391,3037662008,5860055,5860322,267,completed,-30
Greedy,7392,3037662008,5860155,5860425,270,completed,-30
Greedy,7393,3037662008,5860255,5860528,273,completed,-30
Greedy,7394,3037662008,5860355,5860631,276,completed,-30
Greedy,7395,3037662008,5860455,5860733,278,completed,-30
Greedy,7397,3658959723,5860761,5860915,154,completed,-11
Greedy,7396,3037662008,5860661,5860840,179,completed,-31
Greedy,7398,3658959723,5860861,5861025,164,completed,-11
Greedy,7399,3658959723,5860961,5861128,167,completed,-11
Greedy,7400,3658959723,5861061,5861231,170,completed,-11
Greedy,7401,3658959723,5861161,5861334,173,completed,-11
Greedy,7402,3658959723,5861261,5861437,176,completed,-11
Greedy,7403,3658959723,5861361,5861540,179,completed,-11
Greedy,7404,3658959723,5861461,5861643,182,completed,-11
Greedy,7405,3658959723,5861662,5861820,158,completed,-11
Greedy,7406,3658959723,5861762,5861923,161,completed,-11
Greedy,7407,3658959723,5861862,5862026,164,completed,-11
Greedy,7408,3658959723,5861962,5862129,167,completed,-11
Greedy,7409,3658959723,5862062,5862232,170,completed,-11
Greedy,7410,3658959723,5862162,5862335,173,completed,-11
Greedy,7411,3658959723,5862262,5862438,176,completed,-11
Greedy,7412,3658959723,5862362,5862540,178,completed,-11
Greedy,7413,3658959723,5862462,5862643,181,completed,-11
Greedy,7415,3037662008,5862765,5862916,151,completed,-28
Greedy,7414,3658959723,5862665,5862820,155,completed,-12
Greedy,7416,3037662008,5862865,5863019,154,completed,-28
Greedy,7417,3037662008,5862965,5863122,157,completed,-28
Greedy,7418,3037662008,5863065,5863225,160,completed,-28
Greedy,7419,3037662008,5863165,5863328,163,completed,-28
Greedy,7420,3037662008,5863265,5863431,166,completed,-28
Greedy,7421,3037662008,5863365,5863534,169,completed,-28
Greedy,7422,3037662008,5863465,5863637,172,completed,-28
Greedy,7423,3037662008,5863667,5863818,151,completed,-28
Greedy,7424,3037662008,5863767,5863927,160,completed,-28
Greedy,7425,3037662008,5863867,5864041,174,completed,-28
Greedy,7426,3037662008,5863967,5864151,184,completed,-28
Greedy,7427,3037662008,5864067,5864254,187,completed,-28
Greedy,7428,3037662008,5864167,5864357,190,completed,-28
Greedy,7429,3037662008,5864267,5864460,193,completed,-28
Greedy,7430,3037662008,5864367,5864563,196,completed,-28
Greedy,7431,3037662008,5864467,5864812,345,completed,-33
Greedy,7433,3658959723,5864768,5864922,154,completed,-11
Greedy,7432,3037662008,5864668,5864915,247,completed,-33
Greedy,7434,3658959723,5864868,5865032,164,completed,-11
Greedy,7435,3658959723,5864968,5865135,167,completed,-11
Greedy,7436,3658959723,5865068,5865238,170,completed,-11
Greedy,7437,3658959723,5865168,5865341,173,completed,-11
Greedy,7438,3658959723,5865268,5865444,176,completed,-11
Greedy,7439,3658959723,5865368,5865546,178,completed,-11
Greedy,7440,3658959723,5865468,5865817,349,completed,-11
Greedy,7441,3658959723,5865670,5868014,2344,completed,-12
Greedy,7442,3658959723,5867873,5868223,350,completed,-12
Greedy,7443,3658959723,5868075,5868332,257,completed,-12
Greedy,7444,3658959723,5868175,5868435,260,completed,-12
Greedy,7445,3658959723,5868275,5868542,267,completed,-12
Greedy,7446,3658959723,5868375,5868645,270,completed,-12
Greedy,7447,3658959723,5868475,5868748,273,completed,-12
Greedy,7448,3658959723,5868575,5868851,276,completed,-12
Greedy,7449,3658959723,5868675,5868954,279,completed,-12
Greedy,7450,3658959723,5868775,5869055,280,completed,-12
Greedy,7451,3658959723,5868875,5869225,350,completed,-12
Greedy,7452,3658959723,5869071,5869340,269,completed,-12
Greedy,7454,3037662008,5869271,5869423,152,completed,-29
Greedy,7453,3658959723,5869171,5869443,272,completed,-12
Greedy,7455,3037662008,5869371,5869526,155,completed,-29
Greedy,7456,3037662008,5869471,5869646,175,completed,-29
Greedy,7457,3037662008,5869571,5869749,178,completed,-29
Greedy,7458,3037662008,5869671,5869852,181,completed,-29
Greedy,7459,3037662008,5869771,5869955,184,completed,-29
Greedy,7460,3037662008,5869871,5870058,187,completed,-29
Greedy,7461,3037662008,5870079,5870229,150,completed,-29
Greedy,7462,3037662008,5870179,5870340,161,completed,-29
Greedy,7463,3037662008,5870279,5870443,164,completed,-29
Greedy,7464,3037662008,5870379,5870546,167,completed,-29
Greedy,7465,3037662008,5870479,5870649,170,completed,-29
Greedy,7466,3037662008,5870579,5870752,173,completed,-29
Greedy,7468,3658959723,5870779,5870934,155,completed,-11
Greedy,7469,3658959723,5870879,5871234,355,completed,-11
Greedy,7470,3658959723,5871083,5871339,256,completed,-11
Greedy,7467,3037662008,5870679,5870855,176,completed,-33
Greedy,7471,3658959723,5871183,5871442,259,completed,-11
Greedy,7472,3658959723,5871283,5871544,261,completed,-11
Greedy,7473,3658959723,5871383,5871647,264,completed,-11
Greedy,7474,3658959723,5871483,5871750,267,completed,-11
Greedy,7475,3658959723,5871583,5871853,270,completed,-11
Greedy,7476,3658959723,5871683,5871956,273,completed,-11
Greedy,7477,3658959723,5871783,5872059,276,completed,-11
Greedy,7478,3658959723,5872079,5872237,158,completed,-11
Greedy,7479,3658959723,5872179,5872340,161,completed,-11
Greedy,7480,3658959723,5872279,5872443,164,completed,-11
Greedy,7481,3658959723,5872379,5872546,167,completed,-11
Greedy,7482,3658959723,5872479,5872649,170,completed,-11
Greedy,7483,3658959723,5872579,5872751,172,completed,-11
Greedy,7485,3037662008,5872779,5872929,150,completed,-30
Greedy,7484,3658959723,5872679,5872854,175,completed,-12
Greedy,7486,3037662008,5872879,5873227,348,completed,-30
Greedy,7487,3037662008,5873083,5873330,247,completed,-30
Greedy,7488,3037662008,5873183,5873432,249,completed,-30
Greedy,7489,3037662008,5873283,5873535,252,completed,-30
Greedy,7490,3037662008,5873383,5873638,255,completed,-30
Greedy,7491,3037662008,5873483,5873741,258,completed,-30
Greedy,7492,3037662008,5873583,5873844,261,completed,-30
Greedy,7493,3037662008,5873683,5873947,264,completed,-30
Greedy,7494,3037662008,5873783,5874050,267,completed,-30
Greedy,7495,3037662008,5873883,5874228,345,completed,-30
Greedy,7496,3037662008,5874085,5874331,246,completed,-30
Greedy,7497,3037662008,5874185,5874438,253,completed,-30
Greedy,7498,3037662008,5874285,5874541,256,completed,-30
Greedy,7499,3037662008,5874385,5874644,259,completed,-30
Greedy,7500,3037662008,5874485,5874747,262,completed,-30
Greedy,7503,3658959723,5874785,5874940,155,completed,-11
Greedy,7504,3658959723,5874885,5875234,349,completed,-11
Greedy,7505,3658959723,5875089,5875337,248,completed,-11
Greedy,7501,3037662008,5874585,5874850,265,completed,-31
Greedy,7506,3658959723,5875189,5875440,251,completed,-11
Greedy,7507,3658959723,5875289,5875546,257,completed,-11
Greedy,7508,3658959723,5875389,5875649,260,completed,-11
Greedy,7502,3037662008,5874685,5874952,267,completed,-31
Greedy,7509,3658959723,5875489,5875751,262,completed,-11
Greedy,7510,3658959723,5875589,5875853,264,completed,-11
Greedy,7511,3658959723,5875689,5875956,267,completed,-11
Greedy,7512,3658959723,5875789,5876059,270,completed,-11
Greedy,7513,3658959723,5876085,5876242,157,completed,-11
Greedy,7514,3658959723,5876185,5876345,160,completed,-11
Greedy,7515,3658959723,5876285,5876448,163,completed,-11
Greedy,7516,3658959723,5876385,5876551,166,completed,-11
Greedy,7517,3658959723,5876485,5876654,169,completed,-11
Greedy,7518,3658959723,5876585,5876757,172,completed,-11
Greedy,7519,3658959723,5876685,5876860,175,completed,-12
Greedy,7520,3658959723,5876785,5876963,178,completed,-12
Greedy,7521,3037662008,5876885,5877035,150,completed,-29
Greedy,7522,3037662008,5877088,5877242,154,completed,-29
Greedy,7523,3037662008,5877188,5877345,157,completed,-29
Greedy,7524,3037662008,5877288,5877448,160,completed,-29
Greedy,7525,3037662008,5877388,5877551,163,completed,-29
Greedy,7526,3037662008,5877488,5877654,166,completed,-29
Greedy,7527,3037662008,5877588,5877757,169,completed,-29
Greedy,7528,3037662008,5877688,5877860,172,completed,-29
Greedy,7529,3037662008,5877788,5877963,175,completed,-29
Greedy,7530,3037662008,5877888,5878235,347,completed,-29
Greedy,7531,3037662008,5878089,5878345,256,completed,-29
Greedy,7532,3037662008,5878189,5878448,259,completed,-29
Greedy,7533,3037662008,5878289,5878551,262,completed,-29
Greedy,7534,3037662008,5878389,5878654,265,completed,-29
Greedy,7535,3037662008,5878489,5878757,268,completed,-29
Greedy,7538,3658959723,5878789,5878943,154,completed,-11
Greedy,7536,3037662008,5878589,5878861,272,completed,-30
Greedy,7539,3658959723,5878889,5879238,349,completed,-11
Greedy,7540,3658959723,5879093,5879341,248,completed,-11
Greedy,7537,3037662008,5878689,5878963,274,completed,-30
Greedy,7541,3658959723,5879193,5879444,251,completed,-11
Greedy,7542,3658959723,5879293,5879547,254,completed,-11
Greedy,7543,3658959723,5879393,5879650,257,completed,-11
Greedy,7544,3658959723,5879493,5879753,260,completed,-11
Greedy,7545,3658959723,5879593,5879856,263,completed,-11
Greedy,7546,3658959723,5879693,5879959,266,completed,-11
Greedy,7547,3658959723,5879793,5880062,269,completed,-11
Greedy,7548,3658959723,5880089,5880247,158,completed,-11
Greedy,7549,3658959723,5880189,5880350,161,completed,-11
Greedy,7550,3658959723,5880289,5880453,164,completed,-11
Greedy,7551,3658959723,5880389,5880555,166,completed,-11
Greedy,7552,3658959723,5880489,5880658,169,completed,-11
Greedy,7553,3658959723,5880589,5880761,172,completed,-11
Greedy,7554,3658959723,5880689,5880864,175,completed,-13
Greedy,7555,3658959723,5880789,5880967,178,completed,-13
Greedy,7556,3037662008,5880889,5881039,150,completed,-30
Greedy,7557,3037662008,5881093,5881246,153,completed,-30
Greedy,7558,3037662008,5881193,5881372,179,completed,-30
Greedy,7559,3037662008,5881293,5881475,182,completed,-30
Greedy,7560,3037662008,5881393,5881578,185,completed,-30
Greedy,7561,3037662008,5881493,5881681,188,completed,-30
Greedy,7562,3037662008,5881593,5881784,191,completed,-30
Greedy,7563,3037662008,5881693,5881887,194,completed,-30
Greedy,7564,3037662008,5881793,5881990,197,completed,-30
Greedy,7565,3037662008,5881893,5882239,346,completed,-30
Greedy,7566,3037662008,5882094,5882344,250,completed,-30
Greedy,7567,3037662008,5882194,5882447,253,completed,-30
Greedy,7568,3037662008,5882294,5882550,256,completed,-30
Greedy,7569,3037662008,5882394,5882653,259,completed,-30
Greedy,7570,3037662008,5882494,5882756,262,completed,-30
Greedy,7573,3658959723,5882794,5882949,155,completed,-11
Greedy,7571,3037662008,5882594,5882859,265,completed,-33
Greedy,7574,3658959723,5882894,5883245,351,completed,-11
Greedy,7572,3037662008,5882694,5882961,267,completed,-33
Greedy,7575,3658959723,5883101,5885455,2354,completed,-11
Greedy,7576,3658959723,5885317,5885666,349,completed,-11
Greedy,7577,3658959723,5885514,5886064,550,completed,-11
Greedy,7578,3658959723,5885614,5886167,553,completed,-11
Greedy,7579,3658959723,5885714,5886270,556,completed,-11
Greedy,7580,3658959723,5885814,5886373,559,completed,-11
Greedy,7581,3658959723,5885916,5886476,560,completed,-11
Greedy,7582,3658959723,5886016,5886577,561,completed,-11
Greedy,7583,3658959723,5886117,5886679,562,completed,-11
Greedy,7584,3658959723,5886217,5886782,565,completed,-11
Greedy,7585,3658959723,5886317,5886885,568,completed,-12
Greedy,7590,3037662008,5886917,5887067,150,completed,-31
Greedy,7586,3658959723,5886517,5886988,471,completed,-12
Greedy,7591,3037662008,5887017,5887176,159,completed,-31
Greedy,7592,3037662008,5887117,5887279,162,completed,-31
Greedy,7587,3658959723,5886617,5887090,473,completed,-12
Greedy,7593,3037662008,5887217,5887382,165,completed,-31
Greedy,7588,3658959723,5886717,5887191,474,completed,-12
Greedy,7594,3037662008,5887317,5887485,168,completed,-31
Greedy,7595,3037662008,5887526,5887687,161,completed,-31
Greedy,7596,3037662008,5887626,5887790,164,completed,-31
Greedy,7589,3658959723,5886817,5887293,476,completed,-12
Greedy,7597,3037662008,5887726,5887893,167,completed,-31
Greedy,7598,3037662008,5887826,5887996,170,completed,-31
Greedy,7599,3037662008,5887926,5888099,173,completed,-31
Greedy,7600,3037662008,5888026,5888202,176,completed,-31
Greedy,7601,3037662008,5888126,5888310,184,completed,-31
Greedy,7602,3037662008,5888226,5888413,187,completed,-31
Greedy,7603,3037662008,5888515,5888666,151,completed,-31
Greedy,7604,3037662008,5888615,5888794,179,completed,-33
Greedy,7606,3658959723,5888815,5888978,163,completed,-11
Greedy,7607,3658959723,5888915,5889086,171,completed,-11
Greedy,7608,3658959723,5889015,5889189,174,completed,-11
Greedy,7609,3658959723,5889115,5889292,177,completed,-11
Greedy,7610,3658959723,5889215,5889395,180,completed,-11
Greedy,7611,3658959723,5889315,5889498,183,completed,-11
Greedy,7612,3658959723,5889521,5889681,160,completed,-11
Greedy,7613,3658959723,5889621,5889791,170,completed,-11
Greedy,7614,3658959723,5889721,5889894,173,completed,-11
Greedy,7615,3658959723,5889821,5889997,176,completed,-11
Greedy,7616,3658959723,5889921,5890100,179,completed,-11
Greedy,7617,3658959723,5890021,5890203,182,completed,-11
Greedy,7618,3658959723,5890121,5890305,184,completed,-11
Greedy,7619,3658959723,5890221,5890408,187,completed,-11
Greedy,7620,3658959723,5890321,5890511,190,completed,-11
Greedy,7621,3658959723,5890522,5890681,159,completed,-11
Greedy,7622,3658959723,5890622,5890784,162,completed,-11
Greedy,7623,3658959723,5890722,5890887,165,completed,-12
Greedy,7624,3658959723,5890822,5890990,168,completed,-12
Greedy,7625,3658959723,5890922,5891093,171,completed,-12
Greedy,7626,3658959723,5891022,5891196,174,completed,-12
Greedy,7627,3658959723,5891125,5891299,174,completed,-12
Greedy,7628,3658959723,5891225,5891402,177,completed,-12
Greedy,7629,3658959723,5891325,5891673,348,completed,-12
Greedy,7630,3658959723,5891526,5891776,250,completed,-12
Greedy,7631,3658959723,5891626,5891880,254,completed,-12
Greedy,7632,3658959723,5891726,5891984,258,completed,-12
Greedy,7633,3658959723,5891826,5892086,260,completed,-12
Greedy,7634,3658959723,5891926,5892188,262,completed,-12
Greedy,7635,3658959723,5892026,5892291,265,completed,-12
Greedy,7636,3658959723,5892126,5892394,268,completed,-12
Greedy,7637,3658959723,5892226,5892496,270,completed,-12
Greedy,7638,3658959723,5892326,5892676,350,completed,-12
Greedy,7639,3658959723,5892521,5892778,257,completed,-12
Greedy,7640,3658959723,5892621,5892880,259,completed,-11
Greedy,7641,3658959723,5892721,5892983,262,completed,-11
Greedy,7642,3658959723,5892821,5893086,265,completed,-11
Greedy,7643,3658959723,5892921,5893189,268,completed,-11
Greedy,7644,3658959723,5893021,5893292,271,completed,-11
Greedy,7645,3658959723,5893127,5893394,267,completed,-11
Greedy,7646,3658959723,5893227,5893497,270,completed,-11
Greedy,7647,3658959723,5893327,5893598,271,completed,-11
Greedy,7648,3658959723,5893530,5893701,171,completed,-11
Greedy,7649,3658959723,5893630,5893804,174,completed,-11
Greedy,7605,3658959723,5893716,5893907,191,completed,-11
Greedy,7650,3658959723,5893730,5894010,280,completed,-11
Greedy,7651,3658959723,5893830,5894113,283,completed,-11
Greedy,7652,3658959723,5893930,5894216,286,completed,-11
Greedy,7653,3658959723,5894030,5894319,289,completed,-11
Greedy,7654,3658959723,5894130,5894422,292,completed,-11
Greedy,7655,3658959723,5894230,5894524,294,completed,-11
Greedy,7656,3658959723,5894330,5894680,350,completed,-11
Greedy,7657,3658959723,5894525,5894783,258,completed,-11
Greedy,7658,3658959723,5894625,5894886,261,completed,-11
Greedy,7659,3658959723,5894725,5894989,264,completed,-11
Greedy,7660,3658959723,5894825,5895092,267,completed,-11
Greedy,7661,3658959723,5894925,5895195,270,completed,-11
Greedy,7662,3658959723,5895025,5895298,273,completed,-11
Greedy,7663,3658959723,5895132,5895401,269,completed,-11
Greedy,7664,3658959723,5895232,5895504,272,completed,-11
Greedy,7665,3658959723,5895332,5895682,350,completed,-11
Greedy,7666,3658959723,5895534,5895789,255,completed,-11
Greedy,7667,3658959723,5895634,5896006,372,completed,-11
Greedy,7668,3658959723,5895734,5896109,375,completed,-11
Greedy,7669,3658959723,5895834,5896212,378,completed,-11
Greedy,7670,3658959723,5895934,5896315,381,completed,-11
Greedy,7671,3658959723,5896034,5896418,384,completed,-11
Greedy,7672,3658959723,5896134,5896520,386,completed,-11
Greedy,7673,3658959723,5896234,5896621,387,completed,-11
Greedy,7674,3658959723,5896334,5896723,389,completed,-11
Greedy,7675,3658959723,5896529,5896826,297,completed,-12
Greedy,7676,3658959723,5896629,5896928,299,completed,-12
Greedy,7677,3658959723,5896729,5897031,302,completed,-12
Greedy,7678,3658959723,5896829,5897134,305,completed,-12
Greedy,7679,3658959723,5896929,5897237,308,completed,-12
Greedy,7680,3658959723,5897029,5897340,311,completed,-12
Greedy,7681,3658959723,5897129,5897443,314,completed,-12
Greedy,7682,3658959723,5897229,5897546,317,completed,-12
Greedy,7683,3658959723,5897329,5897684,355,completed,-12
Greedy,7684,3658959723,5897536,5897787,251,completed,-12
Greedy,7685,3658959723,5897636,5897893,257,completed,-12
Greedy,7686,3658959723,5897736,5897996,260,completed,-12
Greedy,7687,3658959723,5897836,5898099,263,completed,-12
Greedy,7688,3658959723,5897936,5898202,266,completed,-12
Greedy,7689,3658959723,5898036,5898305,269,completed,-12
Greedy,7690,3658959723,5898136,5898408,272,completed,-12
Greedy,7691,3658959723,5898236,5898510,274,completed,-12
Greedy,7692,3658959723,5898336,5898686,350,completed,-12
Greedy,7693,3658959723,5898531,5898941,410,completed,-12
Greedy,7694,3658959723,5898631,5899043,412,completed,-12
Greedy,7695,3658959723,5898731,5899144,413,completed,-12
Greedy,7696,3658959723,5898831,5899247,416,completed,-12
Greedy,7697,3658959723,5898931,5899350,419,completed,-12
Greedy,7698,3658959723,5899031,5899453,422,completed,-12
Greedy,7699,3658959723,5899131,5899556,425,completed,-12
Greedy,7700,3658959723,5899231,5899657,426,completed,-12
Greedy,7701,3658959723,5899331,5899759,428,completed,-12
Greedy,7702,3658959723,5899534,5899861,327,completed,-12
Greedy,7703,3658959723,5899634,5899964,330,completed,-12
Greedy,7704,3658959723,5899734,5900067,333,completed,-12
Greedy,7705,3658959723,5899834,5900170,336,completed,-12
Greedy,7706,3658959723,5899934,5900273,339,completed,-12
Greedy,7707,3658959723,5900034,5900376,342,completed,-12
Greedy,7708,3658959723,5900134,5900479,345,completed,-12
Greedy,7709,3658959723,5900234,5900582,348,completed,-12
Greedy,7710,3658959723,5900336,5900684,348,completed,-12
Greedy,7711,3658959723,5900534,5900786,252,completed,-12
Greedy,7712,3658959723,5902737,5903087,350,completed,-11
Greedy,7713,3658959723,5902939,5903189,250,completed,-11
Greedy,7714,3658959723,5903039,5903295,256,completed,-11
Greedy,7715,3658959723,5903139,5903398,259,completed,-11
Greedy,7716,3658959723,5903239,5903500,261,completed,-11
Greedy,7717,3658959723,5903339,5903603,264,completed,-11
Greedy,7718,3658959723,5903439,5903706,267,completed,-11
Greedy,7719,3658959723,5903539,5903808,269,completed,-11
Greedy,7720,3658959723,5903639,5903911,272,completed,-11
Greedy,7721,3658959723,5903739,5904012,273,completed,-11
Greedy,7722,3658959723,5903941,5904115,174,completed,-11
Greedy,7723,3658959723,5904041,5904218,177,completed,-11
Greedy,7724,3658959723,5904141,5904321,180,completed,-11
Greedy,7725,3658959723,5904241,5904424,183,completed,-11
Greedy,7726,3658959723,5904341,5904527,186,completed,-11
Greedy,7727,3658959723,5904441,5904630,189,completed,-11
Greedy,7728,3658959723,5904541,5904733,192,completed,-11
Greedy,7729,3658959723,5904641,5904836,195,completed,-12
Greedy,7730,3658959723,5904741,5905090,349,completed,-12
Greedy,7731,3658959723,5904943,5905193,250,completed,-12
Greedy,7732,3658959723,5905043,5905296,253,completed,-12
Greedy,7733,3658959723,5905143,5905400,257,completed,-12
Greedy,7734,3658959723,5905245,5905503,258,completed,-12
Greedy,7735,3658959723,5905345,5905606,261,completed,-12
Greedy,7736,3658959723,5905445,5905709,264,completed,-12
Greedy,7737,3658959723,5905545,5905812,267,completed,-12
Greedy,7738,3658959723,5905645,5905914,269,completed,-12
Greedy,7739,3658959723,5905937,5906094,157,completed,-12
Greedy,7740,3658959723,5906037,5906197,160,completed,-12
Greedy,7741,3658959723,5906137,5906300,163,completed,-12
Greedy,7742,3658959723,5906237,5906403,166,completed,-12
Greedy,7743,3658959723,5906337,5906506,169,completed,-12
Greedy,7744,3658959723,5906437,5906609,172,completed,-12
Greedy,7745,3658959723,5906537,5906712,175,completed,-12
Greedy,7746,3658959723,5906637,5906815,178,completed,-12
Greedy,7747,3658959723,5906740,5906918,178,completed,-12
Greedy,7748,3658959723,5906946,5907102,156,completed,-12
Greedy,7749,3658959723,5907046,5907205,159,completed,-12
Greedy,7750,3658959723,5907146,5907308,162,completed,-12
Greedy,7751,3658959723,5907246,5907411,165,completed,-12
Greedy,7752,3658959723,5907346,5907517,171,completed,-12
Greedy,7753,3658959723,5907446,5907620,174,completed,-12
Greedy,7754,3658959723,5907546,5907723,177,completed,-12
Greedy,7755,3658959723,5907646,5907825,179,completed,-12
Greedy,7756,3658959723,5907746,5908096,350,completed,-12
Greedy,7757,3658959723,5907941,5908212,271,completed,-12
Greedy,7758,3658959723,5908041,5908315,274,completed,-12
Greedy,7759,3658959723,5908141,5908417,276,completed,-12
Greedy,7760,3658959723,5908241,5908520,279,completed,-12
Greedy,7761,3658959723,5908341,5908623,282,completed,-12
Greedy,7762,3658959723,5908441,5908726,285,completed,-12
Greedy,7763,3658959723,5908541,5908829,288,completed,-12
Greedy,7764,3658959723,5908641,5908930,289,completed,-12
Greedy,7765,3658959723,5908742,5909032,290,completed,-12
Greedy,7766,3658959723,5908947,5909134,187,completed,-12
Greedy,7767,3658959723,5909047,5909236,189,completed,-12
Greedy,7768,3658959723,5909147,5909339,192,completed,-12
Greedy,7769,3658959723,5909247,5909442,195,completed,-12
Greedy,7770,3658959723,5909347,5909545,198,completed,-12
Greedy,7771,3658959723,5909447,5909648,201,completed,-12
Greedy,7772,3658959723,5909547,5909751,204,completed,-12
Greedy,7773,3658959723,5909647,5909854,207,completed,-12
Greedy,7774,3658959723,5909747,5909957,210,completed,-12
Greedy,7775,3658959723,5909948,5910107,159,completed,-12
Greedy,7776,3658959723,5910048,5910210,162,completed,-12
Greedy,7777,3658959723,5910148,5910313,165,completed,-12
Greedy,7778,3658959723,5910248,5910416,168,completed,-12
Greedy,7779,3658959723,5910348,5910519,171,completed,-12
Greedy,7780,3658959723,5910448,5910622,174,completed,-12
Greedy,7781,3658959723,5910548,5910725,177,completed,-12
Greedy,7782,3658959723,5910648,5910828,180,completed,-12
Greedy,7783,3658959723,5910749,5910929,180,completed,-12
Greedy,7784,3658959723,5910949,5911106,157,completed,-12
Greedy,7785,3658959723,5911049,5911207,158,completed,-12
Greedy,7786,3658959723,5911156,5911314,158,completed,-12
Greedy,7787,3658959723,5911256,5911416,160,completed,-12
Greedy,7788,3658959723,5911356,5911519,163,completed,-12
Greedy,7789,3658959723,5911456,5911621,165,completed,-12
Greedy,7790,3658959723,5911556,5911724,168,completed,-12
Greedy,7791,3658959723,5911656,5911827,171,completed,-12
Greedy,7792,3658959723,5911950,5912107,157,completed,-12
Greedy,7793,3658959723,5912050,5912209,159,completed,-12
Greedy,7794,3658959723,5912150,5912312,162,completed,-12
Greedy,7795,3658959723,5912250,5912415,165,completed,-12
Greedy,7796,3658959723,5912350,5912518,168,completed,-12
Greedy,7797,3658959723,5912450,5912621,171,completed,-12
Greedy,7798,3658959723,5912550,5912723,173,completed,-12
Greedy,7799,3658959723,5912650,5912826,176,completed,-12
Greedy,7800,3658959723,5912750,5913103,353,completed,-13
Greedy,7801,3658959723,5912956,5913206,250,completed,-13
Greedy,7802,3658959723,5913056,5913308,252,completed,-13
Greedy,7803,3658959723,5913158,5913414,256,completed,-13
Greedy,7804,3658959723,5913258,5913517,259,completed,-13
Greedy,7805,3658959723,5913358,5913620,262,completed,-13
Greedy,7806,3658959723,5913458,5913723,265,completed,-13
Greedy,7807,3658959723,5913558,5913826,268,completed,-13
Greedy,7808,3658959723,5913658,5913928,270,completed,-13
Greedy,7809,3658959723,5913948,5914104,156,completed,-13
Greedy,7810,3658959723,5914048,5914206,158,completed,-13
Greedy,7811,3658959723,5914148,5914309,161,completed,-13
Greedy,7812,3658959723,5914248,5914412,164,completed,-13
Greedy,7813,3658959723,5914348,5914515,167,completed,-13
Greedy,7814,3658959723,5914448,5914618,170,completed,-13
Greedy,7815,3658959723,5914548,5914721,173,completed,-13
Greedy,7816,3658959723,5914648,5914824,176,completed,-13
Greedy,7817,3658959723,5914749,5914927,178,completed,-12
Greedy,7818,3658959723,5914956,5915112,156,completed,-12
Greedy,7819,3658959723,5915056,5915215,159,completed,-12
Greedy,7820,3658959723,5915162,5915322,160,completed,-12
Greedy,7821,3658959723,5915262,5915425,163,completed,-12
Greedy,7822,3658959723,5915362,5915528,166,completed,-12
Greedy,7823,3658959723,5915462,5915631,169,completed,-12
Greedy,7824,3658959723,5915562,5915734,172,completed,-12
Greedy,7825,3658959723,5915662,5915837,175,completed,-12
Greedy,7826,3658959723,5915950,5916106,156,completed,-12
Greedy,7827,3658959723,5916050,5916286,236,completed,-12
Greedy,7828,3658959723,5916150,5916389,239,completed,-12
Greedy,7829,3658959723,5916250,5916492,242,completed,-12
Greedy,7830,3658959723,5916350,5916595,245,completed,-12
Greedy,7831,3658959723,5916451,5916698,247,completed,-12
Greedy,7832,3658959723,5916555,5916801,246,completed,-12
Greedy,7833,3658959723,5916658,5916904,246,completed,-10
Greedy,7834,3658959723,5916761,5917111,350,completed,-10
Greedy,7835,3658959723,5916963,5917214,251,completed,-10
Greedy,7836,3658959723,5917063,5917318,255,completed,-10
Greedy,7837,3658959723,5917163,5917420,257,completed,-10
Greedy,7838,3658959723,5917263,5917522,259,completed,-10
Greedy,7839,3658959723,5917363,5917625,262,completed,-10
Greedy,7840,3658959723,5917463,5917728,265,completed,-10
Greedy,7841,3658959723,5917563,5917831,268,completed,-10
Greedy,7842,3658959723,5917663,5917933,270,completed,-10
Greedy,7850,3037662008,5920788,5921272,484,completed,-33
Greedy,7851,3037662008,5920888,5921529,641,completed,-33
Greedy,7852,3037662008,5920988,5921632,644,completed,-33
Greedy,7853,3037662008,5921088,5921735,647,completed,-33
Greedy,7854,3037662008,5921385,5921838,453,completed,-33
Greedy,7855,3037662008,5921485,5921941,456,completed,-33
Greedy,7856,3037662008,5921585,5922044,459,completed,-33
Greedy,7857,3037662008,5921685,5922147,462,completed,-33
Greedy,7858,3037662008,5921785,5922250,465,completed,-33
Greedy,7859,3037662008,5921885,5922353,468,completed,-33
Greedy,7860,3037662008,5921985,5922455,470,completed,-33
Greedy,7861,3037662008,5922085,5922558,473,completed,-33
Greedy,7862,3037662008,5922185,5922661,476,completed,-33
Greedy,7843,3658959723,5917763,5918112,349,completed,-10
Greedy,7863,3037662008,5922388,5922764,376,completed,-33
Greedy,7864,3037662008,5922488,5922867,379,completed,-34
Greedy,7865,3037662008,5922588,5922969,381,completed,-34
Greedy,7866,3037662008,5922688,5923072,384,completed,-34
Greedy,7867,3037662008,5922788,5923175,387,completed,-34
Greedy,7868,3037662008,5922888,5923278,390,completed,-34
Greedy,7844,3658959723,5922962,5920314,4294964648,completed,-12
Greedy,7845,3658959723,5920180,5920661,481,completed,-12
Greedy,7846,3658959723,5920388,5921210,822,completed,-11
Greedy,7847,3658959723,5920488,5921532,1044,completed,-11
Greedy,7848,3658959723,5920588,5921634,1046,completed,-11
Greedy,7849,3658959723,5920688,5921760,1072,completed,-11
Greedy,7869,3037662008,5922988,5923483,495,completed,-34
Greedy,7871,3658959723,5923188,5923538,350,completed,-11
Greedy,7870,3037662008,5923088,5923585,497,completed,-34
Greedy,7872,3658959723,5923390,5923640,250,completed,-11
Greedy,7873,3658959723,5923490,5923747,257,completed,-11
Greedy,7874,3658959723,5923590,5923850,260,completed,-11
Greedy,7875,3658959723,5923690,5923952,262,completed,-11
Greedy,7876,3658959723,5923790,5924054,264,completed,-11
Greedy,7877,3658959723,5923890,5924156,266,completed,-11
Greedy,7878,3658959723,5923990,5924257,267,completed,-11
Greedy,7879,3658959723,5924090,5924358,268,completed,-11
Greedy,7880,3658959723,5924191,5924541,350,completed,-11
Greedy,7881,3658959723,5924393,5924644,251,completed,-11
Greedy,7882,3658959723,5924493,5924748,255,completed,-11
Greedy,7883,3658959723,5924593,5924851,258,completed,-12
Greedy,7884,3658959723,5924693,5924952,259,completed,-12
Greedy,7886,3037662008,5924893,5925044,151,completed,-34
Greedy,7887,3037662008,5924993,5925154,161,completed,-34
Greedy,7885,3658959723,5924793,5925053,260,completed,-12
Greedy,7888,3037662008,5925093,5925257,164,completed,-34
Greedy,7889,3037662008,5925193,5925537,344,completed,-34
Greedy,7890,3037662008,5925393,5925646,253,completed,-34
Greedy,7891,3037662008,5925493,5925749,256,completed,-34
Greedy,7892,3037662008,5925593,5925852,259,completed,-34
Greedy,7893,3037662008,5925693,5925955,262,completed,-34
Greedy,7894,3037662008,5925793,5926058,265,completed,-34
Greedy,7895,3037662008,5925893,5926161,268,completed,-34
Greedy,7896,3037662008,5925993,5926264,271,completed,-34
Greedy,7897,3037662008,5926093,5926367,274,completed,-34
Greedy,7898,3037662008,5926193,5926469,276,completed,-34
Greedy,7899,3037662008,5926394,5926571,177,completed,-34
Greedy,7900,3037662008,5926494,5926674,180,completed,-34
Greedy,7901,3037662008,5926594,5926777,183,completed,-34
Greedy,7903,3658959723,5926794,5926949,155,completed,-11
Greedy,7904,3658959723,5926894,5927057,163,completed,-11
Greedy,7905,3658959723,5926994,5927159,165,completed,-11
Greedy,7906,3658959723,5927094,5927262,168,completed,-11
Greedy,7902,3037662008,5926694,5926880,186,completed,-39
Greedy,7907,3658959723,5927194,5927541,347,completed,-11
Greedy,7908,3658959723,5927400,5927644,244,completed,-11
Greedy,7909,3658959723,5927500,5927747,247,completed,-11
Greedy,7910,3658959723,5927600,5927850,250,completed,-11
Greedy,7911,3658959723,5927700,5927956,256,completed,-11
Greedy,7912,3658959723,5927800,5928059,259,completed,-11
Greedy,7913,3658959723,5927900,5928162,262,completed,-11
Greedy,7914,3658959723,5928000,5928265,265,completed,-11
Greedy,7915,3658959723,5928100,5928368,268,completed,-11
Greedy,7916,3658959723,5928397,5928552,155,completed,-11
Greedy,7917,3658959723,5928497,5928668,171,completed,-11
Greedy,7918,3658959723,5928597,5928771,174,completed,-11
Greedy,7919,3658959723,5928697,5928874,177,completed,-12
Greedy,7920,3658959723,5928797,5928977,180,completed,-12
Greedy,7921,3037662008,5928897,5929048,151,completed,-34
Greedy,7922,3037662008,5928997,5929166,169,completed,-34
Greedy,7923,3037662008,5929097,5929269,172,completed,-34
Greedy,7924,3037662008,5929197,5929544,347,completed,-34
Greedy,7925,3037662008,5929393,5929647,254,completed,-34
Greedy,7926,3037662008,5929493,5929750,257,completed,-34
Greedy,7927,3037662008,5929593,5929853,260,completed,-34
Greedy,7928,3037662008,5929693,5929956,263,completed,-34
Greedy,7929,3037662008,5929793,5930059,266,completed,-34
Greedy,7930,3037662008,5929893,5930162,269,completed,-34
Greedy,7931,3037662008,5929993,5930265,272,completed,-34
Greedy,7932,3037662008,5930093,5930368,275,completed,-34
Greedy,7933,3037662008,5930194,5930544,350,completed,-34
Greedy,7934,3037662008,5930398,5930647,249,completed,-34
Greedy,7935,3037662008,5930498,5930750,252,completed,-34
Greedy,7938,3658959723,5930798,5930953,155,completed,-11
Greedy,7936,3037662008,5930598,5930853,255,completed,-32
Greedy,7939,3658959723,5930898,5931056,158,completed,-11
Greedy,7940,3658959723,5930998,5931159,161,completed,-11
Greedy,7941,3658959723,5931098,5931262,164,completed,-11
Greedy,7937,3037662008,5930698,5930955,257,completed,-32
Greedy,7942,3658959723,5931198,5931365,167,completed,-11
Greedy,7943,3658959723,5931403,5931562,159,completed,-11
Greedy,7944,3658959723,5931503,5931664,161,completed,-11
Greedy,7945,3658959723,5931603,5931767,164,completed,-11
Greedy,7946,3658959723,5931703,5931869,166,completed,-11
Greedy,7947,3658959723,5931803,5931972,169,completed,-11
Greedy,7948,3658959723,5931903,5932074,171,completed,-11
Greedy,7949,3658959723,5932003,5932176,173,completed,-11
Greedy,7950,3658959723,5932103,5932279,176,completed,-11
Greedy,7951,3658959723,5932398,5932554,156,completed,-11
Greedy,7952,3658959723,5932498,5932657,159,completed,-11
Greedy,7953,3658959723,5932598,5932760,162,completed,-11
Greedy,7955,3037662008,5932798,5932948,150,completed,-35
Greedy,7954,3658959723,5932698,5932863,165,completed,-12
Greedy,7956,3037662008,5932898,5933057,159,completed,-35
Greedy,7957,3037662008,5932998,5933160,162,completed,-35
Greedy,7958,3037662008,5933098,5933263,165,completed,-35
Greedy,7959,3037662008,5933198,5933366,168,completed,-35
Greedy,7960,3037662008,5933401,5933555,154,completed,-35
Greedy,7961,3037662008,5933501,5933658,157,completed,-35
Greedy,7962,3037662008,5933601,5933761,160,completed,-35
Greedy,7963,3037662008,5933701,5933864,163,completed,-35
Greedy,7964,3037662008,5933801,5933967,166,completed,-35
Greedy,7965,3037662008,5933901,5934070,169,completed,-35
Greedy,7966,3037662008,5934001,5934173,172,completed,-35
Greedy,7967,3037662008,5934101,5934276,175,completed,-35
Greedy,7968,3037662008,5934201,5934547,346,completed,-35
Greedy,7969,3037662008,5934403,5934650,247,completed,-35
Greedy,7970,3037662008,5934503,5934757,254,completed,-35
Greedy,7973,3658959723,5934803,5934957,154,completed,-11
Greedy,7974,3658959723,5934903,5935066,163,completed,-11
Greedy,7975,3658959723,5935003,5935169,166,completed,-11
Greedy,7976,3658959723,5935103,5935272,169,completed,-11
Greedy,7971,3037662008,5934603,5934860,257,completed,-39
Greedy,7977,3658959723,5935203,5935553,350,completed,-11
Greedy,7972,3037662008,5934703,5934962,259,completed,-39
Greedy,7978,3658959723,5935401,5937752,2351,completed,-11
Greedy,7979,3658959723,5937613,5938073,460,completed,-11
Greedy,7980,3658959723,5937815,5938196,381,completed,-11
Greedy,7981,3658959723,5937915,5938299,384,completed,-11
Greedy,7982,3658959723,5938015,5938402,387,completed,-11
Greedy,7983,3658959723,5938115,5938505,390,completed,-11
Greedy,7984,3658959723,5938215,5938608,393,completed,-11
Greedy,7985,3658959723,5938315,5938711,396,completed,-11
Greedy,7986,3658959723,5938415,5938814,399,completed,-11
Greedy,7990,3037662008,5938918,5939068,150,completed,-33
Greedy,7987,3658959723,5938515,5938916,401,completed,-12
Greedy,7988,3658959723,5938615,5939018,403,completed,-12
Greedy,7991,3037662008,5939018,5939180,162,completed,-33
Greedy,7992,3037662008,5939126,5939283,157,completed,-33
Greedy,7993,3037662008,5939226,5939386,160,completed,-33
Greedy,7989,3658959723,5938818,5939119,301,completed,-12
Greedy,7994,3037662008,5939326,5939510,184,completed,-33
Greedy,7995,3037662008,5939426,5939613,187,completed,-33
Greedy,7996,3037662008,5939526,5939716,190,completed,-33
Greedy,7997,3037662008,5939816,5939968,152,completed,-33
Greedy,7998,3037662008,5939916,5940071,155,completed,-33
Greedy,7999,3037662008,5940016,5940174,158,completed,-33
Greedy,8000,3037662008,5940116,5940277,161,completed,-33
Greedy,8001,3037662008,5940216,5940380,164,completed,-33
Greedy,8002,3037662008,5940316,5940483,167,completed,-33
Greedy,8003,3037662008,5940416,5940586,170,completed,-33
Greedy,8004,3037662008,5940516,5940689,173,completed,-33
Greedy,8005,3037662008,5940616,5940792,176,completed,-33
Greedy,8006,3658959723,5940820,5940977,157,completed,-11
Greedy,8007,3658959723,5940920,5941080,160,completed,-11
Greedy,8008,3658959723,5941020,5941183,163,completed,-11
Greedy,8009,3658959723,5941120,5941286,166,completed,-11
Greedy,8010,3658959723,5941220,5941389,169,completed,-11
Greedy,8011,3658959723,5941320,5941491,171,completed,-11
Greedy,8012,3658959723,5941420,5941594,174,completed,-11
Greedy,8013,3658959723,5941520,5941697,177,completed,-11
Greedy,8014,3658959723,5941620,5941968,348,completed,-11
Greedy,8015,3658959723,5941820,5942071,251,completed,-11
Greedy,8016,3658959723,5941920,5942174,254,completed,-11
Greedy,8017,3658959723,5942020,5942281,261,completed,-11
Greedy,8018,3658959723,5942120,5942384,264,completed,-11
Greedy,8019,3658959723,5942220,5942487,267,completed,-11
Greedy,8020,3658959723,5942320,5942590,270,completed,-11
Greedy,8021,3658959723,5942420,5942693,273,completed,-11
Greedy,8022,3658959723,5942520,5942796,276,completed,-11
Greedy,8023,3658959723,5942620,5942897,277,completed,-11
Greedy,8025,3037662008,5942922,5943074,152,completed,-32
Greedy,8026,3037662008,5943022,5943176,154,completed,-32
Greedy,8024,3658959723,5942822,5942999,177,completed,-11
Greedy,8027,3037662008,5943122,5943279,157,completed,-32
Greedy,8028,3037662008,5943222,5943382,160,completed,-32
Greedy,8029,3037662008,5943322,5943485,163,completed,-32
Greedy,8030,3037662008,5943422,5943588,166,completed,-32
Greedy,8031,3037662008,5943522,5943691,169,completed,-32
Greedy,8032,3037662008,5943622,5943967,345,completed,-32
Greedy,8033,3037662008,5943823,5944083,260,completed,-32
Greedy,8034,3037662008,5943923,5944186,263,completed,-32
Greedy,8035,3037662008,5944023,5944289,266,completed,-32
Greedy,8036,3037662008,5944123,5944392,269,completed,-32
Greedy,8037,3037662008,5944223,5944495,272,completed,-32
Greedy,8038,3037662008,5944323,5944598,275,completed,-32
Greedy,8039,3037662008,5944423,5944701,278,completed,-32
Greedy,8040,3037662008,5944523,5944804,281,completed,-36
Greedy,8041,3037662008,5944623,5944972,349,completed,-36
Greedy,8042,3658959723,5944826,5944985,159,completed,-11
Greedy,8043,3658959723,5944926,5945094,168,completed,-11
Greedy,8044,3658959723,5945026,5945197,171,completed,-11
Greedy,8045,3658959723,5945126,5945300,174,completed,-11
Greedy,8046,3658959723,5945226,5945403,177,completed,-11
Greedy,8047,3658959723,5945326,5945506,180,completed,-11
Greedy,8048,3658959723,5945426,5945609,183,completed,-11
Greedy,8049,3658959723,5945526,5945711,185,completed,-11
Greedy,8050,3658959723,5945626,5945975,349,completed,-11
Greedy,8051,3658959723,5945826,5946085,259,completed,-11
Greedy,8052,3658959723,5945926,5946188,262,completed,-11
Greedy,8053,3658959723,5946026,5946291,265,completed,-11
Greedy,8054,3658959723,5946126,5946394,268,completed,-11
Greedy,8055,3658959723,5946226,5946497,271,completed,-11
Greedy,8056,3658959723,5946326,5946600,274,completed,-11
Greedy,8057,3658959723,5946426,5946703,277,completed,-11
Greedy,8058,3658959723,5946526,5946806,280,completed,-11
Greedy,8059,3658959723,5946626,5946984,358,completed,-13
Greedy,8060,3658959723,5946831,5947087,256,completed,-13
Greedy,8061,3658959723,5946931,5947190,259,completed,-13
Greedy,8062,3658959723,5947031,5947298,267,completed,-13
Greedy,8063,3658959723,5947131,5947401,270,completed,-13
Greedy,8064,3658959723,5947231,5947504,273,completed,-13
Greedy,8065,3658959723,5947331,5947607,276,completed,-13
Greedy,8066,3658959723,5947431,5947710,279,completed,-13
Greedy,8067,3658959723,5947531,5947813,282,completed,-13
Greedy,8068,3658959723,5947827,5947982,155,completed,-13
Greedy,8069,3658959723,5947927,5948091,164,completed,-13
Greedy,8070,3658959723,5948027,5948200,173,completed,-13
Greedy,8071,3658959723,5948127,5948303,176,completed,-13
Greedy,8072,3658959723,5948227,5948406,179,completed,-13
Greedy,8073,3658959723,5948327,5948509,182,completed,-13
Greedy,8074,3658959723,5948427,5948612,185,completed,-13
Greedy,8075,3658959723,5948527,5948715,188,completed,-13
Greedy,8076,3658959723,5948627,5948818,191,completed,-13
Greedy,8077,3658959723,5948829,5948987,158,completed,-11
Greedy,8078,3658959723,5948929,5949090,161,completed,-11
Greedy,8079,3658959723,5949029,5949192,163,completed,-11
Greedy,8080,3658959723,5949129,5949295,166,completed,-11
Greedy,8081,3658959723,5949229,5949398,169,completed,-11
Greedy,8082,3658959723,5949329,5949501,172,completed,-11
Greedy,8083,3658959723,5949429,5949604,175,completed,-11
Greedy,8084,3658959723,5949529,5949707,178,completed,-11
Greedy,8085,3658959723,5949629,5949810,181,completed,-11
Greedy,8086,3658959723,5949830,5949988,158,completed,-11
Greedy,8087,3658959723,5949930,5950091,161,completed,-11
Greedy,8088,3658959723,5950030,5950194,164,completed,-11
Greedy,8089,3658959723,5950130,5950297,167,completed,-11
Greedy,8090,3658959723,5950230,5950399,169,completed,-11
Greedy,8091,3658959723,5950330,5950501,171,completed,-11
Greedy,8092,3658959723,5950430,5950604,174,completed,-11
Greedy,8093,3658959723,5950530,5950707,177,completed,-11
Greedy,8094,3658959723,5950630,5950810,180,completed,-11
Greedy,8095,3658959723,5950833,5950990,157,completed,-12
Greedy,8096,3658959723,5950933,5951093,160,completed,-12
Greedy,8097,3658959723,5951033,5951196,163,completed,-12
Greedy,8098,3658959723,5951133,5951299,166,completed,-12
Greedy,8099,3658959723,5951233,5951402,169,completed,-12
Greedy,8100,3658959723,5951333,5951505,172,completed,-12
Greedy,8101,3658959723,5951433,5951608,175,completed,-12
Greedy,8102,3658959723,5951533,5951711,178,completed,-12
Greedy,8103,3658959723,5951633,5951981,348,completed,-12
Greedy,8104,3658959723,5951833,5952089,256,completed,-12
Greedy,8112,3658959723,5952633,5952912,279,completed,-12
Greedy,8113,3658959723,5952835,5953014,179,completed,-12
Greedy,8114,3658959723,5955038,5955424,386,completed,-11
Greedy,8121,3658959723,5955842,5955996,154,completed,-11
Greedy,8122,3658959723,5955942,5956161,219,completed,-11
Greedy,8123,3658959723,5956042,5956395,353,completed,-11
Greedy,8105,3658959723,5951933,5952192,259,completed,-12
Greedy,8106,3658959723,5952033,5952295,262,completed,-12
Greedy,8107,3658959723,5952133,5952398,265,completed,-12
Greedy,8108,3658959723,5952233,5952501,268,completed,-12
Greedy,8109,3658959723,5952333,5952604,271,completed,-12
Greedy,8110,3658959723,5952433,5952707,274,completed,-12
Greedy,8111,3658959723,5952533,5952810,277,completed,-12
Greedy,8124,3658959723,5956239,5956498,259,completed,-11
Greedy,8125,3658959723,5956339,5956600,261,completed,-11
Greedy,8126,3658959723,5956439,5956703,264,completed,-11
Greedy,8127,3658959723,5956539,5956805,266,completed,-11
Greedy,8128,3658959723,5956639,5956908,269,completed,-13
Greedy,8129,3658959723,5956739,5957011,272,completed,-13
Greedy,8130,3658959723,5956839,5957114,275,completed,-13
Greedy,8131,3658959723,5956939,5957216,277,completed,-13
Greedy,8132,3658959723,5957039,5957317,278,completed,-13
Greedy,8133,3658959723,5957252,5957420,168,completed,-13
Greedy,8134,3658959723,5957352,5957523,171,completed,-13
Greedy,8135,3658959723,5957452,5957626,174,completed,-13
Greedy,8136,3658959723,5957552,5957729,177,completed,-13
Greedy,8137,3658959723,5957652,5957832,180,completed,-13
Greedy,8138,3658959723,5957752,5957935,183,completed,-13
Greedy,8139,3658959723,5957852,5958038,186,completed,-13
Greedy,8140,3658959723,5957952,5958141,189,completed,-13
Greedy,8141,3658959723,5958249,5958405,156,completed,-13
Greedy,8142,3658959723,5958352,5958511,159,completed,-13
Greedy,8143,3658959723,5958452,5958614,162,completed,-13
Greedy,8144,3658959723,5958552,5958716,164,completed,-13
Greedy,8115,3037662008,5955242,5955453,211,completed,-32
Greedy,8145,3658959723,5958652,5958819,167,completed,-13
Greedy,8116,3037662008,5955342,5955555,213,completed,-32
Greedy,8117,3037662008,5955442,5955713,271,completed,-32
Greedy,8118,3037662008,5955542,5955987,445,completed,-32
Greedy,8119,3037662008,5955642,5956387,745,completed,-32
Greedy,8120,3037662008,5955742,5956537,795,completed,-32
Greedy,8149,3658959723,5959053,5959402,349,completed,-12
Greedy,8150,3658959723,5959258,5959510,252,completed,-12
Greedy,8151,3658959723,5959362,5959613,251,completed,-12
Greedy,8152,3658959723,5959462,5959717,255,completed,-12
Greedy,8153,3658959723,5959562,5959820,258,completed,-12
Greedy,8146,3037662008,5958752,5958904,152,completed,-35
Greedy,8154,3658959723,5959662,5959922,260,completed,-12
Greedy,8155,3658959723,5959762,5960024,262,completed,-12
Greedy,8156,3658959723,5959862,5960127,265,completed,-12
Greedy,8147,3037662008,5958852,5959006,154,completed,-35
Greedy,8157,3658959723,5959962,5960229,267,completed,-12
Greedy,8158,3658959723,5960259,5960451,192,completed,-12
Greedy,8159,3658959723,5960359,5960554,195,completed,-12
Greedy,8148,3037662008,5958952,5959110,158,completed,-35
Greedy,8160,3658959723,5960459,5960657,198,completed,-12
Greedy,8161,3658959723,5960559,5960760,201,completed,-12
Greedy,8164,3037662008,5960859,5961011,152,completed,-34
Greedy,8162,3658959723,5960659,5960863,204,completed,-12
Greedy,8165,3037662008,5960959,5961114,155,completed,-34
Greedy,8163,3658959723,5960759,5960965,206,completed,-12
Greedy,8166,3037662008,5961257,5961408,151,completed,-34
Greedy,8167,3037662008,5961357,5961517,160,completed,-34
Greedy,8168,3037662008,5961457,5961620,163,completed,-34
Greedy,8169,3037662008,5961557,5961723,166,completed,-34
Greedy,8170,3037662008,5961657,5961826,169,completed,-34
Greedy,8171,3037662008,5961757,5961929,172,completed,-34
Greedy,8172,3037662008,5961857,5962032,175,completed,-34
Greedy,8173,3037662008,5961957,5962135,178,completed,-34
Greedy,8174,3037662008,5962057,5962403,346,completed,-34
Greedy,8175,3037662008,5962261,5962506,245,completed,-34
Greedy,8176,3037662008,5962361,5962612,251,completed,-34
Greedy,8177,3037662008,5962461,5962715,254,completed,-34
Greedy,8178,3037662008,5962561,5962818,257,completed,-38
Greedy,8179,3037662008,5962661,5962921,260,completed,-38
Greedy,8181,3658959723,5962861,5963016,155,completed,-12
Greedy,8180,3037662008,5962761,5963024,263,completed,-38
Greedy,8182,3658959723,5962961,5963126,165,completed,-12
Greedy,8183,3658959723,5963267,5963424,157,completed,-12
Greedy,8184,3658959723,5963367,5963527,160,completed,-12
Greedy,8185,3658959723,5963467,5963630,163,completed,-12
Greedy,8186,3658959723,5963567,5963733,166,completed,-12
Greedy,8187,3658959723,5963667,5963836,169,completed,-12
Greedy,8188,3658959723,5963767,5963939,172,completed,-12
Greedy,8189,3658959723,5963867,5964042,175,completed,-12
Greedy,8190,3658959723,5963967,5964145,178,completed,-12
Greedy,8191,3658959723,5964263,5964422,159,completed,-12
Greedy,8192,3658959723,5964363,5964525,162,completed,-12
Greedy,8193,3658959723,5964463,5964628,165,completed,-12
Greedy,8194,3658959723,5964563,5964730,167,completed,-12
Greedy,8195,3658959723,5964663,5964833,170,completed,-12
Greedy,8196,3658959723,5964763,5964936,173,completed,-12
Greedy,8198,3037662008,5964963,5965113,150,completed,-36
Greedy,8197,3658959723,5964863,5965037,174,completed,-12
Greedy,8199,3037662008,5965266,5965487,221,completed,-36
Greedy,8200,3037662008,5965366,5965590,224,completed,-36
Greedy,8201,3037662008,5965466,5965693,227,completed,-36
Greedy,8202,3037662008,5965566,5965796,230,completed,-36
Greedy,8203,3037662008,5965666,5965899,233,completed,-36
Greedy,8204,3037662008,5965766,5966002,236,completed,-36
Greedy,8205,3037662008,5965866,5966105,239,completed,-36
Greedy,8206,3037662008,5965966,5966208,242,completed,-36
Greedy,8207,3037662008,5966260,5966436,176,completed,-36
Greedy,8208,3037662008,5966360,5966539,179,completed,-36
Greedy,8209,3037662008,5966460,5966642,182,completed,-36
Greedy,8210,3037662008,5966560,5966745,185,completed,-36
Greedy,8211,3037662008,5966660,5966848,188,completed,-36
Greedy,8213,3658959723,5966860,5967015,155,completed,-11
Greedy,8212,3037662008,5966760,5966951,191,completed,-36
Greedy,8214,3658959723,5966960,5967118,158,completed,-11
Greedy,8215,3658959723,5967060,5967414,354,completed,-11
Greedy,8216,3658959723,5967270,5967517,247,completed,-11
Greedy,8217,3658959723,5967373,5967620,247,completed,-11
Greedy,8218,3658959723,5967475,5967723,248,completed,-11
Greedy,8219,3658959723,5967579,5967826,247,completed,-11
Greedy,8220,3658959723,5967682,5967929,247,completed,-11
Greedy,8221,3658959723,5967785,5968032,247,completed,-11
Greedy,8222,3658959723,5967885,5968135,250,completed,-11
Greedy,8223,3658959723,5967985,5968238,253,completed,-11
Greedy,8224,3658959723,5968270,5968427,157,completed,-11
Greedy,8225,3658959723,5968370,5968536,166,completed,-11
Greedy,8226,3658959723,5968470,5968639,169,completed,-11
Greedy,8227,3658959723,5968570,5968742,172,completed,-11
Greedy,8228,3658959723,5968670,5968845,175,completed,-11
Greedy,8230,3037662008,5968870,5969023,153,completed,-36
Greedy,8229,3658959723,5968770,5968947,177,completed,-12
Greedy,8231,3037662008,5968970,5969126,156,completed,-36
Greedy,8232,3037662008,5969270,5969421,151,completed,-36
Greedy,8233,3037662008,5969374,5969530,156,completed,-36
Greedy,8234,3037662008,5969474,5969638,164,completed,-36
Greedy,8235,3037662008,5969574,5969741,167,completed,-36
Greedy,8236,3037662008,5969674,5969844,170,completed,-36
Greedy,8237,3037662008,5969774,5969947,173,completed,-36
Greedy,8238,3037662008,5969874,5970050,176,completed,-36
Greedy,8241,3658959723,5972469,5972817,348,completed,-11
Greedy,8242,3658959723,5972666,5972925,259,completed,-13
Greedy,8243,3658959723,5972766,5973028,262,completed,-13
Greedy,8253,3658959723,5973867,5974023,156,completed,-13
Greedy,8254,3658959723,5973967,5974126,159,completed,-13
Greedy,8255,3658959723,5974067,5974229,162,completed,-13
Greedy,8256,3658959723,5974167,5974332,165,completed,-13
Greedy,8257,3658959723,5974267,5974435,168,completed,-13
Greedy,8258,3658959723,5974367,5974538,171,completed,-13
Greedy,8259,3658959723,5974467,5974641,174,completed,-13
Greedy,8260,3658959723,5974675,5974835,160,completed,-13
Greedy,8261,3658959723,5974775,5974938,163,completed,-12
Greedy,8262,3658959723,5974875,5975040,165,completed,-12
Greedy,8263,3658959723,5974976,5975142,166,completed,-12
Greedy,8239,3658959723,5974978,5975245,267,completed,-12
Greedy,8264,3658959723,5975076,5975348,272,completed,-12
Greedy,8265,3658959723,5975176,5975451,275,completed,-12
Greedy,8240,3658959723,5975268,5975554,286,completed,-12
Greedy,8266,3658959723,5975276,5975656,380,completed,-12
Greedy,8267,3658959723,5975376,5975757,381,completed,-12
Greedy,8268,3658959723,5975668,5975858,190,completed,-12
Greedy,8269,3658959723,5975768,5976009,241,completed,-12
Greedy,8270,3658959723,5975869,5976112,243,completed,-12
Greedy,8271,3658959723,5975969,5976215,246,completed,-12
Greedy,8272,3658959723,5976072,5976318,246,completed,-12
Greedy,8244,3037662008,5972866,5973161,295,completed,-37
Greedy,8245,3037662008,5972966,5973437,471,completed,-37
Greedy,8273,3658959723,5976172,5976421,249,completed,-12
Greedy,8246,3037662008,5973066,5973816,750,completed,-37
Greedy,8247,3037662008,5973166,5973918,752,completed,-37
Greedy,8248,3037662008,5973266,5974020,754,completed,-37
Greedy,8249,3037662008,5973366,5974237,871,completed,-37
Greedy,8250,3037662008,5973466,5974486,1020,completed,-37
Greedy,8279,3658959723,5976869,5977025,156,completed,-12
Greedy,8251,3037662008,5973667,5974829,1162,completed,-33
Greedy,SUMMARY,ALL,0,0,120000,batch_complete,0
----------------,---,---,---,---,---,----------------,---
Greedy,8280,3658959723,5976969,5977128,159,completed,-12
Greedy,8252,3037662008,5973767,5974930,1163,completed,-33
Greedy,8274,3037662008,5976272,5976435,163,completed,-33
Greedy,8275,3037662008,5976372,5976537,165,completed,-33
Greedy,8276,3037662008,5976472,5976823,351,completed,-32
Greedy,8277,3037662008,5976669,5976924,255,completed,-32
Greedy,8278,3037662008,5976769,5977026,257,completed,-32
Greedy,8281,3658959723,5984873,5985048,175,completed,-11
Greedy,8282,3658959723,5984973,5985151,178,completed,-11
Greedy,8283,3658959723,5985073,5985254,181,completed,-11
Greedy,8284,3658959723,5985173,5985357,184,completed,-11
Greedy,8285,3658959723,5985273,5985460,187,completed,-11
Greedy,8286,3658959723,5985373,5985563,190,completed,-11
Greedy,8287,3658959723,5985473,5985666,193,completed,-11
Greedy,8288,3658959723,5985681,5985841,160,completed,-11
Greedy,8289,3658959723,5985781,5985944,163,completed,-11
Greedy,8290,3658959723,5985881,5986047,166,completed,-11
Greedy,8291,3658959723,5985981,5986150,169,completed,-11
Greedy,8292,3658959723,5986081,5986253,172,completed,-11
Greedy,8293,3658959723,5986181,5986356,175,completed,-11
Greedy,8294,3658959723,5986281,5986459,178,completed,-11
Greedy,8295,3658959723,5986381,5986562,181,completed,-11
Greedy,8296,3658959723,5986481,5986665,184,completed,-11
Greedy,8297,3658959723,5986685,5986840,155,completed,-11
Greedy,8298,3658959723,5986785,5986950,165,completed,-13
Greedy,8299,3037662008,5986885,5987037,152,completed,-33
Greedy,8300,3037662008,5986985,5987146,161,completed,-33
Greedy,8301,3037662008,5987085,5987256,171,completed,-33
Greedy,8302,3037662008,5987185,5987359,174,completed,-33
Greedy,8303,3037662008,5987285,5987462,177,completed,-33
Greedy,8304,3037662008,5987385,5987565,180,completed,-33
Greedy,8305,3037662008,5987485,5987833,348,completed,-33
Greedy,8306,3037662008,5987688,5987936,248,completed,-33
Greedy,8307,3037662008,5989892,5990238,346,completed,-33
Greedy,8308,3037662008,5990094,5990361,267,completed,-33
Greedy,8309,3037662008,5990194,5990637,443,completed,-33
Greedy,8311,3658959723,5990394,5990706,312,completed,-11
Greedy,8312,3658959723,5990498,5990815,317,completed,-11
Greedy,8313,3658959723,5990598,5990925,327,completed,-13
Greedy,8314,3658959723,5990698,5991028,330,completed,-13
Greedy,8310,3037662008,5990294,5990739,445,completed,-33
Greedy,8315,3658959723,5990798,5991131,333,completed,-13
Greedy,8316,3037662008,5991097,5991252,155,completed,-30
Greedy,8317,3037662008,5991197,5991355,158,completed,-30
Greedy,8318,3037662008,5991297,5991458,161,completed,-30
Greedy,8319,3037662008,5991397,5991561,164,completed,-30
Greedy,8320,3037662008,5991497,5991664,167,completed,-30
Greedy,8321,3037662008,5991597,5991767,170,completed,-30
Greedy,8322,3037662008,5991697,5991870,173,completed,-30
Greedy,8323,3037662008,5991797,5991973,176,completed,-30
Greedy,8324,3037662008,5992090,5992435,345,completed,-30
Greedy,8325,3037662008,5992190,5992545,355,completed,-30
Greedy,8326,3037662008,5992290,5992648,358,completed,-30
Greedy,8327,3037662008,5992390,5992751,361,completed,-30
Greedy,8328,3037662008,5992490,5992854,364,completed,-32
Greedy,8331,3658959723,5992790,5992946,156,completed,-10
Greedy,8329,3037662008,5992590,5992956,366,completed,-32
Greedy,8332,3658959723,5992890,5993048,158,completed,-10
Greedy,8330,3037662008,5992690,5993059,369,completed,-32
Greedy,8333,3658959723,5993097,5993258,161,completed,-10
Greedy,8334,3658959723,5993197,5993361,164,completed,-10
Greedy,8335,3658959723,5993297,5993463,166,completed,-10
Greedy,8336,3658959723,5993397,5993566,169,completed,-10
Greedy,8337,3658959723,5993497,5993669,172,completed,-10
Greedy,8338,3658959723,5993597,5993772,175,completed,-10
Greedy,8339,3658959723,5993697,5993875,178,completed,-10
Greedy,8340,3658959723,5993797,5993978,181,completed,-10
Greedy,8341,3658959723,5993898,5994248,350,completed,-10
Greedy,8342,3658959723,5994100,5994357,257,completed,-10
Greedy,8343,3658959723,5994200,5994460,260,completed,-10
Greedy,8344,3658959723,5994300,5994563,263,completed,-10
Greedy,8345,3658959723,5994400,5994665,265,completed,-10
Greedy,8346,3658959723,5994500,5994768,268,completed,-10
Greedy,8349,3037662008,5994800,5994951,151,completed,-30
Greedy,8350,3037662008,5994900,5995246,346,completed,-30
Greedy,8351,3037662008,5995101,5995356,255,completed,-30
Greedy,8347,3658959723,5994600,5994871,271,completed,-12
Greedy,8348,3658959723,5994700,5994972,272,completed,-12
Greedy,8352,3037662008,5995201,5995459,258,completed,-30
Greedy,8353,3037662008,5995301,5995562,261,completed,-30
Greedy,8354,3037662008,5995401,5995665,264,completed,-30
Greedy,8355,3037662008,5995501,5995768,267,completed,-30
Greedy,8356,3037662008,5995601,5995871,270,completed,-30
Greedy,8357,3037662008,5995701,5995974,273,completed,-30
Greedy,8358,3037662008,5995801,5996077,276,completed,-30
Greedy,8359,3037662008,5995901,5996247,346,completed,-30
Greedy,8360,3037662008,5996103,5996350,247,completed,-30
Greedy,8361,3037662008,5996203,5996457,254,completed,-30
Greedy,8362,3037662008,5996303,5996560,257,completed,-30
Greedy,8363,3037662008,5996403,5996663,260,completed,-30
Greedy,8364,3037662008,5996503,5996766,263,completed,-30
Greedy,8365,3037662008,5996603,5996869,266,completed,-31
Greedy,8366,3037662008,5996703,5996972,269,completed,-31
Greedy,8367,3037662008,5996803,5997075,272,completed,-31
Greedy,8368,3658959723,5996903,5997251,348,completed,-11
Greedy,8369,3658959723,5997103,5997360,257,completed,-11
Greedy,8370,3658959723,5997203,5997462,259,completed,-11
Greedy,8371,3658959723,5997303,5997564,261,completed,-11
Greedy,8372,3658959723,5997403,5997667,264,completed,-11
Greedy,8373,3658959723,5997503,5997770,267,completed,-11
Greedy,8374,3658959723,5997603,5997873,270,completed,-11
Greedy,8375,3658959723,5997703,5997976,273,completed,-11
Greedy,8376,3658959723,5997803,5998079,276,completed,-11
Greedy,8377,3658959723,5997903,5998254,351,completed,-11
Greedy,8378,3658959723,5998107,5998483,376,completed,-11
Greedy,8379,3658959723,5998207,5998586,379,completed,-11
Greedy,8380,3658959723,5998307,5998689,382,completed,-11
Greedy,8381,3658959723,5998407,5998792,385,completed,-11
Greedy,8382,3658959723,5998507,5998895,388,completed,-13
Greedy,8383,3658959723,5998607,5998996,389,completed,-13
Greedy,8386,3037662008,5999098,5999258,160,completed,-33
Greedy,8387,3037662008,5999198,5999367,169,completed,-33
Greedy,8384,3658959723,5998707,5999098,391,completed,-13
Greedy,8385,3658959723,5998807,5999199,392,completed,-13
Greedy,8388,3037662008,5999298,5999477,179,completed,-33
Greedy,8389,3037662008,5999401,5999580,179,completed,-33
Greedy,8390,3037662008,5999501,5999683,182,completed,-33
Greedy,8391,3037662008,5999601,5999786,185,completed,-33
Greedy,8392,3037662008,5999701,5999889,188,completed,-33
Greedy,8393,3037662008,5999801,5999992,191,completed,-33
Greedy,8394,3037662008,5999901,6000251,350,completed,-33
Greedy,8395,3037662008,6000106,6000354,248,completed,-33
Greedy,8396,3037662008,6000206,6000457,251,completed,-33
Greedy,8397,3037662008,6000306,6000560,254,completed,-33
Greedy,8398,3037662008,6000406,6000663,257,completed,-33
Greedy,8399,3037662008,6000506,6000766,260,completed,-33
Greedy,8400,3037662008,6000606,6000869,263,completed,-33
Greedy,8403,3658959723,6000906,6001061,155,completed,-10
Greedy,8401,3037662008,6000706,6000971,265,completed,-33
Greedy,8402,3037662008,6000806,6001074,268,completed,-33
Greedy,8404,3658959723,6001109,6001275,166,completed,-10
Greedy,8405,3658959723,6001209,6001378,169,completed,-10
Greedy,8406,3658959723,6001309,6001481,172,completed,-10
Greedy,8407,3658959723,6001409,6001584,175,completed,-10
Greedy,8408,3658959723,6001509,6001687,178,completed,-10
Greedy,8409,3658959723,6001609,6001790,181,completed,-10
Greedy,8410,3658959723,6001709,6001893,184,completed,-10
Greedy,8411,3658959723,6001809,6001996,187,completed,-10
Greedy,8412,3658959723,6001909,6002258,349,completed,-10
Greedy,8413,3658959723,6002109,6002360,251,completed,-10
Greedy,8414,3658959723,6002209,6002464,255,completed,-10
Greedy,8415,3658959723,6002309,6002567,258,completed,-10
Greedy,8416,3658959723,6002409,6002670,261,completed,-10
Greedy,8417,3658959723,6002509,6002773,264,completed,-10
Greedy,8418,3658959723,6002609,6002877,268,completed,-12
Greedy,8421,3037662008,6002909,6003060,151,completed,-30
Greedy,8419,3658959723,6002709,6002979,270,completed,-12
Greedy,8420,3658959723,6002809,6003081,272,completed,-12
Greedy,8422,3037662008,6003110,6003263,153,completed,-30
Greedy,8423,3037662008,6003210,6003369,159,completed,-30
Greedy,8424,3037662008,6003310,6003472,162,completed,-30
Greedy,8425,3037662008,6003410,6003575,165,completed,-30
Greedy,8426,3037662008,6003510,6003678,168,completed,-30
Greedy,8427,3037662008,6003610,6003781,171,completed,-30
Greedy,8428,3037662008,6003710,6003884,174,completed,-30
Greedy,8429,3037662008,6003810,6003987,177,completed,-30
Greedy,8430,3037662008,6003910,6004257,347,completed,-30
Greedy,8431,3037662008,6004112,6004366,254,completed,-30
Greedy,8432,3037662008,6004212,6004469,257,completed,-30
Greedy,8433,3037662008,6004312,6004572,260,completed,-30
Greedy,8434,3037662008,6004412,6004675,263,completed,-30
Greedy,8435,3037662008,6004512,6004778,266,completed,-30
Greedy,8436,3037662008,6004612,6004881,269,completed,-32
Greedy,8437,3037662008,6004712,6004983,271,completed,-32
Greedy,8438,3037662008,6004812,6005086,274,completed,-32
Greedy,8439,3658959723,6004912,6005262,350,completed,-11
Greedy,8440,3658959723,6005124,6007484,2360,completed,-11
Greedy,8441,3658959723,6007343,6007694,351,completed,-11
Greedy,8442,3658959723,6007546,6007803,257,completed,-11
Greedy,8443,3658959723,6007646,6007906,260,completed,-11
Greedy,8444,3658959723,6007746,6008009,263,completed,-11
Greedy,8445,3658959723,6007846,6008112,266,completed,-11
Greedy,8446,3658959723,6007946,6008215,269,completed,-11
Greedy,8447,3658959723,6008046,6008318,272,completed,-11
Greedy,8448,3658959723,6008146,6008421,275,completed,-11
Greedy,8449,3658959723,6008246,6008524,278,completed,-11
Greedy,8450,3658959723,6008346,6008696,350,completed,-11
Greedy,8451,3658959723,6008547,6008802,255,completed,-11
Greedy,8452,3658959723,6008647,6008905,258,completed,-12
Greedy,8455,3037662008,6008947,6009098,151,completed,-31
Greedy,8453,3658959723,6008747,6009007,260,completed,-12
Greedy,8456,3037662008,6009047,6009207,160,completed,-31
Greedy,8457,3037662008,6009147,6009319,172,completed,-31
Greedy,8454,3658959723,6008847,6009109,262,completed,-12
Greedy,8458,3037662008,6009247,6009429,182,completed,-31
Greedy,8459,3037662008,6009349,6009703,354,completed,-31
Greedy,8460,3037662008,6009553,6009806,253,completed,-31
Greedy,8461,3037662008,6009653,6009909,256,completed,-31
Greedy,8462,3037662008,6009753,6010012,259,completed,-31
Greedy,8463,3037662008,6009853,6010115,262,completed,-31
Greedy,8464,3037662008,6009953,6010218,265,completed,-31
Greedy,8465,3037662008,6010053,6010321,268,completed,-31
Greedy,8466,3037662008,6010153,6010424,271,completed,-31
Greedy,8467,3037662008,6010253,6010527,274,completed,-31
Greedy,8468,3037662008,6010547,6010701,154,completed,-31
Greedy,8469,3037662008,6010647,6010804,157,completed,-31
Greedy,8470,3037662008,6010747,6010907,160,completed,-33
Greedy,8471,3658959723,6010847,6011002,155,completed,-11
Greedy,8472,3658959723,6010947,6011109,162,completed,-11
Greedy,8473,3658959723,6011047,6011212,165,completed,-11
Greedy,8474,3658959723,6011147,6011315,168,completed,-11
Greedy,8475,3658959723,6011247,6011418,171,completed,-11
Greedy,8476,3658959723,6011347,6011521,174,completed,-11
Greedy,8477,3658959723,6011552,6011707,155,completed,-11
Greedy,8478,3658959723,6011652,6011816,164,completed,-11
Greedy,8479,3658959723,6011752,6011919,167,completed,-11
Greedy,8480,3658959723,6011852,6012022,170,completed,-11
Greedy,8481,3658959723,6011952,6012125,173,completed,-11
Greedy,8482,3658959723,6012052,6012228,176,completed,-11
Greedy,8483,3658959723,6012152,6012331,179,completed,-11
Greedy,8484,3658959723,6012252,6012434,182,completed,-11
Greedy,8485,3658959723,6012352,6012703,351,completed,-11
Greedy,8486,3658959723,6012547,6012819,272,completed,-11
Greedy,8489,3037662008,6012847,6012999,152,completed,-34
Greedy,8490,3037662008,6012947,6013102,155,completed,-34
Greedy,8487,3658959723,6012647,6012922,275,completed,-12
Greedy,8491,3037662008,6013047,6013205,158,completed,-34
Greedy,8492,3037662008,6013147,6013308,161,completed,-34
Greedy,8488,3658959723,6012747,6013024,277,completed,-12
Greedy,8493,3037662008,6013247,6013411,164,completed,-34
Greedy,8494,3037662008,6013347,6013514,167,completed,-34
Greedy,8495,3037662008,6013555,6013712,157,completed,-34
Greedy,8496,3037662008,6013655,6013815,160,completed,-34
Greedy,8497,3037662008,6013755,6013918,163,completed,-34
Greedy,8498,3037662008,6013855,6014021,166,completed,-34
Greedy,8499,3037662008,6013955,6014124,169,completed,-34
Greedy,8500,3037662008,6014055,6014227,172,completed,-34
Greedy,8501,3037662008,6014155,6014330,175,completed,-34
Greedy,8502,3037662008,6014255,6014433,178,completed,-34
Greedy,8503,3037662008,6014355,6014700,345,completed,-34
Greedy,8504,3037662008,6014556,6014803,247,completed,-34
Greedy,8507,3658959723,6014856,6015011,155,completed,-11
Greedy,8508,3658959723,6014956,6015124,168,completed,-11
Greedy,8505,3037662008,6014656,6014909,253,completed,-31
Greedy,8506,3037662008,6014756,6015011,255,completed,-31
Greedy,8509,3658959723,6015056,6015227,171,completed,-11
Greedy,8510,3658959723,6015156,6015330,174,completed,-11
Greedy,8511,3658959723,6015256,6015433,177,completed,-11
Greedy,8512,3658959723,6015356,6015706,350,completed,-11
Greedy,8513,3658959723,6015557,6015809,252,completed,-11
Greedy,8514,3658959723,6015657,6015912,255,completed,-11
Greedy,8515,3658959723,6015757,6016015,258,completed,-11
Greedy,8516,3658959723,6015857,6016118,261,completed,-11
Greedy,8517,3658959723,6015957,6016221,264,completed,-11
Greedy,8518,3658959723,6016057,6016323,266,completed,-11
Greedy,8519,3658959723,6016157,6016426,269,completed,-11
Greedy,8520,3658959723,6016257,6016529,272,completed,-11
Greedy,8521,3658959723,6016357,6016707,350,completed,-11
Greedy,8522,3658959723,6016559,6016810,251,completed,-11
Greedy,8523,3658959723,6016659,6016914,255,completed,-13
Greedy,8524,3658959723,6016759,6017017,258,completed,-13
Greedy,8525,3658959723,6016859,6017120,261,completed,-13
Greedy,8526,3658959723,6016959,6017222,263,completed,-13
Greedy,8527,3658959723,6017059,6017325,266,completed,-13
Greedy,8528,3658959723,6017159,6017428,269,completed,-13
Greedy,8529,3658959723,6017259,6017530,271,completed,-13
Greedy,8530,3658959723,6017359,6017709,350,completed,-13
Greedy,8531,3658959723,6017561,6017812,251,completed,-13
Greedy,8532,3658959723,6017661,6017916,255,completed,-13
Greedy,8533,3658959723,6017761,6018019,258,completed,-13
Greedy,8534,3658959723,6017861,6018122,261,completed,-13
Greedy,8535,3658959723,6017961,6018225,264,completed,-13
Greedy,8536,3658959723,6018061,6018328,267,completed,-13
Greedy,8537,3658959723,6018161,6018431,270,completed,-13
Greedy,8538,3658959723,6018261,6018534,273,completed,-13
Greedy,8539,3658959723,6018361,6018711,350,completed,-13
Greedy,8540,3658959723,6018562,6018817,255,completed,-13
Greedy,8541,3658959723,6018662,6018920,258,completed,-12
Greedy,8542,3658959723,6018762,6019022,260,completed,-12
Greedy,8543,3658959723,6018862,6019124,262,completed,-12
Greedy,8544,3658959723,6018962,6019225,263,completed,-12
Greedy,8545,3658959723,6019062,6019328,266,completed,-12
Greedy,8546,3658959723,6019162,6019431,269,completed,-12
Greedy,8547,3658959723,6019262,6019533,271,completed,-12
Greedy,8548,3658959723,6019362,6019712,350,completed,-12
Greedy,8549,3658959723,6019564,6019815,251,completed,-12
Greedy,8550,3658959723,6019664,6019921,257,completed,-12
Greedy,8551,3658959723,6019764,6020024,260,completed,-12
Greedy,8552,3658959723,6019864,6020127,263,completed,-12
Greedy,8553,3658959723,6019964,6020230,266,completed,-12
Greedy,8554,3658959723,6020064,6020333,269,completed,-12
Greedy,8555,3658959723,6020164,6020436,272,completed,-12
Greedy,8556,3658959723,6020264,6020539,275,completed,-12
Greedy,8557,3658959723,6020364,6020714,350,completed,-12
Greedy,8558,3658959723,6020565,6020817,252,completed,-12
Greedy,8559,3658959723,6020665,6020925,260,completed,-12
Greedy,8560,3658959723,6020765,6021028,263,completed,-12
Greedy,8561,3658959723,6020865,6021131,266,completed,-12
Greedy,8562,3658959723,6020965,6021234,269,completed,-12
Greedy,8563,3658959723,6021065,6021337,272,completed,-12
Greedy,8564,3658959723,6021165,6021440,275,completed,-12
Greedy,8565,3658959723,6021265,6021543,278,completed,-12
Greedy,8566,3658959723,6021365,6021715,350,completed,-12
Greedy,8567,3658959723,6021567,6021818,251,completed,-12
Greedy,8568,3658959723,6021667,6021926,259,completed,-12
Greedy,8569,3658959723,6021767,6022029,262,completed,-12
Greedy,8570,3658959723,6021867,6022132,265,completed,-12
Greedy,8571,3658959723,6021967,6022235,268,completed,-12
Greedy,8572,3658959723,6022067,6022338,271,completed,-12
Greedy,8573,3658959723,6022167,6022441,274,completed,-12
Greedy,8574,3658959723,6022267,6022544,277,completed,-12
Greedy,8575,3658959723,6022367,6022719,352,completed,-12
Greedy,8576,3658959723,6022570,6022822,252,completed,-12
Greedy,8577,3658959723,6024779,6025130,351,completed,-12
Greedy,8578,3658959723,6024984,6025348,364,completed,-12
Greedy,8579,3658959723,6025084,6025451,367,completed,-12
Greedy,8580,3658959723,6025184,6025554,370,completed,-12
Greedy,8581,3658959723,6025284,6025657,373,completed,-12
Greedy,8582,3658959723,6025384,6025760,376,completed,-12
Greedy,8583,3658959723,6025484,6025863,379,completed,-12
Greedy,8584,3658959723,6025584,6025965,381,completed,-12
Greedy,8585,3658959723,6025684,6026066,382,completed,-12
Greedy,8586,3658959723,6025975,6026168,193,completed,-12
Greedy,8587,3658959723,6026075,6026399,324,completed,-12
Greedy,8588,3658959723,6026175,6026502,327,completed,-12
Greedy,8589,3658959723,6026275,6026605,330,completed,-12
Greedy,8590,3658959723,6026375,6026708,333,completed,-12
Greedy,8591,3658959723,6026475,6026811,336,completed,-12
Greedy,8592,3658959723,6026575,6026914,339,completed,-12
Greedy,8593,3658959723,6026675,6027016,341,completed,-12
Greedy,8594,3658959723,6026775,6027117,342,completed,-12
Greedy,8595,3658959723,6026985,6027220,235,completed,-12
Greedy,8596,3658959723,6027085,6027323,238,completed,-12
Greedy,8597,3658959723,6027185,6027426,241,completed,-12
Greedy,8598,3658959723,6027285,6027529,244,completed,-12
Greedy,8599,3658959723,6027385,6027632,247,completed,-12
Greedy,8600,3658959723,6027485,6027735,250,completed,-12
Greedy,8601,3658959723,6027585,6027842,257,completed,-12
Greedy,8602,3658959723,6027685,6027944,259,completed,-12
Greedy,8603,3658959723,6027785,6028136,351,completed,-12
Greedy,8604,3658959723,6027980,6028280,300,completed,-12
Greedy,8605,3658959723,6028080,6028383,303,completed,-12
Greedy,8606,3658959723,6028180,6028486,306,completed,-12
Greedy,8607,3658959723,6028280,6028589,309,completed,-12
Greedy,8608,3658959723,6028380,6028692,312,completed,-12
Greedy,8609,3658959723,6028480,6028795,315,completed,-12
Greedy,8610,3658959723,6028580,6028898,318,completed,-14
Greedy,8611,3658959723,6028680,6029000,320,completed,-14
Greedy,8612,3658959723,6028780,6029101,321,completed,-14
Greedy,8613,3658959723,6028985,6029203,218,completed,-14
Greedy,8614,3658959723,6029085,6029305,220,completed,-14
Greedy,8615,3658959723,6029185,6029407,222,completed,-14
Greedy,8616,3658959723,6029285,6029510,225,completed,-14
Greedy,8617,3658959723,6029385,6029613,228,completed,-14
Greedy,8618,3658959723,6029485,6029716,231,completed,-14
Greedy,8619,3658959723,6029585,6029819,234,completed,-14
Greedy,8620,3658959723,6029685,6029922,237,completed,-14
Greedy,8621,3658959723,6029785,6030025,240,completed,-14
Greedy,8622,3658959723,6029986,6030145,159,completed,-14
Greedy,8623,3658959723,6030086,6030248,162,completed,-14
Greedy,8624,3658959723,6030186,6030351,165,completed,-14
Greedy,8625,3658959723,6030286,6030454,168,completed,-14
Greedy,8626,3658959723,6030386,6030557,171,completed,-14
Greedy,8627,3658959723,6030486,6030660,174,completed,-14
Greedy,8628,3658959723,6030586,6030763,177,completed,-14
Greedy,8629,3658959723,6030686,6030866,180,completed,-14
Greedy,8630,3658959723,6030786,6031138,352,completed,-12
Greedy,8631,3658959723,6030993,6031241,248,completed,-12
Greedy,8632,3658959723,6031096,6031344,248,completed,-12
Greedy,8633,3658959723,6031199,6031447,248,completed,-12
Greedy,8634,3658959723,6031299,6031550,251,completed,-12
Greedy,8635,3658959723,6031399,6031656,257,completed,-12
Greedy,8636,3658959723,6031499,6031759,260,completed,-12
Greedy,8637,3658959723,6031599,6031862,263,completed,-12
Greedy,8638,3658959723,6031699,6031964,265,completed,-12
Greedy,8639,3658959723,6031982,6032139,157,completed,-12
Greedy,8640,3658959723,6032082,6032242,160,completed,-12
Greedy,8641,3658959723,6032182,6032345,163,completed,-12
Greedy,8642,3658959723,6032282,6032448,166,completed,-12
Greedy,8643,3658959723,6032382,6032551,169,completed,-12
Greedy,8644,3658959723,6032482,6032654,172,completed,-12
Greedy,8645,3658959723,6032582,6032757,175,completed,-12
Greedy,8646,3658959723,6032682,6032859,177,completed,-12
Greedy,8647,3658959723,6032782,6032961,179,completed,-12
Greedy,8648,3658959723,6032991,6033150,159,completed,-12
Greedy,8649,3658959723,6033091,6033253,162,completed,-12
Greedy,8650,3658959723,6033191,6033356,165,completed,-12
Greedy,8651,3658959723,6033291,6033459,168,completed,-12
Greedy,8652,3658959723,6033391,6033562,171,completed,-12
Greedy,8653,3658959723,6033491,6033665,174,completed,-12
Greedy,8654,3658959723,6033591,6033768,177,completed,-12
Greedy,8655,3658959723,6033691,6033871,180,completed,-12
Greedy,8656,3658959723,6033791,6034139,348,completed,-12
Greedy,8657,3658959723,6033986,6034242,256,completed,-12
Greedy,8658,3658959723,6034086,6034345,259,completed,-12
Greedy,8659,3658959723,6034186,6034448,262,completed,-12
Greedy,8660,3658959723,6034286,6034551,265,completed,-12
Greedy,8661,3658959723,6034386,6034654,268,completed,-12
Greedy,8662,3658959723,6034486,6034757,271,completed,-12
Greedy,8663,3658959723,6034586,6034860,274,completed,-12
Greedy,8664,3658959723,6034686,6034963,277,completed,-12
Greedy,8665,3658959723,6034786,6035064,278,completed,-12
Greedy,8666,3658959723,6034996,6035166,170,completed,-12
Greedy,8667,3658959723,6035096,6035269,173,completed,-12
Greedy,8668,3658959723,6035196,6035372,176,completed,-12
Greedy,8669,3658959723,6035296,6035475,179,completed,-12
Greedy,8670,3658959723,6035396,6035578,182,completed,-12
Greedy,8671,3658959723,6035496,6035681,185,completed,-12
Greedy,8672,3658959723,6035596,6035784,188,completed,-12
Greedy,8673,3658959723,6035696,6035887,191,completed,-12
Greedy,8674,3658959723,6035990,6036147,157,completed,-12
Greedy,8675,3658959723,6036090,6036250,160,completed,-12
Greedy,8676,3658959723,6036190,6036353,163,completed,-12
Greedy,8677,3658959723,6036290,6036456,166,completed,-12
Greedy,8678,3658959723,6036390,6036559,169,completed,-12
Greedy,8679,3658959723,6036490,6036662,172,completed,-12
Greedy,8680,3658959723,6036590,6036765,175,completed,-12
Greedy,8681,3658959723,6036690,6036868,178,completed,-12
Greedy,8682,3658959723,6036792,6037144,352,completed,-12
Greedy,8683,3658959723,6036997,6037247,250,completed,-12
Greedy,8684,3658959723,6037097,6037350,253,completed,-12
Greedy,8685,3658959723,6037197,6037453,256,completed,-12
Greedy,8686,3658959723,6037297,6037556,259,completed,-12
Greedy,8687,3658959723,6037397,6037659,262,completed,-12
Greedy,8688,3658959723,6037497,6037762,265,completed,-12
Greedy,8689,3658959723,6037597,6037865,268,completed,-12
Greedy,8690,3658959723,6037697,6037968,271,completed,-12
Greedy,8691,3658959723,6037994,6038150,156,completed,-12
Greedy,8692,3658959723,6038094,6038260,166,completed,-12
Greedy,8693,3658959723,6038194,6038363,169,completed,-12
Greedy,8694,3658959723,6038294,6038466,172,completed,-12
Greedy,8695,3658959723,6038394,6038569,175,completed,-12
Greedy,8696,3658959723,6038494,6038672,178,completed,-12
Greedy,8697,3658959723,6038594,6038775,181,completed,-12
Greedy,8698,3658959723,6038694,6038878,184,completed,-12
Greedy,8699,3658959723,6038794,6039146,352,completed,-12
Greedy,8700,3658959723,6039000,6039249,249,completed,-12
Greedy,8701,3658959723,6039100,6039352,252,completed,-12
Greedy,8702,3658959723,6039200,6039458,258,completed,-12
Greedy,8703,3658959723,6039300,6039561,261,completed,-12
Greedy,8704,3658959723,6039400,6039664,264,completed,-12
Greedy,8705,3658959723,6039500,6039766,266,completed,-12
Greedy,8706,3658959723,6039600,6039869,269,completed,-12
Greedy,8707,3658959723,6039700,6039972,272,completed,-12
Greedy,8708,3658959723,6039996,6040155,159,completed,-12
Greedy,8709,3658959723,6042208,6042559,351,completed,-12
Greedy,8710,3658959723,6042418,6042729,311,completed,-12
Greedy,8711,3658959723,6042519,6042832,313,completed,-12
Greedy,8712,3658959723,6042619,6042935,316,completed,-13
Greedy,8713,3658959723,6042719,6043038,319,completed,-13
Greedy,8714,3658959723,6042819,6043141,322,completed,-13
Greedy,8715,3658959723,6042919,6043244,325,completed,-13
Greedy,8716,3658959723,6043019,6043347,328,completed,-13
Greedy,8717,3658959723,6043123,6043448,325,completed,-13
Greedy,8718,3658959723,6043405,6043562,157,completed,-13
Greedy,8719,3658959723,6043505,6043665,160,completed,-13
Greedy,8720,3658959723,6043605,6043768,163,completed,-13
Greedy,8721,3658959723,6043705,6043871,166,completed,-13
Greedy,8722,3658959723,6043805,6043974,169,completed,-13
Greedy,8723,3658959723,6043905,6044077,172,completed,-13
Greedy,8724,3658959723,6044005,6044180,175,completed,-13
Greedy,8725,3658959723,6044105,6044283,178,completed,-13
Greedy,8726,3658959723,6044205,6044386,181,completed,-13
Greedy,8727,3658959723,6044411,6044570,159,completed,-13
Greedy,8728,3658959723,6044511,6044680,169,completed,-13
Greedy,8729,3658959723,6044611,6044783,172,completed,-13
Greedy,8730,3658959723,6044711,6044885,174,completed,-13
Greedy,8731,3658959723,6044813,6044988,175,completed,-13
Greedy,8732,3658959723,6044913,6045091,178,completed,-13
Greedy,8733,3658959723,6045013,6045194,181,completed,-13
Greedy,8734,3658959723,6045115,6045297,182,completed,-13
Greedy,8735,3658959723,6045410,6045567,157,completed,-13
Greedy,8736,3658959723,6045510,6045676,166,completed,-13
Greedy,8737,3658959723,6045610,6045785,175,completed,-13
Greedy,8738,3658959723,6045710,6045888,178,completed,-13
Greedy,8739,3658959723,6045810,6045991,181,completed,-13
Greedy,8740,3658959723,6045910,6046094,184,completed,-13
Greedy,8741,3658959723,6046010,6046197,187,completed,-13
Greedy,8742,3658959723,6046110,6046300,190,completed,-13
Greedy,8743,3658959723,6046210,6046403,193,completed,-13
Greedy,8744,3658959723,6046414,6046570,156,completed,-13
Greedy,8745,3658959723,6046514,6046673,159,completed,-13
Greedy,8746,3658959723,6046614,6046776,162,completed,-13
Greedy,8747,3658959723,6046714,6046879,165,completed,-13
Greedy,8748,3037662008,6046816,6046968,152,completed,-34
Greedy,8749,3037662008,6046916,6047080,164,completed,-34
Greedy,8750,3037662008,6047016,6047183,167,completed,-34
Greedy,8751,3037662008,6047116,6047286,170,completed,-34
Greedy,8752,3658959723,6047216,6047564,348,completed,-13
Greedy,8753,3658959723,6047416,6047667,251,completed,-13
Greedy,8754,3658959723,6047516,6047770,254,completed,-13
Greedy,8755,3658959723,6047616,6047874,258,completed,-13
Greedy,8756,3658959723,6047716,6047977,261,completed,-13
Greedy,8757,3658959723,6047816,6048079,263,completed,-13
Greedy,8758,3658959723,6047916,6048182,266,completed,-13
Greedy,8759,3658959723,6048016,6048284,268,completed,-13
Greedy,8760,3658959723,6048120,6048386,266,completed,-13
Greedy,8761,3658959723,6048415,6048573,158,completed,-13
Greedy,8762,3658959723,6048515,6048676,161,completed,-13
Greedy,8763,3658959723,6048615,6048779,164,completed,-13
Greedy,8764,3658959723,6048715,6048882,167,completed,-13
Greedy,8765,3658959723,6048815,6048985,170,completed,-12
Greedy,8767,3037662008,6049015,6049176,161,completed,-33
Greedy,8768,3037662008,6049115,6049279,164,completed,-33
Greedy,8766,3658959723,6048915,6049086,171,completed,-12
Greedy,8769,3037662008,6049215,6049382,167,completed,-33
Greedy,8770,3037662008,6049418,6049579,161,completed,-33
Greedy,8771,3037662008,6049518,6049682,164,completed,-33
Greedy,8772,3037662008,6049618,6049785,167,completed,-33
Greedy,8773,3037662008,6049718,6049888,170,completed,-33
Greedy,8774,3037662008,6049818,6049991,173,completed,-33
Greedy,8775,3037662008,6049918,6050094,176,completed,-33
Greedy,8776,3037662008,6050018,6050198,180,completed,-33
Greedy,8777,3037662008,6050122,6050301,179,completed,-33
Greedy,8778,3037662008,6050417,6050569,152,completed,-33
Greedy,8779,3037662008,6050517,6050678,161,completed,-33
Greedy,8780,3037662008,6050617,6050781,164,completed,-33
Greedy,8781,3037662008,6050717,6050884,167,completed,-33
Greedy,8782,3037662008,6050817,6050987,170,completed,-33
Greedy,8783,3658959723,6050917,6051073,156,completed,-12
Greedy,8784,3658959723,6051017,6051182,165,completed,-12
Greedy,8785,3658959723,6051124,6051285,161,completed,-12
Greedy,8786,3658959723,6051418,6051580,162,completed,-12
Greedy,8787,3658959723,6051518,6051702,184,completed,-12
Greedy,8788,3658959723,6051618,6051805,187,completed,-12
Greedy,8789,3658959723,6051718,6051908,190,completed,-12
Greedy,8790,3658959723,6051818,6052011,193,completed,-12
Greedy,8791,3658959723,6051918,6052114,196,completed,-12
Greedy,8792,3658959723,6052018,6052217,199,completed,-12
Greedy,8793,3658959723,6052120,6052320,200,completed,-12
Greedy,8794,3658959723,6052220,6052570,350,completed,-12
Greedy,8795,3658959723,6052421,6052673,252,completed,-12
Greedy,8796,3658959723,6052521,6052779,258,completed,-12
Greedy,8797,3658959723,6052621,6052882,261,completed,-12
Greedy,8798,3658959723,6052721,6052985,264,completed,-13
Greedy,8801,3037662008,6053021,6053175,154,completed,-32
Greedy,8799,3658959723,6052821,6053087,266,completed,-13
Greedy,8800,3658959723,6052921,6053189,268,completed,-13
Greedy,8802,3037662008,6053122,6053278,156,completed,-32
Greedy,8803,3037662008,6053223,6053587,364,completed,-32
Greedy,8804,3037662008,6053426,6053697,271,completed,-32
Greedy,8805,3037662008,6053526,6053799,273,completed,-32
Greedy,8806,3037662008,6053626,6053902,276,completed,-32
Greedy,8807,3037662008,6053726,6054005,279,completed,-32
Greedy,8808,3037662008,6053826,6054108,282,completed,-32
Greedy,8809,3037662008,6053926,6054211,285,completed,-32
Greedy,8810,3037662008,6054026,6054314,288,completed,-32
Greedy,8811,3037662008,6054126,6054417,291,completed,-32
Greedy,8812,3037662008,6054226,6054573,347,completed,-32
Greedy,8813,3037662008,6054427,6054676,249,completed,-32
Greedy,8814,3037662008,6054527,6054782,255,completed,-32
Greedy,8815,3037662008,6054627,6054885,258,completed,-36
Greedy,8818,3658959723,6054927,6055082,155,completed,-11
Greedy,8819,3658959723,6055027,6055191,164,completed,-11
Greedy,8820,3658959723,6055127,6055315,188,completed,-11
Greedy,8816,3037662008,6054727,6054987,260,completed,-36
Greedy,8817,3037662008,6054827,6055089,262,completed,-36
Greedy,8821,3658959723,6055227,6055577,350,completed,-11
Greedy,8822,3658959723,6055433,6055686,253,completed,-11
Greedy,8823,3658959723,6055536,6055795,259,completed,-11
Greedy,8824,3658959723,6055636,6055898,262,completed,-11
Greedy,8825,3658959723,6055736,6056001,265,completed,-11
Greedy,8826,3658959723,6055836,6056104,268,completed,-11
Greedy,8827,3658959723,6055936,6056207,271,completed,-11
Greedy,8828,3658959723,6056036,6056310,274,completed,-11
Greedy,8829,3658959723,6056136,6056413,277,completed,-11
Greedy,8830,3658959723,6056427,6056585,158,completed,-11
Greedy,8831,3658959723,6056527,6056688,161,completed,-11
Greedy,8832,3658959723,6056627,6056791,164,completed,-11
Greedy,8833,3658959723,6056727,6056894,167,completed,-11
Greedy,8834,3658959723,6056827,6056997,170,completed,-13
Greedy,8835,3658959723,6056927,6057099,172,completed,-13
Greedy,8836,3037662008,6057027,6057181,154,completed,-32
Greedy,8837,3037662008,6057127,6057301,174,completed,-32
Greedy,8838,3037662008,6057227,6057404,177,completed,-32
Greedy,8839,3037662008,6057430,6057585,155,completed,-32
Greedy,8840,3037662008,6059634,6059982,348,completed,-33
Greedy,8841,3037662008,6059838,6060092,254,completed,-33
Greedy,8842,3037662008,6059938,6060202,264,completed,-33
Greedy,8844,3658959723,6060138,6060293,155,completed,-12
Greedy,8843,3037662008,6060038,6060305,267,completed,-33
Greedy,8845,3658959723,6060238,6060427,189,completed,-12
Greedy,8846,3658959723,6060338,6060530,192,completed,-12
Greedy,8847,3658959723,6060438,6060633,195,completed,-12
Greedy,8848,3658959723,6060538,6060736,198,completed,-12
Greedy,8849,3658959723,6060836,6060992,156,completed,-13
Greedy,8850,3037662008,6060936,6061089,153,completed,-31
Greedy,8851,3037662008,6061036,6061192,156,completed,-31
Greedy,8852,3037662008,6061136,6061295,159,completed,-31
Greedy,8853,3037662008,6061236,6061398,162,completed,-31
Greedy,8854,3037662008,6061336,6061501,165,completed,-31
Greedy,8855,3037662008,6061436,6061604,168,completed,-31
Greedy,8856,3037662008,6061536,6061707,171,completed,-31
Greedy,8857,3037662008,6061636,6061810,174,completed,-31
Greedy,8858,3037662008,6061840,6062000,160,completed,-31
Greedy,8859,3037662008,6061940,6062103,163,completed,-31
Greedy,8860,3037662008,6062040,6062209,169,completed,-31
Greedy,8861,3037662008,6062140,6062312,172,completed,-31
Greedy,8862,3037662008,6062240,6062415,175,completed,-31
Greedy,8863,3037662008,6062340,6062518,178,completed,-31
Greedy,8864,3037662008,6062440,6062621,181,completed,-31
Greedy,8865,3037662008,6062540,6062724,184,completed,-31
Greedy,8866,3037662008,6062640,6062986,346,completed,-31
Greedy,8867,3037662008,6062841,6063089,248,completed,-31
Greedy,8868,3658959723,6062941,6063097,156,completed,-12
Greedy,8869,3658959723,6063041,6063200,159,completed,-12
Greedy,8870,3658959723,6063141,6063303,162,completed,-12
Greedy,8871,3658959723,6063241,6063406,165,completed,-12
Greedy,8872,3658959723,6063341,6063509,168,completed,-12
Greedy,8873,3658959723,6063441,6063612,171,completed,-12
Greedy,8874,3658959723,6063541,6063715,174,completed,-12
Greedy,8875,3658959723,6063642,6063991,349,completed,-12
Greedy,8876,3658959723,6063842,6064094,252,completed,-12
Greedy,8877,3658959723,6063942,6064200,258,completed,-12
Greedy,8878,3658959723,6064042,6064303,261,completed,-12
Greedy,8879,3658959723,6064142,6064406,264,completed,-12
Greedy,8880,3658959723,6064242,6064509,267,completed,-12
Greedy,8881,3658959723,6064342,6064611,269,completed,-12
Greedy,8882,3658959723,6064442,6064714,272,completed,-12
Greedy,8883,3658959723,6064542,6064817,275,completed,-12
Greedy,8884,3658959723,6064642,6064992,350,completed,-12
Greedy,8886,3037662008,6064946,6065107,161,completed,-33
Greedy,8885,3658959723,6064846,6065095,249,completed,-12
Greedy,8887,3037662008,6065046,6065210,164,completed,-33
Greedy,8888,3037662008,6065146,6065313,167,completed,-33
Greedy,8889,3037662008,6065246,6065416,170,completed,-33
Greedy,8890,3037662008,6065346,6065519,173,completed,-33
Greedy,8891,3037662008,6065446,6065622,176,completed,-33
Greedy,8892,3037662008,6065546,6065725,179,completed,-33
Greedy,8893,3037662008,6065842,6065995,153,completed,-33
Greedy,8894,3037662008,6065942,6066104,162,completed,-33
Greedy,8895,3037662008,6066042,6066214,172,completed,-33
Greedy,8896,3037662008,6066144,6066317,173,completed,-33
Greedy,8897,3037662008,6066244,6066420,176,completed,-33
Greedy,8898,3037662008,6066344,6066523,179,completed,-33
Greedy,8899,3037662008,6066444,6066626,182,completed,-33
Greedy,8900,3037662008,6066544,6066729,185,completed,-33
Greedy,8901,3037662008,6066644,6066993,349,completed,-34
Greedy,8903,3658959723,6066944,6067100,156,completed,-11
Greedy,8902,3037662008,6066844,6067096,252,completed,-34
Greedy,8904,3658959723,6067044,6067203,159,completed,-11
Greedy,8905,3658959723,6067146,6067306,160,completed,-11
Greedy,8906,3658959723,6067246,6067409,163,completed,-11
Greedy,8907,3658959723,6067346,6067512,166,completed,-11
Greedy,8908,3658959723,6067446,6067615,169,completed,-11
Greedy,8909,3658959723,6067546,6067718,172,completed,-11
Greedy,8910,3658959723,6067646,6067995,349,completed,-11
Greedy,8911,3658959723,6067846,6068105,259,completed,-11
Greedy,8912,3658959723,6067946,6068208,262,completed,-11
Greedy,8913,3658959723,6068046,6068311,265,completed,-11
Greedy,8914,3658959723,6068146,6068414,268,completed,-11
Greedy,8915,3658959723,6068246,6068517,271,completed,-11
Greedy,8916,3658959723,6068346,6068620,274,completed,-11
Greedy,8917,3658959723,6068446,6068723,277,completed,-11
Greedy,8918,3658959723,6068546,6068824,278,completed,-11
Greedy,8921,3037662008,6068947,6069100,153,completed,-33
Greedy,8919,3658959723,6068646,6068997,351,completed,-13
Greedy,8922,3037662008,6069047,6069203,156,completed,-33
Greedy,8923,3037662008,6069147,6069306,159,completed,-33
Greedy,8920,3658959723,6068847,6069099,252,completed,-13
Greedy,8924,3037662008,6069247,6069409,162,completed,-33
Greedy,8925,3037662008,6069347,6069520,173,completed,-33
Greedy,8926,3037662008,6069447,6069623,176,completed,-33
Greedy,8927,3037662008,6069547,6069726,179,completed,-33
Greedy,8928,3037662008,6069647,6069992,345,completed,-33
Greedy,8929,3037662008,6069847,6070107,260,completed,-33
Greedy,8930,3037662008,6069947,6070210,263,completed,-33
Greedy,8931,3037662008,6070047,6070313,266,completed,-33
Greedy,8932,3037662008,6070147,6070416,269,completed,-33
Greedy,8933,3037662008,6070247,6070519,272,completed,-33
Greedy,8934,3037662008,6070347,6070622,275,completed,-33
Greedy,8935,3037662008,6070447,6070725,278,completed,-33
Greedy,8936,3037662008,6070547,6070828,281,completed,-33
Greedy,8939,3658959723,6070947,6071104,157,completed,-12
Greedy,8940,3658959723,6071047,6071207,160,completed,-12
Greedy,8941,3658959723,6071147,6071309,162,completed,-12
Greedy,8942,3658959723,6071247,6071412,165,completed,-12
Greedy,8937,3037662008,6070647,6070930,283,completed,-32
Greedy,8943,3658959723,6071347,6071515,168,completed,-12
Greedy,8944,3658959723,6071447,6071618,171,completed,-12
Greedy,8938,3037662008,6070847,6071032,185,completed,-32
Greedy,8945,3658959723,6071547,6071721,174,completed,-12
Greedy,8946,3658959723,6071647,6072002,355,completed,-12
Greedy,8947,3658959723,6071852,6072111,259,completed,-12
Greedy,8948,3658959723,6071952,6072213,261,completed,-12
Greedy,8949,3658959723,6072052,6072316,264,completed,-12
Greedy,8950,3658959723,6072152,6072419,267,completed,-12
Greedy,8951,3658959723,6072252,6072522,270,completed,-12
Greedy,8952,3658959723,6072352,6072625,273,completed,-12
Greedy,8953,3658959723,6072452,6072728,276,completed,-12
Greedy,8954,3658959723,6072552,6072830,278,completed,-12
Greedy,8957,3037662008,6072957,6073111,154,completed,-35
Greedy,8955,3658959723,6072652,6072932,280,completed,-13
Greedy,8958,3037662008,6073057,6073221,164,completed,-35
Greedy,8959,3037662008,6073157,6073324,167,completed,-35
Greedy,8960,3037662008,6073257,6073427,170,completed,-35
Greedy,8956,3658959723,6072857,6073034,177,completed,-13
Greedy,8961,3037662008,6073357,6073530,173,completed,-35
Greedy,8962,3037662008,6073457,6073633,176,completed,-35
Greedy,8963,3037662008,6073557,6073736,179,completed,-35
Greedy,8964,3037662008,6073853,6074009,156,completed,-35
Greedy,8965,3037662008,6073953,6074112,159,completed,-35
Greedy,8966,3037662008,6074053,6074215,162,completed,-35
Greedy,8967,3037662008,6074153,6074318,165,completed,-35
Greedy,8968,3037662008,6074253,6074421,168,completed,-35
Greedy,8969,3037662008,6074353,6074525,172,completed,-35
Greedy,8970,3037662008,6074453,6074628,175,completed,-35
Greedy,8971,3037662008,6074553,6074731,178,completed,-35
Greedy,8972,3037662008,6074653,6074834,181,completed,-35
Greedy,8973,3037662008,6074855,6075008,153,completed,-36
Greedy,8974,3658959723,6077059,6077409,350,completed,-11
Greedy,8975,3658959723,6077260,6077510,250,completed,-11
Greedy,8976,3658959723,6077360,6077775,415,completed,-11
Greedy,8977,3658959723,6077460,6078050,590,completed,-11
Greedy,8978,3658959723,6077560,6078438,878,completed,-11
Greedy,8979,3658959723,6077660,6078540,880,completed,-11
Greedy,8980,3658959723,6077760,6078642,882,completed,-11
Greedy,8981,3658959723,6077860,6078878,1018,completed,-11
Greedy,8982,3658959723,6077960,6078981,1021,completed,-12
Greedy,8983,3658959723,6078060,6079084,1024,completed,-12
Greedy,8984,3658959723,6078263,6079186,923,completed,-12
Greedy,8991,3037662008,6078967,6079119,152,completed,-30
Greedy,8985,3658959723,6078363,6079288,925,completed,-12
Greedy,8992,3037662008,6079266,6079426,160,completed,-30
Greedy,8993,3037662008,6079366,6079529,163,completed,-30
Greedy,8986,3658959723,6078463,6079389,926,completed,-12
Greedy,8987,3658959723,6078563,6079491,928,completed,-12
Greedy,8994,3037662008,6079466,6079632,166,completed,-30
Greedy,8995,3037662008,6079566,6079735,169,completed,-30
Greedy,8996,3037662008,6079666,6079838,172,completed,-30
Greedy,8988,3658959723,6078663,6079592,929,completed,-12
Greedy,8997,3037662008,6079766,6079941,175,completed,-30
Greedy,8998,3037662008,6079866,6080044,178,completed,-30
Greedy,8989,3658959723,6078767,6079694,927,completed,-12
Greedy,8999,3037662008,6079966,6080147,181,completed,-30
Greedy,9000,3037662008,6080268,6080433,165,completed,-30
Greedy,9001,3037662008,6080368,6080536,168,completed,-30
Greedy,8990,3658959723,6078867,6079796,929,completed,-12
Greedy,9002,3037662008,6080468,6080639,171,completed,-30
Greedy,9003,3037662008,6080568,6080742,174,completed,-30
Greedy,9004,3037662008,6080668,6080845,177,completed,-30
Greedy,9006,3658959723,6080871,6081026,155,completed,-12
Greedy,9005,3037662008,6080768,6080948,180,completed,-37
Greedy,9007,3658959723,6080971,6081135,164,completed,-12
Greedy,9008,3658959723,6081271,6081427,156,completed,-12
Greedy,9009,3658959723,6081371,6081564,193,completed,-12
Greedy,9010,3658959723,6081471,6081667,196,completed,-12
Greedy,9011,3658959723,6081571,6081770,199,completed,-12
Greedy,9012,3658959723,6081671,6081873,202,completed,-12
Greedy,9013,3658959723,6081771,6081976,205,completed,-12
Greedy,9014,3658959723,6081871,6082079,208,completed,-12
Greedy,9015,3658959723,6081971,6082182,211,completed,-12
Greedy,9016,3658959723,6082270,6082427,157,completed,-12
Greedy,9017,3658959723,6082370,6082529,159,completed,-12
Greedy,9018,3658959723,6082470,6082632,162,completed,-12
Greedy,9019,3658959723,6082570,6082735,165,completed,-12
Greedy,9020,3658959723,6082670,6082837,167,completed,-12
Greedy,9022,3037662008,6082871,6083023,152,completed,-31
Greedy,9021,3658959723,6082770,6082940,170,completed,-12
Greedy,9023,3037662008,6082971,6083131,160,completed,-31
Greedy,9024,3037662008,6083274,6083427,153,completed,-31
Greedy,9025,3037662008,6083374,6083535,161,completed,-31
Greedy,9026,3037662008,6083474,6083638,164,completed,-31
Greedy,9027,3037662008,6083574,6083741,167,completed,-31
Greedy,9028,3037662008,6083674,6083844,170,completed,-31
Greedy,9029,3037662008,6083774,6083947,173,completed,-31
Greedy,9030,3037662008,6083874,6084050,176,completed,-31
Greedy,9031,3037662008,6083974,6084153,179,completed,-31
Greedy,9032,3037662008,6084273,6084427,154,completed,-31
Greedy,9033,3037662008,6084373,6084530,157,completed,-31
Greedy,9034,3037662008,6084473,6084633,160,completed,-31
Greedy,9035,3037662008,6084573,6084736,163,completed,-31
Greedy,9036,3037662008,6084673,6084839,166,completed,-31
Greedy,9038,3658959723,6084873,6085029,156,completed,-11
Greedy,9037,3037662008,6084773,6084942,169,completed,-33
Greedy,9039,3658959723,6084973,6085138,165,completed,-11
Greedy,9040,3658959723,6085076,6085524,448,completed,-11
Greedy,9041,3658959723,6085285,6085634,349,completed,-11
Greedy,9042,3658959723,6085385,6085737,352,completed,-11
Greedy,9043,3658959723,6085485,6085840,355,completed,-11
Greedy,9044,3658959723,6085585,6085943,358,completed,-11
Greedy,9045,3658959723,6085685,6086046,361,completed,-11
Greedy,9046,3658959723,6085785,6086149,364,completed,-11
Greedy,9047,3658959723,6085885,6086252,367,completed,-11
Greedy,9048,3658959723,6085985,6086354,369,completed,-11
Greedy,9049,3658959723,6086281,6086455,174,completed,-11
Greedy,9050,3658959723,6086381,6086558,177,completed,-11
Greedy,9051,3658959723,6086481,6086661,180,completed,-11
Greedy,9052,3658959723,6086581,6086764,183,completed,-11
Greedy,9053,3658959723,6086681,6086867,186,completed,-11
Greedy,9054,3658959723,6086781,6086970,189,completed,-13
Greedy,9055,3658959723,6086881,6087073,192,completed,-13
Greedy,9056,3037662008,6086981,6087133,152,completed,-31
Greedy,9057,3037662008,6087287,6087629,342,completed,-31
Greedy,9058,3037662008,6087387,6087737,350,completed,-31
Greedy,9059,3037662008,6087487,6087847,360,completed,-31
Greedy,9060,3037662008,6087592,6087950,358,completed,-31
Greedy,9061,3037662008,6087692,6088053,361,completed,-31
Greedy,9062,3037662008,6087792,6088156,364,completed,-31
Greedy,9063,3037662008,6087892,6088259,367,completed,-31
Greedy,9064,3037662008,6087992,6088361,369,completed,-31
Greedy,9065,3037662008,6088283,6088463,180,completed,-31
Greedy,9066,3037662008,6088383,6088566,183,completed,-31
Greedy,9067,3037662008,6088483,6088669,186,completed,-31
Greedy,9068,3037662008,6088583,6088772,189,completed,-31
Greedy,9069,3037662008,6088683,6088875,192,completed,-32
Greedy,9070,3037662008,6088783,6088979,196,completed,-32
Greedy,9071,3658959723,6088883,6089039,156,completed,-12
Greedy,9072,3658959723,6088983,6089142,159,completed,-12
Greedy,9073,3658959723,6089287,6089444,157,completed,-12
Greedy,9074,3658959723,6089387,6089553,166,completed,-12
Greedy,9075,3658959723,6089487,6089656,169,completed,-12
Greedy,9076,3658959723,6089587,6089759,172,completed,-12
Greedy,9077,3658959723,6089687,6089862,175,completed,-12
Greedy,9078,3658959723,6089787,6089965,178,completed,-12
Greedy,9079,3658959723,6089887,6090068,181,completed,-12
Greedy,9080,3658959723,6089987,6090172,185,completed,-12
Greedy,9081,3658959723,6090285,6090441,156,completed,-12
Greedy,9082,3658959723,6090385,6090544,159,completed,-12
Greedy,9083,3658959723,6090485,6090664,179,completed,-12
Greedy,9084,3658959723,6090585,6090767,182,completed,-12
Greedy,9085,3658959723,6090685,6090870,185,completed,-12
Greedy,9087,3037662008,6090885,6091038,153,completed,-30
Greedy,9086,3658959723,6090785,6090973,188,completed,-13
Greedy,9088,3037662008,6090985,6091147,162,completed,-30
Greedy,9089,3037662008,6091288,6091530,242,completed,-30
Greedy,9090,3037662008,6091388,6091633,245,completed,-30
Greedy,9091,3037662008,6091492,6091736,244,completed,-30
Greedy,9092,3037662008,6091595,6091839,244,completed,-30
Greedy,9093,3037662008,6091697,6091942,245,completed,-30
Greedy,9094,3037662008,6091801,6092045,244,completed,-30
Greedy,9095,3037662008,6091904,6092148,244,completed,-30
Greedy,9096,3037662008,6092006,6092251,245,completed,-30
Greedy,9097,3037662008,6092283,6092438,155,completed,-30
Greedy,9098,3658959723,6094488,6094837,349,completed,-11
Greedy,9099,3658959723,6094688,6094999,311,completed,-12
Greedy,9101,3037662008,6094888,6095064,176,completed,-32
Greedy,9102,3037662008,6094988,6095167,179,completed,-32
Greedy,9100,3658959723,6094788,6095102,314,completed,-12
Greedy,9103,3037662008,6095088,6095270,182,completed,-32
Greedy,9104,3037662008,6095188,6095373,185,completed,-32
Greedy,9105,3037662008,6095288,6095476,188,completed,-32
Greedy,9106,3037662008,6095388,6095579,191,completed,-32
Greedy,9107,3037662008,6095488,6095682,194,completed,-32
Greedy,9108,3037662008,6095689,6095842,153,completed,-32
Greedy,9109,3037662008,6095789,6095945,156,completed,-32
Greedy,9110,3037662008,6095889,6096048,159,completed,-32
Greedy,9111,3037662008,6095989,6096151,162,completed,-32
Greedy,9112,3037662008,6096089,6096254,165,completed,-32
Greedy,9113,3037662008,6096189,6096357,168,completed,-32
Greedy,9114,3037662008,6096289,6096460,171,completed,-32
Greedy,9115,3037662008,6096389,6096563,174,completed,-32
Greedy,9116,3037662008,6096489,6096666,177,completed,-32
Greedy,9117,3037662008,6096693,6096845,152,completed,-32
Greedy,9118,3037662008,6096793,6096979,186,completed,-33
Greedy,9119,3658959723,6096893,6097048,155,completed,-12
Greedy,9120,3658959723,6096993,6097157,164,completed,-12
Greedy,9121,3658959723,6097093,6097267,174,completed,-12
Greedy,9122,3658959723,6097193,6097370,177,completed,-12
Greedy,9123,3658959723,6097293,6097473,180,completed,-12
Greedy,9124,3658959723,6097393,6097576,183,completed,-12
Greedy,9125,3658959723,6097493,6097842,349,completed,-12
Greedy,9126,3658959723,6097693,6097952,259,completed,-12
Greedy,9127,3658959723,6097793,6098055,262,completed,-12
Greedy,9128,3658959723,6097893,6098158,265,completed,-12
Greedy,9129,3658959723,6097993,6098261,268,completed,-12
Greedy,9130,3658959723,6098093,6098363,270,completed,-12
Greedy,9131,3658959723,6098193,6098466,273,completed,-12
Greedy,9132,3658959723,6098293,6098569,276,completed,-12
Greedy,9133,3658959723,6098393,6098672,279,completed,-12
Greedy,9134,3658959723,6098494,6098845,351,completed,-12
Greedy,9135,3658959723,6098696,6098948,252,completed,-13
Greedy,9138,3037662008,6098996,6099148,152,completed,-34
Greedy,9136,3658959723,6098796,6099054,258,completed,-13
Greedy,9139,3037662008,6099096,6099258,162,completed,-34
Greedy,9137,3658959723,6098896,6099156,260,completed,-13
Greedy,9140,3037662008,6099196,6099361,165,completed,-34
Greedy,9141,3037662008,6099296,6099464,168,completed,-34
Greedy,9142,3037662008,6099396,6099567,171,completed,-34
Greedy,9143,3037662008,6099496,6099841,345,completed,-34
Greedy,9144,3037662008,6099696,6099951,255,completed,-34
Greedy,9145,3037662008,6099796,6100054,258,completed,-34
Greedy,9146,3037662008,6099896,6100157,261,completed,-34
Greedy,9147,3037662008,6099996,6100260,264,completed,-34
Greedy,9148,3037662008,6100096,6100363,267,completed,-34
Greedy,9149,3037662008,6100196,6100466,270,completed,-34
Greedy,9150,3037662008,6100296,6100569,273,completed,-34
Greedy,9151,3037662008,6100396,6100672,276,completed,-34
Greedy,9152,3037662008,6100496,6100843,347,completed,-34
Greedy,9155,3658959723,6100898,6101054,156,completed,-11
Greedy,9156,3658959723,6100998,6101157,159,completed,-11
Greedy,9157,3658959723,6101098,6101260,162,completed,-11
Greedy,9153,3037662008,6100698,6100946,248,completed,-33
Greedy,9154,3037662008,6100798,6101047,249,completed,-33
Greedy,9158,3658959723,6101198,6101363,165,completed,-11
Greedy,9159,3658959723,6101298,6101466,168,completed,-11
Greedy,9160,3658959723,6101398,6101569,171,completed,-11
Greedy,9161,3658959723,6101498,6101850,352,completed,-11
Greedy,9162,3658959723,6101694,6101952,258,completed,-11
Greedy,9163,3658959723,6101794,6102055,261,completed,-11
Greedy,9164,3658959723,6101894,6102158,264,completed,-11
Greedy,9165,3658959723,6101994,6102260,266,completed,-11
Greedy,9166,3658959723,6102094,6102363,269,completed,-11
Greedy,9167,3658959723,6102194,6102466,272,completed,-11
Greedy,9168,3658959723,6102294,6102569,275,completed,-11
Greedy,9169,3658959723,6102394,6102672,278,completed,-11
Greedy,9170,3658959723,6102494,6102774,280,completed,-11
Greedy,9171,3658959723,6102701,6102877,176,completed,-11
Greedy,9172,3658959723,6102801,6102980,179,completed,-12
Greedy,9173,3658959723,6102901,6103083,182,completed,-12
Greedy,9174,3037662008,6103001,6103154,153,completed,-34
Greedy,9175,3037662008,6103101,6103257,156,completed,-34
Greedy,9176,3037662008,6103201,6103360,159,completed,-34
Greedy,9177,3037662008,6103301,6103508,207,completed,-34
Greedy,9178,3037662008,6103401,6103846,445,completed,-34
Greedy,9179,3037662008,6103501,6103957,456,completed,-34
Greedy,9180,3037662008,6103697,6104060,363,completed,-34
Greedy,9181,3037662008,6103797,6104163,366,completed,-34
Greedy,9182,3037662008,6103897,6104266,369,completed,-34
Greedy,9183,3037662008,6103997,6104369,372,completed,-34
Greedy,9184,3037662008,6104097,6104472,375,completed,-34
Greedy,9185,3037662008,6104197,6104575,378,completed,-34
Greedy,9186,3037662008,6104297,6104678,381,completed,-34
Greedy,9187,3037662008,6104397,6104780,383,completed,-34
Greedy,9188,3037662008,6104499,6104884,385,completed,-34
Greedy,SUMMARY,ALL,0,0,120000,batch_complete,0
----------------,---,---,---,---,---,----------------,---
Greedy,9189,3037662008,6104703,6104988,285,completed,-32
Greedy,9190,3037662008,6104803,6105090,287,completed,-32
