algorithm,seq,worker_id,send_ts,comp_ts,latency_ms,status,rssi
RoundRobin,1,3658959723,74111,76181,2070,completed,-11
RoundRobin,2,3037662008,74311,76318,2007,completed,-22
RoundRobin,3,3658959723,74511,76530,2019,completed,-11
RoundRobin,4,3037662008,74711,76719,2008,completed,-22
RoundRobin,5,3658959723,75035,77093,2058,completed,-11
RoundRobin,6,3037662008,75235,77243,2008,completed,-22
RoundRobin,7,3658959723,75435,77455,2020,completed,-11
RoundRobin,8,3037662008,75635,77644,2009,completed,-22
RoundRobin,10,3037662008,76036,78044,2008,completed,-22
RoundRobin,12,3037662008,76436,78444,2008,completed,-22
RoundRobin,9,3658959723,75835,77854,2019,completed,-11
RoundRobin,14,3037662008,76836,78843,2007,completed,-22
RoundRobin,11,3658959723,76236,79070,2834,completed,-12
RoundRobin,13,3658959723,76636,79183,2547,completed,-12
RoundRobin,16,3037662008,77246,79253,2007,completed,-22
RoundRobin,15,3658959723,77046,79287,2241,completed,-12
RoundRobin,17,3658959723,77446,79466,2020,completed,-12
RoundRobin,18,3037662008,79685,81973,2288,completed,-23
RoundRobin,20,3037662008,80085,82499,2414,completed,-23
RoundRobin,19,3658959723,79885,82081,2196,completed,-12
RoundRobin,22,3037662008,80485,82609,2124,completed,-23
RoundRobin,24,3037662008,80887,82896,2009,completed,-23
RoundRobin,21,3658959723,80285,82332,2047,completed,-12
RoundRobin,23,3658959723,80685,82706,2021,completed,-12
RoundRobin,26,3037662008,81287,83295,2008,completed,-23
RoundRobin,25,3658959723,81087,83107,2020,completed,-12
RoundRobin,27,3658959723,81487,83506,2019,completed,-12
RoundRobin,28,3037662008,81687,83887,2200,completed,-23
RoundRobin,29,3658959723,81887,83961,2074,completed,-12
RoundRobin,30,3037662008,82087,84095,2008,completed,-23
RoundRobin,31,3658959723,82287,84305,2018,completed,-12
RoundRobin,32,3037662008,82487,84495,2008,completed,-23
RoundRobin,33,3658959723,82687,84705,2018,completed,-12
RoundRobin,34,3037662008,82888,84897,2009,completed,-23
RoundRobin,35,3658959723,83088,85107,2019,completed,-11
RoundRobin,36,3037662008,83288,85295,2007,completed,-23
RoundRobin,37,3658959723,83488,85506,2018,completed,-11
RoundRobin,38,3037662008,83688,85697,2009,completed,-23
RoundRobin,39,3658959723,83890,85910,2020,completed,-11
RoundRobin,40,3037662008,84090,86098,2008,completed,-23
RoundRobin,41,3658959723,84290,86309,2019,completed,-11
RoundRobin,42,3037662008,84490,86497,2007,completed,-23
RoundRobin,43,3658959723,84690,86708,2018,completed,-11
RoundRobin,44,3037662008,84890,86899,2009,completed,-23
RoundRobin,45,3658959723,85090,87109,2019,completed,-12
RoundRobin,46,3037662008,85290,87298,2008,completed,-20
RoundRobin,47,3658959723,85490,87509,2019,completed,-12
RoundRobin,48,3037662008,85690,87698,2008,completed,-20
RoundRobin,49,3658959723,85893,87927,2034,completed,-12
RoundRobin,50,3037662008,86093,88100,2007,completed,-20
RoundRobin,51,3658959723,86293,88313,2020,completed,-12
RoundRobin,52,3037662008,86493,88500,2007,completed,-20
RoundRobin,53,3658959723,86693,88918,2225,completed,-12
RoundRobin,54,3037662008,86893,88909,2016,completed,-20
RoundRobin,55,3658959723,87093,89113,2020,completed,-11
RoundRobin,56,3037662008,87293,89300,2007,completed,-23
RoundRobin,57,3658959723,87493,89512,2019,completed,-11
RoundRobin,58,3037662008,87694,89895,2201,completed,-23
RoundRobin,59,3658959723,87894,89913,2019,completed,-11
RoundRobin,60,3037662008,88094,90101,2007,completed,-23
RoundRobin,61,3658959723,88294,90313,2019,completed,-11
RoundRobin,62,3037662008,88494,90503,2009,completed,-23
RoundRobin,64,3037662008,88894,90902,2008,completed,-23
RoundRobin,66,3037662008,89294,91301,2007,completed,-21
RoundRobin,63,3658959723,88694,90713,2019,completed,-11
RoundRobin,68,3037662008,89695,91924,2229,completed,-21
RoundRobin,70,3037662008,90095,92104,2009,completed,-21
RoundRobin,65,3658959723,89094,91113,2019,completed,-11
RoundRobin,67,3658959723,89494,91513,2019,completed,-11
RoundRobin,69,3658959723,89895,91981,2086,completed,-11
RoundRobin,72,3037662008,90495,92502,2007,completed,-21
RoundRobin,71,3658959723,90295,92317,2022,completed,-11
RoundRobin,74,3037662008,90896,92905,2009,completed,-21
RoundRobin,73,3658959723,90695,92715,2020,completed,-11
RoundRobin,75,3658959723,91096,93116,2020,completed,-11
RoundRobin,76,3037662008,91296,93303,2007,completed,-22
RoundRobin,77,3658959723,91496,93515,2019,completed,-11
RoundRobin,79,3658959723,91896,93919,2023,completed,-11
RoundRobin,78,3037662008,91696,93907,2211,completed,-22
RoundRobin,80,3037662008,92096,94104,2008,completed,-22
RoundRobin,81,3658959723,92296,94323,2027,completed,-11
RoundRobin,82,3037662008,92496,94503,2007,completed,-22
RoundRobin,83,3658959723,92696,94718,2022,completed,-11
RoundRobin,84,3037662008,92898,94907,2009,completed,-22
RoundRobin,85,3658959723,93098,95121,2023,completed,-12
RoundRobin,86,3037662008,93298,95310,2012,completed,-28
RoundRobin,87,3658959723,93498,95519,2021,completed,-12
RoundRobin,88,3037662008,93698,95706,2008,completed,-28
RoundRobin,89,3658959723,93900,95923,2023,completed,-12
RoundRobin,90,3037662008,94100,96108,2008,completed,-28
RoundRobin,91,3658959723,94300,96319,2019,completed,-12
RoundRobin,92,3037662008,94500,96508,2008,completed,-28
RoundRobin,93,3658959723,94700,96724,2024,completed,-12
RoundRobin,94,3037662008,97098,99308,2210,completed,-21
RoundRobin,95,3658959723,97303,99506,2203,completed,-11
RoundRobin,96,3037662008,97503,99514,2011,completed,-21
RoundRobin,97,3658959723,97703,99722,2019,completed,-11
RoundRobin,98,3037662008,97903,99911,2008,completed,-21
RoundRobin,99,3658959723,98301,100320,2019,completed,-11
RoundRobin,100,3037662008,98501,100508,2007,completed,-21
RoundRobin,101,3658959723,98701,100724,2023,completed,-11
RoundRobin,102,3037662008,98901,100908,2007,completed,-21
RoundRobin,103,3658959723,99101,101314,2213,completed,-11
RoundRobin,104,3037662008,99306,101315,2009,completed,-21
RoundRobin,105,3658959723,99506,101525,2019,completed,-11
RoundRobin,106,3037662008,99706,101713,2007,completed,-21
RoundRobin,107,3658959723,99906,101925,2019,completed,-11
RoundRobin,108,3037662008,100303,102311,2008,completed,-21
RoundRobin,109,3658959723,100503,102523,2020,completed,-11
RoundRobin,110,3037662008,100703,102712,2009,completed,-21
RoundRobin,111,3658959723,100903,102922,2019,completed,-11
RoundRobin,112,3037662008,101103,103320,2217,completed,-21
RoundRobin,113,3658959723,101307,103334,2027,completed,-11
RoundRobin,114,3037662008,101507,103515,2008,completed,-21
RoundRobin,115,3658959723,101707,103726,2019,completed,-11
RoundRobin,116,3037662008,101907,103916,2009,completed,-21
RoundRobin,117,3658959723,102307,104328,2021,completed,-11
RoundRobin,118,3037662008,102507,104514,2007,completed,-21
RoundRobin,119,3658959723,102707,104726,2019,completed,-11
RoundRobin,120,3037662008,102907,104915,2008,completed,-21
RoundRobin,121,3658959723,103107,105341,2234,completed,-13
RoundRobin,123,3658959723,103507,105526,2019,completed,-13
RoundRobin,125,3658959723,103907,105926,2019,completed,-13
RoundRobin,127,3658959723,104311,106330,2019,completed,-13
RoundRobin,129,3658959723,104711,106730,2019,completed,-13
RoundRobin,122,3037662008,103307,107071,3764,completed,-19
RoundRobin,124,3037662008,103707,107314,3607,completed,-19
RoundRobin,126,3037662008,104107,107423,3316,completed,-19
RoundRobin,128,3037662008,104511,107533,3022,completed,-19
RoundRobin,130,3037662008,104911,107636,2725,completed,-19
RoundRobin,132,3037662008,105320,107739,2419,completed,-19
RoundRobin,134,3037662008,105720,107842,2122,completed,-19
RoundRobin,136,3037662008,106313,108322,2009,completed,-19
RoundRobin,131,3658959723,105111,108377,3266,completed,-12
RoundRobin,133,3658959723,105520,108486,2966,completed,-12
RoundRobin,135,3658959723,105920,108589,2669,completed,-12
RoundRobin,138,3037662008,106713,108720,2007,completed,-19
RoundRobin,137,3658959723,106513,108692,2179,completed,-12
RoundRobin,139,3658959723,106915,108936,2021,completed,-12
RoundRobin,141,3658959723,107516,110603,3087,completed,-10
RoundRobin,140,3037662008,107316,110592,3276,completed,-20
RoundRobin,143,3658959723,107916,110711,2795,completed,-10
RoundRobin,142,3037662008,107716,110714,2998,completed,-20
RoundRobin,145,3658959723,108514,110814,2300,completed,-10
RoundRobin,144,3037662008,108314,110817,2503,completed,-20
RoundRobin,147,3658959723,108914,110933,2019,completed,-10
RoundRobin,146,3037662008,108714,110920,2206,completed,-20
RoundRobin,148,3037662008,109118,111320,2202,completed,-22
RoundRobin,149,3658959723,109324,111357,2033,completed,-12
RoundRobin,150,3037662008,109524,111532,2008,completed,-22
RoundRobin,151,3658959723,109724,111744,2020,completed,-12
RoundRobin,152,3037662008,109924,111932,2008,completed,-22
RoundRobin,153,3658959723,110321,112376,2055,completed,-12
RoundRobin,154,3037662008,110521,112529,2008,completed,-22
RoundRobin,155,3658959723,110721,112740,2019,completed,-12
RoundRobin,156,3037662008,110921,112928,2007,completed,-22
RoundRobin,157,3658959723,111121,113334,2213,completed,-11
RoundRobin,159,3658959723,111530,113554,2024,completed,-11
RoundRobin,161,3658959723,111930,113950,2020,completed,-11
RoundRobin,158,3037662008,111330,116525,5195,completed,-21
RoundRobin,163,3658959723,114531,116746,2215,completed,-12
RoundRobin,160,3037662008,111730,116736,5006,completed,-21
RoundRobin,162,3037662008,112324,116839,4515,completed,-21
RoundRobin,165,3658959723,114935,116954,2019,completed,-12
RoundRobin,164,3037662008,114735,116942,2207,completed,-21
RoundRobin,166,3037662008,115135,117144,2009,completed,-24
RoundRobin,167,3658959723,115335,117354,2019,completed,-11
RoundRobin,168,3037662008,115535,117738,2203,completed,-24
RoundRobin,169,3658959723,115735,117756,2021,completed,-11
RoundRobin,170,3037662008,115935,117946,2011,completed,-24
RoundRobin,171,3658959723,116135,118154,2019,completed,-11
RoundRobin,172,3037662008,116335,118343,2008,completed,-24
RoundRobin,173,3658959723,116537,118750,2213,completed,-11
RoundRobin,174,3037662008,116737,118745,2008,completed,-24
RoundRobin,175,3658959723,116937,118956,2019,completed,-11
RoundRobin,176,3037662008,117137,119146,2009,completed,-23
RoundRobin,177,3658959723,117337,119357,2020,completed,-11
RoundRobin,178,3037662008,117537,119737,2200,completed,-23
RoundRobin,179,3658959723,117737,119756,2019,completed,-11
RoundRobin,180,3037662008,117937,119945,2008,completed,-23
RoundRobin,181,3658959723,118137,120156,2019,completed,-11
RoundRobin,182,3037662008,118337,120345,2008,completed,-23
RoundRobin,183,3658959723,118537,120750,2213,completed,-11
RoundRobin,184,3037662008,118737,120745,2008,completed,-23
RoundRobin,185,3658959723,118937,120957,2020,completed,-11
RoundRobin,186,3037662008,119137,121145,2008,completed,-22
RoundRobin,187,3658959723,119337,121356,2019,completed,-11
RoundRobin,188,3037662008,119537,121544,2007,completed,-22
RoundRobin,189,3658959723,119738,121759,2021,completed,-11
RoundRobin,190,3037662008,119938,121946,2008,completed,-22
RoundRobin,191,3658959723,120138,122157,2019,completed,-11
RoundRobin,192,3037662008,120338,122348,2010,completed,-22
RoundRobin,193,3658959723,120539,122752,2213,completed,-11
RoundRobin,194,3037662008,120739,122747,2008,completed,-22
RoundRobin,195,3658959723,120939,122958,2019,completed,-11
RoundRobin,196,3037662008,121139,123147,2008,completed,-23
RoundRobin,197,3658959723,121339,123358,2019,completed,-12
RoundRobin,199,3658959723,121739,123786,2047,completed,-12
RoundRobin,201,3658959723,122147,124167,2020,completed,-12
RoundRobin,203,3658959723,122736,124756,2020,completed,-12
RoundRobin,205,3658959723,123136,125155,2019,completed,-11
RoundRobin,207,3658959723,123536,125555,2019,completed,-11
RoundRobin,198,3037662008,121539,123548,2009,completed,-23
RoundRobin,200,3037662008,121939,123947,2008,completed,-23
RoundRobin,202,3037662008,122347,124356,2009,completed,-23
RoundRobin,204,3037662008,122936,124944,2008,completed,-23
RoundRobin,209,3658959723,123945,125964,2019,completed,-11
RoundRobin,206,3037662008,123336,125344,2008,completed,-21
RoundRobin,208,3037662008,123745,125764,2019,completed,-21
RoundRobin,211,3658959723,124346,126366,2020,completed,-11
RoundRobin,210,3037662008,124146,126157,2011,completed,-21
RoundRobin,212,3037662008,124549,126750,2201,completed,-21
RoundRobin,213,3658959723,124749,126803,2054,completed,-11
RoundRobin,214,3037662008,124949,126958,2009,completed,-21
RoundRobin,215,3658959723,125149,127168,2019,completed,-11
RoundRobin,216,3037662008,125349,127357,2008,completed,-21
RoundRobin,217,3658959723,125549,127568,2019,completed,-11
RoundRobin,218,3037662008,125749,127760,2011,completed,-21
RoundRobin,219,3658959723,125949,127969,2020,completed,-11
RoundRobin,220,3037662008,126149,128157,2008,completed,-21
RoundRobin,221,3658959723,126349,128368,2019,completed,-11
RoundRobin,222,3037662008,126549,128752,2203,completed,-21
RoundRobin,223,3658959723,126749,128829,2080,completed,-11
RoundRobin,224,3037662008,126949,128957,2008,completed,-21
RoundRobin,225,3658959723,127149,129168,2019,completed,-11
RoundRobin,226,3037662008,127349,129357,2008,completed,-22
RoundRobin,227,3658959723,127549,129569,2020,completed,-11
RoundRobin,228,3037662008,127752,129763,2011,completed,-22
RoundRobin,229,3658959723,127952,129971,2019,completed,-11
RoundRobin,230,3037662008,128152,130160,2008,completed,-22
RoundRobin,231,3658959723,128352,130371,2019,completed,-11
RoundRobin,232,3037662008,128552,130754,2202,completed,-22
RoundRobin,233,3658959723,128752,130771,2019,completed,-11
RoundRobin,234,3037662008,128952,130961,2009,completed,-22
RoundRobin,235,3658959723,129152,131172,2020,completed,-12
RoundRobin,236,3037662008,129352,131360,2008,completed,-21
RoundRobin,237,3658959723,129552,131572,2020,completed,-12
RoundRobin,238,3037662008,129752,131760,2008,completed,-21
RoundRobin,239,3658959723,131958,134172,2214,completed,-19
RoundRobin,240,3037662008,132165,134295,2130,completed,-21
RoundRobin,241,3658959723,132365,134384,2019,completed,-19
RoundRobin,242,3037662008,132565,134574,2009,completed,-21
RoundRobin,243,3658959723,132765,134785,2020,completed,-19
RoundRobin,244,3037662008,133169,135179,2010,completed,-20
RoundRobin,245,3658959723,133369,135388,2019,completed,-12
RoundRobin,246,3037662008,133569,135577,2008,completed,-20
RoundRobin,247,3658959723,133769,135788,2019,completed,-12
RoundRobin,248,3037662008,134157,136167,2010,completed,-20
RoundRobin,249,3658959723,134357,136376,2019,completed,-12
RoundRobin,250,3037662008,134557,136566,2009,completed,-20
RoundRobin,251,3658959723,134757,136777,2020,completed,-12
RoundRobin,252,3037662008,134957,136965,2008,completed,-20
RoundRobin,253,3658959723,135172,137194,2022,completed,-11
RoundRobin,254,3037662008,135372,137382,2010,completed,-22
RoundRobin,255,3658959723,135572,137591,2019,completed,-11
RoundRobin,256,3037662008,135772,137779,2007,completed,-22
RoundRobin,257,3658959723,136167,138186,2019,completed,-11
RoundRobin,258,3037662008,136367,138376,2009,completed,-22
RoundRobin,259,3658959723,136567,138587,2020,completed,-11
RoundRobin,260,3037662008,136767,138775,2008,completed,-22
RoundRobin,261,3658959723,136967,139180,2213,completed,-12
RoundRobin,262,3037662008,137179,139202,2023,completed,-20
RoundRobin,263,3658959723,137379,139398,2019,completed,-12
RoundRobin,264,3037662008,137579,139587,2008,completed,-20
RoundRobin,265,3658959723,137779,139798,2019,completed,-12
RoundRobin,266,3037662008,138171,140182,2011,completed,-20
RoundRobin,267,3658959723,138371,140390,2019,completed,-12
RoundRobin,268,3037662008,138571,140579,2008,completed,-20
RoundRobin,269,3658959723,138771,140791,2020,completed,-12
RoundRobin,270,3037662008,138971,141174,2203,completed,-22
RoundRobin,271,3658959723,139179,141200,2021,completed,-12
RoundRobin,272,3037662008,139379,141388,2009,completed,-22
RoundRobin,273,3658959723,139579,141598,2019,completed,-12
RoundRobin,274,3037662008,139779,141787,2008,completed,-22
RoundRobin,275,3658959723,140175,142199,2024,completed,-12
RoundRobin,276,3037662008,140375,142383,2008,completed,-22
RoundRobin,277,3658959723,140575,142595,2020,completed,-12
RoundRobin,278,3037662008,140775,142783,2008,completed,-22
RoundRobin,279,3658959723,141183,143204,2021,completed,-11
RoundRobin,280,3037662008,141383,143391,2008,completed,-21
RoundRobin,281,3658959723,141583,143602,2019,completed,-11
RoundRobin,282,3037662008,141783,143791,2008,completed,-21
RoundRobin,283,3658959723,142168,144189,2021,completed,-11
RoundRobin,284,3037662008,142368,144377,2009,completed,-21
RoundRobin,285,3658959723,142568,144587,2019,completed,-11
RoundRobin,286,3037662008,142768,144776,2008,completed,-21
RoundRobin,287,3658959723,142968,144989,2021,completed,-11
RoundRobin,288,3037662008,143173,145184,2011,completed,-22
RoundRobin,289,3658959723,143373,145394,2021,completed,-12
RoundRobin,290,3037662008,143573,145581,2008,completed,-22
RoundRobin,291,3658959723,143773,145791,2018,completed,-12
RoundRobin,292,3037662008,143973,146177,2204,completed,-22
RoundRobin,293,3658959723,144180,146203,2023,completed,-12
RoundRobin,294,3037662008,144380,146388,2008,completed,-22
RoundRobin,295,3658959723,144580,146599,2019,completed,-12
RoundRobin,296,3037662008,144780,146788,2008,completed,-22
RoundRobin,297,3658959723,145177,147196,2019,completed,-12
RoundRobin,298,3037662008,145377,147385,2008,completed,-22
RoundRobin,299,3658959723,145577,147596,2019,completed,-12
RoundRobin,300,3037662008,145777,147785,2008,completed,-22
RoundRobin,301,3658959723,145977,148190,2213,completed,-12
RoundRobin,302,3037662008,146180,148190,2010,completed,-22
RoundRobin,303,3658959723,146380,148400,2020,completed,-12
RoundRobin,304,3037662008,146580,148588,2008,completed,-22
RoundRobin,305,3658959723,146780,148799,2019,completed,-12
RoundRobin,307,3658959723,147186,149207,2021,completed,-12
RoundRobin,309,3658959723,149609,151662,2053,completed,-11
RoundRobin,311,3658959723,150009,152028,2019,completed,-11
RoundRobin,312,3658959723,150209,152228,2019,completed,-11
RoundRobin,313,3658959723,150596,152616,2020,completed,-11
RoundRobin,314,3658959723,150796,152815,2019,completed,-11
RoundRobin,315,3658959723,150996,153016,2020,completed,-11
RoundRobin,316,3658959723,151196,153215,2019,completed,-11
RoundRobin,306,3037662008,146980,149184,2204,completed,-22
RoundRobin,308,3037662008,149400,151641,2241,completed,-21
RoundRobin,310,3037662008,149809,151823,2014,completed,-21
RoundRobin,319,3037662008,151801,153811,2010,completed,-20
RoundRobin,321,3037662008,152201,154211,2010,completed,-20
RoundRobin,323,3037662008,152604,154618,2014,completed,-20
RoundRobin,317,3658959723,151396,153415,2019,completed,-11
RoundRobin,318,3658959723,151601,153729,2128,completed,-11
RoundRobin,325,3037662008,153004,155014,2010,completed,-21
RoundRobin,320,3658959723,152001,154021,2020,completed,-11
RoundRobin,322,3658959723,152401,154420,2019,completed,-11
RoundRobin,324,3658959723,152804,155054,2250,completed,-11
RoundRobin,327,3037662008,153404,155605,2201,completed,-21
RoundRobin,326,3658959723,153204,155226,2022,completed,-11
RoundRobin,329,3037662008,153808,155816,2008,completed,-21
RoundRobin,328,3658959723,153608,155629,2021,completed,-11
RoundRobin,330,3658959723,154008,156028,2020,completed,-11
RoundRobin,331,3037662008,154208,156217,2009,completed,-21
RoundRobin,332,3658959723,154408,156620,2212,completed,-11
RoundRobin,333,3037662008,154608,156616,2008,completed,-21
RoundRobin,334,3658959723,154808,156827,2019,completed,-11
RoundRobin,335,3037662008,155008,157016,2008,completed,-20
RoundRobin,336,3658959723,155208,157229,2021,completed,-11
RoundRobin,337,3037662008,155410,157613,2203,completed,-20
RoundRobin,338,3658959723,155610,157629,2019,completed,-11
RoundRobin,339,3037662008,155810,157819,2009,completed,-20
RoundRobin,340,3658959723,156010,158029,2019,completed,-11
RoundRobin,341,3037662008,156210,158218,2008,completed,-20
RoundRobin,342,3658959723,156410,158622,2212,completed,-11
RoundRobin,343,3037662008,156610,158618,2008,completed,-20
RoundRobin,344,3658959723,156810,158829,2019,completed,-11
RoundRobin,345,3037662008,157010,159018,2008,completed,-21
RoundRobin,346,3658959723,157210,159230,2020,completed,-11
RoundRobin,347,3037662008,157411,159614,2203,completed,-21
RoundRobin,348,3658959723,157611,159632,2021,completed,-11
RoundRobin,349,3037662008,157811,159819,2008,completed,-21
RoundRobin,350,3658959723,158011,160030,2019,completed,-11
RoundRobin,351,3037662008,158211,160220,2009,completed,-21
RoundRobin,352,3658959723,158411,160430,2019,completed,-11
RoundRobin,353,3037662008,158611,160620,2009,completed,-21
RoundRobin,354,3658959723,158811,160832,2021,completed,-11
RoundRobin,355,3037662008,159011,161019,2008,completed,-21
RoundRobin,356,3658959723,159211,161230,2019,completed,-11
RoundRobin,357,3037662008,159411,161615,2204,completed,-21
RoundRobin,358,3658959723,159611,161630,2019,completed,-11
RoundRobin,359,3037662008,159811,161819,2008,completed,-21
RoundRobin,360,3658959723,160011,162030,2019,completed,-11
RoundRobin,361,3037662008,160211,162219,2008,completed,-21
RoundRobin,363,3037662008,160611,162620,2009,completed,-21
RoundRobin,365,3037662008,161011,163021,2010,completed,-22
RoundRobin,367,3037662008,161413,163618,2205,completed,-22
RoundRobin,369,3037662008,161813,163821,2008,completed,-22
RoundRobin,371,3037662008,162213,164222,2009,completed,-22
RoundRobin,362,3658959723,160411,162433,2022,completed,-11
RoundRobin,364,3658959723,160811,162832,2021,completed,-11
RoundRobin,366,3658959723,161211,163230,2019,completed,-10
RoundRobin,373,3037662008,162618,164631,2013,completed,-22
RoundRobin,368,3658959723,161613,163633,2020,completed,-10
RoundRobin,370,3658959723,162013,164033,2020,completed,-10
RoundRobin,375,3037662008,163018,165026,2008,completed,-21
RoundRobin,372,3658959723,162413,164433,2020,completed,-10
RoundRobin,374,3658959723,162818,164838,2020,completed,-10
RoundRobin,376,3658959723,163218,165239,2021,completed,-11
RoundRobin,377,3037662008,163418,165668,2250,completed,-21
RoundRobin,378,3658959723,163618,165701,2083,completed,-11
RoundRobin,379,3037662008,163818,165826,2008,completed,-21
RoundRobin,380,3658959723,164018,166037,2019,completed,-11
RoundRobin,381,3037662008,164218,166227,2009,completed,-21
RoundRobin,382,3658959723,164418,166632,2214,completed,-11
RoundRobin,383,3037662008,166817,169023,2206,completed,-21
RoundRobin,384,3658959723,167018,169115,2097,completed,-11
RoundRobin,385,3037662008,167218,169226,2008,completed,-21
RoundRobin,386,3658959723,167418,169438,2020,completed,-11
RoundRobin,387,3037662008,167618,169626,2008,completed,-21
RoundRobin,388,3658959723,167818,169837,2019,completed,-11
RoundRobin,389,3037662008,168020,170030,2010,completed,-21
RoundRobin,390,3658959723,168220,170239,2019,completed,-11
RoundRobin,391,3037662008,168420,170428,2008,completed,-21
RoundRobin,392,3658959723,168620,170639,2019,completed,-11
RoundRobin,393,3037662008,168820,171022,2202,completed,-21
RoundRobin,394,3658959723,169020,171114,2094,completed,-11
RoundRobin,395,3037662008,169220,171228,2008,completed,-21
RoundRobin,396,3658959723,169420,171439,2019,completed,-11
RoundRobin,397,3037662008,169620,171628,2008,completed,-21
RoundRobin,398,3658959723,169820,171839,2019,completed,-11
RoundRobin,399,3037662008,170020,172030,2010,completed,-21
RoundRobin,400,3658959723,170220,172240,2020,completed,-11
RoundRobin,401,3037662008,170420,172428,2008,completed,-21
RoundRobin,402,3658959723,170620,172639,2019,completed,-11
RoundRobin,403,3037662008,170820,172828,2008,completed,-21
RoundRobin,404,3658959723,171025,173048,2023,completed,-11
RoundRobin,405,3037662008,171225,173234,2009,completed,-22
RoundRobin,406,3658959723,171425,173444,2019,completed,-11
RoundRobin,407,3037662008,171625,173633,2008,completed,-22
RoundRobin,408,3658959723,171825,174037,2212,completed,-11
RoundRobin,409,3037662008,172025,174034,2009,completed,-22
RoundRobin,410,3658959723,172225,174246,2021,completed,-11
RoundRobin,411,3037662008,172425,174433,2008,completed,-22
RoundRobin,412,3658959723,172625,174645,2020,completed,-11
RoundRobin,413,3037662008,172827,175029,2202,completed,-22
RoundRobin,414,3658959723,173027,175047,2020,completed,-11
RoundRobin,415,3037662008,173227,175238,2011,completed,-22
RoundRobin,416,3658959723,173427,175446,2019,completed,-11
RoundRobin,417,3037662008,173627,175635,2008,completed,-22
RoundRobin,418,3658959723,173827,175847,2020,completed,-11
RoundRobin,419,3037662008,174029,176038,2009,completed,-22
RoundRobin,420,3658959723,174229,176249,2020,completed,-11
RoundRobin,421,3037662008,174429,176437,2008,completed,-22
RoundRobin,422,3658959723,174629,176649,2020,completed,-11
RoundRobin,423,3037662008,174829,176837,2008,completed,-22
RoundRobin,424,3658959723,175031,177053,2022,completed,-11
RoundRobin,425,3037662008,175231,177239,2008,completed,-21
RoundRobin,426,3658959723,175431,177451,2020,completed,-11
RoundRobin,427,3037662008,175631,177639,2008,completed,-21
RoundRobin,428,3658959723,175831,177851,2020,completed,-11
RoundRobin,429,3037662008,176032,178040,2008,completed,-21
RoundRobin,430,3658959723,176232,178251,2019,completed,-11
RoundRobin,431,3037662008,176432,178441,2009,completed,-21
RoundRobin,432,3658959723,176632,178653,2021,completed,-11
RoundRobin,433,3037662008,176832,179042,2210,completed,-20
RoundRobin,434,3658959723,177032,179051,2019,completed,-11
RoundRobin,435,3037662008,177232,179241,2009,completed,-20
RoundRobin,436,3658959723,177432,179452,2020,completed,-11
RoundRobin,437,3037662008,177632,179640,2008,completed,-20
RoundRobin,438,3658959723,177832,179851,2019,completed,-11
RoundRobin,439,3037662008,178033,180045,2012,completed,-20
RoundRobin,440,3658959723,178233,180252,2019,completed,-11
RoundRobin,441,3037662008,178433,180441,2008,completed,-20
RoundRobin,442,3658959723,178633,180652,2019,completed,-11
RoundRobin,443,3037662008,178833,180842,2009,completed,-20
RoundRobin,444,3658959723,179035,181057,2022,completed,-10
RoundRobin,445,3037662008,179235,181245,2010,completed,-20
RoundRobin,446,3658959723,179435,181454,2019,completed,-10
RoundRobin,447,3037662008,179635,181644,2009,completed,-20
RoundRobin,448,3658959723,179835,181854,2019,completed,-10
RoundRobin,449,3037662008,180035,182047,2012,completed,-20
RoundRobin,450,3658959723,180235,182255,2020,completed,-10
RoundRobin,451,3037662008,180435,182443,2008,completed,-20
RoundRobin,452,3658959723,180635,182654,2019,completed,-10
RoundRobin,454,3658959723,181035,183057,2022,completed,-11
RoundRobin,453,3037662008,180835,183039,2204,completed,-21
RoundRobin,455,3037662008,181235,183245,2010,completed,-21
RoundRobin,456,3658959723,181435,183454,2019,completed,-11
RoundRobin,457,3037662008,181635,183643,2008,completed,-21
RoundRobin,459,3037662008,182036,184047,2011,completed,-21
RoundRobin,461,3037662008,184440,186693,2253,completed,-20
RoundRobin,463,3037662008,184840,186849,2009,completed,-20
RoundRobin,465,3037662008,185240,187248,2008,completed,-20
RoundRobin,467,3037662008,185641,187649,2008,completed,-20
RoundRobin,469,3037662008,186041,188049,2008,completed,-20
RoundRobin,470,3037662008,186241,188252,2011,completed,-20
RoundRobin,458,3658959723,181835,183855,2020,completed,-11
RoundRobin,471,3037662008,186448,188456,2008,completed,-20
RoundRobin,472,3037662008,186648,188656,2008,completed,-20
RoundRobin,473,3037662008,186848,188857,2009,completed,-20
RoundRobin,460,3658959723,184240,186456,2216,completed,-10
RoundRobin,462,3658959723,184640,186717,2077,completed,-10
RoundRobin,464,3658959723,185040,187059,2019,completed,-11
RoundRobin,475,3037662008,187440,189450,2010,completed,-20
RoundRobin,466,3658959723,185441,187463,2022,completed,-11
RoundRobin,468,3658959723,185841,187860,2019,completed,-11
RoundRobin,477,3037662008,187840,189849,2009,completed,-20
RoundRobin,474,3658959723,187048,189068,2020,completed,-10
RoundRobin,476,3658959723,187640,189662,2022,completed,-10
RoundRobin,478,3658959723,188040,190060,2020,completed,-10
RoundRobin,479,3037662008,188240,190248,2008,completed,-20
RoundRobin,480,3658959723,188446,190468,2022,completed,-10
RoundRobin,481,3037662008,188646,190654,2008,completed,-20
RoundRobin,482,3658959723,188846,190866,2020,completed,-10
RoundRobin,484,3658959723,189246,191265,2019,completed,-11
RoundRobin,483,3037662008,189046,191054,2008,completed,-20
RoundRobin,485,3037662008,189452,191463,2011,completed,-20
RoundRobin,486,3658959723,189652,191672,2020,completed,-11
RoundRobin,487,3037662008,189852,191860,2008,completed,-20
RoundRobin,488,3658959723,190052,192071,2019,completed,-11
RoundRobin,489,3037662008,190443,192452,2009,completed,-20
RoundRobin,490,3658959723,190643,192662,2019,completed,-11
RoundRobin,491,3037662008,190843,192851,2008,completed,-20
RoundRobin,493,3037662008,191243,193277,2034,completed,-19
RoundRobin,492,3658959723,191043,193062,2019,completed,-10
RoundRobin,494,3658959723,191451,193471,2020,completed,-10
RoundRobin,495,3037662008,191651,193660,2009,completed,-19
RoundRobin,496,3658959723,191851,193870,2019,completed,-10
RoundRobin,497,3037662008,192051,194059,2008,completed,-19
RoundRobin,498,3658959723,192251,194464,2213,completed,-10
RoundRobin,499,3037662008,192451,194459,2008,completed,-19
RoundRobin,500,3658959723,192651,194671,2020,completed,-10
RoundRobin,501,3037662008,192851,194860,2009,completed,-19
RoundRobin,502,3658959723,193051,195070,2019,completed,-10
RoundRobin,503,3037662008,193251,195261,2010,completed,-20
RoundRobin,504,3658959723,193455,195481,2026,completed,-10
RoundRobin,505,3037662008,193655,195663,2008,completed,-20
RoundRobin,506,3658959723,193855,195876,2021,completed,-10
RoundRobin,SUMMARY,ALL,0,0,120000,batch_complete,0
----------------,---,---,---,---,---,----------------,---
RoundRobin,507,3037662008,194055,196063,2008,completed,-20
RoundRobin,508,3658959723,227016,229038,2022,completed,-10
RoundRobin,509,3037662008,227282,229291,2009,completed,-19
RoundRobin,510,3658959723,227482,229501,2019,completed,-10
RoundRobin,511,3037662008,227682,229691,2009,completed,-19
RoundRobin,512,3658959723,227882,229901,2019,completed,-10
RoundRobin,513,3037662008,228277,230286,2009,completed,-19
RoundRobin,514,3658959723,228477,230496,2019,completed,-10
RoundRobin,515,3037662008,228677,230689,2012,completed,-19
RoundRobin,516,3658959723,228877,230900,2023,completed,-10
RoundRobin,517,3037662008,229077,231284,2207,completed,-20
RoundRobin,518,3658959723,229287,231339,2052,completed,-11
RoundRobin,519,3037662008,229487,231497,2010,completed,-20
RoundRobin,520,3658959723,229687,231706,2019,completed,-11
RoundRobin,521,3037662008,229887,231895,2008,completed,-20
RoundRobin,522,3658959723,230272,232292,2020,completed,-11
RoundRobin,523,3037662008,230472,232480,2008,completed,-20
RoundRobin,524,3658959723,230672,232692,2020,completed,-11
RoundRobin,525,3037662008,230872,232881,2009,completed,-20
RoundRobin,526,3658959723,231072,233092,2020,completed,-11
RoundRobin,527,3037662008,231287,233306,2019,completed,-21
RoundRobin,528,3658959723,231487,233506,2019,completed,-11
RoundRobin,529,3037662008,231687,233695,2008,completed,-21
RoundRobin,530,3658959723,231887,233906,2019,completed,-11
RoundRobin,531,3037662008,232282,234292,2010,completed,-21
RoundRobin,532,3658959723,232482,234502,2020,completed,-11
RoundRobin,533,3037662008,232682,234690,2008,completed,-21
RoundRobin,534,3658959723,232882,234901,2019,completed,-11
RoundRobin,536,3658959723,233291,235338,2047,completed,-11
RoundRobin,535,3037662008,233082,235328,2246,completed,-21
RoundRobin,537,3037662008,233491,235502,2011,completed,-21
RoundRobin,538,3658959723,233691,235712,2021,completed,-11
RoundRobin,539,3037662008,233891,235899,2008,completed,-21
RoundRobin,540,3658959723,234278,236299,2021,completed,-11
RoundRobin,541,3037662008,236479,238688,2209,completed,-20
RoundRobin,542,3658959723,236688,238775,2087,completed,-11
RoundRobin,543,3037662008,236888,238897,2009,completed,-20
RoundRobin,544,3658959723,237088,239108,2020,completed,-11
RoundRobin,545,3037662008,237288,239297,2009,completed,-21
RoundRobin,546,3658959723,237675,239695,2020,completed,-11
RoundRobin,547,3037662008,237875,239885,2010,completed,-21
RoundRobin,548,3658959723,238075,240097,2022,completed,-11
RoundRobin,549,3037662008,238275,240284,2009,completed,-21
RoundRobin,550,3658959723,238475,240494,2019,completed,-11
RoundRobin,552,3658959723,238884,240903,2019,completed,-11
RoundRobin,551,3037662008,238684,240964,2280,completed,-21
RoundRobin,553,3037662008,239084,241093,2009,completed,-20
RoundRobin,554,3658959723,239284,241303,2019,completed,-11
RoundRobin,555,3037662008,239484,241685,2201,completed,-20
RoundRobin,556,3658959723,239684,241704,2020,completed,-11
RoundRobin,557,3037662008,239884,241892,2008,completed,-20
RoundRobin,558,3658959723,240084,242103,2019,completed,-11
RoundRobin,559,3037662008,240284,242292,2008,completed,-20
RoundRobin,560,3658959723,240484,242504,2020,completed,-11
RoundRobin,561,3037662008,240687,242697,2010,completed,-20
RoundRobin,562,3658959723,240887,242907,2020,completed,-11
RoundRobin,563,3037662008,241087,243096,2009,completed,-21
RoundRobin,564,3658959723,241287,243308,2021,completed,-11
RoundRobin,565,3037662008,241487,243495,2008,completed,-21
RoundRobin,566,3658959723,241687,243708,2021,completed,-11
RoundRobin,567,3037662008,241887,243898,2011,completed,-21
RoundRobin,568,3658959723,242087,244109,2022,completed,-11
RoundRobin,569,3037662008,242287,244297,2010,completed,-21
RoundRobin,570,3658959723,242489,244706,2217,completed,-11
RoundRobin,571,3037662008,242689,244698,2009,completed,-21
RoundRobin,572,3658959723,242889,244911,2022,completed,-11
RoundRobin,573,3037662008,243089,245097,2008,completed,-21
RoundRobin,574,3658959723,243289,245309,2020,completed,-12
RoundRobin,575,3037662008,243489,245497,2008,completed,-21
RoundRobin,576,3658959723,243689,245712,2023,completed,-12
RoundRobin,577,3037662008,243889,245898,2009,completed,-21
RoundRobin,578,3658959723,244089,246109,2020,completed,-12
RoundRobin,579,3037662008,244289,246297,2008,completed,-21
RoundRobin,580,3658959723,244490,246705,2215,completed,-12
RoundRobin,581,3037662008,244690,246699,2009,completed,-21
RoundRobin,582,3658959723,244890,246910,2020,completed,-12
RoundRobin,583,3037662008,245090,247098,2008,completed,-21
RoundRobin,584,3658959723,245290,247310,2020,completed,-11
RoundRobin,585,3037662008,245490,247499,2009,completed,-21
RoundRobin,586,3658959723,245691,247713,2022,completed,-11
RoundRobin,587,3037662008,245891,247900,2009,completed,-21
RoundRobin,588,3658959723,246091,248111,2020,completed,-11
RoundRobin,589,3037662008,246291,248301,2010,completed,-21
RoundRobin,590,3658959723,246491,248512,2021,completed,-11
RoundRobin,591,3037662008,246692,248714,2022,completed,-21
RoundRobin,592,3658959723,246892,248912,2020,completed,-11
RoundRobin,593,3037662008,247092,249101,2009,completed,-21
RoundRobin,594,3658959723,247292,249313,2021,completed,-11
RoundRobin,595,3037662008,247492,249501,2009,completed,-21
RoundRobin,596,3658959723,247693,249714,2021,completed,-11
RoundRobin,597,3037662008,247893,249902,2009,completed,-21
RoundRobin,598,3658959723,248093,250113,2020,completed,-11
RoundRobin,599,3037662008,248293,250302,2009,completed,-21
RoundRobin,600,3658959723,248493,250708,2215,completed,-11
RoundRobin,601,3037662008,248693,250703,2010,completed,-21
RoundRobin,602,3658959723,248893,250913,2020,completed,-11
RoundRobin,603,3037662008,249093,251101,2008,completed,-21
RoundRobin,604,3658959723,249293,251313,2020,completed,-11
RoundRobin,605,3037662008,249493,251501,2008,completed,-21
RoundRobin,606,3658959723,249696,251719,2023,completed,-11
RoundRobin,607,3037662008,249896,251905,2009,completed,-21
RoundRobin,608,3658959723,250096,252116,2020,completed,-11
RoundRobin,609,3037662008,250296,252304,2008,completed,-21
RoundRobin,611,3037662008,250696,252705,2009,completed,-21
RoundRobin,610,3658959723,250496,252742,2246,completed,-11
RoundRobin,612,3658959723,250896,252921,2025,completed,-11
RoundRobin,613,3037662008,251096,253104,2008,completed,-24
RoundRobin,614,3658959723,251296,253318,2022,completed,-11
RoundRobin,616,3658959723,251696,253717,2021,completed,-11
RoundRobin,618,3658959723,254108,256209,2101,completed,-11
RoundRobin,620,3658959723,254508,256528,2020,completed,-11
RoundRobin,622,3658959723,255096,257119,2023,completed,-11
RoundRobin,624,3658959723,255496,257516,2020,completed,-11
RoundRobin,626,3658959723,255896,257916,2020,completed,-11
RoundRobin,615,3037662008,251496,253505,2009,completed,-24
RoundRobin,628,3658959723,256304,258325,2021,completed,-11
RoundRobin,617,3037662008,253900,256110,2210,completed,-21
RoundRobin,619,3037662008,254308,256317,2009,completed,-21
RoundRobin,630,3658959723,256705,258728,2023,completed,-11
RoundRobin,621,3037662008,254708,256717,2009,completed,-21
RoundRobin,623,3037662008,255296,257305,2009,completed,-21
RoundRobin,632,3658959723,257105,259126,2021,completed,-11
RoundRobin,625,3037662008,255696,257705,2009,completed,-21
RoundRobin,627,3037662008,256104,258117,2013,completed,-21
RoundRobin,634,3658959723,257505,259602,2097,completed,-11
RoundRobin,629,3037662008,256504,258514,2010,completed,-21
RoundRobin,631,3037662008,256905,259109,2204,completed,-22
RoundRobin,633,3037662008,257305,259316,2011,completed,-22
RoundRobin,635,3037662008,257705,259716,2011,completed,-22
RoundRobin,637,3037662008,258112,260131,2019,completed,-22
RoundRobin,639,3037662008,258512,260522,2010,completed,-22
RoundRobin,636,3658959723,257906,260579,2673,completed,-11
RoundRobin,638,3658959723,258312,260681,2369,completed,-11
RoundRobin,640,3658959723,258712,260784,2072,completed,-11
RoundRobin,641,3037662008,259106,261117,2011,completed,-20
RoundRobin,642,3658959723,259306,261327,2021,completed,-11
RoundRobin,643,3037662008,259506,261514,2008,completed,-20
RoundRobin,644,3658959723,259706,261729,2023,completed,-11
RoundRobin,645,3037662008,259908,262111,2203,completed,-20
RoundRobin,646,3658959723,260108,262129,2021,completed,-11
RoundRobin,647,3037662008,260308,262318,2010,completed,-20
RoundRobin,648,3658959723,260508,262528,2020,completed,-11
RoundRobin,649,3037662008,260708,262718,2010,completed,-20
RoundRobin,650,3658959723,260908,262927,2019,completed,-11
RoundRobin,651,3037662008,261109,263119,2010,completed,-21
RoundRobin,652,3658959723,261309,263329,2020,completed,-11
RoundRobin,653,3037662008,261509,263518,2009,completed,-21
RoundRobin,654,3658959723,261709,263729,2020,completed,-11
RoundRobin,655,3037662008,261909,264113,2204,completed,-21
RoundRobin,656,3658959723,262109,264129,2020,completed,-11
RoundRobin,657,3037662008,262309,264318,2009,completed,-21
RoundRobin,658,3658959723,262509,264529,2020,completed,-11
RoundRobin,659,3037662008,262709,264791,2082,completed,-21
RoundRobin,660,3658959723,262909,264929,2020,completed,-11
RoundRobin,661,3037662008,263110,265121,2011,completed,-21
RoundRobin,662,3658959723,263310,265330,2020,completed,-11
RoundRobin,663,3037662008,263510,265519,2009,completed,-21
RoundRobin,664,3658959723,263710,265730,2020,completed,-11
RoundRobin,665,3037662008,263910,266115,2205,completed,-21
RoundRobin,666,3658959723,264110,266130,2020,completed,-11
RoundRobin,667,3037662008,264310,266320,2010,completed,-21
RoundRobin,668,3658959723,264510,266530,2020,completed,-11
RoundRobin,669,3037662008,264710,266719,2009,completed,-21
RoundRobin,670,3658959723,264910,266929,2019,completed,-11
RoundRobin,671,3037662008,265112,267122,2010,completed,-22
RoundRobin,672,3658959723,265312,267333,2021,completed,-11
RoundRobin,673,3037662008,265512,267520,2008,completed,-22
RoundRobin,674,3658959723,265712,267734,2022,completed,-11
RoundRobin,676,3658959723,266112,268132,2020,completed,-11
RoundRobin,675,3037662008,265912,268137,2225,completed,-22
RoundRobin,677,3037662008,266312,268322,2010,completed,-22
RoundRobin,678,3658959723,266512,268532,2020,completed,-11
RoundRobin,679,3037662008,266712,268727,2015,completed,-22
RoundRobin,680,3658959723,266912,268933,2021,completed,-11
RoundRobin,681,3037662008,267114,269126,2012,completed,-22
RoundRobin,682,3658959723,267314,269334,2020,completed,-11
RoundRobin,683,3037662008,267514,269522,2008,completed,-22
RoundRobin,684,3658959723,267714,269734,2020,completed,-11
RoundRobin,686,3658959723,268114,270134,2020,completed,-11
RoundRobin,685,3037662008,267914,270162,2248,completed,-22
RoundRobin,687,3037662008,268314,270323,2009,completed,-22
RoundRobin,688,3658959723,268514,270534,2020,completed,-11
RoundRobin,689,3037662008,268714,270723,2009,completed,-22
RoundRobin,690,3658959723,268914,270934,2020,completed,-11
RoundRobin,691,3037662008,269120,271130,2010,completed,-23
RoundRobin,693,3037662008,271533,273764,2231,completed,-20
RoundRobin,695,3037662008,271933,273942,2009,completed,-20
RoundRobin,697,3037662008,272517,274526,2009,completed,-20
RoundRobin,699,3037662008,272917,274929,2012,completed,-20
RoundRobin,692,3658959723,271322,273535,2213,completed,-11
RoundRobin,701,3037662008,273317,275326,2009,completed,-21
RoundRobin,694,3658959723,271733,273869,2136,completed,-11
RoundRobin,696,3658959723,272133,274154,2021,completed,-11
RoundRobin,698,3658959723,272717,274737,2020,completed,-11
RoundRobin,700,3658959723,273117,275142,2025,completed,-11
RoundRobin,703,3037662008,273730,275739,2009,completed,-21
RoundRobin,702,3658959723,273530,275562,2032,completed,-11
RoundRobin,704,3658959723,273930,275951,2021,completed,-11
RoundRobin,705,3037662008,274130,276138,2008,completed,-21
RoundRobin,706,3658959723,274521,276542,2021,completed,-11
RoundRobin,707,3037662008,274721,276730,2009,completed,-21
RoundRobin,708,3658959723,274921,276941,2020,completed,-11
RoundRobin,709,3037662008,275121,277130,2009,completed,-21
RoundRobin,710,3658959723,275321,277341,2020,completed,-11
RoundRobin,711,3037662008,275528,277539,2011,completed,-21
RoundRobin,712,3658959723,275728,277748,2020,completed,-11
RoundRobin,713,3037662008,275928,277937,2009,completed,-21
RoundRobin,714,3658959723,276128,278148,2020,completed,-11
RoundRobin,715,3037662008,276328,278531,2203,completed,-21
RoundRobin,716,3658959723,276528,278548,2020,completed,-11
RoundRobin,717,3037662008,276728,278738,2010,completed,-21
RoundRobin,718,3658959723,276928,278947,2019,completed,-11
RoundRobin,719,3037662008,277128,279137,2009,completed,-21
RoundRobin,720,3658959723,277328,279349,2021,completed,-11
RoundRobin,721,3037662008,277532,279661,2129,completed,-21
RoundRobin,722,3658959723,277732,279776,2044,completed,-11
RoundRobin,723,3037662008,277932,279951,2019,completed,-21
RoundRobin,724,3658959723,278132,280165,2033,completed,-11
RoundRobin,726,3658959723,278532,280556,2024,completed,-11
RoundRobin,725,3037662008,278332,280545,2213,completed,-21
RoundRobin,727,3037662008,278732,280746,2014,completed,-21
RoundRobin,728,3658959723,278932,280952,2020,completed,-11
RoundRobin,729,3037662008,279132,281141,2009,completed,-22
RoundRobin,730,3658959723,279333,281560,2227,completed,-11
RoundRobin,731,3037662008,279533,281570,2037,completed,-22
RoundRobin,732,3658959723,279733,281753,2020,completed,-11
RoundRobin,733,3037662008,279933,281955,2022,completed,-22
RoundRobin,734,3658959723,280133,282160,2027,completed,-11
RoundRobin,736,3658959723,280533,282553,2020,completed,-11
RoundRobin,735,3037662008,280333,282536,2203,completed,-22
RoundRobin,737,3037662008,280733,282742,2009,completed,-22
RoundRobin,738,3658959723,280933,282953,2020,completed,-11
RoundRobin,739,3037662008,281133,283144,2011,completed,-22
RoundRobin,740,3658959723,281335,283559,2224,completed,-11
RoundRobin,741,3037662008,281537,283547,2010,completed,-22
RoundRobin,742,3658959723,281737,283757,2020,completed,-11
RoundRobin,743,3037662008,281937,283947,2010,completed,-22
RoundRobin,744,3658959723,282137,284157,2020,completed,-11
RoundRobin,745,3037662008,282337,284539,2202,completed,-22
RoundRobin,746,3658959723,282537,284557,2020,completed,-11
RoundRobin,747,3037662008,282737,284746,2009,completed,-22
RoundRobin,748,3658959723,282937,284957,2020,completed,-11
RoundRobin,749,3037662008,283137,285146,2009,completed,-21
RoundRobin,750,3658959723,283337,285551,2214,completed,-11
RoundRobin,751,3037662008,283537,285547,2010,completed,-21
RoundRobin,752,3658959723,283737,285757,2020,completed,-11
RoundRobin,753,3037662008,283937,285946,2009,completed,-21
RoundRobin,754,3658959723,284137,286157,2020,completed,-11
RoundRobin,755,3037662008,284337,286346,2009,completed,-21
RoundRobin,756,3658959723,284538,286560,2022,completed,-11
RoundRobin,757,3037662008,284738,286747,2009,completed,-21
RoundRobin,758,3658959723,284938,286958,2020,completed,-11
RoundRobin,759,3037662008,285138,287147,2009,completed,-21
RoundRobin,760,3658959723,285338,287553,2215,completed,-11
RoundRobin,761,3037662008,285538,287547,2009,completed,-21
RoundRobin,762,3658959723,285738,287759,2021,completed,-11
RoundRobin,763,3037662008,285938,287947,2009,completed,-21
RoundRobin,764,3658959723,286138,288159,2021,completed,-11
RoundRobin,766,3658959723,286538,288558,2020,completed,-11
RoundRobin,768,3658959723,288944,291143,2199,completed,-11
RoundRobin,770,3658959723,289344,291365,2021,completed,-11
RoundRobin,772,3658959723,289744,291961,2217,completed,-11
RoundRobin,774,3658959723,290144,292170,2026,completed,-11
RoundRobin,775,3658959723,290344,292365,2021,completed,-11
RoundRobin,776,3658959723,290544,292564,2020,completed,-11
RoundRobin,765,3037662008,286338,288347,2009,completed,-21
RoundRobin,767,3037662008,288741,290950,2209,completed,-21
RoundRobin,777,3658959723,290747,292962,2215,completed,-11
RoundRobin,769,3037662008,289144,291192,2048,completed,-21
RoundRobin,778,3658959723,290950,293077,2127,completed,-10
RoundRobin,780,3658959723,291350,293370,2020,completed,-10
RoundRobin,771,3037662008,289544,291553,2009,completed,-21
RoundRobin,773,3037662008,289944,291957,2013,completed,-21
RoundRobin,779,3037662008,291150,293164,2014,completed,-22
RoundRobin,782,3658959723,291942,293964,2022,completed,-10
RoundRobin,781,3037662008,291555,293566,2011,completed,-22
RoundRobin,783,3037662008,292142,294153,2011,completed,-22
RoundRobin,784,3658959723,292342,294363,2021,completed,-10
RoundRobin,785,3037662008,292542,294551,2009,completed,-22
RoundRobin,786,3658959723,292742,294762,2020,completed,-10
RoundRobin,787,3037662008,292948,294960,2012,completed,-22
RoundRobin,788,3658959723,293148,295171,2023,completed,-11
RoundRobin,789,3037662008,293348,295357,2009,completed,-21
RoundRobin,790,3658959723,293548,295568,2020,completed,-11
RoundRobin,791,3037662008,293748,295757,2009,completed,-21
RoundRobin,792,3658959723,293949,295972,2023,completed,-11
RoundRobin,793,3037662008,294149,296158,2009,completed,-21
RoundRobin,794,3658959723,294349,296369,2020,completed,-11
RoundRobin,795,3037662008,294549,296558,2009,completed,-21
RoundRobin,797,3037662008,294949,296958,2009,completed,-21
RoundRobin,796,3658959723,294749,297018,2269,completed,-11
RoundRobin,798,3658959723,295149,297172,2023,completed,-11
RoundRobin,799,3037662008,295349,297358,2009,completed,-21
RoundRobin,800,3658959723,295549,297570,2021,completed,-11
RoundRobin,801,3037662008,295749,297758,2009,completed,-21
RoundRobin,802,3658959723,295950,297977,2027,completed,-11
RoundRobin,803,3037662008,296150,298161,2011,completed,-21
RoundRobin,804,3658959723,296350,298370,2020,completed,-11
RoundRobin,805,3037662008,296550,298560,2010,completed,-21
RoundRobin,806,3658959723,296750,298965,2215,completed,-11
RoundRobin,807,3037662008,296950,298959,2009,completed,-21
RoundRobin,808,3658959723,297150,299174,2024,completed,-11
RoundRobin,809,3037662008,297350,299359,2009,completed,-22
RoundRobin,810,3658959723,297550,299570,2020,completed,-11
RoundRobin,811,3037662008,297750,299759,2009,completed,-22
RoundRobin,812,3658959723,297952,299975,2023,completed,-11
RoundRobin,813,3037662008,298152,300162,2010,completed,-22
RoundRobin,814,3658959723,298352,300373,2021,completed,-11
RoundRobin,815,3037662008,298552,300561,2009,completed,-22
RoundRobin,816,3658959723,298752,300968,2216,completed,-11
RoundRobin,817,3037662008,298952,301009,2057,completed,-22
RoundRobin,818,3658959723,299152,301174,2022,completed,-10
RoundRobin,819,3037662008,299352,301361,2009,completed,-26
RoundRobin,820,3658959723,299552,301572,2020,completed,-10
RoundRobin,821,3037662008,299752,301762,2010,completed,-26
RoundRobin,822,3658959723,299955,301977,2022,completed,-10
RoundRobin,823,3037662008,300155,302165,2010,completed,-26
RoundRobin,824,3658959723,300355,302375,2020,completed,-10
RoundRobin,825,3037662008,300555,302564,2009,completed,-26
RoundRobin,826,3658959723,300755,302774,2019,completed,-10
RoundRobin,827,3037662008,300955,302966,2011,completed,-26
RoundRobin,828,3658959723,301155,303175,2020,completed,-11
RoundRobin,829,3037662008,301355,303365,2010,completed,-24
RoundRobin,830,3658959723,301555,303577,2022,completed,-11
RoundRobin,831,3037662008,301755,303764,2009,completed,-24
RoundRobin,832,3658959723,301956,303979,2023,completed,-11
RoundRobin,833,3037662008,302156,304165,2009,completed,-24
RoundRobin,834,3658959723,302356,304377,2021,completed,-11
RoundRobin,835,3037662008,302556,304565,2009,completed,-24
RoundRobin,837,3037662008,302956,304966,2010,completed,-24
RoundRobin,836,3658959723,302756,304992,2236,completed,-11
RoundRobin,838,3658959723,303156,305177,2021,completed,-11
RoundRobin,839,3037662008,303356,305365,2009,completed,-21
RoundRobin,840,3658959723,303556,305576,2020,completed,-11
RoundRobin,841,3037662008,303756,305765,2009,completed,-21
RoundRobin,842,3658959723,303960,305984,2024,completed,-11
RoundRobin,843,3037662008,306167,308376,2209,completed,-21
RoundRobin,844,3658959723,306370,308544,2174,completed,-10
RoundRobin,845,3037662008,306570,308760,2190,completed,-21
RoundRobin,846,3658959723,306770,308791,2021,completed,-10
RoundRobin,847,3037662008,306970,308979,2009,completed,-21
RoundRobin,848,3658959723,307177,309392,2215,completed,-11
RoundRobin,849,3037662008,307386,309396,2010,completed,-24
RoundRobin,850,3658959723,307586,309607,2021,completed,-11
RoundRobin,851,3037662008,307786,309795,2009,completed,-24
RoundRobin,852,3658959723,307986,310006,2020,completed,-11
RoundRobin,854,3658959723,308573,310593,2020,completed,-11
RoundRobin,856,3658959723,308973,310992,2019,completed,-11
RoundRobin,853,3037662008,308373,311189,2816,completed,-20
RoundRobin,855,3037662008,308773,311389,2616,completed,-20
RoundRobin,858,3658959723,309394,311417,2023,completed,-11
RoundRobin,857,3037662008,309177,311497,2320,completed,-20
RoundRobin,859,3037662008,309594,311607,2013,completed,-20
RoundRobin,860,3658959723,309794,311814,2020,completed,-11
RoundRobin,861,3037662008,309994,312003,2009,completed,-20
RoundRobin,862,3658959723,310380,312401,2021,completed,-11
RoundRobin,863,3037662008,310580,312589,2009,completed,-20
RoundRobin,864,3658959723,310780,312800,2020,completed,-11
RoundRobin,865,3037662008,310980,312989,2009,completed,-20
RoundRobin,867,3037662008,311394,313468,2074,completed,-21
RoundRobin,866,3658959723,311188,313480,2292,completed,-11
RoundRobin,868,3658959723,311594,313614,2020,completed,-11
RoundRobin,869,3037662008,311794,313804,2010,completed,-21
RoundRobin,870,3658959723,311994,314014,2020,completed,-11
RoundRobin,871,3037662008,312383,314440,2057,completed,-21
RoundRobin,872,3658959723,312583,314603,2020,completed,-11
RoundRobin,873,3037662008,312783,314792,2009,completed,-21
RoundRobin,874,3658959723,312983,315004,2021,completed,-11
RoundRobin,875,3037662008,313183,315197,2014,completed,-21
RoundRobin,876,3658959723,313397,315417,2020,completed,-11
RoundRobin,877,3037662008,313597,315606,2009,completed,-21
RoundRobin,878,3658959723,313797,315818,2021,completed,-11
RoundRobin,879,3037662008,313997,316007,2010,completed,-21
RoundRobin,880,3658959723,314197,316410,2213,completed,-11
RoundRobin,881,3037662008,314397,316434,2037,completed,-21
RoundRobin,882,3658959723,314597,316618,2021,completed,-11
RoundRobin,883,3037662008,314797,316807,2010,completed,-21
RoundRobin,884,3658959723,314997,317017,2020,completed,-11
RoundRobin,885,3037662008,315197,317405,2208,completed,-22
RoundRobin,886,3658959723,315397,317418,2021,completed,-11
RoundRobin,887,3037662008,315597,317609,2012,completed,-22
RoundRobin,888,3658959723,315797,317817,2020,completed,-11
RoundRobin,889,3037662008,315997,318006,2009,completed,-22
RoundRobin,890,3658959723,316197,318412,2215,completed,-11
RoundRobin,891,3037662008,316397,318407,2010,completed,-22
RoundRobin,892,3658959723,316597,318617,2020,completed,-11
RoundRobin,893,3037662008,316797,318806,2009,completed,-22
RoundRobin,894,3658959723,316997,319017,2020,completed,-11
RoundRobin,895,3037662008,317197,319207,2010,completed,-21
RoundRobin,896,3658959723,317400,319421,2021,completed,-11
RoundRobin,897,3037662008,317600,319609,2009,completed,-21
RoundRobin,898,3658959723,317800,319820,2020,completed,-11
RoundRobin,899,3037662008,318000,320009,2009,completed,-21
RoundRobin,900,3658959723,318200,320416,2216,completed,-11
RoundRobin,901,3037662008,318400,320410,2010,completed,-21
RoundRobin,902,3658959723,318600,320620,2020,completed,-11
RoundRobin,903,3037662008,318800,320809,2009,completed,-21
RoundRobin,904,3658959723,319000,321021,2021,completed,-11
RoundRobin,905,3037662008,319200,321211,2011,completed,-21
RoundRobin,906,3658959723,319412,321451,2039,completed,-11
RoundRobin,907,3037662008,319612,321624,2012,completed,-21
RoundRobin,908,3658959723,319812,321832,2020,completed,-11
RoundRobin,909,3037662008,320012,322021,2009,completed,-21
RoundRobin,910,3658959723,320398,322419,2021,completed,-11
RoundRobin,911,3037662008,320598,322607,2009,completed,-21
RoundRobin,912,3658959723,320798,322818,2020,completed,-11
RoundRobin,913,3037662008,320998,323007,2009,completed,-21
RoundRobin,915,3037662008,321402,323413,2011,completed,-21
RoundRobin,917,3037662008,323808,326108,2300,completed,-31
RoundRobin,919,3037662008,324208,326338,2130,completed,-31
RoundRobin,921,3037662008,324608,326812,2204,completed,-31
RoundRobin,923,3037662008,325011,327021,2010,completed,-31
RoundRobin,925,3037662008,325411,327421,2010,completed,-23
RoundRobin,914,3658959723,321198,323218,2020,completed,-11
RoundRobin,916,3658959723,323607,325846,2239,completed,-20
RoundRobin,918,3658959723,324008,326119,2111,completed,-20
RoundRobin,927,3037662008,326011,328021,2010,completed,-23
RoundRobin,920,3658959723,324408,326455,2047,completed,-20
RoundRobin,922,3658959723,324811,326834,2023,completed,-20
RoundRobin,929,3037662008,326411,328420,2009,completed,-23
RoundRobin,931,3037662008,326813,328822,2009,completed,-23
RoundRobin,924,3658959723,325211,327231,2020,completed,-11
RoundRobin,926,3658959723,325811,327834,2023,completed,-11
RoundRobin,928,3658959723,326211,328232,2021,completed,-11
RoundRobin,933,3037662008,327213,329223,2010,completed,-22
RoundRobin,930,3658959723,326611,328825,2214,completed,-11
RoundRobin,932,3658959723,327013,329035,2022,completed,-11
RoundRobin,934,3658959723,327413,329435,2022,completed,-12
RoundRobin,936,3658959723,327814,329835,2021,completed,-12
RoundRobin,935,3037662008,327613,329883,2270,completed,-22
RoundRobin,937,3037662008,328014,330023,2009,completed,-22
RoundRobin,938,3658959723,328214,330236,2022,completed,-12
RoundRobin,939,3037662008,328414,330423,2009,completed,-22
RoundRobin,940,3658959723,328614,330634,2020,completed,-12
RoundRobin,941,3037662008,328815,330826,2011,completed,-22
RoundRobin,942,3658959723,329015,331036,2021,completed,-12
RoundRobin,943,3037662008,329215,331227,2012,completed,-22
RoundRobin,944,3658959723,329415,331436,2021,completed,-11
RoundRobin,945,3037662008,329615,331818,2203,completed,-22
RoundRobin,946,3658959723,329815,331835,2020,completed,-11
RoundRobin,947,3037662008,330015,332025,2010,completed,-22
RoundRobin,948,3658959723,330215,332236,2021,completed,-11
RoundRobin,949,3037662008,330415,332425,2010,completed,-22
RoundRobin,950,3658959723,330615,332636,2021,completed,-11
RoundRobin,951,3037662008,330816,332829,2013,completed,-22
RoundRobin,952,3658959723,331016,333036,2020,completed,-11
RoundRobin,953,3037662008,331216,333225,2009,completed,-22
RoundRobin,954,3658959723,331416,333436,2020,completed,-11
RoundRobin,955,3037662008,331616,333833,2217,completed,-22
RoundRobin,956,3658959723,331816,333890,2074,completed,-11
RoundRobin,957,3037662008,332016,334026,2010,completed,-22
RoundRobin,958,3658959723,332216,334238,2022,completed,-11
RoundRobin,959,3037662008,332416,334425,2009,completed,-22
RoundRobin,960,3658959723,332616,334636,2020,completed,-11
RoundRobin,961,3037662008,332818,334829,2011,completed,-22
RoundRobin,962,3658959723,333018,335038,2020,completed,-11
RoundRobin,963,3037662008,333218,335228,2010,completed,-22
RoundRobin,964,3658959723,333418,335439,2021,completed,-11
RoundRobin,965,3037662008,333618,335823,2205,completed,-22
RoundRobin,966,3658959723,333818,335840,2022,completed,-11
RoundRobin,967,3037662008,334018,336028,2010,completed,-22
RoundRobin,968,3658959723,334218,336240,2022,completed,-11
RoundRobin,969,3037662008,334418,336427,2009,completed,-22
RoundRobin,970,3658959723,334618,336638,2020,completed,-11
RoundRobin,971,3037662008,334820,336830,2010,completed,-22
RoundRobin,972,3658959723,335020,337040,2020,completed,-11
RoundRobin,973,3037662008,335220,337231,2011,completed,-22
RoundRobin,974,3658959723,335420,337440,2020,completed,-11
RoundRobin,975,3037662008,335620,337629,2009,completed,-22
RoundRobin,976,3658959723,335820,337842,2022,completed,-11
RoundRobin,977,3037662008,336020,338029,2009,completed,-22
RoundRobin,978,3658959723,336220,338241,2021,completed,-11
RoundRobin,979,3037662008,336420,338429,2009,completed,-22
RoundRobin,980,3658959723,336620,338640,2020,completed,-11
RoundRobin,981,3037662008,336822,338833,2011,completed,-22
RoundRobin,982,3658959723,337022,339042,2020,completed,-11
RoundRobin,983,3037662008,337222,339233,2011,completed,-21
RoundRobin,984,3658959723,337422,339443,2021,completed,-11
RoundRobin,986,3658959723,337822,339842,2020,completed,-11
RoundRobin,985,3037662008,337622,339857,2235,completed,-21
RoundRobin,987,3037662008,338022,340033,2011,completed,-21
RoundRobin,988,3658959723,338222,340242,2020,completed,-11
RoundRobin,989,3037662008,338422,340431,2009,completed,-21
RoundRobin,990,3658959723,338622,340642,2020,completed,-11
RoundRobin,991,3037662008,338822,340832,2010,completed,-21
RoundRobin,992,3658959723,341026,343243,2217,completed,-12
RoundRobin,993,3037662008,341232,343407,2175,completed,-21
RoundRobin,994,3658959723,341432,343452,2020,completed,-12
RoundRobin,995,3037662008,341632,343642,2010,completed,-21
RoundRobin,996,3658959723,341832,343852,2020,completed,-12
RoundRobin,997,3037662008,342229,344240,2011,completed,-21
RoundRobin,998,3658959723,342429,344449,2020,completed,-12
RoundRobin,999,3037662008,342629,344639,2010,completed,-21
RoundRobin,1000,3658959723,342829,344850,2021,completed,-12
RoundRobin,1001,3037662008,343031,345239,2208,completed,-21
RoundRobin,1002,3658959723,343240,345261,2021,completed,-11
RoundRobin,1003,3037662008,343440,345450,2010,completed,-21
RoundRobin,1004,3658959723,343640,345660,2020,completed,-11
RoundRobin,1005,3037662008,343840,345849,2009,completed,-21
RoundRobin,1006,3658959723,344236,346259,2023,completed,-11
RoundRobin,1007,3037662008,344436,346447,2011,completed,-21
RoundRobin,1008,3658959723,344636,346657,2021,completed,-11
RoundRobin,1009,3037662008,344836,346845,2009,completed,-21
RoundRobin,1010,3658959723,345238,347275,2037,completed,-11
RoundRobin,1012,3658959723,345638,347658,2020,completed,-11
RoundRobin,1014,3658959723,346230,348251,2021,completed,-11
RoundRobin,1016,3658959723,346630,348651,2021,completed,-11
RoundRobin,SUMMARY,ALL,0,0,120000,batch_complete,0
----------------,---,---,---,---,---,----------------,---
RoundRobin,1011,3037662008,345438,348505,3067,completed,-21
RoundRobin,1013,3037662008,345838,348607,2769,completed,-21
RoundRobin,1015,3037662008,346430,348760,2330,completed,-21
RoundRobin,1017,3037662008,346830,348862,2032,completed,-21
RoundRobin,1018,3658959723,352787,354810,2023,completed,-11
RoundRobin,1019,3037662008,352987,354997,2010,completed,-20
RoundRobin,1021,3037662008,353451,355461,2010,completed,-22
RoundRobin,1023,3037662008,353851,355860,2009,completed,-22
RoundRobin,1025,3037662008,354445,356454,2009,completed,-22
RoundRobin,1020,3658959723,353251,355274,2023,completed,-11
RoundRobin,1022,3658959723,353651,355671,2020,completed,-11
RoundRobin,1027,3037662008,354846,356855,2009,completed,-22
RoundRobin,1024,3658959723,354245,356268,2023,completed,-11
RoundRobin,1026,3658959723,354646,356668,2022,completed,-11
RoundRobin,1028,3658959723,355046,357318,2272,completed,-11
RoundRobin,1029,3037662008,355257,357309,2052,completed,-22
RoundRobin,1030,3658959723,355457,357477,2020,completed,-11
RoundRobin,1031,3037662008,355657,357666,2009,completed,-22
RoundRobin,1032,3658959723,355857,357877,2020,completed,-11
RoundRobin,1033,3037662008,356243,358254,2011,completed,-22
RoundRobin,1034,3658959723,358452,360668,2216,completed,-11
RoundRobin,1035,3037662008,358657,360825,2168,completed,-21
RoundRobin,1036,3658959723,358857,360878,2021,completed,-11
RoundRobin,1037,3037662008,359057,361068,2011,completed,-21
RoundRobin,1038,3658959723,359257,361277,2020,completed,-11
RoundRobin,1039,3037662008,359648,361659,2011,completed,-23
RoundRobin,1040,3658959723,359848,361868,2020,completed,-11
RoundRobin,1041,3037662008,360048,362057,2009,completed,-23
RoundRobin,1042,3658959723,360248,362268,2020,completed,-11
RoundRobin,1043,3037662008,360448,362460,2012,completed,-23
RoundRobin,1044,3658959723,360656,362678,2022,completed,-11
RoundRobin,1045,3037662008,360856,362866,2010,completed,-23
RoundRobin,1046,3658959723,361056,363076,2020,completed,-11
RoundRobin,1047,3037662008,361256,363265,2009,completed,-23
RoundRobin,1049,3037662008,361656,363666,2010,completed,-23
RoundRobin,1051,3037662008,362056,364066,2010,completed,-23
RoundRobin,1053,3037662008,362456,364468,2012,completed,-23
RoundRobin,1055,3037662008,362858,364868,2010,completed,-23
RoundRobin,1057,3037662008,363258,365267,2009,completed,-22
RoundRobin,1059,3037662008,363658,365668,2010,completed,-22
RoundRobin,1048,3658959723,361456,363476,2020,completed,-11
RoundRobin,1050,3658959723,361856,363876,2020,completed,-11
RoundRobin,1052,3658959723,362256,364277,2021,completed,-11
RoundRobin,1061,3037662008,364058,366069,2011,completed,-22
RoundRobin,1054,3658959723,362658,364681,2023,completed,-11
RoundRobin,1056,3658959723,363058,365078,2020,completed,-11
RoundRobin,1058,3658959723,363458,365478,2020,completed,-11
RoundRobin,1060,3658959723,363858,365878,2020,completed,-11
RoundRobin,1063,3037662008,364458,366660,2202,completed,-22
RoundRobin,1062,3658959723,364258,366280,2022,completed,-11
RoundRobin,1065,3037662008,364860,366870,2010,completed,-22
RoundRobin,1064,3658959723,364660,366682,2022,completed,-11
RoundRobin,1066,3658959723,365060,367083,2023,completed,-11
RoundRobin,1067,3037662008,365260,367273,2013,completed,-22
RoundRobin,1068,3658959723,365460,367480,2020,completed,-11
RoundRobin,1069,3037662008,365661,367673,2012,completed,-22
RoundRobin,1070,3658959723,365861,367892,2031,completed,-11
RoundRobin,1071,3037662008,366061,368070,2009,completed,-22
RoundRobin,1072,3658959723,366261,368281,2020,completed,-11
RoundRobin,1073,3037662008,366461,368471,2010,completed,-22
RoundRobin,1074,3658959723,366664,368687,2023,completed,-11
RoundRobin,1075,3037662008,366864,368906,2042,completed,-22
RoundRobin,1076,3658959723,367064,369084,2020,completed,-11
RoundRobin,1077,3037662008,367264,369275,2011,completed,-21
RoundRobin,1078,3658959723,367464,369485,2021,completed,-11
RoundRobin,1079,3037662008,367664,369678,2014,completed,-21
RoundRobin,1080,3658959723,367864,369885,2021,completed,-11
RoundRobin,1081,3037662008,368064,370074,2010,completed,-21
RoundRobin,1082,3658959723,368264,370285,2021,completed,-11
RoundRobin,1083,3037662008,368464,370669,2205,completed,-21
RoundRobin,1084,3658959723,368664,370685,2021,completed,-11
RoundRobin,1085,3037662008,368864,370876,2012,completed,-21
RoundRobin,1086,3658959723,369064,371086,2022,completed,-11
RoundRobin,1087,3037662008,369264,371274,2010,completed,-22
RoundRobin,1088,3658959723,369464,371484,2020,completed,-11
RoundRobin,1089,3037662008,369666,371678,2012,completed,-22
RoundRobin,1090,3658959723,369866,371886,2020,completed,-11
RoundRobin,1091,3037662008,370066,372076,2010,completed,-22
RoundRobin,1092,3658959723,370266,372286,2020,completed,-11
RoundRobin,1093,3037662008,370466,372477,2011,completed,-22
RoundRobin,1094,3658959723,370670,372692,2022,completed,-11
RoundRobin,1095,3037662008,370870,372880,2010,completed,-22
RoundRobin,1096,3658959723,371070,373090,2020,completed,-11
RoundRobin,1097,3037662008,371270,373280,2010,completed,-22
RoundRobin,1098,3658959723,371470,373683,2213,completed,-11
RoundRobin,1099,3037662008,371670,373680,2010,completed,-22
RoundRobin,1100,3658959723,371870,373890,2020,completed,-11
RoundRobin,1101,3037662008,372070,374079,2009,completed,-22
RoundRobin,1102,3658959723,372270,374290,2020,completed,-11
RoundRobin,1103,3037662008,372471,374675,2204,completed,-22
RoundRobin,1104,3658959723,372671,374691,2020,completed,-11
RoundRobin,1105,3037662008,372871,374881,2010,completed,-22
RoundRobin,1106,3658959723,373071,375091,2020,completed,-11
RoundRobin,1107,3037662008,373271,375281,2010,completed,-22
RoundRobin,1108,3658959723,373471,375492,2021,completed,-11
RoundRobin,1109,3037662008,373673,375685,2012,completed,-22
RoundRobin,1110,3658959723,375876,378091,2215,completed,-11
RoundRobin,1112,3658959723,376276,378296,2020,completed,-11
RoundRobin,1114,3658959723,376676,378697,2021,completed,-11
RoundRobin,1116,3658959723,377076,379096,2020,completed,-11
RoundRobin,1111,3037662008,376076,378088,2012,completed,-22
RoundRobin,1113,3037662008,376476,378486,2010,completed,-22
RoundRobin,1115,3037662008,376876,378886,2010,completed,-22
RoundRobin,1118,3658959723,377476,379497,2021,completed,-11
RoundRobin,1117,3037662008,377276,379286,2010,completed,-23
RoundRobin,1119,3037662008,377676,379688,2012,completed,-23
RoundRobin,1120,3658959723,377876,379898,2022,completed,-11
RoundRobin,1121,3037662008,378084,380110,2026,completed,-23
RoundRobin,1122,3658959723,378284,380309,2025,completed,-11
RoundRobin,1123,3037662008,378484,380494,2010,completed,-23
RoundRobin,1124,3658959723,378684,380705,2021,completed,-11
RoundRobin,1125,3037662008,379074,381086,2012,completed,-23
RoundRobin,1126,3658959723,379274,381295,2021,completed,-12
RoundRobin,1127,3037662008,379474,381484,2010,completed,-23
RoundRobin,1129,3037662008,379874,381884,2010,completed,-23
RoundRobin,1128,3658959723,379674,382096,2422,completed,-12
RoundRobin,1130,3658959723,380085,382238,2153,completed,-12
RoundRobin,1131,3037662008,380285,382305,2020,completed,-23
RoundRobin,1132,3658959723,380485,382506,2021,completed,-12
RoundRobin,1133,3037662008,380685,382695,2010,completed,-23
RoundRobin,1134,3658959723,381075,383097,2022,completed,-12
RoundRobin,1135,3037662008,381275,383285,2010,completed,-22
RoundRobin,1136,3658959723,381475,383496,2021,completed,-11
RoundRobin,1137,3037662008,381675,383684,2009,completed,-22
RoundRobin,1138,3658959723,381875,383895,2020,completed,-11
RoundRobin,1139,3037662008,382082,384130,2048,completed,-22
RoundRobin,1140,3658959723,382282,384313,2031,completed,-11
RoundRobin,1141,3037662008,382482,384494,2012,completed,-22
RoundRobin,1142,3658959723,382682,384702,2020,completed,-11
RoundRobin,1143,3037662008,382882,384892,2010,completed,-22
RoundRobin,1144,3658959723,383083,385106,2023,completed,-11
RoundRobin,1145,3037662008,383283,385293,2010,completed,-23
RoundRobin,1146,3658959723,383483,385504,2021,completed,-11
RoundRobin,1147,3037662008,383683,385693,2010,completed,-23
RoundRobin,1149,3037662008,384084,386095,2011,completed,-23
RoundRobin,1148,3658959723,383884,386112,2228,completed,-11
RoundRobin,1150,3658959723,384284,386304,2020,completed,-11
RoundRobin,1151,3037662008,384484,386494,2010,completed,-23
RoundRobin,1152,3658959723,384684,386704,2020,completed,-11
RoundRobin,1153,3037662008,384884,386894,2010,completed,-23
RoundRobin,1154,3658959723,385085,387107,2022,completed,-11
RoundRobin,1155,3037662008,385285,387295,2010,completed,-23
RoundRobin,1156,3658959723,385485,387505,2020,completed,-12
RoundRobin,1157,3037662008,385685,387694,2009,completed,-23
RoundRobin,1158,3658959723,385886,387908,2022,completed,-12
RoundRobin,1159,3037662008,386087,388100,2013,completed,-23
RoundRobin,1160,3658959723,386287,388308,2021,completed,-12
RoundRobin,1161,3037662008,386487,388498,2011,completed,-23
RoundRobin,1162,3658959723,386687,388708,2021,completed,-12
RoundRobin,1163,3037662008,386887,388899,2012,completed,-23
RoundRobin,1165,3037662008,387288,389298,2010,completed,-22
RoundRobin,1164,3658959723,387088,389115,2027,completed,-11
RoundRobin,1166,3658959723,387488,389509,2021,completed,-11
RoundRobin,1167,3037662008,387688,389699,2011,completed,-22
RoundRobin,1168,3658959723,387888,390104,2216,completed,-11
RoundRobin,1169,3037662008,388088,390099,2011,completed,-22
RoundRobin,1170,3658959723,388288,390309,2021,completed,-11
RoundRobin,1171,3037662008,388488,390498,2010,completed,-22
RoundRobin,1172,3658959723,388688,390709,2021,completed,-11
RoundRobin,1173,3037662008,388888,390899,2011,completed,-22
RoundRobin,1174,3658959723,389090,391113,2023,completed,-11
RoundRobin,1175,3037662008,389290,391300,2010,completed,-24
RoundRobin,1176,3658959723,389490,391510,2020,completed,-11
RoundRobin,1177,3037662008,389690,391700,2010,completed,-24
RoundRobin,1178,3658959723,389890,392106,2216,completed,-11
RoundRobin,1179,3037662008,390090,392100,2010,completed,-24
RoundRobin,1180,3658959723,390290,392311,2021,completed,-11
RoundRobin,1181,3037662008,390490,392500,2010,completed,-24
RoundRobin,1182,3658959723,390690,392711,2021,completed,-11
RoundRobin,1183,3037662008,390890,392900,2010,completed,-24
RoundRobin,1184,3658959723,393289,395506,2217,completed,-11
RoundRobin,1186,3658959723,393694,395715,2021,completed,-11
RoundRobin,1185,3037662008,393494,395755,2261,completed,-23
RoundRobin,1187,3037662008,393894,395904,2010,completed,-23
RoundRobin,1188,3658959723,394094,396114,2020,completed,-11
RoundRobin,1189,3037662008,394484,396495,2011,completed,-23
RoundRobin,1190,3658959723,394684,396706,2022,completed,-11
RoundRobin,1191,3037662008,394884,396894,2010,completed,-23
RoundRobin,1192,3658959723,395084,397104,2020,completed,-11
RoundRobin,1194,3658959723,395492,397513,2021,completed,-11
RoundRobin,1196,3658959723,395892,397912,2020,completed,-11
RoundRobin,1198,3658959723,396292,398313,2021,completed,-11
RoundRobin,1193,3037662008,395284,397294,2010,completed,-21
RoundRobin,1195,3037662008,395692,397705,2013,completed,-21
RoundRobin,1200,3658959723,396694,398716,2022,completed,-11
RoundRobin,1197,3037662008,396092,398102,2010,completed,-21
RoundRobin,1199,3037662008,396494,398506,2012,completed,-21
RoundRobin,1201,3037662008,396894,398906,2012,completed,-21
RoundRobin,1202,3658959723,397094,399114,2020,completed,-11
RoundRobin,1203,3037662008,397296,399503,2207,completed,-23
RoundRobin,1204,3658959723,397498,399519,2021,completed,-11
RoundRobin,1205,3037662008,397698,399708,2010,completed,-23
RoundRobin,1206,3658959723,397898,399919,2021,completed,-11
RoundRobin,1207,3037662008,398098,400108,2010,completed,-23
RoundRobin,1208,3658959723,398489,400510,2021,completed,-11
RoundRobin,1209,3037662008,398689,400699,2010,completed,-23
RoundRobin,1210,3658959723,398889,400910,2021,completed,-11
RoundRobin,1211,3037662008,399089,401100,2011,completed,-23
RoundRobin,1213,3037662008,399495,401554,2059,completed,-21
RoundRobin,1215,3037662008,399895,401905,2010,completed,-21
RoundRobin,1217,3037662008,400295,402305,2010,completed,-21
RoundRobin,1212,3658959723,399289,401310,2021,completed,-11
RoundRobin,1214,3658959723,399695,401716,2021,completed,-11
RoundRobin,1216,3658959723,400095,402116,2021,completed,-11
RoundRobin,1219,3037662008,400698,402709,2011,completed,-21
RoundRobin,1218,3658959723,400498,402520,2022,completed,-11
RoundRobin,1220,3658959723,400898,402922,2024,completed,-11
RoundRobin,1221,3037662008,401098,403111,2013,completed,-21
RoundRobin,1222,3658959723,401298,403322,2024,completed,-11
RoundRobin,1223,3037662008,401507,403520,2013,completed,-21
RoundRobin,1224,3658959723,401707,403728,2021,completed,-11
RoundRobin,1225,3037662008,401907,403917,2010,completed,-21
RoundRobin,1226,3658959723,402107,404127,2020,completed,-11
RoundRobin,1227,3037662008,402307,404318,2011,completed,-21
RoundRobin,1228,3658959723,402509,404531,2022,completed,-11
RoundRobin,1229,3037662008,402709,404719,2010,completed,-21
RoundRobin,1230,3658959723,402909,404929,2020,completed,-11
RoundRobin,1231,3037662008,403109,405119,2010,completed,-22
RoundRobin,1232,3658959723,403309,405329,2020,completed,-11
RoundRobin,1233,3037662008,403509,405520,2011,completed,-22
RoundRobin,1234,3658959723,403709,405730,2021,completed,-11
RoundRobin,1235,3037662008,403909,405920,2011,completed,-22
RoundRobin,1236,3658959723,404109,406130,2021,completed,-11
RoundRobin,1237,3037662008,404309,406319,2010,completed,-22
RoundRobin,1238,3658959723,404511,406534,2023,completed,-11
RoundRobin,1239,3037662008,404711,406721,2010,completed,-22
RoundRobin,1240,3658959723,404911,406933,2022,completed,-11
RoundRobin,1241,3037662008,405111,407121,2010,completed,-21
RoundRobin,1243,3037662008,405511,407522,2011,completed,-21
RoundRobin,1242,3658959723,405311,407560,2249,completed,-11
RoundRobin,1244,3658959723,405711,407734,2023,completed,-11
RoundRobin,1245,3037662008,405911,407921,2010,completed,-21
RoundRobin,1246,3658959723,406111,408131,2020,completed,-11
RoundRobin,1247,3037662008,406311,408321,2010,completed,-21
RoundRobin,1248,3658959723,406512,408537,2025,completed,-11
RoundRobin,1249,3037662008,406712,408723,2011,completed,-21
RoundRobin,1250,3658959723,406912,408933,2021,completed,-11
RoundRobin,1251,3037662008,407112,409123,2011,completed,-22
RoundRobin,1252,3658959723,407312,409528,2216,completed,-11
RoundRobin,1253,3037662008,407512,409522,2010,completed,-22
RoundRobin,1254,3658959723,407712,409733,2021,completed,-11
RoundRobin,1255,3037662008,407912,409922,2010,completed,-22
RoundRobin,1256,3658959723,408112,410134,2022,completed,-11
RoundRobin,1258,3658959723,408512,412721,4209,completed,-11
RoundRobin,1260,3658959723,410916,413010,2094,completed,-11
RoundRobin,1262,3658959723,411316,413337,2021,completed,-11
RoundRobin,1264,3658959723,411908,413930,2022,completed,-11
RoundRobin,1266,3658959723,412308,414329,2021,completed,-11
RoundRobin,1267,3658959723,412508,414528,2020,completed,-11
RoundRobin,1257,3037662008,408312,410322,2010,completed,-22
RoundRobin,1268,3658959723,412708,414728,2020,completed,-11
RoundRobin,1259,3037662008,410712,412926,2214,completed,-22
RoundRobin,1261,3037662008,411116,413126,2010,completed,-23
RoundRobin,1263,3037662008,411516,413526,2010,completed,-23
RoundRobin,1265,3037662008,412108,414118,2010,completed,-23
RoundRobin,1270,3658959723,413122,415144,2022,completed,-11
RoundRobin,1269,3037662008,412922,414938,2016,completed,-23
RoundRobin,1272,3658959723,413522,415542,2020,completed,-11
RoundRobin,1271,3037662008,413322,415333,2011,completed,-22
RoundRobin,1273,3037662008,413722,415928,2206,completed,-22
RoundRobin,1274,3658959723,413922,415942,2020,completed,-11
RoundRobin,1275,3037662008,414122,416133,2011,completed,-22
RoundRobin,1276,3658959723,414322,416342,2020,completed,-11
RoundRobin,1277,3037662008,414522,416532,2010,completed,-22
RoundRobin,1278,3658959723,414722,416937,2215,completed,-11
RoundRobin,1279,3037662008,414922,416932,2010,completed,-22
RoundRobin,1281,3037662008,415322,417332,2010,completed,-22
RoundRobin,1280,3658959723,415122,417143,2021,completed,-11
RoundRobin,1282,3658959723,415522,417542,2020,completed,-11
RoundRobin,1283,3037662008,415722,417732,2010,completed,-22
RoundRobin,1284,3658959723,415923,417946,2023,completed,-11
RoundRobin,1285,3037662008,416123,418133,2010,completed,-22
RoundRobin,1286,3658959723,416323,418344,2021,completed,-11
RoundRobin,1287,3037662008,416523,418534,2011,completed,-22
RoundRobin,1288,3658959723,416723,418743,2020,completed,-11
RoundRobin,1289,3037662008,416924,418937,2013,completed,-22
RoundRobin,1291,3037662008,417324,419334,2010,completed,-22
RoundRobin,1290,3658959723,417124,419145,2021,completed,-11
RoundRobin,1292,3658959723,417524,419545,2021,completed,-11
RoundRobin,1293,3037662008,417724,419734,2010,completed,-22
RoundRobin,1294,3658959723,417925,419947,2022,completed,-11
RoundRobin,1295,3037662008,418125,420138,2013,completed,-22
RoundRobin,1296,3658959723,418325,420347,2022,completed,-11
RoundRobin,1297,3037662008,418525,420535,2010,completed,-22
RoundRobin,1298,3658959723,418725,420944,2219,completed,-11
RoundRobin,1299,3037662008,418925,420935,2010,completed,-22
RoundRobin,1301,3037662008,419325,421336,2011,completed,-22
RoundRobin,1300,3658959723,419125,421198,2073,completed,-11
RoundRobin,1302,3658959723,419525,421546,2021,completed,-11
RoundRobin,1303,3037662008,419725,421736,2011,completed,-22
RoundRobin,1304,3658959723,419927,421950,2023,completed,-11
RoundRobin,1305,3037662008,420127,422137,2010,completed,-22
RoundRobin,1306,3658959723,420327,422347,2020,completed,-11
RoundRobin,1307,3037662008,420527,422537,2010,completed,-22
RoundRobin,1308,3658959723,420727,422943,2216,completed,-11
RoundRobin,1309,3037662008,420927,422952,2025,completed,-22
RoundRobin,1310,3658959723,421127,423148,2021,completed,-11
RoundRobin,1311,3037662008,421327,423338,2011,completed,-22
RoundRobin,1312,3658959723,421527,423548,2021,completed,-11
RoundRobin,1313,3037662008,421727,423737,2010,completed,-22
RoundRobin,1314,3658959723,421929,423953,2024,completed,-11
RoundRobin,1315,3037662008,422129,424139,2010,completed,-22
RoundRobin,1316,3658959723,422329,424350,2021,completed,-11
RoundRobin,1317,3037662008,422529,424539,2010,completed,-22
RoundRobin,1318,3658959723,422729,424945,2216,completed,-11
RoundRobin,1319,3037662008,422929,424940,2011,completed,-22
RoundRobin,1321,3037662008,423329,425340,2011,completed,-22
RoundRobin,1320,3658959723,423129,425150,2021,completed,-10
RoundRobin,1322,3658959723,423529,425552,2023,completed,-10
RoundRobin,1323,3037662008,423729,425739,2010,completed,-22
RoundRobin,1324,3658959723,423932,425955,2023,completed,-10
RoundRobin,1325,3037662008,424132,426142,2010,completed,-22
RoundRobin,1326,3658959723,424332,426353,2021,completed,-10
RoundRobin,1327,3037662008,424532,426542,2010,completed,-22
RoundRobin,1329,3037662008,424932,426942,2010,completed,-22
RoundRobin,1328,3658959723,424732,426986,2254,completed,-10
RoundRobin,1331,3037662008,425332,427342,2010,completed,-21
RoundRobin,1330,3658959723,425132,427153,2021,completed,-10
RoundRobin,1332,3658959723,425532,427553,2021,completed,-10
RoundRobin,1334,3658959723,425932,430140,4208,completed,-10
RoundRobin,1336,3658959723,428339,430435,2096,completed,-10
RoundRobin,1338,3658959723,428739,430760,2021,completed,-10
RoundRobin,1340,3658959723,429340,431361,2021,completed,-9
RoundRobin,1342,3658959723,429740,431760,2020,completed,-9
RoundRobin,1333,3037662008,425732,427742,2010,completed,-21
RoundRobin,1344,3658959723,430342,432364,2022,completed,-9
RoundRobin,1335,3037662008,428132,430351,2219,completed,-21
RoundRobin,1337,3037662008,428539,430549,2010,completed,-21
RoundRobin,1339,3037662008,428939,430949,2010,completed,-21
RoundRobin,1346,3658959723,430742,432763,2021,completed,-9
RoundRobin,1341,3037662008,429540,431550,2010,completed,-22
RoundRobin,1343,3037662008,429940,431950,2010,completed,-22
RoundRobin,1345,3037662008,430542,432553,2011,completed,-22
RoundRobin,1347,3037662008,430942,432954,2012,completed,-22
RoundRobin,1349,3037662008,431542,433554,2012,completed,-23
RoundRobin,1351,3037662008,431942,433957,2015,completed,-23
RoundRobin,1348,3658959723,431342,433364,2022,completed,-10
RoundRobin,1350,3658959723,431742,433763,2021,completed,-10
RoundRobin,1352,3658959723,432345,434368,2023,completed,-10
RoundRobin,1353,3037662008,432545,434555,2010,completed,-23
RoundRobin,1354,3658959723,432745,434767,2022,completed,-10
RoundRobin,1355,3037662008,432945,434955,2010,completed,-23
RoundRobin,1356,3658959723,433346,435369,2023,completed,-11
RoundRobin,1357,3037662008,433546,435557,2011,completed,-22
RoundRobin,1358,3658959723,433746,435767,2021,completed,-11
RoundRobin,1359,3037662008,433946,435956,2010,completed,-22
RoundRobin,1360,3658959723,434343,436385,2042,completed,-11
RoundRobin,1361,3037662008,434543,436554,2011,completed,-22
RoundRobin,1362,3658959723,434743,436764,2021,completed,-11
RoundRobin,1363,3037662008,434943,436953,2010,completed,-22
RoundRobin,1365,3037662008,435351,437416,2065,completed,-22
RoundRobin,1364,3658959723,435143,437426,2283,completed,-11
RoundRobin,1366,3658959723,435551,437572,2021,completed,-11
RoundRobin,1367,3037662008,435751,437763,2012,completed,-22
RoundRobin,1368,3658959723,435951,437985,2034,completed,-11
RoundRobin,1369,3037662008,436339,438350,2011,completed,-22
RoundRobin,1370,3658959723,436539,438560,2021,completed,-11
RoundRobin,1371,3037662008,436739,438751,2012,completed,-22
RoundRobin,1372,3658959723,436939,438969,2030,completed,-11
RoundRobin,1374,3658959723,437351,439372,2021,completed,-12
RoundRobin,1376,3658959723,437751,439777,2026,completed,-12
RoundRobin,1378,3658959723,438357,440461,2104,completed,-12
RoundRobin,1373,3037662008,437139,439149,2010,completed,-23
RoundRobin,1375,3037662008,437551,439562,2011,completed,-23
RoundRobin,1377,3037662008,437951,439962,2011,completed,-23
RoundRobin,1380,3658959723,438757,440779,2022,completed,-12
RoundRobin,1379,3037662008,438557,440569,2012,completed,-23
RoundRobin,1381,3037662008,438957,440968,2011,completed,-23
RoundRobin,1382,3658959723,439353,441385,2032,completed,-11
RoundRobin,1383,3037662008,439553,441564,2011,completed,-26
RoundRobin,1384,3658959723,439753,441774,2021,completed,-11
RoundRobin,1385,3037662008,439953,441974,2021,completed,-26
RoundRobin,1387,3037662008,440552,442562,2010,completed,-26
RoundRobin,1389,3037662008,440952,442965,2013,completed,-26
RoundRobin,1386,3658959723,440352,443935,3583,completed,-11
RoundRobin,1388,3658959723,440752,444449,3697,completed,-11
RoundRobin,1390,3658959723,441351,444644,3293,completed,-11
RoundRobin,1392,3658959723,441751,444747,2996,completed,-11
RoundRobin,1394,3658959723,442151,444851,2700,completed,-11
RoundRobin,1396,3658959723,442553,444954,2401,completed,-11
RoundRobin,1398,3658959723,442954,445057,2103,completed,-11
RoundRobin,1391,3037662008,441551,443562,2011,completed,-22
RoundRobin,1393,3037662008,441951,443965,2014,completed,-22
RoundRobin,1395,3037662008,442353,444468,2115,completed,-22
RoundRobin,1397,3037662008,442754,444765,2011,completed,-22
RoundRobin,1399,3037662008,443347,445360,2013,completed,-22
RoundRobin,1401,3037662008,445766,448315,2549,completed,-29
RoundRobin,1403,3037662008,446166,448418,2252,completed,-29
RoundRobin,1405,3037662008,446755,448766,2011,completed,-29
RoundRobin,1400,3658959723,445557,447805,2248,completed,-11
RoundRobin,1402,3658959723,445966,448339,2373,completed,-11
RoundRobin,1407,3037662008,447155,449167,2012,completed,-26
RoundRobin,1404,3658959723,446366,448773,2407,completed,-11
RoundRobin,1406,3658959723,446955,448977,2022,completed,-11
RoundRobin,1409,3037662008,447555,449566,2011,completed,-26
RoundRobin,1408,3658959723,447355,449377,2022,completed,-12
RoundRobin,1410,3658959723,447766,449911,2145,completed,-12
RoundRobin,1411,3037662008,447966,449978,2012,completed,-26
RoundRobin,1412,3658959723,448166,450188,2022,completed,-12
RoundRobin,1413,3037662008,448366,450376,2010,completed,-26
RoundRobin,1414,3658959723,448756,450778,2022,completed,-12
RoundRobin,1415,3037662008,448956,450966,2010,completed,-26
RoundRobin,1416,3658959723,449156,451177,2021,completed,-11
RoundRobin,1417,3037662008,449356,451367,2011,completed,-22
RoundRobin,1418,3658959723,449556,451578,2022,completed,-11
RoundRobin,1419,3037662008,449765,451952,2187,completed,-22
RoundRobin,1420,3658959723,449965,451987,2022,completed,-11
RoundRobin,1421,3037662008,450165,452176,2011,completed,-22
RoundRobin,1422,3658959723,450365,452389,2024,completed,-11
RoundRobin,1423,3037662008,450565,452769,2204,completed,-22
RoundRobin,1424,3658959723,450765,452785,2020,completed,-11
RoundRobin,1425,3037662008,450965,452977,2012,completed,-22
RoundRobin,1426,3658959723,451165,453187,2022,completed,-11
RoundRobin,1427,3037662008,451365,453375,2010,completed,-25
RoundRobin,1428,3658959723,451566,453781,2215,completed,-11
RoundRobin,1429,3037662008,451766,453776,2010,completed,-25
RoundRobin,1430,3658959723,451966,453987,2021,completed,-11
RoundRobin,1431,3037662008,452166,454177,2011,completed,-25
RoundRobin,1432,3658959723,452366,454387,2021,completed,-11
RoundRobin,1433,3037662008,452566,454597,2031,completed,-25
RoundRobin,1434,3658959723,452768,454847,2079,completed,-11
RoundRobin,1435,3037662008,452968,454979,2011,completed,-25
RoundRobin,1436,3658959723,453168,455189,2021,completed,-12
RoundRobin,1437,3037662008,453368,455378,2010,completed,-30
RoundRobin,1438,3658959723,453568,455787,2219,completed,-12
RoundRobin,1439,3037662008,453768,455809,2041,completed,-30
RoundRobin,1440,3658959723,453968,455990,2022,completed,-12
RoundRobin,1441,3037662008,454168,456181,2013,completed,-30
RoundRobin,1442,3658959723,454368,456390,2022,completed,-12
RoundRobin,1443,3037662008,454568,456579,2011,completed,-30
RoundRobin,1444,3658959723,454770,456794,2024,completed,-12
RoundRobin,1445,3037662008,454970,456981,2011,completed,-30
RoundRobin,1446,3658959723,455174,457202,2028,completed,-12
RoundRobin,1447,3037662008,455374,457385,2011,completed,-25
RoundRobin,1448,3658959723,455764,457833,2069,completed,-12
RoundRobin,1449,3037662008,455964,457975,2011,completed,-25
RoundRobin,1450,3658959723,456164,458193,2029,completed,-12
RoundRobin,1451,3037662008,456364,458375,2011,completed,-25
RoundRobin,1452,3658959723,456564,458585,2021,completed,-12
RoundRobin,1453,3037662008,456771,458783,2012,completed,-25
RoundRobin,1454,3658959723,456971,458992,2021,completed,-12
RoundRobin,1455,3037662008,457171,459190,2019,completed,-27
RoundRobin,1456,3658959723,457371,459392,2021,completed,-11
RoundRobin,1457,3037662008,457571,459777,2206,completed,-27
RoundRobin,1458,3658959723,457771,459793,2022,completed,-11
RoundRobin,1459,3037662008,457971,459981,2010,completed,-27
RoundRobin,1460,3658959723,458179,460202,2023,completed,-11
RoundRobin,1461,3037662008,458379,460399,2020,completed,-27
RoundRobin,1462,3658959723,458768,460790,2022,completed,-11
RoundRobin,1463,3037662008,458968,460979,2011,completed,-27
RoundRobin,1464,3658959723,459168,461189,2021,completed,-10
RoundRobin,1465,3037662008,459368,461378,2010,completed,-25
RoundRobin,1466,3658959723,459568,461601,2033,completed,-10
RoundRobin,1467,3037662008,459776,461789,2013,completed,-25
RoundRobin,1468,3658959723,459976,461998,2022,completed,-10
RoundRobin,1469,3037662008,460176,462187,2011,completed,-25
RoundRobin,1470,3658959723,460376,462397,2021,completed,-10
RoundRobin,1471,3037662008,460576,462782,2206,completed,-25
RoundRobin,1472,3658959723,462976,465191,2215,completed,-10
RoundRobin,1473,3037662008,463177,465249,2072,completed,-27
RoundRobin,1474,3658959723,463377,465399,2022,completed,-10
RoundRobin,1475,3037662008,463577,465587,2010,completed,-27
RoundRobin,1476,3658959723,463777,465798,2021,completed,-10
RoundRobin,1477,3037662008,463977,465987,2010,completed,-27
RoundRobin,1478,3658959723,464186,466208,2022,completed,-10
RoundRobin,1479,3037662008,464386,466397,2011,completed,-27
RoundRobin,1480,3658959723,464586,466607,2021,completed,-10
RoundRobin,1481,3037662008,464786,466796,2010,completed,-27
RoundRobin,1482,3658959723,465183,467205,2022,completed,-10
RoundRobin,1483,3037662008,465383,467394,2011,completed,-22
RoundRobin,1484,3658959723,465583,467604,2021,completed,-10
RoundRobin,1485,3037662008,465783,467794,2011,completed,-22
RoundRobin,1486,3658959723,465983,468204,2221,completed,-10
RoundRobin,1487,3037662008,466188,468199,2011,completed,-22
RoundRobin,1488,3658959723,466388,468409,2021,completed,-10
RoundRobin,1489,3037662008,466588,468599,2011,completed,-22
RoundRobin,1490,3658959723,466788,468808,2020,completed,-10
RoundRobin,1491,3037662008,467178,469189,2011,completed,-22
RoundRobin,1492,3658959723,467378,469399,2021,completed,-11
RoundRobin,1493,3037662008,467578,469590,2012,completed,-22
RoundRobin,1494,3658959723,467778,469799,2021,completed,-11
RoundRobin,1495,3037662008,467978,469988,2010,completed,-22
RoundRobin,1496,3658959723,468191,470216,2025,completed,-11
RoundRobin,1497,3037662008,468391,470402,2011,completed,-22
RoundRobin,1498,3658959723,468591,470612,2021,completed,-11
RoundRobin,1499,3037662008,468791,470802,2011,completed,-22
RoundRobin,1500,3658959723,469188,471211,2023,completed,-11
RoundRobin,1501,3037662008,469388,471399,2011,completed,-23
RoundRobin,1502,3658959723,469588,471609,2021,completed,-11
RoundRobin,1503,3037662008,469788,471798,2010,completed,-23
RoundRobin,1504,3658959723,469988,472203,2215,completed,-11
RoundRobin,1505,3037662008,470192,472203,2011,completed,-23
RoundRobin,1506,3658959723,470392,472413,2021,completed,-11
RoundRobin,1507,3037662008,470592,472604,2012,completed,-23
RoundRobin,1508,3658959723,470792,472814,2022,completed,-11
RoundRobin,1509,3037662008,471184,473197,2013,completed,-22
RoundRobin,1510,3658959723,471384,473405,2021,completed,-11
RoundRobin,1511,3037662008,471584,473595,2011,completed,-22
RoundRobin,1512,3658959723,471784,473805,2021,completed,-11
RoundRobin,1513,3037662008,471984,473995,2011,completed,-22
RoundRobin,1514,3658959723,472197,474218,2021,completed,-11
RoundRobin,1515,3037662008,472397,474409,2012,completed,-22
RoundRobin,1516,3658959723,472597,474619,2022,completed,-11
RoundRobin,SUMMARY,ALL,0,0,120000,batch_complete,0
----------------,---,---,---,---,---,----------------,---
RoundRobin,1517,3037662008,480642,482725,2083,completed,-23
RoundRobin,1518,3658959723,480842,482863,2021,completed,-10
RoundRobin,1519,3037662008,481042,483054,2012,completed,-23
RoundRobin,1520,3658959723,481242,483267,2025,completed,-10
RoundRobin,1521,3037662008,481581,483593,2012,completed,-21
RoundRobin,1522,3658959723,481781,483802,2021,completed,-10
RoundRobin,1523,3037662008,481981,483991,2010,completed,-21
RoundRobin,1524,3658959723,482181,484204,2023,completed,-10
RoundRobin,1525,3037662008,482381,484392,2011,completed,-21
RoundRobin,1526,3658959723,482589,484612,2023,completed,-10
RoundRobin,1527,3037662008,482789,484800,2011,completed,-21
RoundRobin,1528,3658959723,482989,485012,2023,completed,-10
RoundRobin,1529,3037662008,483189,485200,2011,completed,-22
RoundRobin,1530,3658959723,483389,485602,2213,completed,-11
RoundRobin,1531,3037662008,483589,485599,2010,completed,-22
RoundRobin,1532,3658959723,483789,485810,2021,completed,-11
RoundRobin,1533,3037662008,483989,485999,2010,completed,-22
RoundRobin,1534,3658959723,484189,486212,2023,completed,-11
RoundRobin,1535,3037662008,484389,486401,2012,completed,-22
RoundRobin,1536,3658959723,484593,486615,2022,completed,-11
RoundRobin,1537,3037662008,484793,486804,2011,completed,-22
RoundRobin,1538,3658959723,484993,487015,2022,completed,-11
RoundRobin,1539,3037662008,485193,487204,2011,completed,-21
RoundRobin,1540,3658959723,485393,487610,2217,completed,-11
RoundRobin,1541,3037662008,485593,487605,2012,completed,-21
RoundRobin,1542,3658959723,485793,487815,2022,completed,-11
RoundRobin,1543,3037662008,485993,488003,2010,completed,-21
RoundRobin,1544,3658959723,486193,488214,2021,completed,-11
RoundRobin,1545,3037662008,486394,488599,2205,completed,-21
RoundRobin,1546,3658959723,486594,488615,2021,completed,-11
RoundRobin,1547,3037662008,486794,488805,2011,completed,-21
RoundRobin,1548,3658959723,486994,489015,2021,completed,-11
RoundRobin,1550,3658959723,487394,489415,2021,completed,-11
RoundRobin,1549,3037662008,487194,489206,2012,completed,-20
RoundRobin,1551,3037662008,487600,489615,2015,completed,-20
RoundRobin,1552,3658959723,487800,489821,2021,completed,-11
RoundRobin,1553,3037662008,488000,490011,2011,completed,-20
RoundRobin,1554,3658959723,488200,490222,2022,completed,-11
RoundRobin,1555,3037662008,488591,490604,2013,completed,-20
RoundRobin,1556,3658959723,488791,490812,2021,completed,-11
RoundRobin,1557,3037662008,488991,491001,2010,completed,-20
RoundRobin,1558,3658959723,489198,491220,2022,completed,-11
RoundRobin,1559,3037662008,489398,491602,2204,completed,-21
RoundRobin,1560,3658959723,489598,491619,2021,completed,-11
RoundRobin,1561,3037662008,489798,491810,2012,completed,-21
RoundRobin,1562,3658959723,489998,492019,2021,completed,-11
RoundRobin,1563,3037662008,490198,492208,2010,completed,-21
RoundRobin,1564,3658959723,490398,492615,2217,completed,-11
RoundRobin,1565,3037662008,490598,492609,2011,completed,-21
RoundRobin,1566,3658959723,490798,492819,2021,completed,-11
RoundRobin,1567,3037662008,490998,493008,2010,completed,-21
RoundRobin,1568,3658959723,491198,493219,2021,completed,-11
RoundRobin,1569,3037662008,491398,493409,2011,completed,-20
RoundRobin,1570,3658959723,491600,493624,2024,completed,-11
RoundRobin,1571,3037662008,491800,493811,2011,completed,-20
RoundRobin,1572,3658959723,492000,494022,2022,completed,-11
RoundRobin,1573,3037662008,492200,494210,2010,completed,-20
RoundRobin,1574,3658959723,492400,494631,2231,completed,-11
RoundRobin,1575,3037662008,492600,494647,2047,completed,-20
RoundRobin,1576,3658959723,492800,494822,2022,completed,-11
RoundRobin,1577,3037662008,493000,495012,2012,completed,-20
RoundRobin,1578,3658959723,493200,495222,2022,completed,-11
RoundRobin,1579,3037662008,493400,495411,2011,completed,-20
RoundRobin,1580,3658959723,493602,495627,2025,completed,-11
RoundRobin,1581,3037662008,493802,495813,2011,completed,-20
RoundRobin,1582,3658959723,494002,496023,2021,completed,-11
RoundRobin,1583,3037662008,494202,496215,2013,completed,-20
RoundRobin,1584,3658959723,494402,496619,2217,completed,-11
RoundRobin,1585,3037662008,494602,496615,2013,completed,-20
RoundRobin,1586,3658959723,494802,496824,2022,completed,-11
RoundRobin,1587,3037662008,495002,497013,2011,completed,-20
RoundRobin,1588,3658959723,495202,497223,2021,completed,-11
RoundRobin,1590,3658959723,495602,497626,2024,completed,-11
RoundRobin,1592,3658959723,498018,500280,2262,completed,-12
RoundRobin,1594,3658959723,498418,500439,2021,completed,-12
RoundRobin,1596,3658959723,498818,501032,2214,completed,-12
RoundRobin,1598,3658959723,499218,501243,2025,completed,-11
RoundRobin,1600,3658959723,499618,501640,2022,completed,-11
RoundRobin,1589,3037662008,495402,497413,2011,completed,-21
RoundRobin,1602,3658959723,500022,502055,2033,completed,-11
RoundRobin,1591,3037662008,497814,500026,2212,completed,-20
RoundRobin,1593,3037662008,498218,500323,2105,completed,-20
RoundRobin,1604,3658959723,500422,502443,2021,completed,-11
RoundRobin,1595,3037662008,498618,500629,2011,completed,-20
RoundRobin,1597,3037662008,499018,501122,2104,completed,-20
RoundRobin,1599,3037662008,499418,501429,2011,completed,-21
RoundRobin,1606,3658959723,500822,503037,2215,completed,-11
RoundRobin,1601,3037662008,499820,502026,2206,completed,-21
RoundRobin,1608,3658959723,501224,503256,2032,completed,-11
RoundRobin,1603,3037662008,500222,502234,2012,completed,-21
RoundRobin,1605,3037662008,500622,502634,2012,completed,-21
RoundRobin,1607,3037662008,501024,503037,2013,completed,-21
RoundRobin,1610,3658959723,501624,503645,2021,completed,-11
RoundRobin,1609,3037662008,501424,503438,2014,completed,-23
RoundRobin,1612,3658959723,502025,504047,2022,completed,-11
RoundRobin,1611,3037662008,501824,504029,2205,completed,-23
RoundRobin,1613,3037662008,502225,504238,2013,completed,-23
RoundRobin,1614,3658959723,502425,504446,2021,completed,-11
RoundRobin,1615,3037662008,502625,504637,2012,completed,-23
RoundRobin,1616,3658959723,502825,505040,2215,completed,-11
RoundRobin,1617,3037662008,503025,505036,2011,completed,-23
RoundRobin,1618,3658959723,503225,505246,2021,completed,-11
RoundRobin,1619,3037662008,503425,505436,2011,completed,-21
RoundRobin,1620,3658959723,503625,505646,2021,completed,-11
RoundRobin,1622,3658959723,504025,506046,2021,completed,-11
RoundRobin,1621,3037662008,503825,506071,2246,completed,-21
RoundRobin,1623,3037662008,504225,506240,2015,completed,-21
RoundRobin,1624,3658959723,504425,506447,2022,completed,-11
RoundRobin,1625,3037662008,504625,506636,2011,completed,-21
RoundRobin,1626,3658959723,504825,506846,2021,completed,-11
RoundRobin,1627,3037662008,505027,507042,2015,completed,-21
RoundRobin,1628,3658959723,505227,507248,2021,completed,-11
RoundRobin,1629,3037662008,505427,507438,2011,completed,-22
RoundRobin,1630,3658959723,505627,507648,2021,completed,-11
RoundRobin,1631,3037662008,505827,508033,2206,completed,-22
RoundRobin,1632,3658959723,506027,508080,2053,completed,-11
RoundRobin,1633,3037662008,506227,508238,2011,completed,-22
RoundRobin,1634,3658959723,506427,508448,2021,completed,-11
RoundRobin,1635,3037662008,506627,508639,2012,completed,-22
RoundRobin,1636,3658959723,506827,508848,2021,completed,-11
RoundRobin,1637,3037662008,507028,509041,2013,completed,-22
RoundRobin,1638,3658959723,507228,509249,2021,completed,-11
RoundRobin,1639,3037662008,507428,509439,2011,completed,-21
RoundRobin,1640,3658959723,507628,509649,2021,completed,-11
RoundRobin,1641,3037662008,507828,510072,2244,completed,-21
RoundRobin,1643,3037662008,508228,510241,2013,completed,-21
RoundRobin,1645,3037662008,508628,510640,2012,completed,-21
RoundRobin,1647,3037662008,509028,511039,2011,completed,-21
RoundRobin,1642,3658959723,508028,510129,2101,completed,-11
RoundRobin,1644,3658959723,508428,510450,2022,completed,-11
RoundRobin,1646,3658959723,508828,510849,2021,completed,-11
RoundRobin,1649,3037662008,509429,511440,2011,completed,-21
RoundRobin,1648,3658959723,509229,511253,2024,completed,-11
RoundRobin,1650,3658959723,509629,511650,2021,completed,-11
RoundRobin,1651,3037662008,509830,512038,2208,completed,-21
RoundRobin,1652,3658959723,510030,512053,2023,completed,-11
RoundRobin,1653,3037662008,510230,512241,2011,completed,-21
RoundRobin,1654,3658959723,510430,512555,2125,completed,-11
RoundRobin,1655,3037662008,510630,512641,2011,completed,-21
RoundRobin,1656,3658959723,510830,512853,2023,completed,-11
RoundRobin,1657,3037662008,511034,513049,2015,completed,-21
RoundRobin,1658,3658959723,511234,513255,2021,completed,-11
RoundRobin,1659,3037662008,511434,513445,2011,completed,-22
RoundRobin,1660,3658959723,511634,513655,2021,completed,-11
RoundRobin,1661,3037662008,511834,514037,2203,completed,-22
RoundRobin,1662,3658959723,512034,514055,2021,completed,-11
RoundRobin,1667,3037662008,515231,517538,2307,completed,-22
RoundRobin,1669,3037662008,515635,517657,2022,completed,-22
RoundRobin,1671,3037662008,516035,518046,2011,completed,-22
RoundRobin,1673,3037662008,516435,518446,2011,completed,-22
RoundRobin,1674,3037662008,516635,518647,2012,completed,-22
RoundRobin,1675,3037662008,516835,518849,2014,completed,-22
RoundRobin,1676,3037662008,517035,519046,2011,completed,-22
RoundRobin,1663,3037662008,512234,514246,2012,completed,-22
RoundRobin,1664,3658959723,512434,514455,2021,completed,-11
RoundRobin,1665,3037662008,512634,514648,2014,completed,-22
RoundRobin,1677,3037662008,517237,519443,2206,completed,-23
RoundRobin,1678,3037662008,517437,519549,2112,completed,-23
RoundRobin,1679,3037662008,517637,519652,2015,completed,-23
RoundRobin,1666,3037662008,517835,519846,2011,completed,-23
RoundRobin,1680,3037662008,517838,519955,2117,completed,-23
RoundRobin,1681,3037662008,518038,520058,2020,completed,-23
RoundRobin,1682,3037662008,518238,520446,2208,completed,-23
RoundRobin,1683,3037662008,518438,520549,2111,completed,-23
RoundRobin,1684,3037662008,518638,520652,2014,completed,-23
RoundRobin,1685,3037662008,518838,520849,2011,completed,-23
RoundRobin,1686,3037662008,519038,521048,2010,completed,-23
RoundRobin,1668,3658959723,515435,517604,2169,completed,-11
RoundRobin,1670,3658959723,515835,517856,2021,completed,-11
RoundRobin,1688,3037662008,519446,521458,2012,completed,-21
RoundRobin,1672,3658959723,516235,518450,2215,completed,-11
RoundRobin,1690,3037662008,519846,521857,2011,completed,-21
RoundRobin,1687,3658959723,519238,521262,2024,completed,-12
RoundRobin,1689,3658959723,519646,521670,2024,completed,-12
RoundRobin,1691,3658959723,520046,522068,2022,completed,-12
RoundRobin,1692,3037662008,520246,522454,2208,completed,-21
RoundRobin,1693,3658959723,520446,522468,2022,completed,-12
RoundRobin,1694,3037662008,520646,522657,2011,completed,-21
RoundRobin,1695,3658959723,520846,522867,2021,completed,-12
RoundRobin,1696,3037662008,521046,523057,2011,completed,-21
RoundRobin,1697,3658959723,521246,523464,2218,completed,-11
RoundRobin,1698,3037662008,521450,523462,2012,completed,-24
RoundRobin,1699,3658959723,521650,523671,2021,completed,-11
RoundRobin,1700,3037662008,521850,523862,2012,completed,-24
RoundRobin,1701,3658959723,522050,524071,2021,completed,-11
RoundRobin,1702,3037662008,522250,524455,2205,completed,-24
RoundRobin,1703,3658959723,522450,524472,2022,completed,-11
RoundRobin,1704,3037662008,522650,524661,2011,completed,-24
RoundRobin,1705,3658959723,522850,524871,2021,completed,-11
RoundRobin,1706,3037662008,523050,525061,2011,completed,-24
RoundRobin,1708,3037662008,523453,525466,2013,completed,-22
RoundRobin,1707,3658959723,523250,525271,2021,completed,-12
RoundRobin,1709,3658959723,523653,525676,2023,completed,-12
RoundRobin,1710,3037662008,523853,525864,2011,completed,-22
RoundRobin,1711,3658959723,524053,526074,2021,completed,-12
RoundRobin,1712,3037662008,524253,526457,2204,completed,-22
RoundRobin,1713,3658959723,524453,526474,2021,completed,-12
RoundRobin,1714,3037662008,524653,526665,2012,completed,-22
RoundRobin,1715,3658959723,524853,526875,2022,completed,-12
RoundRobin,1716,3037662008,525053,527064,2011,completed,-22
RoundRobin,1717,3658959723,525253,527474,2221,completed,-12
RoundRobin,1718,3037662008,525458,527469,2011,completed,-22
RoundRobin,1719,3658959723,525658,527680,2022,completed,-12
RoundRobin,1720,3037662008,525858,527869,2011,completed,-22
RoundRobin,1721,3658959723,526058,528080,2022,completed,-12
RoundRobin,1722,3037662008,526449,528461,2012,completed,-22
RoundRobin,1723,3658959723,526649,528671,2022,completed,-12
RoundRobin,1724,3037662008,526849,528860,2011,completed,-22
RoundRobin,1725,3658959723,527049,529070,2021,completed,-12
RoundRobin,1726,3037662008,527249,529464,2215,completed,-22
RoundRobin,1727,3658959723,527458,529480,2022,completed,-11
RoundRobin,1728,3037662008,527658,529669,2011,completed,-22
RoundRobin,1729,3658959723,527858,529879,2021,completed,-11
RoundRobin,1730,3037662008,528058,530070,2012,completed,-22
RoundRobin,1731,3658959723,528258,530472,2214,completed,-11
RoundRobin,1732,3037662008,528458,530469,2011,completed,-22
RoundRobin,1733,3658959723,528658,530680,2022,completed,-11
RoundRobin,1734,3037662008,528858,530869,2011,completed,-22
RoundRobin,1735,3658959723,529058,531079,2021,completed,-11
RoundRobin,1736,3037662008,529258,531469,2211,completed,-21
RoundRobin,1737,3658959723,529463,531485,2022,completed,-11
RoundRobin,1738,3037662008,529663,531675,2012,completed,-21
RoundRobin,1739,3658959723,529863,531885,2022,completed,-11
RoundRobin,1740,3037662008,530063,532074,2011,completed,-21
RoundRobin,1741,3658959723,530455,532478,2023,completed,-11
RoundRobin,1742,3037662008,532661,534872,2211,completed,-23
RoundRobin,1743,3658959723,532864,534978,2114,completed,-11
RoundRobin,1744,3037662008,533064,535095,2031,completed,-23
RoundRobin,1745,3658959723,533264,535285,2021,completed,-11
RoundRobin,1746,3037662008,533464,535476,2012,completed,-23
RoundRobin,1747,3658959723,533664,535880,2216,completed,-11
RoundRobin,1748,3037662008,533864,535875,2011,completed,-23
RoundRobin,1749,3658959723,534064,536085,2021,completed,-11
RoundRobin,1750,3037662008,534264,536275,2011,completed,-23
RoundRobin,1751,3658959723,534464,536485,2021,completed,-11
RoundRobin,1752,3037662008,534664,536676,2012,completed,-23
RoundRobin,1753,3658959723,534868,536891,2023,completed,-11
RoundRobin,1754,3037662008,535068,537080,2012,completed,-23
RoundRobin,1755,3658959723,535268,537290,2022,completed,-11
RoundRobin,1756,3037662008,535468,537481,2013,completed,-21
RoundRobin,1757,3658959723,535668,537883,2215,completed,-11
RoundRobin,1758,3037662008,535868,537881,2013,completed,-21
RoundRobin,1759,3658959723,536068,538089,2021,completed,-11
RoundRobin,1760,3037662008,536268,538287,2019,completed,-21
RoundRobin,1761,3658959723,536468,538489,2021,completed,-11
RoundRobin,1762,3037662008,536670,538875,2205,completed,-21
RoundRobin,1763,3658959723,536870,538903,2033,completed,-11
RoundRobin,1764,3037662008,537070,539081,2011,completed,-21
RoundRobin,1765,3658959723,537270,539291,2021,completed,-11
RoundRobin,1766,3037662008,537470,539481,2011,completed,-21
RoundRobin,1767,3658959723,537670,539883,2213,completed,-11
RoundRobin,1768,3037662008,537870,539881,2011,completed,-21
RoundRobin,1769,3658959723,538070,540091,2021,completed,-11
RoundRobin,1770,3037662008,538270,540281,2011,completed,-21
RoundRobin,1771,3658959723,538470,540491,2021,completed,-11
RoundRobin,1772,3037662008,538670,540879,2209,completed,-21
RoundRobin,1773,3658959723,538870,540892,2022,completed,-11
RoundRobin,1774,3037662008,539070,541081,2011,completed,-21
RoundRobin,1775,3658959723,539270,541291,2021,completed,-11
RoundRobin,1776,3037662008,539470,541481,2011,completed,-20
RoundRobin,1777,3658959723,539670,541691,2021,completed,-11
RoundRobin,1778,3037662008,539871,541886,2015,completed,-20
RoundRobin,1779,3658959723,540071,542092,2021,completed,-11
RoundRobin,1780,3037662008,540271,542284,2013,completed,-20
RoundRobin,1781,3658959723,540471,542493,2022,completed,-11
RoundRobin,1783,3658959723,540872,542893,2021,completed,-11
RoundRobin,1782,3037662008,540672,542921,2249,completed,-20
RoundRobin,1784,3037662008,541072,543083,2011,completed,-20
RoundRobin,1785,3658959723,541272,543294,2022,completed,-11
RoundRobin,1786,3037662008,541472,543483,2011,completed,-21
RoundRobin,1787,3658959723,541672,543693,2021,completed,-11
RoundRobin,1788,3037662008,541874,543887,2013,completed,-21
RoundRobin,1789,3658959723,542074,544096,2022,completed,-11
RoundRobin,1790,3037662008,542274,544285,2011,completed,-21
RoundRobin,1791,3658959723,542474,544495,2021,completed,-11
RoundRobin,1792,3037662008,542674,544880,2206,completed,-21
RoundRobin,1793,3658959723,542874,544895,2021,completed,-11
RoundRobin,1794,3037662008,543074,545085,2011,completed,-21
RoundRobin,1795,3658959723,543274,545296,2022,completed,-11
RoundRobin,1796,3037662008,543474,545486,2012,completed,-22
RoundRobin,1797,3658959723,543674,545696,2022,completed,-11
RoundRobin,1798,3037662008,543877,545889,2012,completed,-22
RoundRobin,1799,3658959723,544077,546098,2021,completed,-11
RoundRobin,1800,3037662008,544277,546289,2012,completed,-22
RoundRobin,1801,3658959723,544477,546498,2021,completed,-11
RoundRobin,1802,3037662008,544677,546882,2205,completed,-22
RoundRobin,1803,3658959723,544877,546898,2021,completed,-11
RoundRobin,1804,3037662008,545077,547089,2012,completed,-22
RoundRobin,1805,3658959723,545277,547302,2025,completed,-11
RoundRobin,1806,3037662008,545477,547488,2011,completed,-20
RoundRobin,1807,3658959723,545677,547698,2021,completed,-11
RoundRobin,1808,3037662008,545878,547891,2013,completed,-20
RoundRobin,1809,3658959723,546078,548099,2021,completed,-11
RoundRobin,1810,3037662008,546278,548290,2012,completed,-20
RoundRobin,1811,3658959723,546478,548499,2021,completed,-11
RoundRobin,1812,3037662008,546678,548885,2207,completed,-20
RoundRobin,1813,3658959723,546878,548901,2023,completed,-11
RoundRobin,1814,3037662008,547078,549091,2013,completed,-20
RoundRobin,1815,3658959723,547278,549299,2021,completed,-11
RoundRobin,1816,3037662008,547478,549489,2011,completed,-21
RoundRobin,1817,3658959723,547678,549701,2023,completed,-11
RoundRobin,1818,3037662008,547878,552086,4208,completed,-21
RoundRobin,1819,3658959723,550083,552301,2218,completed,-11
RoundRobin,1820,3037662008,550294,552444,2150,completed,-21
RoundRobin,1821,3658959723,550494,552516,2022,completed,-11
RoundRobin,1822,3037662008,550694,552706,2012,completed,-21
RoundRobin,1823,3658959723,550894,552915,2021,completed,-11
RoundRobin,1824,3037662008,551289,553306,2017,completed,-22
RoundRobin,1825,3658959723,551489,553510,2021,completed,-12
RoundRobin,1826,3037662008,551689,553700,2011,completed,-22
RoundRobin,1827,3658959723,551889,553910,2021,completed,-12
RoundRobin,1829,3658959723,552291,554327,2036,completed,-12
RoundRobin,1828,3037662008,552089,554319,2230,completed,-22
RoundRobin,1830,3037662008,552491,554503,2012,completed,-22
RoundRobin,1831,3658959723,552691,554712,2021,completed,-12
RoundRobin,1832,3037662008,552891,554902,2011,completed,-22
RoundRobin,1833,3658959723,553091,555315,2224,completed,-11
RoundRobin,1834,3037662008,553299,555313,2014,completed,-23
RoundRobin,1835,3658959723,553499,555524,2025,completed,-11
RoundRobin,1836,3037662008,553699,555710,2011,completed,-23
RoundRobin,1837,3658959723,553899,555952,2053,completed,-11
RoundRobin,1838,3037662008,554294,556307,2013,completed,-23
RoundRobin,1839,3658959723,554494,556515,2021,completed,-11
RoundRobin,1840,3037662008,554694,556705,2011,completed,-23
RoundRobin,1841,3658959723,554894,556915,2021,completed,-11
RoundRobin,1843,3658959723,555305,557338,2033,completed,-12
RoundRobin,1842,3037662008,555094,557430,2336,completed,-23
RoundRobin,1844,3037662008,555505,557561,2056,completed,-23
RoundRobin,1845,3658959723,555705,557726,2021,completed,-12
RoundRobin,1846,3037662008,555905,557917,2012,completed,-23
RoundRobin,1847,3658959723,556298,558338,2040,completed,-12
RoundRobin,1848,3037662008,556498,558509,2011,completed,-23
RoundRobin,1849,3658959723,556698,558719,2021,completed,-12
RoundRobin,1850,3037662008,556898,558910,2012,completed,-23
RoundRobin,1851,3658959723,557098,559329,2231,completed,-11
RoundRobin,1852,3037662008,557298,559319,2021,completed,-25
RoundRobin,1853,3658959723,557498,559521,2023,completed,-11
RoundRobin,1854,3037662008,557698,559710,2012,completed,-25
RoundRobin,1855,3658959723,557898,559920,2022,completed,-11
RoundRobin,1856,3037662008,558098,560310,2212,completed,-25
RoundRobin,1857,3658959723,558303,560329,2026,completed,-11
RoundRobin,1858,3037662008,558503,560515,2012,completed,-25
RoundRobin,1859,3658959723,558703,560726,2023,completed,-11
RoundRobin,1860,3037662008,558903,560914,2011,completed,-25
RoundRobin,1861,3658959723,559302,561337,2035,completed,-12
RoundRobin,1862,3037662008,559502,561514,2012,completed,-23
RoundRobin,1863,3658959723,559702,561723,2021,completed,-12
RoundRobin,1864,3037662008,559902,561913,2011,completed,-23
RoundRobin,1865,3658959723,560102,562317,2215,completed,-12
RoundRobin,1866,3037662008,560305,562343,2038,completed,-23
RoundRobin,1867,3658959723,560505,562528,2023,completed,-12
RoundRobin,1868,3037662008,560705,562717,2012,completed,-23
RoundRobin,1869,3658959723,560905,562927,2022,completed,-12
RoundRobin,1870,3037662008,561309,563321,2012,completed,-21
RoundRobin,1871,3658959723,561509,563530,2021,completed,-11
RoundRobin,1872,3037662008,561709,563720,2011,completed,-21
RoundRobin,1873,3658959723,561909,563931,2022,completed,-11
RoundRobin,1874,3037662008,562305,564317,2012,completed,-21
RoundRobin,1875,3658959723,562505,564527,2022,completed,-11
RoundRobin,1876,3037662008,562705,564719,2014,completed,-21
RoundRobin,1877,3658959723,562905,564927,2022,completed,-11
RoundRobin,1878,3037662008,563105,565314,2209,completed,-22
RoundRobin,1879,3658959723,563314,565336,2022,completed,-11
RoundRobin,1880,3037662008,563514,565526,2012,completed,-22
RoundRobin,1881,3658959723,563714,565748,2034,completed,-11
RoundRobin,1882,3037662008,563914,565925,2011,completed,-22
RoundRobin,1883,3658959723,564308,566330,2022,completed,-11
RoundRobin,1884,3037662008,564508,566520,2012,completed,-22
RoundRobin,1885,3658959723,564708,566730,2022,completed,-11
RoundRobin,1886,3037662008,564908,566919,2011,completed,-22
RoundRobin,1887,3658959723,565108,567329,2221,completed,-11
RoundRobin,1889,3658959723,567719,569780,2061,completed,-11
RoundRobin,1888,3037662008,567506,570075,2569,completed,-20
RoundRobin,1891,3658959723,568119,570140,2021,completed,-11
RoundRobin,1890,3037662008,567919,570183,2264,completed,-20
RoundRobin,1892,3037662008,568319,570331,2012,completed,-20
RoundRobin,1893,3658959723,568701,570724,2023,completed,-11
RoundRobin,1894,3037662008,568901,570915,2014,completed,-20
RoundRobin,1895,3658959723,569101,571122,2021,completed,-11
RoundRobin,1896,3037662008,569301,571314,2013,completed,-20
RoundRobin,1897,3658959723,569501,571550,2049,completed,-11
RoundRobin,1898,3037662008,569710,571723,2013,completed,-20
RoundRobin,1899,3658959723,569910,571932,2022,completed,-11
RoundRobin,1900,3037662008,570110,572122,2012,completed,-20
RoundRobin,1901,3658959723,570310,572332,2022,completed,-11
RoundRobin,1902,3037662008,570510,572718,2208,completed,-20
RoundRobin,1903,3658959723,570710,572825,2115,completed,-11
RoundRobin,1904,3037662008,570910,572922,2012,completed,-20
RoundRobin,1905,3658959723,571110,573132,2022,completed,-11
RoundRobin,1906,3037662008,571310,573348,2038,completed,-20
RoundRobin,1907,3658959723,571510,573532,2022,completed,-12
RoundRobin,1908,3037662008,571713,573728,2015,completed,-20
RoundRobin,1909,3658959723,571913,573934,2021,completed,-12
RoundRobin,1910,3037662008,572113,574124,2011,completed,-20
RoundRobin,1911,3658959723,572313,574334,2021,completed,-12
RoundRobin,1912,3037662008,572513,574716,2203,completed,-20
RoundRobin,1913,3658959723,572713,574735,2022,completed,-12
RoundRobin,1914,3037662008,572913,574925,2012,completed,-20
RoundRobin,1915,3658959723,573113,575135,2022,completed,-12
RoundRobin,1916,3037662008,573313,575338,2025,completed,-22
RoundRobin,1917,3658959723,573513,575535,2022,completed,-11
RoundRobin,1918,3037662008,573716,575729,2013,completed,-22
RoundRobin,1919,3658959723,573916,575976,2060,completed,-11
RoundRobin,1920,3037662008,574116,576127,2011,completed,-22
RoundRobin,1921,3658959723,574316,576338,2022,completed,-11
RoundRobin,1923,3658959723,574716,576747,2031,completed,-11
RoundRobin,1922,3037662008,574516,576736,2220,completed,-22
RoundRobin,1924,3037662008,574916,576928,2012,completed,-22
RoundRobin,1925,3658959723,575116,577139,2023,completed,-11
RoundRobin,1926,3037662008,575316,577328,2012,completed,-21
RoundRobin,1927,3658959723,575516,577538,2022,completed,-11
RoundRobin,1928,3037662008,575719,577732,2013,completed,-21
RoundRobin,1929,3658959723,575919,577941,2022,completed,-11
RoundRobin,1930,3037662008,576119,578130,2011,completed,-21
RoundRobin,1931,3658959723,576319,578340,2021,completed,-11
RoundRobin,1932,3037662008,576519,578724,2205,completed,-21
RoundRobin,1933,3658959723,576719,578740,2021,completed,-11
RoundRobin,1934,3037662008,576919,578931,2012,completed,-21
RoundRobin,1935,3658959723,577119,579140,2021,completed,-11
RoundRobin,1936,3037662008,577319,579330,2011,completed,-21
RoundRobin,1937,3658959723,577520,579736,2216,completed,-12
RoundRobin,1938,3037662008,577720,579732,2012,completed,-21
RoundRobin,1939,3658959723,577920,579941,2021,completed,-12
RoundRobin,1940,3037662008,578120,580131,2011,completed,-21
RoundRobin,1941,3658959723,578320,580341,2021,completed,-12
RoundRobin,1942,3037662008,578520,580532,2012,completed,-21
RoundRobin,1943,3658959723,578721,580744,2023,completed,-12
RoundRobin,1944,3037662008,578921,580933,2012,completed,-21
RoundRobin,1945,3658959723,579121,581171,2050,completed,-12
RoundRobin,1946,3037662008,579321,581332,2011,completed,-21
RoundRobin,1947,3658959723,579522,581544,2022,completed,-11
RoundRobin,1948,3037662008,579723,581736,2013,completed,-21
RoundRobin,1949,3658959723,579923,581945,2022,completed,-11
RoundRobin,1950,3037662008,580123,582135,2012,completed,-21
RoundRobin,1951,3658959723,580323,582345,2022,completed,-11
RoundRobin,1952,3037662008,580523,582535,2012,completed,-21
RoundRobin,1953,3658959723,580726,582749,2023,completed,-11
RoundRobin,1954,3037662008,580926,582938,2012,completed,-21
RoundRobin,1955,3658959723,581126,583148,2022,completed,-11
RoundRobin,1956,3037662008,581326,583338,2012,completed,-20
RoundRobin,1957,3658959723,581526,583748,2222,completed,-12
RoundRobin,1958,3037662008,581726,583767,2041,completed,-20
RoundRobin,1959,3658959723,581926,583948,2022,completed,-12
RoundRobin,1960,3037662008,582126,584137,2011,completed,-20
RoundRobin,1961,3658959723,582326,584347,2021,completed,-12
RoundRobin,1962,3037662008,582526,584732,2206,completed,-20
RoundRobin,1963,3658959723,584925,587162,2237,completed,-11
RoundRobin,1964,3037662008,585126,587309,2183,completed,-22
RoundRobin,1965,3658959723,585326,587349,2023,completed,-12
RoundRobin,1966,3037662008,585526,587539,2013,completed,-22
RoundRobin,1967,3658959723,585726,587747,2021,completed,-12
RoundRobin,1968,3037662008,585926,588130,2204,completed,-22
RoundRobin,1969,3658959723,586126,588147,2021,completed,-12
RoundRobin,1970,3037662008,586326,588338,2012,completed,-22
RoundRobin,1971,3658959723,586526,588548,2022,completed,-12
RoundRobin,1972,3037662008,586726,588738,2012,completed,-22
RoundRobin,1973,3658959723,586926,588948,2022,completed,-12
RoundRobin,1974,3037662008,587129,589147,2018,completed,-22
RoundRobin,1975,3658959723,587329,589351,2022,completed,-15
RoundRobin,1976,3037662008,587529,589540,2011,completed,-19
RoundRobin,1977,3658959723,587729,589750,2021,completed,-15
RoundRobin,1978,3037662008,587929,589940,2011,completed,-19
RoundRobin,1979,3658959723,588129,590156,2027,completed,-15
RoundRobin,1980,3037662008,588329,590340,2011,completed,-19
RoundRobin,1981,3658959723,588529,590550,2021,completed,-15
RoundRobin,1982,3037662008,588729,590740,2011,completed,-19
RoundRobin,1983,3658959723,588929,590951,2022,completed,-15
RoundRobin,1984,3037662008,589132,591147,2015,completed,-19
RoundRobin,1985,3658959723,589332,591356,2024,completed,-11
RoundRobin,1986,3037662008,589532,591544,2012,completed,-20
RoundRobin,1987,3658959723,589732,591756,2024,completed,-11
RoundRobin,1988,3037662008,589932,592136,2204,completed,-20
RoundRobin,1989,3658959723,590132,592153,2021,completed,-11
RoundRobin,1990,3037662008,590332,592344,2012,completed,-20
RoundRobin,1991,3658959723,590532,592554,2022,completed,-11
RoundRobin,1992,3037662008,590732,592744,2012,completed,-20
RoundRobin,1993,3658959723,590932,592954,2022,completed,-11
RoundRobin,1994,3037662008,591135,593148,2013,completed,-20
RoundRobin,1995,3658959723,591335,593357,2022,completed,-11
RoundRobin,1996,3037662008,591535,593547,2012,completed,-21
RoundRobin,1997,3658959723,591735,593756,2021,completed,-11
RoundRobin,1998,3037662008,591935,594140,2205,completed,-21
RoundRobin,1999,3658959723,592135,594157,2022,completed,-11
RoundRobin,2000,3037662008,592335,594348,2013,completed,-21
RoundRobin,2001,3658959723,592535,594556,2021,completed,-11
RoundRobin,2002,3037662008,592735,594746,2011,completed,-21
RoundRobin,2003,3658959723,592936,595155,2219,completed,-11
RoundRobin,2004,3037662008,593136,595149,2013,completed,-21
RoundRobin,2005,3658959723,593336,595358,2022,completed,-11
RoundRobin,2006,3037662008,593536,595548,2012,completed,-21
RoundRobin,2007,3658959723,593736,595758,2022,completed,-11
RoundRobin,2008,3037662008,593936,595948,2012,completed,-21
RoundRobin,2009,3658959723,594137,596161,2024,completed,-11
RoundRobin,2010,3037662008,594337,596349,2012,completed,-21
RoundRobin,2011,3658959723,594537,596558,2021,completed,-11
RoundRobin,2012,3037662008,594737,596749,2012,completed,-21
RoundRobin,2013,3658959723,594938,596960,2022,completed,-11
RoundRobin,2014,3037662008,595139,597153,2014,completed,-21
RoundRobin,2015,3658959723,595339,597362,2023,completed,-10
RoundRobin,2016,3037662008,595539,597552,2013,completed,-22
RoundRobin,2017,3658959723,595739,597783,2044,completed,-10
RoundRobin,2018,3037662008,595939,597950,2011,completed,-22
RoundRobin,2019,3658959723,596140,598163,2023,completed,-10
RoundRobin,2020,3037662008,596340,598351,2011,completed,-22
RoundRobin,2021,3658959723,596540,598562,2022,completed,-10
RoundRobin,2022,3037662008,596740,598752,2012,completed,-22
RoundRobin,2023,3658959723,596940,599157,2217,completed,-10
RoundRobin,2024,3037662008,597140,599152,2012,completed,-22
RoundRobin,2025,3658959723,597340,599363,2023,completed,-10
RoundRobin,2026,3037662008,597540,599552,2012,completed,-20
RoundRobin,2027,3658959723,597740,599762,2022,completed,-10
RoundRobin,2028,3037662008,597940,599951,2011,completed,-20
RoundRobin,2029,3658959723,598142,600166,2024,completed,-10
RoundRobin,2030,3037662008,598342,600357,2015,completed,-20
RoundRobin,2031,3658959723,598542,600564,2022,completed,-10
RoundRobin,2032,3037662008,598742,600757,2015,completed,-20
RoundRobin,SUMMARY,ALL,0,0,121706,batch_complete,0
----------------,---,---,---,---,---,----------------,---
RoundRobin,2033,3658959723,598942,601159,2217,completed,-10
RoundRobin,2034,3037662008,599142,601153,2011,completed,-20
RoundRobin,2035,3658959723,599342,601365,2023,completed,-11
RoundRobin,2036,3037662008,599542,601554,2012,completed,-21
RoundRobin,2037,3658959723,599742,601764,2022,completed,-11
RoundRobin,2039,3658959723,600143,602165,2022,completed,-11
RoundRobin,2038,3658959723,604943,606965,2022,completed,-10
RoundRobin,2040,3037662008,614652,616666,2014,completed,-20
RoundRobin,2041,3658959723,614852,616874,2022,completed,-10
RoundRobin,2042,3037662008,615052,617065,2013,completed,-20
RoundRobin,2043,3658959723,615252,617274,2022,completed,-10
RoundRobin,2044,3037662008,615555,617569,2014,completed,-20
RoundRobin,2045,3658959723,615755,617779,2024,completed,-10
RoundRobin,2046,3037662008,615955,617969,2014,completed,-20
RoundRobin,2047,3658959723,616155,618176,2021,completed,-10
RoundRobin,2048,3037662008,616356,618566,2210,completed,-20
RoundRobin,2049,3658959723,616557,618597,2040,completed,-10
RoundRobin,2050,3037662008,616757,618770,2013,completed,-20
RoundRobin,2051,3658959723,616957,618979,2022,completed,-10
RoundRobin,2052,3037662008,617157,619168,2011,completed,-20
RoundRobin,2053,3658959723,617357,619380,2023,completed,-11
RoundRobin,2054,3037662008,617563,619587,2024,completed,-21
RoundRobin,2056,3037662008,619975,622015,2040,completed,-21
RoundRobin,2055,3658959723,619771,622151,2380,completed,-11
RoundRobin,2058,3037662008,620376,622390,2014,completed,-21
RoundRobin,2057,3658959723,620176,622421,2245,completed,-11
RoundRobin,2059,3658959723,620576,622600,2024,completed,-11
RoundRobin,2060,3037662008,620968,622981,2013,completed,-21
RoundRobin,2061,3658959723,621168,623190,2022,completed,-11
RoundRobin,2062,3037662008,621368,623380,2012,completed,-21
RoundRobin,2063,3658959723,621568,623590,2022,completed,-11
RoundRobin,2064,3037662008,621768,623780,2012,completed,-21
RoundRobin,2065,3658959723,621976,623999,2023,completed,-11
RoundRobin,2066,3037662008,622176,624188,2012,completed,-21
RoundRobin,2067,3658959723,622376,624399,2023,completed,-11
RoundRobin,2068,3037662008,622576,624597,2021,completed,-21
RoundRobin,2069,3658959723,622776,624990,2214,completed,-11
RoundRobin,2070,3037662008,622976,624987,2011,completed,-21
RoundRobin,2071,3658959723,623176,625198,2022,completed,-11
RoundRobin,2072,3037662008,623376,625388,2012,completed,-21
RoundRobin,2073,3658959723,623576,625597,2021,completed,-11
RoundRobin,2074,3037662008,623778,625984,2206,completed,-21
RoundRobin,2075,3658959723,623978,626001,2023,completed,-11
RoundRobin,2076,3037662008,624178,626191,2013,completed,-21
RoundRobin,2077,3658959723,624378,626400,2022,completed,-11
RoundRobin,2078,3037662008,624578,626590,2012,completed,-21
RoundRobin,2079,3658959723,624778,626993,2215,completed,-11
RoundRobin,2080,3037662008,624978,626992,2014,completed,-21
RoundRobin,2081,3658959723,625185,627209,2024,completed,-11
RoundRobin,2082,3037662008,625385,627398,2013,completed,-21
RoundRobin,2083,3658959723,625585,627607,2022,completed,-11
RoundRobin,2084,3037662008,625974,627987,2013,completed,-21
RoundRobin,2085,3658959723,626181,628204,2023,completed,-11
RoundRobin,2086,3037662008,626381,628393,2012,completed,-21
RoundRobin,2087,3658959723,626581,628603,2022,completed,-11
RoundRobin,2088,3037662008,626781,628985,2204,completed,-21
RoundRobin,2089,3658959723,626981,629003,2022,completed,-11
RoundRobin,2090,3037662008,627181,629194,2013,completed,-21
RoundRobin,2091,3658959723,627381,629403,2022,completed,-11
RoundRobin,2092,3037662008,627581,629593,2012,completed,-22
RoundRobin,2093,3658959723,627781,629804,2023,completed,-11
RoundRobin,2094,3037662008,627982,630014,2032,completed,-22
RoundRobin,2095,3658959723,628186,630210,2024,completed,-11
RoundRobin,2097,3658959723,628586,630608,2022,completed,-11
RoundRobin,2096,3037662008,628386,630991,2605,completed,-22
RoundRobin,2099,3658959723,628986,631008,2022,completed,-11
RoundRobin,2098,3037662008,628786,631094,2308,completed,-22
RoundRobin,2100,3037662008,629187,631202,2015,completed,-22
RoundRobin,2101,3658959723,629387,631410,2023,completed,-11
RoundRobin,2102,3037662008,629587,631600,2013,completed,-23
RoundRobin,2103,3658959723,629787,632002,2215,completed,-11
RoundRobin,2104,3037662008,629987,631999,2012,completed,-23
RoundRobin,2105,3658959723,630187,632209,2022,completed,-11
RoundRobin,2106,3037662008,630387,632400,2013,completed,-23
RoundRobin,2107,3658959723,630587,632609,2022,completed,-11
RoundRobin,2108,3037662008,630787,632799,2012,completed,-23
RoundRobin,2109,3658959723,630987,633012,2025,completed,-11
RoundRobin,2110,3037662008,631187,633201,2014,completed,-23
RoundRobin,2111,3658959723,631387,633409,2022,completed,-12
RoundRobin,2112,3037662008,631587,633599,2012,completed,-22
RoundRobin,2113,3658959723,631787,633808,2021,completed,-12
RoundRobin,2114,3037662008,631989,634003,2014,completed,-22
RoundRobin,2115,3658959723,632190,634214,2024,completed,-12
RoundRobin,2116,3037662008,632390,634402,2012,completed,-22
RoundRobin,2117,3658959723,632590,634612,2022,completed,-12
RoundRobin,2118,3037662008,632790,634995,2205,completed,-22
RoundRobin,2119,3658959723,632990,635012,2022,completed,-12
RoundRobin,2120,3037662008,633194,635207,2013,completed,-22
RoundRobin,2121,3658959723,633394,635417,2023,completed,-11
RoundRobin,2122,3037662008,633594,635606,2012,completed,-22
RoundRobin,2123,3658959723,633986,636008,2022,completed,-11
RoundRobin,2124,3037662008,634187,636201,2014,completed,-22
RoundRobin,2125,3658959723,634387,636411,2024,completed,-11
RoundRobin,2126,3037662008,634587,636599,2012,completed,-22
RoundRobin,2127,3658959723,634787,636815,2028,completed,-11
RoundRobin,2128,3037662008,634993,637009,2016,completed,-22
RoundRobin,2129,3658959723,637198,639418,2220,completed,-11
RoundRobin,2130,3037662008,637406,639589,2183,completed,-21
RoundRobin,2131,3658959723,637606,639628,2022,completed,-11
RoundRobin,2132,3037662008,637806,639818,2012,completed,-21
RoundRobin,2133,3658959723,638006,640028,2022,completed,-11
RoundRobin,2134,3037662008,638394,640408,2014,completed,-21
RoundRobin,2135,3658959723,638594,640616,2022,completed,-11
RoundRobin,2136,3037662008,638794,640806,2012,completed,-21
RoundRobin,2137,3658959723,638994,641016,2022,completed,-11
RoundRobin,2138,3037662008,639194,641206,2012,completed,-21
RoundRobin,2139,3658959723,639415,641470,2055,completed,-11
RoundRobin,2140,3037662008,639615,641627,2012,completed,-20
RoundRobin,2141,3658959723,639815,641837,2022,completed,-11
RoundRobin,2142,3037662008,640015,642028,2013,completed,-20
RoundRobin,2143,3658959723,640397,642420,2023,completed,-11
RoundRobin,2144,3037662008,640597,642609,2012,completed,-20
RoundRobin,2145,3658959723,640797,642820,2023,completed,-11
RoundRobin,2146,3037662008,640997,643009,2012,completed,-20
RoundRobin,2147,3658959723,641198,643221,2023,completed,-11
RoundRobin,2149,3658959723,641613,643635,2022,completed,-11
RoundRobin,2151,3658959723,642013,644034,2021,completed,-11
RoundRobin,2153,3658959723,642413,644435,2022,completed,-11
RoundRobin,2155,3658959723,642813,644835,2022,completed,-11
RoundRobin,2157,3658959723,643213,645430,2217,completed,-12
RoundRobin,2159,3658959723,643615,645637,2022,completed,-12
RoundRobin,2148,3037662008,641413,644487,3074,completed,-21
RoundRobin,2150,3037662008,641813,644740,2927,completed,-21
RoundRobin,2152,3037662008,642213,644842,2629,completed,-21
RoundRobin,2154,3037662008,642613,645029,2416,completed,-21
RoundRobin,2161,3658959723,644015,646038,2023,completed,-12
RoundRobin,2156,3037662008,643013,645424,2411,completed,-21
RoundRobin,2158,3037662008,643415,645791,2376,completed,-21
RoundRobin,2160,3037662008,643815,645893,2078,completed,-21
RoundRobin,2163,3658959723,644417,646442,2025,completed,-12
RoundRobin,2162,3037662008,644215,646420,2205,completed,-21
RoundRobin,2164,3037662008,644617,646630,2013,completed,-21
RoundRobin,2165,3658959723,644817,646839,2022,completed,-12
RoundRobin,2166,3037662008,645017,647029,2012,completed,-21
RoundRobin,2167,3658959723,645217,648446,3229,completed,-11
RoundRobin,2169,3658959723,645617,648555,2938,completed,-11
RoundRobin,2171,3658959723,646017,648658,2641,completed,-11
RoundRobin,2173,3658959723,646417,648761,2344,completed,-11
RoundRobin,2175,3658959723,646817,648864,2047,completed,-11
RoundRobin,2168,3037662008,645417,647449,2032,completed,-21
RoundRobin,2170,3037662008,645817,647829,2012,completed,-21
RoundRobin,2172,3037662008,646217,648229,2012,completed,-21
RoundRobin,2174,3037662008,646617,648629,2012,completed,-21
RoundRobin,2177,3658959723,647217,649455,2238,completed,-11
RoundRobin,2176,3037662008,647017,649030,2013,completed,-21
RoundRobin,2179,3658959723,647619,649641,2022,completed,-11
RoundRobin,2178,3037662008,647419,649445,2026,completed,-21
RoundRobin,2180,3037662008,647819,649838,2019,completed,-21
RoundRobin,2181,3658959723,648019,650041,2022,completed,-11
RoundRobin,2182,3037662008,648219,650232,2013,completed,-21
RoundRobin,2183,3658959723,648420,650443,2023,completed,-11
RoundRobin,2184,3037662008,648620,650635,2015,completed,-21
RoundRobin,2185,3658959723,648820,650842,2022,completed,-11
RoundRobin,2186,3037662008,649020,651033,2013,completed,-21
RoundRobin,2188,3037662008,649420,651441,2021,completed,-22
RoundRobin,2190,3037662008,649820,651833,2013,completed,-22
RoundRobin,2192,3037662008,650220,652236,2016,completed,-22
RoundRobin,2194,3037662008,650621,652637,2016,completed,-22
RoundRobin,2196,3037662008,651021,653036,2015,completed,-22
RoundRobin,2198,3037662008,651423,653436,2013,completed,-21
RoundRobin,2187,3658959723,649220,651450,2230,completed,-16
RoundRobin,2189,3658959723,649620,651647,2027,completed,-16
RoundRobin,2200,3037662008,651823,653836,2013,completed,-21
RoundRobin,2191,3658959723,650020,652048,2028,completed,-16
RoundRobin,2193,3658959723,650421,652455,2034,completed,-16
RoundRobin,2195,3658959723,650821,652850,2029,completed,-16
RoundRobin,2202,3037662008,652223,654460,2237,completed,-21
RoundRobin,2197,3658959723,651221,653439,2218,completed,-12
RoundRobin,2199,3658959723,651623,653677,2054,completed,-12
RoundRobin,2201,3658959723,652023,654074,2051,completed,-12
RoundRobin,2203,3658959723,652428,654471,2043,completed,-12
RoundRobin,2204,3037662008,654635,656848,2213,completed,-26
RoundRobin,2205,3658959723,654839,656944,2105,completed,-12
RoundRobin,2206,3037662008,655039,657051,2012,completed,-26
RoundRobin,2207,3658959723,655239,657261,2022,completed,-11
RoundRobin,2208,3037662008,655439,657452,2013,completed,-20
RoundRobin,2209,3658959723,655639,657856,2217,completed,-11
RoundRobin,2210,3037662008,655839,657854,2015,completed,-20
RoundRobin,2211,3658959723,656039,658062,2023,completed,-11
RoundRobin,2212,3037662008,656239,658258,2019,completed,-20
RoundRobin,2213,3658959723,656439,658461,2022,completed,-11
RoundRobin,2215,3658959723,656840,658862,2022,completed,-11
RoundRobin,2214,3037662008,656640,658911,2271,completed,-20
RoundRobin,2216,3037662008,657040,659053,2013,completed,-20
RoundRobin,2217,3658959723,657240,659262,2022,completed,-11
RoundRobin,2218,3037662008,657440,659452,2012,completed,-20
RoundRobin,2219,3658959723,657640,659663,2023,completed,-11
RoundRobin,2220,3037662008,657842,659855,2013,completed,-20
RoundRobin,2221,3658959723,658042,660065,2023,completed,-11
RoundRobin,2222,3037662008,658242,660273,2031,completed,-20
RoundRobin,2223,3658959723,658442,660464,2022,completed,-11
RoundRobin,2224,3037662008,658642,660849,2207,completed,-20
RoundRobin,2225,3658959723,658842,660864,2022,completed,-11
RoundRobin,2226,3037662008,659042,661054,2012,completed,-20
RoundRobin,2227,3658959723,659242,661265,2023,completed,-10
RoundRobin,2228,3037662008,659442,661454,2012,completed,-23
RoundRobin,2229,3658959723,659642,661664,2022,completed,-10
RoundRobin,2230,3037662008,659843,661857,2014,completed,-23
RoundRobin,2231,3658959723,660043,662066,2023,completed,-10
RoundRobin,2232,3037662008,660243,662257,2014,completed,-23
RoundRobin,2233,3658959723,660443,662468,2025,completed,-10
RoundRobin,2234,3037662008,660643,662656,2013,completed,-23
RoundRobin,2235,3658959723,660844,662871,2027,completed,-10
RoundRobin,2236,3037662008,661044,663056,2012,completed,-23
RoundRobin,2237,3658959723,661244,663266,2022,completed,-10
RoundRobin,2238,3037662008,661444,663457,2013,completed,-29
RoundRobin,2239,3658959723,661644,663666,2022,completed,-10
RoundRobin,2240,3037662008,661844,663858,2014,completed,-29
RoundRobin,2241,3658959723,662044,664067,2023,completed,-10
RoundRobin,2242,3037662008,662244,664257,2013,completed,-29
RoundRobin,2243,3658959723,662444,664466,2022,completed,-10
RoundRobin,2245,3658959723,662844,664866,2022,completed,-10
RoundRobin,2244,3037662008,662644,664865,2221,completed,-29
RoundRobin,2246,3037662008,663044,665056,2012,completed,-29
RoundRobin,2247,3658959723,663244,665267,2023,completed,-10
RoundRobin,2248,3037662008,663444,665456,2012,completed,-20
RoundRobin,2249,3658959723,663644,665666,2022,completed,-10
RoundRobin,2250,3037662008,663846,665861,2015,completed,-20
RoundRobin,2251,3658959723,664046,666068,2022,completed,-10
RoundRobin,2252,3037662008,664246,666259,2013,completed,-20
RoundRobin,2253,3658959723,664446,666469,2023,completed,-10
RoundRobin,2254,3037662008,664646,666853,2207,completed,-20
RoundRobin,2255,3658959723,664846,666868,2022,completed,-10
RoundRobin,2256,3037662008,665046,667059,2013,completed,-20
RoundRobin,2257,3658959723,665246,667268,2022,completed,-11
RoundRobin,2258,3037662008,665446,667459,2013,completed,-21
RoundRobin,2259,3658959723,665646,667668,2022,completed,-11
RoundRobin,2260,3037662008,665850,667864,2014,completed,-21
RoundRobin,2261,3658959723,666050,668073,2023,completed,-11
RoundRobin,2262,3037662008,666250,668262,2012,completed,-21
RoundRobin,2263,3658959723,666450,668472,2022,completed,-11
RoundRobin,2264,3037662008,666650,668859,2209,completed,-21
RoundRobin,2265,3658959723,666850,668872,2022,completed,-11
RoundRobin,2266,3037662008,667050,669064,2014,completed,-21
RoundRobin,2267,3658959723,667250,669272,2022,completed,-11
RoundRobin,2268,3037662008,667454,669472,2018,completed,-21
RoundRobin,2269,3658959723,667847,669878,2031,completed,-11
RoundRobin,2270,3037662008,668047,670059,2012,completed,-21
RoundRobin,2271,3658959723,668247,670269,2022,completed,-11
RoundRobin,2272,3037662008,668447,670459,2012,completed,-21
RoundRobin,2273,3658959723,668647,670894,2247,completed,-11
RoundRobin,2275,3658959723,669048,671071,2023,completed,-11
RoundRobin,2274,3037662008,668848,671354,2506,completed,-20
RoundRobin,2277,3658959723,669448,671471,2023,completed,-11
RoundRobin,2276,3037662008,669248,671457,2209,completed,-20
RoundRobin,2278,3037662008,669648,671662,2014,completed,-20
RoundRobin,2279,3658959723,669854,671878,2024,completed,-11
RoundRobin,2281,3658959723,672261,674468,2207,completed,-11
RoundRobin,2283,3658959723,672661,674744,2083,completed,-11
RoundRobin,2285,3658959723,673061,675084,2023,completed,-11
RoundRobin,2280,3037662008,672061,674269,2208,completed,-22
RoundRobin,2282,3037662008,672461,674614,2153,completed,-22
RoundRobin,2287,3658959723,673468,675492,2024,completed,-10
RoundRobin,2284,3037662008,672861,674873,2012,completed,-22
RoundRobin,2289,3658959723,673868,675890,2022,completed,-10
RoundRobin,2286,3037662008,673268,675281,2013,completed,-21
RoundRobin,2288,3037662008,673668,675682,2014,completed,-21
RoundRobin,2290,3037662008,674271,676287,2016,completed,-21
RoundRobin,2291,3658959723,674471,676493,2022,completed,-10
RoundRobin,2292,3037662008,674671,676693,2022,completed,-21
RoundRobin,2293,3658959723,674871,676894,2023,completed,-10
RoundRobin,2294,3037662008,675268,677286,2018,completed,-22
RoundRobin,2295,3658959723,675468,677491,2023,completed,-10
RoundRobin,2296,3037662008,675668,677681,2013,completed,-22
RoundRobin,2297,3658959723,675868,677890,2022,completed,-10
RoundRobin,2298,3037662008,676068,678276,2208,completed,-22
RoundRobin,2299,3658959723,676273,678296,2023,completed,-10
RoundRobin,2300,3037662008,676473,678486,2013,completed,-22
RoundRobin,2301,3658959723,676673,678696,2023,completed,-10
RoundRobin,2302,3037662008,676873,678885,2012,completed,-22
RoundRobin,2304,3037662008,677471,679483,2012,completed,-21
RoundRobin,2303,3658959723,677271,679294,2023,completed,-10
RoundRobin,2305,3658959723,677671,679693,2022,completed,-10
RoundRobin,2306,3037662008,677871,679884,2013,completed,-21
RoundRobin,2307,3658959723,678071,680329,2258,completed,-10
RoundRobin,2308,3037662008,678275,680319,2044,completed,-21
RoundRobin,2309,3658959723,678475,680498,2023,completed,-10
RoundRobin,2310,3037662008,678675,680687,2012,completed,-21
RoundRobin,2311,3658959723,678875,680897,2022,completed,-10
RoundRobin,2312,3037662008,679274,681287,2013,completed,-21
RoundRobin,2313,3658959723,679474,681496,2022,completed,-11
RoundRobin,2314,3037662008,679674,681686,2012,completed,-21
RoundRobin,2315,3658959723,679874,681896,2022,completed,-11
RoundRobin,2316,3037662008,680074,682295,2221,completed,-21
RoundRobin,2317,3658959723,680276,682306,2030,completed,-11
RoundRobin,2318,3037662008,680476,682489,2013,completed,-21
RoundRobin,2319,3658959723,680676,682698,2022,completed,-11
RoundRobin,2320,3037662008,680876,682892,2016,completed,-21
RoundRobin,2322,3037662008,681279,683293,2014,completed,-22
RoundRobin,2321,3658959723,681076,683293,2217,completed,-11
RoundRobin,2323,3658959723,681479,683503,2024,completed,-11
RoundRobin,2324,3037662008,681679,683691,2012,completed,-22
RoundRobin,2325,3658959723,681879,683902,2023,completed,-11
RoundRobin,2326,3037662008,682278,684291,2013,completed,-22
RoundRobin,2327,3658959723,682478,684500,2022,completed,-11
RoundRobin,2328,3037662008,682678,684690,2012,completed,-22
RoundRobin,2329,3658959723,682878,684900,2022,completed,-11
RoundRobin,2330,3037662008,683078,685286,2208,completed,-21
RoundRobin,2331,3658959723,683284,685307,2023,completed,-10
RoundRobin,2332,3037662008,683484,685497,2013,completed,-21
RoundRobin,2333,3658959723,683684,685707,2023,completed,-10
RoundRobin,2334,3037662008,683884,685896,2012,completed,-21
RoundRobin,2335,3658959723,684281,686303,2022,completed,-10
RoundRobin,2336,3037662008,684481,686494,2013,completed,-21
RoundRobin,2337,3658959723,684681,686706,2025,completed,-10
RoundRobin,2338,3037662008,684881,686894,2013,completed,-21
RoundRobin,2339,3658959723,685081,687305,2224,completed,-11
RoundRobin,2340,3037662008,685285,687299,2014,completed,-21
RoundRobin,2341,3658959723,685485,687520,2035,completed,-11
RoundRobin,2342,3037662008,685685,687699,2014,completed,-21
RoundRobin,2343,3658959723,685885,687907,2022,completed,-11
RoundRobin,2348,3037662008,687084,689303,2219,completed,-21
RoundRobin,2349,3658959723,689482,691744,2262,completed,-11
RoundRobin,2351,3658959723,689889,691914,2025,completed,-11
RoundRobin,2353,3658959723,690289,692311,2022,completed,-11
RoundRobin,2344,3037662008,686284,688335,2051,completed,-21
RoundRobin,2345,3658959723,686484,688506,2022,completed,-11
RoundRobin,2346,3037662008,686684,688697,2013,completed,-21
RoundRobin,2347,3658959723,686884,688906,2022,completed,-11
RoundRobin,2350,3037662008,689689,692161,2472,completed,-21
RoundRobin,2355,3658959723,690879,692901,2022,completed,-11
RoundRobin,2352,3037662008,690089,692435,2346,completed,-21
RoundRobin,2354,3037662008,690679,692713,2034,completed,-21
RoundRobin,2356,3037662008,691079,693092,2013,completed,-21
RoundRobin,2358,3037662008,691479,693493,2014,completed,-23
RoundRobin,2357,3658959723,691279,693302,2023,completed,-11
RoundRobin,2360,3037662008,691889,693903,2014,completed,-23
RoundRobin,2359,3658959723,691689,693963,2274,completed,-11
RoundRobin,2361,3658959723,692089,694218,2129,completed,-11
RoundRobin,2362,3037662008,692289,694301,2012,completed,-23
RoundRobin,2363,3658959723,692489,694705,2216,completed,-11
RoundRobin,2364,3037662008,692689,694701,2012,completed,-23
RoundRobin,2365,3658959723,692889,694911,2022,completed,-11
RoundRobin,2366,3037662008,693089,695103,2014,completed,-23
RoundRobin,2367,3658959723,693289,695312,2023,completed,-10
RoundRobin,2368,3037662008,693489,695502,2013,completed,-21
RoundRobin,2369,3658959723,693692,695717,2025,completed,-10
RoundRobin,2370,3037662008,693892,695904,2012,completed,-21
RoundRobin,2371,3658959723,694092,696117,2025,completed,-10
RoundRobin,2372,3037662008,694292,696316,2024,completed,-21
RoundRobin,2373,3658959723,694492,696515,2023,completed,-10
RoundRobin,2374,3037662008,694694,696718,2024,completed,-21
RoundRobin,2375,3658959723,694894,696917,2023,completed,-10
RoundRobin,2376,3037662008,695094,697106,2012,completed,-21
RoundRobin,2377,3658959723,695294,697324,2030,completed,-10
RoundRobin,2379,3658959723,695694,697752,2058,completed,-10
RoundRobin,2378,3037662008,695494,697742,2248,completed,-21
RoundRobin,2380,3037662008,695894,697910,2016,completed,-21
RoundRobin,2381,3658959723,696094,698122,2028,completed,-10
RoundRobin,2382,3037662008,696294,698312,2018,completed,-21
RoundRobin,2383,3658959723,696494,698724,2230,completed,-10
RoundRobin,2384,3037662008,696694,698721,2027,completed,-21
RoundRobin,2385,3658959723,696894,698918,2024,completed,-10
RoundRobin,2386,3037662008,697094,699117,2023,completed,-21
RoundRobin,2387,3658959723,697294,699396,2102,completed,-11
RoundRobin,2389,3658959723,697697,699744,2047,completed,-11
RoundRobin,2388,3037662008,697494,699723,2229,completed,-24
RoundRobin,2390,3037662008,697897,699911,2014,completed,-24
RoundRobin,2391,3658959723,698097,700119,2022,completed,-11
RoundRobin,2392,3037662008,698297,700310,2013,completed,-24
RoundRobin,2393,3658959723,698497,700520,2023,completed,-11
RoundRobin,2394,3037662008,698699,700714,2015,completed,-24
RoundRobin,2395,3658959723,698899,700924,2025,completed,-11
RoundRobin,2396,3037662008,699099,701114,2015,completed,-24
RoundRobin,2397,3658959723,699299,701321,2022,completed,-11
RoundRobin,2398,3037662008,699502,701710,2208,completed,-22
RoundRobin,2399,3658959723,699702,701724,2022,completed,-11
RoundRobin,2400,3037662008,699902,701915,2013,completed,-22
RoundRobin,2401,3658959723,700102,702125,2023,completed,-11
RoundRobin,2402,3037662008,700302,702314,2012,completed,-22
RoundRobin,2403,3658959723,700502,702524,2022,completed,-11
RoundRobin,2404,3037662008,700703,702717,2014,completed,-22
RoundRobin,2405,3658959723,700903,702925,2022,completed,-11
RoundRobin,2406,3037662008,701103,703115,2012,completed,-22
RoundRobin,2407,3658959723,701303,703325,2022,completed,-11
RoundRobin,2408,3037662008,701504,703709,2205,completed,-21
RoundRobin,2409,3658959723,701704,703727,2023,completed,-11
RoundRobin,2410,3037662008,701904,703917,2013,completed,-21
RoundRobin,2411,3658959723,702104,704126,2022,completed,-11
RoundRobin,2412,3037662008,702304,704317,2013,completed,-21
RoundRobin,2413,3658959723,702504,704526,2022,completed,-11
RoundRobin,2414,3037662008,702705,704719,2014,completed,-21
RoundRobin,2415,3658959723,702905,704927,2022,completed,-11
RoundRobin,2416,3037662008,703105,705118,2013,completed,-21
RoundRobin,2417,3658959723,703305,705327,2022,completed,-10
RoundRobin,2418,3037662008,703505,705712,2207,completed,-22
RoundRobin,2419,3658959723,703705,705727,2022,completed,-10
RoundRobin,2420,3037662008,703905,705917,2012,completed,-22
RoundRobin,2421,3658959723,704105,706127,2022,completed,-10
RoundRobin,2422,3037662008,704305,706317,2012,completed,-22
RoundRobin,2423,3658959723,704505,706527,2022,completed,-10
RoundRobin,2424,3037662008,704705,706724,2019,completed,-22
RoundRobin,2425,3658959723,706909,709125,2216,completed,-28
RoundRobin,2427,3658959723,707310,709332,2022,completed,-12
RoundRobin,2429,3658959723,707710,709732,2022,completed,-12
RoundRobin,2431,3658959723,708110,710132,2022,completed,-12
RoundRobin,2433,3658959723,708510,710532,2022,completed,-12
RoundRobin,2434,3658959723,708710,710733,2023,completed,-12
RoundRobin,2435,3658959723,708910,710932,2022,completed,-12
RoundRobin,2436,3658959723,709114,711368,2254,completed,-10
RoundRobin,2437,3658959723,709314,711471,2157,completed,-10
RoundRobin,2438,3658959723,709514,711574,2060,completed,-10
RoundRobin,2439,3658959723,709714,711736,2022,completed,-10
RoundRobin,2426,3037662008,707110,709359,2249,completed,-23
RoundRobin,2428,3037662008,707510,709634,2124,completed,-23
RoundRobin,2440,3658959723,709914,712130,2216,completed,-10
RoundRobin,2430,3037662008,707910,710115,2205,completed,-23
RoundRobin,2442,3658959723,710314,712345,2031,completed,-10
RoundRobin,2432,3037662008,708310,710324,2014,completed,-23
RoundRobin,2441,3037662008,710114,712129,2015,completed,-21
RoundRobin,2444,3658959723,710714,712736,2022,completed,-10
RoundRobin,2443,3037662008,710514,712528,2014,completed,-21
RoundRobin,2445,3037662008,710914,712929,2015,completed,-21
RoundRobin,2446,3658959723,711117,713147,2030,completed,-10
RoundRobin,2447,3037662008,711317,713331,2014,completed,-21
RoundRobin,2448,3658959723,711517,713539,2022,completed,-11
RoundRobin,2449,3037662008,711717,713730,2013,completed,-21
RoundRobin,2450,3658959723,711917,714135,2218,completed,-11
RoundRobin,2451,3037662008,712117,714131,2014,completed,-21
RoundRobin,2452,3658959723,712317,714339,2022,completed,-11
RoundRobin,2453,3037662008,712517,714530,2013,completed,-21
RoundRobin,2454,3658959723,712717,714740,2023,completed,-11
RoundRobin,2456,3658959723,713118,715140,2022,completed,-11
RoundRobin,2455,3037662008,712918,715360,2442,completed,-21
RoundRobin,2457,3037662008,713318,715463,2145,completed,-21
RoundRobin,2458,3658959723,713518,715541,2023,completed,-11
RoundRobin,2459,3037662008,713718,715730,2012,completed,-21
RoundRobin,2460,3658959723,713918,715941,2023,completed,-11
RoundRobin,2461,3037662008,714120,716135,2015,completed,-21
RoundRobin,2462,3658959723,714320,716343,2023,completed,-11
RoundRobin,2463,3037662008,714520,716532,2012,completed,-21
RoundRobin,2464,3658959723,714720,716743,2023,completed,-11
RoundRobin,2465,3037662008,714920,716934,2014,completed,-21
RoundRobin,2466,3658959723,715123,717147,2024,completed,-11
RoundRobin,2467,3037662008,715323,717335,2012,completed,-21
RoundRobin,2468,3658959723,715523,717545,2022,completed,-10
RoundRobin,2469,3037662008,715723,717735,2012,completed,-21
RoundRobin,2470,3658959723,715923,718139,2216,completed,-10
RoundRobin,2471,3037662008,716123,718135,2012,completed,-21
RoundRobin,2472,3658959723,716323,718346,2023,completed,-10
RoundRobin,2473,3037662008,716523,718537,2014,completed,-21
RoundRobin,2474,3658959723,716723,718745,2022,completed,-10
RoundRobin,2476,3658959723,717123,719148,2025,completed,-10
RoundRobin,2475,3037662008,716923,719183,2260,completed,-21
RoundRobin,2477,3037662008,717323,719336,2013,completed,-21
RoundRobin,2478,3658959723,717523,719546,2023,completed,-11
RoundRobin,2479,3037662008,717723,719735,2012,completed,-21
RoundRobin,2480,3658959723,717923,719945,2022,completed,-11
RoundRobin,2481,3037662008,718124,720141,2017,completed,-21
RoundRobin,2482,3658959723,718324,720346,2022,completed,-11
RoundRobin,2483,3037662008,718524,720536,2012,completed,-21
RoundRobin,2484,3658959723,718724,720746,2022,completed,-11
RoundRobin,2485,3037662008,718924,721133,2209,completed,-21
RoundRobin,2486,3658959723,719124,721167,2043,completed,-11
RoundRobin,2487,3037662008,719324,721337,2013,completed,-21
RoundRobin,2488,3658959723,719524,721546,2022,completed,-10
RoundRobin,2489,3037662008,719724,721738,2014,completed,-21
RoundRobin,2490,3658959723,719924,721946,2022,completed,-10
RoundRobin,2491,3037662008,720127,722141,2014,completed,-21
RoundRobin,2492,3658959723,720327,722350,2023,completed,-10
RoundRobin,2493,3037662008,720527,722541,2014,completed,-21
RoundRobin,2494,3658959723,720727,722749,2022,completed,-10
RoundRobin,2495,3037662008,720927,723134,2207,completed,-21
RoundRobin,2496,3658959723,721127,723149,2022,completed,-10
RoundRobin,2497,3037662008,721327,723341,2014,completed,-21
RoundRobin,2498,3658959723,721527,723554,2027,completed,-11
RoundRobin,2499,3037662008,721727,723739,2012,completed,-21
RoundRobin,2500,3658959723,721927,723949,2022,completed,-11
RoundRobin,2501,3037662008,722131,724145,2014,completed,-21
RoundRobin,2502,3658959723,724333,726554,2221,completed,-11
RoundRobin,2504,3658959723,724738,726760,2022,completed,-11
RoundRobin,2506,3658959723,725138,727160,2022,completed,-11
RoundRobin,2508,3658959723,725734,727757,2023,completed,-11
RoundRobin,2503,3037662008,724538,726682,2144,completed,-21
RoundRobin,2510,3658959723,726134,728156,2022,completed,-11
RoundRobin,2505,3037662008,724938,726959,2021,completed,-21
RoundRobin,2512,3658959723,726539,728562,2023,completed,-11
RoundRobin,2507,3037662008,725534,727547,2013,completed,-21
RoundRobin,2509,3037662008,725934,727947,2013,completed,-21
RoundRobin,2514,3658959723,726939,728961,2022,completed,-11
RoundRobin,2511,3037662008,726334,728349,2015,completed,-21
RoundRobin,2513,3037662008,726739,728809,2070,completed,-21
RoundRobin,2515,3037662008,727139,729154,2015,completed,-21
RoundRobin,2516,3658959723,727339,729555,2216,completed,-11
RoundRobin,2517,3037662008,727542,729556,2014,completed,-21
RoundRobin,2518,3658959723,727742,729765,2023,completed,-11
RoundRobin,2519,3037662008,727942,729955,2013,completed,-21
RoundRobin,2520,3658959723,728142,730166,2024,completed,-11
RoundRobin,2521,3037662008,728342,730549,2207,completed,-21
RoundRobin,2522,3658959723,728542,730565,2023,completed,-11
RoundRobin,2523,3037662008,728742,730755,2013,completed,-21
RoundRobin,2524,3658959723,728942,730964,2022,completed,-11
RoundRobin,2525,3037662008,729142,731154,2012,completed,-21
RoundRobin,2526,3658959723,729342,731559,2217,completed,-10
RoundRobin,2527,3037662008,729545,731558,2013,completed,-20
RoundRobin,2528,3658959723,729745,731768,2023,completed,-10
RoundRobin,2529,3037662008,729945,731958,2013,completed,-20
RoundRobin,2530,3658959723,730145,732167,2022,completed,-10
RoundRobin,2531,3037662008,730345,732556,2211,completed,-20
RoundRobin,2532,3658959723,730545,732568,2023,completed,-10
RoundRobin,2533,3037662008,730745,732761,2016,completed,-20
RoundRobin,2534,3658959723,730945,732967,2022,completed,-10
RoundRobin,2535,3037662008,731145,733158,2013,completed,-20
RoundRobin,2537,3037662008,731548,733561,2013,completed,-20
RoundRobin,2536,3658959723,731345,733368,2023,completed,-10
RoundRobin,2538,3658959723,731748,733772,2024,completed,-10
RoundRobin,2539,3037662008,731948,733962,2014,completed,-20
RoundRobin,2540,3658959723,732148,734170,2022,completed,-10
RoundRobin,2541,3037662008,732348,734554,2206,completed,-20
RoundRobin,2542,3658959723,732548,734570,2022,completed,-10
RoundRobin,2543,3037662008,732748,734761,2013,completed,-20
RoundRobin,2544,3658959723,732948,734971,2023,completed,-10
RoundRobin,2545,3037662008,733148,735161,2013,completed,-20
RoundRobin,2546,3658959723,733348,735565,2217,completed,-10
RoundRobin,2547,3037662008,733552,735566,2014,completed,-21
RoundRobin,2548,3658959723,733752,735775,2023,completed,-10
RoundRobin,2549,3037662008,733952,735965,2013,completed,-21
RoundRobin,2550,3658959723,734152,736174,2022,completed,-10
RoundRobin,SUMMARY,ALL,0,0,120000,batch_complete,0
----------------,---,---,---,---,---,----------------,---
RoundRobin,2551,3037662008,734543,736558,2015,completed,-21
RoundRobin,2552,3658959723,745663,747687,2024,completed,-10
RoundRobin,2553,3037662008,745966,748007,2041,completed,-19
RoundRobin,2554,3658959723,746166,748189,2023,completed,-10
RoundRobin,2555,3037662008,746366,748380,2014,completed,-19
RoundRobin,2556,3658959723,746566,748588,2022,completed,-10
RoundRobin,2557,3037662008,746766,748779,2013,completed,-19
RoundRobin,2558,3658959723,746967,748991,2024,completed,-10
RoundRobin,2559,3037662008,747167,749180,2013,completed,-19
RoundRobin,2560,3658959723,747367,749389,2022,completed,-10
RoundRobin,2561,3037662008,747567,749579,2012,completed,-20
RoundRobin,2562,3658959723,747768,749791,2023,completed,-10
RoundRobin,2563,3037662008,747970,749985,2015,completed,-20
RoundRobin,2564,3658959723,748170,750193,2023,completed,-10
RoundRobin,2565,3037662008,748370,750383,2013,completed,-20
RoundRobin,2566,3658959723,748570,750592,2022,completed,-10
RoundRobin,2567,3037662008,748770,750785,2015,completed,-20
RoundRobin,2568,3658959723,748971,750996,2025,completed,-10
RoundRobin,2569,3037662008,749171,751184,2013,completed,-20
RoundRobin,2570,3658959723,749371,751394,2023,completed,-11
RoundRobin,2571,3037662008,749571,751584,2013,completed,-20
RoundRobin,2572,3658959723,749771,751988,2217,completed,-11
RoundRobin,2573,3037662008,749971,751983,2012,completed,-20
RoundRobin,2574,3658959723,750171,752194,2023,completed,-11
RoundRobin,2575,3037662008,750371,752384,2013,completed,-20
RoundRobin,2576,3658959723,750571,752593,2022,completed,-11
RoundRobin,2577,3037662008,750771,752784,2013,completed,-20
RoundRobin,2578,3658959723,750973,752999,2026,completed,-11
RoundRobin,2579,3037662008,751173,753186,2013,completed,-20
RoundRobin,2580,3658959723,751373,753395,2022,completed,-10
RoundRobin,2581,3037662008,751574,753589,2015,completed,-20
RoundRobin,2582,3658959723,751774,753990,2216,completed,-10
RoundRobin,2583,3037662008,751974,753987,2013,completed,-20
RoundRobin,2584,3658959723,752174,754199,2025,completed,-10
RoundRobin,2585,3037662008,752374,754388,2014,completed,-20
RoundRobin,2586,3658959723,752574,754596,2022,completed,-10
RoundRobin,2587,3037662008,752774,754984,2210,completed,-20
RoundRobin,2588,3658959723,752975,754998,2023,completed,-10
RoundRobin,2589,3037662008,753175,755188,2013,completed,-20
RoundRobin,2590,3658959723,753375,755401,2026,completed,-11
RoundRobin,2591,3037662008,753575,755587,2012,completed,-24
RoundRobin,2592,3658959723,753775,755797,2022,completed,-11
RoundRobin,2593,3037662008,753977,755990,2013,completed,-24
RoundRobin,2594,3658959723,754177,756205,2028,completed,-11
RoundRobin,2595,3037662008,754377,756390,2013,completed,-24
RoundRobin,2596,3658959723,754577,756600,2023,completed,-11
RoundRobin,2597,3037662008,754777,756984,2207,completed,-24
RoundRobin,2598,3658959723,754977,756999,2022,completed,-11
RoundRobin,2599,3037662008,755182,757197,2015,completed,-24
RoundRobin,2600,3658959723,755382,757405,2023,completed,-11
RoundRobin,2601,3037662008,755582,757595,2013,completed,-24
RoundRobin,2602,3658959723,755973,757997,2024,completed,-11
RoundRobin,2603,3037662008,756173,758186,2013,completed,-24
RoundRobin,2604,3658959723,756373,758396,2023,completed,-11
RoundRobin,2605,3037662008,756573,758587,2014,completed,-24
RoundRobin,2606,3658959723,756773,758796,2023,completed,-11
RoundRobin,2607,3037662008,756975,758989,2014,completed,-24
RoundRobin,2608,3658959723,759181,761398,2217,completed,-12
RoundRobin,2609,3037662008,759387,761402,2015,completed,-24
RoundRobin,2610,3658959723,759587,761613,2026,completed,-12
RoundRobin,2611,3037662008,759787,761800,2013,completed,-24
RoundRobin,2612,3658959723,759987,762011,2024,completed,-12
RoundRobin,2613,3037662008,760384,762400,2016,completed,-24
RoundRobin,2614,3658959723,760584,762606,2022,completed,-12
RoundRobin,2615,3037662008,760784,762797,2013,completed,-24
RoundRobin,2616,3658959723,760984,763007,2023,completed,-12
RoundRobin,2618,3658959723,761393,763418,2025,completed,-10
RoundRobin,2617,3037662008,761191,763400,2209,completed,-24
RoundRobin,2619,3037662008,761593,763606,2013,completed,-24
RoundRobin,2620,3658959723,761793,763816,2023,completed,-10
RoundRobin,2621,3037662008,761993,764007,2014,completed,-24
RoundRobin,2622,3658959723,762193,764409,2216,completed,-10
RoundRobin,2623,3037662008,762393,764406,2013,completed,-24
RoundRobin,2624,3658959723,762593,764617,2024,completed,-10
RoundRobin,2625,3037662008,762793,764806,2013,completed,-24
RoundRobin,2626,3658959723,762993,765015,2022,completed,-10
RoundRobin,2627,3037662008,763194,765440,2246,completed,-24
RoundRobin,2628,3658959723,763394,765451,2057,completed,-13
RoundRobin,2629,3037662008,763594,765608,2014,completed,-24
RoundRobin,2630,3658959723,763794,765817,2023,completed,-13
RoundRobin,2631,3037662008,763994,766007,2013,completed,-24
RoundRobin,2632,3658959723,764194,766219,2025,completed,-13
RoundRobin,2633,3037662008,764397,766412,2015,completed,-24
RoundRobin,2634,3658959723,764597,766620,2023,completed,-13
RoundRobin,2635,3037662008,764797,766810,2013,completed,-24
RoundRobin,2636,3658959723,764997,767020,2023,completed,-13
RoundRobin,2637,3037662008,765205,767414,2209,completed,-25
RoundRobin,2638,3658959723,765408,767563,2155,completed,-11
RoundRobin,2639,3037662008,765608,767621,2013,completed,-25
RoundRobin,2640,3658959723,765808,767831,2023,completed,-11
RoundRobin,2641,3037662008,766008,768021,2013,completed,-25
RoundRobin,2642,3658959723,766208,768425,2217,completed,-11
RoundRobin,2643,3037662008,766408,768421,2013,completed,-25
RoundRobin,2644,3658959723,766608,768631,2023,completed,-11
RoundRobin,2645,3037662008,766808,768821,2013,completed,-25
RoundRobin,2646,3658959723,767008,769030,2022,completed,-11
RoundRobin,2647,3037662008,767208,769423,2215,completed,-25
RoundRobin,2648,3658959723,767419,769614,2195,completed,-10
RoundRobin,2649,3037662008,767619,769632,2013,completed,-25
RoundRobin,2650,3658959723,767819,769842,2023,completed,-10
RoundRobin,2651,3037662008,768019,770036,2017,completed,-25
RoundRobin,2652,3658959723,768405,770429,2024,completed,-10
RoundRobin,2653,3037662008,768605,770618,2013,completed,-25
RoundRobin,2654,3658959723,768805,770829,2024,completed,-10
RoundRobin,2655,3037662008,769005,771019,2014,completed,-25
RoundRobin,2656,3658959723,769205,771426,2221,completed,-11
RoundRobin,2657,3037662008,769408,771455,2047,completed,-24
RoundRobin,2658,3658959723,769608,771630,2022,completed,-11
RoundRobin,2659,3037662008,769808,771821,2013,completed,-24
RoundRobin,2660,3658959723,770008,772030,2022,completed,-11
RoundRobin,2661,3037662008,770208,772221,2013,completed,-24
RoundRobin,2662,3658959723,770412,772437,2025,completed,-11
RoundRobin,2663,3037662008,770612,772626,2014,completed,-24
RoundRobin,2664,3658959723,770812,772834,2022,completed,-11
RoundRobin,2665,3037662008,771012,773025,2013,completed,-24
RoundRobin,2666,3658959723,771218,773438,2220,completed,-11
RoundRobin,2667,3037662008,771425,773505,2080,completed,-24
RoundRobin,2668,3658959723,771625,773649,2024,completed,-11
RoundRobin,2669,3037662008,771825,773838,2013,completed,-24
RoundRobin,2670,3658959723,772025,774048,2023,completed,-11
RoundRobin,2671,3037662008,772414,774439,2025,completed,-24
RoundRobin,2672,3658959723,772614,774637,2023,completed,-11
RoundRobin,2673,3037662008,772814,774827,2013,completed,-24
RoundRobin,2674,3658959723,773014,775037,2023,completed,-11
RoundRobin,2675,3037662008,773214,775227,2013,completed,-24
RoundRobin,2676,3658959723,773427,775612,2185,completed,-12
RoundRobin,2677,3037662008,773627,775639,2012,completed,-23
RoundRobin,2678,3658959723,773827,775850,2023,completed,-12
RoundRobin,2679,3037662008,774027,776041,2014,completed,-23
RoundRobin,2680,3658959723,774420,776444,2024,completed,-12
RoundRobin,2681,3037662008,776624,778839,2215,completed,-24
RoundRobin,2682,3658959723,776827,778933,2106,completed,-15
RoundRobin,2683,3037662008,777027,779079,2052,completed,-24
RoundRobin,2684,3658959723,777227,779249,2022,completed,-15
RoundRobin,2685,3037662008,777427,779440,2013,completed,-25
RoundRobin,2686,3658959723,777627,779841,2214,completed,-12
RoundRobin,2687,3037662008,777827,779842,2015,completed,-25
RoundRobin,2688,3658959723,778027,780052,2025,completed,-12
RoundRobin,2689,3037662008,778227,780240,2013,completed,-25
RoundRobin,2690,3658959723,778427,780449,2022,completed,-12
RoundRobin,2691,3037662008,778627,780641,2014,completed,-25
RoundRobin,2692,3658959723,778830,780855,2025,completed,-12
RoundRobin,2693,3037662008,779030,781043,2013,completed,-25
RoundRobin,2694,3658959723,779230,781252,2022,completed,-12
RoundRobin,2695,3037662008,779430,781455,2025,completed,-26
RoundRobin,2696,3658959723,779630,781846,2216,completed,-11
RoundRobin,2697,3037662008,779830,781843,2013,completed,-26
RoundRobin,2698,3658959723,780030,782052,2022,completed,-11
RoundRobin,2699,3037662008,780230,782243,2013,completed,-26
RoundRobin,2700,3658959723,780430,782454,2024,completed,-11
RoundRobin,2702,3658959723,780832,782855,2023,completed,-11
RoundRobin,2701,3037662008,780632,782963,2331,completed,-26
RoundRobin,2703,3037662008,781032,783073,2041,completed,-26
RoundRobin,2704,3658959723,781232,783257,2025,completed,-11
RoundRobin,2705,3037662008,781432,783451,2019,completed,-25
RoundRobin,2706,3658959723,781632,783654,2022,completed,-11
RoundRobin,2707,3037662008,781833,783849,2016,completed,-25
RoundRobin,2708,3658959723,782033,784057,2024,completed,-11
RoundRobin,2709,3037662008,782233,784246,2013,completed,-25
RoundRobin,2710,3658959723,782433,784456,2023,completed,-11
RoundRobin,2711,3037662008,782634,784841,2207,completed,-25
RoundRobin,2712,3658959723,782834,784857,2023,completed,-11
RoundRobin,2713,3037662008,783034,785047,2013,completed,-25
RoundRobin,2714,3658959723,783236,785260,2024,completed,-11
RoundRobin,2715,3037662008,783436,785449,2013,completed,-26
RoundRobin,2716,3658959723,783636,785851,2215,completed,-11
RoundRobin,2717,3037662008,783836,785849,2013,completed,-26
RoundRobin,2718,3658959723,784036,786059,2023,completed,-11
RoundRobin,2719,3037662008,784236,786249,2013,completed,-26
RoundRobin,2720,3658959723,784436,786459,2023,completed,-11
RoundRobin,2721,3037662008,784636,786673,2037,completed,-26
RoundRobin,2722,3658959723,784837,786887,2050,completed,-11
RoundRobin,2723,3037662008,785037,787052,2015,completed,-26
RoundRobin,2724,3658959723,785237,787260,2023,completed,-11
RoundRobin,2725,3037662008,785437,787451,2014,completed,-24
RoundRobin,2726,3658959723,785637,787660,2023,completed,-11
RoundRobin,2727,3037662008,785839,787855,2016,completed,-24
RoundRobin,2728,3658959723,786039,788062,2023,completed,-11
RoundRobin,2729,3037662008,786239,788254,2015,completed,-24
RoundRobin,2730,3658959723,786439,788462,2023,completed,-11
RoundRobin,2732,3658959723,786839,788863,2024,completed,-11
RoundRobin,2731,3037662008,786639,788903,2264,completed,-24
RoundRobin,2733,3037662008,787039,789053,2014,completed,-24
RoundRobin,2734,3658959723,787239,789262,2023,completed,-11
RoundRobin,2735,3037662008,787439,789452,2013,completed,-23
RoundRobin,2736,3658959723,787639,789663,2024,completed,-11
RoundRobin,2737,3037662008,787840,789856,2016,completed,-23
RoundRobin,2738,3658959723,788040,790063,2023,completed,-11
RoundRobin,2739,3037662008,788240,790254,2014,completed,-23
RoundRobin,2740,3658959723,788440,790463,2023,completed,-11
RoundRobin,2741,3037662008,788640,790848,2208,completed,-23
RoundRobin,2742,3658959723,788840,790863,2023,completed,-11
RoundRobin,2743,3037662008,789040,791053,2013,completed,-23
RoundRobin,2744,3658959723,789240,791263,2023,completed,-11
RoundRobin,2745,3037662008,789440,791454,2014,completed,-25
RoundRobin,2746,3658959723,789640,791663,2023,completed,-17
RoundRobin,2747,3037662008,789843,791857,2014,completed,-25
RoundRobin,2748,3658959723,790043,792065,2022,completed,-17
RoundRobin,2749,3037662008,790243,792258,2015,completed,-25
RoundRobin,2750,3658959723,790443,792467,2024,completed,-17
RoundRobin,2751,3037662008,790643,792850,2207,completed,-25
RoundRobin,2752,3658959723,790843,792866,2023,completed,-17
RoundRobin,2753,3037662008,791043,793057,2014,completed,-25
RoundRobin,2754,3658959723,791243,793266,2023,completed,-17
RoundRobin,2755,3037662008,791443,793456,2013,completed,-23
RoundRobin,2756,3658959723,791643,793666,2023,completed,-12
RoundRobin,2758,3658959723,794045,796263,2218,completed,-16
RoundRobin,2760,3658959723,794452,796476,2024,completed,-16
RoundRobin,2762,3658959723,794852,796877,2025,completed,-16
RoundRobin,2764,3658959723,795449,797472,2023,completed,-11
RoundRobin,2757,3037662008,791843,796051,4208,completed,-31
RoundRobin,2766,3658959723,795849,797872,2023,completed,-11
RoundRobin,2759,3037662008,794252,796578,2326,completed,-31
RoundRobin,2761,3037662008,794652,796857,2205,completed,-31
RoundRobin,2768,3658959723,796260,798283,2023,completed,-11
RoundRobin,2763,3037662008,795249,797263,2014,completed,-31
RoundRobin,2765,3037662008,795649,797662,2013,completed,-24
RoundRobin,2770,3658959723,796660,798683,2023,completed,-11
RoundRobin,2767,3037662008,796051,798260,2209,completed,-24
RoundRobin,2769,3037662008,796460,798475,2015,completed,-24
RoundRobin,2771,3037662008,796860,798874,2014,completed,-24
RoundRobin,2772,3658959723,797254,799278,2024,completed,-11
RoundRobin,2773,3037662008,797454,799470,2016,completed,-24
RoundRobin,2774,3658959723,797654,799678,2024,completed,-11
RoundRobin,2775,3037662008,797854,799867,2013,completed,-24
RoundRobin,2776,3658959723,798054,800272,2218,completed,-11
RoundRobin,2777,3037662008,798257,800272,2015,completed,-24
RoundRobin,2778,3658959723,798457,800480,2023,completed,-11
RoundRobin,2779,3037662008,798657,800673,2016,completed,-24
RoundRobin,2780,3658959723,798857,800879,2022,completed,-11
RoundRobin,2781,3037662008,799256,801271,2015,completed,-24
RoundRobin,2782,3658959723,799456,801486,2030,completed,-11
RoundRobin,2783,3037662008,799656,801669,2013,completed,-23
RoundRobin,2784,3658959723,799856,801878,2022,completed,-11
RoundRobin,2786,3658959723,800258,802281,2023,completed,-11
RoundRobin,2785,3037662008,800056,802278,2222,completed,-23
RoundRobin,2787,3037662008,800458,802472,2014,completed,-23
RoundRobin,2788,3658959723,800658,802680,2022,completed,-11
RoundRobin,2789,3037662008,800858,802872,2014,completed,-23
RoundRobin,2790,3658959723,801058,803275,2217,completed,-11
RoundRobin,2791,3037662008,801262,803278,2016,completed,-23
RoundRobin,2792,3658959723,801462,803486,2024,completed,-11
RoundRobin,2793,3037662008,801662,803675,2013,completed,-24
RoundRobin,2794,3658959723,801862,803885,2023,completed,-11
RoundRobin,2795,3037662008,802261,804275,2014,completed,-24
RoundRobin,2796,3658959723,802461,804611,2150,completed,-11
RoundRobin,2797,3037662008,802661,804675,2014,completed,-24
RoundRobin,2798,3658959723,802861,804884,2023,completed,-11
RoundRobin,2799,3037662008,803061,805270,2209,completed,-24
RoundRobin,2800,3658959723,803266,805290,2024,completed,-11
RoundRobin,2801,3037662008,803466,805481,2015,completed,-24
RoundRobin,2802,3658959723,803666,805689,2023,completed,-11
RoundRobin,2803,3037662008,803866,805879,2013,completed,-24
RoundRobin,2804,3658959723,804264,806289,2025,completed,-11
RoundRobin,2805,3037662008,804464,806478,2014,completed,-24
RoundRobin,2806,3658959723,804664,806687,2023,completed,-11
RoundRobin,2807,3037662008,804864,806878,2014,completed,-24
RoundRobin,2808,3658959723,805064,807281,2217,completed,-11
RoundRobin,2809,3037662008,805267,807281,2014,completed,-24
RoundRobin,2810,3658959723,805467,807492,2025,completed,-10
RoundRobin,2811,3037662008,805667,807681,2014,completed,-25
RoundRobin,2812,3658959723,805867,807890,2023,completed,-10
RoundRobin,2813,3037662008,806266,808281,2015,completed,-25
RoundRobin,2814,3658959723,806466,808489,2023,completed,-10
RoundRobin,2815,3037662008,806666,808680,2014,completed,-25
RoundRobin,2816,3658959723,806866,808889,2023,completed,-10
RoundRobin,2817,3037662008,807066,809274,2208,completed,-25
RoundRobin,2818,3658959723,807269,809292,2023,completed,-10
RoundRobin,2819,3037662008,807469,809484,2015,completed,-25
RoundRobin,2820,3658959723,807669,809692,2023,completed,-10
RoundRobin,2821,3037662008,807869,809882,2013,completed,-25
RoundRobin,2822,3658959723,808069,810287,2218,completed,-10
RoundRobin,2823,3037662008,808272,810288,2016,completed,-25
RoundRobin,2824,3658959723,808472,810496,2024,completed,-10
RoundRobin,2825,3037662008,808672,810691,2019,completed,-25
RoundRobin,2826,3658959723,808872,810895,2023,completed,-10
RoundRobin,2828,3658959723,809276,811299,2023,completed,-10
RoundRobin,2827,3037662008,809072,811280,2208,completed,-25
RoundRobin,2829,3037662008,811483,813697,2214,completed,-24
RoundRobin,2830,3658959723,811690,813713,2023,completed,-11
RoundRobin,2831,3037662008,811890,813904,2014,completed,-24
RoundRobin,2832,3658959723,812093,814117,2024,completed,-11
RoundRobin,2833,3037662008,812293,814310,2017,completed,-24
RoundRobin,2834,3658959723,812679,814703,2024,completed,-11
RoundRobin,2835,3037662008,812879,814892,2013,completed,-24
RoundRobin,2836,3658959723,813079,815110,2031,completed,-11
RoundRobin,2837,3037662008,813279,815308,2029,completed,-24
RoundRobin,2838,3658959723,813479,815502,2023,completed,-11
RoundRobin,2839,3037662008,813690,815727,2037,completed,-24
RoundRobin,2840,3658959723,813890,815913,2023,completed,-11
RoundRobin,2841,3037662008,814090,816103,2013,completed,-24
RoundRobin,2842,3658959723,814290,816313,2023,completed,-11
RoundRobin,2843,3037662008,814490,816697,2207,completed,-24
RoundRobin,2844,3658959723,814690,816713,2023,completed,-11
RoundRobin,2845,3037662008,814890,816903,2013,completed,-24
RoundRobin,2846,3658959723,815090,817113,2023,completed,-11
RoundRobin,2847,3037662008,815290,817303,2013,completed,-24
RoundRobin,2848,3658959723,815490,817711,2221,completed,-11
RoundRobin,2849,3037662008,815690,817705,2015,completed,-23
RoundRobin,2850,3658959723,815890,817913,2023,completed,-11
RoundRobin,2851,3037662008,816090,818105,2015,completed,-23
RoundRobin,2852,3658959723,816290,818313,2023,completed,-11
RoundRobin,2853,3037662008,816490,818503,2013,completed,-23
RoundRobin,2854,3658959723,816692,818717,2025,completed,-11
RoundRobin,2855,3037662008,816892,818906,2014,completed,-23
RoundRobin,2856,3658959723,817092,819115,2023,completed,-11
RoundRobin,2857,3037662008,817292,819305,2013,completed,-23
RoundRobin,2858,3658959723,817493,819515,2022,completed,-11
RoundRobin,2859,3037662008,817693,819709,2016,completed,-25
RoundRobin,2860,3658959723,817893,819916,2023,completed,-11
RoundRobin,2861,3037662008,818093,820110,2017,completed,-25
RoundRobin,2862,3658959723,818293,820316,2023,completed,-11
RoundRobin,2863,3037662008,818493,820506,2013,completed,-25
RoundRobin,2864,3658959723,818694,820719,2025,completed,-11
RoundRobin,2865,3037662008,818894,820908,2014,completed,-25
RoundRobin,2866,3658959723,819094,821118,2024,completed,-11
RoundRobin,2867,3037662008,819294,821307,2013,completed,-25
RoundRobin,2868,3658959723,819494,821715,2221,completed,-11
RoundRobin,2869,3037662008,819694,821715,2021,completed,-27
RoundRobin,2870,3658959723,819894,821917,2023,completed,-11
RoundRobin,2871,3037662008,820094,822107,2013,completed,-27
RoundRobin,2872,3658959723,820294,822317,2023,completed,-11
RoundRobin,2873,3037662008,820494,822508,2014,completed,-27
RoundRobin,2874,3658959723,820696,822722,2026,completed,-11
RoundRobin,2875,3037662008,820896,822910,2014,completed,-27
RoundRobin,2876,3658959723,821096,823119,2023,completed,-11
RoundRobin,2877,3037662008,821296,823310,2014,completed,-27
RoundRobin,2878,3658959723,821496,823714,2218,completed,-11
RoundRobin,2879,3037662008,821696,823709,2013,completed,-25
RoundRobin,2880,3658959723,821896,823919,2023,completed,-11
RoundRobin,2881,3037662008,822096,824109,2013,completed,-25
RoundRobin,2882,3658959723,822296,824353,2057,completed,-11
RoundRobin,2883,3037662008,822496,824515,2019,completed,-25
RoundRobin,2884,3658959723,822699,824722,2023,completed,-11
RoundRobin,2885,3037662008,822899,824913,2014,completed,-25
RoundRobin,2886,3658959723,823099,825121,2022,completed,-11
RoundRobin,2887,3037662008,823299,825312,2013,completed,-25
RoundRobin,2889,3037662008,823699,825712,2013,completed,-25
RoundRobin,2888,3658959723,823499,825759,2260,completed,-10
RoundRobin,2890,3658959723,823899,825923,2024,completed,-10
RoundRobin,2891,3037662008,824099,826112,2013,completed,-25
RoundRobin,2892,3658959723,824299,826322,2023,completed,-10
RoundRobin,2893,3037662008,824499,826513,2014,completed,-25
RoundRobin,2894,3658959723,824700,826725,2025,completed,-10
RoundRobin,2895,3037662008,824900,826914,2014,completed,-25
RoundRobin,2896,3658959723,825100,827123,2023,completed,-10
RoundRobin,2897,3037662008,825300,827314,2014,completed,-25
RoundRobin,2898,3658959723,825500,827721,2221,completed,-11
RoundRobin,2899,3037662008,825700,827714,2014,completed,-26
RoundRobin,2900,3658959723,825900,827923,2023,completed,-11
RoundRobin,2901,3037662008,826100,828117,2017,completed,-26
RoundRobin,2902,3658959723,826300,828323,2023,completed,-11
RoundRobin,2903,3037662008,826500,828513,2013,completed,-26
RoundRobin,2904,3658959723,826704,828729,2025,completed,-11
RoundRobin,2905,3037662008,828909,831120,2211,completed,-23
RoundRobin,2906,3658959723,829110,831336,2226,completed,-10
RoundRobin,2907,3037662008,829310,831325,2015,completed,-23
RoundRobin,2908,3658959723,829510,831534,2024,completed,-11
RoundRobin,2909,3037662008,829710,831725,2015,completed,-23
RoundRobin,2910,3658959723,829910,832126,2216,completed,-11
RoundRobin,2911,3037662008,830110,832123,2013,completed,-23
RoundRobin,2912,3658959723,830310,832334,2024,completed,-11
RoundRobin,2913,3037662008,830510,832523,2013,completed,-23
RoundRobin,2914,3658959723,830710,832734,2024,completed,-11
RoundRobin,2915,3037662008,830910,832924,2014,completed,-23
RoundRobin,2916,3658959723,831115,833140,2025,completed,-11
RoundRobin,2918,3658959723,831515,833538,2023,completed,-11
RoundRobin,2917,3037662008,831315,833330,2015,completed,-22
RoundRobin,2919,3037662008,831715,833730,2015,completed,-22
RoundRobin,2920,3658959723,831915,834130,2215,completed,-11
RoundRobin,2921,3037662008,832115,834128,2013,completed,-22
RoundRobin,2922,3658959723,832315,834338,2023,completed,-11
RoundRobin,2923,3037662008,832515,834528,2013,completed,-22
RoundRobin,2924,3658959723,832715,834739,2024,completed,-11
RoundRobin,2925,3037662008,832917,835125,2208,completed,-22
RoundRobin,2926,3658959723,833117,835140,2023,completed,-11
RoundRobin,2927,3037662008,833317,835331,2014,completed,-22
RoundRobin,2928,3658959723,833517,835540,2023,completed,-11
RoundRobin,2929,3037662008,833717,835731,2014,completed,-22
RoundRobin,2930,3658959723,833917,836132,2215,completed,-11
RoundRobin,2931,3037662008,834117,836130,2013,completed,-22
RoundRobin,2932,3658959723,834317,836341,2024,completed,-11
RoundRobin,2933,3037662008,834517,836530,2013,completed,-22
RoundRobin,2934,3658959723,834717,836740,2023,completed,-11
RoundRobin,2935,3037662008,834917,837125,2208,completed,-22
RoundRobin,2936,3658959723,835117,837140,2023,completed,-11
RoundRobin,2937,3037662008,835317,837333,2016,completed,-25
RoundRobin,2938,3658959723,835517,837540,2023,completed,-11
RoundRobin,2939,3037662008,835717,837730,2013,completed,-25
RoundRobin,2940,3658959723,835917,837941,2024,completed,-11
RoundRobin,2941,3037662008,836119,838136,2017,completed,-25
RoundRobin,2942,3658959723,836319,838343,2024,completed,-11
RoundRobin,2943,3037662008,836519,838533,2014,completed,-25
RoundRobin,2944,3658959723,836719,838742,2023,completed,-11
RoundRobin,2946,3658959723,837119,839184,2065,completed,-11
RoundRobin,2945,3037662008,836919,839176,2257,completed,-25
RoundRobin,2947,3037662008,837319,839333,2014,completed,-25
RoundRobin,2948,3658959723,837519,839543,2024,completed,-11
RoundRobin,2949,3037662008,837719,839732,2013,completed,-25
RoundRobin,2950,3658959723,837919,839942,2023,completed,-11
RoundRobin,2951,3037662008,838121,840138,2017,completed,-25
RoundRobin,2952,3658959723,838321,840344,2023,completed,-11
RoundRobin,2953,3037662008,838521,840546,2025,completed,-25
RoundRobin,2954,3658959723,838721,840744,2023,completed,-11
RoundRobin,2956,3658959723,839121,841145,2024,completed,-11
RoundRobin,2955,3037662008,838921,841206,2285,completed,-25
RoundRobin,2957,3037662008,839321,841335,2014,completed,-24
RoundRobin,2958,3658959723,839521,841544,2023,completed,-11
RoundRobin,2959,3037662008,839721,841737,2016,completed,-24
RoundRobin,2960,3658959723,839921,841944,2023,completed,-11
RoundRobin,2961,3037662008,840123,842139,2016,completed,-24
RoundRobin,2962,3658959723,840323,842346,2023,completed,-11
RoundRobin,2963,3037662008,840523,842538,2015,completed,-24
RoundRobin,2964,3658959723,840723,842749,2026,completed,-11
RoundRobin,2965,3037662008,840923,843131,2208,completed,-24
RoundRobin,2966,3658959723,841123,843146,2023,completed,-11
RoundRobin,2967,3037662008,841323,843338,2015,completed,-24
RoundRobin,2968,3658959723,841523,843546,2023,completed,-11
RoundRobin,2969,3037662008,841723,843737,2014,completed,-24
RoundRobin,2970,3658959723,841923,843946,2023,completed,-11
RoundRobin,2971,3037662008,842125,844141,2016,completed,-24
RoundRobin,2972,3658959723,842325,844348,2023,completed,-11
RoundRobin,2973,3037662008,842525,844539,2014,completed,-24
RoundRobin,2974,3658959723,842725,844749,2024,completed,-11
RoundRobin,2975,3037662008,842925,845134,2209,completed,-24
RoundRobin,2976,3658959723,843125,845148,2023,completed,-11
RoundRobin,2977,3037662008,843325,845339,2014,completed,-24
RoundRobin,2978,3658959723,843525,845548,2023,completed,-11
RoundRobin,2979,3037662008,843725,845738,2013,completed,-24
RoundRobin,2980,3658959723,843925,845948,2023,completed,-11
RoundRobin,2981,3037662008,844128,846151,2023,completed,-24
RoundRobin,2982,3658959723,846332,848550,2218,completed,-11
RoundRobin,2983,3037662008,846533,848702,2169,completed,-23
RoundRobin,2984,3658959723,846733,848757,2024,completed,-11
RoundRobin,2985,3037662008,846933,848948,2015,completed,-23
RoundRobin,2986,3658959723,847133,849178,2045,completed,-11
RoundRobin,2987,3037662008,847333,849346,2013,completed,-24
RoundRobin,2989,3037662008,847733,849747,2014,completed,-24
RoundRobin,2991,3037662008,848133,850148,2015,completed,-24
RoundRobin,2993,3037662008,848533,850548,2015,completed,-24
RoundRobin,2995,3037662008,848933,850946,2013,completed,-24
RoundRobin,2988,3658959723,847533,849557,2024,completed,-11
RoundRobin,2990,3658959723,847933,849957,2024,completed,-11
RoundRobin,2997,3037662008,849333,851347,2014,completed,-25
RoundRobin,2992,3658959723,848333,850551,2218,completed,-11
RoundRobin,2994,3658959723,848733,850883,2150,completed,-11
RoundRobin,2996,3658959723,849133,851161,2028,completed,-11
RoundRobin,2999,3037662008,849739,851753,2014,completed,-25
RoundRobin,2998,3658959723,849539,851564,2025,completed,-11
RoundRobin,3001,3037662008,850139,852154,2015,completed,-25
RoundRobin,3000,3658959723,849939,851963,2024,completed,-11
RoundRobin,3002,3658959723,850339,852559,2220,completed,-11
RoundRobin,3003,3037662008,850539,852553,2014,completed,-25
RoundRobin,3004,3658959723,850739,852762,2023,completed,-11
RoundRobin,3005,3037662008,850939,852953,2014,completed,-25
RoundRobin,3006,3658959723,851139,853162,2023,completed,-11
RoundRobin,3007,3037662008,851339,853548,2209,completed,-23
RoundRobin,3008,3658959723,851540,853563,2023,completed,-11
RoundRobin,3009,3037662008,851740,853755,2015,completed,-23
RoundRobin,3010,3658959723,851940,853963,2023,completed,-11
RoundRobin,3011,3037662008,852140,854154,2014,completed,-23
RoundRobin,3012,3658959723,852340,854556,2216,completed,-11
RoundRobin,3013,3037662008,852540,854554,2014,completed,-23
RoundRobin,3014,3658959723,852740,854764,2024,completed,-11
RoundRobin,3015,3037662008,852940,854954,2014,completed,-23
RoundRobin,3016,3658959723,853140,855163,2023,completed,-11
RoundRobin,3017,3037662008,853340,855355,2015,completed,-25
RoundRobin,3018,3658959723,853542,855565,2023,completed,-11
RoundRobin,3019,3037662008,853742,855756,2014,completed,-25
RoundRobin,3020,3658959723,853942,855965,2023,completed,-11
RoundRobin,3021,3037662008,854142,856155,2013,completed,-25
RoundRobin,3022,3658959723,854342,856563,2221,completed,-11
RoundRobin,3024,3658959723,854742,856765,2023,completed,-11
RoundRobin,3026,3658959723,855142,857165,2023,completed,-11
RoundRobin,3023,3037662008,854542,857555,3013,completed,-24
RoundRobin,3028,3658959723,855546,857569,2023,completed,-11
RoundRobin,3025,3037662008,854942,857664,2722,completed,-24
RoundRobin,3027,3037662008,855342,857767,2425,completed,-24
RoundRobin,3029,3037662008,855746,857870,2124,completed,-24
RoundRobin,3030,3658959723,855946,857969,2023,completed,-11
RoundRobin,3031,3037662008,856146,858160,2014,completed,-24
RoundRobin,3032,3658959723,856346,858562,2216,completed,-11
RoundRobin,3033,3037662008,856546,858575,2029,completed,-24
RoundRobin,3034,3658959723,856746,858770,2024,completed,-11
RoundRobin,3035,3037662008,856946,858959,2013,completed,-24
RoundRobin,3036,3658959723,857146,859169,2023,completed,-11
RoundRobin,3038,3658959723,857548,859572,2024,completed,-11
RoundRobin,3037,3037662008,857346,859360,2014,completed,-25
RoundRobin,3039,3037662008,857748,859764,2016,completed,-25
RoundRobin,3040,3658959723,857948,859974,2026,completed,-11
RoundRobin,3041,3037662008,858148,860162,2014,completed,-25
RoundRobin,3042,3658959723,858348,860564,2216,completed,-11
RoundRobin,3043,3037662008,858548,860561,2013,completed,-25
RoundRobin,3044,3658959723,858748,860772,2024,completed,-11
RoundRobin,3045,3037662008,858948,860962,2014,completed,-25
RoundRobin,3046,3658959723,859148,861171,2023,completed,-11
RoundRobin,3047,3037662008,859348,861362,2014,completed,-26
RoundRobin,3048,3658959723,859551,861577,2026,completed,-11
RoundRobin,3049,3037662008,859751,861765,2014,completed,-26
RoundRobin,3050,3658959723,859951,861974,2023,completed,-11
RoundRobin,3051,3037662008,860151,862166,2015,completed,-26
RoundRobin,3052,3658959723,860351,862568,2217,completed,-11
RoundRobin,3053,3037662008,860551,862565,2014,completed,-26
RoundRobin,3054,3658959723,860751,862774,2023,completed,-11
RoundRobin,3055,3037662008,860951,862965,2014,completed,-26
RoundRobin,3056,3658959723,861151,863175,2024,completed,-11
RoundRobin,3058,3658959723,861555,863578,2023,completed,-11
RoundRobin,3057,3037662008,861351,863365,2014,completed,-25
RoundRobin,3060,3658959723,863974,866432,2458,completed,-11
RoundRobin,3059,3037662008,863769,865985,2216,completed,-25
RoundRobin,3061,3037662008,864178,866348,2170,completed,-25
RoundRobin,3062,3658959723,864378,866710,2332,completed,-11
RoundRobin,3063,3037662008,864578,866626,2048,completed,-25
RoundRobin,3064,3658959723,864965,866990,2025,completed,-11
RoundRobin,3065,3037662008,865165,867179,2014,completed,-25
RoundRobin,3066,3658959723,865365,867388,2023,completed,-11
RoundRobin,SUMMARY,ALL,0,0,120000,batch_complete,0
----------------,---,---,---,---,---,----------------,---
RoundRobin,3067,3037662008,865566,867582,2016,completed,-26
RoundRobin,3068,3658959723,878533,880578,2045,completed,-9
RoundRobin,3069,3037662008,878733,880747,2014,completed,-21
RoundRobin,3070,3658959723,878986,881012,2026,completed,-9
RoundRobin,3071,3037662008,881189,883445,2256,completed,-24
RoundRobin,3072,3658959723,881390,883478,2088,completed,-10
RoundRobin,3073,3037662008,881590,883604,2014,completed,-24
RoundRobin,3074,3658959723,881790,883813,2023,completed,-10
RoundRobin,3075,3037662008,881990,884005,2015,completed,-24
RoundRobin,3076,3658959723,882190,884214,2024,completed,-10
RoundRobin,3077,3037662008,882391,884407,2016,completed,-24
RoundRobin,3078,3658959723,882591,884614,2023,completed,-10
RoundRobin,3079,3037662008,882791,884805,2014,completed,-24
RoundRobin,3080,3658959723,882991,885014,2023,completed,-10
RoundRobin,3081,3037662008,883197,885408,2211,completed,-24
RoundRobin,3082,3658959723,883397,885478,2081,completed,-11
RoundRobin,3083,3037662008,883597,885614,2017,completed,-24
RoundRobin,3084,3658959723,883797,885821,2024,completed,-11
RoundRobin,3085,3037662008,883997,886011,2014,completed,-24
RoundRobin,3086,3658959723,884197,886221,2024,completed,-11
RoundRobin,3087,3037662008,884399,886414,2015,completed,-24
RoundRobin,3088,3658959723,884599,886622,2023,completed,-11
RoundRobin,3089,3037662008,884799,886813,2014,completed,-24
RoundRobin,3090,3658959723,884999,887022,2023,completed,-11
RoundRobin,3091,3037662008,885209,887419,2210,completed,-25
RoundRobin,3092,3658959723,885409,887479,2070,completed,-11
RoundRobin,3093,3037662008,885609,887650,2041,completed,-25
RoundRobin,3094,3658959723,885809,887832,2023,completed,-11
RoundRobin,3095,3037662008,886009,888023,2014,completed,-25
RoundRobin,3096,3658959723,886209,888233,2024,completed,-11
RoundRobin,3097,3037662008,886411,888426,2015,completed,-25
RoundRobin,3098,3658959723,886611,888634,2023,completed,-11
RoundRobin,3099,3037662008,886811,888825,2014,completed,-25
RoundRobin,3100,3658959723,887011,889034,2023,completed,-11
RoundRobin,3101,3037662008,887211,889422,2211,completed,-23
RoundRobin,3102,3658959723,887412,889435,2023,completed,-10
RoundRobin,3103,3037662008,887612,889626,2014,completed,-23
RoundRobin,3104,3658959723,887812,889835,2023,completed,-10
RoundRobin,3105,3037662008,888012,890026,2014,completed,-23
RoundRobin,3106,3658959723,888212,890235,2023,completed,-10
RoundRobin,3107,3037662008,888415,890430,2015,completed,-23
RoundRobin,3108,3658959723,888615,890638,2023,completed,-10
RoundRobin,3109,3037662008,888815,890830,2015,completed,-23
RoundRobin,3110,3658959723,889015,891039,2024,completed,-10
RoundRobin,3112,3658959723,889416,891439,2023,completed,-11
RoundRobin,3111,3037662008,889216,891464,2248,completed,-25
RoundRobin,3113,3037662008,889616,891631,2015,completed,-25
RoundRobin,3114,3658959723,889816,891839,2023,completed,-11
RoundRobin,3115,3037662008,890016,892030,2014,completed,-25
RoundRobin,3116,3658959723,890216,892239,2023,completed,-11
RoundRobin,3117,3037662008,890418,892434,2016,completed,-25
RoundRobin,3118,3658959723,890618,892643,2025,completed,-11
RoundRobin,3119,3037662008,890818,892832,2014,completed,-25
RoundRobin,3120,3658959723,891018,893041,2023,completed,-11
RoundRobin,3122,3658959723,891418,893466,2048,completed,-10
RoundRobin,3121,3037662008,891218,893459,2241,completed,-24
RoundRobin,3123,3037662008,891618,893632,2014,completed,-24
RoundRobin,3124,3658959723,891818,893842,2024,completed,-10
RoundRobin,3125,3037662008,892018,894033,2015,completed,-24
RoundRobin,3126,3658959723,892218,894242,2024,completed,-10
RoundRobin,3127,3037662008,892419,894434,2015,completed,-24
RoundRobin,3128,3658959723,892619,894642,2023,completed,-10
RoundRobin,3129,3037662008,892819,894833,2014,completed,-24
RoundRobin,3130,3658959723,893019,895042,2023,completed,-10
RoundRobin,3131,3037662008,893219,895428,2209,completed,-23
RoundRobin,3132,3658959723,893419,895443,2024,completed,-10
RoundRobin,3133,3037662008,893619,895634,2015,completed,-23
RoundRobin,3134,3658959723,893819,895843,2024,completed,-10
RoundRobin,3135,3037662008,894019,896033,2014,completed,-23
RoundRobin,3136,3658959723,894219,896242,2023,completed,-10
RoundRobin,3137,3037662008,894421,896436,2015,completed,-23
RoundRobin,3138,3658959723,894621,896644,2023,completed,-10
RoundRobin,3139,3037662008,894821,896835,2014,completed,-23
RoundRobin,3140,3658959723,895021,897044,2023,completed,-10
RoundRobin,3141,3037662008,895221,897432,2211,completed,-26
RoundRobin,3143,3037662008,895621,897635,2014,completed,-26
RoundRobin,3142,3658959723,895421,897447,2026,completed,-11
RoundRobin,3144,3658959723,895821,897844,2023,completed,-11
RoundRobin,3145,3037662008,896021,898035,2014,completed,-26
RoundRobin,3146,3658959723,896221,898244,2023,completed,-11
RoundRobin,3147,3037662008,896421,898436,2015,completed,-26
RoundRobin,3148,3658959723,898625,900843,2218,completed,-10
RoundRobin,3150,3658959723,899027,901051,2024,completed,-10
RoundRobin,3152,3658959723,899427,901450,2023,completed,-10
RoundRobin,3149,3037662008,898827,900871,2044,completed,-24
RoundRobin,3151,3037662008,899227,901241,2014,completed,-24
RoundRobin,3154,3658959723,899829,901859,2030,completed,-10
RoundRobin,3153,3037662008,899627,901837,2210,completed,-27
RoundRobin,3155,3037662008,900029,902044,2015,completed,-27
RoundRobin,3156,3658959723,900229,902253,2024,completed,-10
RoundRobin,3157,3037662008,900429,902444,2015,completed,-27
RoundRobin,3158,3658959723,900629,902845,2216,completed,-10
RoundRobin,3159,3037662008,900829,902844,2015,completed,-27
RoundRobin,3160,3658959723,901029,903053,2024,completed,-10
RoundRobin,3161,3037662008,901229,903243,2014,completed,-27
RoundRobin,3162,3658959723,901429,903452,2023,completed,-12
RoundRobin,3163,3037662008,901629,903643,2014,completed,-27
RoundRobin,3164,3658959723,901833,903862,2029,completed,-12
RoundRobin,3165,3037662008,902033,904047,2014,completed,-27
RoundRobin,3166,3658959723,902233,904268,2035,completed,-12
RoundRobin,3167,3037662008,902433,904448,2015,completed,-27
RoundRobin,3168,3658959723,902635,904852,2217,completed,-12
RoundRobin,3169,3037662008,902835,904849,2014,completed,-27
RoundRobin,3170,3658959723,903035,905059,2024,completed,-12
RoundRobin,3171,3037662008,903235,905250,2015,completed,-27
RoundRobin,3172,3658959723,903435,905458,2023,completed,-10
RoundRobin,3173,3037662008,903635,905842,2207,completed,-24
RoundRobin,3174,3658959723,903835,905858,2023,completed,-10
RoundRobin,3175,3037662008,904035,906050,2015,completed,-24
RoundRobin,3176,3658959723,904235,906259,2024,completed,-10
RoundRobin,3177,3037662008,904435,906449,2014,completed,-24
RoundRobin,3178,3658959723,904636,906857,2221,completed,-10
RoundRobin,3179,3037662008,904836,906857,2021,completed,-24
RoundRobin,3180,3658959723,905036,907060,2024,completed,-10
RoundRobin,3181,3037662008,905236,907250,2014,completed,-24
RoundRobin,3182,3658959723,905436,907481,2045,completed,-10
RoundRobin,3183,3037662008,905639,907846,2207,completed,-24
RoundRobin,3184,3658959723,905839,907863,2024,completed,-10
RoundRobin,3185,3037662008,906039,908053,2014,completed,-24
RoundRobin,3186,3658959723,906239,908262,2023,completed,-10
RoundRobin,3187,3037662008,906439,908453,2014,completed,-24
RoundRobin,3188,3658959723,906639,908856,2217,completed,-10
RoundRobin,3189,3037662008,906839,908853,2014,completed,-24
RoundRobin,3190,3658959723,907039,909062,2023,completed,-10
RoundRobin,3191,3037662008,907239,909254,2015,completed,-24
RoundRobin,3193,3037662008,907639,909654,2015,completed,-24
RoundRobin,3192,3658959723,907439,909463,2024,completed,-10
RoundRobin,3194,3658959723,907842,909867,2025,completed,-10
RoundRobin,3195,3037662008,908042,910056,2014,completed,-24
RoundRobin,3196,3658959723,908242,910265,2023,completed,-10
RoundRobin,3197,3037662008,908442,910456,2014,completed,-24
RoundRobin,3198,3658959723,908642,910858,2216,completed,-10
RoundRobin,3199,3037662008,908842,910857,2015,completed,-24
RoundRobin,3200,3658959723,909042,911067,2025,completed,-10
RoundRobin,3201,3037662008,909243,911258,2015,completed,-24
RoundRobin,3202,3658959723,909443,911466,2023,completed,-10
RoundRobin,3203,3037662008,909643,911851,2208,completed,-23
RoundRobin,3204,3658959723,909843,911867,2024,completed,-10
RoundRobin,3205,3037662008,910043,912058,2015,completed,-23
RoundRobin,3206,3658959723,910243,912266,2023,completed,-10
RoundRobin,3207,3037662008,910443,912457,2014,completed,-23
RoundRobin,3208,3658959723,910643,912861,2218,completed,-10
RoundRobin,3209,3037662008,910843,912857,2014,completed,-23
RoundRobin,3210,3658959723,911043,913067,2024,completed,-10
RoundRobin,3211,3037662008,911243,913257,2014,completed,-23
RoundRobin,3213,3037662008,911643,913657,2014,completed,-25
RoundRobin,3212,3658959723,911443,913466,2023,completed,-10
RoundRobin,3214,3658959723,911847,913870,2023,completed,-10
RoundRobin,3215,3037662008,912047,914062,2015,completed,-25
RoundRobin,3216,3658959723,912247,914271,2024,completed,-10
RoundRobin,3217,3037662008,912447,914462,2015,completed,-25
RoundRobin,3218,3658959723,912647,914864,2217,completed,-10
RoundRobin,3219,3037662008,912847,914861,2014,completed,-25
RoundRobin,3220,3658959723,913047,915071,2024,completed,-10
RoundRobin,3221,3037662008,913247,915261,2014,completed,-25
RoundRobin,3222,3658959723,913447,915470,2023,completed,-10
RoundRobin,3223,3037662008,913647,915857,2210,completed,-25
RoundRobin,3224,3658959723,916046,918266,2220,completed,-10
RoundRobin,3225,3037662008,916248,918421,2173,completed,-26
RoundRobin,3226,3658959723,916448,918471,2023,completed,-10
RoundRobin,3227,3037662008,916648,918663,2015,completed,-26
RoundRobin,3228,3658959723,916848,918871,2023,completed,-10
RoundRobin,3229,3037662008,917048,919062,2014,completed,-26
RoundRobin,3230,3658959723,917256,919279,2023,completed,-10
RoundRobin,3231,3037662008,917456,919473,2017,completed,-23
RoundRobin,3232,3658959723,917656,919681,2025,completed,-10
RoundRobin,3233,3037662008,917856,919872,2016,completed,-23
RoundRobin,3234,3658959723,918253,920277,2024,completed,-10
RoundRobin,3235,3037662008,918453,920467,2014,completed,-23
RoundRobin,3236,3658959723,918653,920677,2024,completed,-10
RoundRobin,3237,3037662008,918853,920867,2014,completed,-23
RoundRobin,3238,3658959723,919053,921270,2217,completed,-10
RoundRobin,3239,3037662008,919256,921270,2014,completed,-23
RoundRobin,3240,3658959723,919456,921480,2024,completed,-10
RoundRobin,3241,3037662008,919656,921670,2014,completed,-25
RoundRobin,3242,3658959723,919856,921880,2024,completed,-10
RoundRobin,3247,3037662008,921056,923265,2209,completed,-25
RoundRobin,3248,3658959723,921260,923283,2023,completed,-10
RoundRobin,3249,3037662008,921460,923475,2015,completed,-24
RoundRobin,3250,3658959723,921660,923684,2024,completed,-10
RoundRobin,3251,3037662008,921860,923875,2015,completed,-24
RoundRobin,3253,3037662008,922455,924487,2032,completed,-24
RoundRobin,3255,3037662008,922855,924869,2014,completed,-24
RoundRobin,3243,3037662008,920256,922272,2016,completed,-25
RoundRobin,3244,3658959723,920456,922480,2024,completed,-10
RoundRobin,3245,3037662008,920656,922670,2014,completed,-25
RoundRobin,3246,3658959723,920856,922879,2023,completed,-10
RoundRobin,3257,3037662008,923261,925306,2045,completed,-24
RoundRobin,3252,3658959723,922255,925499,3244,completed,-8
RoundRobin,3254,3658959723,922655,925608,2953,completed,-8
RoundRobin,3259,3037662008,923661,925676,2015,completed,-24
RoundRobin,3256,3658959723,923055,925717,2662,completed,-8
RoundRobin,3258,3658959723,923461,925820,2359,completed,-8
RoundRobin,3260,3658959723,923861,925923,2062,completed,-8
RoundRobin,3261,3037662008,924063,926276,2213,completed,-24
RoundRobin,3263,3037662008,924472,926487,2015,completed,-24
RoundRobin,3262,3658959723,924272,926528,2256,completed,-8
RoundRobin,3264,3658959723,924672,926696,2024,completed,-8
RoundRobin,3265,3037662008,924872,926887,2015,completed,-24
RoundRobin,3266,3658959723,925268,927293,2025,completed,-8
RoundRobin,3267,3037662008,925468,927483,2015,completed,-25
RoundRobin,3268,3658959723,925668,927691,2023,completed,-10
RoundRobin,3269,3037662008,925868,927882,2014,completed,-25
RoundRobin,3270,3658959723,926267,928291,2024,completed,-10
RoundRobin,3271,3037662008,926467,928481,2014,completed,-25
RoundRobin,3272,3658959723,926667,928691,2024,completed,-10
RoundRobin,3273,3037662008,926867,928882,2015,completed,-25
RoundRobin,3274,3658959723,927067,929285,2218,completed,-10
RoundRobin,3275,3037662008,927271,929287,2016,completed,-25
RoundRobin,3276,3658959723,927471,929495,2024,completed,-10
RoundRobin,3277,3037662008,927671,929685,2014,completed,-23
RoundRobin,3278,3658959723,927871,929894,2023,completed,-10
RoundRobin,3279,3037662008,928270,930285,2015,completed,-23
RoundRobin,3280,3658959723,928470,930494,2024,completed,-10
RoundRobin,3281,3037662008,928670,930685,2015,completed,-23
RoundRobin,3282,3658959723,928870,930893,2023,completed,-10
RoundRobin,3283,3037662008,929070,931279,2209,completed,-23
RoundRobin,3284,3658959723,929274,931297,2023,completed,-10
RoundRobin,3285,3037662008,929474,931490,2016,completed,-22
RoundRobin,3286,3658959723,929674,931698,2024,completed,-10
RoundRobin,3287,3037662008,929874,931888,2014,completed,-22
RoundRobin,3288,3658959723,930273,932303,2030,completed,-10
RoundRobin,3289,3037662008,930473,932488,2015,completed,-22
RoundRobin,3290,3658959723,930673,932696,2023,completed,-10
RoundRobin,3291,3037662008,930873,932887,2014,completed,-22
RoundRobin,3292,3658959723,931073,933291,2218,completed,-10
RoundRobin,3293,3037662008,931277,933292,2015,completed,-22
RoundRobin,3295,3037662008,933690,936046,2356,completed,-25
RoundRobin,3297,3037662008,934090,936320,2230,completed,-25
RoundRobin,3294,3658959723,933484,935877,2393,completed,-10
RoundRobin,3296,3658959723,933890,936428,2538,completed,-10
RoundRobin,3298,3658959723,934290,936529,2239,completed,-10
RoundRobin,3305,3037662008,935882,937898,2016,completed,-24
RoundRobin,3307,3037662008,936282,938297,2015,completed,-24
RoundRobin,3309,3037662008,936686,938706,2020,completed,-24
RoundRobin,3306,3658959723,936082,938107,2025,completed,-10
RoundRobin,3308,3658959723,936482,938507,2025,completed,-10
RoundRobin,3310,3658959723,936886,938913,2027,completed,-10
RoundRobin,3311,3037662008,937086,939120,2034,completed,-24
RoundRobin,3312,3658959723,937286,939310,2024,completed,-10
RoundRobin,3313,3037662008,937486,939503,2017,completed,-25
RoundRobin,3314,3658959723,937692,939752,2060,completed,-10
RoundRobin,3315,3037662008,937892,939906,2014,completed,-25
RoundRobin,3316,3658959723,938092,940115,2023,completed,-10
RoundRobin,3317,3037662008,938292,940306,2014,completed,-25
RoundRobin,3318,3658959723,938492,940516,2024,completed,-10
RoundRobin,3319,3037662008,938695,940711,2016,completed,-25
RoundRobin,3320,3658959723,938895,940919,2024,completed,-10
RoundRobin,3321,3037662008,939095,941110,2015,completed,-25
RoundRobin,3322,3658959723,939295,941318,2023,completed,-10
RoundRobin,3299,3658959723,939692,941716,2024,completed,-10
RoundRobin,3323,3037662008,939495,941705,2210,completed,-24
RoundRobin,3324,3037662008,939696,941827,2131,completed,-24
RoundRobin,3300,3658959723,939880,941904,2024,completed,-10
RoundRobin,3325,3037662008,939896,941935,2039,completed,-24
RoundRobin,3301,3658959723,940080,942103,2023,completed,-10
RoundRobin,3326,3037662008,940096,942111,2015,completed,-24
RoundRobin,3302,3658959723,940280,942304,2024,completed,-10
RoundRobin,3327,3037662008,940296,942310,2014,completed,-24
RoundRobin,3303,3658959723,940480,942504,2024,completed,-10
RoundRobin,3328,3037662008,940496,942510,2014,completed,-24
RoundRobin,3304,3037662008,940701,942719,2018,completed,-24
RoundRobin,3329,3658959723,940699,942729,2030,completed,-10
RoundRobin,3330,3658959723,940899,942925,2026,completed,-10
RoundRobin,3331,3037662008,941099,943114,2015,completed,-24
RoundRobin,3332,3658959723,941299,943327,2028,completed,-10
RoundRobin,3333,3037662008,941499,943706,2207,completed,-25
RoundRobin,3334,3658959723,941699,943722,2023,completed,-10
RoundRobin,3335,3037662008,941899,943914,2015,completed,-25
RoundRobin,3336,3658959723,942099,944123,2024,completed,-10
RoundRobin,3337,3037662008,942299,944315,2016,completed,-25
RoundRobin,3338,3658959723,942499,944523,2024,completed,-10
RoundRobin,3339,3037662008,942700,944716,2016,completed,-25
RoundRobin,3340,3658959723,942900,944924,2024,completed,-10
RoundRobin,3341,3037662008,943100,945115,2015,completed,-25
RoundRobin,3342,3658959723,943300,945323,2023,completed,-10
RoundRobin,3344,3658959723,943700,945724,2024,completed,-11
RoundRobin,3343,3037662008,943500,945710,2210,completed,-25
RoundRobin,3345,3037662008,943900,945914,2014,completed,-25
RoundRobin,3346,3658959723,944100,946125,2025,completed,-11
RoundRobin,3347,3037662008,944300,946314,2014,completed,-25
RoundRobin,3348,3658959723,944500,946523,2023,completed,-11
RoundRobin,3349,3037662008,944702,946718,2016,completed,-25
RoundRobin,3350,3658959723,944902,946926,2024,completed,-11
RoundRobin,3351,3037662008,945102,947117,2015,completed,-25
RoundRobin,3352,3658959723,945302,947325,2023,completed,-11
RoundRobin,3354,3658959723,945702,947726,2024,completed,-10
RoundRobin,3353,3037662008,945502,947718,2216,completed,-25
RoundRobin,3355,3037662008,945902,947917,2015,completed,-25
RoundRobin,3356,3658959723,946102,948125,2023,completed,-10
RoundRobin,3357,3037662008,946302,948317,2015,completed,-25
RoundRobin,3358,3658959723,946502,948718,2216,completed,-10
RoundRobin,3359,3037662008,946702,948716,2014,completed,-25
RoundRobin,3360,3658959723,946902,948925,2023,completed,-10
RoundRobin,3361,3037662008,947102,949117,2015,completed,-25
RoundRobin,3362,3658959723,947302,949326,2024,completed,-10
RoundRobin,3363,3037662008,947503,949713,2210,completed,-24
RoundRobin,3364,3658959723,947703,949726,2023,completed,-11
RoundRobin,3365,3037662008,947903,949919,2016,completed,-24
RoundRobin,3366,3658959723,948103,950127,2024,completed,-11
RoundRobin,3367,3037662008,948303,950317,2014,completed,-24
RoundRobin,3368,3658959723,948503,950528,2025,completed,-11
RoundRobin,3369,3037662008,948706,950724,2018,completed,-24
RoundRobin,3370,3658959723,950911,953128,2217,completed,-10
RoundRobin,3372,3658959723,951318,953342,2024,completed,-10
RoundRobin,3374,3658959723,951718,953741,2023,completed,-10
RoundRobin,3371,3037662008,951118,953368,2250,completed,-26
RoundRobin,3376,3658959723,952308,954332,2024,completed,-10
RoundRobin,3373,3037662008,951518,953619,2101,completed,-23
RoundRobin,3375,3037662008,952108,954123,2015,completed,-23
RoundRobin,3377,3037662008,952508,954524,2016,completed,-23
RoundRobin,3378,3658959723,952708,954731,2023,completed,-10
RoundRobin,3379,3037662008,952908,954923,2015,completed,-23
RoundRobin,3380,3658959723,953116,955140,2024,completed,-10
RoundRobin,3381,3037662008,953316,955331,2015,completed,-23
RoundRobin,3382,3658959723,953516,955539,2023,completed,-9
RoundRobin,3383,3037662008,953716,955731,2015,completed,-23
RoundRobin,3384,3658959723,953916,956132,2216,completed,-9
RoundRobin,3385,3037662008,954116,956130,2014,completed,-23
RoundRobin,3386,3658959723,954316,956340,2024,completed,-9
RoundRobin,3387,3037662008,954516,956531,2015,completed,-23
RoundRobin,3388,3658959723,954716,956740,2024,completed,-9
RoundRobin,3389,3037662008,954916,957124,2208,completed,-23
RoundRobin,3391,3037662008,955316,957331,2015,completed,-23
RoundRobin,3390,3658959723,955116,957394,2278,completed,-9
RoundRobin,3392,3658959723,955516,957540,2024,completed,-10
RoundRobin,3393,3037662008,955716,957731,2015,completed,-23
RoundRobin,3394,3658959723,955916,957939,2023,completed,-10
RoundRobin,3395,3037662008,956117,958133,2016,completed,-23
RoundRobin,3396,3658959723,956317,958342,2025,completed,-10
RoundRobin,3397,3037662008,956517,958532,2015,completed,-23
RoundRobin,3398,3658959723,956717,958740,2023,completed,-10
RoundRobin,3399,3037662008,956917,958934,2017,completed,-23
RoundRobin,3400,3658959723,957120,959146,2026,completed,-10
RoundRobin,3401,3037662008,957320,959350,2030,completed,-23
RoundRobin,3402,3658959723,957520,959544,2024,completed,-10
RoundRobin,3403,3037662008,957720,959735,2015,completed,-23
RoundRobin,3404,3658959723,957920,959944,2024,completed,-10
RoundRobin,3405,3037662008,958121,960137,2016,completed,-23
RoundRobin,3406,3658959723,958321,960345,2024,completed,-10
RoundRobin,3407,3037662008,958521,960537,2016,completed,-23
RoundRobin,3408,3658959723,958721,960746,2025,completed,-10
RoundRobin,3410,3658959723,959122,961146,2024,completed,-10
RoundRobin,3409,3037662008,958922,961193,2271,completed,-23
RoundRobin,3411,3037662008,959322,961337,2015,completed,-23
RoundRobin,3412,3658959723,959522,961547,2025,completed,-11
RoundRobin,3413,3037662008,959722,961737,2015,completed,-23
RoundRobin,3414,3658959723,959922,961946,2024,completed,-11
RoundRobin,3415,3037662008,960124,962141,2017,completed,-23
RoundRobin,3416,3658959723,960324,962348,2024,completed,-11
RoundRobin,3417,3037662008,960524,962539,2015,completed,-23
RoundRobin,3418,3658959723,960724,962747,2023,completed,-11
RoundRobin,3419,3037662008,960924,963132,2208,completed,-23
RoundRobin,3420,3658959723,961124,963148,2024,completed,-11
RoundRobin,3421,3037662008,961324,963339,2015,completed,-23
RoundRobin,3422,3658959723,961524,963548,2024,completed,-10
RoundRobin,3423,3037662008,961724,963740,2016,completed,-22
RoundRobin,3424,3658959723,961924,963947,2023,completed,-10
RoundRobin,3425,3037662008,962125,964143,2018,completed,-22
RoundRobin,3426,3658959723,962325,964349,2024,completed,-10
RoundRobin,3427,3037662008,962525,964540,2015,completed,-22
RoundRobin,3428,3658959723,962725,964748,2023,completed,-10
RoundRobin,3429,3037662008,962925,965133,2208,completed,-22
RoundRobin,3430,3658959723,963125,965149,2024,completed,-10
RoundRobin,3431,3037662008,963325,965341,2016,completed,-22
RoundRobin,3432,3658959723,963525,965549,2024,completed,-10
RoundRobin,3433,3037662008,963725,965740,2015,completed,-22
RoundRobin,3434,3658959723,963925,965948,2023,completed,-10
RoundRobin,3435,3037662008,964126,966143,2017,completed,-22
RoundRobin,3436,3658959723,964326,966363,2037,completed,-10
RoundRobin,3437,3037662008,964526,966541,2015,completed,-22
RoundRobin,3438,3658959723,964726,966751,2025,completed,-10
RoundRobin,3439,3037662008,964926,967137,2211,completed,-22
RoundRobin,3440,3658959723,965126,967151,2025,completed,-10
RoundRobin,3441,3037662008,965326,967341,2015,completed,-22
RoundRobin,3442,3658959723,965526,967550,2024,completed,-8
RoundRobin,3443,3037662008,965726,967741,2015,completed,-23
RoundRobin,3444,3658959723,965926,967950,2024,completed,-8
RoundRobin,3445,3037662008,966130,968148,2018,completed,-23
RoundRobin,3447,3037662008,968535,970692,2157,completed,-23
RoundRobin,3449,3037662008,968935,970950,2015,completed,-23
RoundRobin,3451,3037662008,969335,971544,2209,completed,-22
RoundRobin,3453,3037662008,969735,971750,2015,completed,-22
RoundRobin,3446,3658959723,968332,970552,2220,completed,-8
RoundRobin,3448,3658959723,968735,970759,2024,completed,-8
RoundRobin,3450,3658959723,969135,971159,2024,completed,-8
RoundRobin,3455,3037662008,970135,972150,2015,completed,-22
RoundRobin,3452,3658959723,969535,971558,2023,completed,-9
RoundRobin,3454,3658959723,969935,971961,2026,completed,-9
RoundRobin,3456,3658959723,970335,972360,2025,completed,-9
RoundRobin,3457,3037662008,970540,972563,2023,completed,-22
RoundRobin,3458,3658959723,970740,972764,2024,completed,-9
RoundRobin,3459,3037662008,970940,972955,2015,completed,-22
RoundRobin,3460,3658959723,971140,973163,2023,completed,-9
RoundRobin,3461,3037662008,971340,973549,2209,completed,-22
RoundRobin,3462,3658959723,971541,973566,2025,completed,-10
RoundRobin,3463,3037662008,971741,973756,2015,completed,-22
RoundRobin,3464,3658959723,971941,973964,2023,completed,-10
RoundRobin,3465,3037662008,972141,974157,2016,completed,-22
RoundRobin,3467,3037662008,972541,974582,2041,completed,-22
RoundRobin,3469,3037662008,972941,974956,2015,completed,-22
RoundRobin,3466,3658959723,972341,975826,3485,completed,-9
RoundRobin,3468,3658959723,972741,976050,3309,completed,-9
RoundRobin,3470,3658959723,973141,976327,3186,completed,-9
RoundRobin,3472,3658959723,973541,976429,2888,completed,-9
RoundRobin,3474,3658959723,973941,976602,2661,completed,-9
RoundRobin,3476,3658959723,974341,976704,2363,completed,-9
RoundRobin,3478,3658959723,974741,976806,2065,completed,-9
RoundRobin,3480,3658959723,975141,977184,2043,completed,-9
RoundRobin,3471,3037662008,973341,975551,2210,completed,-25
RoundRobin,3473,3037662008,973741,975757,2016,completed,-25
RoundRobin,3475,3037662008,974141,976156,2015,completed,-25
RoundRobin,3477,3037662008,974541,976556,2015,completed,-25
RoundRobin,3479,3037662008,974941,976956,2015,completed,-25
RoundRobin,3481,3037662008,975341,977357,2016,completed,-25
RoundRobin,3483,3037662008,975741,977756,2015,completed,-24
RoundRobin,3482,3658959723,975541,977571,2030,completed,-9
RoundRobin,3484,3658959723,975941,977965,2024,completed,-9
RoundRobin,3485,3037662008,976141,978157,2016,completed,-24
RoundRobin,3487,3037662008,976544,978561,2017,completed,-24
RoundRobin,3486,3658959723,976343,978565,2222,completed,-9
RoundRobin,3489,3037662008,976944,978960,2016,completed,-24
RoundRobin,3488,3658959723,976744,978769,2025,completed,-9
RoundRobin,3490,3658959723,977144,979169,2025,completed,-9
RoundRobin,3491,3037662008,977344,979359,2015,completed,-24
RoundRobin,3492,3658959723,977550,979574,2024,completed,-10
RoundRobin,3493,3037662008,977750,979765,2015,completed,-28
RoundRobin,3494,3658959723,977950,979974,2024,completed,-10
RoundRobin,3495,3037662008,978150,980165,2015,completed,-28
RoundRobin,3496,3658959723,978350,980567,2217,completed,-10
RoundRobin,3497,3037662008,978550,980566,2016,completed,-28
RoundRobin,3498,3658959723,978750,980774,2024,completed,-10
RoundRobin,3499,3037662008,978950,980965,2015,completed,-28
RoundRobin,3500,3658959723,979150,981173,2023,completed,-10
RoundRobin,3501,3037662008,979350,981366,2016,completed,-28
RoundRobin,3502,3658959723,979554,981584,2030,completed,-8
RoundRobin,3503,3037662008,979754,981769,2015,completed,-30
RoundRobin,3504,3658959723,979954,981978,2024,completed,-8
RoundRobin,3505,3037662008,980154,982169,2015,completed,-30
RoundRobin,3506,3658959723,980354,982571,2217,completed,-8
RoundRobin,3507,3037662008,980554,982569,2015,completed,-30
RoundRobin,3508,3658959723,980754,982778,2024,completed,-8
RoundRobin,3509,3037662008,980954,982969,2015,completed,-30
RoundRobin,3510,3658959723,981154,983178,2024,completed,-8
RoundRobin,3511,3037662008,981354,983368,2014,completed,-30
RoundRobin,3512,3658959723,981556,983584,2028,completed,-8
RoundRobin,3513,3037662008,981756,983771,2015,completed,-28
RoundRobin,3514,3658959723,981956,983979,2023,completed,-8
RoundRobin,3515,3037662008,982156,984171,2015,completed,-28
RoundRobin,3517,3037662008,982556,984571,2015,completed,-28
RoundRobin,3516,3658959723,982356,984599,2243,completed,-8
RoundRobin,3518,3658959723,982756,984780,2024,completed,-8
RoundRobin,3519,3037662008,982956,984971,2015,completed,-28
RoundRobin,3520,3658959723,983156,985181,2025,completed,-8
RoundRobin,3521,3037662008,983356,985371,2015,completed,-28
RoundRobin,3522,3658959723,983558,985587,2029,completed,-9
RoundRobin,3523,3037662008,985775,987990,2215,completed,-27
RoundRobin,3525,3037662008,986185,988340,2155,completed,-27
RoundRobin,3527,3037662008,986585,988618,2033,completed,-27
RoundRobin,3529,3037662008,987170,989186,2016,completed,-27
RoundRobin,3531,3037662008,987570,989586,2016,completed,-23
RoundRobin,3524,3658959723,985978,988424,2446,completed,-9
RoundRobin,3526,3658959723,986385,988700,2315,completed,-9
RoundRobin,3528,3658959723,986970,988996,2026,completed,-9
RoundRobin,3530,3658959723,987370,989395,2025,completed,-9
RoundRobin,3532,3658959723,987770,989796,2026,completed,-10
RoundRobin,3533,3037662008,987977,990216,2239,completed,-23
RoundRobin,3535,3037662008,988377,990393,2016,completed,-23
RoundRobin,3534,3658959723,988177,990209,2032,completed,-10
RoundRobin,3536,3658959723,988577,990600,2023,completed,-10
RoundRobin,3537,3037662008,988777,990792,2015,completed,-23
RoundRobin,3538,3658959723,988980,991006,2026,completed,-10
RoundRobin,3539,3037662008,989180,991195,2015,completed,-23
RoundRobin,3540,3658959723,989380,991404,2024,completed,-10
RoundRobin,3541,3037662008,989580,991595,2015,completed,-25
RoundRobin,3542,3658959723,989780,991804,2024,completed,-10
RoundRobin,3543,3037662008,989984,992066,2082,completed,-25
RoundRobin,3544,3658959723,990184,992208,2024,completed,-10
RoundRobin,3545,3037662008,990384,992400,2016,completed,-25
RoundRobin,3546,3658959723,990584,992607,2023,completed,-10
RoundRobin,3547,3037662008,990784,992992,2208,completed,-25
RoundRobin,3548,3658959723,990984,993008,2024,completed,-10
RoundRobin,3549,3037662008,991184,993199,2015,completed,-25
RoundRobin,3550,3658959723,991384,993407,2023,completed,-10
RoundRobin,3551,3037662008,991584,993599,2015,completed,-24
RoundRobin,3552,3658959723,991786,994003,2217,completed,-10
RoundRobin,3553,3037662008,991986,994001,2015,completed,-24
RoundRobin,3554,3658959723,992186,994211,2025,completed,-10
RoundRobin,3555,3037662008,992386,994401,2015,completed,-24
RoundRobin,3556,3658959723,992586,994609,2023,completed,-10
RoundRobin,3557,3037662008,992786,994994,2208,completed,-24
RoundRobin,3558,3658959723,992986,995010,2024,completed,-10
RoundRobin,3559,3037662008,993186,995201,2015,completed,-24
RoundRobin,3560,3658959723,993386,995411,2025,completed,-10
RoundRobin,3561,3037662008,993586,995601,2015,completed,-22
RoundRobin,3562,3658959723,993786,996004,2218,completed,-10
RoundRobin,3563,3037662008,993986,996001,2015,completed,-22
RoundRobin,3564,3658959723,994186,996210,2024,completed,-10
RoundRobin,3565,3037662008,994386,996401,2015,completed,-22
RoundRobin,3566,3658959723,994586,996610,2024,completed,-10
RoundRobin,3567,3037662008,994786,996801,2015,completed,-22
RoundRobin,3568,3658959723,994988,997014,2026,completed,-10
RoundRobin,3569,3037662008,995188,997206,2018,completed,-22
RoundRobin,3570,3658959723,995388,997412,2024,completed,-10
RoundRobin,3571,3037662008,995588,997603,2015,completed,-23
RoundRobin,3573,3037662008,995988,998003,2015,completed,-23
RoundRobin,3572,3658959723,995788,998023,2235,completed,-8
RoundRobin,3574,3658959723,996188,998213,2025,completed,-8
RoundRobin,3575,3037662008,996388,998403,2015,completed,-23
RoundRobin,3576,3658959723,996588,998613,2025,completed,-8
RoundRobin,3577,3037662008,996788,998804,2016,completed,-23
RoundRobin,3578,3658959723,996993,999074,2081,completed,-8
RoundRobin,3579,3037662008,997193,999271,2078,completed,-23
RoundRobin,3580,3658959723,997393,999417,2024,completed,-8
RoundRobin,3581,3037662008,997593,999791,2198,completed,-26
RoundRobin,3582,3658959723,997793,1000011,2218,completed,-10
RoundRobin,3583,3037662008,997993,1000010,2017,completed,-26
RoundRobin,3584,3658959723,998193,1000218,2025,completed,-10
RoundRobin,3585,3037662008,998393,1000408,2015,completed,-26
RoundRobin,SUMMARY,ALL,0,0,120000,batch_complete,0
----------------,---,---,---,---,---,----------------,---
RoundRobin,3586,3658959723,1008405,1010430,2025,completed,-9
RoundRobin,3587,3037662008,1008605,1010620,2015,completed,-23
RoundRobin,3588,3658959723,1008805,1010829,2024,completed,-9
RoundRobin,3589,3037662008,1009005,1011019,2014,completed,-23
RoundRobin,3590,3658959723,1009400,1011457,2057,completed,-10
RoundRobin,3591,3037662008,1009600,1011615,2015,completed,-24
RoundRobin,3592,3658959723,1009800,1011824,2024,completed,-10
RoundRobin,3593,3037662008,1010000,1012016,2016,completed,-24
RoundRobin,3594,3658959723,1010200,1012224,2024,completed,-10
RoundRobin,3595,3037662008,1010406,1012424,2018,completed,-24
RoundRobin,3596,3658959723,1010606,1012630,2024,completed,-10
RoundRobin,3597,3037662008,1010806,1012821,2015,completed,-24
RoundRobin,3598,3658959723,1011006,1013033,2027,completed,-10
RoundRobin,3599,3037662008,1011211,1013422,2211,completed,-23
RoundRobin,3601,3037662008,1011611,1013627,2016,completed,-23
RoundRobin,3600,3658959723,1011411,1013472,2061,completed,-10
RoundRobin,3602,3658959723,1011811,1013835,2024,completed,-10
RoundRobin,3603,3037662008,1012011,1014026,2015,completed,-23
RoundRobin,3605,3037662008,1012411,1014433,2022,completed,-23
RoundRobin,3607,3037662008,1012811,1014826,2015,completed,-23
RoundRobin,3609,3037662008,1013213,1015427,2214,completed,-28
RoundRobin,3611,3037662008,1013613,1015631,2018,completed,-28
RoundRobin,3604,3658959723,1012211,1014235,2024,completed,-10
RoundRobin,3606,3658959723,1012611,1014635,2024,completed,-10
RoundRobin,3608,3658959723,1013011,1015035,2024,completed,-10
RoundRobin,3613,3037662008,1014013,1016028,2015,completed,-28
RoundRobin,3615,3037662008,1014417,1016432,2015,completed,-28
RoundRobin,3610,3658959723,1013413,1015440,2027,completed,-10
RoundRobin,3612,3658959723,1013813,1015837,2024,completed,-10
RoundRobin,3617,3037662008,1014817,1016832,2015,completed,-28
RoundRobin,3614,3658959723,1014213,1016431,2218,completed,-10
RoundRobin,3616,3658959723,1014617,1016643,2026,completed,-10
RoundRobin,3618,3658959723,1015017,1017042,2025,completed,-10
RoundRobin,3619,3037662008,1015219,1017429,2210,completed,-24
RoundRobin,3620,3658959723,1015419,1017443,2024,completed,-10
RoundRobin,3621,3037662008,1015619,1017636,2017,completed,-24
RoundRobin,3622,3658959723,1015819,1017843,2024,completed,-10
RoundRobin,3623,3037662008,1016019,1018034,2015,completed,-24
RoundRobin,3624,3658959723,1016219,1018435,2216,completed,-10
RoundRobin,3625,3037662008,1016420,1018436,2016,completed,-24
RoundRobin,3626,3658959723,1016620,1018645,2025,completed,-10
RoundRobin,3627,3037662008,1016820,1018836,2016,completed,-24
RoundRobin,3628,3658959723,1017020,1019044,2024,completed,-10
RoundRobin,3629,3037662008,1017220,1019526,2306,completed,-25
RoundRobin,3630,3658959723,1017420,1019478,2058,completed,-10
RoundRobin,3631,3037662008,1017620,1019636,2016,completed,-25
RoundRobin,3632,3658959723,1017820,1019844,2024,completed,-10
RoundRobin,3633,3037662008,1018020,1020035,2015,completed,-25
RoundRobin,3634,3658959723,1018220,1020245,2025,completed,-10
RoundRobin,3636,3658959723,1020813,1023115,2302,completed,-10
RoundRobin,3638,3658959723,1021213,1023403,2190,completed,-10
RoundRobin,3640,3658959723,1021613,1023832,2219,completed,-10
RoundRobin,3642,3658959723,1022013,1024038,2025,completed,-10
RoundRobin,3644,3658959723,1022413,1024437,2024,completed,-10
RoundRobin,3647,3658959723,1023016,1025041,2025,completed,-10
RoundRobin,3648,3658959723,1023219,1025245,2026,completed,-10
RoundRobin,3635,3037662008,1020612,1022858,2246,completed,-24
RoundRobin,3649,3658959723,1023419,1025445,2026,completed,-11
RoundRobin,3637,3037662008,1021013,1023088,2075,completed,-24
RoundRobin,3639,3037662008,1021413,1023428,2015,completed,-23
RoundRobin,3650,3658959723,1023619,1025838,2219,completed,-11
RoundRobin,3641,3037662008,1021813,1023828,2015,completed,-23
RoundRobin,3652,3658959723,1024023,1026048,2025,completed,-11
RoundRobin,3654,3658959723,1024423,1026449,2026,completed,-11
RoundRobin,3643,3037662008,1022213,1024229,2016,completed,-23
RoundRobin,3651,3037662008,1023823,1025849,2026,completed,-23
RoundRobin,3653,3037662008,1024223,1026241,2018,completed,-23
RoundRobin,3655,3037662008,1024818,1026836,2018,completed,-23
RoundRobin,3656,3658959723,1025018,1027043,2025,completed,-11
RoundRobin,3657,3037662008,1025218,1027234,2016,completed,-23
RoundRobin,3658,3658959723,1025418,1027442,2024,completed,-11
RoundRobin,3659,3037662008,1025618,1027633,2015,completed,-24
RoundRobin,3660,3658959723,1025823,1027847,2024,completed,-9
RoundRobin,3661,3037662008,1026023,1028038,2015,completed,-24
RoundRobin,3662,3658959723,1026223,1028247,2024,completed,-9
RoundRobin,3663,3037662008,1026423,1028438,2015,completed,-24
RoundRobin,3664,3658959723,1026623,1029555,2932,completed,-10
RoundRobin,3665,3037662008,1026823,1029531,2708,completed,-22
RoundRobin,3666,3658959723,1027023,1029658,2635,completed,-10
RoundRobin,3667,3037662008,1027223,1029634,2411,completed,-22
RoundRobin,3645,3037662008,1027614,1029736,2122,completed,-22
RoundRobin,3668,3658959723,1027423,1029759,2336,completed,-10
RoundRobin,3669,3658959723,1027623,1029860,2237,completed,-10
RoundRobin,3670,3037662008,1027828,1029856,2028,completed,-22
RoundRobin,3646,3658959723,1027830,1029963,2133,completed,-10
RoundRobin,3671,3037662008,1028028,1030045,2017,completed,-22
RoundRobin,3672,3658959723,1028228,1030253,2025,completed,-10
RoundRobin,3673,3037662008,1028428,1030444,2016,completed,-22
RoundRobin,3674,3658959723,1028820,1030870,2050,completed,-10
RoundRobin,3675,3037662008,1029020,1031062,2042,completed,-22
RoundRobin,3676,3658959723,1029220,1031244,2024,completed,-10
RoundRobin,3678,3658959723,1029620,1031667,2047,completed,-9
RoundRobin,3677,3037662008,1029420,1031436,2016,completed,-24
RoundRobin,3679,3037662008,1029830,1031849,2019,completed,-24
RoundRobin,3680,3658959723,1030030,1032055,2025,completed,-9
RoundRobin,3681,3037662008,1030230,1032247,2017,completed,-24
RoundRobin,3682,3658959723,1030430,1032454,2024,completed,-9
RoundRobin,3683,3037662008,1030820,1032836,2016,completed,-24
RoundRobin,3684,3658959723,1031020,1033044,2024,completed,-9
RoundRobin,3685,3037662008,1031220,1033236,2016,completed,-24
RoundRobin,3686,3658959723,1031420,1033444,2024,completed,-9
RoundRobin,3687,3037662008,1031620,1033644,2024,completed,-23
RoundRobin,3688,3658959723,1031827,1033853,2026,completed,-10
RoundRobin,3689,3037662008,1032027,1034043,2016,completed,-23
RoundRobin,3690,3658959723,1032227,1034251,2024,completed,-10
RoundRobin,3691,3037662008,1032427,1034442,2015,completed,-23
RoundRobin,3693,3037662008,1032827,1034863,2036,completed,-23
RoundRobin,3692,3658959723,1032627,1034872,2245,completed,-10
RoundRobin,3694,3658959723,1033027,1035051,2024,completed,-10
RoundRobin,3695,3037662008,1033227,1035242,2015,completed,-23
RoundRobin,3696,3658959723,1033427,1035452,2025,completed,-10
RoundRobin,3697,3037662008,1033627,1035643,2016,completed,-25
RoundRobin,3698,3658959723,1033828,1035855,2027,completed,-10
RoundRobin,3699,3037662008,1034028,1036044,2016,completed,-25
RoundRobin,3700,3658959723,1034228,1036252,2024,completed,-10
RoundRobin,3701,3037662008,1034428,1036443,2015,completed,-25
RoundRobin,3702,3658959723,1034628,1036847,2219,completed,-10
RoundRobin,3703,3037662008,1034828,1036843,2015,completed,-25
RoundRobin,3704,3658959723,1035028,1037053,2025,completed,-10
RoundRobin,3705,3037662008,1035228,1037244,2016,completed,-25
RoundRobin,3707,3037662008,1035628,1037644,2016,completed,-24
RoundRobin,3706,3658959723,1035428,1037452,2024,completed,-10
RoundRobin,3708,3658959723,1035834,1037860,2026,completed,-10
RoundRobin,3710,3658959723,1038240,1040420,2180,completed,-10
RoundRobin,3712,3658959723,1038640,1040698,2058,completed,-10
RoundRobin,3714,3658959723,1039040,1041064,2024,completed,-10
RoundRobin,3709,3037662008,1038039,1040252,2213,completed,-23
RoundRobin,3711,3037662008,1038440,1040638,2198,completed,-23
RoundRobin,3716,3658959723,1039443,1041467,2024,completed,-11
RoundRobin,3713,3037662008,1038840,1040914,2074,completed,-23
RoundRobin,3715,3037662008,1039243,1041285,2042,completed,-23
RoundRobin,3718,3658959723,1039843,1041867,2024,completed,-11
RoundRobin,3717,3037662008,1039643,1041660,2017,completed,-24
RoundRobin,3719,3037662008,1040043,1042256,2213,completed,-24
RoundRobin,3721,3037662008,1040458,1042475,2017,completed,-24
RoundRobin,3720,3658959723,1040255,1042516,2261,completed,-11
RoundRobin,3722,3658959723,1040658,1042682,2024,completed,-11
RoundRobin,3723,3037662008,1040858,1042873,2015,completed,-24
RoundRobin,3724,3658959723,1041246,1043272,2026,completed,-11
RoundRobin,3725,3037662008,1041446,1043462,2016,completed,-23
RoundRobin,3726,3658959723,1041646,1043670,2024,completed,-10
RoundRobin,3727,3037662008,1041846,1043861,2015,completed,-23
RoundRobin,3729,3037662008,1042252,1044269,2017,completed,-23
RoundRobin,3728,3658959723,1042048,1044320,2272,completed,-10
RoundRobin,3730,3658959723,1042452,1044477,2025,completed,-10
RoundRobin,3731,3037662008,1042652,1044667,2015,completed,-23
RoundRobin,3732,3658959723,1042852,1044876,2024,completed,-10
RoundRobin,3733,3037662008,1043252,1045270,2018,completed,-23
RoundRobin,3734,3658959723,1043452,1045476,2024,completed,-9
RoundRobin,3735,3037662008,1043652,1045667,2015,completed,-24
RoundRobin,3736,3658959723,1043852,1045878,2026,completed,-9
RoundRobin,3738,3658959723,1044255,1046280,2025,completed,-9
RoundRobin,3737,3037662008,1044052,1046344,2292,completed,-24
RoundRobin,3739,3037662008,1044455,1046471,2016,completed,-24
RoundRobin,3740,3658959723,1044655,1046680,2025,completed,-9
RoundRobin,3741,3037662008,1044855,1046870,2015,completed,-24
RoundRobin,3742,3658959723,1045055,1047274,2219,completed,-9
RoundRobin,3743,3037662008,1045261,1047279,2018,completed,-24
RoundRobin,3744,3658959723,1045461,1047486,2025,completed,-9
RoundRobin,3745,3037662008,1045661,1047676,2015,completed,-24
RoundRobin,3746,3658959723,1045861,1047888,2027,completed,-9
RoundRobin,3747,3037662008,1046263,1048281,2018,completed,-24
RoundRobin,3748,3658959723,1046463,1048488,2025,completed,-9
RoundRobin,3749,3037662008,1046663,1048678,2015,completed,-24
RoundRobin,3750,3658959723,1046863,1048887,2024,completed,-9
RoundRobin,3751,3037662008,1047259,1049277,2018,completed,-24
RoundRobin,3752,3658959723,1047459,1049512,2053,completed,-9
RoundRobin,3753,3037662008,1047659,1049674,2015,completed,-21
RoundRobin,3754,3658959723,1047859,1049883,2024,completed,-9
RoundRobin,3755,3037662008,1048059,1050271,2212,completed,-21
RoundRobin,3756,3658959723,1048262,1050292,2030,completed,-9
RoundRobin,3757,3037662008,1048462,1050478,2016,completed,-21
RoundRobin,3758,3658959723,1048662,1050686,2024,completed,-9
RoundRobin,3759,3037662008,1048862,1050878,2016,completed,-21
RoundRobin,3760,3658959723,1049262,1051287,2025,completed,-9
RoundRobin,3762,3658959723,1049662,1051686,2024,completed,-10
RoundRobin,3761,3037662008,1049462,1051477,2015,completed,-21
RoundRobin,3763,3037662008,1049862,1051877,2015,completed,-21
RoundRobin,3764,3658959723,1050062,1052304,2242,completed,-10
RoundRobin,3765,3037662008,1050265,1052295,2030,completed,-21
RoundRobin,3766,3658959723,1050465,1052489,2024,completed,-10
RoundRobin,3767,3037662008,1050665,1052681,2016,completed,-21
RoundRobin,3768,3658959723,1050865,1052890,2025,completed,-10
RoundRobin,3769,3037662008,1051265,1053282,2017,completed,-21
RoundRobin,3770,3658959723,1051465,1053489,2024,completed,-10
RoundRobin,3771,3037662008,1051665,1053681,2016,completed,-24
RoundRobin,3772,3658959723,1051865,1053890,2025,completed,-10
RoundRobin,3773,3037662008,1052065,1054274,2209,completed,-24
RoundRobin,3774,3658959723,1052268,1054293,2025,completed,-10
RoundRobin,3775,3037662008,1052468,1054484,2016,completed,-24
RoundRobin,3776,3658959723,1052668,1054693,2025,completed,-10
RoundRobin,3777,3037662008,1052868,1054891,2023,completed,-24
RoundRobin,3778,3658959723,1053262,1055287,2025,completed,-10
RoundRobin,3779,3037662008,1055465,1057677,2212,completed,-24
RoundRobin,3781,3037662008,1055867,1057883,2016,completed,-24
RoundRobin,3783,3037662008,1056267,1058284,2017,completed,-24
RoundRobin,3785,3037662008,1056667,1058710,2043,completed,-24
RoundRobin,3786,3037662008,1056867,1058882,2015,completed,-24
RoundRobin,3787,3037662008,1057067,1059083,2016,completed,-24
RoundRobin,3788,3037662008,1057267,1059282,2015,completed,-24
RoundRobin,3789,3037662008,1057467,1059484,2017,completed,-26
RoundRobin,3780,3658959723,1055667,1057719,2052,completed,-10
RoundRobin,3790,3037662008,1057673,1059969,2296,completed,-26
RoundRobin,3782,3658959723,1056067,1058092,2025,completed,-10
RoundRobin,3784,3658959723,1056467,1058720,2253,completed,-10
RoundRobin,3791,3037662008,1057873,1060072,2199,completed,-26
RoundRobin,3793,3037662008,1058273,1060291,2018,completed,-26
RoundRobin,3792,3658959723,1058073,1060098,2025,completed,-9
RoundRobin,3794,3658959723,1058672,1060700,2028,completed,-9
RoundRobin,3795,3037662008,1058872,1060889,2017,completed,-26
RoundRobin,3796,3658959723,1059072,1061096,2024,completed,-9
RoundRobin,3797,3037662008,1059272,1061288,2016,completed,-26
RoundRobin,3798,3658959723,1059472,1061758,2286,completed,-9
RoundRobin,3799,3037662008,1059675,1061749,2074,completed,-25
RoundRobin,3800,3658959723,1059875,1061900,2025,completed,-9
RoundRobin,3801,3037662008,1060075,1062091,2016,completed,-25
RoundRobin,3802,3658959723,1060275,1062299,2024,completed,-9
RoundRobin,3803,3037662008,1060475,1062682,2207,completed,-25
RoundRobin,3804,3658959723,1060675,1062699,2024,completed,-9
RoundRobin,3805,3037662008,1060875,1062891,2016,completed,-25
RoundRobin,3806,3658959723,1061075,1063100,2025,completed,-9
RoundRobin,3807,3037662008,1061275,1063290,2015,completed,-25
RoundRobin,3808,3658959723,1061475,1063694,2219,completed,-9
RoundRobin,3809,3037662008,1061677,1063694,2017,completed,-24
RoundRobin,3810,3658959723,1061877,1063901,2024,completed,-9
RoundRobin,3811,3037662008,1062077,1064092,2015,completed,-24
RoundRobin,3812,3658959723,1062277,1064301,2024,completed,-9
RoundRobin,3813,3037662008,1062477,1064685,2208,completed,-24
RoundRobin,3814,3658959723,1062677,1064702,2025,completed,-9
RoundRobin,3815,3037662008,1062877,1064893,2016,completed,-24
RoundRobin,3816,3658959723,1063077,1065101,2024,completed,-9
RoundRobin,3817,3037662008,1063277,1065292,2015,completed,-24
RoundRobin,3818,3658959723,1063477,1065696,2219,completed,-9
RoundRobin,3819,3037662008,1063680,1065695,2015,completed,-23
RoundRobin,3820,3658959723,1063880,1065904,2024,completed,-9
RoundRobin,3821,3037662008,1064080,1066095,2015,completed,-23
RoundRobin,3822,3658959723,1064280,1066305,2025,completed,-9
RoundRobin,3823,3037662008,1064480,1066687,2207,completed,-23
RoundRobin,3824,3658959723,1064680,1066704,2024,completed,-9
RoundRobin,3825,3037662008,1064880,1066895,2015,completed,-23
RoundRobin,3826,3658959723,1065080,1067105,2025,completed,-9
RoundRobin,3827,3037662008,1065280,1067296,2016,completed,-23
RoundRobin,3828,3658959723,1065480,1067700,2220,completed,-9
RoundRobin,3829,3037662008,1065682,1067698,2016,completed,-24
RoundRobin,3830,3658959723,1065882,1067907,2025,completed,-9
RoundRobin,3831,3037662008,1066082,1068097,2015,completed,-24
RoundRobin,3832,3658959723,1066282,1068306,2024,completed,-9
RoundRobin,3833,3037662008,1066482,1068497,2015,completed,-24
RoundRobin,3834,3658959723,1066683,1068710,2027,completed,-9
RoundRobin,3835,3037662008,1066883,1068900,2017,completed,-24
RoundRobin,3836,3658959723,1067083,1069107,2024,completed,-9
RoundRobin,3837,3037662008,1067283,1069298,2015,completed,-24
RoundRobin,3838,3658959723,1067483,1069703,2220,completed,-10
RoundRobin,3839,3037662008,1067686,1069703,2017,completed,-26
RoundRobin,3840,3658959723,1067886,1069911,2025,completed,-10
RoundRobin,3841,3037662008,1068086,1070101,2015,completed,-26
RoundRobin,3842,3658959723,1068286,1070311,2025,completed,-10
RoundRobin,3843,3037662008,1068486,1070694,2208,completed,-26
RoundRobin,3844,3658959723,1068686,1070711,2025,completed,-10
RoundRobin,3845,3037662008,1068886,1070902,2016,completed,-26
RoundRobin,3846,3658959723,1069086,1071110,2024,completed,-10
RoundRobin,3847,3037662008,1069286,1071301,2015,completed,-26
RoundRobin,3848,3658959723,1069486,1071511,2025,completed,-10
RoundRobin,3849,3037662008,1069688,1071706,2018,completed,-25
RoundRobin,3850,3658959723,1069888,1071913,2025,completed,-10
RoundRobin,3851,3037662008,1070088,1072104,2016,completed,-25
RoundRobin,3852,3658959723,1070288,1072312,2024,completed,-10
RoundRobin,3853,3037662008,1070488,1072699,2211,completed,-25
RoundRobin,3854,3658959723,1072887,1075155,2268,completed,-10
RoundRobin,3855,3037662008,1073088,1075272,2184,completed,-25
RoundRobin,3856,3658959723,1073288,1075312,2024,completed,-10
RoundRobin,3857,3037662008,1073488,1075503,2015,completed,-26
RoundRobin,3858,3658959723,1073688,1075712,2024,completed,-10
RoundRobin,3859,3037662008,1073888,1075905,2017,completed,-26
RoundRobin,3860,3658959723,1074089,1076117,2028,completed,-10
RoundRobin,3861,3037662008,1074289,1076306,2017,completed,-26
RoundRobin,3862,3658959723,1074489,1076513,2024,completed,-10
RoundRobin,3863,3037662008,1074689,1076704,2015,completed,-26
RoundRobin,3864,3658959723,1074889,1076915,2026,completed,-10
RoundRobin,3865,3037662008,1075093,1077112,2019,completed,-26
RoundRobin,3866,3658959723,1075293,1077319,2026,completed,-10
RoundRobin,3867,3037662008,1075493,1077509,2016,completed,-26
RoundRobin,3868,3658959723,1075693,1077717,2024,completed,-10
RoundRobin,3870,3658959723,1076093,1078117,2024,completed,-10
RoundRobin,3869,3037662008,1075893,1078104,2211,completed,-26
RoundRobin,3871,3037662008,1076293,1078309,2016,completed,-26
RoundRobin,3872,3658959723,1076493,1078518,2025,completed,-10
RoundRobin,3873,3037662008,1076693,1078708,2015,completed,-26
RoundRobin,3874,3658959723,1076895,1079113,2218,completed,-10
RoundRobin,3875,3037662008,1077095,1079112,2017,completed,-26
RoundRobin,3876,3658959723,1077295,1079319,2024,completed,-10
RoundRobin,3877,3037662008,1077495,1079511,2016,completed,-27
RoundRobin,3878,3658959723,1077695,1079720,2025,completed,-10
RoundRobin,3879,3037662008,1077895,1080105,2210,completed,-27
RoundRobin,3880,3658959723,1078095,1080121,2026,completed,-10
RoundRobin,3881,3037662008,1078295,1080311,2016,completed,-27
RoundRobin,3882,3658959723,1078495,1080521,2026,completed,-10
RoundRobin,3883,3037662008,1078695,1080710,2015,completed,-27
RoundRobin,3884,3658959723,1078896,1081117,2221,completed,-10
RoundRobin,3885,3037662008,1079096,1081112,2016,completed,-27
RoundRobin,3886,3658959723,1079296,1081321,2025,completed,-10
RoundRobin,3887,3037662008,1079496,1081511,2015,completed,-26
RoundRobin,3888,3658959723,1079696,1081721,2025,completed,-10
RoundRobin,3889,3037662008,1079896,1081911,2015,completed,-26
RoundRobin,3890,3658959723,1080098,1082123,2025,completed,-10
RoundRobin,3891,3037662008,1080298,1082314,2016,completed,-26
RoundRobin,3892,3658959723,1080498,1082522,2024,completed,-10
RoundRobin,3893,3037662008,1080698,1082714,2016,completed,-26
RoundRobin,3894,3658959723,1080898,1083116,2218,completed,-10
RoundRobin,3895,3037662008,1081098,1083114,2016,completed,-26
RoundRobin,3896,3658959723,1081298,1083323,2025,completed,-10
RoundRobin,3897,3037662008,1081498,1083534,2036,completed,-28
RoundRobin,3898,3658959723,1081698,1083723,2025,completed,-11
RoundRobin,3899,3037662008,1081898,1083913,2015,completed,-28
RoundRobin,3900,3658959723,1082099,1084125,2026,completed,-11
RoundRobin,3901,3037662008,1082299,1084316,2017,completed,-28
RoundRobin,3902,3658959723,1082499,1084523,2024,completed,-11
RoundRobin,3903,3037662008,1082699,1084714,2015,completed,-28
RoundRobin,3904,3658959723,1082899,1085118,2219,completed,-11
RoundRobin,3905,3037662008,1083099,1085115,2016,completed,-28
RoundRobin,3906,3658959723,1083299,1085323,2024,completed,-11
RoundRobin,3907,3037662008,1083499,1085515,2016,completed,-25
RoundRobin,3908,3658959723,1083699,1085723,2024,completed,-10
RoundRobin,3909,3037662008,1083899,1085916,2017,completed,-25
RoundRobin,3910,3658959723,1084101,1086127,2026,completed,-10
RoundRobin,3911,3037662008,1084301,1086317,2016,completed,-25
RoundRobin,3912,3658959723,1084501,1086525,2024,completed,-10
RoundRobin,3913,3037662008,1084701,1086716,2015,completed,-25
RoundRobin,3914,3658959723,1084901,1086925,2024,completed,-10
RoundRobin,3915,3037662008,1085102,1087121,2019,completed,-25
RoundRobin,3916,3658959723,1085302,1087353,2051,completed,-10
RoundRobin,3917,3037662008,1085502,1087519,2017,completed,-26
RoundRobin,3918,3658959723,1085702,1087726,2024,completed,-10
RoundRobin,3919,3037662008,1085902,1087918,2016,completed,-26
RoundRobin,3920,3658959723,1086103,1088135,2032,completed,-10
RoundRobin,3921,3037662008,1086303,1088319,2016,completed,-26
RoundRobin,3922,3658959723,1086503,1088528,2025,completed,-10
RoundRobin,3923,3037662008,1086703,1088719,2016,completed,-26
RoundRobin,3924,3658959723,1086903,1089124,2221,completed,-10
RoundRobin,3925,3037662008,1087103,1089126,2023,completed,-26
RoundRobin,3926,3658959723,1087303,1089327,2024,completed,-10
RoundRobin,3927,3037662008,1087503,1089519,2016,completed,-24
RoundRobin,3928,3658959723,1087703,1089727,2024,completed,-10
RoundRobin,3929,3037662008,1087903,1089918,2015,completed,-24
RoundRobin,3930,3658959723,1088107,1090136,2029,completed,-10
RoundRobin,3931,3037662008,1090309,1092521,2212,completed,-24
RoundRobin,3933,3037662008,1090710,1092860,2150,completed,-24
RoundRobin,3932,3658959723,1090510,1092542,2032,completed,-10
RoundRobin,3935,3037662008,1091110,1093126,2016,completed,-24
RoundRobin,3934,3658959723,1090910,1092934,2024,completed,-10
RoundRobin,3937,3037662008,1091511,1093527,2016,completed,-23
RoundRobin,3936,3658959723,1091310,1093335,2025,completed,-10
RoundRobin,3939,3037662008,1091911,1093928,2017,completed,-23
RoundRobin,3938,3658959723,1091711,1093736,2025,completed,-9
RoundRobin,3940,3658959723,1092111,1094136,2025,completed,-9
RoundRobin,3941,3037662008,1092311,1094523,2212,completed,-23
RoundRobin,3942,3658959723,1092511,1094538,2027,completed,-9
RoundRobin,3943,3037662008,1092711,1094727,2016,completed,-23
RoundRobin,3944,3658959723,1092911,1094936,2025,completed,-9
RoundRobin,3945,3037662008,1093111,1095126,2015,completed,-23
RoundRobin,3947,3037662008,1093511,1095527,2016,completed,-21
RoundRobin,3949,3037662008,1093911,1095927,2016,completed,-21
RoundRobin,3951,3037662008,1094311,1096329,2018,completed,-21
RoundRobin,3953,3037662008,1094716,1096732,2016,completed,-21
RoundRobin,3955,3037662008,1095116,1097132,2016,completed,-21
RoundRobin,3946,3658959723,1093311,1095336,2025,completed,-9
RoundRobin,3948,3658959723,1093711,1095736,2025,completed,-8
RoundRobin,3950,3658959723,1094111,1096135,2024,completed,-8
RoundRobin,3952,3658959723,1094516,1096542,2026,completed,-8
RoundRobin,3957,3037662008,1095517,1097535,2018,completed,-23
RoundRobin,3959,3037662008,1095917,1097933,2016,completed,-23
RoundRobin,3954,3658959723,1094916,1096941,2025,completed,-8
RoundRobin,3956,3658959723,1095316,1097341,2025,completed,-8
RoundRobin,3958,3658959723,1095717,1097743,2026,completed,-9
RoundRobin,3960,3658959723,1096117,1098144,2027,completed,-9
RoundRobin,3961,3037662008,1096318,1098535,2217,completed,-23
RoundRobin,3962,3658959723,1096519,1098547,2028,completed,-9
RoundRobin,3963,3037662008,1096719,1098734,2015,completed,-23
RoundRobin,3964,3658959723,1096919,1098944,2025,completed,-9
RoundRobin,3965,3037662008,1097119,1099135,2016,completed,-23
RoundRobin,3966,3658959723,1097319,1099540,2221,completed,-9
RoundRobin,3967,3037662008,1097519,1099543,2024,completed,-24
RoundRobin,3968,3658959723,1097719,1099745,2026,completed,-9
RoundRobin,3969,3037662008,1097919,1099935,2016,completed,-24
RoundRobin,3970,3658959723,1098119,1100143,2024,completed,-9
RoundRobin,3972,3658959723,1098519,1100543,2024,completed,-9
RoundRobin,3971,3037662008,1098319,1100584,2265,completed,-24
RoundRobin,3973,3037662008,1098719,1100735,2016,completed,-24
RoundRobin,3974,3658959723,1098919,1100944,2025,completed,-9
RoundRobin,3975,3037662008,1099119,1101138,2019,completed,-24
RoundRobin,3976,3658959723,1099319,1101344,2025,completed,-9
RoundRobin,3977,3037662008,1099521,1101539,2018,completed,-22
RoundRobin,3978,3658959723,1099721,1101747,2026,completed,-9
RoundRobin,3979,3037662008,1099921,1101937,2016,completed,-22
RoundRobin,3980,3658959723,1100121,1102146,2025,completed,-9
RoundRobin,3981,3037662008,1100321,1102531,2210,completed,-22
RoundRobin,3982,3658959723,1100521,1102546,2025,completed,-9
RoundRobin,3983,3037662008,1100721,1102738,2017,completed,-22
RoundRobin,3984,3658959723,1100921,1102946,2025,completed,-9
RoundRobin,3985,3037662008,1101121,1103136,2015,completed,-22
RoundRobin,3986,3658959723,1101321,1103345,2024,completed,-9
RoundRobin,3987,3037662008,1101523,1103540,2017,completed,-23
RoundRobin,3988,3658959723,1101723,1103748,2025,completed,-9
RoundRobin,3989,3037662008,1101923,1103939,2016,completed,-23
RoundRobin,3990,3658959723,1102123,1104147,2024,completed,-9
RoundRobin,3991,3037662008,1102323,1104534,2211,completed,-23
RoundRobin,3992,3658959723,1102523,1104548,2025,completed,-9
RoundRobin,3993,3037662008,1102723,1104739,2016,completed,-23
RoundRobin,3994,3658959723,1102923,1104947,2024,completed,-9
RoundRobin,3995,3037662008,1103123,1105139,2016,completed,-23
RoundRobin,3996,3658959723,1103323,1105349,2026,completed,-9
RoundRobin,3997,3037662008,1103525,1105543,2018,completed,-24
RoundRobin,3998,3658959723,1103725,1105751,2026,completed,-10
RoundRobin,3999,3037662008,1103925,1105941,2016,completed,-24
RoundRobin,4000,3658959723,1104125,1106149,2024,completed,-10
RoundRobin,4001,3037662008,1104325,1106341,2016,completed,-24
RoundRobin,4002,3658959723,1104526,1106554,2028,completed,-10
RoundRobin,4003,3037662008,1104726,1106742,2016,completed,-24
RoundRobin,4004,3658959723,1104926,1106952,2026,completed,-10
RoundRobin,4005,3037662008,1105126,1107142,2016,completed,-24
RoundRobin,4006,3658959723,1105326,1107351,2025,completed,-10
RoundRobin,4008,3658959723,1107940,1110329,2389,completed,-10
RoundRobin,4010,3658959723,1108340,1110438,2098,completed,-10
RoundRobin,4007,3037662008,1107734,1109953,2219,completed,-24
RoundRobin,4009,3037662008,1108140,1110156,2016,completed,-24
RoundRobin,4011,3037662008,1108540,1110558,2018,completed,-24
RoundRobin,4012,3658959723,1108930,1110955,2025,completed,-10
RoundRobin,4013,3037662008,1109130,1111147,2017,completed,-24
RoundRobin,4014,3658959723,1109330,1111355,2025,completed,-10
RoundRobin,4016,3658959723,1109730,1111755,2025,completed,-10
RoundRobin,4015,3037662008,1109530,1111545,2015,completed,-25
RoundRobin,4017,3037662008,1109941,1111960,2019,completed,-25
RoundRobin,4018,3658959723,1110141,1112166,2025,completed,-10
RoundRobin,4019,3037662008,1110341,1112357,2016,completed,-25
RoundRobin,4020,3658959723,1110541,1112565,2024,completed,-10
RoundRobin,4021,3037662008,1110933,1112950,2017,completed,-25
RoundRobin,4022,3658959723,1111133,1113161,2028,completed,-10
RoundRobin,4023,3037662008,1111333,1113349,2016,completed,-25
RoundRobin,4024,3658959723,1111533,1113557,2024,completed,-10
RoundRobin,4025,3037662008,1111733,1113748,2015,completed,-26
RoundRobin,4026,3658959723,1111942,1113972,2030,completed,-10
RoundRobin,4027,3037662008,1112142,1114183,2041,completed,-26
RoundRobin,4028,3658959723,1112342,1114367,2025,completed,-10
RoundRobin,4029,3037662008,1112542,1114559,2017,completed,-26
RoundRobin,4030,3658959723,1112742,1114959,2217,completed,-10
RoundRobin,4031,3037662008,1112942,1114958,2016,completed,-26
RoundRobin,4032,3658959723,1113142,1115167,2025,completed,-10
RoundRobin,4033,3037662008,1113342,1115358,2016,completed,-26
RoundRobin,4034,3658959723,1113542,1115566,2024,completed,-11
RoundRobin,4035,3037662008,1113742,1115957,2215,completed,-25
RoundRobin,4036,3658959723,1113944,1115969,2025,completed,-11
RoundRobin,4037,3037662008,1114144,1116161,2017,completed,-25
RoundRobin,4038,3658959723,1114344,1116368,2024,completed,-11
RoundRobin,4039,3037662008,1114544,1116560,2016,completed,-25
RoundRobin,4040,3658959723,1114744,1116769,2025,completed,-11
RoundRobin,4041,3037662008,1114947,1116967,2020,completed,-25
RoundRobin,4042,3658959723,1115147,1117172,2025,completed,-11
RoundRobin,4043,3037662008,1115347,1117363,2016,completed,-25
RoundRobin,4044,3658959723,1115547,1117572,2025,completed,-10
RoundRobin,4046,3658959723,1115947,1117972,2025,completed,-10
RoundRobin,4045,3037662008,1115747,1118008,2261,completed,-26
RoundRobin,4047,3037662008,1116147,1118163,2016,completed,-26
RoundRobin,4048,3658959723,1116347,1118371,2024,completed,-10
RoundRobin,4049,3037662008,1116547,1118563,2016,completed,-26
RoundRobin,4050,3658959723,1116747,1118771,2024,completed,-10
RoundRobin,4051,3037662008,1116950,1118969,2019,completed,-26
RoundRobin,4052,3658959723,1117150,1119176,2026,completed,-10
RoundRobin,4053,3037662008,1117350,1119366,2016,completed,-26
RoundRobin,4054,3658959723,1117550,1119574,2024,completed,-10
RoundRobin,4055,3037662008,1117750,1119768,2018,completed,-25
RoundRobin,4056,3658959723,1117951,1119978,2027,completed,-10
RoundRobin,4057,3037662008,1118151,1120167,2016,completed,-25
RoundRobin,4058,3658959723,1118351,1120375,2024,completed,-10
RoundRobin,4059,3037662008,1118551,1120571,2020,completed,-25
RoundRobin,4060,3658959723,1118751,1120776,2025,completed,-10
RoundRobin,4061,3037662008,1118958,1121110,2152,completed,-25
RoundRobin,4063,3037662008,1119358,1121374,2016,completed,-25
RoundRobin,4062,3658959723,1119158,1121460,2302,completed,-10
RoundRobin,4064,3658959723,1119558,1121583,2025,completed,-10
RoundRobin,4065,3037662008,1119951,1121967,2016,completed,-25
RoundRobin,4066,3658959723,1120151,1122176,2025,completed,-10
RoundRobin,4067,3037662008,1120351,1122368,2017,completed,-25
RoundRobin,4068,3658959723,1120551,1122575,2024,completed,-10
RoundRobin,4069,3037662008,1120751,1122767,2016,completed,-25
RoundRobin,4070,3658959723,1120954,1122981,2027,completed,-10
RoundRobin,4071,3037662008,1121154,1123170,2016,completed,-25
RoundRobin,4072,3658959723,1121354,1123378,2024,completed,-10
RoundRobin,4073,3037662008,1121554,1123569,2015,completed,-26
RoundRobin,4074,3658959723,1121754,1123974,2220,completed,-10
RoundRobin,4075,3037662008,1121954,1123971,2017,completed,-26
RoundRobin,4076,3658959723,1122154,1124179,2025,completed,-10
RoundRobin,4077,3037662008,1122354,1124393,2039,completed,-26
RoundRobin,4078,3658959723,1122554,1124578,2024,completed,-10
RoundRobin,4079,3037662008,1122754,1124770,2016,completed,-26
RoundRobin,4080,3658959723,1122958,1124985,2027,completed,-10
RoundRobin,4081,3037662008,1125162,1127376,2214,completed,-24
RoundRobin,4082,3658959723,1125364,1127389,2025,completed,-10
RoundRobin,4083,3037662008,1125564,1127595,2031,completed,-24
RoundRobin,4084,3658959723,1125764,1127788,2024,completed,-10
RoundRobin,4085,3037662008,1125964,1127980,2016,completed,-24
RoundRobin,4086,3658959723,1126164,1128383,2219,completed,-10
RoundRobin,4087,3037662008,1126368,1128386,2018,completed,-24
RoundRobin,4088,3658959723,1126568,1128593,2025,completed,-10
RoundRobin,4089,3037662008,1126768,1128784,2016,completed,-24
RoundRobin,4090,3658959723,1126968,1128993,2025,completed,-10
RoundRobin,4092,3658959723,1127371,1129396,2025,completed,-10
RoundRobin,4091,3037662008,1127168,1129583,2415,completed,-23
RoundRobin,4094,3658959723,1127772,1129796,2024,completed,-10
RoundRobin,4093,3037662008,1127572,1129686,2114,completed,-23
RoundRobin,4095,3037662008,1127972,1129988,2016,completed,-23
RoundRobin,SUMMARY,ALL,0,0,120000,batch_complete,0
----------------,---,---,---,---,---,----------------,---
RoundRobin,4096,3658959723,1128371,1130399,2028,completed,-10
RoundRobin,4097,3037662008,1142587,1144797,2210,completed,-23
RoundRobin,4099,3037662008,1142992,1145008,2016,completed,-23
RoundRobin,4098,3658959723,1142792,1144988,2196,completed,-8
RoundRobin,4100,3658959723,1143192,1145266,2074,completed,-8
RoundRobin,4101,3037662008,1143392,1145409,2017,completed,-23
RoundRobin,4102,3658959723,1143783,1145809,2026,completed,-10
RoundRobin,4103,3037662008,1143983,1145999,2016,completed,-23
RoundRobin,4104,3658959723,1144183,1146209,2026,completed,-10
RoundRobin,4105,3037662008,1144383,1146399,2016,completed,-23
RoundRobin,4106,3658959723,1144583,1146608,2025,completed,-10
RoundRobin,4107,3037662008,1144791,1146809,2018,completed,-23
RoundRobin,4108,3658959723,1144991,1147017,2026,completed,-10
RoundRobin,4109,3037662008,1145191,1147210,2019,completed,-23
RoundRobin,4110,3658959723,1145391,1147416,2025,completed,-10
RoundRobin,4111,3037662008,1145592,1147802,2210,completed,-23
RoundRobin,4112,3658959723,1145792,1147818,2026,completed,-9
RoundRobin,4113,3037662008,1145992,1148008,2016,completed,-23
RoundRobin,4114,3658959723,1146192,1148217,2025,completed,-9
RoundRobin,4115,3037662008,1146392,1148408,2016,completed,-23
RoundRobin,4117,3037662008,1146794,1148857,2063,completed,-23
RoundRobin,4116,3658959723,1146594,1148964,2370,completed,-9
RoundRobin,4118,3658959723,1146994,1149067,2073,completed,-9
RoundRobin,4119,3037662008,1147194,1149211,2017,completed,-23
RoundRobin,4120,3658959723,1147394,1149419,2025,completed,-9
RoundRobin,4121,3037662008,1147594,1149610,2016,completed,-24
RoundRobin,4122,3658959723,1147798,1149826,2028,completed,-10
RoundRobin,4123,3037662008,1147998,1150014,2016,completed,-24
RoundRobin,4124,3658959723,1148204,1150230,2026,completed,-10
RoundRobin,4125,3037662008,1148404,1150420,2016,completed,-24
RoundRobin,4126,3658959723,1148790,1150815,2025,completed,-10
RoundRobin,4127,3037662008,1148990,1151007,2017,completed,-24
RoundRobin,4128,3658959723,1149190,1151216,2026,completed,-10
RoundRobin,4129,3037662008,1149390,1151406,2016,completed,-24
RoundRobin,4130,3658959723,1149590,1151616,2026,completed,-9
RoundRobin,4131,3037662008,1149796,1151814,2018,completed,-23
RoundRobin,4132,3658959723,1149996,1152021,2025,completed,-9
RoundRobin,4133,3037662008,1150196,1152213,2017,completed,-23
RoundRobin,4134,3658959723,1150396,1152421,2025,completed,-9
RoundRobin,4135,3037662008,1150596,1152613,2017,completed,-23
RoundRobin,4136,3658959723,1150797,1152838,2041,completed,-9
RoundRobin,4137,3037662008,1150997,1153013,2016,completed,-23
RoundRobin,4138,3658959723,1151197,1153255,2058,completed,-9
RoundRobin,4139,3037662008,1151397,1153413,2016,completed,-23
RoundRobin,4140,3658959723,1151597,1153622,2025,completed,-9
RoundRobin,4141,3037662008,1151802,1153819,2017,completed,-22
RoundRobin,4142,3658959723,1152002,1154028,2026,completed,-9
RoundRobin,4143,3037662008,1152202,1154219,2017,completed,-22
RoundRobin,4144,3658959723,1152402,1154427,2025,completed,-9
RoundRobin,4145,3037662008,1152602,1154812,2210,completed,-22
RoundRobin,4146,3658959723,1152802,1154827,2025,completed,-9
RoundRobin,4147,3037662008,1153002,1155018,2016,completed,-22
RoundRobin,4148,3658959723,1153205,1155232,2027,completed,-9
RoundRobin,4149,3037662008,1153405,1155423,2018,completed,-22
RoundRobin,4150,3658959723,1153797,1155824,2027,completed,-8
RoundRobin,4151,3037662008,1153997,1156014,2017,completed,-21
RoundRobin,4152,3658959723,1154197,1156223,2026,completed,-8
RoundRobin,4153,3037662008,1154397,1156413,2016,completed,-21
RoundRobin,4154,3658959723,1154598,1156821,2223,completed,-8
RoundRobin,4155,3037662008,1154800,1156816,2016,completed,-21
RoundRobin,4156,3658959723,1155000,1157024,2024,completed,-8
RoundRobin,4157,3037662008,1155200,1157216,2016,completed,-21
RoundRobin,4158,3658959723,1155400,1157426,2026,completed,-8
RoundRobin,4159,3037662008,1155600,1157617,2017,completed,-21
RoundRobin,4160,3658959723,1155806,1157831,2025,completed,-9
RoundRobin,4161,3037662008,1156006,1158022,2016,completed,-21
RoundRobin,4162,3658959723,1156208,1158234,2026,completed,-9
RoundRobin,4163,3037662008,1156408,1158424,2016,completed,-21
RoundRobin,4164,3658959723,1156608,1158826,2218,completed,-9
RoundRobin,4165,3037662008,1156808,1158824,2016,completed,-21
RoundRobin,4166,3658959723,1157008,1159034,2026,completed,-9
RoundRobin,4167,3037662008,1157216,1159235,2019,completed,-21
RoundRobin,4168,3658959723,1157416,1159441,2025,completed,-9
RoundRobin,4169,3037662008,1157804,1159822,2018,completed,-21
RoundRobin,4170,3658959723,1160015,1162237,2222,completed,-7
RoundRobin,4171,3037662008,1160220,1162430,2210,completed,-23
RoundRobin,4172,3658959723,1160420,1162445,2025,completed,-7
RoundRobin,4173,3037662008,1160620,1162638,2018,completed,-23
RoundRobin,4174,3658959723,1160820,1162846,2026,completed,-7
RoundRobin,4175,3037662008,1161220,1163239,2019,completed,-23
RoundRobin,4176,3658959723,1161420,1163445,2025,completed,-7
RoundRobin,4177,3037662008,1161620,1163637,2017,completed,-23
RoundRobin,4178,3658959723,1161820,1163847,2027,completed,-9
RoundRobin,4179,3037662008,1162222,1164254,2032,completed,-23
RoundRobin,4180,3658959723,1162422,1164462,2040,completed,-9
RoundRobin,4181,3037662008,1162622,1164638,2016,completed,-23
RoundRobin,4182,3658959723,1162822,1164847,2025,completed,-9
RoundRobin,4183,3037662008,1163222,1165242,2020,completed,-23
RoundRobin,4184,3658959723,1163422,1165447,2025,completed,-9
RoundRobin,4185,3037662008,1163622,1165638,2016,completed,-25
RoundRobin,4186,3658959723,1163822,1165846,2024,completed,-10
RoundRobin,4188,3658959723,1164226,1166262,2036,completed,-10
RoundRobin,4187,3037662008,1164022,1166304,2282,completed,-25
RoundRobin,4189,3037662008,1164426,1166442,2016,completed,-25
RoundRobin,4190,3658959723,1164626,1166651,2025,completed,-10
RoundRobin,4191,3037662008,1164826,1166843,2017,completed,-25
RoundRobin,4192,3658959723,1165225,1167254,2029,completed,-10
RoundRobin,4193,3037662008,1165425,1167441,2016,completed,-25
RoundRobin,4194,3658959723,1165625,1167649,2024,completed,-9
RoundRobin,4195,3037662008,1165825,1167841,2016,completed,-26
RoundRobin,4196,3658959723,1166025,1168243,2218,completed,-9
RoundRobin,4197,3037662008,1166228,1168247,2019,completed,-26
RoundRobin,4198,3658959723,1166428,1168454,2026,completed,-9
RoundRobin,4199,3037662008,1166628,1168645,2017,completed,-26
RoundRobin,4200,3658959723,1166828,1168852,2024,completed,-9
RoundRobin,4201,3037662008,1167228,1169269,2041,completed,-26
RoundRobin,4202,3658959723,1167428,1169452,2024,completed,-9
RoundRobin,4203,3037662008,1167628,1169645,2017,completed,-24
RoundRobin,4204,3658959723,1167828,1169882,2054,completed,-10
RoundRobin,4205,3037662008,1168225,1170242,2017,completed,-24
RoundRobin,4206,3658959723,1168425,1170449,2024,completed,-10
RoundRobin,4207,3037662008,1168625,1170641,2016,completed,-24
RoundRobin,4208,3658959723,1168825,1170849,2024,completed,-10
RoundRobin,4209,3037662008,1169025,1171041,2016,completed,-24
RoundRobin,4210,3658959723,1169233,1171260,2027,completed,-10
RoundRobin,4211,3037662008,1169433,1171450,2017,completed,-24
RoundRobin,4212,3658959723,1169633,1171659,2026,completed,-9
RoundRobin,4213,3037662008,1169833,1171850,2017,completed,-24
RoundRobin,4214,3658959723,1170232,1172258,2026,completed,-9
RoundRobin,4215,3037662008,1170432,1172449,2017,completed,-24
RoundRobin,4216,3658959723,1170632,1172657,2025,completed,-9
RoundRobin,4217,3037662008,1170832,1172849,2017,completed,-24
RoundRobin,4218,3658959723,1171232,1173259,2027,completed,-9
RoundRobin,4219,3037662008,1171432,1173449,2017,completed,-24
RoundRobin,4220,3658959723,1171632,1173657,2025,completed,-9
RoundRobin,4221,3037662008,1171832,1173849,2017,completed,-25
RoundRobin,4222,3658959723,1172032,1174250,2218,completed,-9
RoundRobin,4223,3037662008,1172235,1174253,2018,completed,-25
RoundRobin,4224,3658959723,1172435,1174489,2054,completed,-9
RoundRobin,4225,3037662008,1172635,1174651,2016,completed,-25
RoundRobin,4226,3658959723,1172835,1174860,2025,completed,-9
RoundRobin,4227,3037662008,1173234,1175255,2021,completed,-25
RoundRobin,4228,3658959723,1173434,1175459,2025,completed,-9
RoundRobin,4229,3037662008,1173634,1175651,2017,completed,-25
RoundRobin,4230,3658959723,1173834,1175860,2026,completed,-9
RoundRobin,4232,3658959723,1174238,1176265,2027,completed,-9
RoundRobin,4231,3037662008,1174034,1176328,2294,completed,-25
RoundRobin,4233,3037662008,1174438,1176455,2017,completed,-25
RoundRobin,4234,3658959723,1174638,1176663,2025,completed,-9
RoundRobin,4235,3037662008,1174838,1176854,2016,completed,-25
RoundRobin,4236,3658959723,1175240,1177267,2027,completed,-9
RoundRobin,4237,3037662008,1177456,1179685,2229,completed,-24
RoundRobin,4239,3037662008,1177859,1179876,2017,completed,-24
RoundRobin,4238,3658959723,1177659,1179936,2277,completed,-9
RoundRobin,4240,3658959723,1178059,1180084,2025,completed,-9
RoundRobin,4241,3037662008,1178259,1180276,2017,completed,-24
RoundRobin,4242,3658959723,1178459,1180676,2217,completed,-9
RoundRobin,4243,3037662008,1178659,1180675,2016,completed,-24
RoundRobin,4244,3658959723,1178859,1180884,2025,completed,-9
RoundRobin,4245,3037662008,1179059,1181076,2017,completed,-24
RoundRobin,4246,3658959723,1179259,1181284,2025,completed,-9
RoundRobin,4247,3037662008,1179459,1181477,2018,completed,-24
RoundRobin,4248,3658959723,1179665,1181692,2027,completed,-9
RoundRobin,4249,3037662008,1179865,1181882,2017,completed,-24
RoundRobin,4250,3658959723,1180065,1182097,2032,completed,-9
RoundRobin,4251,3037662008,1180265,1182281,2016,completed,-24
RoundRobin,4252,3658959723,1180657,1182682,2025,completed,-9
RoundRobin,4253,3037662008,1180857,1182874,2017,completed,-24
RoundRobin,4254,3658959723,1181057,1183082,2025,completed,-9
RoundRobin,4255,3037662008,1181257,1183275,2018,completed,-24
RoundRobin,4256,3658959723,1181457,1183482,2025,completed,-9
RoundRobin,4258,3658959723,1181864,1183889,2025,completed,-9
RoundRobin,4260,3658959723,1182264,1184289,2025,completed,-9
RoundRobin,4262,3658959723,1182664,1184689,2025,completed,-9
RoundRobin,4264,3658959723,1183064,1185089,2025,completed,-9
RoundRobin,4257,3037662008,1181664,1183682,2018,completed,-24
RoundRobin,4259,3037662008,1182064,1184081,2017,completed,-24
RoundRobin,4261,3037662008,1182464,1184674,2210,completed,-24
RoundRobin,4263,3037662008,1182864,1184881,2017,completed,-24
RoundRobin,4265,3037662008,1183264,1185281,2017,completed,-24
RoundRobin,4267,3037662008,1183666,1185684,2018,completed,-25
RoundRobin,4269,3037662008,1184066,1186083,2017,completed,-25
RoundRobin,4271,3037662008,1184466,1186484,2018,completed,-25
RoundRobin,4266,3658959723,1183466,1185685,2219,completed,-10
RoundRobin,4268,3658959723,1183866,1185891,2025,completed,-10
RoundRobin,4270,3658959723,1184266,1186291,2025,completed,-10
RoundRobin,4272,3658959723,1184667,1186693,2026,completed,-10
RoundRobin,4273,3037662008,1184867,1186885,2018,completed,-25
RoundRobin,4275,3037662008,1185267,1187284,2017,completed,-25
RoundRobin,4274,3658959723,1185067,1187094,2027,completed,-10
RoundRobin,4276,3658959723,1185472,1187692,2220,completed,-9
RoundRobin,4277,3037662008,1185674,1187691,2017,completed,-21
RoundRobin,4278,3658959723,1185874,1187899,2025,completed,-9
RoundRobin,4279,3037662008,1186074,1188090,2016,completed,-21
RoundRobin,4280,3658959723,1186274,1188299,2025,completed,-9
RoundRobin,4281,3037662008,1186474,1188684,2210,completed,-21
RoundRobin,4282,3658959723,1186674,1188700,2026,completed,-9
RoundRobin,4283,3037662008,1186874,1188891,2017,completed,-21
RoundRobin,4284,3658959723,1187074,1189112,2038,completed,-9
RoundRobin,4285,3037662008,1187274,1189290,2016,completed,-21
RoundRobin,4287,3037662008,1187675,1189692,2017,completed,-21
RoundRobin,4289,3037662008,1188075,1190091,2016,completed,-21
RoundRobin,4291,3037662008,1188475,1190492,2017,completed,-21
RoundRobin,4293,3037662008,1188876,1190894,2018,completed,-21
RoundRobin,4295,3037662008,1189276,1191292,2016,completed,-21
RoundRobin,4286,3658959723,1187474,1189694,2220,completed,-9
RoundRobin,4288,3658959723,1187875,1189900,2025,completed,-9
RoundRobin,4290,3658959723,1188275,1190304,2029,completed,-9
RoundRobin,4292,3658959723,1188676,1190703,2027,completed,-9
RoundRobin,4294,3658959723,1189076,1191101,2025,completed,-9
RoundRobin,4296,3658959723,1189476,1191695,2219,completed,-8
RoundRobin,4298,3658959723,1189876,1191902,2026,completed,-8
RoundRobin,4297,3037662008,1189676,1191693,2017,completed,-22
RoundRobin,4300,3658959723,1190276,1192302,2026,completed,-8
RoundRobin,4299,3037662008,1190076,1192093,2017,completed,-22
RoundRobin,4301,3037662008,1190476,1192493,2017,completed,-22
RoundRobin,4302,3658959723,1190676,1192703,2027,completed,-8
RoundRobin,4304,3658959723,1191076,1193102,2026,completed,-8
RoundRobin,4303,3037662008,1190876,1192894,2018,completed,-22
RoundRobin,4305,3037662008,1191276,1193293,2017,completed,-22
RoundRobin,4306,3658959723,1191476,1193699,2223,completed,-10
RoundRobin,4307,3037662008,1191682,1193700,2018,completed,-23
RoundRobin,4308,3658959723,1191882,1193908,2026,completed,-10
RoundRobin,4309,3037662008,1192082,1194098,2016,completed,-23
RoundRobin,4310,3658959723,1192282,1194307,2025,completed,-10
RoundRobin,4311,3037662008,1192482,1194693,2211,completed,-23
RoundRobin,4312,3658959723,1194880,1197100,2220,completed,-9
RoundRobin,4314,3658959723,1195281,1197307,2026,completed,-9
RoundRobin,4313,3037662008,1195081,1197302,2221,completed,-24
RoundRobin,4315,3037662008,1195481,1197499,2018,completed,-24
RoundRobin,4316,3658959723,1195681,1197706,2025,completed,-9
RoundRobin,4317,3037662008,1195881,1197897,2016,completed,-22
RoundRobin,4318,3658959723,1196081,1198109,2028,completed,-9
RoundRobin,4319,3037662008,1196281,1198298,2017,completed,-22
RoundRobin,4320,3658959723,1196481,1198506,2025,completed,-9
RoundRobin,4321,3037662008,1196681,1198698,2017,completed,-22
RoundRobin,4322,3658959723,1196881,1198907,2026,completed,-9
RoundRobin,4323,3037662008,1197085,1199104,2019,completed,-22
RoundRobin,4324,3658959723,1197285,1199327,2042,completed,-9
RoundRobin,4325,3037662008,1197485,1199502,2017,completed,-22
RoundRobin,4326,3658959723,1197685,1199710,2025,completed,-9
RoundRobin,4327,3037662008,1197885,1200095,2210,completed,-22
RoundRobin,4328,3658959723,1198085,1200110,2025,completed,-9
RoundRobin,4329,3037662008,1198285,1200302,2017,completed,-22
RoundRobin,4330,3658959723,1198485,1200510,2025,completed,-9
RoundRobin,4331,3037662008,1198685,1200701,2016,completed,-22
RoundRobin,4332,3658959723,1198887,1201105,2218,completed,-9
RoundRobin,4333,3037662008,1199087,1201104,2017,completed,-22
RoundRobin,4334,3658959723,1199287,1201312,2025,completed,-9
RoundRobin,4335,3037662008,1199487,1201504,2017,completed,-22
RoundRobin,4336,3658959723,1199687,1201712,2025,completed,-9
RoundRobin,4337,3037662008,1199887,1202098,2211,completed,-24
RoundRobin,4338,3658959723,1200087,1202112,2025,completed,-9
RoundRobin,4339,3037662008,1200287,1202304,2017,completed,-24
RoundRobin,4340,3658959723,1200487,1202513,2026,completed,-9
RoundRobin,4341,3037662008,1200687,1202705,2018,completed,-24
RoundRobin,4342,3658959723,1200888,1203106,2218,completed,-9
RoundRobin,4343,3037662008,1201088,1203106,2018,completed,-24
RoundRobin,4344,3658959723,1201288,1203313,2025,completed,-9
RoundRobin,4345,3037662008,1201488,1203504,2016,completed,-24
RoundRobin,4346,3658959723,1201688,1203714,2026,completed,-9
RoundRobin,4347,3037662008,1201888,1203905,2017,completed,-24
RoundRobin,4348,3658959723,1202091,1204118,2027,completed,-9
RoundRobin,4349,3037662008,1202291,1204309,2018,completed,-24
RoundRobin,4350,3658959723,1202491,1204516,2025,completed,-9
RoundRobin,4351,3037662008,1202691,1204707,2016,completed,-24
RoundRobin,4352,3658959723,1202891,1205109,2218,completed,-9
RoundRobin,4353,3037662008,1203091,1205108,2017,completed,-24
RoundRobin,4354,3658959723,1203291,1205316,2025,completed,-9
RoundRobin,4355,3037662008,1203491,1205508,2017,completed,-24
RoundRobin,4356,3658959723,1203691,1205718,2027,completed,-10
RoundRobin,4357,3037662008,1203891,1205908,2017,completed,-24
RoundRobin,4358,3658959723,1204092,1206119,2027,completed,-10
RoundRobin,4359,3037662008,1204292,1206309,2017,completed,-24
RoundRobin,4360,3658959723,1204492,1206517,2025,completed,-10
RoundRobin,4361,3037662008,1204692,1206708,2016,completed,-24
RoundRobin,4362,3658959723,1204892,1207112,2220,completed,-10
RoundRobin,4363,3037662008,1205092,1207109,2017,completed,-24
RoundRobin,4364,3658959723,1205292,1207318,2026,completed,-10
RoundRobin,4365,3037662008,1205492,1207509,2017,completed,-24
RoundRobin,4366,3658959723,1205692,1207717,2025,completed,-9
RoundRobin,4367,3037662008,1205892,1207908,2016,completed,-24
RoundRobin,4368,3658959723,1206093,1208120,2027,completed,-9
RoundRobin,4369,3037662008,1206293,1208311,2018,completed,-24
RoundRobin,4370,3658959723,1206493,1208518,2025,completed,-9
RoundRobin,4371,3037662008,1206693,1208709,2016,completed,-24
RoundRobin,4372,3658959723,1206893,1209114,2221,completed,-9
RoundRobin,4373,3037662008,1207093,1209111,2018,completed,-24
RoundRobin,4374,3658959723,1207293,1209318,2025,completed,-9
RoundRobin,4375,3037662008,1207493,1209509,2016,completed,-24
RoundRobin,4376,3658959723,1207693,1209718,2025,completed,-9
RoundRobin,4377,3037662008,1207893,1209910,2017,completed,-25
RoundRobin,4378,3658959723,1208096,1210124,2028,completed,-9
RoundRobin,4379,3037662008,1208296,1210313,2017,completed,-25
RoundRobin,4380,3658959723,1208496,1210521,2025,completed,-9
RoundRobin,4381,3037662008,1208696,1210713,2017,completed,-25
RoundRobin,4382,3658959723,1208896,1210920,2024,completed,-9
RoundRobin,4383,3037662008,1209096,1211114,2018,completed,-25
RoundRobin,4384,3658959723,1209296,1211321,2025,completed,-9
RoundRobin,4385,3037662008,1209496,1211513,2017,completed,-25
RoundRobin,4386,3658959723,1209696,1211721,2025,completed,-10
RoundRobin,4387,3037662008,1209896,1211913,2017,completed,-25
RoundRobin,4388,3658959723,1210100,1212127,2027,completed,-10
RoundRobin,4390,3658959723,1212503,1214531,2028,completed,-11
RoundRobin,4392,3658959723,1212903,1214928,2025,completed,-11
RoundRobin,4394,3658959723,1213303,1215357,2054,completed,-11
RoundRobin,4396,3658959723,1213703,1215730,2027,completed,-10
RoundRobin,4389,3037662008,1212302,1214520,2218,completed,-24
RoundRobin,4398,3658959723,1214103,1216130,2027,completed,-10
RoundRobin,4391,3037662008,1212703,1214723,2020,completed,-24
RoundRobin,4393,3037662008,1213103,1215119,2016,completed,-24
RoundRobin,4400,3658959723,1214510,1216565,2055,completed,-10
RoundRobin,4395,3037662008,1213503,1215520,2017,completed,-25
RoundRobin,4397,3037662008,1213903,1215921,2018,completed,-25
RoundRobin,4402,3658959723,1214910,1216938,2028,completed,-10
RoundRobin,4399,3037662008,1214303,1216322,2019,completed,-25
RoundRobin,4401,3037662008,1214710,1216728,2018,completed,-25
RoundRobin,4403,3037662008,1215110,1217128,2018,completed,-25
RoundRobin,4404,3658959723,1215502,1217528,2026,completed,-10
RoundRobin,4405,3037662008,1215702,1217721,2019,completed,-25
RoundRobin,4406,3658959723,1215902,1217928,2026,completed,-10
RoundRobin,4407,3037662008,1216102,1218119,2017,completed,-25
RoundRobin,4408,3658959723,1216302,1218328,2026,completed,-10
RoundRobin,4409,3037662008,1216507,1218542,2035,completed,-25
RoundRobin,4410,3658959723,1216707,1218734,2027,completed,-10
RoundRobin,4411,3037662008,1216907,1218923,2016,completed,-25
RoundRobin,4412,3658959723,1217107,1219132,2025,completed,-10
RoundRobin,4413,3037662008,1217307,1219324,2017,completed,-25
RoundRobin,4414,3658959723,1217509,1219537,2028,completed,-10
RoundRobin,4415,3037662008,1217709,1219727,2018,completed,-24
RoundRobin,4416,3658959723,1217909,1219934,2025,completed,-10
RoundRobin,4417,3037662008,1218109,1220126,2017,completed,-24
RoundRobin,4418,3658959723,1218310,1220529,2219,completed,-10
RoundRobin,4419,3037662008,1218510,1220527,2017,completed,-24
RoundRobin,4420,3658959723,1218710,1220735,2025,completed,-10
RoundRobin,4421,3037662008,1218910,1220927,2017,completed,-24
RoundRobin,4422,3658959723,1219110,1221136,2026,completed,-10
RoundRobin,4423,3037662008,1219310,1221328,2018,completed,-24
RoundRobin,4424,3658959723,1219512,1221539,2027,completed,-10
RoundRobin,4425,3037662008,1219712,1221729,2017,completed,-21
RoundRobin,4426,3658959723,1219912,1221938,2026,completed,-9
RoundRobin,4427,3037662008,1220112,1222129,2017,completed,-21
RoundRobin,4428,3658959723,1220312,1222559,2247,completed,-9
RoundRobin,4429,3037662008,1220512,1222575,2063,completed,-21
RoundRobin,4430,3658959723,1220712,1222738,2026,completed,-9
RoundRobin,4431,3037662008,1220912,1222930,2018,completed,-21
RoundRobin,4432,3658959723,1221112,1223137,2025,completed,-9
RoundRobin,4433,3037662008,1221312,1223329,2017,completed,-21
RoundRobin,4434,3658959723,1221513,1223541,2028,completed,-9
RoundRobin,4435,3037662008,1221713,1223730,2017,completed,-22
RoundRobin,4436,3658959723,1221913,1223938,2025,completed,-10
RoundRobin,4437,3037662008,1222113,1224130,2017,completed,-22
RoundRobin,4438,3658959723,1222313,1224535,2222,completed,-10
RoundRobin,4439,3037662008,1222513,1224701,2188,completed,-22
RoundRobin,4440,3658959723,1222713,1224738,2025,completed,-10
RoundRobin,4441,3037662008,1222913,1224930,2017,completed,-22
RoundRobin,4442,3658959723,1223113,1225138,2025,completed,-10
RoundRobin,4443,3037662008,1223313,1225330,2017,completed,-22
RoundRobin,4444,3658959723,1223515,1225543,2028,completed,-10
RoundRobin,4445,3037662008,1223715,1225732,2017,completed,-23
RoundRobin,4446,3658959723,1223915,1225940,2025,completed,-9
RoundRobin,4447,3037662008,1224115,1226132,2017,completed,-23
RoundRobin,4448,3658959723,1224315,1226341,2026,completed,-9
RoundRobin,4449,3037662008,1224518,1226536,2018,completed,-23
RoundRobin,4450,3658959723,1224718,1226743,2025,completed,-9
RoundRobin,4451,3037662008,1224918,1226935,2017,completed,-23
RoundRobin,4452,3658959723,1225118,1227143,2025,completed,-9
RoundRobin,4453,3037662008,1225318,1227335,2017,completed,-23
RoundRobin,4454,3658959723,1225519,1227548,2029,completed,-10
RoundRobin,4455,3037662008,1225719,1227738,2019,completed,-23
RoundRobin,4456,3658959723,1225919,1227945,2026,completed,-10
RoundRobin,4457,3037662008,1226119,1228137,2018,completed,-23
RoundRobin,4458,3658959723,1226319,1228539,2220,completed,-10
RoundRobin,4459,3037662008,1226519,1228576,2057,completed,-23
RoundRobin,4460,3658959723,1226719,1228744,2025,completed,-10
RoundRobin,4461,3037662008,1226919,1228936,2017,completed,-23
RoundRobin,4462,3658959723,1227119,1229144,2025,completed,-10
RoundRobin,4464,3658959723,1227519,1231736,4217,completed,-10
RoundRobin,4466,3658959723,1229928,1232308,2380,completed,-10
RoundRobin,4468,3658959723,1230328,1232416,2088,completed,-10
RoundRobin,4470,3658959723,1230728,1232946,2218,completed,-10
RoundRobin,4471,3658959723,1230928,1233049,2121,completed,-10
RoundRobin,4472,3658959723,1231128,1233155,2027,completed,-10
RoundRobin,4473,3658959723,1231328,1233354,2026,completed,-10
RoundRobin,4474,3658959723,1231528,1233553,2025,completed,-10
RoundRobin,4475,3658959723,1231728,1233755,2027,completed,-10
RoundRobin,4476,3658959723,1231931,1234108,2177,completed,-10
RoundRobin,4477,3658959723,1232131,1234217,2086,completed,-10
RoundRobin,4463,3658959723,1232320,1234346,2026,completed,-10
RoundRobin,4478,3658959723,1232331,1234449,2118,completed,-10
RoundRobin,4479,3658959723,1232531,1234556,2025,completed,-10
RoundRobin,4480,3658959723,1232731,1234949,2218,completed,-10
RoundRobin,4481,3658959723,1232931,1235058,2127,completed,-10
RoundRobin,4482,3658959723,1233131,1235190,2059,completed,-10
RoundRobin,4483,3658959723,1233331,1235357,2026,completed,-10
RoundRobin,4484,3658959723,1233531,1235556,2025,completed,-10
RoundRobin,4485,3658959723,1233731,1235758,2027,completed,-10
RoundRobin,4486,3658959723,1233934,1235965,2031,completed,-10
RoundRobin,4487,3658959723,1234134,1236160,2026,completed,-10
RoundRobin,4488,3658959723,1234334,1236360,2026,completed,-10
RoundRobin,4489,3658959723,1234534,1236560,2026,completed,-10
RoundRobin,4465,3658959723,1234727,1236751,2024,completed,-10
RoundRobin,4490,3658959723,1234734,1236954,2220,completed,-10
RoundRobin,4491,3658959723,1234935,1237057,2122,completed,-10
RoundRobin,4492,3658959723,1235139,1237164,2025,completed,-10
RoundRobin,4467,3037662008,1235129,1232400,4294964567,completed,-23
RoundRobin,4469,3037662008,1230528,1232676,2148,completed,-23
RoundRobin,4494,3658959723,1235539,1237564,2025,completed,-10
RoundRobin,4493,3037662008,1235339,1237356,2017,completed,-22
RoundRobin,4496,3658959723,1236137,1238162,2025,completed,-10
RoundRobin,4495,3037662008,1235937,1237956,2019,completed,-23
RoundRobin,4497,3037662008,1236337,1238355,2018,completed,-23
RoundRobin,4498,3658959723,1236537,1238563,2026,completed,-10
RoundRobin,4499,3037662008,1236737,1238949,2212,completed,-23
RoundRobin,4500,3658959723,1236937,1238967,2030,completed,-10
RoundRobin,4501,3037662008,1237137,1239154,2017,completed,-23
RoundRobin,4502,3658959723,1237337,1239363,2026,completed,-10
RoundRobin,4503,3037662008,1237537,1239554,2017,completed,-23
RoundRobin,4504,3658959723,1237737,1239961,2224,completed,-9
RoundRobin,4505,3037662008,1237939,1239956,2017,completed,-23
RoundRobin,4506,3658959723,1238139,1240166,2027,completed,-9
RoundRobin,4507,3037662008,1238339,1240356,2017,completed,-23
RoundRobin,4508,3658959723,1238539,1240564,2025,completed,-9
RoundRobin,4509,3037662008,1238739,1240756,2017,completed,-23
RoundRobin,4510,3658959723,1238942,1240969,2027,completed,-9
RoundRobin,4511,3037662008,1239142,1241159,2017,completed,-23
RoundRobin,4512,3658959723,1239342,1241367,2025,completed,-9
RoundRobin,4513,3037662008,1239542,1241559,2017,completed,-24
RoundRobin,4514,3658959723,1239743,1241963,2220,completed,-9
RoundRobin,4515,3037662008,1239943,1241961,2018,completed,-24
RoundRobin,4516,3658959723,1240143,1242168,2025,completed,-9
RoundRobin,4517,3037662008,1240343,1242360,2017,completed,-24
RoundRobin,4518,3658959723,1240543,1242569,2026,completed,-9
RoundRobin,4519,3037662008,1240743,1242760,2017,completed,-24
RoundRobin,4520,3658959723,1240944,1242971,2027,completed,-9
RoundRobin,4521,3037662008,1241144,1243161,2017,completed,-24
RoundRobin,4522,3658959723,1241344,1243369,2025,completed,-9
RoundRobin,4523,3037662008,1241544,1243561,2017,completed,-23
RoundRobin,4524,3658959723,1241746,1243966,2220,completed,-10
RoundRobin,4525,3037662008,1241946,1243963,2017,completed,-23
RoundRobin,4526,3658959723,1242146,1244172,2026,completed,-10
RoundRobin,4527,3037662008,1242346,1244364,2018,completed,-23
RoundRobin,4528,3658959723,1242546,1244571,2025,completed,-10
RoundRobin,4529,3037662008,1242746,1244763,2017,completed,-23
RoundRobin,4530,3658959723,1242947,1244975,2028,completed,-10
RoundRobin,4531,3037662008,1243147,1245164,2017,completed,-23
RoundRobin,4532,3658959723,1243347,1245382,2035,completed,-10
RoundRobin,4533,3037662008,1243547,1245565,2018,completed,-24
RoundRobin,4534,3658959723,1243747,1245968,2221,completed,-10
RoundRobin,4535,3037662008,1243947,1245964,2017,completed,-24
RoundRobin,4536,3658959723,1244147,1246172,2025,completed,-10
RoundRobin,4537,3037662008,1244347,1246364,2017,completed,-24
RoundRobin,4538,3658959723,1244547,1246572,2025,completed,-10
RoundRobin,4540,3658959723,1247143,1249364,2221,completed,-10
RoundRobin,4542,3658959723,1247543,1249569,2026,completed,-10
RoundRobin,4544,3658959723,1247943,1249968,2025,completed,-10
RoundRobin,4546,3658959723,1248349,1250374,2025,completed,-10
RoundRobin,4548,3658959723,1248749,1250774,2025,completed,-10
RoundRobin,4549,3658959723,1248949,1250974,2025,completed,-10
RoundRobin,4550,3658959723,1249149,1251370,2221,completed,-10
RoundRobin,4551,3658959723,1249354,1251472,2118,completed,-10
RoundRobin,4552,3658959723,1249554,1251579,2025,completed,-10
RoundRobin,4539,3658959723,1249748,1251774,2026,completed,-10
RoundRobin,4553,3658959723,1249757,1251877,2120,completed,-10
RoundRobin,4554,3658959723,1249957,1251984,2027,completed,-10
RoundRobin,4555,3658959723,1250352,1252378,2026,completed,-10
RoundRobin,4556,3658959723,1250552,1252578,2026,completed,-10
RoundRobin,4557,3658959723,1250752,1252778,2026,completed,-10
RoundRobin,4541,3037662008,1247343,1249383,2040,completed,-23
RoundRobin,4543,3037662008,1247743,1249760,2017,completed,-23
RoundRobin,4545,3037662008,1248143,1250160,2017,completed,-23
RoundRobin,4559,3658959723,1251152,1253372,2220,completed,-10
RoundRobin,4547,3037662008,1248549,1250566,2017,completed,-23
RoundRobin,4558,3037662008,1250952,1252970,2018,completed,-23
RoundRobin,4561,3658959723,1251562,1253587,2025,completed,-10
RoundRobin,4560,3037662008,1251362,1253382,2020,completed,-23
RoundRobin,4563,3658959723,1251962,1253987,2025,completed,-10
RoundRobin,4562,3037662008,1251762,1253780,2018,completed,-23
RoundRobin,4564,3037662008,1252356,1254377,2021,completed,-23
RoundRobin,4565,3658959723,1252556,1254581,2025,completed,-10
RoundRobin,4566,3037662008,1252756,1254774,2018,completed,-23
RoundRobin,4567,3658959723,1252956,1254981,2025,completed,-10
RoundRobin,4569,3658959723,1253359,1255385,2026,completed,-10
RoundRobin,4568,3037662008,1253156,1255377,2221,completed,-23
RoundRobin,4571,3658959723,1253759,1255784,2025,completed,-10
RoundRobin,4570,3037662008,1253559,1255577,2018,completed,-23
RoundRobin,4572,3037662008,1253959,1255976,2017,completed,-23
RoundRobin,4573,3658959723,1254360,1256388,2028,completed,-10
RoundRobin,4574,3037662008,1254560,1256578,2018,completed,-23
RoundRobin,4575,3658959723,1254760,1256786,2026,completed,-10
RoundRobin,4576,3037662008,1254960,1256977,2017,completed,-23
RoundRobin,4577,3658959723,1255359,1257386,2027,completed,-10
RoundRobin,4578,3037662008,1255559,1257649,2090,completed,-24
RoundRobin,4579,3658959723,1255759,1257785,2026,completed,-10
RoundRobin,4580,3037662008,1255959,1257976,2017,completed,-24
RoundRobin,4581,3658959723,1256159,1258378,2219,completed,-10
RoundRobin,4582,3037662008,1256363,1258383,2020,completed,-24
RoundRobin,4583,3658959723,1256563,1258589,2026,completed,-10
RoundRobin,4584,3037662008,1256763,1258780,2017,completed,-24
RoundRobin,4585,3658959723,1256963,1258988,2025,completed,-10
RoundRobin,4586,3037662008,1257364,1259408,2044,completed,-24
RoundRobin,4587,3658959723,1257564,1259670,2106,completed,-10
RoundRobin,4588,3037662008,1257764,1259781,2017,completed,-23
RoundRobin,4589,3658959723,1257964,1259989,2025,completed,-10
RoundRobin,4590,3037662008,1258364,1260382,2018,completed,-23
RoundRobin,4591,3658959723,1258564,1260590,2026,completed,-10
RoundRobin,4592,3037662008,1258764,1260781,2017,completed,-23
RoundRobin,4593,3658959723,1258964,1260989,2025,completed,-10
RoundRobin,4595,3658959723,1259367,1261393,2026,completed,-10
RoundRobin,4594,3037662008,1259164,1261400,2236,completed,-23
RoundRobin,4596,3037662008,1259567,1261585,2018,completed,-24
RoundRobin,4597,3658959723,1259767,1261792,2025,completed,-10
RoundRobin,4598,3037662008,1259967,1261985,2018,completed,-24
RoundRobin,4599,3658959723,1260167,1262387,2220,completed,-10
RoundRobin,4600,3037662008,1260371,1262388,2017,completed,-24
RoundRobin,4601,3658959723,1260571,1262596,2025,completed,-10
RoundRobin,4602,3037662008,1260771,1262788,2017,completed,-24
RoundRobin,4603,3658959723,1260971,1262997,2026,completed,-10
RoundRobin,4604,3037662008,1261372,1263391,2019,completed,-24
RoundRobin,4606,3037662008,1261772,1263790,2018,completed,-24
RoundRobin,4605,3658959723,1261572,1263597,2025,completed,-10
RoundRobin,4607,3658959723,1261972,1263998,2026,completed,-10
RoundRobin,4608,3037662008,1262373,1264414,2041,completed,-24
RoundRobin,SUMMARY,ALL,0,0,121984,batch_complete,0
----------------,---,---,---,---,---,----------------,---
