algorithm,seq,worker_id,send_ts,comp_ts,latency_ms,status,rssi
RoundRobin,1,3037662008,347322,347438,116,completed,-32
RoundRobin,2,3658959723,347422,347521,99,completed,-10
RoundRobin,3,3037662008,347522,347636,114,completed,-32
RoundRobin,4,3658959723,347622,347722,100,completed,-10
RoundRobin,5,3037662008,347722,347836,114,completed,-32
RoundRobin,6,3658959723,347822,347922,100,completed,-10
RoundRobin,7,3037662008,347922,348057,135,completed,-34
RoundRobin,8,3658959723,348160,348261,101,completed,-10
RoundRobin,9,3037662008,348260,348374,114,completed,-34
RoundRobin,10,3658959723,348360,348459,99,completed,-10
RoundRobin,11,3037662008,348460,348573,113,completed,-34
RoundRobin,12,3658959723,348560,348660,100,completed,-10
RoundRobin,13,3037662008,348660,348774,114,completed,-34
RoundRobin,14,3658959723,348760,348859,99,completed,-10
RoundRobin,15,3037662008,348860,348974,114,completed,-34
RoundRobin,16,3658959723,348960,349059,99,completed,-10
RoundRobin,17,3037662008,349165,349279,114,completed,-34
RoundRobin,18,3658959723,349265,349364,99,completed,-10
RoundRobin,19,3037662008,349365,349479,114,completed,-34
RoundRobin,20,3658959723,349465,349564,99,completed,-10
RoundRobin,21,3037662008,349565,349679,114,completed,-34
RoundRobin,22,3658959723,349665,349764,99,completed,-10
RoundRobin,23,3037662008,349765,349879,114,completed,-34
RoundRobin,24,3658959723,349865,350057,192,completed,-10
RoundRobin,25,3037662008,349965,350273,308,completed,-30
RoundRobin,26,3658959723,350166,350266,100,completed,-10
RoundRobin,27,3037662008,350266,350380,114,completed,-30
RoundRobin,28,3658959723,350366,350465,99,completed,-10
RoundRobin,29,3037662008,350466,350580,114,completed,-30
RoundRobin,30,3658959723,350566,350666,100,completed,-10
RoundRobin,31,3037662008,350666,350780,114,completed,-30
RoundRobin,32,3658959723,350766,350864,98,completed,-10
RoundRobin,33,3037662008,350866,350980,114,completed,-30
RoundRobin,35,3037662008,351169,351284,115,completed,-30
RoundRobin,34,3658959723,350966,351268,302,completed,-10
RoundRobin,36,3658959723,351269,351371,102,completed,-10
RoundRobin,37,3037662008,351369,351483,114,completed,-30
RoundRobin,38,3658959723,351469,351568,99,completed,-10
RoundRobin,39,3037662008,351569,351683,114,completed,-30
RoundRobin,40,3658959723,351669,351769,100,completed,-10
RoundRobin,41,3037662008,351769,351883,114,completed,-30
RoundRobin,42,3658959723,351869,352061,192,completed,-11
RoundRobin,43,3037662008,352165,352285,120,completed,-39
RoundRobin,44,3658959723,352265,352364,99,completed,-11
RoundRobin,45,3037662008,352365,352498,133,completed,-39
RoundRobin,46,3658959723,352465,352563,98,completed,-11
RoundRobin,47,3037662008,352565,352679,114,completed,-39
RoundRobin,48,3658959723,352665,352765,100,completed,-11
RoundRobin,49,3037662008,352765,352879,114,completed,-39
RoundRobin,51,3037662008,352965,353079,114,completed,-39
RoundRobin,50,3658959723,352865,352964,99,completed,-11
RoundRobin,52,3658959723,353169,353271,102,completed,-11
RoundRobin,53,3037662008,353269,353383,114,completed,-39
RoundRobin,54,3658959723,353369,353468,99,completed,-11
RoundRobin,55,3037662008,353469,353582,113,completed,-39
RoundRobin,56,3658959723,353569,353668,99,completed,-11
RoundRobin,57,3037662008,353669,353784,115,completed,-39
RoundRobin,58,3658959723,353769,353869,100,completed,-11
RoundRobin,59,3037662008,353869,354008,139,completed,-36
RoundRobin,61,3037662008,354169,354285,116,completed,-36
RoundRobin,60,3658959723,353969,354269,300,completed,-10
RoundRobin,62,3658959723,354269,354372,103,completed,-10
RoundRobin,63,3037662008,354369,354483,114,completed,-36
RoundRobin,64,3658959723,354469,354570,101,completed,-10
RoundRobin,65,3037662008,354569,354682,113,completed,-36
RoundRobin,66,3658959723,354669,354769,100,completed,-10
RoundRobin,67,3037662008,354769,354883,114,completed,-36
RoundRobin,68,3658959723,354869,354968,99,completed,-10
RoundRobin,69,3037662008,354969,355278,309,completed,-36
RoundRobin,70,3658959723,355171,355273,102,completed,-10
RoundRobin,71,3037662008,355271,355386,115,completed,-36
RoundRobin,72,3658959723,355371,355470,99,completed,-10
RoundRobin,73,3037662008,355471,355584,113,completed,-36
RoundRobin,74,3658959723,355571,355670,99,completed,-10
RoundRobin,75,3037662008,355671,355785,114,completed,-36
RoundRobin,76,3658959723,355771,355872,101,completed,-10
RoundRobin,77,3037662008,355871,356055,184,completed,-36
RoundRobin,78,3658959723,355971,356271,300,completed,-11
RoundRobin,79,3037662008,356171,356287,116,completed,-36
RoundRobin,80,3658959723,356271,356380,109,completed,-11
RoundRobin,81,3037662008,356371,356485,114,completed,-36
RoundRobin,82,3658959723,356471,356571,100,completed,-11
RoundRobin,83,3037662008,356571,356685,114,completed,-36
RoundRobin,84,3658959723,356671,356771,100,completed,-11
RoundRobin,85,3037662008,356771,356885,114,completed,-36
RoundRobin,87,3037662008,356971,357085,114,completed,-36
RoundRobin,86,3658959723,356871,356970,99,completed,-11
RoundRobin,88,3658959723,357174,357278,104,completed,-11
RoundRobin,89,3037662008,357274,357388,114,completed,-36
RoundRobin,90,3658959723,357374,357473,99,completed,-11
RoundRobin,91,3037662008,357474,357587,113,completed,-36
RoundRobin,92,3658959723,357574,357672,98,completed,-11
RoundRobin,93,3037662008,357674,357788,114,completed,-36
RoundRobin,94,3658959723,357774,357874,100,completed,-11
RoundRobin,95,3037662008,357874,358057,183,completed,-35
RoundRobin,96,3658959723,357974,358275,301,completed,-9
RoundRobin,97,3037662008,358178,358293,115,completed,-35
RoundRobin,98,3658959723,358278,358384,106,completed,-9
RoundRobin,99,3037662008,358378,358492,114,completed,-35
RoundRobin,100,3658959723,358478,358577,99,completed,-9
RoundRobin,101,3037662008,358578,358692,114,completed,-35
RoundRobin,102,3658959723,358678,358778,100,completed,-9
RoundRobin,103,3037662008,358778,358892,114,completed,-35
RoundRobin,104,3658959723,358878,358977,99,completed,-9
RoundRobin,105,3037662008,359172,359288,116,completed,-35
RoundRobin,106,3658959723,359272,359370,98,completed,-9
RoundRobin,107,3037662008,359372,359486,114,completed,-35
RoundRobin,108,3658959723,359472,359571,99,completed,-9
RoundRobin,109,3037662008,359572,359686,114,completed,-35
RoundRobin,110,3658959723,359672,359771,99,completed,-9
RoundRobin,111,3037662008,359772,359886,114,completed,-35
RoundRobin,113,3037662008,359972,360086,114,completed,-35
RoundRobin,112,3658959723,359872,359970,98,completed,-10
RoundRobin,114,3658959723,360175,360277,102,completed,-10
RoundRobin,115,3037662008,360275,360390,115,completed,-35
RoundRobin,116,3658959723,360375,360477,102,completed,-10
RoundRobin,117,3037662008,360475,360589,114,completed,-35
RoundRobin,118,3658959723,360575,360673,98,completed,-10
RoundRobin,119,3037662008,360675,360789,114,completed,-35
RoundRobin,120,3658959723,360775,360875,100,completed,-10
RoundRobin,121,3037662008,360875,360989,114,completed,-35
RoundRobin,122,3658959723,360975,361074,99,completed,-10
RoundRobin,123,3037662008,361177,361298,121,completed,-35
RoundRobin,124,3658959723,361277,361376,99,completed,-10
RoundRobin,125,3037662008,361377,361491,114,completed,-35
RoundRobin,126,3658959723,361477,361576,99,completed,-10
RoundRobin,127,3037662008,361577,361691,114,completed,-35
RoundRobin,128,3658959723,361677,361776,99,completed,-10
RoundRobin,129,3037662008,361777,361891,114,completed,-35
RoundRobin,131,3037662008,361977,362091,114,completed,-33
RoundRobin,130,3658959723,361877,361976,99,completed,-11
RoundRobin,132,3658959723,362182,362285,103,completed,-11
RoundRobin,133,3037662008,362282,362397,115,completed,-33
RoundRobin,134,3658959723,362382,362482,100,completed,-11
RoundRobin,135,3037662008,362482,362596,114,completed,-33
RoundRobin,136,3658959723,362582,362681,99,completed,-11
RoundRobin,137,3037662008,362682,362796,114,completed,-33
RoundRobin,138,3658959723,362782,362882,100,completed,-11
RoundRobin,139,3037662008,362882,362996,114,completed,-33
RoundRobin,140,3658959723,362982,363283,301,completed,-11
RoundRobin,141,3037662008,363182,363299,117,completed,-33
RoundRobin,142,3658959723,363282,363386,104,completed,-11
RoundRobin,143,3037662008,363382,363497,115,completed,-33
RoundRobin,144,3658959723,363482,363582,100,completed,-11
RoundRobin,145,3037662008,363582,363696,114,completed,-33
RoundRobin,146,3658959723,363682,363781,99,completed,-11
RoundRobin,147,3037662008,363782,363896,114,completed,-33
RoundRobin,149,3037662008,363982,364096,114,completed,-35
RoundRobin,148,3658959723,363882,363981,99,completed,-10
RoundRobin,150,3658959723,364188,364293,105,completed,-10
RoundRobin,151,3037662008,364288,364404,116,completed,-35
RoundRobin,152,3658959723,364388,364489,101,completed,-10
RoundRobin,153,3037662008,364488,364602,114,completed,-35
RoundRobin,154,3658959723,364588,364687,99,completed,-10
RoundRobin,155,3037662008,364688,364802,114,completed,-35
RoundRobin,156,3658959723,364788,364888,100,completed,-10
RoundRobin,157,3037662008,364888,365002,114,completed,-35
RoundRobin,158,3658959723,365183,365283,100,completed,-10
RoundRobin,159,3037662008,365283,365396,113,completed,-35
RoundRobin,160,3658959723,365383,365482,99,completed,-10
RoundRobin,161,3037662008,365483,365597,114,completed,-35
RoundRobin,162,3658959723,365583,365682,99,completed,-10
RoundRobin,163,3037662008,365683,365797,114,completed,-35
RoundRobin,164,3658959723,365783,365882,99,completed,-10
RoundRobin,165,3037662008,365883,365997,114,completed,-34
RoundRobin,166,3658959723,365983,366083,100,completed,-10
RoundRobin,167,3037662008,366186,366302,116,completed,-34
RoundRobin,168,3658959723,366286,366386,100,completed,-10
RoundRobin,169,3037662008,366386,366500,114,completed,-34
RoundRobin,170,3658959723,366486,366585,99,completed,-10
RoundRobin,171,3037662008,366586,366700,114,completed,-34
RoundRobin,172,3658959723,366686,366785,99,completed,-10
RoundRobin,173,3037662008,366786,366901,115,completed,-34
RoundRobin,175,3037662008,366986,367099,113,completed,-34
RoundRobin,174,3658959723,366886,366985,99,completed,-10
RoundRobin,176,3658959723,367188,367292,104,completed,-10
RoundRobin,177,3037662008,367288,367402,114,completed,-34
RoundRobin,178,3658959723,367388,367488,100,completed,-10
RoundRobin,179,3037662008,367488,367602,114,completed,-34
RoundRobin,180,3658959723,367588,367688,100,completed,-10
RoundRobin,181,3037662008,367688,367803,115,completed,-34
RoundRobin,182,3658959723,367788,367887,99,completed,-10
RoundRobin,183,3037662008,367888,368002,114,completed,-34
RoundRobin,184,3658959723,367988,368089,101,completed,-11
RoundRobin,185,3037662008,368191,368305,114,completed,-34
RoundRobin,186,3658959723,368291,368391,100,completed,-11
RoundRobin,187,3037662008,368391,368505,114,completed,-34
RoundRobin,188,3658959723,368491,368590,99,completed,-11
RoundRobin,189,3037662008,368591,368705,114,completed,-34
RoundRobin,190,3658959723,368691,368791,100,completed,-11
RoundRobin,191,3037662008,368791,368906,115,completed,-34
RoundRobin,192,3658959723,368891,368990,99,completed,-11
RoundRobin,193,3037662008,368991,369298,307,completed,-34
RoundRobin,194,3658959723,369191,369292,101,completed,-11
RoundRobin,195,3037662008,369291,369405,114,completed,-34
RoundRobin,196,3658959723,369391,369492,101,completed,-11
RoundRobin,197,3037662008,369491,369605,114,completed,-34
RoundRobin,198,3658959723,369591,369690,99,completed,-11
RoundRobin,199,3037662008,369691,369805,114,completed,-34
RoundRobin,200,3658959723,369791,369890,99,completed,-11
RoundRobin,201,3037662008,369891,370005,114,completed,-32
RoundRobin,203,3037662008,370192,370308,116,completed,-32
RoundRobin,205,3037662008,370392,370506,114,completed,-32
RoundRobin,207,3037662008,370592,370707,115,completed,-32
RoundRobin,209,3037662008,370792,370906,114,completed,-32
RoundRobin,211,3037662008,370992,371106,114,completed,-32
RoundRobin,202,3658959723,369991,370090,99,completed,-11
RoundRobin,213,3037662008,371293,371406,113,completed,-32
RoundRobin,204,3658959723,370292,370392,100,completed,-11
RoundRobin,206,3658959723,370492,370590,98,completed,-11
RoundRobin,208,3658959723,370692,370791,99,completed,-11
RoundRobin,210,3658959723,370892,370991,99,completed,-11
RoundRobin,215,3037662008,371493,371606,113,completed,-32
RoundRobin,212,3658959723,371193,371294,101,completed,-11
RoundRobin,214,3658959723,371393,371518,125,completed,-11
RoundRobin,217,3037662008,371693,371807,114,completed,-32
RoundRobin,216,3658959723,371593,371693,100,completed,-11
RoundRobin,218,3658959723,371793,371894,101,completed,-11
RoundRobin,219,3037662008,371893,372007,114,completed,-33
RoundRobin,220,3658959723,371993,372093,100,completed,-11
RoundRobin,221,3037662008,372195,372310,115,completed,-33
RoundRobin,222,3658959723,372295,372396,101,completed,-11
RoundRobin,223,3037662008,372395,372509,114,completed,-33
RoundRobin,224,3658959723,372495,372594,99,completed,-11
RoundRobin,225,3037662008,372595,372709,114,completed,-33
RoundRobin,226,3658959723,372695,372794,99,completed,-11
RoundRobin,227,3037662008,372795,372910,115,completed,-33
RoundRobin,228,3658959723,372895,372995,100,completed,-11
RoundRobin,229,3037662008,372995,373303,308,completed,-33
RoundRobin,230,3658959723,373195,373297,102,completed,-11
RoundRobin,231,3037662008,373295,373411,116,completed,-33
RoundRobin,232,3658959723,373395,373495,100,completed,-11
RoundRobin,233,3037662008,373495,373609,114,completed,-33
RoundRobin,234,3658959723,373595,373694,99,completed,-11
RoundRobin,235,3037662008,373695,373809,114,completed,-33
RoundRobin,236,3658959723,373795,373894,99,completed,-11
RoundRobin,237,3037662008,373895,374009,114,completed,-33
RoundRobin,238,3658959723,373995,374093,98,completed,-10
RoundRobin,239,3037662008,374201,374317,116,completed,-33
RoundRobin,240,3658959723,374301,374400,99,completed,-10
RoundRobin,241,3037662008,374401,374515,114,completed,-33
RoundRobin,242,3658959723,374501,374600,99,completed,-10
RoundRobin,243,3037662008,374601,374715,114,completed,-33
RoundRobin,244,3658959723,374705,374807,102,completed,-10
RoundRobin,245,3037662008,374805,374920,115,completed,-33
RoundRobin,246,3658959723,374905,375005,100,completed,-10
RoundRobin,247,3037662008,375195,375312,117,completed,-33
RoundRobin,248,3658959723,375295,375394,99,completed,-10
RoundRobin,249,3037662008,375395,375509,114,completed,-33
RoundRobin,250,3658959723,375495,375594,99,completed,-10
RoundRobin,251,3037662008,375595,375709,114,completed,-33
RoundRobin,252,3658959723,375695,375794,99,completed,-10
RoundRobin,253,3037662008,375795,375909,114,completed,-33
RoundRobin,255,3037662008,375995,376108,113,completed,-31
RoundRobin,254,3658959723,375895,375995,100,completed,-10
RoundRobin,256,3658959723,376197,376300,103,completed,-10
RoundRobin,257,3037662008,376297,376411,114,completed,-31
RoundRobin,258,3658959723,376397,376496,99,completed,-10
RoundRobin,259,3037662008,376497,376611,114,completed,-31
RoundRobin,260,3658959723,376597,376697,100,completed,-10
RoundRobin,261,3037662008,376697,376811,114,completed,-31
RoundRobin,262,3658959723,376797,376896,99,completed,-10
RoundRobin,263,3037662008,376897,377012,115,completed,-31
RoundRobin,264,3658959723,376997,377097,100,completed,-10
RoundRobin,265,3037662008,377202,377324,122,completed,-31
RoundRobin,266,3658959723,377302,377401,99,completed,-10
RoundRobin,267,3037662008,377402,377516,114,completed,-31
RoundRobin,268,3658959723,377502,377601,99,completed,-10
RoundRobin,269,3037662008,377602,377716,114,completed,-31
RoundRobin,270,3658959723,377702,377801,99,completed,-10
RoundRobin,271,3037662008,377802,377916,114,completed,-31
RoundRobin,272,3658959723,377902,378073,171,completed,-10
RoundRobin,273,3037662008,378002,378309,307,completed,-34
RoundRobin,274,3658959723,378212,378312,100,completed,-10
RoundRobin,275,3658959723,378312,378415,103,completed,-10
RoundRobin,276,3658959723,378412,378518,106,completed,-10
RoundRobin,277,3658959723,378512,378621,109,completed,-10
RoundRobin,278,3658959723,378612,378723,111,completed,-10
RoundRobin,279,3658959723,378712,378825,113,completed,-10
RoundRobin,280,3658959723,378812,378927,115,completed,-10
RoundRobin,281,3658959723,378912,379030,118,completed,-10
RoundRobin,282,3658959723,379197,379297,100,completed,-10
RoundRobin,283,3658959723,379297,379400,103,completed,-10
RoundRobin,284,3658959723,379397,379503,106,completed,-10
RoundRobin,285,3658959723,379497,379606,109,completed,-10
RoundRobin,286,3658959723,379597,379709,112,completed,-10
RoundRobin,287,3658959723,379697,379812,115,completed,-10
RoundRobin,288,3658959723,379797,379915,118,completed,-10
RoundRobin,289,3658959723,379897,380023,126,completed,-11
RoundRobin,290,3658959723,379997,380125,128,completed,-11
RoundRobin,291,3658959723,380203,380304,101,completed,-11
RoundRobin,292,3658959723,380303,380407,104,completed,-11
RoundRobin,293,3658959723,380403,380510,107,completed,-11
RoundRobin,294,3658959723,380503,380612,109,completed,-11
RoundRobin,295,3658959723,380603,380715,112,completed,-11
RoundRobin,296,3658959723,380703,380818,115,completed,-11
RoundRobin,297,3658959723,380803,380921,118,completed,-11
RoundRobin,298,3658959723,380903,381024,121,completed,-11
RoundRobin,299,3658959723,381003,381127,124,completed,-11
RoundRobin,300,3658959723,381206,381307,101,completed,-11
RoundRobin,301,3658959723,381306,381410,104,completed,-11
RoundRobin,302,3658959723,381406,381512,106,completed,-11
RoundRobin,303,3658959723,381506,381615,109,completed,-11
RoundRobin,304,3658959723,381606,381718,112,completed,-11
RoundRobin,305,3658959723,381707,381821,114,completed,-11
RoundRobin,306,3658959723,381807,381923,116,completed,-11
RoundRobin,307,3658959723,381907,382026,119,completed,-11
RoundRobin,308,3658959723,382007,382302,295,completed,-11
RoundRobin,309,3658959723,382203,382405,202,completed,-11
RoundRobin,310,3658959723,382303,382507,204,completed,-11
RoundRobin,311,3658959723,382403,382610,207,completed,-11
RoundRobin,312,3658959723,382503,382713,210,completed,-11
RoundRobin,313,3658959723,382603,382816,213,completed,-11
RoundRobin,314,3658959723,382703,382919,216,completed,-11
RoundRobin,315,3658959723,382803,383022,219,completed,-11
RoundRobin,316,3658959723,382903,383125,222,completed,-11
RoundRobin,317,3658959723,383003,383226,223,completed,-11
RoundRobin,318,3658959723,383207,383328,121,completed,-11
RoundRobin,319,3658959723,383307,383431,124,completed,-11
RoundRobin,320,3658959723,383407,383534,127,completed,-11
RoundRobin,321,3658959723,383507,383637,130,completed,-11
RoundRobin,322,3658959723,383607,383740,133,completed,-11
RoundRobin,323,3658959723,383707,383843,136,completed,-11
RoundRobin,324,3658959723,383807,383946,139,completed,-11
RoundRobin,325,3658959723,383907,384049,142,completed,-11
RoundRobin,326,3658959723,384007,384152,145,completed,-11
RoundRobin,327,3658959723,384208,384311,103,completed,-11
RoundRobin,328,3658959723,384308,384413,105,completed,-11
RoundRobin,329,3658959723,384408,384516,108,completed,-11
RoundRobin,330,3658959723,384508,384619,111,completed,-11
RoundRobin,331,3658959723,384608,384722,114,completed,-11
RoundRobin,332,3658959723,384708,384825,117,completed,-11
RoundRobin,333,3658959723,384808,384928,120,completed,-11
RoundRobin,334,3658959723,384908,385031,123,completed,-11
RoundRobin,335,3658959723,385008,385134,126,completed,-11
RoundRobin,336,3658959723,385210,385312,102,completed,-11
RoundRobin,337,3658959723,385310,385415,105,completed,-11
RoundRobin,338,3658959723,385410,385518,108,completed,-11
RoundRobin,339,3658959723,385510,385621,111,completed,-11
RoundRobin,340,3658959723,385610,385724,114,completed,-11
RoundRobin,341,3658959723,385713,385827,114,completed,-11
RoundRobin,342,3658959723,385813,385930,117,completed,-11
RoundRobin,343,3658959723,385913,386046,133,completed,-10
RoundRobin,344,3658959723,386013,386307,294,completed,-10
RoundRobin,345,3658959723,386214,386410,196,completed,-10
RoundRobin,346,3658959723,386314,386513,199,completed,-10
RoundRobin,347,3658959723,386414,386616,202,completed,-10
RoundRobin,348,3658959723,386514,386719,205,completed,-10
RoundRobin,349,3658959723,386614,386822,208,completed,-10
RoundRobin,350,3658959723,386714,386925,211,completed,-10
RoundRobin,351,3658959723,386814,387028,214,completed,-10
RoundRobin,352,3658959723,386914,387131,217,completed,-10
RoundRobin,353,3658959723,387014,387308,294,completed,-10
RoundRobin,354,3658959723,387215,387414,199,completed,-10
RoundRobin,355,3658959723,387315,387516,201,completed,-10
RoundRobin,356,3658959723,387415,387618,203,completed,-10
RoundRobin,357,3658959723,387515,387721,206,completed,-10
RoundRobin,358,3658959723,387615,387824,209,completed,-10
RoundRobin,359,3658959723,387715,387925,210,completed,-10
RoundRobin,360,3658959723,387815,388028,213,completed,-10
RoundRobin,361,3658959723,387915,388131,216,completed,-10
RoundRobin,362,3658959723,388015,388310,295,completed,-10
RoundRobin,363,3658959723,388218,388413,195,completed,-10
RoundRobin,364,3658959723,388318,388515,197,completed,-10
RoundRobin,365,3658959723,388418,388632,214,completed,-10
RoundRobin,366,3658959723,388518,388735,217,completed,-10
RoundRobin,367,3658959723,388618,388838,220,completed,-10
RoundRobin,368,3658959723,388719,388941,222,completed,-10
RoundRobin,369,3658959723,388819,389043,224,completed,-10
RoundRobin,370,3658959723,388919,389145,226,completed,-10
RoundRobin,371,3658959723,389211,390851,1640,completed,-10
RoundRobin,372,3658959723,389311,390954,1643,completed,-10
RoundRobin,373,3658959723,389411,391057,1646,completed,-10
RoundRobin,374,3658959723,389511,391161,1650,completed,-10
RoundRobin,375,3658959723,389611,391263,1652,completed,-10
RoundRobin,376,3658959723,389711,391366,1655,completed,-10
RoundRobin,377,3658959723,389811,391469,1658,completed,-10
RoundRobin,378,3658959723,389911,391572,1661,completed,-10
RoundRobin,379,3658959723,390011,391675,1664,completed,-10
RoundRobin,380,3658959723,390212,391778,1566,completed,-10
RoundRobin,381,3658959723,390312,391881,1569,completed,-10
RoundRobin,382,3658959723,390412,391984,1572,completed,-11
RoundRobin,383,3658959723,390512,392087,1575,completed,-11
RoundRobin,384,3658959723,390612,392190,1578,completed,-11
RoundRobin,385,3658959723,390718,392292,1574,completed,-11
RoundRobin,386,3658959723,390818,392395,1577,completed,-11
RoundRobin,387,3658959723,390918,392498,1580,completed,-11
RoundRobin,388,3658959723,391018,392601,1583,completed,-11
RoundRobin,389,3658959723,391220,392704,1484,completed,-11
RoundRobin,390,3658959723,391320,392806,1486,completed,-11
RoundRobin,391,3658959723,391420,392909,1489,completed,-11
RoundRobin,392,3658959723,391520,393012,1492,completed,-11
RoundRobin,393,3658959723,391620,393115,1495,completed,-11
RoundRobin,394,3658959723,391720,393218,1498,completed,-11
RoundRobin,395,3658959723,391820,393321,1501,completed,-11
RoundRobin,396,3658959723,391920,393424,1504,completed,-11
RoundRobin,397,3658959723,392020,393527,1507,completed,-11
RoundRobin,398,3658959723,392220,393630,1410,completed,-11
RoundRobin,399,3658959723,392320,393733,1413,completed,-11
RoundRobin,400,3658959723,392420,393836,1416,completed,-11
RoundRobin,401,3658959723,392520,393939,1419,completed,-11
RoundRobin,402,3658959723,392620,394042,1422,completed,-11
RoundRobin,403,3658959723,392720,394145,1425,completed,-11
RoundRobin,404,3658959723,392821,394247,1426,completed,-11
RoundRobin,405,3658959723,392926,394349,1423,completed,-11
RoundRobin,406,3658959723,393222,394451,1229,completed,-11
RoundRobin,407,3658959723,393322,394553,1231,completed,-11
RoundRobin,408,3658959723,393422,394655,1233,completed,-11
RoundRobin,409,3658959723,393522,394757,1235,completed,-11
RoundRobin,410,3658959723,393622,394860,1238,completed,-11
RoundRobin,411,3658959723,393722,394962,1240,completed,-11
RoundRobin,412,3658959723,393822,395064,1242,completed,-11
RoundRobin,413,3658959723,393922,395166,1244,completed,-11
RoundRobin,414,3658959723,394022,395267,1245,completed,-11
RoundRobin,415,3658959723,394223,395368,1145,completed,-11
RoundRobin,416,3658959723,394323,395470,1147,completed,-11
RoundRobin,417,3658959723,394423,395571,1148,completed,-11
RoundRobin,418,3658959723,394523,395673,1150,completed,-11
RoundRobin,419,3658959723,394623,395775,1152,completed,-11
RoundRobin,420,3658959723,394725,395877,1152,completed,-11
RoundRobin,421,3658959723,396988,397292,304,completed,-11
RoundRobin,422,3658959723,397190,397397,207,completed,-11
RoundRobin,423,3658959723,397290,397500,210,completed,-11
RoundRobin,424,3658959723,397390,397603,213,completed,-11
RoundRobin,425,3658959723,397490,397706,216,completed,-11
RoundRobin,426,3658959723,397590,397809,219,completed,-11
RoundRobin,427,3658959723,397690,397912,222,completed,-11
RoundRobin,428,3658959723,397790,398015,225,completed,-11
RoundRobin,429,3658959723,397890,398117,227,completed,-11
RoundRobin,430,3658959723,397990,398219,229,completed,-11
RoundRobin,431,3658959723,398191,398322,131,completed,-11
RoundRobin,432,3658959723,398291,398425,134,completed,-11
RoundRobin,433,3658959723,398391,398528,137,completed,-11
RoundRobin,434,3658959723,398491,398631,140,completed,-11
RoundRobin,435,3658959723,398591,398734,143,completed,-11
RoundRobin,436,3658959723,398691,398837,146,completed,-11
RoundRobin,437,3658959723,398791,398940,149,completed,-11
RoundRobin,438,3658959723,398891,399042,151,completed,-11
RoundRobin,439,3658959723,398991,399145,154,completed,-11
RoundRobin,440,3658959723,399196,399305,109,completed,-11
RoundRobin,441,3658959723,399296,399414,118,completed,-11
RoundRobin,442,3658959723,399396,399523,127,completed,-11
RoundRobin,443,3658959723,399496,399633,137,completed,-11
RoundRobin,444,3658959723,399596,399736,140,completed,-11
RoundRobin,445,3658959723,399696,399839,143,completed,-11
RoundRobin,446,3658959723,399796,399942,146,completed,-11
RoundRobin,447,3658959723,399896,400045,149,completed,-11
RoundRobin,448,3658959723,399996,400291,295,completed,-11
RoundRobin,449,3658959723,400192,400394,202,completed,-11
RoundRobin,450,3658959723,400292,400496,204,completed,-11
RoundRobin,451,3658959723,400392,400598,206,completed,-11
RoundRobin,452,3658959723,400492,400701,209,completed,-11
RoundRobin,453,3658959723,400592,400804,212,completed,-11
RoundRobin,454,3658959723,400692,400907,215,completed,-11
RoundRobin,455,3658959723,400792,401010,218,completed,-11
RoundRobin,456,3658959723,400892,401112,220,completed,-11
RoundRobin,457,3658959723,400992,401213,221,completed,-11
RoundRobin,458,3658959723,401197,401314,117,completed,-11
RoundRobin,459,3658959723,401297,401542,245,completed,-11
RoundRobin,460,3658959723,401397,401645,248,completed,-11
RoundRobin,461,3658959723,401497,401748,251,completed,-11
RoundRobin,462,3658959723,401597,401850,253,completed,-11
RoundRobin,463,3658959723,401697,401953,256,completed,-11
RoundRobin,464,3658959723,401797,402056,259,completed,-11
RoundRobin,465,3658959723,401897,402159,262,completed,-11
RoundRobin,466,3658959723,401997,402261,264,completed,-11
RoundRobin,467,3658959723,402198,402363,165,completed,-11
RoundRobin,468,3658959723,402298,402465,167,completed,-11
RoundRobin,469,3658959723,402398,402568,170,completed,-11
RoundRobin,470,3658959723,402498,402671,173,completed,-11
RoundRobin,471,3658959723,402598,402774,176,completed,-11
RoundRobin,472,3658959723,402698,402877,179,completed,-11
RoundRobin,473,3658959723,402800,402980,180,completed,-11
RoundRobin,474,3658959723,402900,403083,183,completed,-11
RoundRobin,475,3658959723,403000,403293,293,completed,-11
RoundRobin,476,3658959723,403201,403403,202,completed,-11
RoundRobin,477,3658959723,403301,403506,205,completed,-11
RoundRobin,478,3658959723,403401,403609,208,completed,-11
RoundRobin,479,3658959723,403501,403712,211,completed,-11
RoundRobin,480,3658959723,403601,403815,214,completed,-11
RoundRobin,481,3658959723,403701,403918,217,completed,-11
RoundRobin,482,3658959723,403801,404021,220,completed,-10
RoundRobin,483,3658959723,403901,404122,221,completed,-10
RoundRobin,484,3658959723,404001,404298,297,completed,-10
RoundRobin,485,3658959723,404197,404400,203,completed,-10
RoundRobin,486,3658959723,404297,404501,204,completed,-10
RoundRobin,487,3658959723,404397,404603,206,completed,-10
RoundRobin,488,3658959723,404497,404706,209,completed,-10
RoundRobin,489,3658959723,404597,404809,212,completed,-10
RoundRobin,490,3658959723,404697,404911,214,completed,-10
RoundRobin,491,3658959723,404797,405013,216,completed,-10
RoundRobin,492,3658959723,404897,405115,218,completed,-10
RoundRobin,493,3658959723,404998,405295,297,completed,-10
RoundRobin,494,3658959723,405202,405398,196,completed,-10
RoundRobin,495,3658959723,405302,405504,202,completed,-10
RoundRobin,496,3658959723,405402,405607,205,completed,-10
RoundRobin,497,3658959723,405502,405710,208,completed,-10
RoundRobin,498,3658959723,405602,405813,211,completed,-10
RoundRobin,499,3658959723,405702,405915,213,completed,-10
RoundRobin,500,3658959723,405802,406017,215,completed,-11
RoundRobin,501,3658959723,405902,406119,217,completed,-11
RoundRobin,502,3658959723,406002,406220,218,completed,-11
RoundRobin,503,3658959723,406203,406322,119,completed,-11
RoundRobin,504,3658959723,406303,406425,122,completed,-11
RoundRobin,505,3658959723,406403,406527,124,completed,-11
RoundRobin,506,3658959723,406503,406629,126,completed,-11
RoundRobin,507,3658959723,406603,406731,128,completed,-11
RoundRobin,508,3658959723,406703,406833,130,completed,-11
RoundRobin,509,3658959723,406803,406936,133,completed,-11
RoundRobin,510,3658959723,406903,407039,136,completed,-11
RoundRobin,511,3658959723,407003,407297,294,completed,-11
RoundRobin,512,3658959723,407205,407405,200,completed,-11
RoundRobin,513,3658959723,407305,407508,203,completed,-11
RoundRobin,514,3658959723,407405,407611,206,completed,-11
RoundRobin,515,3658959723,407505,407714,209,completed,-11
RoundRobin,516,3658959723,407605,407817,212,completed,-11
RoundRobin,517,3658959723,407705,407920,215,completed,-11
RoundRobin,519,3037662008,407905,408019,114,completed,-31
RoundRobin,518,3658959723,407805,408021,216,completed,-11
RoundRobin,521,3037662008,408201,408318,117,completed,-31
RoundRobin,520,3658959723,408005,408302,297,completed,-11
RoundRobin,522,3658959723,408301,408404,103,completed,-11
RoundRobin,523,3037662008,408401,408517,116,completed,-31
RoundRobin,524,3658959723,408501,408600,99,completed,-11
RoundRobin,525,3037662008,408601,408715,114,completed,-31
RoundRobin,526,3658959723,408707,408819,112,completed,-11
RoundRobin,527,3037662008,408807,408921,114,completed,-31
RoundRobin,528,3658959723,408907,409007,100,completed,-11
RoundRobin,529,3037662008,409007,409315,308,completed,-31
RoundRobin,530,3658959723,409207,409309,102,completed,-11
RoundRobin,531,3037662008,409307,409422,115,completed,-31
RoundRobin,532,3658959723,409407,409506,99,completed,-11
RoundRobin,533,3037662008,409507,409622,115,completed,-31
RoundRobin,534,3658959723,409607,409706,99,completed,-11
RoundRobin,535,3037662008,409707,409821,114,completed,-31
RoundRobin,536,3658959723,409807,409906,99,completed,-11
RoundRobin,537,3037662008,409907,410021,114,completed,-32
RoundRobin,538,3658959723,410007,410108,101,completed,-10
RoundRobin,539,3037662008,410210,410325,115,completed,-32
RoundRobin,540,3658959723,410310,410411,101,completed,-10
RoundRobin,541,3037662008,410410,410525,115,completed,-32
RoundRobin,542,3658959723,410510,410609,99,completed,-10
RoundRobin,543,3037662008,410610,410725,115,completed,-32
RoundRobin,544,3658959723,410710,410809,99,completed,-10
RoundRobin,545,3037662008,410810,410925,115,completed,-32
RoundRobin,546,3658959723,410910,411010,100,completed,-10
RoundRobin,547,3037662008,411010,411318,308,completed,-32
RoundRobin,548,3658959723,411212,411312,100,completed,-10
RoundRobin,549,3037662008,411312,411428,116,completed,-32
RoundRobin,550,3658959723,411412,411511,99,completed,-10
RoundRobin,551,3037662008,411512,411626,114,completed,-32
RoundRobin,552,3658959723,411612,411711,99,completed,-10
RoundRobin,553,3037662008,411712,411827,115,completed,-32
RoundRobin,554,3658959723,411812,411911,99,completed,-10
RoundRobin,555,3037662008,411912,412026,114,completed,-33
RoundRobin,557,3037662008,412210,412326,116,completed,-33
RoundRobin,556,3658959723,412012,412309,297,completed,-10
RoundRobin,558,3658959723,414422,414721,299,completed,-10
RoundRobin,559,3037662008,414628,414743,115,completed,-31
RoundRobin,560,3658959723,414728,414888,160,completed,-10
RoundRobin,561,3037662008,414828,414942,114,completed,-31
RoundRobin,562,3658959723,414928,415027,99,completed,-10
RoundRobin,563,3037662008,415028,415142,114,completed,-31
RoundRobin,564,3658959723,415128,415228,100,completed,-10
RoundRobin,565,3037662008,415228,415342,114,completed,-31
RoundRobin,566,3658959723,415328,415427,99,completed,-10
RoundRobin,567,3037662008,415623,415740,117,completed,-31
RoundRobin,568,3658959723,415726,415828,102,completed,-10
RoundRobin,569,3037662008,415826,415940,114,completed,-31
RoundRobin,570,3658959723,415926,416025,99,completed,-10
RoundRobin,571,3037662008,416026,416141,115,completed,-31
RoundRobin,572,3658959723,416126,416227,101,completed,-10
RoundRobin,573,3037662008,416226,416342,116,completed,-31
RoundRobin,574,3658959723,416326,416427,101,completed,-10
RoundRobin,575,3037662008,416428,416737,309,completed,-31
RoundRobin,576,3658959723,416629,416729,100,completed,-10
RoundRobin,577,3037662008,416729,416845,116,completed,-31
RoundRobin,578,3658959723,416829,416928,99,completed,-10
RoundRobin,579,3037662008,416929,417043,114,completed,-31
RoundRobin,580,3658959723,417029,417128,99,completed,-10
RoundRobin,581,3037662008,417129,417244,115,completed,-31
RoundRobin,582,3658959723,417229,417329,100,completed,-10
RoundRobin,583,3037662008,417329,417443,114,completed,-31
RoundRobin,584,3658959723,417429,417729,300,completed,-10
RoundRobin,585,3037662008,417629,417746,117,completed,-31
RoundRobin,586,3658959723,417729,417832,103,completed,-10
RoundRobin,587,3037662008,417829,417943,114,completed,-31
RoundRobin,588,3658959723,417929,418028,99,completed,-11
RoundRobin,589,3037662008,418029,418143,114,completed,-32
RoundRobin,590,3658959723,418129,418229,100,completed,-11
RoundRobin,591,3037662008,418229,418344,115,completed,-32
RoundRobin,592,3658959723,418329,418429,100,completed,-11
RoundRobin,594,3658959723,418630,418729,99,completed,-11
RoundRobin,593,3037662008,418429,418779,350,completed,-32
RoundRobin,595,3037662008,418739,418882,143,completed,-32
RoundRobin,596,3658959723,418839,418939,100,completed,-11
RoundRobin,597,3037662008,418939,419053,114,completed,-32
RoundRobin,598,3658959723,419039,419138,99,completed,-11
RoundRobin,599,3037662008,419139,419253,114,completed,-32
RoundRobin,600,3658959723,419239,419339,100,completed,-11
RoundRobin,601,3037662008,419339,419453,114,completed,-32
RoundRobin,602,3658959723,419629,419731,102,completed,-11
RoundRobin,603,3037662008,419729,419845,116,completed,-32
RoundRobin,604,3658959723,419829,419928,99,completed,-11
RoundRobin,605,3037662008,419929,420043,114,completed,-32
RoundRobin,606,3658959723,420029,420130,101,completed,-10
RoundRobin,607,3037662008,420129,420243,114,completed,-32
RoundRobin,608,3658959723,420229,420328,99,completed,-10
RoundRobin,609,3037662008,420329,420443,114,completed,-32
RoundRobin,610,3658959723,420429,420529,100,completed,-10
RoundRobin,612,3658959723,420736,420836,100,completed,-10
RoundRobin,611,3037662008,420634,420854,220,completed,-32
RoundRobin,613,3037662008,420836,420957,121,completed,-32
RoundRobin,614,3658959723,420936,421035,99,completed,-10
RoundRobin,615,3037662008,421036,421151,115,completed,-32
RoundRobin,616,3658959723,421136,421239,103,completed,-10
RoundRobin,617,3037662008,421236,421350,114,completed,-32
RoundRobin,618,3658959723,421336,421437,101,completed,-10
RoundRobin,619,3037662008,421632,421749,117,completed,-32
RoundRobin,620,3658959723,421732,421831,99,completed,-10
RoundRobin,621,3037662008,421832,421947,115,completed,-32
RoundRobin,623,3037662008,422032,422146,114,completed,-34
RoundRobin,622,3658959723,421932,422031,99,completed,-10
RoundRobin,624,3658959723,422132,422231,99,completed,-10
RoundRobin,625,3037662008,422232,422346,114,completed,-34
RoundRobin,626,3658959723,422332,422432,100,completed,-10
RoundRobin,627,3037662008,422432,422743,311,completed,-34
RoundRobin,628,3658959723,422635,422735,100,completed,-10
RoundRobin,629,3037662008,422744,422862,118,completed,-34
RoundRobin,630,3658959723,422844,422944,100,completed,-10
RoundRobin,631,3037662008,422944,423059,115,completed,-34
RoundRobin,632,3658959723,423044,423144,100,completed,-10
RoundRobin,633,3037662008,423144,423258,114,completed,-34
RoundRobin,634,3658959723,423244,423343,99,completed,-10
RoundRobin,635,3037662008,423344,423459,115,completed,-34
RoundRobin,636,3658959723,423633,423736,103,completed,-10
RoundRobin,637,3037662008,423733,423847,114,completed,-34
RoundRobin,638,3658959723,423833,423932,99,completed,-10
RoundRobin,639,3037662008,423933,424048,115,completed,-34
RoundRobin,640,3658959723,424033,424134,101,completed,-10
RoundRobin,641,3037662008,424133,424249,116,completed,-34
RoundRobin,642,3658959723,424233,424332,99,completed,-10
RoundRobin,643,3037662008,424333,424447,114,completed,-34
RoundRobin,645,3037662008,424637,424755,118,completed,-34
RoundRobin,644,3658959723,424433,424738,305,completed,-10
RoundRobin,646,3658959723,424745,424856,111,completed,-10
RoundRobin,647,3037662008,424845,424959,114,completed,-34
RoundRobin,648,3658959723,424945,425043,98,completed,-10
RoundRobin,650,3658959723,425145,425245,100,completed,-10
RoundRobin,649,3037662008,425045,425275,230,completed,-34
RoundRobin,651,3037662008,425245,425392,147,completed,-34
RoundRobin,652,3658959723,425345,425444,99,completed,-10
RoundRobin,653,3037662008,425638,425753,115,completed,-34
RoundRobin,654,3658959723,425738,425838,100,completed,-10
RoundRobin,655,3037662008,425838,425952,114,completed,-34
RoundRobin,656,3658959723,425938,426037,99,completed,-10
RoundRobin,657,3037662008,426038,426154,116,completed,-33
RoundRobin,658,3658959723,426138,426237,99,completed,-10
RoundRobin,659,3037662008,426238,426352,114,completed,-33
RoundRobin,660,3658959723,426338,426437,99,completed,-10
RoundRobin,661,3037662008,426438,426746,308,completed,-33
RoundRobin,662,3658959723,426639,426862,223,completed,-10
RoundRobin,663,3037662008,426739,426854,115,completed,-33
RoundRobin,665,3037662008,426939,427055,116,completed,-33
RoundRobin,664,3658959723,426839,427112,273,completed,-10
RoundRobin,666,3658959723,427039,427215,176,completed,-10
RoundRobin,667,3037662008,427139,427253,114,completed,-33
RoundRobin,668,3658959723,427239,427339,100,completed,-10
RoundRobin,669,3037662008,427339,427454,115,completed,-33
RoundRobin,670,3658959723,427439,427539,100,completed,-10
RoundRobin,671,3037662008,427643,427758,115,completed,-33
RoundRobin,672,3658959723,427743,427844,101,completed,-10
RoundRobin,673,3037662008,427843,427959,116,completed,-33
RoundRobin,674,3658959723,427943,428042,99,completed,-11
RoundRobin,675,3037662008,428043,428159,116,completed,-35
RoundRobin,676,3658959723,428143,428242,99,completed,-11
RoundRobin,677,3037662008,428243,428357,114,completed,-35
RoundRobin,678,3658959723,428343,428443,100,completed,-11
RoundRobin,679,3037662008,428642,428757,115,completed,-35
RoundRobin,680,3658959723,428742,428841,99,completed,-11
RoundRobin,681,3037662008,428842,428957,115,completed,-35
RoundRobin,682,3658959723,428942,429041,99,completed,-11
RoundRobin,683,3037662008,429042,429156,114,completed,-35
RoundRobin,684,3658959723,429142,429241,99,completed,-11
RoundRobin,685,3037662008,429242,429356,114,completed,-35
RoundRobin,686,3658959723,429342,429441,99,completed,-11
RoundRobin,687,3037662008,429442,429752,310,completed,-35
RoundRobin,688,3658959723,429644,429746,102,completed,-11
RoundRobin,689,3037662008,431849,432165,316,completed,-38
RoundRobin,690,3658959723,432059,432236,177,completed,-10
RoundRobin,691,3037662008,432159,432283,124,completed,-38
RoundRobin,692,3658959723,432259,432358,99,completed,-10
RoundRobin,693,3037662008,432359,432473,114,completed,-38
RoundRobin,694,3658959723,432459,432559,100,completed,-10
RoundRobin,695,3037662008,432559,432673,114,completed,-38
RoundRobin,696,3658959723,432659,432759,100,completed,-10
RoundRobin,697,3037662008,432759,432874,115,completed,-38
RoundRobin,698,3658959723,433050,433203,153,completed,-10
RoundRobin,699,3037662008,433150,433265,115,completed,-38
RoundRobin,700,3658959723,433250,433350,100,completed,-10
RoundRobin,701,3037662008,433350,433465,115,completed,-38
RoundRobin,702,3658959723,433450,433549,99,completed,-10
RoundRobin,703,3037662008,433550,433665,115,completed,-38
RoundRobin,704,3658959723,433650,433750,100,completed,-10
RoundRobin,705,3037662008,433750,433865,115,completed,-38
RoundRobin,706,3658959723,433850,433951,101,completed,-10
RoundRobin,707,3037662008,434056,434178,122,completed,-32
RoundRobin,708,3658959723,434156,434255,99,completed,-10
RoundRobin,709,3037662008,434256,434371,115,completed,-32
RoundRobin,710,3658959723,434356,434455,99,completed,-10
RoundRobin,711,3037662008,434456,434570,114,completed,-32
RoundRobin,712,3658959723,434556,434657,101,completed,-10
RoundRobin,713,3037662008,434656,434770,114,completed,-32
RoundRobin,714,3658959723,434756,434856,100,completed,-10
RoundRobin,715,3037662008,435052,435168,116,completed,-32
RoundRobin,716,3658959723,435152,435252,100,completed,-10
RoundRobin,717,3037662008,435252,435367,115,completed,-32
RoundRobin,718,3658959723,435352,435451,99,completed,-10
RoundRobin,719,3037662008,435452,435566,114,completed,-32
RoundRobin,720,3658959723,435552,435651,99,completed,-10
RoundRobin,721,3037662008,435652,435766,114,completed,-32
RoundRobin,723,3037662008,435852,435967,115,completed,-32
RoundRobin,722,3658959723,435752,435854,102,completed,-10
RoundRobin,724,3658959723,436058,436163,105,completed,-10
RoundRobin,725,3037662008,436158,436274,116,completed,-34
RoundRobin,726,3658959723,436258,436358,100,completed,-10
RoundRobin,727,3037662008,436358,436473,115,completed,-34
RoundRobin,728,3658959723,436458,436557,99,completed,-10
RoundRobin,729,3037662008,436558,436673,115,completed,-34
RoundRobin,730,3658959723,436658,436759,101,completed,-10
RoundRobin,731,3037662008,436758,436873,115,completed,-34
RoundRobin,732,3658959723,437053,437154,101,completed,-10
RoundRobin,733,3037662008,437153,437267,114,completed,-34
RoundRobin,734,3658959723,437253,437352,99,completed,-10
RoundRobin,735,3037662008,437353,437468,115,completed,-34
RoundRobin,736,3658959723,437453,437552,99,completed,-10
RoundRobin,737,3037662008,437553,437668,115,completed,-34
RoundRobin,738,3658959723,437653,437752,99,completed,-10
RoundRobin,739,3037662008,437753,437869,116,completed,-34
RoundRobin,740,3658959723,437853,437954,101,completed,-10
RoundRobin,741,3037662008,438062,438252,190,completed,-32
RoundRobin,742,3658959723,438162,438261,99,completed,-10
RoundRobin,743,3037662008,438262,438377,115,completed,-32
RoundRobin,744,3658959723,438362,438461,99,completed,-10
RoundRobin,745,3037662008,438462,438578,116,completed,-32
RoundRobin,746,3658959723,438562,438661,99,completed,-10
RoundRobin,747,3037662008,438662,438777,115,completed,-32
RoundRobin,748,3658959723,438762,438863,101,completed,-10
RoundRobin,749,3037662008,439055,439172,117,completed,-32
RoundRobin,750,3658959723,439155,439254,99,completed,-10
RoundRobin,751,3037662008,439255,439370,115,completed,-32
RoundRobin,752,3658959723,439355,439454,99,completed,-10
RoundRobin,753,3037662008,439455,439571,116,completed,-32
RoundRobin,754,3658959723,439555,439654,99,completed,-10
RoundRobin,755,3037662008,439655,439769,114,completed,-32
RoundRobin,756,3658959723,439755,439856,101,completed,-10
RoundRobin,758,3658959723,440058,440162,104,completed,-10
RoundRobin,760,3658959723,440258,440357,99,completed,-10
RoundRobin,762,3658959723,440458,440558,100,completed,-10
RoundRobin,764,3658959723,440658,440758,100,completed,-10
RoundRobin,757,3037662008,439855,439970,115,completed,-32
RoundRobin,759,3037662008,440158,440302,144,completed,-30
RoundRobin,761,3037662008,440358,440577,219,completed,-30
RoundRobin,763,3037662008,440558,440678,120,completed,-30
RoundRobin,765,3037662008,440758,440873,115,completed,-30
RoundRobin,767,3037662008,441055,441603,548,completed,-30
RoundRobin,769,3037662008,441255,441705,450,completed,-30
RoundRobin,771,3037662008,441455,441807,352,completed,-30
RoundRobin,773,3037662008,441655,441908,253,completed,-30
RoundRobin,775,3037662008,441855,442010,155,completed,-31
RoundRobin,777,3037662008,442162,442278,116,completed,-31
RoundRobin,779,3037662008,442362,442478,116,completed,-31
RoundRobin,781,3037662008,442562,442678,116,completed,-31
RoundRobin,783,3037662008,442762,442877,115,completed,-31
RoundRobin,785,3037662008,443062,443178,116,completed,-31
RoundRobin,787,3037662008,443262,443377,115,completed,-31
RoundRobin,766,3658959723,440858,440958,100,completed,-10
RoundRobin,768,3658959723,441155,441254,99,completed,-10
RoundRobin,770,3658959723,441355,441454,99,completed,-10
RoundRobin,772,3658959723,441555,441711,156,completed,-10
RoundRobin,774,3658959723,441755,443512,1757,completed,-10
RoundRobin,789,3037662008,443462,443577,115,completed,-31
RoundRobin,776,3658959723,442062,443615,1553,completed,-10
RoundRobin,778,3658959723,442262,443718,1456,completed,-10
RoundRobin,791,3037662008,443662,443777,115,completed,-31
RoundRobin,780,3658959723,442462,443820,1358,completed,-10
RoundRobin,793,3037662008,443863,445178,1315,completed,-33
RoundRobin,795,3037662008,444160,445295,1135,completed,-33
RoundRobin,797,3037662008,444360,445404,1044,completed,-33
RoundRobin,782,3658959723,442662,443923,1261,completed,-10
RoundRobin,799,3037662008,444560,445507,947,completed,-33
RoundRobin,784,3658959723,442862,444026,1164,completed,-11
RoundRobin,786,3658959723,443162,444127,965,completed,-11
RoundRobin,801,3037662008,444760,445610,850,completed,-33
RoundRobin,803,3037662008,445060,445713,653,completed,-33
RoundRobin,788,3658959723,443362,444229,867,completed,-11
RoundRobin,805,3037662008,445260,445816,556,completed,-33
RoundRobin,790,3658959723,443562,444331,769,completed,-11
RoundRobin,807,3037662008,445460,445918,458,completed,-33
RoundRobin,792,3658959723,443762,444433,671,completed,-11
RoundRobin,794,3658959723,444060,444535,475,completed,-11
RoundRobin,796,3658959723,444260,444637,377,completed,-11
RoundRobin,798,3658959723,444460,444738,278,completed,-11
RoundRobin,809,3037662008,445660,446021,361,completed,-30
RoundRobin,811,3037662008,445860,446122,262,completed,-30
RoundRobin,800,3658959723,444660,444840,180,completed,-11
RoundRobin,813,3037662008,446170,446284,114,completed,-30
RoundRobin,802,3658959723,444860,445159,299,completed,-11
RoundRobin,804,3658959723,445160,445261,101,completed,-11
RoundRobin,806,3658959723,445360,445459,99,completed,-11
RoundRobin,815,3037662008,446370,446486,116,completed,-30
RoundRobin,808,3658959723,445560,445661,101,completed,-11
RoundRobin,817,3037662008,446570,446685,115,completed,-30
RoundRobin,819,3037662008,446770,446885,115,completed,-30
RoundRobin,810,3658959723,445760,445861,101,completed,-11
RoundRobin,812,3658959723,446070,446176,106,completed,-10
RoundRobin,814,3658959723,446270,446370,100,completed,-10
RoundRobin,816,3658959723,446470,446571,101,completed,-10
RoundRobin,818,3658959723,446670,446771,101,completed,-10
RoundRobin,820,3658959723,447073,447176,103,completed,-10
RoundRobin,821,3037662008,449277,449585,308,completed,-30
RoundRobin,823,3037662008,449577,449777,200,completed,-30
RoundRobin,822,3658959723,449477,449762,285,completed,-10
RoundRobin,824,3658959723,449677,449877,200,completed,-10
RoundRobin,825,3037662008,449781,449899,118,completed,-30
RoundRobin,826,3658959723,449881,449985,104,completed,-10
RoundRobin,827,3037662008,449981,450096,115,completed,-33
RoundRobin,828,3658959723,450081,450183,102,completed,-9
RoundRobin,829,3037662008,450181,450297,116,completed,-33
RoundRobin,830,3658959723,450281,450582,301,completed,-9
RoundRobin,831,3037662008,450480,450597,117,completed,-33
RoundRobin,832,3658959723,450580,450685,105,completed,-9
RoundRobin,833,3037662008,450680,450796,116,completed,-33
RoundRobin,834,3658959723,450780,450880,100,completed,-9
RoundRobin,835,3037662008,450880,450995,115,completed,-33
RoundRobin,836,3658959723,450980,451080,100,completed,-9
RoundRobin,837,3037662008,451080,451195,115,completed,-33
RoundRobin,839,3037662008,451280,451395,115,completed,-33
RoundRobin,838,3658959723,451180,451281,101,completed,-9
RoundRobin,840,3658959723,451485,451635,150,completed,-9
RoundRobin,841,3037662008,451585,451700,115,completed,-33
RoundRobin,842,3658959723,451685,451785,100,completed,-9
RoundRobin,843,3037662008,451785,451899,114,completed,-33
RoundRobin,844,3658959723,451885,451984,99,completed,-9
RoundRobin,845,3037662008,451985,452100,115,completed,-33
RoundRobin,846,3658959723,452085,452185,100,completed,-10
RoundRobin,847,3037662008,452185,452299,114,completed,-33
RoundRobin,848,3658959723,452285,452585,300,completed,-10
RoundRobin,849,3037662008,452484,452600,116,completed,-33
RoundRobin,850,3658959723,452584,452687,103,completed,-10
RoundRobin,851,3037662008,452684,452800,116,completed,-33
RoundRobin,852,3658959723,452784,452884,100,completed,-10
RoundRobin,853,3037662008,452884,452999,115,completed,-33
RoundRobin,854,3658959723,452984,453084,100,completed,-10
RoundRobin,855,3037662008,453084,453199,115,completed,-33
RoundRobin,856,3658959723,453184,453284,100,completed,-10
RoundRobin,857,3037662008,453286,453595,309,completed,-33
RoundRobin,858,3658959723,453487,453588,101,completed,-10
RoundRobin,859,3037662008,453587,453705,118,completed,-33
RoundRobin,860,3658959723,453687,453786,99,completed,-10
RoundRobin,861,3037662008,453787,453901,114,completed,-33
RoundRobin,862,3658959723,453887,453987,100,completed,-10
RoundRobin,863,3037662008,453987,454102,115,completed,-31
RoundRobin,864,3658959723,454087,454187,100,completed,-10
RoundRobin,865,3037662008,454187,454301,114,completed,-31
RoundRobin,866,3658959723,454287,454386,99,completed,-10
RoundRobin,867,3037662008,454490,454608,118,completed,-31
RoundRobin,868,3658959723,454590,454689,99,completed,-10
RoundRobin,869,3037662008,454690,454806,116,completed,-31
RoundRobin,870,3658959723,454790,454889,99,completed,-10
RoundRobin,871,3037662008,454890,455005,115,completed,-31
RoundRobin,872,3658959723,454990,455090,100,completed,-10
RoundRobin,873,3037662008,455090,455204,114,completed,-31
RoundRobin,874,3658959723,455190,455291,101,completed,-10
RoundRobin,875,3037662008,455290,455599,309,completed,-31
RoundRobin,876,3658959723,455491,455592,101,completed,-10
RoundRobin,877,3037662008,455591,455711,120,completed,-31
RoundRobin,878,3658959723,455691,455790,99,completed,-10
RoundRobin,879,3037662008,455791,455905,114,completed,-31
RoundRobin,880,3658959723,455891,455991,100,completed,-10
RoundRobin,881,3037662008,455991,456110,119,completed,-29
RoundRobin,882,3658959723,456091,456193,102,completed,-10
RoundRobin,883,3037662008,456191,456306,115,completed,-29
RoundRobin,884,3658959723,456291,456591,300,completed,-10
RoundRobin,885,3037662008,456490,456608,118,completed,-29
RoundRobin,886,3658959723,456590,456700,110,completed,-10
RoundRobin,887,3037662008,456690,456806,116,completed,-29
RoundRobin,888,3658959723,456790,456889,99,completed,-10
RoundRobin,889,3037662008,456890,457004,114,completed,-29
RoundRobin,890,3658959723,456990,457090,100,completed,-10
RoundRobin,891,3037662008,457090,457204,114,completed,-29
RoundRobin,892,3658959723,457190,457290,100,completed,-10
RoundRobin,893,3037662008,457290,457600,310,completed,-29
RoundRobin,894,3658959723,457492,457592,100,completed,-10
RoundRobin,895,3037662008,457592,457715,123,completed,-29
RoundRobin,896,3658959723,457692,457792,100,completed,-10
RoundRobin,897,3037662008,457792,457907,115,completed,-29
RoundRobin,898,3658959723,457892,457992,100,completed,-10
RoundRobin,899,3037662008,457992,458107,115,completed,-31
RoundRobin,900,3658959723,458092,458192,100,completed,-10
RoundRobin,901,3037662008,458192,458306,114,completed,-31
RoundRobin,902,3658959723,458292,458391,99,completed,-10
RoundRobin,903,3037662008,458494,458614,120,completed,-31
RoundRobin,904,3658959723,458594,458693,99,completed,-10
RoundRobin,905,3037662008,458694,458809,115,completed,-31
RoundRobin,906,3658959723,458794,458893,99,completed,-10
RoundRobin,907,3037662008,458894,459009,115,completed,-31
RoundRobin,908,3658959723,458994,459094,100,completed,-10
RoundRobin,909,3037662008,459094,459209,115,completed,-31
RoundRobin,910,3658959723,459194,459296,102,completed,-10
RoundRobin,912,3658959723,459494,459595,101,completed,-10
RoundRobin,914,3658959723,459694,459794,100,completed,-10
RoundRobin,916,3658959723,459894,459993,99,completed,-10
RoundRobin,911,3037662008,459294,460117,823,completed,-30
RoundRobin,918,3658959723,460094,460194,100,completed,-10
RoundRobin,913,3037662008,459594,460226,632,completed,-30
RoundRobin,915,3037662008,459794,460329,535,completed,-30
RoundRobin,920,3658959723,460294,460393,99,completed,-10
RoundRobin,917,3037662008,459994,460432,438,completed,-30
RoundRobin,919,3037662008,460194,460534,340,completed,-30
RoundRobin,921,3037662008,460498,460637,139,completed,-30
RoundRobin,922,3658959723,460598,460698,100,completed,-10
RoundRobin,923,3037662008,460698,460814,116,completed,-30
RoundRobin,924,3658959723,460798,460897,99,completed,-10
RoundRobin,925,3037662008,460898,461013,115,completed,-30
RoundRobin,926,3658959723,460998,461098,100,completed,-10
RoundRobin,927,3037662008,461098,461213,115,completed,-30
RoundRobin,928,3658959723,461198,461298,100,completed,-10
RoundRobin,930,3658959723,461497,461598,101,completed,-10
RoundRobin,929,3037662008,461298,461675,377,completed,-30
RoundRobin,931,3037662008,461597,461784,187,completed,-30
RoundRobin,932,3658959723,461697,461796,99,completed,-10
RoundRobin,933,3037662008,461797,461912,115,completed,-30
RoundRobin,934,3658959723,461897,461998,101,completed,-10
RoundRobin,935,3037662008,461997,462112,115,completed,-31
RoundRobin,936,3658959723,462097,462197,100,completed,-10
RoundRobin,937,3037662008,462197,462312,115,completed,-31
RoundRobin,939,3037662008,462498,462615,117,completed,-31
RoundRobin,941,3037662008,462698,462814,116,completed,-31
RoundRobin,943,3037662008,462898,463013,115,completed,-31
RoundRobin,945,3037662008,463098,463213,115,completed,-31
RoundRobin,947,3037662008,463298,463607,309,completed,-31
RoundRobin,938,3658959723,462297,462396,99,completed,-10
RoundRobin,940,3658959723,462598,462697,99,completed,-10
RoundRobin,949,3037662008,463596,463717,121,completed,-31
RoundRobin,942,3658959723,462798,462898,100,completed,-10
RoundRobin,944,3658959723,462998,463097,99,completed,-10
RoundRobin,951,3037662008,463796,463911,115,completed,-31
RoundRobin,946,3658959723,463198,463299,101,completed,-10
RoundRobin,948,3658959723,463496,463596,100,completed,-10
RoundRobin,950,3658959723,463696,463797,101,completed,-10
RoundRobin,953,3037662008,463996,464111,115,completed,-32
RoundRobin,955,3037662008,464196,464311,115,completed,-32
RoundRobin,952,3658959723,463896,463997,101,completed,-10
RoundRobin,957,3037662008,464503,464623,120,completed,-32
RoundRobin,954,3658959723,464096,464197,101,completed,-10
RoundRobin,956,3658959723,464296,464398,102,completed,-10
RoundRobin,SUMMARY,ALL,0,0,120000,batch_complete,0
----------------,---,---,---,---,---,----------------,---
RoundRobin,958,3658959723,466708,467034,326,completed,-10
RoundRobin,959,3037662008,466909,467083,174,completed,-30
RoundRobin,961,3037662008,467109,467224,115,completed,-30
RoundRobin,960,3658959723,467009,467360,351,completed,-10
RoundRobin,963,3037662008,467309,467423,114,completed,-30
RoundRobin,962,3658959723,467209,467635,426,completed,-10
RoundRobin,964,3658959723,474647,474748,101,completed,-10
RoundRobin,965,3037662008,474929,475089,160,completed,-32
RoundRobin,967,3037662008,475129,475244,115,completed,-32
RoundRobin,966,3658959723,475029,475234,205,completed,-10
RoundRobin,968,3658959723,475229,475337,108,completed,-10
RoundRobin,969,3037662008,475329,475444,115,completed,-32
RoundRobin,970,3658959723,475429,475530,101,completed,-10
RoundRobin,971,3037662008,475529,475644,115,completed,-32
RoundRobin,972,3658959723,475629,475730,101,completed,-10
RoundRobin,973,3037662008,475729,476038,309,completed,-33
RoundRobin,974,3658959723,475936,476038,102,completed,-10
RoundRobin,975,3037662008,476036,476152,116,completed,-33
RoundRobin,976,3658959723,476136,476237,101,completed,-10
RoundRobin,977,3037662008,476236,476352,116,completed,-33
RoundRobin,978,3658959723,476336,476436,100,completed,-10
RoundRobin,979,3037662008,476436,476552,116,completed,-33
RoundRobin,980,3658959723,476536,476635,99,completed,-10
RoundRobin,981,3037662008,476636,476751,115,completed,-33
RoundRobin,983,3037662008,476942,477058,116,completed,-33
RoundRobin,982,3658959723,476740,477058,318,completed,-10
RoundRobin,984,3658959723,477042,477168,126,completed,-10
RoundRobin,985,3037662008,477142,477258,116,completed,-33
RoundRobin,986,3658959723,477242,477342,100,completed,-10
RoundRobin,987,3037662008,477342,477457,115,completed,-33
RoundRobin,988,3658959723,477442,477542,100,completed,-10
RoundRobin,989,3037662008,477542,477657,115,completed,-33
RoundRobin,990,3658959723,477642,477742,100,completed,-10
RoundRobin,991,3037662008,477742,478052,310,completed,-33
RoundRobin,992,3658959723,477945,478046,101,completed,-10
RoundRobin,993,3037662008,478045,478161,116,completed,-33
RoundRobin,994,3658959723,478145,478246,101,completed,-10
RoundRobin,995,3037662008,478245,478360,115,completed,-33
RoundRobin,996,3658959723,478345,478445,100,completed,-10
RoundRobin,997,3037662008,478445,478560,115,completed,-33
RoundRobin,998,3658959723,478545,478644,99,completed,-10
RoundRobin,999,3037662008,478645,478760,115,completed,-33
RoundRobin,1000,3658959723,478745,479045,300,completed,-10
RoundRobin,1001,3037662008,478946,479063,117,completed,-33
RoundRobin,1002,3658959723,479046,479155,109,completed,-10
RoundRobin,1003,3037662008,479146,479261,115,completed,-33
RoundRobin,1004,3658959723,479246,479345,99,completed,-10
RoundRobin,1005,3037662008,479346,479461,115,completed,-33
RoundRobin,1006,3658959723,479446,479546,100,completed,-10
RoundRobin,1007,3037662008,479546,479662,116,completed,-33
RoundRobin,1008,3658959723,479646,479746,100,completed,-10
RoundRobin,1009,3037662008,479746,480055,309,completed,-34
RoundRobin,1010,3658959723,479947,480049,102,completed,-10
RoundRobin,1011,3037662008,480047,480165,118,completed,-34
RoundRobin,1012,3658959723,480147,480248,101,completed,-10
RoundRobin,1013,3037662008,480247,480364,117,completed,-34
RoundRobin,1014,3658959723,480347,480447,100,completed,-10
RoundRobin,1015,3037662008,480447,480563,116,completed,-34
RoundRobin,1016,3658959723,480547,480646,99,completed,-10
RoundRobin,1017,3037662008,480647,480762,115,completed,-34
RoundRobin,1018,3658959723,480747,481051,304,completed,-10
RoundRobin,1019,3037662008,480949,481067,118,completed,-34
RoundRobin,1020,3658959723,481049,481161,112,completed,-10
RoundRobin,1021,3037662008,481149,481266,117,completed,-34
RoundRobin,1022,3658959723,481249,481349,100,completed,-10
RoundRobin,1023,3037662008,481349,481469,120,completed,-34
RoundRobin,1024,3658959723,481449,481549,100,completed,-10
RoundRobin,1025,3037662008,481549,481664,115,completed,-34
RoundRobin,1026,3658959723,481649,481749,100,completed,-10
RoundRobin,1027,3037662008,481749,482059,310,completed,-34
RoundRobin,1028,3658959723,481951,482054,103,completed,-10
RoundRobin,1029,3037662008,484154,484466,312,completed,-34
RoundRobin,1030,3658959723,484364,484478,114,completed,-10
RoundRobin,1031,3037662008,484466,484633,167,completed,-34
RoundRobin,1032,3658959723,484566,484666,100,completed,-10
RoundRobin,1033,3037662008,484666,484781,115,completed,-34
RoundRobin,1034,3658959723,484766,484866,100,completed,-10
RoundRobin,1035,3037662008,484866,484981,115,completed,-34
RoundRobin,1036,3658959723,484966,485065,99,completed,-10
RoundRobin,1037,3037662008,485066,485181,115,completed,-34
RoundRobin,1038,3658959723,485354,485457,103,completed,-10
RoundRobin,1039,3037662008,485454,485569,115,completed,-34
RoundRobin,1040,3658959723,485554,485654,100,completed,-10
RoundRobin,1041,3037662008,485654,485770,116,completed,-34
RoundRobin,1042,3658959723,485754,485856,102,completed,-10
RoundRobin,1043,3037662008,485854,485969,115,completed,-34
RoundRobin,1044,3658959723,485954,486053,99,completed,-10
RoundRobin,1045,3037662008,486054,486171,117,completed,-35
RoundRobin,1046,3658959723,486154,486253,99,completed,-10
RoundRobin,1047,3037662008,486363,486480,117,completed,-35
RoundRobin,1048,3658959723,486463,486562,99,completed,-10
RoundRobin,1049,3037662008,486563,486701,138,completed,-35
RoundRobin,1050,3658959723,486663,486764,101,completed,-10
RoundRobin,1051,3037662008,486763,486878,115,completed,-35
RoundRobin,1052,3658959723,486863,486963,100,completed,-10
RoundRobin,1053,3037662008,486963,487077,114,completed,-35
RoundRobin,1054,3658959723,487063,487162,99,completed,-10
RoundRobin,1055,3037662008,487357,487474,117,completed,-35
RoundRobin,1056,3658959723,487457,487558,101,completed,-10
RoundRobin,1057,3037662008,487557,487672,115,completed,-35
RoundRobin,1058,3658959723,487657,487756,99,completed,-10
RoundRobin,1059,3037662008,487757,487873,116,completed,-35
RoundRobin,1060,3658959723,487858,487972,114,completed,-10
RoundRobin,1061,3037662008,487958,488074,116,completed,-36
RoundRobin,1063,3037662008,488158,488273,115,completed,-36
RoundRobin,1062,3658959723,488058,488157,99,completed,-10
RoundRobin,1064,3658959723,488364,488470,106,completed,-10
RoundRobin,1065,3037662008,488464,488579,115,completed,-36
RoundRobin,1066,3658959723,488564,488664,100,completed,-10
RoundRobin,1067,3037662008,488664,488780,116,completed,-36
RoundRobin,1068,3658959723,488764,488864,100,completed,-10
RoundRobin,1069,3037662008,488864,488979,115,completed,-36
RoundRobin,1070,3658959723,488964,489063,99,completed,-10
RoundRobin,1071,3037662008,489064,489179,115,completed,-36
RoundRobin,1072,3658959723,489361,489463,102,completed,-10
RoundRobin,1073,3037662008,489461,489575,114,completed,-36
RoundRobin,1074,3658959723,489561,489662,101,completed,-10
RoundRobin,1075,3037662008,489661,489776,115,completed,-36
RoundRobin,1076,3658959723,489761,489862,101,completed,-10
RoundRobin,1077,3037662008,489861,489977,116,completed,-36
RoundRobin,1078,3658959723,489961,490061,100,completed,-10
RoundRobin,1079,3037662008,490061,490177,116,completed,-34
RoundRobin,1081,3037662008,490364,490482,118,completed,-34
RoundRobin,1080,3658959723,490162,490658,496,completed,-10
RoundRobin,1083,3037662008,490564,490679,115,completed,-34
RoundRobin,1082,3658959723,490464,490767,303,completed,-10
RoundRobin,1085,3037662008,490764,490880,116,completed,-34
RoundRobin,1084,3658959723,490664,490870,206,completed,-10
RoundRobin,1086,3658959723,490864,490973,109,completed,-10
RoundRobin,1087,3037662008,490964,491078,114,completed,-34
RoundRobin,1088,3658959723,491064,491164,100,completed,-10
RoundRobin,1089,3037662008,491164,491478,314,completed,-34
RoundRobin,1090,3658959723,491365,491470,105,completed,-10
RoundRobin,1091,3037662008,491465,491587,122,completed,-34
RoundRobin,1092,3658959723,491565,491666,101,completed,-10
RoundRobin,1093,3037662008,491665,491780,115,completed,-34
RoundRobin,1094,3658959723,491765,491865,100,completed,-10
RoundRobin,1095,3037662008,491865,491981,116,completed,-34
RoundRobin,1096,3658959723,491965,492089,124,completed,-10
RoundRobin,1097,3037662008,492065,492185,120,completed,-33
RoundRobin,1098,3658959723,492165,492465,300,completed,-10
RoundRobin,1099,3037662008,492366,492482,116,completed,-33
RoundRobin,1100,3658959723,492466,492577,111,completed,-10
RoundRobin,1101,3037662008,492566,492682,116,completed,-33
RoundRobin,1102,3658959723,492666,492766,100,completed,-10
RoundRobin,1103,3037662008,492766,492883,117,completed,-33
RoundRobin,1104,3658959723,492866,492983,117,completed,-10
RoundRobin,1105,3037662008,492966,493081,115,completed,-33
RoundRobin,1106,3658959723,493066,493166,100,completed,-10
RoundRobin,1107,3037662008,493166,493475,309,completed,-33
RoundRobin,1108,3658959723,493367,493469,102,completed,-10
RoundRobin,1109,3037662008,493467,493583,116,completed,-33
RoundRobin,1110,3658959723,493567,493668,101,completed,-10
RoundRobin,1111,3037662008,493667,493782,115,completed,-33
RoundRobin,1112,3658959723,493767,493867,100,completed,-10
RoundRobin,1113,3037662008,493867,493983,116,completed,-33
RoundRobin,1114,3658959723,493967,494087,120,completed,-10
RoundRobin,1115,3037662008,494067,494183,116,completed,-33
RoundRobin,1116,3658959723,494167,494470,303,completed,-10
RoundRobin,1117,3037662008,494374,494489,115,completed,-33
RoundRobin,1118,3658959723,494474,494601,127,completed,-10
RoundRobin,1119,3037662008,494574,494689,115,completed,-33
RoundRobin,1120,3658959723,494674,494776,102,completed,-10
RoundRobin,1121,3037662008,494774,494889,115,completed,-33
RoundRobin,1122,3658959723,494874,494975,101,completed,-10
RoundRobin,1123,3037662008,494974,495096,122,completed,-33
RoundRobin,1124,3658959723,495074,495197,123,completed,-10
RoundRobin,1125,3037662008,495367,495484,117,completed,-33
RoundRobin,1126,3658959723,495467,495567,100,completed,-10
RoundRobin,1127,3037662008,495567,495682,115,completed,-33
RoundRobin,1128,3658959723,495667,495767,100,completed,-10
RoundRobin,1129,3037662008,495767,495883,116,completed,-33
RoundRobin,1130,3658959723,495867,495966,99,completed,-10
RoundRobin,1131,3037662008,495967,496083,116,completed,-35
RoundRobin,1132,3658959723,496067,496168,101,completed,-10
RoundRobin,1133,3037662008,496168,496479,311,completed,-35
RoundRobin,1134,3658959723,496373,496476,103,completed,-10
RoundRobin,1135,3037662008,496473,496596,123,completed,-35
RoundRobin,1136,3658959723,496573,496673,100,completed,-10
RoundRobin,1137,3037662008,496673,496789,116,completed,-35
RoundRobin,1138,3658959723,496773,496873,100,completed,-10
RoundRobin,1139,3037662008,496873,496989,116,completed,-35
RoundRobin,1140,3658959723,496973,497073,100,completed,-10
RoundRobin,1141,3037662008,497073,497188,115,completed,-35
RoundRobin,1142,3658959723,497370,497480,110,completed,-10
RoundRobin,1143,3037662008,497470,497585,115,completed,-35
RoundRobin,1144,3658959723,497570,497670,100,completed,-10
RoundRobin,1145,3037662008,497670,497785,115,completed,-35
RoundRobin,1146,3658959723,497770,497871,101,completed,-10
RoundRobin,1147,3037662008,497870,497988,118,completed,-35
RoundRobin,1148,3658959723,497970,498070,100,completed,-10
RoundRobin,1149,3037662008,498070,498194,124,completed,-37
RoundRobin,1151,3037662008,498370,498520,150,completed,-37
RoundRobin,1150,3658959723,498170,498526,356,completed,-10
RoundRobin,1152,3658959723,498470,498629,159,completed,-10
RoundRobin,1153,3037662008,498570,498685,115,completed,-37
RoundRobin,1155,3037662008,498770,498886,116,completed,-37
RoundRobin,1154,3658959723,498670,498771,101,completed,-10
RoundRobin,1156,3658959723,498870,498982,112,completed,-10
RoundRobin,1157,3037662008,498970,499086,116,completed,-37
RoundRobin,1158,3658959723,499070,499181,111,completed,-10
RoundRobin,1159,3037662008,499170,499291,121,completed,-37
RoundRobin,1160,3658959723,499376,499481,105,completed,-10
RoundRobin,1161,3037662008,501583,501893,310,completed,-39
RoundRobin,1162,3658959723,501787,502032,245,completed,-12
RoundRobin,1164,3658959723,501995,502138,143,completed,-12
RoundRobin,1163,3037662008,501895,502175,280,completed,-36
RoundRobin,1165,3037662008,502095,502277,182,completed,-36
RoundRobin,1166,3658959723,502195,502296,101,completed,-12
RoundRobin,1167,3037662008,502295,502411,116,completed,-36
RoundRobin,1168,3658959723,502395,502495,100,completed,-12
RoundRobin,1169,3037662008,502495,502615,120,completed,-36
RoundRobin,1170,3658959723,502792,502892,100,completed,-12
RoundRobin,1171,3037662008,502892,503007,115,completed,-36
RoundRobin,1172,3658959723,502992,503093,101,completed,-12
RoundRobin,1173,3037662008,503092,503207,115,completed,-36
RoundRobin,1174,3658959723,503192,503292,100,completed,-12
RoundRobin,1175,3037662008,503292,503410,118,completed,-36
RoundRobin,1176,3658959723,503392,503491,99,completed,-12
RoundRobin,1177,3037662008,503492,503607,115,completed,-36
RoundRobin,1178,3658959723,503795,503896,101,completed,-12
RoundRobin,1179,3037662008,503895,504049,154,completed,-35
RoundRobin,1180,3658959723,503995,504095,100,completed,-10
RoundRobin,1181,3037662008,504095,504210,115,completed,-35
RoundRobin,1182,3658959723,504195,504295,100,completed,-10
RoundRobin,1183,3037662008,504295,504411,116,completed,-35
RoundRobin,1184,3658959723,504395,504495,100,completed,-10
RoundRobin,1185,3037662008,504495,504612,117,completed,-35
RoundRobin,1186,3658959723,504796,504898,102,completed,-10
RoundRobin,1187,3037662008,504896,505011,115,completed,-35
RoundRobin,1188,3658959723,504996,505097,101,completed,-10
RoundRobin,1189,3037662008,505096,505211,115,completed,-35
RoundRobin,1190,3658959723,505196,505296,100,completed,-10
RoundRobin,1191,3037662008,505296,505411,115,completed,-35
RoundRobin,1192,3658959723,505396,505495,99,completed,-10
RoundRobin,1194,3658959723,505791,505932,141,completed,-10
RoundRobin,1195,3658959723,505891,506035,144,completed,-10
RoundRobin,1196,3658959723,505991,506136,145,completed,-10
RoundRobin,1197,3658959723,506091,506239,148,completed,-10
RoundRobin,1198,3658959723,506191,506342,151,completed,-10
RoundRobin,1199,3658959723,506291,506445,154,completed,-10
RoundRobin,1200,3658959723,506391,506548,157,completed,-10
RoundRobin,1201,3658959723,506491,506651,160,completed,-10
RoundRobin,1202,3658959723,506591,506894,303,completed,-10
RoundRobin,1203,3658959723,506800,507000,200,completed,-10
RoundRobin,1204,3658959723,506900,507103,203,completed,-10
RoundRobin,1205,3658959723,507000,507206,206,completed,-10
RoundRobin,1206,3658959723,507100,507309,209,completed,-10
RoundRobin,1207,3658959723,507200,507412,212,completed,-10
RoundRobin,1208,3658959723,507300,507514,214,completed,-10
RoundRobin,1209,3658959723,507400,507617,217,completed,-10
RoundRobin,1210,3658959723,507500,507720,220,completed,-10
RoundRobin,1211,3658959723,507797,507901,104,completed,-10
RoundRobin,1212,3658959723,507897,508003,106,completed,-10
RoundRobin,1213,3658959723,507997,508106,109,completed,-11
RoundRobin,1214,3658959723,508097,508209,112,completed,-11
RoundRobin,1215,3658959723,508197,508312,115,completed,-11
RoundRobin,1216,3658959723,508297,508415,118,completed,-11
RoundRobin,1217,3658959723,508397,508518,121,completed,-11
RoundRobin,1218,3658959723,508497,508620,123,completed,-11
RoundRobin,1219,3658959723,508792,508919,127,completed,-11
RoundRobin,1220,3658959723,508892,509022,130,completed,-11
RoundRobin,1221,3658959723,508992,509125,133,completed,-11
RoundRobin,1222,3658959723,509092,509228,136,completed,-11
RoundRobin,1223,3658959723,509192,509331,139,completed,-11
RoundRobin,1224,3658959723,509292,509434,142,completed,-11
RoundRobin,1225,3658959723,509392,509537,145,completed,-11
RoundRobin,1226,3658959723,509492,509640,148,completed,-11
RoundRobin,1227,3658959723,509592,509889,297,completed,-11
RoundRobin,1228,3658959723,509797,509992,195,completed,-11
RoundRobin,1229,3658959723,509897,510097,200,completed,-10
RoundRobin,1230,3658959723,509997,510199,202,completed,-10
RoundRobin,1231,3658959723,510097,510302,205,completed,-10
RoundRobin,1232,3658959723,510197,510405,208,completed,-10
RoundRobin,1233,3658959723,510297,510508,211,completed,-10
RoundRobin,1234,3658959723,510397,510611,214,completed,-10
RoundRobin,1235,3658959723,510497,510714,217,completed,-10
RoundRobin,1193,3658959723,510499,510816,317,completed,-10
RoundRobin,1236,3658959723,510793,510918,125,completed,-10
RoundRobin,1237,3658959723,510893,511020,127,completed,-10
RoundRobin,1238,3658959723,510993,511122,129,completed,-10
RoundRobin,1239,3658959723,511093,511225,132,completed,-10
RoundRobin,1240,3658959723,511193,511328,135,completed,-10
RoundRobin,1241,3658959723,511293,511431,138,completed,-10
RoundRobin,1242,3658959723,511393,511534,141,completed,-10
RoundRobin,1243,3658959723,511493,511637,144,completed,-10
RoundRobin,1244,3658959723,511593,511891,298,completed,-10
RoundRobin,1245,3658959723,511798,512000,202,completed,-10
RoundRobin,1246,3658959723,511898,512103,205,completed,-11
RoundRobin,1247,3658959723,511998,512206,208,completed,-11
RoundRobin,1248,3658959723,512098,512309,211,completed,-11
RoundRobin,1249,3658959723,512198,512412,214,completed,-11
RoundRobin,1250,3658959723,512298,512515,217,completed,-11
RoundRobin,1251,3658959723,512398,512618,220,completed,-11
RoundRobin,1252,3658959723,512498,512721,223,completed,-11
RoundRobin,1253,3658959723,512598,512893,295,completed,-11
RoundRobin,1254,3658959723,512807,513002,195,completed,-11
RoundRobin,1255,3658959723,512908,513111,203,completed,-11
RoundRobin,1256,3658959723,513008,513214,206,completed,-11
RoundRobin,1257,3658959723,513108,513317,209,completed,-11
RoundRobin,1258,3658959723,513208,513420,212,completed,-11
RoundRobin,1259,3658959723,513308,513522,214,completed,-11
RoundRobin,1260,3658959723,513408,513625,217,completed,-11
RoundRobin,1261,3658959723,513508,513728,220,completed,-11
RoundRobin,1262,3658959723,513800,513903,103,completed,-11
RoundRobin,1263,3658959723,513900,514006,106,completed,-11
RoundRobin,1264,3658959723,514000,514109,109,completed,-11
RoundRobin,1265,3658959723,514100,514212,112,completed,-11
RoundRobin,1266,3658959723,514200,514315,115,completed,-11
RoundRobin,1267,3658959723,514300,514418,118,completed,-11
RoundRobin,1268,3658959723,514400,514521,121,completed,-11
RoundRobin,1269,3658959723,514500,514624,124,completed,-11
RoundRobin,1270,3658959723,514600,514894,294,completed,-11
RoundRobin,1271,3658959723,514807,514997,190,completed,-11
RoundRobin,1272,3658959723,514908,515100,192,completed,-11
RoundRobin,1273,3658959723,515008,515204,196,completed,-11
RoundRobin,1274,3658959723,515108,515310,202,completed,-11
RoundRobin,1275,3658959723,515208,515413,205,completed,-11
RoundRobin,1276,3658959723,515308,515516,208,completed,-11
RoundRobin,1277,3658959723,515408,515619,211,completed,-11
RoundRobin,1288,3658959723,519010,519332,322,completed,-11
RoundRobin,1289,3658959723,519212,519448,236,completed,-11
RoundRobin,1290,3658959723,519312,519551,239,completed,-11
RoundRobin,1291,3658959723,519412,519654,242,completed,-11
RoundRobin,1278,3658959723,515508,515721,213,completed,-11
RoundRobin,1279,3658959723,515807,515926,119,completed,-11
RoundRobin,1280,3658959723,515907,516029,122,completed,-11
RoundRobin,1281,3658959723,516007,516132,125,completed,-11
RoundRobin,1282,3658959723,516107,516235,128,completed,-11
RoundRobin,1283,3658959723,516207,516338,131,completed,-11
RoundRobin,1284,3658959723,516307,516441,134,completed,-11
RoundRobin,1285,3658959723,516407,516544,137,completed,-11
RoundRobin,1286,3658959723,516507,516647,140,completed,-11
RoundRobin,1287,3658959723,516804,516904,100,completed,-11
RoundRobin,1292,3658959723,519512,519757,245,completed,-11
RoundRobin,1293,3658959723,519612,519860,248,completed,-11
RoundRobin,1294,3658959723,519712,519963,251,completed,-11
RoundRobin,1295,3658959723,519812,520066,254,completed,-11
RoundRobin,1296,3658959723,519912,520167,255,completed,-11
RoundRobin,1297,3658959723,520012,520311,299,completed,-11
RoundRobin,1298,3658959723,520217,520413,196,completed,-11
RoundRobin,1299,3658959723,520317,520519,202,completed,-11
RoundRobin,1300,3658959723,520417,520622,205,completed,-11
RoundRobin,1301,3658959723,520517,520725,208,completed,-11
RoundRobin,1302,3658959723,520617,520828,211,completed,-11
RoundRobin,1303,3658959723,520717,520930,213,completed,-11
RoundRobin,1304,3658959723,520817,521033,216,completed,-11
RoundRobin,1305,3658959723,520917,521136,219,completed,-11
RoundRobin,1306,3658959723,521214,521318,104,completed,-11
RoundRobin,1307,3658959723,521314,521421,107,completed,-11
RoundRobin,1308,3658959723,521414,521524,110,completed,-11
RoundRobin,1309,3658959723,521514,521627,113,completed,-11
RoundRobin,1310,3658959723,521614,521730,116,completed,-11
RoundRobin,1311,3658959723,521714,521833,119,completed,-11
RoundRobin,1312,3658959723,521814,521936,122,completed,-11
RoundRobin,1313,3658959723,521914,522039,125,completed,-11
RoundRobin,1314,3658959723,522014,522141,127,completed,-11
RoundRobin,1315,3658959723,522215,522317,102,completed,-11
RoundRobin,1316,3658959723,522315,522419,104,completed,-11
RoundRobin,1317,3658959723,522415,522522,107,completed,-11
RoundRobin,1318,3658959723,522515,522625,110,completed,-11
RoundRobin,1319,3658959723,522615,522728,113,completed,-11
RoundRobin,1320,3658959723,522715,522831,116,completed,-11
RoundRobin,1321,3658959723,522815,522934,119,completed,-11
RoundRobin,1322,3658959723,522915,523037,122,completed,-11
RoundRobin,1323,3658959723,523016,523312,296,completed,-11
RoundRobin,1324,3658959723,523218,523418,200,completed,-11
RoundRobin,1325,3658959723,523318,523520,202,completed,-11
RoundRobin,1326,3658959723,523418,523623,205,completed,-11
RoundRobin,1327,3658959723,523518,523726,208,completed,-11
RoundRobin,1328,3658959723,523618,523828,210,completed,-11
RoundRobin,1329,3658959723,523718,523931,213,completed,-11
RoundRobin,1330,3658959723,523818,524034,216,completed,-11
RoundRobin,1331,3658959723,523918,524137,219,completed,-11
RoundRobin,1332,3658959723,524018,524324,306,completed,-11
RoundRobin,1333,3658959723,524221,524427,206,completed,-11
RoundRobin,1334,3658959723,524321,524530,209,completed,-11
RoundRobin,1335,3658959723,524421,524633,212,completed,-11
RoundRobin,1336,3658959723,524521,524736,215,completed,-11
RoundRobin,1337,3658959723,524621,524839,218,completed,-11
RoundRobin,1338,3658959723,524726,524942,216,completed,-11
RoundRobin,1339,3658959723,524826,525045,219,completed,-11
RoundRobin,1340,3658959723,524926,525147,221,completed,-11
RoundRobin,1341,3658959723,525218,525322,104,completed,-11
RoundRobin,1342,3658959723,525318,525425,107,completed,-11
RoundRobin,1343,3658959723,525418,525528,110,completed,-11
RoundRobin,1344,3658959723,525518,525631,113,completed,-11
RoundRobin,1345,3658959723,525618,525733,115,completed,-11
RoundRobin,1346,3658959723,525723,525836,113,completed,-11
RoundRobin,1347,3658959723,525823,525939,116,completed,-11
RoundRobin,1348,3658959723,525923,526042,119,completed,-11
RoundRobin,1349,3658959723,526221,526328,107,completed,-11
RoundRobin,1350,3658959723,526321,526431,110,completed,-11
RoundRobin,1351,3658959723,526421,526534,113,completed,-11
RoundRobin,1352,3658959723,526521,526637,116,completed,-11
RoundRobin,1353,3658959723,526621,526739,118,completed,-11
RoundRobin,1354,3658959723,526721,526842,121,completed,-11
RoundRobin,1355,3658959723,526821,526945,124,completed,-11
RoundRobin,1356,3658959723,526921,527048,127,completed,-11
RoundRobin,1357,3658959723,527021,527316,295,completed,-11
RoundRobin,1358,3658959723,527223,527419,196,completed,-11
RoundRobin,1359,3658959723,527323,527523,200,completed,-11
RoundRobin,1360,3658959723,527423,527626,203,completed,-11
RoundRobin,1361,3658959723,527523,527729,206,completed,-11
RoundRobin,1362,3658959723,527623,527832,209,completed,-11
RoundRobin,1363,3658959723,527723,527935,212,completed,-11
RoundRobin,1364,3658959723,527823,528038,215,completed,-11
RoundRobin,1365,3658959723,527923,528142,219,completed,-11
RoundRobin,1366,3658959723,528023,528323,300,completed,-11
RoundRobin,1367,3658959723,528230,528426,196,completed,-11
RoundRobin,1368,3658959723,528330,528532,202,completed,-11
RoundRobin,1369,3658959723,528430,528635,205,completed,-11
RoundRobin,1370,3658959723,528530,528737,207,completed,-11
RoundRobin,1371,3658959723,528630,528839,209,completed,-11
RoundRobin,1372,3658959723,528734,528942,208,completed,-11
RoundRobin,1373,3658959723,528834,529045,211,completed,-11
RoundRobin,1374,3658959723,528934,529148,214,completed,-11
RoundRobin,1375,3658959723,529225,529326,101,completed,-11
RoundRobin,1376,3658959723,529325,529432,107,completed,-11
RoundRobin,1377,3658959723,529425,529534,109,completed,-11
RoundRobin,1378,3658959723,529525,529637,112,completed,-11
RoundRobin,1379,3658959723,529625,529740,115,completed,-11
RoundRobin,1380,3658959723,529725,529843,118,completed,-11
RoundRobin,1381,3658959723,529825,529946,121,completed,-11
RoundRobin,1382,3658959723,529925,530048,123,completed,-11
RoundRobin,1383,3658959723,530025,530324,299,completed,-11
RoundRobin,1384,3658959723,530229,530429,200,completed,-11
RoundRobin,1385,3658959723,530329,530532,203,completed,-11
RoundRobin,1386,3658959723,530429,530635,206,completed,-11
RoundRobin,1387,3658959723,530529,530737,208,completed,-11
RoundRobin,1388,3658959723,530629,530840,211,completed,-11
RoundRobin,1389,3658959723,530731,530943,212,completed,-11
RoundRobin,1390,3658959723,530831,531046,215,completed,-11
RoundRobin,1391,3658959723,530931,531148,217,completed,-11
RoundRobin,1392,3658959723,531225,531328,103,completed,-11
RoundRobin,1393,3658959723,531325,531431,106,completed,-11
RoundRobin,1394,3658959723,531425,531534,109,completed,-11
RoundRobin,1395,3658959723,531525,531637,112,completed,-11
RoundRobin,1396,3658959723,531625,531740,115,completed,-11
RoundRobin,1397,3658959723,531729,531843,114,completed,-11
RoundRobin,1398,3658959723,531829,531946,117,completed,-11
RoundRobin,1399,3658959723,531929,532049,120,completed,-11
RoundRobin,1400,3658959723,532029,532327,298,completed,-11
RoundRobin,1401,3658959723,532233,532433,200,completed,-11
RoundRobin,1402,3658959723,532333,532536,203,completed,-11
RoundRobin,1403,3658959723,532433,532639,206,completed,-11
RoundRobin,1404,3658959723,532533,532742,209,completed,-11
RoundRobin,1405,3658959723,532633,532845,212,completed,-11
RoundRobin,1406,3658959723,532740,532948,208,completed,-11
RoundRobin,1407,3658959723,532840,533051,211,completed,-11
RoundRobin,1408,3658959723,532940,533154,214,completed,-11
RoundRobin,1409,3658959723,533228,533332,104,completed,-11
RoundRobin,1410,3658959723,533328,533435,107,completed,-11
RoundRobin,1411,3658959723,533428,533538,110,completed,-11
RoundRobin,1412,3658959723,533528,533641,113,completed,-11
RoundRobin,1413,3658959723,533628,533744,116,completed,-11
RoundRobin,1414,3658959723,533728,533847,119,completed,-11
RoundRobin,1415,3658959723,533828,533950,122,completed,-11
RoundRobin,1416,3658959723,533928,534053,125,completed,-11
RoundRobin,1417,3658959723,534028,534154,126,completed,-11
RoundRobin,1418,3658959723,534235,534336,101,completed,-11
RoundRobin,1421,3037662008,536745,537121,376,completed,-30
RoundRobin,1423,3037662008,536945,537371,426,completed,-30
RoundRobin,1425,3037662008,537145,537759,614,completed,-30
RoundRobin,1427,3037662008,537345,537861,516,completed,-30
RoundRobin,1429,3037662008,537649,537967,318,completed,-30
RoundRobin,1419,3658959723,536444,536741,297,completed,-10
RoundRobin,1420,3658959723,536645,536842,197,completed,-10
RoundRobin,1431,3037662008,537849,538070,221,completed,-31
RoundRobin,1422,3658959723,536845,537030,185,completed,-10
RoundRobin,1433,3037662008,538049,538173,124,completed,-31
RoundRobin,1424,3658959723,537045,537280,235,completed,-10
RoundRobin,1426,3658959723,537245,537530,285,completed,-10
RoundRobin,1435,3037662008,538249,538366,117,completed,-31
RoundRobin,1428,3658959723,537445,537781,336,completed,-10
RoundRobin,1430,3658959723,537749,537883,134,completed,-10
RoundRobin,1437,3037662008,538450,538762,312,completed,-31
RoundRobin,1432,3658959723,537949,538057,108,completed,-10
RoundRobin,1439,3037662008,538758,538877,119,completed,-31
RoundRobin,1434,3658959723,538149,538250,101,completed,-10
RoundRobin,1436,3658959723,538349,538452,103,completed,-10
RoundRobin,1441,3037662008,538958,539073,115,completed,-31
RoundRobin,1438,3658959723,538653,538755,102,completed,-10
RoundRobin,1440,3658959723,538858,538960,102,completed,-10
RoundRobin,1442,3658959723,539058,539160,102,completed,-10
RoundRobin,1443,3037662008,539158,539275,117,completed,-31
RoundRobin,1445,3037662008,539358,539474,116,completed,-31
RoundRobin,1444,3658959723,539258,539359,101,completed,-10
RoundRobin,1446,3658959723,539655,539758,103,completed,-10
RoundRobin,1447,3037662008,539755,539871,116,completed,-31
RoundRobin,1448,3658959723,539855,539955,100,completed,-10
RoundRobin,1449,3037662008,539955,540070,115,completed,-31
RoundRobin,1450,3658959723,540055,540156,101,completed,-10
RoundRobin,1451,3037662008,540155,540270,115,completed,-31
RoundRobin,1452,3658959723,540255,540355,100,completed,-10
RoundRobin,1453,3037662008,540355,540471,116,completed,-31
RoundRobin,1454,3658959723,540651,540756,105,completed,-10
RoundRobin,1455,3037662008,540751,540867,116,completed,-31
RoundRobin,1456,3658959723,540851,540951,100,completed,-10
RoundRobin,1457,3037662008,540951,541066,115,completed,-31
RoundRobin,1458,3658959723,541051,541152,101,completed,-10
RoundRobin,1459,3037662008,541151,541266,115,completed,-31
RoundRobin,1460,3658959723,541251,541350,99,completed,-10
RoundRobin,1461,3037662008,541351,541467,116,completed,-31
RoundRobin,1462,3658959723,541451,541551,100,completed,-10
RoundRobin,1463,3037662008,541654,541777,123,completed,-31
RoundRobin,1464,3658959723,541754,541855,101,completed,-10
RoundRobin,1465,3037662008,541854,541970,116,completed,-31
RoundRobin,1466,3658959723,541954,542054,100,completed,-10
RoundRobin,1467,3037662008,542054,542171,117,completed,-30
RoundRobin,1468,3658959723,542154,542255,101,completed,-10
RoundRobin,1469,3037662008,542254,542369,115,completed,-30
RoundRobin,1470,3658959723,542354,542454,100,completed,-10
RoundRobin,1471,3037662008,542454,542764,310,completed,-30
RoundRobin,1472,3658959723,542655,542759,104,completed,-10
RoundRobin,1473,3037662008,542755,542873,118,completed,-30
RoundRobin,1474,3658959723,542855,542956,101,completed,-10
RoundRobin,1475,3037662008,542955,543072,117,completed,-30
RoundRobin,1476,3658959723,543055,543154,99,completed,-10
RoundRobin,1477,3037662008,543155,543270,115,completed,-30
RoundRobin,1478,3658959723,543255,543355,100,completed,-10
RoundRobin,1479,3037662008,543355,543471,116,completed,-30
RoundRobin,1481,3037662008,543656,543774,118,completed,-30
RoundRobin,1483,3037662008,543856,543971,115,completed,-30
RoundRobin,1485,3037662008,544056,544174,118,completed,-30
RoundRobin,1487,3037662008,544256,544372,116,completed,-30
RoundRobin,1489,3037662008,544456,544571,115,completed,-30
RoundRobin,1491,3037662008,544761,544876,115,completed,-30
RoundRobin,1493,3037662008,544961,545077,116,completed,-30
RoundRobin,1495,3037662008,545161,545276,115,completed,-30
RoundRobin,1480,3658959723,543455,543555,100,completed,-10
RoundRobin,1482,3658959723,543756,543857,101,completed,-10
RoundRobin,1497,3037662008,545361,545477,116,completed,-30
RoundRobin,1484,3658959723,543956,544056,100,completed,-11
RoundRobin,1486,3658959723,544156,544256,100,completed,-11
RoundRobin,1499,3037662008,545759,545875,116,completed,-30
RoundRobin,1488,3658959723,544356,544456,100,completed,-11
RoundRobin,1490,3658959723,544661,544930,269,completed,-11
RoundRobin,1501,3037662008,545959,546074,115,completed,-30
RoundRobin,1492,3658959723,544861,545032,171,completed,-11
RoundRobin,1494,3658959723,545061,545205,144,completed,-11
RoundRobin,1496,3658959723,545261,545482,221,completed,-11
RoundRobin,1503,3037662008,546159,546278,119,completed,-30
RoundRobin,1498,3658959723,545659,545761,102,completed,-11
RoundRobin,1505,3037662008,546359,546474,115,completed,-30
RoundRobin,1500,3658959723,545859,545961,102,completed,-11
RoundRobin,1502,3658959723,546059,546161,102,completed,-10
RoundRobin,1504,3658959723,546259,546360,101,completed,-10
RoundRobin,1506,3658959723,546459,546767,308,completed,-10
RoundRobin,1507,3037662008,546664,546783,119,completed,-30
RoundRobin,1508,3658959723,546764,546869,105,completed,-10
RoundRobin,1509,3037662008,546864,546979,115,completed,-30
RoundRobin,1510,3658959723,546964,547066,102,completed,-10
RoundRobin,1511,3037662008,547064,547181,117,completed,-30
RoundRobin,1512,3658959723,547164,547264,100,completed,-10
RoundRobin,1513,3037662008,547264,547379,115,completed,-30
RoundRobin,1514,3658959723,547364,547464,100,completed,-10
RoundRobin,1515,3037662008,547659,547776,117,completed,-30
RoundRobin,1516,3658959723,547759,547861,102,completed,-10
RoundRobin,1517,3037662008,547859,547975,116,completed,-30
RoundRobin,1518,3658959723,547959,548060,101,completed,-11
RoundRobin,1519,3037662008,548059,548177,118,completed,-30
RoundRobin,1520,3658959723,548159,548259,100,completed,-11
RoundRobin,1521,3037662008,548259,548374,115,completed,-30
RoundRobin,1523,3037662008,548459,548574,115,completed,-30
RoundRobin,1522,3658959723,548359,548459,100,completed,-11
RoundRobin,1524,3658959723,548663,548771,108,completed,-11
RoundRobin,1525,3037662008,548766,548882,116,completed,-30
RoundRobin,1526,3658959723,548866,548966,100,completed,-11
RoundRobin,1527,3037662008,548966,549081,115,completed,-30
RoundRobin,1528,3658959723,549066,549166,100,completed,-11
RoundRobin,1529,3037662008,549166,549282,116,completed,-30
RoundRobin,1530,3658959723,549266,549366,100,completed,-11
RoundRobin,1531,3037662008,549366,549482,116,completed,-30
RoundRobin,1532,3658959723,549661,549764,103,completed,-11
RoundRobin,1533,3037662008,549761,549877,116,completed,-30
RoundRobin,1534,3658959723,549861,549961,100,completed,-11
RoundRobin,1535,3037662008,549961,550076,115,completed,-31
RoundRobin,1536,3658959723,550061,550164,103,completed,-11
RoundRobin,1537,3037662008,550161,550278,117,completed,-31
RoundRobin,1538,3658959723,550261,550361,100,completed,-11
RoundRobin,1539,3037662008,550361,550477,116,completed,-31
RoundRobin,1541,3037662008,550665,550781,116,completed,-31
RoundRobin,1540,3658959723,550461,550766,305,completed,-11
RoundRobin,1542,3658959723,550765,550869,104,completed,-11
RoundRobin,1543,3037662008,550865,550980,115,completed,-31
RoundRobin,1544,3658959723,550965,551067,102,completed,-11
RoundRobin,1545,3037662008,551065,551181,116,completed,-31
RoundRobin,1546,3658959723,551165,551265,100,completed,-11
RoundRobin,1547,3037662008,551265,551380,115,completed,-31
RoundRobin,1548,3658959723,551365,551465,100,completed,-11
RoundRobin,1549,3037662008,551465,551789,324,completed,-31
RoundRobin,1551,3037662008,553873,554188,315,completed,-30
RoundRobin,1553,3037662008,554188,554305,117,completed,-30
RoundRobin,1550,3658959723,551668,554443,2775,completed,-10
RoundRobin,1555,3037662008,554388,554503,115,completed,-30
RoundRobin,1552,3658959723,554082,554546,464,completed,-10
RoundRobin,1554,3658959723,554288,554655,367,completed,-10
RoundRobin,1557,3037662008,554588,554704,116,completed,-30
RoundRobin,1556,3658959723,554488,554765,277,completed,-10
RoundRobin,1559,3037662008,554788,554904,116,completed,-30
RoundRobin,1558,3658959723,554688,554868,180,completed,-10
RoundRobin,1560,3658959723,555078,555183,105,completed,-10
RoundRobin,1561,3037662008,555178,555293,115,completed,-30
RoundRobin,1562,3658959723,555278,555378,100,completed,-10
RoundRobin,1563,3037662008,555378,555494,116,completed,-30
RoundRobin,1564,3658959723,555478,555578,100,completed,-10
RoundRobin,1565,3037662008,555578,555694,116,completed,-30
RoundRobin,1566,3658959723,555678,555779,101,completed,-10
RoundRobin,1567,3037662008,555778,555894,116,completed,-30
RoundRobin,1568,3658959723,556083,556254,171,completed,-10
RoundRobin,1569,3037662008,556183,556320,137,completed,-31
RoundRobin,1570,3658959723,556283,556383,100,completed,-10
RoundRobin,1571,3037662008,556383,556498,115,completed,-31
RoundRobin,1572,3658959723,556483,556583,100,completed,-10
RoundRobin,1573,3037662008,556583,556698,115,completed,-31
RoundRobin,1574,3658959723,556683,556783,100,completed,-10
RoundRobin,1575,3037662008,556783,556900,117,completed,-31
RoundRobin,1576,3658959723,557077,557178,101,completed,-10
RoundRobin,1577,3037662008,557177,557292,115,completed,-31
RoundRobin,1578,3658959723,557277,557377,100,completed,-10
RoundRobin,1579,3037662008,557377,557492,115,completed,-31
RoundRobin,1580,3658959723,557477,557577,100,completed,-10
RoundRobin,1581,3037662008,557577,557693,116,completed,-31
RoundRobin,1582,3658959723,557677,557777,100,completed,-10
RoundRobin,1583,3037662008,557777,557893,116,completed,-31
RoundRobin,1585,3037662008,558082,558204,122,completed,-30
RoundRobin,1587,3037662008,558282,558397,115,completed,-30
RoundRobin,1589,3037662008,558482,558598,116,completed,-30
RoundRobin,1591,3037662008,558682,558797,115,completed,-30
RoundRobin,1593,3037662008,558882,559191,309,completed,-30
RoundRobin,1595,3037662008,559179,559298,119,completed,-30
RoundRobin,1584,3658959723,557877,557979,102,completed,-10
RoundRobin,1586,3658959723,558182,558329,147,completed,-11
RoundRobin,1588,3658959723,558382,558604,222,completed,-11
RoundRobin,1590,3658959723,558582,558878,296,completed,-11
RoundRobin,1597,3037662008,559379,559494,115,completed,-30
RoundRobin,1592,3658959723,558782,559177,395,completed,-11
RoundRobin,1594,3658959723,559079,559279,200,completed,-11
RoundRobin,1599,3037662008,559579,559695,116,completed,-30
RoundRobin,1596,3658959723,559279,559431,152,completed,-11
RoundRobin,1601,3037662008,559779,559896,117,completed,-30
RoundRobin,1598,3658959723,559479,559580,101,completed,-11
RoundRobin,1600,3658959723,559679,559781,102,completed,-11
RoundRobin,1602,3658959723,559879,559982,103,completed,-11
RoundRobin,1603,3037662008,560086,560208,122,completed,-32
RoundRobin,1604,3658959723,560186,560288,102,completed,-11
RoundRobin,1605,3037662008,560286,560402,116,completed,-32
RoundRobin,1606,3658959723,560386,560486,100,completed,-11
RoundRobin,1607,3037662008,560486,560602,116,completed,-32
RoundRobin,1608,3658959723,560586,560686,100,completed,-11
RoundRobin,1609,3037662008,560686,560801,115,completed,-32
RoundRobin,1610,3658959723,560786,560887,101,completed,-11
RoundRobin,1611,3037662008,560886,561196,310,completed,-32
RoundRobin,1612,3658959723,561087,561188,101,completed,-11
RoundRobin,1613,3037662008,561187,561304,117,completed,-32
RoundRobin,1614,3658959723,561287,561387,100,completed,-11
RoundRobin,1615,3037662008,561387,561503,116,completed,-32
RoundRobin,1616,3658959723,561487,561587,100,completed,-11
RoundRobin,1617,3037662008,561587,561703,116,completed,-32
RoundRobin,1618,3658959723,561687,561787,100,completed,-11
RoundRobin,1619,3037662008,561787,561903,116,completed,-32
RoundRobin,1621,3037662008,562090,562209,119,completed,-34
RoundRobin,1623,3037662008,562290,562406,116,completed,-34
RoundRobin,1625,3037662008,562490,562606,116,completed,-34
RoundRobin,1627,3037662008,562690,562806,116,completed,-34
RoundRobin,1629,3037662008,562890,563201,311,completed,-34
RoundRobin,1631,3037662008,563186,563304,118,completed,-34
RoundRobin,1633,3037662008,563386,563501,115,completed,-34
RoundRobin,1620,3658959723,561887,561986,99,completed,-11
RoundRobin,1622,3658959723,562190,563194,1004,completed,-10
RoundRobin,1624,3658959723,562390,563353,963,completed,-10
RoundRobin,1626,3658959723,562590,563631,1041,completed,-10
RoundRobin,1635,3037662008,563586,563702,116,completed,-34
RoundRobin,1628,3658959723,562790,563734,944,completed,-10
RoundRobin,1630,3658959723,563086,563837,751,completed,-10
RoundRobin,1637,3037662008,563786,563902,116,completed,-34
RoundRobin,1632,3658959723,563286,563940,654,completed,-10
RoundRobin,1634,3658959723,563486,564043,557,completed,-10
RoundRobin,1639,3037662008,564097,564214,117,completed,-30
RoundRobin,1636,3658959723,563686,564145,459,completed,-10
RoundRobin,1641,3037662008,564297,564413,116,completed,-30
RoundRobin,1638,3658959723,563886,564247,361,completed,-10
RoundRobin,1640,3658959723,564197,564349,152,completed,-10
RoundRobin,1642,3658959723,564399,564503,104,completed,-10
RoundRobin,1643,3037662008,564499,564615,116,completed,-30
RoundRobin,1644,3658959723,564599,564700,101,completed,-10
RoundRobin,1645,3037662008,564699,564814,115,completed,-30
RoundRobin,1646,3658959723,564799,564900,101,completed,-10
RoundRobin,1647,3037662008,565092,565209,117,completed,-30
RoundRobin,1648,3658959723,565192,565292,100,completed,-10
RoundRobin,1649,3037662008,565292,565408,116,completed,-30
RoundRobin,1650,3658959723,565392,565492,100,completed,-10
RoundRobin,1651,3037662008,565492,565608,116,completed,-30
RoundRobin,1652,3658959723,565592,565692,100,completed,-10
RoundRobin,1653,3037662008,565692,565808,116,completed,-30
RoundRobin,1654,3658959723,565792,565893,101,completed,-10
RoundRobin,1655,3037662008,565892,566204,312,completed,-34
RoundRobin,1656,3658959723,566096,566199,103,completed,-10
RoundRobin,1657,3037662008,566196,566313,117,completed,-34
RoundRobin,1658,3658959723,566296,566396,100,completed,-10
RoundRobin,1659,3037662008,566396,566512,116,completed,-34
RoundRobin,1660,3658959723,566496,566596,100,completed,-10
RoundRobin,1661,3037662008,566596,566712,116,completed,-34
RoundRobin,1662,3658959723,566696,566795,99,completed,-10
RoundRobin,1663,3037662008,566796,566912,116,completed,-34
RoundRobin,1664,3658959723,566896,567198,302,completed,-10
RoundRobin,1665,3037662008,567097,567215,118,completed,-34
RoundRobin,1666,3658959723,567197,567301,104,completed,-10
RoundRobin,1667,3037662008,567297,567412,115,completed,-34
RoundRobin,1668,3658959723,567397,567497,100,completed,-10
RoundRobin,1669,3037662008,567497,567613,116,completed,-34
RoundRobin,1670,3658959723,567597,567698,101,completed,-10
RoundRobin,1671,3037662008,567697,567813,116,completed,-34
RoundRobin,1672,3658959723,567797,567898,101,completed,-10
RoundRobin,1673,3037662008,567897,568208,311,completed,-32
RoundRobin,1674,3658959723,568102,568204,102,completed,-10
RoundRobin,1675,3037662008,568203,568318,115,completed,-32
RoundRobin,1676,3658959723,568303,568404,101,completed,-10
RoundRobin,1677,3037662008,568403,568520,117,completed,-32
RoundRobin,1678,3658959723,568503,568603,100,completed,-10
RoundRobin,1679,3037662008,568603,568719,116,completed,-32
RoundRobin,1680,3658959723,568703,568803,100,completed,-10
RoundRobin,1681,3037662008,568803,568919,116,completed,-32
RoundRobin,1682,3658959723,569099,569201,102,completed,-10
RoundRobin,1683,3037662008,571304,571614,310,completed,-33
RoundRobin,1685,3037662008,571606,571723,117,completed,-33
RoundRobin,1684,3658959723,571506,571803,297,completed,-11
RoundRobin,1687,3037662008,571806,571921,115,completed,-33
RoundRobin,1686,3658959723,571706,571911,205,completed,-11
RoundRobin,1688,3658959723,571906,572031,125,completed,-11
RoundRobin,1689,3037662008,572006,572122,116,completed,-31
RoundRobin,1690,3658959723,572106,572207,101,completed,-10
RoundRobin,1691,3037662008,572206,572324,118,completed,-31
RoundRobin,1692,3658959723,572306,572608,302,completed,-10
RoundRobin,1693,3037662008,572507,572624,117,completed,-31
RoundRobin,1694,3658959723,572607,572711,104,completed,-10
RoundRobin,1695,3037662008,572713,572830,117,completed,-31
RoundRobin,1696,3658959723,572813,572913,100,completed,-10
RoundRobin,1697,3037662008,572913,573029,116,completed,-31
RoundRobin,1698,3658959723,573013,573113,100,completed,-10
RoundRobin,1699,3037662008,573113,573228,115,completed,-31
RoundRobin,1700,3658959723,573213,573315,102,completed,-10
RoundRobin,1701,3037662008,573509,573650,141,completed,-31
RoundRobin,1702,3658959723,573609,573709,100,completed,-10
RoundRobin,1703,3037662008,573709,573824,115,completed,-31
RoundRobin,1704,3658959723,573809,573909,100,completed,-10
RoundRobin,1705,3037662008,573909,574025,116,completed,-31
RoundRobin,1706,3658959723,574009,574109,100,completed,-10
RoundRobin,1707,3037662008,574109,574226,117,completed,-33
RoundRobin,1708,3658959723,574209,574311,102,completed,-10
RoundRobin,1709,3037662008,574309,574620,311,completed,-33
RoundRobin,1710,3658959723,574511,574612,101,completed,-10
RoundRobin,1711,3037662008,574611,574727,116,completed,-33
RoundRobin,1712,3658959723,574711,574811,100,completed,-10
RoundRobin,1713,3037662008,574811,574926,115,completed,-33
RoundRobin,1714,3658959723,574911,575011,100,completed,-10
RoundRobin,1715,3037662008,575011,575127,116,completed,-33
RoundRobin,1716,3658959723,575111,575211,100,completed,-10
RoundRobin,1717,3037662008,575211,575327,116,completed,-33
RoundRobin,1718,3658959723,575311,575614,303,completed,-10
RoundRobin,1719,3037662008,575514,575630,116,completed,-33
RoundRobin,1720,3658959723,575614,575724,110,completed,-10
RoundRobin,1721,3037662008,575714,575830,116,completed,-33
RoundRobin,1722,3658959723,575814,575914,100,completed,-10
RoundRobin,1723,3037662008,575914,576030,116,completed,-33
RoundRobin,1724,3658959723,576014,576114,100,completed,-10
RoundRobin,1725,3037662008,576114,576231,117,completed,-30
RoundRobin,1726,3658959723,576214,576316,102,completed,-10
RoundRobin,1727,3037662008,576314,576624,310,completed,-30
RoundRobin,1728,3658959723,576516,576616,100,completed,-10
RoundRobin,1729,3037662008,576616,576733,117,completed,-30
RoundRobin,1730,3658959723,576716,576817,101,completed,-10
RoundRobin,1731,3037662008,576816,576931,115,completed,-30
RoundRobin,1732,3658959723,576916,577017,101,completed,-10
RoundRobin,1733,3037662008,577016,577132,116,completed,-30
RoundRobin,1734,3658959723,577116,577216,100,completed,-10
RoundRobin,1735,3037662008,577216,577332,116,completed,-30
RoundRobin,1737,3037662008,577518,577634,116,completed,-30
RoundRobin,1736,3658959723,577316,577618,302,completed,-10
RoundRobin,1738,3658959723,577618,577743,125,completed,-10
RoundRobin,1739,3037662008,577718,577834,116,completed,-30
RoundRobin,1740,3658959723,577818,577918,100,completed,-10
RoundRobin,1741,3037662008,577918,578034,116,completed,-30
RoundRobin,1742,3658959723,578018,578118,100,completed,-10
RoundRobin,1743,3037662008,578118,578235,117,completed,-31
RoundRobin,1744,3658959723,578218,578320,102,completed,-10
RoundRobin,1745,3037662008,578318,578628,310,completed,-31
RoundRobin,1746,3658959723,578519,578620,101,completed,-10
RoundRobin,1747,3037662008,578619,578735,116,completed,-31
RoundRobin,1748,3658959723,578719,578819,100,completed,-10
RoundRobin,1749,3037662008,578819,578936,117,completed,-31
RoundRobin,1750,3658959723,578919,579019,100,completed,-10
RoundRobin,1751,3037662008,579019,579135,116,completed,-31
RoundRobin,1752,3658959723,579119,579219,100,completed,-10
RoundRobin,1753,3037662008,579219,579335,116,completed,-31
RoundRobin,1755,3037662008,579521,579642,121,completed,-31
RoundRobin,1754,3658959723,579319,579626,307,completed,-10
RoundRobin,1756,3658959723,579621,579729,108,completed,-10
RoundRobin,1757,3037662008,579721,579837,116,completed,-31
RoundRobin,1758,3658959723,579821,579921,100,completed,-10
RoundRobin,1759,3037662008,579921,580037,116,completed,-31
RoundRobin,1760,3658959723,580021,580121,100,completed,-10
RoundRobin,1761,3037662008,580121,580237,116,completed,-30
RoundRobin,1762,3658959723,580221,580323,102,completed,-10
RoundRobin,1763,3037662008,580321,580631,310,completed,-30
RoundRobin,1764,3658959723,580523,580623,100,completed,-10
RoundRobin,1765,3037662008,580623,580740,117,completed,-30
RoundRobin,1766,3658959723,580723,580825,102,completed,-10
RoundRobin,1767,3037662008,580823,580939,116,completed,-30
RoundRobin,1768,3658959723,580923,581023,100,completed,-10
RoundRobin,1769,3037662008,581023,581139,116,completed,-30
RoundRobin,1770,3658959723,581123,581224,101,completed,-10
RoundRobin,1771,3037662008,581223,581340,117,completed,-30
RoundRobin,1772,3658959723,581323,581625,302,completed,-10
RoundRobin,1773,3037662008,581525,581641,116,completed,-30
RoundRobin,1774,3658959723,581625,581734,109,completed,-10
RoundRobin,1775,3037662008,581730,581848,118,completed,-30
RoundRobin,1776,3658959723,581830,581930,100,completed,-10
RoundRobin,1777,3037662008,581930,582046,116,completed,-30
RoundRobin,1778,3658959723,582030,582130,100,completed,-11
RoundRobin,1779,3037662008,582130,582246,116,completed,-35
RoundRobin,1780,3658959723,582230,582331,101,completed,-11
RoundRobin,1781,3037662008,582525,582642,117,completed,-35
RoundRobin,1782,3658959723,582625,582726,101,completed,-11
RoundRobin,1783,3037662008,582727,582844,117,completed,-35
RoundRobin,1784,3658959723,582827,582928,101,completed,-11
RoundRobin,1785,3037662008,582927,583042,115,completed,-35
RoundRobin,1786,3658959723,583027,583127,100,completed,-11
RoundRobin,1787,3037662008,583127,583243,116,completed,-35
RoundRobin,1788,3658959723,583227,583327,100,completed,-11
RoundRobin,1790,3658959723,583528,583629,101,completed,-11
RoundRobin,1792,3658959723,583734,583834,100,completed,-11
RoundRobin,1794,3658959723,583934,584034,100,completed,-11
RoundRobin,1789,3037662008,583327,584182,855,completed,-32
RoundRobin,1791,3037662008,583628,584285,657,completed,-32
RoundRobin,1796,3658959723,584134,584236,102,completed,-10
RoundRobin,1793,3037662008,583834,584388,554,completed,-32
RoundRobin,1795,3037662008,584034,584490,456,completed,-32
RoundRobin,1797,3037662008,584234,584592,358,completed,-32
RoundRobin,1798,3658959723,584527,584630,103,completed,-10
RoundRobin,1799,3037662008,584627,584745,118,completed,-32
RoundRobin,1800,3658959723,584735,584848,113,completed,-10
RoundRobin,1801,3037662008,584835,584951,116,completed,-32
RoundRobin,1802,3658959723,584935,585035,100,completed,-10
RoundRobin,1803,3037662008,585035,585151,116,completed,-32
RoundRobin,1804,3658959723,585135,585235,100,completed,-10
RoundRobin,1805,3037662008,585235,585351,116,completed,-32
RoundRobin,1806,3658959723,585529,585632,103,completed,-10
RoundRobin,1807,3037662008,585629,585775,146,completed,-32
RoundRobin,1808,3658959723,585729,585830,101,completed,-10
RoundRobin,1809,3037662008,585829,585944,115,completed,-32
RoundRobin,1810,3658959723,585929,586029,100,completed,-10
RoundRobin,1811,3037662008,586029,586145,116,completed,-30
RoundRobin,1812,3658959723,586129,586229,100,completed,-9
RoundRobin,1813,3037662008,586229,586346,117,completed,-30
RoundRobin,1815,3037662008,586531,586650,119,completed,-30
RoundRobin,1814,3658959723,586329,586429,100,completed,-9
RoundRobin,1816,3658959723,588735,589034,299,completed,-10
RoundRobin,1817,3037662008,588933,589050,117,completed,-29
RoundRobin,1818,3658959723,589033,589151,118,completed,-10
RoundRobin,1820,3658959723,589233,589428,195,completed,-10
RoundRobin,1819,3037662008,589133,589248,115,completed,-29
RoundRobin,1821,3037662008,589334,589452,118,completed,-29
RoundRobin,1822,3658959723,589434,589535,101,completed,-10
RoundRobin,1833,3037662008,590642,590757,115,completed,-33
RoundRobin,1834,3658959723,590742,591071,329,completed,-10
RoundRobin,1835,3037662008,590953,591113,160,completed,-33
RoundRobin,1836,3658959723,591053,591180,127,completed,-10
RoundRobin,1837,3037662008,591153,591270,117,completed,-33
RoundRobin,1838,3658959723,591253,591353,100,completed,-10
RoundRobin,1839,3037662008,591353,591469,116,completed,-33
RoundRobin,1840,3658959723,591453,591553,100,completed,-10
RoundRobin,1841,3037662008,591553,591669,116,completed,-33
RoundRobin,1823,3037662008,589534,589649,115,completed,-29
RoundRobin,1825,3037662008,589734,589850,116,completed,-29
RoundRobin,1824,3658959723,589634,589736,102,completed,-10
RoundRobin,1826,3658959723,589942,590043,101,completed,-10
RoundRobin,1827,3037662008,590042,590157,115,completed,-33
RoundRobin,1828,3658959723,590142,590244,102,completed,-10
RoundRobin,1829,3037662008,590242,590359,117,completed,-33
RoundRobin,1830,3658959723,590342,590442,100,completed,-10
RoundRobin,1831,3037662008,590442,590559,117,completed,-33
RoundRobin,1832,3658959723,590542,590642,100,completed,-10
RoundRobin,1842,3658959723,591653,591755,102,completed,-10
RoundRobin,1843,3037662008,591944,592062,118,completed,-33
RoundRobin,1844,3658959723,592044,592144,100,completed,-10
RoundRobin,1845,3037662008,592144,592261,117,completed,-32
RoundRobin,1846,3658959723,592244,592345,101,completed,-10
RoundRobin,1847,3037662008,592344,592460,116,completed,-32
RoundRobin,1848,3658959723,592444,592545,101,completed,-10
RoundRobin,1849,3037662008,592544,592660,116,completed,-32
RoundRobin,1850,3658959723,592644,592744,100,completed,-10
RoundRobin,1851,3037662008,592752,593071,319,completed,-32
RoundRobin,1852,3658959723,592953,593055,102,completed,-10
RoundRobin,1853,3037662008,593053,593174,121,completed,-32
RoundRobin,1854,3658959723,593153,593253,100,completed,-10
RoundRobin,1855,3037662008,593253,593368,115,completed,-32
RoundRobin,1856,3658959723,593353,593453,100,completed,-10
RoundRobin,1857,3037662008,593453,593569,116,completed,-32
RoundRobin,1858,3658959723,593553,593653,100,completed,-10
RoundRobin,1859,3037662008,593653,593769,116,completed,-32
RoundRobin,1861,3037662008,593954,594072,118,completed,-32
RoundRobin,1860,3658959723,593753,594057,304,completed,-10
RoundRobin,1862,3658959723,594054,594160,106,completed,-10
RoundRobin,1863,3037662008,594154,594270,116,completed,-33
RoundRobin,1864,3658959723,594254,594354,100,completed,-10
RoundRobin,1865,3037662008,594354,594470,116,completed,-33
RoundRobin,1866,3658959723,594454,594554,100,completed,-10
RoundRobin,SUMMARY,ALL,0,0,120000,batch_complete,0
----------------,---,---,---,---,---,----------------,---
RoundRobin,1867,3037662008,594554,594670,116,completed,-33
RoundRobin,1868,3658959723,606487,606589,102,completed,-11
RoundRobin,1870,3658959723,606687,606787,100,completed,-11
RoundRobin,1872,3658959723,606887,606989,102,completed,-11
RoundRobin,1874,3658959723,607087,607188,101,completed,-11
RoundRobin,1876,3658959723,607462,607562,100,completed,-11
RoundRobin,1878,3658959723,607662,607762,100,completed,-11
RoundRobin,1880,3658959723,607862,607962,100,completed,-11
RoundRobin,1882,3658959723,608062,608165,103,completed,-10
RoundRobin,1884,3658959723,608360,608462,102,completed,-10
RoundRobin,1869,3037662008,606587,607017,430,completed,-31
RoundRobin,1871,3037662008,606787,607119,332,completed,-31
RoundRobin,1873,3037662008,606987,607470,483,completed,-31
RoundRobin,1875,3037662008,607362,607841,479,completed,-31
RoundRobin,1886,3658959723,608560,608661,101,completed,-10
RoundRobin,1888,3658959723,608760,608860,100,completed,-10
RoundRobin,1877,3037662008,607562,608118,556,completed,-30
RoundRobin,1879,3037662008,607762,608219,457,completed,-30
RoundRobin,1881,3037662008,607962,608473,511,completed,-30
RoundRobin,1883,3037662008,608162,608669,507,completed,-30
RoundRobin,1890,3658959723,608961,609175,214,completed,-10
RoundRobin,1885,3037662008,608460,608771,311,completed,-30
RoundRobin,1887,3037662008,608660,608878,218,completed,-30
RoundRobin,1889,3037662008,608860,608979,119,completed,-30
RoundRobin,1892,3658959723,609161,609459,298,completed,-10
RoundRobin,1891,3037662008,609061,609178,117,completed,-30
RoundRobin,1893,3037662008,609366,609483,117,completed,-30
RoundRobin,1894,3658959723,609466,609566,100,completed,-10
RoundRobin,1895,3037662008,609566,609683,117,completed,-30
RoundRobin,1896,3658959723,609666,609766,100,completed,-10
RoundRobin,1897,3037662008,609766,609885,119,completed,-30
RoundRobin,1898,3658959723,609866,609968,102,completed,-10
RoundRobin,1899,3037662008,609966,610193,227,completed,-30
RoundRobin,1900,3658959723,610066,610167,101,completed,-10
RoundRobin,1901,3037662008,610372,610490,118,completed,-30
RoundRobin,1902,3658959723,610472,610690,218,completed,-10
RoundRobin,1903,3037662008,610572,610716,144,completed,-30
RoundRobin,1904,3658959723,610672,610793,121,completed,-10
RoundRobin,1905,3037662008,610772,610890,118,completed,-30
RoundRobin,1906,3658959723,610872,610974,102,completed,-10
RoundRobin,1907,3037662008,610972,611241,269,completed,-30
RoundRobin,1908,3658959723,611072,611172,100,completed,-10
RoundRobin,1909,3037662008,611366,611488,122,completed,-30
RoundRobin,1910,3658959723,611466,611567,101,completed,-10
RoundRobin,1911,3037662008,611566,611682,116,completed,-30
RoundRobin,1912,3658959723,611666,611766,100,completed,-10
RoundRobin,1913,3037662008,611766,611883,117,completed,-30
RoundRobin,1914,3658959723,611866,611968,102,completed,-10
RoundRobin,1915,3037662008,611966,612082,116,completed,-30
RoundRobin,1916,3658959723,612066,612168,102,completed,-11
RoundRobin,1917,3037662008,612166,612480,314,completed,-31
RoundRobin,1919,3037662008,612462,612588,126,completed,-31
RoundRobin,1918,3658959723,612362,612601,239,completed,-11
RoundRobin,1920,3658959723,612562,612704,142,completed,-11
RoundRobin,1921,3037662008,612662,612778,116,completed,-31
RoundRobin,1922,3658959723,612762,612864,102,completed,-11
RoundRobin,1923,3037662008,612862,612978,116,completed,-31
RoundRobin,1924,3658959723,612962,613062,100,completed,-11
RoundRobin,1925,3037662008,613062,613178,116,completed,-31
RoundRobin,1926,3658959723,613162,613262,100,completed,-11
RoundRobin,1927,3037662008,613368,613489,121,completed,-31
RoundRobin,1928,3658959723,613468,613569,101,completed,-11
RoundRobin,1929,3037662008,613568,613684,116,completed,-31
RoundRobin,1930,3658959723,613668,613768,100,completed,-11
RoundRobin,1931,3037662008,613768,613886,118,completed,-31
RoundRobin,1932,3658959723,613868,613969,101,completed,-11
RoundRobin,1933,3037662008,613968,614083,115,completed,-31
RoundRobin,1934,3658959723,614068,614168,100,completed,-11
RoundRobin,1935,3037662008,614168,614482,314,completed,-31
RoundRobin,1937,3037662008,614465,614590,125,completed,-31
RoundRobin,1936,3658959723,614365,614703,338,completed,-11
RoundRobin,1939,3037662008,614665,614781,116,completed,-31
RoundRobin,1938,3658959723,614565,614811,246,completed,-11
RoundRobin,1940,3658959723,614765,614919,154,completed,-11
RoundRobin,1941,3037662008,614865,614981,116,completed,-31
RoundRobin,1942,3658959723,614965,615067,102,completed,-11
RoundRobin,1943,3037662008,615065,615181,116,completed,-31
RoundRobin,1944,3658959723,615165,615265,100,completed,-11
RoundRobin,1945,3037662008,615371,615492,121,completed,-31
RoundRobin,1946,3658959723,615471,615571,100,completed,-11
RoundRobin,1947,3037662008,615571,615687,116,completed,-31
RoundRobin,1948,3658959723,615671,615771,100,completed,-11
RoundRobin,1949,3037662008,615771,615888,117,completed,-31
RoundRobin,1950,3658959723,615871,615972,101,completed,-11
RoundRobin,1951,3037662008,615971,616087,116,completed,-31
RoundRobin,1952,3658959723,616071,616173,102,completed,-11
RoundRobin,1953,3037662008,616172,616484,312,completed,-33
RoundRobin,1954,3658959723,616376,616479,103,completed,-11
RoundRobin,1955,3037662008,616476,616593,117,completed,-33
RoundRobin,1956,3658959723,616576,616677,101,completed,-11
RoundRobin,1957,3037662008,616676,616792,116,completed,-33
RoundRobin,1958,3658959723,616776,616878,102,completed,-11
RoundRobin,1959,3037662008,616876,616992,116,completed,-33
RoundRobin,1960,3658959723,616976,617077,101,completed,-11
RoundRobin,1961,3037662008,617076,617192,116,completed,-33
RoundRobin,1962,3658959723,617372,617474,102,completed,-11
RoundRobin,1963,3037662008,617472,617588,116,completed,-33
RoundRobin,1964,3658959723,617572,617672,100,completed,-11
RoundRobin,1965,3037662008,617672,617788,116,completed,-33
RoundRobin,1966,3658959723,617772,617874,102,completed,-11
RoundRobin,1967,3037662008,617872,617989,117,completed,-33
RoundRobin,1968,3658959723,617972,618073,101,completed,-11
RoundRobin,1969,3037662008,618072,618188,116,completed,-31
RoundRobin,1970,3658959723,618173,618276,103,completed,-10
RoundRobin,1971,3037662008,618384,618502,118,completed,-31
RoundRobin,1972,3658959723,618484,618584,100,completed,-10
RoundRobin,1973,3037662008,618584,618700,116,completed,-31
RoundRobin,1974,3658959723,618684,618784,100,completed,-10
RoundRobin,1975,3037662008,618784,618901,117,completed,-31
RoundRobin,1976,3658959723,618884,618985,101,completed,-10
RoundRobin,1977,3037662008,618984,619100,116,completed,-31
RoundRobin,1978,3658959723,619084,619185,101,completed,-10
RoundRobin,1979,3037662008,619379,619497,118,completed,-31
RoundRobin,1980,3658959723,619479,619579,100,completed,-10
RoundRobin,1981,3037662008,619579,619696,117,completed,-31
RoundRobin,1982,3658959723,619679,619779,100,completed,-10
RoundRobin,1983,3037662008,619779,619896,117,completed,-31
RoundRobin,1984,3658959723,619879,619980,101,completed,-10
RoundRobin,1985,3037662008,619979,620096,117,completed,-31
RoundRobin,1986,3658959723,620079,620180,101,completed,-10
RoundRobin,1987,3037662008,620179,620491,312,completed,-31
RoundRobin,1988,3658959723,620381,620485,104,completed,-10
RoundRobin,1989,3037662008,620481,620597,116,completed,-31
RoundRobin,1990,3658959723,620581,620681,100,completed,-10
RoundRobin,1991,3037662008,620681,620797,116,completed,-31
RoundRobin,1992,3658959723,620781,620882,101,completed,-10
RoundRobin,1993,3037662008,620881,620999,118,completed,-31
RoundRobin,1994,3658959723,620981,621081,100,completed,-10
RoundRobin,1995,3037662008,621081,621197,116,completed,-31
RoundRobin,1997,3037662008,621384,621502,118,completed,-31
RoundRobin,1999,3037662008,623791,624140,349,completed,-33
RoundRobin,2001,3037662008,623991,624243,252,completed,-33
RoundRobin,2003,3037662008,624193,624346,153,completed,-33
RoundRobin,2005,3037662008,624393,624509,116,completed,-33
RoundRobin,2007,3037662008,624792,624908,116,completed,-33
RoundRobin,2009,3037662008,624992,625108,116,completed,-33
RoundRobin,2011,3037662008,625192,625309,117,completed,-33
RoundRobin,2012,3037662008,625292,625412,120,completed,-33
RoundRobin,2013,3037662008,625392,625514,122,completed,-33
RoundRobin,2014,3037662008,625492,625616,124,completed,-33
RoundRobin,2015,3037662008,625592,625904,312,completed,-33
RoundRobin,2016,3037662008,625802,626007,205,completed,-33
RoundRobin,2017,3037662008,625902,626110,208,completed,-32
RoundRobin,2018,3037662008,626004,626213,209,completed,-32
RoundRobin,2019,3037662008,626105,626315,210,completed,-32
RoundRobin,1996,3037662008,626182,626418,236,completed,-32
RoundRobin,2020,3037662008,626205,626521,316,completed,-32
RoundRobin,2021,3037662008,626305,626624,319,completed,-32
RoundRobin,2022,3037662008,626405,626726,321,completed,-32
RoundRobin,2023,3037662008,626505,626827,322,completed,-32
RoundRobin,2024,3037662008,626799,626930,131,completed,-32
RoundRobin,2025,3037662008,626899,627033,134,completed,-32
RoundRobin,2026,3037662008,626999,627136,137,completed,-32
RoundRobin,2027,3037662008,627099,627239,140,completed,-32
RoundRobin,1998,3658959723,623587,623888,301,completed,-10
RoundRobin,2028,3037662008,627199,627342,143,completed,-32
RoundRobin,2029,3037662008,627299,627445,146,completed,-32
RoundRobin,2000,3658959723,623891,624350,459,completed,-10
RoundRobin,2031,3037662008,627499,627616,117,completed,-32
RoundRobin,2002,3658959723,624093,624625,532,completed,-10
RoundRobin,2004,3658959723,624293,624901,608,completed,-10
RoundRobin,2006,3658959723,624493,625003,510,completed,-10
RoundRobin,2008,3658959723,624892,625174,282,completed,-10
RoundRobin,2010,3658959723,625092,625449,357,completed,-10
RoundRobin,2033,3037662008,627809,627928,119,completed,-32
RoundRobin,2035,3037662008,628009,628125,116,completed,-35
RoundRobin,2030,3658959723,627399,627501,102,completed,-9
RoundRobin,2032,3658959723,627599,627906,307,completed,-9
RoundRobin,2034,3658959723,627909,628012,103,completed,-9
RoundRobin,2037,3037662008,628209,628326,117,completed,-35
RoundRobin,2036,3658959723,628109,628211,102,completed,-11
RoundRobin,2039,3037662008,628409,628525,116,completed,-35
RoundRobin,2038,3658959723,628309,628411,102,completed,-11
RoundRobin,2040,3658959723,628509,628611,102,completed,-11
RoundRobin,2041,3037662008,628806,628923,117,completed,-35
RoundRobin,2042,3658959723,628906,629006,100,completed,-11
RoundRobin,2043,3037662008,629006,629122,116,completed,-35
RoundRobin,2044,3658959723,629106,629207,101,completed,-11
RoundRobin,2045,3037662008,629206,629322,116,completed,-35
RoundRobin,2046,3658959723,629306,629407,101,completed,-11
RoundRobin,2047,3037662008,629406,629522,116,completed,-35
RoundRobin,2048,3658959723,629506,629608,102,completed,-11
RoundRobin,2049,3037662008,629808,629948,140,completed,-35
RoundRobin,2050,3658959723,629908,630008,100,completed,-11
RoundRobin,2051,3037662008,630008,630124,116,completed,-35
RoundRobin,2052,3658959723,630108,630208,100,completed,-10
RoundRobin,2053,3037662008,630208,630324,116,completed,-35
RoundRobin,2054,3658959723,630308,630411,103,completed,-10
RoundRobin,2055,3037662008,630408,630525,117,completed,-35
RoundRobin,2056,3658959723,630508,630610,102,completed,-10
RoundRobin,2057,3037662008,630804,630922,118,completed,-35
RoundRobin,2058,3658959723,630904,631004,100,completed,-10
RoundRobin,2059,3037662008,631004,631120,116,completed,-35
RoundRobin,2060,3658959723,631104,631204,100,completed,-10
RoundRobin,2061,3037662008,631204,631320,116,completed,-35
RoundRobin,2062,3658959723,631304,631405,101,completed,-10
RoundRobin,2063,3037662008,631404,631520,116,completed,-35
RoundRobin,2064,3658959723,631504,631605,101,completed,-10
RoundRobin,2065,3037662008,631604,631913,309,completed,-35
RoundRobin,2066,3658959723,631805,631906,101,completed,-10
RoundRobin,2067,3037662008,631906,632024,118,completed,-35
RoundRobin,2068,3658959723,632006,632106,100,completed,-11
RoundRobin,2069,3037662008,632106,632224,118,completed,-32
RoundRobin,2070,3658959723,632206,632306,100,completed,-11
RoundRobin,2071,3037662008,632306,632422,116,completed,-32
RoundRobin,2072,3658959723,632406,632506,100,completed,-11
RoundRobin,2073,3037662008,632506,632623,117,completed,-32
RoundRobin,2074,3658959723,632606,632910,304,completed,-11
RoundRobin,2075,3037662008,632815,632932,117,completed,-32
RoundRobin,2076,3658959723,632915,633017,102,completed,-11
RoundRobin,2077,3037662008,633015,633133,118,completed,-32
RoundRobin,2078,3658959723,633115,633215,100,completed,-11
RoundRobin,2079,3037662008,633215,633331,116,completed,-32
RoundRobin,2080,3658959723,633315,633416,101,completed,-11
RoundRobin,2081,3037662008,633415,633531,116,completed,-32
RoundRobin,2082,3658959723,633515,633616,101,completed,-11
RoundRobin,2083,3037662008,633811,633928,117,completed,-32
RoundRobin,2084,3658959723,633911,634011,100,completed,-11
RoundRobin,2085,3037662008,634011,634127,116,completed,-33
RoundRobin,2086,3658959723,634111,634211,100,completed,-10
RoundRobin,2087,3037662008,634211,634329,118,completed,-33
RoundRobin,2088,3658959723,634311,634411,100,completed,-10
RoundRobin,2089,3037662008,634411,634527,116,completed,-33
RoundRobin,2090,3658959723,634511,634612,101,completed,-10
RoundRobin,2091,3037662008,634812,634930,118,completed,-33
RoundRobin,2092,3658959723,634912,635014,102,completed,-10
RoundRobin,2093,3037662008,635012,635129,117,completed,-33
RoundRobin,2094,3658959723,635112,635213,101,completed,-10
RoundRobin,2095,3037662008,635212,635328,116,completed,-33
RoundRobin,2096,3658959723,635312,635413,101,completed,-10
RoundRobin,2097,3037662008,635412,635528,116,completed,-33
RoundRobin,2098,3658959723,635512,635613,101,completed,-10
RoundRobin,2099,3037662008,635815,635940,125,completed,-33
RoundRobin,2100,3658959723,635915,636016,101,completed,-10
RoundRobin,2101,3037662008,636015,636131,116,completed,-35
RoundRobin,2102,3658959723,636115,636215,100,completed,-10
RoundRobin,2103,3037662008,636215,636333,118,completed,-35
RoundRobin,2104,3658959723,636315,636416,101,completed,-10
RoundRobin,2105,3037662008,636415,636531,116,completed,-35
RoundRobin,2106,3658959723,636515,636616,101,completed,-10
RoundRobin,2107,3037662008,636815,636931,116,completed,-35
RoundRobin,2108,3658959723,636915,637016,101,completed,-10
RoundRobin,2109,3037662008,637015,637132,117,completed,-35
RoundRobin,2110,3658959723,637115,637216,101,completed,-10
RoundRobin,2111,3037662008,637215,637331,116,completed,-35
RoundRobin,2112,3658959723,637315,637417,102,completed,-10
RoundRobin,2113,3037662008,637415,637531,116,completed,-35
RoundRobin,2114,3658959723,637515,637616,101,completed,-10
RoundRobin,2115,3037662008,637811,637933,122,completed,-35
RoundRobin,2116,3658959723,637911,638099,188,completed,-11
RoundRobin,2118,3658959723,638111,638213,102,completed,-11
RoundRobin,2119,3658959723,638211,638316,105,completed,-11
RoundRobin,2120,3658959723,638311,638418,107,completed,-11
RoundRobin,2121,3658959723,638411,638521,110,completed,-11
RoundRobin,2122,3658959723,638511,638624,113,completed,-11
RoundRobin,2123,3658959723,638611,638908,297,completed,-11
RoundRobin,2124,3658959723,638814,639011,197,completed,-11
RoundRobin,2125,3658959723,641020,641315,295,completed,-10
RoundRobin,2126,3658959723,641222,641424,202,completed,-10
RoundRobin,2127,3658959723,641322,641534,212,completed,-10
RoundRobin,2128,3658959723,641422,641637,215,completed,-10
RoundRobin,2129,3658959723,641522,641739,217,completed,-10
RoundRobin,2130,3658959723,641622,641842,220,completed,-10
RoundRobin,2131,3658959723,641728,641945,217,completed,-10
RoundRobin,2132,3658959723,641828,642048,220,completed,-10
RoundRobin,2133,3658959723,641928,642151,223,completed,-11
RoundRobin,2134,3658959723,642224,642328,104,completed,-11
RoundRobin,2135,3658959723,642324,642431,107,completed,-11
RoundRobin,2136,3658959723,642424,642533,109,completed,-11
RoundRobin,2137,3658959723,642524,642635,111,completed,-11
RoundRobin,2138,3658959723,642624,642738,114,completed,-11
RoundRobin,2139,3658959723,642724,642841,117,completed,-11
RoundRobin,2140,3658959723,642824,642944,120,completed,-11
RoundRobin,2141,3658959723,642924,643047,123,completed,-11
RoundRobin,2117,3658959723,643012,643150,138,completed,-11
RoundRobin,2142,3658959723,643025,643321,296,completed,-11
RoundRobin,2143,3658959723,643228,643434,206,completed,-11
RoundRobin,2144,3658959723,643328,643537,209,completed,-11
RoundRobin,2145,3658959723,643428,643639,211,completed,-11
RoundRobin,2146,3658959723,643528,643742,214,completed,-11
RoundRobin,2147,3658959723,643628,643845,217,completed,-11
RoundRobin,2148,3658959723,643728,643948,220,completed,-11
RoundRobin,2149,3658959723,643828,644051,223,completed,-11
RoundRobin,2150,3658959723,643928,644153,225,completed,-10
RoundRobin,2151,3658959723,644028,644326,298,completed,-10
RoundRobin,2152,3658959723,644232,644427,195,completed,-10
RoundRobin,2153,3658959723,644332,644529,197,completed,-10
RoundRobin,2154,3658959723,644432,644635,203,completed,-10
RoundRobin,2155,3658959723,644532,644739,207,completed,-10
RoundRobin,2156,3658959723,644632,644843,211,completed,-10
RoundRobin,2157,3658959723,644738,644946,208,completed,-10
RoundRobin,2158,3658959723,644838,645049,211,completed,-10
RoundRobin,2159,3658959723,644938,645151,213,completed,-10
RoundRobin,2160,3658959723,645227,645331,104,completed,-10
RoundRobin,2161,3658959723,645327,645434,107,completed,-10
RoundRobin,2162,3658959723,645427,645537,110,completed,-10
RoundRobin,2163,3658959723,645527,645639,112,completed,-10
RoundRobin,2164,3658959723,645627,645742,115,completed,-10
RoundRobin,2165,3658959723,645727,645845,118,completed,-10
RoundRobin,2166,3658959723,645827,645948,121,completed,-10
RoundRobin,2167,3658959723,645927,646050,123,completed,-10
RoundRobin,2168,3658959723,646027,646153,126,completed,-10
RoundRobin,2169,3658959723,646230,646334,104,completed,-10
RoundRobin,2170,3658959723,646330,646437,107,completed,-10
RoundRobin,2171,3658959723,646430,646540,110,completed,-10
RoundRobin,2172,3658959723,646530,646643,113,completed,-10
RoundRobin,2173,3658959723,646630,646746,116,completed,-10
RoundRobin,2174,3658959723,646730,646849,119,completed,-10
RoundRobin,2175,3658959723,646830,646952,122,completed,-10
RoundRobin,2176,3658959723,646930,647055,125,completed,-10
RoundRobin,2177,3658959723,647030,647325,295,completed,-10
RoundRobin,2178,3658959723,647231,647434,203,completed,-10
RoundRobin,2179,3658959723,647331,647537,206,completed,-10
RoundRobin,2180,3658959723,647431,647640,209,completed,-10
RoundRobin,2181,3658959723,647531,647743,212,completed,-10
RoundRobin,2182,3658959723,647631,647846,215,completed,-10
RoundRobin,2183,3658959723,647731,647949,218,completed,-10
RoundRobin,2184,3658959723,647831,648052,221,completed,-10
RoundRobin,2185,3658959723,647931,648155,224,completed,-10
RoundRobin,2186,3658959723,648031,648330,299,completed,-10
RoundRobin,2187,3658959723,648234,648437,203,completed,-10
RoundRobin,2188,3658959723,648334,648540,206,completed,-10
RoundRobin,2189,3658959723,648434,648643,209,completed,-10
RoundRobin,2190,3658959723,648534,648746,212,completed,-10
RoundRobin,2191,3658959723,648634,648849,215,completed,-10
RoundRobin,2192,3658959723,648736,648952,216,completed,-10
RoundRobin,2193,3658959723,648836,649055,219,completed,-10
RoundRobin,2194,3658959723,648936,649157,221,completed,-10
RoundRobin,2195,3658959723,649231,649336,105,completed,-10
RoundRobin,2196,3658959723,649331,649439,108,completed,-10
RoundRobin,2197,3658959723,649431,649541,110,completed,-10
RoundRobin,2198,3658959723,649531,649644,113,completed,-10
RoundRobin,2199,3658959723,649631,649747,116,completed,-10
RoundRobin,2200,3658959723,649738,649850,112,completed,-10
RoundRobin,2201,3658959723,649838,649953,115,completed,-10
RoundRobin,2202,3658959723,649938,650056,118,completed,-10
RoundRobin,2203,3658959723,650238,650339,101,completed,-11
RoundRobin,2204,3658959723,650338,650442,104,completed,-11
RoundRobin,2205,3658959723,650438,650545,107,completed,-11
RoundRobin,2206,3658959723,650538,650648,110,completed,-11
RoundRobin,2207,3658959723,650638,650751,113,completed,-11
RoundRobin,2208,3658959723,650741,650854,113,completed,-11
RoundRobin,2209,3658959723,650841,650957,116,completed,-11
RoundRobin,2210,3658959723,650941,651060,119,completed,-11
RoundRobin,2211,3658959723,651233,651337,104,completed,-11
RoundRobin,2212,3658959723,651333,651440,107,completed,-11
RoundRobin,2213,3658959723,651433,651543,110,completed,-11
RoundRobin,2214,3658959723,651533,651646,113,completed,-11
RoundRobin,2215,3658959723,651633,651749,116,completed,-11
RoundRobin,2216,3658959723,651737,651852,115,completed,-11
RoundRobin,2217,3658959723,651837,651955,118,completed,-11
RoundRobin,2218,3658959723,651937,652058,121,completed,-11
RoundRobin,2219,3658959723,652037,652336,299,completed,-12
RoundRobin,2220,3658959723,652242,652439,197,completed,-12
RoundRobin,2221,3658959723,652342,652546,204,completed,-12
RoundRobin,2222,3658959723,652442,652648,206,completed,-12
RoundRobin,2223,3658959723,652542,652751,209,completed,-12
RoundRobin,2224,3658959723,652642,652853,211,completed,-12
RoundRobin,2225,3658959723,652747,652956,209,completed,-12
RoundRobin,2226,3658959723,652847,653059,212,completed,-12
RoundRobin,2227,3658959723,652947,653161,214,completed,-12
RoundRobin,2228,3658959723,653235,653339,104,completed,-12
RoundRobin,2229,3658959723,653335,653442,107,completed,-12
RoundRobin,2230,3658959723,653435,653545,110,completed,-12
RoundRobin,2231,3658959723,653535,653648,113,completed,-12
RoundRobin,2232,3658959723,653635,653751,116,completed,-12
RoundRobin,2233,3658959723,653735,653854,119,completed,-12
RoundRobin,2234,3658959723,653835,653957,122,completed,-12
RoundRobin,2235,3658959723,653935,654060,125,completed,-12
RoundRobin,2236,3658959723,654035,654163,128,completed,-10
RoundRobin,2237,3658959723,654242,654346,104,completed,-10
RoundRobin,2238,3658959723,654342,654449,107,completed,-10
RoundRobin,2239,3658959723,654442,654552,110,completed,-10
RoundRobin,2240,3658959723,654542,654654,112,completed,-10
RoundRobin,2241,3658959723,654642,654757,115,completed,-10
RoundRobin,2242,3658959723,654751,654859,108,completed,-10
RoundRobin,2243,3658959723,654851,654961,110,completed,-10
RoundRobin,2244,3658959723,654951,655063,112,completed,-10
RoundRobin,2245,3658959723,655239,655341,102,completed,-10
RoundRobin,2246,3658959723,655339,655450,111,completed,-10
RoundRobin,2247,3658959723,655439,655552,113,completed,-10
RoundRobin,2248,3658959723,655539,655655,116,completed,-10
RoundRobin,2249,3658959723,655639,655758,119,completed,-10
RoundRobin,2250,3658959723,655740,655861,121,completed,-10
RoundRobin,2251,3658959723,655840,655964,124,completed,-10
RoundRobin,2252,3658959723,655940,656067,127,completed,-10
RoundRobin,2253,3658959723,656040,656340,300,completed,-11
RoundRobin,2254,3658959723,656246,656443,197,completed,-11
RoundRobin,2255,3658959723,658451,658747,296,completed,-10
RoundRobin,2256,3658959723,658654,659097,443,completed,-10
RoundRobin,2257,3658959723,658754,659372,618,completed,-10
RoundRobin,2258,3658959723,658854,659752,898,completed,-10
RoundRobin,2259,3658959723,658954,659854,900,completed,-10
RoundRobin,2260,3658959723,659054,659956,902,completed,-10
RoundRobin,2261,3658959723,659154,660197,1043,completed,-10
RoundRobin,2262,3658959723,659254,660472,1218,completed,-10
RoundRobin,2263,3658959723,659354,660752,1398,completed,-10
RoundRobin,2264,3658959723,659454,660854,1400,completed,-10
RoundRobin,2265,3658959723,659654,660956,1302,completed,-10
RoundRobin,2266,3658959723,659754,661058,1304,completed,-10
RoundRobin,2267,3658959723,659854,661159,1305,completed,-10
RoundRobin,2268,3658959723,659954,661260,1306,completed,-10
RoundRobin,2269,3658959723,660054,661362,1308,completed,-10
RoundRobin,2270,3658959723,660154,661463,1309,completed,-10
RoundRobin,2271,3658959723,660254,661565,1311,completed,-10
RoundRobin,2272,3658959723,660354,661667,1313,completed,-10
RoundRobin,2273,3658959723,660454,661768,1314,completed,-10
RoundRobin,2274,3658959723,660656,661870,1214,completed,-10
RoundRobin,2275,3658959723,660756,661971,1215,completed,-10
RoundRobin,2276,3658959723,660856,662073,1217,completed,-10
RoundRobin,2277,3658959723,660956,662176,1220,completed,-9
RoundRobin,2278,3658959723,661056,662279,1223,completed,-9
RoundRobin,2279,3658959723,661156,662382,1226,completed,-9
RoundRobin,2280,3658959723,661256,662485,1229,completed,-9
RoundRobin,2281,3658959723,661356,662588,1232,completed,-9
RoundRobin,2282,3658959723,661456,662689,1233,completed,-9
RoundRobin,2283,3658959723,661655,662792,1137,completed,-9
RoundRobin,2284,3658959723,661755,662895,1140,completed,-9
RoundRobin,2285,3658959723,661855,662998,1143,completed,-9
RoundRobin,2286,3658959723,661955,663101,1146,completed,-9
RoundRobin,2287,3658959723,662055,663204,1149,completed,-9
RoundRobin,2288,3658959723,662155,663307,1152,completed,-9
RoundRobin,2289,3658959723,662255,663410,1155,completed,-9
RoundRobin,2290,3658959723,662355,663513,1158,completed,-9
RoundRobin,2291,3658959723,662455,663616,1161,completed,-9
RoundRobin,2292,3658959723,662659,663717,1058,completed,-9
RoundRobin,2293,3658959723,662759,663824,1065,completed,-9
RoundRobin,2294,3658959723,662859,663927,1068,completed,-9
RoundRobin,2295,3658959723,662959,664030,1071,completed,-9
RoundRobin,2296,3658959723,663059,664133,1074,completed,-11
RoundRobin,2297,3658959723,663159,664235,1076,completed,-11
RoundRobin,2298,3658959723,663259,664338,1079,completed,-11
RoundRobin,2299,3658959723,663359,664441,1082,completed,-11
RoundRobin,2300,3658959723,663459,664544,1085,completed,-11
RoundRobin,2301,3658959723,663660,664647,987,completed,-11
RoundRobin,2302,3658959723,663760,664748,988,completed,-11
RoundRobin,2303,3658959723,663860,664851,991,completed,-11
RoundRobin,2304,3658959723,663960,664954,994,completed,-11
RoundRobin,2305,3658959723,664060,665057,997,completed,-11
RoundRobin,2306,3658959723,664160,665160,1000,completed,-11
RoundRobin,2307,3658959723,664260,665263,1003,completed,-11
RoundRobin,2308,3658959723,664360,665366,1006,completed,-11
RoundRobin,2309,3658959723,664462,665472,1010,completed,-11
RoundRobin,2310,3658959723,664664,665575,911,completed,-11
RoundRobin,2311,3658959723,664764,665677,913,completed,-11
RoundRobin,2312,3658959723,664864,665780,916,completed,-11
RoundRobin,2313,3658959723,664968,665883,915,completed,-11
RoundRobin,2314,3658959723,665069,665986,917,completed,-11
RoundRobin,2315,3658959723,665170,666089,919,completed,-11
RoundRobin,2316,3658959723,665270,666192,922,completed,-11
RoundRobin,2317,3658959723,665370,666293,923,completed,-11
RoundRobin,2318,3658959723,665664,666396,732,completed,-11
RoundRobin,2319,3658959723,665764,666499,735,completed,-11
RoundRobin,2320,3658959723,665864,666602,738,completed,-11
RoundRobin,2321,3658959723,665964,666703,739,completed,-11
RoundRobin,2322,3658959723,666064,666806,742,completed,-11
RoundRobin,2323,3658959723,666164,666909,745,completed,-11
RoundRobin,2324,3658959723,666264,667011,747,completed,-11
RoundRobin,2325,3658959723,666364,667113,749,completed,-11
RoundRobin,2326,3658959723,666464,667216,752,completed,-11
RoundRobin,2327,3658959723,666669,667319,650,completed,-11
RoundRobin,2328,3658959723,666769,667422,653,completed,-11
RoundRobin,2329,3658959723,666869,667525,656,completed,-11
RoundRobin,2330,3658959723,666969,667628,659,completed,-11
RoundRobin,2331,3658959723,667069,667730,661,completed,-11
RoundRobin,2332,3658959723,667169,667832,663,completed,-11
RoundRobin,2333,3658959723,667269,667934,665,completed,-11
RoundRobin,2337,3037662008,667864,667980,116,completed,-29
RoundRobin,2334,3658959723,667369,668036,667,completed,-11
RoundRobin,2335,3658959723,667664,668139,475,completed,-11
RoundRobin,2339,3037662008,668064,668180,116,completed,-30
RoundRobin,2336,3658959723,667764,668240,476,completed,-11
RoundRobin,2341,3037662008,668264,668380,116,completed,-30
RoundRobin,2338,3658959723,667964,668342,378,completed,-11
RoundRobin,2340,3658959723,668164,668444,280,completed,-11
RoundRobin,2342,3658959723,668364,668547,183,completed,-11
RoundRobin,2343,3037662008,668464,668777,313,completed,-30
RoundRobin,2344,3658959723,668668,668769,101,completed,-11
RoundRobin,2345,3037662008,668768,668885,117,completed,-30
RoundRobin,2346,3658959723,668868,668969,101,completed,-11
RoundRobin,2347,3037662008,668968,669084,116,completed,-30
RoundRobin,2348,3658959723,669068,669169,101,completed,-11
RoundRobin,2349,3037662008,669168,669285,117,completed,-30
RoundRobin,2350,3658959723,669268,669369,101,completed,-11
RoundRobin,2351,3037662008,669368,669484,116,completed,-30
RoundRobin,2352,3658959723,669468,669770,302,completed,-11
RoundRobin,2353,3037662008,669669,669788,119,completed,-30
RoundRobin,2354,3658959723,669769,669878,109,completed,-11
RoundRobin,2355,3037662008,669869,669987,118,completed,-30
RoundRobin,2356,3658959723,669969,670069,100,completed,-11
RoundRobin,2357,3037662008,670069,670185,116,completed,-31
RoundRobin,2358,3658959723,670169,670272,103,completed,-10
RoundRobin,2359,3037662008,670269,670385,116,completed,-31
RoundRobin,2360,3658959723,670369,670471,102,completed,-10
RoundRobin,2361,3037662008,670469,670780,311,completed,-31
RoundRobin,2362,3658959723,670671,670779,108,completed,-10
RoundRobin,2363,3037662008,670771,670888,117,completed,-31
RoundRobin,2364,3658959723,670871,670973,102,completed,-10
RoundRobin,2365,3037662008,670971,671238,267,completed,-31
RoundRobin,2366,3658959723,671071,671222,151,completed,-10
RoundRobin,2367,3037662008,671171,671341,170,completed,-31
RoundRobin,2368,3658959723,671271,671372,101,completed,-10
RoundRobin,2369,3037662008,671371,671487,116,completed,-31
RoundRobin,2371,3037662008,671671,671795,124,completed,-31
RoundRobin,2370,3658959723,671471,671778,307,completed,-10
RoundRobin,2372,3658959723,671771,671900,129,completed,-10
RoundRobin,2373,3037662008,671871,671988,117,completed,-31
RoundRobin,2374,3658959723,671971,672071,100,completed,-10
RoundRobin,2375,3037662008,672071,672189,118,completed,-31
RoundRobin,2376,3658959723,672171,672272,101,completed,-11
RoundRobin,2377,3037662008,672271,672387,116,completed,-31
RoundRobin,2378,3658959723,672371,672472,101,completed,-11
RoundRobin,2380,3658959723,672670,672774,104,completed,-11
RoundRobin,2379,3037662008,672471,672811,340,completed,-31
RoundRobin,2381,3037662008,672770,672921,151,completed,-31
RoundRobin,2382,3658959723,672870,672971,101,completed,-11
RoundRobin,2383,3037662008,672970,673087,117,completed,-31
RoundRobin,2384,3658959723,673070,673170,100,completed,-11
RoundRobin,2385,3037662008,673170,673286,116,completed,-31
RoundRobin,2386,3658959723,673270,673371,101,completed,-11
RoundRobin,2387,3037662008,673370,673487,117,completed,-31
RoundRobin,2389,3037662008,673673,673795,122,completed,-31
RoundRobin,2391,3037662008,676085,676229,144,completed,-34
RoundRobin,2393,3037662008,676285,676402,117,completed,-34
RoundRobin,2395,3037662008,676485,676603,118,completed,-34
RoundRobin,2397,3037662008,676685,676802,117,completed,-34
RoundRobin,2399,3037662008,677079,677197,118,completed,-34
RoundRobin,2400,3037662008,677179,677306,127,completed,-34
RoundRobin,2401,3037662008,677279,677409,130,completed,-34
RoundRobin,2402,3037662008,677379,677512,133,completed,-34
RoundRobin,2403,3037662008,677479,677615,136,completed,-34
RoundRobin,2404,3037662008,677579,677718,139,completed,-34
RoundRobin,2405,3037662008,677679,677821,142,completed,-34
RoundRobin,2406,3037662008,677779,677923,144,completed,-34
RoundRobin,2407,3037662008,677879,678026,147,completed,-34
RoundRobin,2408,3037662008,678086,678213,127,completed,-33
RoundRobin,2409,3037662008,678186,678316,130,completed,-33
RoundRobin,2410,3037662008,678286,678419,133,completed,-33
RoundRobin,2411,3037662008,678386,678522,136,completed,-33
RoundRobin,2388,3037662008,678471,678625,154,completed,-33
RoundRobin,2412,3037662008,678486,678728,242,completed,-33
RoundRobin,2413,3037662008,678586,678831,245,completed,-33
RoundRobin,2414,3037662008,678686,678934,248,completed,-33
RoundRobin,2415,3037662008,678786,679037,251,completed,-33
RoundRobin,2416,3037662008,678886,679198,312,completed,-33
RoundRobin,2417,3037662008,679088,679301,213,completed,-33
RoundRobin,2418,3037662008,679188,679408,220,completed,-33
RoundRobin,2419,3037662008,679288,679511,223,completed,-33
RoundRobin,2420,3037662008,679388,679614,226,completed,-33
RoundRobin,2390,3658959723,675881,676196,315,completed,-9
RoundRobin,2421,3037662008,679488,679716,228,completed,-33
RoundRobin,2422,3037662008,679588,679819,231,completed,-33
RoundRobin,2424,3037662008,679788,679921,133,completed,-33
RoundRobin,2392,3658959723,676185,676571,386,completed,-9
RoundRobin,2394,3658959723,676385,676821,436,completed,-9
RoundRobin,2396,3658959723,676585,677178,593,completed,-9
RoundRobin,2398,3658959723,676790,677280,490,completed,-9
RoundRobin,2426,3037662008,680092,680218,126,completed,-33
RoundRobin,2423,3658959723,679688,679790,102,completed,-10
RoundRobin,2428,3037662008,680292,680410,118,completed,-33
RoundRobin,2425,3658959723,679888,680203,315,completed,-11
RoundRobin,2427,3658959723,680192,680304,112,completed,-11
RoundRobin,2430,3037662008,680492,680609,117,completed,-33
RoundRobin,2429,3658959723,680392,680494,102,completed,-11
RoundRobin,2432,3037662008,680694,680811,117,completed,-33
RoundRobin,2431,3658959723,680594,680696,102,completed,-11
RoundRobin,2433,3658959723,680794,680897,103,completed,-11
RoundRobin,2434,3037662008,681083,681200,117,completed,-33
RoundRobin,2435,3658959723,681183,681284,101,completed,-11
RoundRobin,2436,3037662008,681283,681400,117,completed,-33
RoundRobin,2437,3658959723,681383,681484,101,completed,-11
RoundRobin,2438,3037662008,681483,681599,116,completed,-33
RoundRobin,2439,3658959723,681583,681684,101,completed,-11
RoundRobin,2440,3037662008,681683,681799,116,completed,-33
RoundRobin,2442,3037662008,681883,682000,117,completed,-33
RoundRobin,2441,3658959723,681783,681884,101,completed,-11
RoundRobin,2443,3658959723,682094,682233,139,completed,-11
RoundRobin,2444,3037662008,682194,682312,118,completed,-33
RoundRobin,2445,3658959723,682294,682395,101,completed,-11
RoundRobin,2446,3037662008,682394,682510,116,completed,-33
RoundRobin,2447,3658959723,682494,682595,101,completed,-11
RoundRobin,2448,3037662008,682594,682710,116,completed,-33
RoundRobin,2449,3658959723,682694,682795,101,completed,-11
RoundRobin,2450,3037662008,682794,682911,117,completed,-33
RoundRobin,2451,3658959723,683089,683195,106,completed,-11
RoundRobin,2452,3037662008,683189,683305,116,completed,-33
RoundRobin,2453,3658959723,683289,683390,101,completed,-11
RoundRobin,2454,3037662008,683389,683505,116,completed,-33
RoundRobin,2455,3658959723,683489,683591,102,completed,-11
RoundRobin,2456,3037662008,683589,683706,117,completed,-33
RoundRobin,2457,3658959723,683689,683789,100,completed,-11
RoundRobin,2458,3037662008,683789,683906,117,completed,-33
RoundRobin,2459,3658959723,683891,684195,304,completed,-11
RoundRobin,2460,3037662008,684093,684210,117,completed,-35
RoundRobin,2461,3658959723,684193,684298,105,completed,-11
RoundRobin,2462,3037662008,684293,684410,117,completed,-35
RoundRobin,2463,3658959723,684393,684493,100,completed,-11
RoundRobin,2464,3037662008,684493,684610,117,completed,-35
RoundRobin,2465,3658959723,684593,684694,101,completed,-11
RoundRobin,2466,3037662008,684693,684809,116,completed,-35
RoundRobin,2467,3658959723,684793,684894,101,completed,-11
RoundRobin,2468,3037662008,684893,685204,311,completed,-35
RoundRobin,2469,3658959723,685094,685196,102,completed,-11
RoundRobin,2470,3037662008,685194,685311,117,completed,-35
RoundRobin,2471,3658959723,685294,685395,101,completed,-11
RoundRobin,2472,3037662008,685394,685511,117,completed,-35
RoundRobin,2473,3658959723,685494,685595,101,completed,-11
RoundRobin,2474,3037662008,685594,685711,117,completed,-35
RoundRobin,2475,3658959723,685694,685795,101,completed,-11
RoundRobin,2476,3037662008,685794,685911,117,completed,-35
RoundRobin,2477,3658959723,685894,686201,307,completed,-10
RoundRobin,2478,3037662008,686097,686218,121,completed,-34
RoundRobin,2479,3658959723,686197,686304,107,completed,-10
RoundRobin,2480,3037662008,686297,686415,118,completed,-34
RoundRobin,2481,3658959723,686397,686497,100,completed,-10
RoundRobin,2482,3037662008,686497,686614,117,completed,-34
RoundRobin,2483,3658959723,686597,686698,101,completed,-10
RoundRobin,2484,3037662008,686697,686813,116,completed,-34
RoundRobin,2485,3658959723,686797,686898,101,completed,-10
RoundRobin,2486,3037662008,686897,687208,311,completed,-34
RoundRobin,2487,3658959723,687099,687200,101,completed,-10
RoundRobin,2488,3037662008,687199,687316,117,completed,-34
RoundRobin,2489,3658959723,687299,687400,101,completed,-10
RoundRobin,2490,3037662008,687399,687515,116,completed,-34
RoundRobin,2491,3658959723,687499,687600,101,completed,-10
RoundRobin,2492,3037662008,687599,687716,117,completed,-34
RoundRobin,2493,3658959723,687699,687800,101,completed,-10
RoundRobin,2494,3037662008,687799,687916,117,completed,-34
RoundRobin,2496,3037662008,688102,688219,117,completed,-33
RoundRobin,2495,3658959723,687899,688203,304,completed,-10
RoundRobin,2497,3658959723,688202,688306,104,completed,-10
RoundRobin,2498,3037662008,688302,688419,117,completed,-33
RoundRobin,2499,3658959723,688402,688503,101,completed,-10
RoundRobin,2500,3037662008,688502,688619,117,completed,-33
RoundRobin,2501,3658959723,688602,688703,101,completed,-10
RoundRobin,2502,3037662008,688702,688818,116,completed,-33
RoundRobin,2503,3658959723,688802,688903,101,completed,-10
RoundRobin,2504,3037662008,689099,689218,119,completed,-33
RoundRobin,2505,3658959723,689199,689300,101,completed,-10
RoundRobin,2506,3037662008,689299,689416,117,completed,-33
RoundRobin,2507,3658959723,689399,689500,101,completed,-10
RoundRobin,2508,3037662008,689499,689616,117,completed,-33
RoundRobin,2509,3658959723,689599,689703,104,completed,-10
RoundRobin,2510,3037662008,689699,689816,117,completed,-33
RoundRobin,2511,3658959723,689799,689901,102,completed,-10
RoundRobin,2512,3037662008,689899,690213,314,completed,-32
RoundRobin,2513,3658959723,690102,690229,127,completed,-10
RoundRobin,2514,3037662008,690202,690319,117,completed,-32
RoundRobin,2515,3658959723,690302,690403,101,completed,-10
RoundRobin,2516,3037662008,690402,690520,118,completed,-32
RoundRobin,2517,3658959723,690502,690603,101,completed,-10
RoundRobin,2518,3037662008,690602,690719,117,completed,-32
RoundRobin,2519,3658959723,690702,690802,100,completed,-10
RoundRobin,2520,3037662008,690802,690919,117,completed,-32
RoundRobin,2522,3037662008,691105,691224,119,completed,-32
RoundRobin,2521,3658959723,690902,691206,304,completed,-10
RoundRobin,2524,3037662008,693510,693686,176,completed,-29
RoundRobin,2526,3037662008,693710,693826,116,completed,-29
RoundRobin,2523,3658959723,693310,693610,300,completed,-10
RoundRobin,2525,3658959723,693610,693712,102,completed,-10
RoundRobin,2527,3658959723,693811,693932,121,completed,-10
RoundRobin,2528,3037662008,693911,694028,117,completed,-29
RoundRobin,2529,3658959723,694011,694114,103,completed,-10
RoundRobin,2530,3037662008,694111,694228,117,completed,-31
RoundRobin,2532,3037662008,694311,694427,116,completed,-31
RoundRobin,2531,3658959723,694211,694313,102,completed,-11
RoundRobin,2533,3658959723,694514,694621,107,completed,-11
RoundRobin,2534,3037662008,694614,694731,117,completed,-31
RoundRobin,2535,3658959723,694714,694817,103,completed,-11
RoundRobin,2536,3037662008,694814,694931,117,completed,-31
RoundRobin,2537,3658959723,694914,695015,101,completed,-11
RoundRobin,2538,3037662008,695014,695131,117,completed,-31
RoundRobin,2539,3658959723,695114,695214,100,completed,-11
RoundRobin,2540,3037662008,695214,695332,118,completed,-31
RoundRobin,2541,3658959723,695315,695618,303,completed,-11
RoundRobin,2542,3037662008,695516,695634,118,completed,-31
RoundRobin,2543,3658959723,695616,695721,105,completed,-11
RoundRobin,2544,3037662008,695716,695833,117,completed,-31
RoundRobin,2545,3658959723,695816,695917,101,completed,-11
RoundRobin,2546,3037662008,695916,696033,117,completed,-31
RoundRobin,2547,3658959723,696016,696117,101,completed,-11
RoundRobin,2548,3037662008,696116,696233,117,completed,-33
RoundRobin,2549,3658959723,696216,696319,103,completed,-10
RoundRobin,2550,3037662008,696316,696627,311,completed,-33
RoundRobin,2551,3658959723,696516,696621,105,completed,-10
RoundRobin,2552,3037662008,696616,696736,120,completed,-33
RoundRobin,2553,3658959723,696716,696817,101,completed,-10
RoundRobin,2554,3037662008,696816,696933,117,completed,-33
RoundRobin,2555,3658959723,696916,697016,100,completed,-10
RoundRobin,2556,3037662008,697016,697132,116,completed,-33
RoundRobin,2557,3658959723,697116,697217,101,completed,-10
RoundRobin,2558,3037662008,697216,697334,118,completed,-33
RoundRobin,2560,3037662008,697517,697637,120,completed,-33
RoundRobin,2559,3658959723,697317,697621,304,completed,-10
RoundRobin,2561,3658959723,697617,697724,107,completed,-10
RoundRobin,2562,3037662008,697717,697834,117,completed,-33
RoundRobin,2563,3658959723,697817,697918,101,completed,-10
RoundRobin,2564,3037662008,697917,698034,117,completed,-33
RoundRobin,2565,3658959723,698017,698118,101,completed,-10
RoundRobin,2566,3037662008,698117,698234,117,completed,-31
RoundRobin,2568,3037662008,698317,698434,117,completed,-31
RoundRobin,2567,3658959723,698217,698320,103,completed,-10
RoundRobin,2569,3658959723,698520,698627,107,completed,-10
RoundRobin,2570,3037662008,698620,698736,116,completed,-31
RoundRobin,2571,3658959723,698720,698821,101,completed,-10
RoundRobin,2572,3037662008,698820,698937,117,completed,-31
RoundRobin,2573,3658959723,698920,699021,101,completed,-10
RoundRobin,2574,3037662008,699020,699137,117,completed,-31
RoundRobin,2575,3658959723,699120,699221,101,completed,-10
RoundRobin,2576,3037662008,699220,699338,118,completed,-31
RoundRobin,2577,3658959723,699320,699623,303,completed,-10
RoundRobin,2578,3037662008,699520,699639,119,completed,-31
RoundRobin,2579,3658959723,699620,699725,105,completed,-10
RoundRobin,2580,3037662008,699720,699837,117,completed,-31
RoundRobin,2581,3658959723,699820,699921,101,completed,-10
RoundRobin,2582,3037662008,699920,700037,117,completed,-31
RoundRobin,2583,3658959723,700020,700121,101,completed,-10
RoundRobin,2584,3037662008,700120,700237,117,completed,-31
RoundRobin,2585,3658959723,700220,700323,103,completed,-11
RoundRobin,2586,3037662008,700320,700630,310,completed,-31
RoundRobin,2587,3658959723,700520,700624,104,completed,-11
RoundRobin,2589,3658959723,700720,700821,101,completed,-11
RoundRobin,2588,3037662008,700620,700737,117,completed,-31
RoundRobin,2590,3037662008,700820,700958,138,completed,-31
RoundRobin,2591,3658959723,700920,701021,101,completed,-11
RoundRobin,2592,3037662008,701020,701137,117,completed,-31
RoundRobin,2593,3658959723,701120,701220,100,completed,-11
RoundRobin,2594,3037662008,701220,701338,118,completed,-31
RoundRobin,2596,3037662008,701520,701639,119,completed,-31
RoundRobin,2595,3658959723,701320,701645,325,completed,-11
RoundRobin,2597,3658959723,701620,701748,128,completed,-11
RoundRobin,2598,3037662008,701720,701837,117,completed,-31
RoundRobin,2599,3658959723,701820,701921,101,completed,-11
RoundRobin,2600,3037662008,701920,702038,118,completed,-31
RoundRobin,2601,3658959723,702020,702121,101,completed,-11
RoundRobin,2602,3037662008,702120,702238,118,completed,-31
RoundRobin,2604,3037662008,702320,702436,116,completed,-31
RoundRobin,2603,3658959723,702220,702323,103,completed,-11
RoundRobin,2605,3658959723,702524,702633,109,completed,-11
RoundRobin,2606,3037662008,702624,702740,116,completed,-31
RoundRobin,2607,3658959723,702724,702825,101,completed,-11
RoundRobin,2608,3037662008,702824,702940,116,completed,-31
RoundRobin,2609,3658959723,702924,703025,101,completed,-11
RoundRobin,2610,3037662008,703024,703140,116,completed,-31
RoundRobin,2611,3658959723,703124,703224,100,completed,-11
RoundRobin,2612,3037662008,703224,703341,117,completed,-31
RoundRobin,2614,3037662008,703524,703642,118,completed,-31
RoundRobin,2613,3658959723,703324,703625,301,completed,-11
RoundRobin,2615,3658959723,703624,703728,104,completed,-11
RoundRobin,2616,3037662008,703724,703844,120,completed,-31
RoundRobin,2617,3658959723,703824,703925,101,completed,-11
RoundRobin,2618,3037662008,703924,704041,117,completed,-31
RoundRobin,2619,3658959723,704024,704125,101,completed,-11
RoundRobin,2620,3037662008,704124,704241,117,completed,-35
RoundRobin,2622,3037662008,704324,704441,117,completed,-35
RoundRobin,2621,3658959723,704224,704327,103,completed,-10
RoundRobin,2623,3658959723,704526,704636,110,completed,-10
RoundRobin,2624,3037662008,704626,704742,116,completed,-35
RoundRobin,2625,3658959723,704726,704827,101,completed,-10
RoundRobin,2626,3037662008,704826,704942,116,completed,-35
RoundRobin,2627,3658959723,704926,705027,101,completed,-10
RoundRobin,2628,3037662008,705026,705143,117,completed,-35
RoundRobin,2629,3658959723,705126,705227,101,completed,-10
RoundRobin,2630,3037662008,705226,705344,118,completed,-35
RoundRobin,2631,3658959723,705326,705627,301,completed,-10
RoundRobin,2632,3037662008,705526,705644,118,completed,-35
RoundRobin,2633,3658959723,705626,705729,103,completed,-10
RoundRobin,2634,3037662008,705726,705843,117,completed,-35
RoundRobin,2635,3658959723,705826,705927,101,completed,-10
RoundRobin,2636,3037662008,705926,706043,117,completed,-35
RoundRobin,2637,3658959723,706026,706127,101,completed,-10
RoundRobin,2638,3037662008,706126,706243,117,completed,-31
RoundRobin,2639,3658959723,706226,706329,103,completed,-9
RoundRobin,2640,3037662008,706326,706444,118,completed,-31
RoundRobin,2641,3658959723,706529,706636,107,completed,-9
RoundRobin,2642,3037662008,706629,706747,118,completed,-31
RoundRobin,2643,3658959723,706729,706831,102,completed,-9
RoundRobin,2644,3037662008,706829,706946,117,completed,-31
RoundRobin,2645,3658959723,706929,707031,102,completed,-9
RoundRobin,2646,3037662008,707029,707145,116,completed,-31
RoundRobin,2647,3658959723,707129,707229,100,completed,-9
RoundRobin,2648,3037662008,707229,707347,118,completed,-31
RoundRobin,2650,3037662008,707529,707648,119,completed,-31
RoundRobin,2649,3658959723,707329,707633,304,completed,-9
RoundRobin,2651,3658959723,707629,707736,107,completed,-9
RoundRobin,2652,3037662008,707729,707846,117,completed,-31
RoundRobin,2653,3658959723,707829,707930,101,completed,-9
RoundRobin,2654,3037662008,707929,708046,117,completed,-31
RoundRobin,2655,3658959723,708029,708130,101,completed,-9
RoundRobin,2657,3658959723,708229,708332,103,completed,-10
RoundRobin,2656,3037662008,708129,708247,118,completed,-33
RoundRobin,2658,3037662008,708329,708642,313,completed,-33
RoundRobin,2659,3658959723,708532,708643,111,completed,-10
RoundRobin,2660,3037662008,710740,711053,313,completed,-30
RoundRobin,2662,3037662008,711040,711561,521,completed,-30
RoundRobin,2664,3037662008,711240,711838,598,completed,-30
RoundRobin,2666,3037662008,711440,711941,501,completed,-30
RoundRobin,2668,3037662008,711640,712054,414,completed,-30
RoundRobin,2670,3037662008,711945,712157,212,completed,-33
RoundRobin,2672,3037662008,712145,712264,119,completed,-33
RoundRobin,2661,3658959723,710940,711093,153,completed,-10
RoundRobin,2663,3658959723,711140,711344,204,completed,-10
RoundRobin,2665,3658959723,711340,711619,279,completed,-10
RoundRobin,2674,3037662008,712345,712463,118,completed,-33
RoundRobin,2667,3658959723,711540,712046,506,completed,-10
RoundRobin,2676,3037662008,712545,712662,117,completed,-33
RoundRobin,2669,3658959723,711742,712148,406,completed,-10
RoundRobin,2671,3658959723,712045,712249,204,completed,-10
RoundRobin,2673,3658959723,712245,712421,176,completed,-10
RoundRobin,2675,3658959723,712445,712548,103,completed,-10
RoundRobin,2677,3658959723,712645,712747,102,completed,-10
RoundRobin,2678,3037662008,712745,713060,315,completed,-33
RoundRobin,2679,3658959723,712957,713061,104,completed,-10
RoundRobin,2680,3037662008,713057,713176,119,completed,-33
RoundRobin,2681,3658959723,713157,713259,102,completed,-10
RoundRobin,2682,3037662008,713257,713375,118,completed,-33
RoundRobin,2683,3658959723,713357,713458,101,completed,-10
RoundRobin,2684,3037662008,713457,713574,117,completed,-33
RoundRobin,2685,3658959723,713557,713659,102,completed,-10
RoundRobin,2686,3037662008,713657,713774,117,completed,-33
RoundRobin,2687,3658959723,713946,714048,102,completed,-10
RoundRobin,2688,3037662008,714046,714163,117,completed,-32
RoundRobin,2689,3658959723,714146,714249,103,completed,-10
RoundRobin,2690,3037662008,714246,714363,117,completed,-32
RoundRobin,2691,3658959723,714346,714447,101,completed,-10
RoundRobin,2692,3037662008,714446,714564,118,completed,-32
RoundRobin,2693,3658959723,714546,714647,101,completed,-10
RoundRobin,2694,3037662008,714646,714763,117,completed,-32
RoundRobin,2695,3658959723,714753,715087,334,completed,-10
RoundRobin,2697,3658959723,715056,715195,139,completed,-10
RoundRobin,2696,3037662008,714956,715234,278,completed,-32
RoundRobin,2698,3037662008,715156,715342,186,completed,-32
RoundRobin,2699,3658959723,715256,715357,101,completed,-10
RoundRobin,2700,3037662008,715356,715474,118,completed,-32
RoundRobin,2701,3658959723,715456,715556,100,completed,-10
RoundRobin,2702,3037662008,715556,715672,116,completed,-32
RoundRobin,2703,3658959723,715656,715758,102,completed,-10
RoundRobin,2704,3037662008,715756,716072,316,completed,-32
RoundRobin,2705,3658959723,715957,716060,103,completed,-10
RoundRobin,2706,3037662008,716057,716181,124,completed,-30
RoundRobin,2707,3658959723,716157,716259,102,completed,-10
RoundRobin,2708,3037662008,716257,716373,116,completed,-30
RoundRobin,2709,3658959723,716357,716459,102,completed,-10
RoundRobin,2710,3037662008,716457,716575,118,completed,-30
RoundRobin,2711,3658959723,716557,716658,101,completed,-10
RoundRobin,2712,3037662008,716657,716774,117,completed,-30
RoundRobin,2713,3658959723,716759,717061,302,completed,-10
RoundRobin,2714,3037662008,716960,717079,119,completed,-30
RoundRobin,2715,3658959723,717060,717164,104,completed,-10
RoundRobin,2716,3037662008,717160,717277,117,completed,-30
RoundRobin,2717,3658959723,717260,717362,102,completed,-10
RoundRobin,2718,3037662008,717360,717478,118,completed,-30
RoundRobin,2719,3658959723,717460,717560,100,completed,-10
RoundRobin,2720,3037662008,717560,717676,116,completed,-30
RoundRobin,2721,3658959723,717660,717762,102,completed,-10
RoundRobin,2722,3037662008,717760,718071,311,completed,-30
RoundRobin,2723,3658959723,717961,718064,103,completed,-10
RoundRobin,2724,3037662008,718061,718178,117,completed,-31
RoundRobin,2725,3658959723,718161,718264,103,completed,-10
RoundRobin,2726,3037662008,718261,718377,116,completed,-31
RoundRobin,2727,3658959723,718361,718461,100,completed,-10
RoundRobin,2728,3037662008,718461,718579,118,completed,-31
RoundRobin,2729,3658959723,718561,718662,101,completed,-10
RoundRobin,2730,3037662008,718661,718778,117,completed,-31
RoundRobin,2732,3037662008,718964,719159,195,completed,-31
RoundRobin,2734,3037662008,719164,719281,117,completed,-31
RoundRobin,2736,3037662008,719364,719482,118,completed,-31
RoundRobin,2738,3037662008,719564,719681,117,completed,-31
RoundRobin,2740,3037662008,719764,720097,333,completed,-31
RoundRobin,2731,3658959723,718761,718862,101,completed,-10
RoundRobin,2733,3658959723,719064,719165,101,completed,-10
RoundRobin,2735,3658959723,719264,719365,101,completed,-10
RoundRobin,2742,3037662008,720060,720200,140,completed,-31
RoundRobin,2737,3658959723,719464,719565,101,completed,-10
RoundRobin,2739,3658959723,719664,719794,130,completed,-10
RoundRobin,2744,3037662008,720260,720379,119,completed,-31
RoundRobin,2741,3658959723,719960,720082,122,completed,-10
RoundRobin,2746,3037662008,720460,720579,119,completed,-31
RoundRobin,2743,3658959723,720160,720321,161,completed,-10
RoundRobin,2748,3037662008,720660,720777,117,completed,-31
RoundRobin,2745,3658959723,720360,720463,103,completed,-10
RoundRobin,2747,3658959723,720560,720662,102,completed,-10
RoundRobin,2750,3037662008,720970,721234,264,completed,-31
RoundRobin,2749,3658959723,720760,720865,105,completed,-10
RoundRobin,2751,3658959723,721070,721172,102,completed,-10
RoundRobin,2752,3037662008,721170,721344,174,completed,-31
RoundRobin,2753,3658959723,721270,721372,102,completed,-10
RoundRobin,2754,3037662008,721370,721488,118,completed,-31
RoundRobin,2755,3658959723,721470,721573,103,completed,-10
RoundRobin,2756,3037662008,721570,721687,117,completed,-31
RoundRobin,2757,3658959723,721670,721772,102,completed,-10
RoundRobin,2758,3037662008,721770,722081,311,completed,-31
RoundRobin,2759,3658959723,721971,722075,104,completed,-10
RoundRobin,2760,3037662008,722071,722190,119,completed,-30
RoundRobin,2761,3658959723,722171,722273,102,completed,-10
RoundRobin,2762,3037662008,722271,722387,116,completed,-30
RoundRobin,2763,3658959723,722371,722472,101,completed,-10
RoundRobin,2764,3037662008,722471,722589,118,completed,-30
RoundRobin,2765,3658959723,722571,722672,101,completed,-10
RoundRobin,2766,3037662008,722671,722789,118,completed,-30
RoundRobin,2767,3658959723,722771,723079,308,completed,-10
RoundRobin,2769,3658959723,723072,723182,110,completed,-10
RoundRobin,2768,3037662008,722972,723284,312,completed,-30
RoundRobin,2771,3658959723,723272,723373,101,completed,-10
RoundRobin,2770,3037662008,723172,723393,221,completed,-30
RoundRobin,2772,3037662008,723372,723512,140,completed,-30
RoundRobin,2773,3658959723,723472,723573,101,completed,-10
RoundRobin,2774,3037662008,723572,723691,119,completed,-30
RoundRobin,2775,3658959723,723672,723774,102,completed,-10
RoundRobin,2776,3037662008,723772,724083,311,completed,-30
RoundRobin,2777,3658959723,723973,724077,104,completed,-10
RoundRobin,2778,3037662008,724073,724191,118,completed,-30
RoundRobin,2779,3658959723,724173,724275,102,completed,-10
RoundRobin,2780,3037662008,724273,724389,116,completed,-30
RoundRobin,2781,3658959723,724373,724474,101,completed,-10
RoundRobin,2782,3037662008,724473,724591,118,completed,-30
RoundRobin,2783,3658959723,724573,724674,101,completed,-10
RoundRobin,2784,3037662008,724673,724790,117,completed,-30
RoundRobin,2785,3658959723,724773,724874,101,completed,-10
RoundRobin,2786,3037662008,724976,725101,125,completed,-30
RoundRobin,2787,3658959723,725076,725177,101,completed,-10
RoundRobin,2788,3037662008,725176,725293,117,completed,-30
RoundRobin,2789,3658959723,725276,725377,101,completed,-10
RoundRobin,2790,3037662008,725376,725494,118,completed,-30
RoundRobin,2791,3658959723,725476,725577,101,completed,-10
RoundRobin,2792,3037662008,725576,725693,117,completed,-30
RoundRobin,2793,3658959723,725676,725778,102,completed,-10
RoundRobin,2794,3037662008,725776,726089,313,completed,-30
RoundRobin,2795,3658959723,725979,726082,103,completed,-10
RoundRobin,SUMMARY,ALL,0,0,121703,batch_complete,0
----------------,---,---,---,---,---,----------------,---
RoundRobin,2796,3037662008,736884,737004,120,completed,-31
RoundRobin,2797,3658959723,736984,737085,101,completed,-10
RoundRobin,2798,3037662008,737084,737201,117,completed,-31
RoundRobin,2800,3037662008,737393,737558,165,completed,-31
RoundRobin,2802,3037662008,737593,737710,117,completed,-31
RoundRobin,2804,3037662008,737793,737910,117,completed,-31
RoundRobin,2806,3037662008,737993,738111,118,completed,-31
RoundRobin,2808,3037662008,738193,738310,117,completed,-31
RoundRobin,2799,3658959723,737184,737285,101,completed,-10
RoundRobin,2810,3037662008,738498,738683,185,completed,-31
RoundRobin,2801,3658959723,737493,738562,1069,completed,-10
RoundRobin,2803,3658959723,737693,738665,972,completed,-10
RoundRobin,2812,3037662008,738698,738815,117,completed,-31
RoundRobin,2805,3658959723,737893,738767,874,completed,-10
RoundRobin,2814,3037662008,738898,739016,118,completed,-31
RoundRobin,2807,3658959723,738093,738869,776,completed,-10
RoundRobin,2809,3658959723,738398,738971,573,completed,-10
RoundRobin,2811,3658959723,738598,739072,474,completed,-10
RoundRobin,2813,3658959723,738798,739175,377,completed,-10
RoundRobin,2816,3037662008,739098,739215,117,completed,-31
RoundRobin,2815,3658959723,738998,739278,280,completed,-10
RoundRobin,2817,3658959723,739198,739381,183,completed,-10
RoundRobin,2818,3037662008,739402,739526,124,completed,-31
RoundRobin,2819,3658959723,739502,739605,103,completed,-10
RoundRobin,2820,3037662008,739602,739719,117,completed,-31
RoundRobin,2821,3658959723,739702,739803,101,completed,-10
RoundRobin,2822,3037662008,739802,739919,117,completed,-31
RoundRobin,2823,3658959723,739902,740003,101,completed,-10
RoundRobin,2824,3037662008,740002,740119,117,completed,-31
RoundRobin,2825,3658959723,740102,740203,101,completed,-11
RoundRobin,2826,3037662008,740204,740514,310,completed,-29
RoundRobin,2827,3658959723,740404,740508,104,completed,-11
RoundRobin,2828,3037662008,740504,740623,119,completed,-29
RoundRobin,2829,3658959723,740604,740705,101,completed,-11
RoundRobin,2830,3037662008,740704,740821,117,completed,-29
RoundRobin,2831,3658959723,740804,740905,101,completed,-11
RoundRobin,2832,3037662008,740904,741022,118,completed,-29
RoundRobin,2833,3658959723,741004,741105,101,completed,-11
RoundRobin,2834,3037662008,741104,741221,117,completed,-29
RoundRobin,2835,3658959723,741204,741306,102,completed,-11
RoundRobin,2836,3037662008,741408,741530,122,completed,-29
RoundRobin,2837,3658959723,741508,741609,101,completed,-11
RoundRobin,2838,3037662008,741608,741725,117,completed,-29
RoundRobin,2839,3658959723,741708,741809,101,completed,-11
RoundRobin,2840,3037662008,741808,741925,117,completed,-29
RoundRobin,2841,3658959723,741908,742010,102,completed,-11
RoundRobin,2842,3037662008,742008,742126,118,completed,-29
RoundRobin,2843,3658959723,742108,742209,101,completed,-10
RoundRobin,2844,3037662008,742208,742518,310,completed,-33
RoundRobin,2845,3658959723,742408,742511,103,completed,-10
RoundRobin,2846,3037662008,742508,742627,119,completed,-33
RoundRobin,2847,3658959723,742608,742709,101,completed,-10
RoundRobin,2848,3037662008,742708,742825,117,completed,-33
RoundRobin,2849,3658959723,742808,742909,101,completed,-10
RoundRobin,2850,3037662008,742908,743027,119,completed,-33
RoundRobin,2851,3658959723,743008,743109,101,completed,-10
RoundRobin,2852,3037662008,743108,743225,117,completed,-33
RoundRobin,2854,3037662008,743411,743529,118,completed,-33
RoundRobin,2853,3658959723,743208,743513,305,completed,-10
RoundRobin,2855,3658959723,745616,745915,299,completed,-8
RoundRobin,2856,3037662008,745822,745988,166,completed,-32
RoundRobin,2857,3658959723,745922,746119,197,completed,-8
RoundRobin,2858,3037662008,746022,746140,118,completed,-32
RoundRobin,2859,3658959723,746122,746227,105,completed,-11
RoundRobin,2860,3037662008,746222,746342,120,completed,-29
RoundRobin,2861,3658959723,746322,746425,103,completed,-11
RoundRobin,2862,3037662008,746422,746539,117,completed,-29
RoundRobin,2863,3658959723,746522,746623,101,completed,-11
RoundRobin,2864,3037662008,746824,746942,118,completed,-29
RoundRobin,2865,3658959723,746924,747025,101,completed,-11
RoundRobin,2866,3037662008,747024,747141,117,completed,-29
RoundRobin,2867,3658959723,747124,747225,101,completed,-11
RoundRobin,2868,3037662008,747224,747342,118,completed,-29
RoundRobin,2869,3658959723,747324,747425,101,completed,-11
RoundRobin,2870,3037662008,747424,747541,117,completed,-29
RoundRobin,2871,3658959723,747524,747626,102,completed,-11
RoundRobin,2872,3037662008,747826,747943,117,completed,-29
RoundRobin,2873,3658959723,747926,748028,102,completed,-11
RoundRobin,2874,3037662008,748026,748143,117,completed,-29
RoundRobin,2875,3658959723,748126,748227,101,completed,-10
RoundRobin,2876,3037662008,748226,748345,119,completed,-30
RoundRobin,2877,3658959723,748326,748428,102,completed,-10
RoundRobin,2878,3037662008,748426,748543,117,completed,-30
RoundRobin,2879,3658959723,748526,748629,103,completed,-10
RoundRobin,2880,3037662008,748826,748944,118,completed,-30
RoundRobin,2881,3658959723,748926,749027,101,completed,-10
RoundRobin,2882,3037662008,749026,749144,118,completed,-30
RoundRobin,2883,3658959723,749126,749228,102,completed,-10
RoundRobin,2884,3037662008,749226,749343,117,completed,-30
RoundRobin,2885,3658959723,749326,749427,101,completed,-10
RoundRobin,2886,3037662008,749426,749544,118,completed,-30
RoundRobin,2887,3658959723,749526,749627,101,completed,-10
RoundRobin,2888,3037662008,749830,749947,117,completed,-30
RoundRobin,2889,3658959723,749930,750031,101,completed,-10
RoundRobin,2890,3037662008,750030,750147,117,completed,-30
RoundRobin,2891,3658959723,750130,750232,102,completed,-11
RoundRobin,2892,3037662008,750230,750348,118,completed,-35
RoundRobin,2893,3658959723,750330,750431,101,completed,-11
RoundRobin,2894,3037662008,750430,750548,118,completed,-35
RoundRobin,2895,3658959723,750530,750631,101,completed,-11
RoundRobin,2896,3037662008,750829,750947,118,completed,-35
RoundRobin,2897,3658959723,750929,751032,103,completed,-11
RoundRobin,2898,3037662008,751029,751146,117,completed,-35
RoundRobin,2899,3658959723,751129,751230,101,completed,-11
RoundRobin,2900,3037662008,751229,751347,118,completed,-35
RoundRobin,2901,3658959723,751329,751431,102,completed,-11
RoundRobin,2902,3037662008,751429,751546,117,completed,-35
RoundRobin,2903,3658959723,751529,751631,102,completed,-11
RoundRobin,2904,3037662008,751831,751984,153,completed,-35
RoundRobin,2905,3658959723,751931,752068,137,completed,-11
RoundRobin,2906,3037662008,752031,752148,117,completed,-35
RoundRobin,2907,3658959723,752131,752232,101,completed,-10
RoundRobin,2908,3037662008,752231,752348,117,completed,-35
RoundRobin,2909,3658959723,752331,752434,103,completed,-10
RoundRobin,2910,3037662008,752431,752548,117,completed,-35
RoundRobin,2911,3658959723,752531,752632,101,completed,-10
RoundRobin,2912,3037662008,752825,752946,121,completed,-35
RoundRobin,2913,3658959723,752925,753026,101,completed,-10
RoundRobin,2914,3037662008,753025,753142,117,completed,-35
RoundRobin,2915,3658959723,753125,753227,102,completed,-10
RoundRobin,2916,3037662008,753225,753342,117,completed,-35
RoundRobin,2917,3658959723,753325,753426,101,completed,-10
RoundRobin,2918,3037662008,753425,753542,117,completed,-35
RoundRobin,2919,3658959723,753525,753626,101,completed,-10
RoundRobin,2920,3037662008,753625,753959,334,completed,-35
RoundRobin,2922,3037662008,753933,754062,129,completed,-35
RoundRobin,2921,3658959723,753833,754116,283,completed,-10
RoundRobin,2923,3658959723,754033,754226,193,completed,-10
RoundRobin,2924,3037662008,754133,754250,117,completed,-34
RoundRobin,2925,3658959723,754233,754336,103,completed,-10
RoundRobin,2926,3037662008,754333,754451,118,completed,-34
RoundRobin,2927,3658959723,754433,754534,101,completed,-10
RoundRobin,2928,3037662008,754533,754650,117,completed,-34
RoundRobin,2929,3658959723,754835,754939,104,completed,-10
RoundRobin,2930,3037662008,754935,755053,118,completed,-34
RoundRobin,2931,3658959723,755035,755136,101,completed,-10
RoundRobin,2932,3037662008,755135,755252,117,completed,-34
RoundRobin,2933,3658959723,755235,755337,102,completed,-10
RoundRobin,2934,3037662008,755335,755454,119,completed,-34
RoundRobin,2935,3658959723,755435,755536,101,completed,-10
RoundRobin,2936,3037662008,755535,755652,117,completed,-34
RoundRobin,2937,3658959723,755835,755941,106,completed,-10
RoundRobin,2938,3037662008,755935,756053,118,completed,-34
RoundRobin,2939,3658959723,756035,756136,101,completed,-10
RoundRobin,2940,3037662008,756135,756252,117,completed,-33
RoundRobin,2941,3658959723,756235,756338,103,completed,-10
RoundRobin,2942,3037662008,756335,756452,117,completed,-33
RoundRobin,2943,3658959723,756435,756537,102,completed,-10
RoundRobin,2944,3037662008,756535,756652,117,completed,-33
RoundRobin,2945,3658959723,756835,756969,134,completed,-10
RoundRobin,2946,3037662008,756935,757052,117,completed,-33
RoundRobin,2947,3658959723,757035,757136,101,completed,-10
RoundRobin,2948,3037662008,757135,757253,118,completed,-33
RoundRobin,2949,3658959723,757235,757336,101,completed,-10
RoundRobin,2950,3037662008,757335,757452,117,completed,-33
RoundRobin,2951,3658959723,757435,757537,102,completed,-10
RoundRobin,2952,3037662008,757535,757652,117,completed,-33
RoundRobin,2953,3658959723,757833,757934,101,completed,-10
RoundRobin,2954,3037662008,757933,758107,174,completed,-33
RoundRobin,2955,3658959723,758033,758134,101,completed,-10
RoundRobin,2956,3037662008,758133,758251,118,completed,-33
RoundRobin,2957,3658959723,758233,758336,103,completed,-10
RoundRobin,2958,3037662008,758333,758452,119,completed,-33
RoundRobin,2959,3658959723,758433,758535,102,completed,-10
RoundRobin,2960,3037662008,758533,758650,117,completed,-33
RoundRobin,2961,3658959723,758633,758936,303,completed,-10
RoundRobin,2962,3037662008,758840,758959,119,completed,-33
RoundRobin,2963,3658959723,758940,759043,103,completed,-10
RoundRobin,2964,3037662008,759040,759157,117,completed,-33
RoundRobin,2965,3658959723,759140,759241,101,completed,-10
RoundRobin,2966,3037662008,759240,759358,118,completed,-33
RoundRobin,2967,3658959723,759340,759441,101,completed,-10
RoundRobin,2968,3037662008,759440,759559,119,completed,-33
RoundRobin,2969,3658959723,759540,759642,102,completed,-10
RoundRobin,2970,3037662008,759840,759959,119,completed,-33
RoundRobin,2971,3658959723,759940,760041,101,completed,-10
RoundRobin,2972,3037662008,760040,760157,117,completed,-33
RoundRobin,2973,3658959723,760140,760241,101,completed,-10
RoundRobin,2974,3037662008,760240,760359,119,completed,-33
RoundRobin,2975,3658959723,760340,760442,102,completed,-10
RoundRobin,2976,3037662008,760440,760557,117,completed,-33
RoundRobin,2977,3658959723,760540,760642,102,completed,-10
RoundRobin,2978,3037662008,760836,760956,120,completed,-33
RoundRobin,2979,3658959723,763041,763339,298,completed,-10
RoundRobin,2981,3658959723,763342,763447,105,completed,-10
RoundRobin,2980,3037662008,763242,763556,314,completed,-33
RoundRobin,2983,3658959723,763542,763643,101,completed,-10
RoundRobin,2982,3037662008,763442,763665,223,completed,-33
RoundRobin,2984,3037662008,763642,763767,125,completed,-33
RoundRobin,2985,3658959723,763742,763845,103,completed,-10
RoundRobin,2986,3037662008,763842,763959,117,completed,-33
RoundRobin,2988,3037662008,764042,764159,117,completed,-33
RoundRobin,2987,3658959723,763942,764043,101,completed,-10
RoundRobin,2989,3658959723,764248,764356,108,completed,-10
RoundRobin,2990,3037662008,764348,764467,119,completed,-31
RoundRobin,2991,3658959723,764448,764550,102,completed,-10
RoundRobin,2992,3037662008,764548,764667,119,completed,-31
RoundRobin,2993,3658959723,764648,764749,101,completed,-10
RoundRobin,2994,3037662008,764751,764870,119,completed,-31
RoundRobin,2995,3658959723,764851,764953,102,completed,-10
RoundRobin,2996,3037662008,764951,765068,117,completed,-31
RoundRobin,2997,3658959723,765245,765465,220,completed,-10
RoundRobin,2999,3658959723,765445,765574,129,completed,-10
RoundRobin,2998,3037662008,765345,765606,261,completed,-31
RoundRobin,3000,3037662008,765545,765715,170,completed,-31
RoundRobin,3001,3658959723,765645,765746,101,completed,-10
RoundRobin,3002,3037662008,765745,765862,117,completed,-31
RoundRobin,3003,3658959723,765845,765947,102,completed,-10
RoundRobin,3004,3037662008,765945,766062,117,completed,-31
RoundRobin,3005,3658959723,766045,766348,303,completed,-10
RoundRobin,3006,3037662008,766248,766367,119,completed,-31
RoundRobin,3007,3658959723,766348,766457,109,completed,-10
RoundRobin,3008,3037662008,766448,766567,119,completed,-31
RoundRobin,3009,3658959723,766548,766649,101,completed,-10
RoundRobin,3010,3037662008,766648,766766,118,completed,-31
RoundRobin,3011,3658959723,766753,766856,103,completed,-10
RoundRobin,3012,3037662008,766853,766970,117,completed,-31
RoundRobin,3013,3658959723,766953,767055,102,completed,-10
RoundRobin,3014,3037662008,767247,767369,122,completed,-31
RoundRobin,3015,3658959723,767347,767516,169,completed,-10
RoundRobin,3016,3037662008,767447,767564,117,completed,-31
RoundRobin,3017,3658959723,767547,767648,101,completed,-10
RoundRobin,3019,3658959723,767747,767849,102,completed,-10
RoundRobin,3020,3658959723,767847,767958,111,completed,-10
RoundRobin,3021,3658959723,767947,768061,114,completed,-10
RoundRobin,3022,3658959723,768047,768347,300,completed,-10
RoundRobin,3023,3658959723,768252,768456,204,completed,-10
RoundRobin,3024,3658959723,768352,768559,207,completed,-10
RoundRobin,3025,3658959723,768452,768662,210,completed,-10
RoundRobin,3026,3658959723,768552,768765,213,completed,-10
RoundRobin,3027,3658959723,768652,768868,216,completed,-10
RoundRobin,3028,3658959723,768756,768971,215,completed,-10
RoundRobin,3029,3658959723,768856,769074,218,completed,-10
RoundRobin,3030,3658959723,768956,769177,221,completed,-10
RoundRobin,3031,3658959723,769247,769353,106,completed,-10
RoundRobin,3032,3658959723,769347,769456,109,completed,-10
RoundRobin,3033,3658959723,769447,769559,112,completed,-10
RoundRobin,3034,3658959723,769547,769662,115,completed,-10
RoundRobin,3035,3658959723,769647,769765,118,completed,-10
RoundRobin,3036,3658959723,769747,769868,121,completed,-10
RoundRobin,3037,3658959723,769847,769971,124,completed,-10
RoundRobin,3038,3658959723,769947,770073,126,completed,-10
RoundRobin,3039,3658959723,770047,770175,128,completed,-12
RoundRobin,3040,3658959723,770250,770356,106,completed,-12
RoundRobin,3041,3658959723,770350,770459,109,completed,-12
RoundRobin,3042,3658959723,770450,770562,112,completed,-12
RoundRobin,3043,3658959723,770550,770665,115,completed,-12
RoundRobin,3044,3658959723,770650,770768,118,completed,-12
RoundRobin,3045,3658959723,770760,770871,111,completed,-12
RoundRobin,3046,3658959723,770860,770974,114,completed,-12
RoundRobin,3047,3658959723,770960,771077,117,completed,-12
RoundRobin,3048,3658959723,771251,771389,138,completed,-12
RoundRobin,3049,3658959723,771351,771492,141,completed,-12
RoundRobin,3050,3658959723,771451,771595,144,completed,-12
RoundRobin,3051,3658959723,771551,771698,147,completed,-12
RoundRobin,3052,3658959723,771651,771801,150,completed,-12
RoundRobin,3053,3658959723,771751,771904,153,completed,-12
RoundRobin,3054,3658959723,771851,772007,156,completed,-12
RoundRobin,3055,3658959723,771951,772110,159,completed,-12
RoundRobin,3056,3658959723,772051,772352,301,completed,-12
RoundRobin,3057,3658959723,772256,772457,201,completed,-12
RoundRobin,3058,3658959723,772356,772560,204,completed,-12
RoundRobin,3059,3658959723,772456,772663,207,completed,-12
RoundRobin,3060,3658959723,772556,772765,209,completed,-12
RoundRobin,3018,3658959723,772648,772867,219,completed,-12
RoundRobin,3061,3658959723,772656,772970,314,completed,-12
RoundRobin,3062,3658959723,772759,773073,314,completed,-12
RoundRobin,3063,3658959723,772859,773176,317,completed,-12
RoundRobin,3064,3658959723,772959,773278,319,completed,-12
RoundRobin,3065,3658959723,773253,773381,128,completed,-12
RoundRobin,3066,3658959723,773353,773484,131,completed,-12
RoundRobin,3067,3658959723,773453,773587,134,completed,-12
RoundRobin,3068,3658959723,773553,773690,137,completed,-12
RoundRobin,3069,3658959723,773653,773793,140,completed,-12
RoundRobin,3070,3658959723,773753,773896,143,completed,-12
RoundRobin,3071,3658959723,773853,773999,146,completed,-12
RoundRobin,3072,3658959723,773953,774102,149,completed,-12
RoundRobin,3073,3658959723,774053,774205,152,completed,-12
RoundRobin,3074,3658959723,774258,774364,106,completed,-12
RoundRobin,3075,3658959723,774358,774467,109,completed,-12
RoundRobin,3076,3658959723,774458,774569,111,completed,-12
RoundRobin,3077,3658959723,774558,774672,114,completed,-12
RoundRobin,3078,3658959723,774658,774774,116,completed,-12
RoundRobin,3079,3658959723,774758,774876,118,completed,-12
RoundRobin,3080,3658959723,774858,774978,120,completed,-12
RoundRobin,3081,3658959723,774958,775081,123,completed,-12
RoundRobin,3082,3658959723,775255,775358,103,completed,-12
RoundRobin,3083,3658959723,775355,775466,111,completed,-12
RoundRobin,3084,3658959723,775455,775658,203,completed,-12
RoundRobin,3085,3658959723,775555,775761,206,completed,-12
RoundRobin,3086,3658959723,775655,775864,209,completed,-12
RoundRobin,3087,3658959723,775755,775967,212,completed,-12
RoundRobin,3088,3658959723,775855,776070,215,completed,-12
RoundRobin,3089,3658959723,775955,776173,218,completed,-12
RoundRobin,3090,3658959723,776055,776274,219,completed,-12
RoundRobin,3091,3658959723,776258,776375,117,completed,-12
RoundRobin,3092,3658959723,776358,776477,119,completed,-12
RoundRobin,3093,3658959723,776458,776579,121,completed,-12
RoundRobin,3094,3658959723,776558,776682,124,completed,-12
RoundRobin,3095,3658959723,776658,776785,127,completed,-12
RoundRobin,3096,3658959723,776758,776888,130,completed,-12
RoundRobin,3097,3658959723,776858,776991,133,completed,-12
RoundRobin,3098,3658959723,776958,777094,136,completed,-12
RoundRobin,3099,3658959723,777058,777354,296,completed,-12
RoundRobin,3100,3658959723,777259,777457,198,completed,-12
RoundRobin,3101,3658959723,777359,777561,202,completed,-12
RoundRobin,3102,3658959723,777459,777663,204,completed,-12
RoundRobin,3103,3658959723,777559,777766,207,completed,-12
RoundRobin,3104,3658959723,777659,777869,210,completed,-12
RoundRobin,3105,3658959723,777759,777972,213,completed,-12
RoundRobin,3106,3658959723,777859,778075,216,completed,-12
RoundRobin,3107,3658959723,777959,778178,219,completed,-11
RoundRobin,3108,3658959723,778059,778357,298,completed,-11
RoundRobin,3109,3658959723,778262,778459,197,completed,-11
RoundRobin,3110,3658959723,780470,780775,305,completed,-10
RoundRobin,3111,3658959723,780675,781192,517,completed,-10
RoundRobin,3112,3658959723,780775,781465,690,completed,-10
RoundRobin,3113,3658959723,780875,781568,693,completed,-10
RoundRobin,3114,3658959723,780975,781674,699,completed,-10
RoundRobin,3115,3658959723,781075,781776,701,completed,-10
RoundRobin,3116,3658959723,781175,781879,704,completed,-10
RoundRobin,3117,3658959723,781275,781982,707,completed,-10
RoundRobin,3118,3658959723,781375,782085,710,completed,-10
RoundRobin,3119,3658959723,781478,782188,710,completed,-13
RoundRobin,3120,3658959723,781679,782290,611,completed,-13
RoundRobin,3121,3658959723,781779,782392,613,completed,-13
RoundRobin,3122,3658959723,781879,782494,615,completed,-13
RoundRobin,3123,3658959723,781979,782597,618,completed,-13
RoundRobin,3124,3658959723,782079,782698,619,completed,-13
RoundRobin,3125,3658959723,782179,782801,622,completed,-13
RoundRobin,3126,3658959723,782279,782904,625,completed,-13
RoundRobin,3127,3658959723,782379,783007,628,completed,-13
RoundRobin,3128,3658959723,782479,783110,631,completed,-13
RoundRobin,3129,3658959723,782681,783213,532,completed,-13
RoundRobin,3130,3658959723,782781,783316,535,completed,-13
RoundRobin,3131,3658959723,782881,783419,538,completed,-13
RoundRobin,3132,3658959723,782981,783522,541,completed,-13
RoundRobin,3133,3658959723,783081,783625,544,completed,-13
RoundRobin,3134,3658959723,783181,783726,545,completed,-13
RoundRobin,3135,3658959723,783281,783829,548,completed,-13
RoundRobin,3136,3658959723,783381,783932,551,completed,-13
RoundRobin,3137,3658959723,783481,784035,554,completed,-13
RoundRobin,3138,3658959723,783683,784138,455,completed,-13
RoundRobin,3139,3658959723,783783,784241,458,completed,-12
RoundRobin,3140,3658959723,783883,784343,460,completed,-12
RoundRobin,3141,3658959723,783983,784446,463,completed,-12
RoundRobin,3142,3658959723,784083,784549,466,completed,-12
RoundRobin,3143,3658959723,784183,784652,469,completed,-12
RoundRobin,3144,3658959723,784283,784754,471,completed,-12
RoundRobin,3145,3658959723,784383,784857,474,completed,-12
RoundRobin,3146,3658959723,784483,784960,477,completed,-12
RoundRobin,3147,3658959723,784685,785063,378,completed,-12
RoundRobin,3148,3658959723,784785,785166,381,completed,-12
RoundRobin,3149,3658959723,784885,785269,384,completed,-12
RoundRobin,3150,3658959723,784985,785372,387,completed,-12
RoundRobin,3151,3658959723,785085,785475,390,completed,-12
RoundRobin,3152,3658959723,785185,785578,393,completed,-12
RoundRobin,3153,3658959723,785285,785681,396,completed,-12
RoundRobin,3154,3658959723,785385,785784,399,completed,-12
RoundRobin,3155,3658959723,785485,785890,405,completed,-12
RoundRobin,3156,3658959723,785686,785993,307,completed,-12
RoundRobin,3157,3658959723,785786,786096,310,completed,-12
RoundRobin,3158,3658959723,785886,786199,313,completed,-11
RoundRobin,3159,3658959723,785986,786300,314,completed,-11
RoundRobin,3160,3658959723,786086,786403,317,completed,-11
RoundRobin,3161,3658959723,786186,786506,320,completed,-11
RoundRobin,3162,3658959723,786286,786609,323,completed,-11
RoundRobin,3163,3658959723,786386,786711,325,completed,-11
RoundRobin,3164,3658959723,786486,786814,328,completed,-11
RoundRobin,3165,3658959723,786687,786917,230,completed,-11
RoundRobin,3166,3658959723,786787,787019,232,completed,-11
RoundRobin,3167,3658959723,786887,787122,235,completed,-11
RoundRobin,3168,3658959723,786987,787225,238,completed,-11
RoundRobin,3169,3658959723,787087,787328,241,completed,-11
RoundRobin,3170,3658959723,787187,787431,244,completed,-11
RoundRobin,3171,3658959723,787287,787534,247,completed,-11
RoundRobin,3172,3658959723,787387,787637,250,completed,-11
RoundRobin,3173,3658959723,787487,787738,251,completed,-11
RoundRobin,3174,3658959723,787688,787841,153,completed,-11
RoundRobin,3175,3658959723,787788,787944,156,completed,-11
RoundRobin,3176,3658959723,787888,788047,159,completed,-11
RoundRobin,3177,3658959723,787988,788150,162,completed,-11
RoundRobin,3178,3658959723,788088,788253,165,completed,-11
RoundRobin,3179,3658959723,788188,788356,168,completed,-11
RoundRobin,3180,3658959723,788288,788459,171,completed,-11
RoundRobin,3181,3658959723,788388,788562,174,completed,-11
RoundRobin,3182,3658959723,788488,788785,297,completed,-11
RoundRobin,3183,3658959723,788690,788893,203,completed,-11
RoundRobin,3184,3658959723,788790,788995,205,completed,-11
RoundRobin,3185,3658959723,788890,789098,208,completed,-11
RoundRobin,3186,3658959723,788990,789201,211,completed,-11
RoundRobin,3187,3658959723,789090,789304,214,completed,-11
RoundRobin,3188,3658959723,789190,789407,217,completed,-11
RoundRobin,3189,3658959723,789290,789510,220,completed,-11
RoundRobin,3190,3658959723,789390,789613,223,completed,-11
RoundRobin,3191,3658959723,789490,789715,225,completed,-11
RoundRobin,3192,3658959723,789693,789818,125,completed,-11
RoundRobin,3193,3658959723,789793,789921,128,completed,-11
RoundRobin,3194,3658959723,789893,790024,131,completed,-11
RoundRobin,3195,3658959723,789993,790127,134,completed,-11
RoundRobin,3196,3658959723,790093,790230,137,completed,-12
RoundRobin,3197,3658959723,790193,790333,140,completed,-12
RoundRobin,3198,3658959723,790293,790436,143,completed,-12
RoundRobin,3199,3658959723,790393,790538,145,completed,-12
RoundRobin,3200,3658959723,790493,790788,295,completed,-12
RoundRobin,3201,3658959723,790693,790897,204,completed,-12
RoundRobin,3202,3658959723,790793,791000,207,completed,-12
RoundRobin,3203,3658959723,790893,791102,209,completed,-12
RoundRobin,3204,3658959723,790993,791205,212,completed,-12
RoundRobin,3205,3658959723,791093,791308,215,completed,-12
RoundRobin,3206,3658959723,791193,791411,218,completed,-12
RoundRobin,3207,3658959723,791293,791514,221,completed,-12
RoundRobin,3208,3658959723,791393,791616,223,completed,-12
RoundRobin,3209,3658959723,791493,791717,224,completed,-12
RoundRobin,3210,3658959723,791696,791819,123,completed,-12
RoundRobin,3211,3658959723,791796,791922,126,completed,-12
RoundRobin,3212,3658959723,791896,792025,129,completed,-12
RoundRobin,3213,3658959723,791996,792128,132,completed,-12
RoundRobin,3214,3658959723,792096,792231,135,completed,-11
RoundRobin,3215,3658959723,792196,792334,138,completed,-11
RoundRobin,3216,3658959723,792296,792437,141,completed,-11
RoundRobin,3217,3658959723,792396,792540,144,completed,-11
RoundRobin,3218,3658959723,792496,792791,295,completed,-11
RoundRobin,3219,3658959723,792696,792894,198,completed,-11
RoundRobin,3220,3658959723,792796,792996,200,completed,-11
RoundRobin,3221,3658959723,792896,793102,206,completed,-11
RoundRobin,3222,3658959723,792996,793205,209,completed,-11
RoundRobin,3223,3658959723,793096,793308,212,completed,-11
RoundRobin,3224,3658959723,793196,793410,214,completed,-11
RoundRobin,3225,3658959723,793296,793513,217,completed,-11
RoundRobin,3226,3658959723,793396,793616,220,completed,-11
RoundRobin,3227,3658959723,793496,793718,222,completed,-11
RoundRobin,3228,3658959723,793696,793821,125,completed,-11
RoundRobin,3229,3658959723,793796,793924,128,completed,-11
RoundRobin,3230,3658959723,793896,794027,131,completed,-11
RoundRobin,3231,3658959723,793996,794129,133,completed,-11
RoundRobin,3232,3658959723,794096,794231,135,completed,-11
RoundRobin,3233,3658959723,794196,794333,137,completed,-11
RoundRobin,3234,3658959723,794296,794436,140,completed,-11
RoundRobin,3235,3658959723,794396,794538,142,completed,-11
RoundRobin,3236,3658959723,794496,794794,298,completed,-11
RoundRobin,3237,3658959723,794699,794903,204,completed,-11
RoundRobin,3238,3658959723,794799,795005,206,completed,-11
RoundRobin,3239,3658959723,794899,795108,209,completed,-11
RoundRobin,3240,3658959723,794999,795211,212,completed,-11
RoundRobin,3241,3658959723,795099,795314,215,completed,-11
RoundRobin,3242,3658959723,795199,795416,217,completed,-11
RoundRobin,3243,3658959723,795299,795519,220,completed,-11
RoundRobin,3244,3658959723,795399,795621,222,completed,-11
RoundRobin,3245,3658959723,795499,795797,298,completed,-11
RoundRobin,3246,3658959723,795697,795899,202,completed,-11
RoundRobin,3247,3658959723,797908,798210,302,completed,-10
RoundRobin,3248,3658959723,798109,798456,347,completed,-10
RoundRobin,3250,3658959723,798309,798558,249,completed,-10
RoundRobin,3252,3658959723,798509,798661,152,completed,-10
RoundRobin,3249,3037662008,798209,798731,522,completed,-29
RoundRobin,3254,3658959723,798709,798810,101,completed,-10
RoundRobin,3251,3037662008,798409,798834,425,completed,-29
RoundRobin,3253,3037662008,798609,798937,328,completed,-29
RoundRobin,3256,3658959723,798909,799011,102,completed,-10
RoundRobin,3255,3037662008,798809,799040,231,completed,-29
RoundRobin,3257,3037662008,799114,799234,120,completed,-29
RoundRobin,3258,3658959723,799214,799315,101,completed,-10
RoundRobin,3259,3037662008,799314,799432,118,completed,-29
RoundRobin,3260,3658959723,799414,799516,102,completed,-10
RoundRobin,3261,3037662008,799514,799631,117,completed,-29
RoundRobin,3262,3658959723,799614,799716,102,completed,-10
RoundRobin,3263,3037662008,799714,799831,117,completed,-29
RoundRobin,3264,3658959723,799814,799917,103,completed,-10
RoundRobin,3265,3037662008,800112,800302,190,completed,-33
RoundRobin,3266,3658959723,800212,800313,101,completed,-10
RoundRobin,3267,3037662008,800312,800430,118,completed,-33
RoundRobin,3268,3658959723,800412,800513,101,completed,-10
RoundRobin,3269,3037662008,800512,800630,118,completed,-33
RoundRobin,3270,3658959723,800612,800714,102,completed,-10
RoundRobin,3271,3037662008,800712,800829,117,completed,-33
RoundRobin,3272,3658959723,800812,800915,103,completed,-10
RoundRobin,3273,3037662008,800912,801223,311,completed,-33
RoundRobin,3274,3658959723,801112,801215,103,completed,-10
RoundRobin,3275,3037662008,801212,801330,118,completed,-33
RoundRobin,3276,3658959723,801312,801414,102,completed,-10
RoundRobin,3277,3037662008,801412,801530,118,completed,-33
RoundRobin,3278,3658959723,801512,801613,101,completed,-10
RoundRobin,3279,3037662008,801612,801730,118,completed,-33
RoundRobin,3280,3658959723,801712,801813,101,completed,-10
RoundRobin,3281,3037662008,801812,801931,119,completed,-33
RoundRobin,3282,3658959723,801912,802015,103,completed,-10
RoundRobin,3283,3037662008,802119,802306,187,completed,-32
RoundRobin,3284,3658959723,802219,802320,101,completed,-11
RoundRobin,3285,3037662008,802319,802438,119,completed,-32
RoundRobin,3286,3658959723,802419,802520,101,completed,-11
RoundRobin,3287,3037662008,802519,802637,118,completed,-32
RoundRobin,3288,3658959723,802619,802721,102,completed,-11
RoundRobin,3289,3037662008,802719,802836,117,completed,-32
RoundRobin,3290,3658959723,802819,802921,102,completed,-11
RoundRobin,3291,3037662008,803113,803233,120,completed,-32
RoundRobin,3292,3658959723,803213,803314,101,completed,-11
RoundRobin,3293,3037662008,803313,803431,118,completed,-32
RoundRobin,3294,3658959723,803413,803514,101,completed,-11
RoundRobin,3295,3037662008,803513,803631,118,completed,-32
RoundRobin,3296,3658959723,803613,803715,102,completed,-11
RoundRobin,3297,3037662008,803713,803831,118,completed,-32
RoundRobin,3299,3037662008,803913,804031,118,completed,-32
RoundRobin,3298,3658959723,803813,803915,102,completed,-11
RoundRobin,3300,3658959723,804120,804226,106,completed,-10
RoundRobin,3301,3037662008,804220,804338,118,completed,-33
RoundRobin,3302,3658959723,804320,804424,104,completed,-10
RoundRobin,3303,3037662008,804420,804539,119,completed,-33
RoundRobin,3304,3658959723,804520,804622,102,completed,-10
RoundRobin,3305,3037662008,804620,804738,118,completed,-33
RoundRobin,3306,3658959723,804720,804821,101,completed,-10
RoundRobin,3307,3037662008,804820,804938,118,completed,-33
RoundRobin,3308,3658959723,805117,805222,105,completed,-10
RoundRobin,3309,3037662008,805217,805334,117,completed,-33
RoundRobin,3310,3658959723,805317,805419,102,completed,-10
RoundRobin,3311,3037662008,805417,805534,117,completed,-33
RoundRobin,3312,3658959723,805517,805618,101,completed,-10
RoundRobin,3313,3037662008,805617,805736,119,completed,-33
RoundRobin,3314,3658959723,805717,805819,102,completed,-10
RoundRobin,3315,3037662008,805817,805935,118,completed,-33
RoundRobin,3317,3037662008,806119,806239,120,completed,-34
RoundRobin,3316,3658959723,805918,806222,304,completed,-11
RoundRobin,3318,3658959723,806219,806325,106,completed,-11
RoundRobin,3319,3037662008,806319,806436,117,completed,-34
RoundRobin,3320,3658959723,806419,806522,103,completed,-11
RoundRobin,3321,3037662008,806519,806638,119,completed,-34
RoundRobin,3322,3658959723,806619,806720,101,completed,-11
RoundRobin,3323,3037662008,806719,806836,117,completed,-34
RoundRobin,3324,3658959723,806819,806921,102,completed,-11
RoundRobin,3325,3037662008,806919,807231,312,completed,-34
RoundRobin,3326,3658959723,807120,807225,105,completed,-11
RoundRobin,3327,3037662008,807220,807338,118,completed,-34
RoundRobin,3328,3658959723,807320,807422,102,completed,-11
RoundRobin,3329,3037662008,807420,807537,117,completed,-34
RoundRobin,3330,3658959723,807520,807621,101,completed,-11
RoundRobin,3331,3037662008,807620,807738,118,completed,-34
RoundRobin,3332,3658959723,807720,807821,101,completed,-11
RoundRobin,3333,3037662008,807820,807939,119,completed,-34
RoundRobin,3334,3658959723,807920,808227,307,completed,-10
RoundRobin,3335,3037662008,808122,808309,187,completed,-33
RoundRobin,3336,3658959723,808222,808329,107,completed,-10
RoundRobin,3337,3037662008,808322,808440,118,completed,-33
RoundRobin,3338,3658959723,808422,808523,101,completed,-10
RoundRobin,3339,3037662008,808522,808641,119,completed,-33
RoundRobin,3340,3658959723,808622,808724,102,completed,-10
RoundRobin,3341,3037662008,808722,808840,118,completed,-33
RoundRobin,3342,3658959723,808822,808924,102,completed,-10
RoundRobin,3343,3037662008,808922,809233,311,completed,-33
RoundRobin,3344,3658959723,809122,809227,105,completed,-10
RoundRobin,3345,3037662008,809222,809342,120,completed,-33
RoundRobin,3346,3658959723,809322,809424,102,completed,-10
RoundRobin,3347,3037662008,809422,809539,117,completed,-33
RoundRobin,3348,3658959723,809522,809623,101,completed,-10
RoundRobin,3349,3037662008,809622,809741,119,completed,-33
RoundRobin,3350,3658959723,809722,809823,101,completed,-10
RoundRobin,3351,3037662008,809822,809940,118,completed,-33
RoundRobin,3353,3037662008,810124,810242,118,completed,-33
RoundRobin,3352,3658959723,809922,810226,304,completed,-10
RoundRobin,3354,3658959723,810224,810329,105,completed,-10
RoundRobin,3355,3037662008,810324,810442,118,completed,-33
RoundRobin,3356,3658959723,810424,810526,102,completed,-10
RoundRobin,3357,3037662008,810524,810642,118,completed,-33
RoundRobin,3358,3658959723,810624,810726,102,completed,-10
RoundRobin,3359,3037662008,810724,810842,118,completed,-33
RoundRobin,3360,3658959723,810824,810926,102,completed,-10
RoundRobin,3361,3037662008,810924,811235,311,completed,-33
RoundRobin,3362,3658959723,811124,811229,105,completed,-10
RoundRobin,3363,3037662008,811224,811342,118,completed,-33
RoundRobin,3364,3658959723,811324,811426,102,completed,-10
RoundRobin,3365,3037662008,811424,811541,117,completed,-33
RoundRobin,3366,3658959723,811524,811625,101,completed,-10
RoundRobin,3367,3037662008,811624,811742,118,completed,-33
RoundRobin,3368,3658959723,811724,811825,101,completed,-10
RoundRobin,3369,3037662008,811824,811942,118,completed,-33
RoundRobin,3371,3037662008,812124,812245,121,completed,-32
RoundRobin,3370,3658959723,811924,812263,339,completed,-10
RoundRobin,3372,3658959723,812224,812366,142,completed,-10
RoundRobin,3373,3037662008,812324,812441,117,completed,-32
RoundRobin,3374,3658959723,812424,812525,101,completed,-10
RoundRobin,3375,3037662008,812524,812642,118,completed,-32
RoundRobin,3376,3658959723,812624,812726,102,completed,-10
RoundRobin,3377,3037662008,812724,812842,118,completed,-32
RoundRobin,3378,3658959723,812824,812926,102,completed,-10
RoundRobin,3380,3658959723,813127,813232,105,completed,-10
RoundRobin,3382,3658959723,815528,815838,310,completed,-10
RoundRobin,3384,3658959723,815728,816115,387,completed,-10
RoundRobin,3386,3658959723,815928,816218,290,completed,-11
RoundRobin,3388,3658959723,816128,816320,192,completed,-11
RoundRobin,3390,3658959723,816328,816431,103,completed,-11
RoundRobin,3392,3658959723,816635,816736,101,completed,-11
RoundRobin,3394,3658959723,816835,816937,102,completed,-11
RoundRobin,3396,3658959723,817035,817138,103,completed,-11
RoundRobin,3398,3658959723,817235,817337,102,completed,-11
RoundRobin,3399,3658959723,817336,817650,314,completed,-11
RoundRobin,3400,3658959723,817539,817759,220,completed,-11
RoundRobin,3401,3658959723,817639,817867,228,completed,-11
RoundRobin,3402,3658959723,817739,817969,230,completed,-11
RoundRobin,3403,3658959723,817839,818072,233,completed,-11
RoundRobin,3379,3658959723,817925,818174,249,completed,-11
RoundRobin,3404,3658959723,817939,818277,338,completed,-11
RoundRobin,3405,3658959723,818039,818379,340,completed,-11
RoundRobin,3406,3658959723,818139,818481,342,completed,-11
RoundRobin,3407,3658959723,818239,818582,343,completed,-11
RoundRobin,3408,3658959723,818339,818685,346,completed,-11
RoundRobin,3409,3658959723,818535,818788,253,completed,-11
RoundRobin,3410,3658959723,818635,818891,256,completed,-11
RoundRobin,3411,3658959723,818735,818994,259,completed,-11
RoundRobin,3381,3037662008,815330,815646,316,completed,-32
RoundRobin,3412,3658959723,818835,819097,262,completed,-11
RoundRobin,3383,3037662008,815628,816129,501,completed,-32
RoundRobin,3413,3658959723,818935,819200,265,completed,-11
RoundRobin,3385,3037662008,815828,816231,403,completed,-31
RoundRobin,3415,3658959723,819135,819303,168,completed,-11
RoundRobin,3387,3037662008,816028,816379,351,completed,-31
RoundRobin,3417,3658959723,819335,819439,104,completed,-11
RoundRobin,3389,3037662008,816228,816666,438,completed,-31
RoundRobin,3391,3037662008,816535,816902,367,completed,-31
RoundRobin,3419,3658959723,819646,819748,102,completed,-11
RoundRobin,3393,3037662008,816735,817155,420,completed,-31
RoundRobin,3395,3037662008,816935,817257,322,completed,-31
RoundRobin,3397,3037662008,817135,817403,268,completed,-31
RoundRobin,3421,3658959723,819846,819948,102,completed,-11
RoundRobin,3414,3037662008,819035,819154,119,completed,-30
RoundRobin,3423,3658959723,820046,820148,102,completed,-11
RoundRobin,3416,3037662008,819235,819355,120,completed,-30
RoundRobin,3425,3658959723,820246,820349,103,completed,-10
RoundRobin,3418,3037662008,819546,819667,121,completed,-30
RoundRobin,3427,3658959723,820636,820738,102,completed,-10
RoundRobin,3420,3037662008,819746,819866,120,completed,-30
RoundRobin,3422,3037662008,819946,820066,120,completed,-30
RoundRobin,3429,3658959723,820836,820937,101,completed,-10
RoundRobin,3424,3037662008,820146,820265,119,completed,-35
RoundRobin,3426,3037662008,820536,820656,120,completed,-35
RoundRobin,3431,3658959723,821036,821138,102,completed,-10
RoundRobin,3428,3037662008,820736,820857,121,completed,-35
RoundRobin,3430,3037662008,820936,821055,119,completed,-35
RoundRobin,3433,3658959723,821236,821338,102,completed,-10
RoundRobin,3432,3037662008,821136,821256,120,completed,-35
RoundRobin,3434,3037662008,821336,821456,120,completed,-35
RoundRobin,3435,3658959723,821546,821787,241,completed,-10
RoundRobin,3436,3037662008,821646,821765,119,completed,-35
RoundRobin,3437,3658959723,821746,821889,143,completed,-10
RoundRobin,3438,3037662008,821846,821963,117,completed,-35
RoundRobin,3439,3658959723,821946,822047,101,completed,-10
RoundRobin,3440,3037662008,822046,822164,118,completed,-35
RoundRobin,3441,3658959723,822146,822247,101,completed,-11
RoundRobin,3442,3037662008,822246,822365,119,completed,-35
RoundRobin,3444,3037662008,822639,822757,118,completed,-35
RoundRobin,3443,3658959723,822539,822642,103,completed,-11
RoundRobin,3445,3658959723,822739,822864,125,completed,-11
RoundRobin,3446,3037662008,822839,822957,118,completed,-35
RoundRobin,3447,3658959723,822939,823040,101,completed,-11
RoundRobin,3448,3037662008,823039,823157,118,completed,-35
RoundRobin,3449,3658959723,823139,823241,102,completed,-11
RoundRobin,3450,3037662008,823239,823357,118,completed,-35
RoundRobin,3452,3037662008,823544,823662,118,completed,-35
RoundRobin,3451,3658959723,823340,823661,321,completed,-11
RoundRobin,3453,3658959723,823644,823770,126,completed,-11
RoundRobin,3454,3037662008,823744,823863,119,completed,-35
RoundRobin,3455,3658959723,823844,823946,102,completed,-11
RoundRobin,3456,3037662008,823944,824062,118,completed,-35
RoundRobin,3457,3658959723,824044,824146,102,completed,-11
RoundRobin,3459,3658959723,824244,824347,103,completed,-10
RoundRobin,3458,3037662008,824144,824262,118,completed,-32
RoundRobin,3460,3037662008,824344,824659,315,completed,-32
RoundRobin,3461,3658959723,824540,824641,101,completed,-10
RoundRobin,3462,3037662008,824640,824762,122,completed,-32
RoundRobin,3463,3658959723,824740,824845,105,completed,-10
RoundRobin,3464,3037662008,824840,824957,117,completed,-32
RoundRobin,3465,3658959723,824940,825041,101,completed,-10
RoundRobin,3466,3037662008,825040,825158,118,completed,-32
RoundRobin,3467,3658959723,825140,825242,102,completed,-10
RoundRobin,3468,3037662008,825240,825358,118,completed,-32
RoundRobin,3469,3658959723,825341,825649,308,completed,-10
RoundRobin,3470,3037662008,825547,825666,119,completed,-32
RoundRobin,3471,3658959723,825647,825761,114,completed,-10
RoundRobin,3472,3037662008,825747,825865,118,completed,-32
RoundRobin,3473,3658959723,825847,825949,102,completed,-10
RoundRobin,3474,3037662008,825947,826064,117,completed,-32
RoundRobin,3475,3658959723,826047,826150,103,completed,-10
RoundRobin,3477,3658959723,826247,826350,103,completed,-11
RoundRobin,3476,3037662008,826147,826264,117,completed,-32
RoundRobin,3478,3037662008,826347,826665,318,completed,-32
RoundRobin,3479,3658959723,826543,826648,105,completed,-11
RoundRobin,3480,3037662008,826643,826768,125,completed,-32
RoundRobin,3481,3658959723,826743,826847,104,completed,-11
RoundRobin,3482,3037662008,826843,826961,118,completed,-32
RoundRobin,3483,3658959723,826943,827045,102,completed,-11
RoundRobin,3484,3037662008,827043,827161,118,completed,-32
RoundRobin,3485,3658959723,827143,827244,101,completed,-11
RoundRobin,3486,3037662008,827243,827361,118,completed,-32
RoundRobin,3487,3658959723,827343,827652,309,completed,-11
RoundRobin,3488,3037662008,827551,827668,117,completed,-32
RoundRobin,3489,3658959723,827651,827762,111,completed,-11
RoundRobin,3490,3037662008,827751,827869,118,completed,-32
RoundRobin,3491,3658959723,827851,827953,102,completed,-11
RoundRobin,3492,3037662008,827951,828069,118,completed,-32
RoundRobin,3493,3658959723,828051,828154,103,completed,-11
RoundRobin,3494,3037662008,828151,828269,118,completed,-33
RoundRobin,3495,3658959723,828251,828354,103,completed,-11
RoundRobin,3496,3037662008,828351,828663,312,completed,-33
RoundRobin,3497,3658959723,828552,828654,102,completed,-11
RoundRobin,3498,3037662008,828652,828770,118,completed,-33
RoundRobin,3499,3658959723,828761,828866,105,completed,-11
RoundRobin,3500,3037662008,828861,828979,118,completed,-33
RoundRobin,3501,3658959723,828961,829063,102,completed,-11
RoundRobin,3502,3037662008,829061,829179,118,completed,-33
RoundRobin,3503,3658959723,829161,829262,101,completed,-11
RoundRobin,3504,3037662008,829261,829379,118,completed,-33
RoundRobin,3505,3658959723,829551,829657,106,completed,-11
RoundRobin,3506,3037662008,829651,829768,117,completed,-33
RoundRobin,3507,3658959723,829751,829855,104,completed,-11
RoundRobin,3508,3037662008,829851,829969,118,completed,-33
RoundRobin,3509,3658959723,829951,830053,102,completed,-11
RoundRobin,3510,3037662008,830051,830169,118,completed,-33
RoundRobin,3511,3658959723,830151,830252,101,completed,-10
RoundRobin,3512,3037662008,830251,830370,119,completed,-33
RoundRobin,3514,3037662008,830556,830675,119,completed,-33
RoundRobin,3513,3658959723,830351,830454,103,completed,-10
RoundRobin,3516,3037662008,832964,833202,238,completed,-31
RoundRobin,3518,3037662008,833164,833479,315,completed,-31
RoundRobin,3520,3037662008,833368,833596,228,completed,-31
RoundRobin,3522,3037662008,833568,833706,138,completed,-31
RoundRobin,3524,3037662008,833768,834079,311,completed,-31
RoundRobin,3526,3037662008,834064,834187,123,completed,-31
RoundRobin,3515,3658959723,832765,833063,298,completed,-15
RoundRobin,3517,3658959723,833064,833290,226,completed,-15
RoundRobin,3519,3658959723,833264,833561,297,completed,-15
RoundRobin,3521,3658959723,833468,833813,345,completed,-15
RoundRobin,3528,3037662008,834264,834383,119,completed,-33
RoundRobin,3523,3658959723,833668,834086,418,completed,-15
RoundRobin,3530,3037662008,834464,834582,118,completed,-33
RoundRobin,3525,3658959723,833964,834340,376,completed,-10
RoundRobin,3527,3658959723,834164,834442,278,completed,-10
RoundRobin,3532,3037662008,834664,834784,120,completed,-33
RoundRobin,3529,3658959723,834364,834544,180,completed,-10
RoundRobin,3531,3658959723,834564,834667,103,completed,-10
RoundRobin,3534,3037662008,834978,835099,121,completed,-33
RoundRobin,3533,3658959723,834764,834869,105,completed,-10
RoundRobin,3535,3658959723,835078,835181,103,completed,-10
RoundRobin,3536,3037662008,835178,835297,119,completed,-33
RoundRobin,3537,3658959723,835278,835380,102,completed,-10
RoundRobin,3538,3037662008,835378,835497,119,completed,-33
RoundRobin,3539,3658959723,835478,835580,102,completed,-10
RoundRobin,3540,3037662008,835578,835696,118,completed,-33
RoundRobin,3541,3658959723,835678,835780,102,completed,-10
RoundRobin,3542,3037662008,835975,836094,119,completed,-33
RoundRobin,3543,3658959723,836075,836178,103,completed,-10
RoundRobin,3544,3037662008,836175,836294,119,completed,-30
RoundRobin,3545,3658959723,836275,836377,102,completed,-11
RoundRobin,3546,3037662008,836375,836493,118,completed,-30
RoundRobin,3547,3658959723,836475,836577,102,completed,-11
RoundRobin,3548,3037662008,836575,836694,119,completed,-30
RoundRobin,3549,3658959723,836675,836777,102,completed,-11
RoundRobin,3551,3658959723,836978,837211,233,completed,-11
RoundRobin,3553,3658959723,837178,837314,136,completed,-11
RoundRobin,3555,3658959723,837378,837481,103,completed,-11
RoundRobin,3557,3658959723,837578,837680,102,completed,-11
RoundRobin,3559,3658959723,837778,838073,295,completed,-11
RoundRobin,3561,3658959723,838075,838183,108,completed,-11
RoundRobin,3563,3658959723,838275,838376,101,completed,-10
RoundRobin,3565,3658959723,838475,838577,102,completed,-10
RoundRobin,3550,3037662008,836775,836893,118,completed,-30
RoundRobin,3552,3037662008,837078,837196,118,completed,-30
RoundRobin,3554,3037662008,837278,837452,174,completed,-30
RoundRobin,3567,3658959723,838675,838778,103,completed,-10
RoundRobin,3556,3037662008,837478,837726,248,completed,-30
RoundRobin,3558,3037662008,837678,838090,412,completed,-30
RoundRobin,3560,3037662008,837975,838193,218,completed,-30
RoundRobin,3569,3658959723,838986,839095,109,completed,-10
RoundRobin,3562,3037662008,838175,838295,120,completed,-33
RoundRobin,3564,3037662008,838375,838552,177,completed,-33
RoundRobin,3571,3658959723,839186,839287,101,completed,-10
RoundRobin,3566,3037662008,838575,838828,253,completed,-33
RoundRobin,3573,3658959723,839386,839488,102,completed,-10
RoundRobin,3568,3037662008,838775,839110,335,completed,-33
RoundRobin,3570,3037662008,839086,839212,126,completed,-33
RoundRobin,3572,3037662008,839286,839405,119,completed,-33
RoundRobin,3575,3658959723,839587,839692,105,completed,-10
RoundRobin,3574,3037662008,839486,839605,119,completed,-33
RoundRobin,3576,3037662008,839687,839806,119,completed,-33
RoundRobin,3577,3658959723,839976,840078,102,completed,-10
RoundRobin,3578,3037662008,840076,840195,119,completed,-33
RoundRobin,3579,3658959723,840176,840279,103,completed,-10
RoundRobin,3580,3037662008,840276,840394,118,completed,-31
RoundRobin,3581,3658959723,840376,840478,102,completed,-10
RoundRobin,3582,3037662008,840476,840594,118,completed,-31
RoundRobin,3583,3658959723,840576,840677,101,completed,-10
RoundRobin,3584,3037662008,840676,840794,118,completed,-31
RoundRobin,3586,3037662008,840993,841145,152,completed,-31
RoundRobin,3588,3037662008,841193,841311,118,completed,-31
RoundRobin,3590,3037662008,841393,841511,118,completed,-31
RoundRobin,3592,3037662008,841593,841711,118,completed,-31
RoundRobin,3594,3037662008,841978,842098,120,completed,-31
RoundRobin,3585,3658959723,840776,842102,1326,completed,-10
RoundRobin,3587,3658959723,841093,842212,1119,completed,-10
RoundRobin,3596,3037662008,842178,842296,118,completed,-32
RoundRobin,3589,3658959723,841293,842315,1022,completed,-10
RoundRobin,3591,3658959723,841493,842418,925,completed,-10
RoundRobin,3598,3037662008,842378,842496,118,completed,-32
RoundRobin,3593,3658959723,841693,842521,828,completed,-10
RoundRobin,3595,3658959723,842078,842624,546,completed,-10
RoundRobin,3600,3037662008,842578,842697,119,completed,-32
RoundRobin,3597,3658959723,842278,842726,448,completed,-10
RoundRobin,3599,3658959723,842478,842830,352,completed,-10
RoundRobin,3601,3658959723,842678,842933,255,completed,-10
RoundRobin,3602,3037662008,842778,843099,321,completed,-32
RoundRobin,3603,3658959723,842988,843094,106,completed,-10
RoundRobin,3604,3037662008,843088,843206,118,completed,-32
RoundRobin,3605,3658959723,843188,843291,103,completed,-10
RoundRobin,3606,3037662008,843288,843405,117,completed,-32
RoundRobin,3607,3658959723,843388,843489,101,completed,-10
RoundRobin,3608,3037662008,843488,843607,119,completed,-32
RoundRobin,3609,3658959723,843588,843689,101,completed,-10
RoundRobin,3610,3037662008,843688,843806,118,completed,-32
RoundRobin,3611,3658959723,843985,844088,103,completed,-10
RoundRobin,3612,3037662008,844085,844204,119,completed,-32
RoundRobin,3613,3658959723,844185,844287,102,completed,-11
RoundRobin,3614,3037662008,844285,844402,117,completed,-31
RoundRobin,3615,3658959723,844385,844487,102,completed,-11
RoundRobin,3616,3037662008,844485,844603,118,completed,-31
RoundRobin,3617,3658959723,844585,844687,102,completed,-11
RoundRobin,3618,3037662008,844685,844803,118,completed,-31
RoundRobin,3619,3658959723,844785,845088,303,completed,-11
RoundRobin,3621,3658959723,845088,845197,109,completed,-11
RoundRobin,3620,3037662008,844988,845277,289,completed,-31
RoundRobin,3622,3037662008,845188,845380,192,completed,-31
RoundRobin,3623,3658959723,845288,845390,102,completed,-11
RoundRobin,3624,3037662008,845388,845505,117,completed,-31
RoundRobin,3625,3658959723,845488,845590,102,completed,-11
RoundRobin,3626,3037662008,845588,845705,117,completed,-31
RoundRobin,3627,3658959723,845688,845790,102,completed,-11
RoundRobin,3628,3037662008,845788,846101,313,completed,-31
RoundRobin,3629,3658959723,845990,846095,105,completed,-11
RoundRobin,3630,3037662008,846090,846210,120,completed,-31
RoundRobin,3631,3658959723,846190,846292,102,completed,-11
RoundRobin,3632,3037662008,846290,846407,117,completed,-31
RoundRobin,3633,3658959723,846390,846492,102,completed,-11
RoundRobin,3634,3037662008,846490,846608,118,completed,-31
RoundRobin,3635,3658959723,846590,846691,101,completed,-11
RoundRobin,3636,3037662008,846690,846808,118,completed,-31
RoundRobin,3638,3037662008,846992,847114,122,completed,-31
RoundRobin,3637,3658959723,846790,847097,307,completed,-11
RoundRobin,3639,3658959723,847092,847218,126,completed,-11
RoundRobin,3640,3037662008,847192,847310,118,completed,-31
RoundRobin,3641,3658959723,847292,847395,103,completed,-11
RoundRobin,3642,3037662008,847392,847510,118,completed,-31
RoundRobin,3643,3658959723,847492,847593,101,completed,-11
RoundRobin,3644,3037662008,847592,847710,118,completed,-31
RoundRobin,3645,3658959723,847692,847794,102,completed,-11
RoundRobin,3646,3037662008,847792,848106,314,completed,-31
RoundRobin,3647,3658959723,847994,848098,104,completed,-11
RoundRobin,3648,3037662008,850207,850533,326,completed,-32
RoundRobin,3649,3658959723,850412,850710,298,completed,-10
RoundRobin,3651,3658959723,850612,850814,202,completed,-10
RoundRobin,3650,3037662008,850512,850951,439,completed,-32
RoundRobin,3653,3658959723,850812,850917,105,completed,-10
RoundRobin,3652,3037662008,850712,851071,359,completed,-32
RoundRobin,3655,3658959723,851012,851113,101,completed,-10
RoundRobin,3654,3037662008,850912,851174,262,completed,-32
RoundRobin,3656,3037662008,851112,851277,165,completed,-32
RoundRobin,3657,3658959723,851409,851512,103,completed,-10
RoundRobin,3659,3658959723,851609,851711,102,completed,-10
RoundRobin,3658,3037662008,851509,851750,241,completed,-32
RoundRobin,3660,3037662008,851709,851861,152,completed,-32
RoundRobin,3661,3658959723,851809,851911,102,completed,-10
RoundRobin,3662,3037662008,851909,852029,120,completed,-32
RoundRobin,3663,3658959723,852009,852112,103,completed,-10
RoundRobin,3664,3037662008,852109,852229,120,completed,-32
RoundRobin,3665,3658959723,852209,852317,108,completed,-10
RoundRobin,3666,3037662008,852421,852539,118,completed,-32
RoundRobin,3667,3658959723,852521,852623,102,completed,-10
RoundRobin,3668,3037662008,852621,852738,117,completed,-32
RoundRobin,3669,3658959723,852721,852823,102,completed,-10
RoundRobin,3670,3037662008,852821,852941,120,completed,-32
RoundRobin,3671,3658959723,852921,853024,103,completed,-10
RoundRobin,3672,3037662008,853021,853140,119,completed,-32
RoundRobin,3673,3658959723,853121,853223,102,completed,-10
RoundRobin,3674,3037662008,853416,853536,120,completed,-32
RoundRobin,3675,3658959723,853516,853618,102,completed,-10
RoundRobin,3676,3037662008,853616,853734,118,completed,-32
RoundRobin,3677,3658959723,853723,853836,113,completed,-10
RoundRobin,3678,3037662008,853823,853941,118,completed,-32
RoundRobin,3679,3658959723,853923,854025,102,completed,-10
RoundRobin,3680,3037662008,854023,854142,119,completed,-32
RoundRobin,3681,3658959723,854123,854226,103,completed,-10
RoundRobin,3682,3037662008,854421,854541,120,completed,-32
RoundRobin,3683,3658959723,854521,854622,101,completed,-10
RoundRobin,3684,3037662008,854621,854739,118,completed,-32
RoundRobin,3685,3658959723,854721,854823,102,completed,-10
RoundRobin,3686,3037662008,854821,854938,117,completed,-32
RoundRobin,3687,3658959723,854921,855023,102,completed,-10
RoundRobin,3688,3037662008,855021,855139,118,completed,-32
RoundRobin,3690,3037662008,855221,855339,118,completed,-32
RoundRobin,3689,3658959723,855121,855224,103,completed,-10
RoundRobin,3691,3658959723,855424,855532,108,completed,-10
RoundRobin,3692,3037662008,855524,855642,118,completed,-32
RoundRobin,3693,3658959723,855624,855726,102,completed,-10
RoundRobin,3694,3037662008,855725,855844,119,completed,-32
RoundRobin,3695,3658959723,855825,855927,102,completed,-10
RoundRobin,3696,3037662008,855925,856043,118,completed,-32
RoundRobin,3697,3658959723,856025,856126,101,completed,-10
RoundRobin,3698,3037662008,856125,856244,119,completed,-31
RoundRobin,3699,3658959723,856228,856551,323,completed,-10
RoundRobin,3700,3037662008,856430,856568,138,completed,-31
RoundRobin,3701,3658959723,856530,856670,140,completed,-10
RoundRobin,3702,3037662008,856630,856748,118,completed,-31
RoundRobin,3703,3658959723,856737,856841,104,completed,-10
RoundRobin,SUMMARY,ALL,0,0,120000,batch_complete,0
----------------,---,---,---,---,---,----------------,---
RoundRobin,3704,3037662008,856837,856955,118,completed,-31
RoundRobin,3705,3658959723,867637,867934,297,completed,-10
RoundRobin,3706,3037662008,867836,867976,140,completed,-34
RoundRobin,3707,3658959723,867936,868044,108,completed,-10
RoundRobin,3708,3037662008,868036,868154,118,completed,-34
RoundRobin,3709,3658959723,868136,868238,102,completed,-10
RoundRobin,3710,3037662008,868236,868356,120,completed,-32
RoundRobin,3711,3658959723,868336,868439,103,completed,-10
RoundRobin,3712,3037662008,868436,868554,118,completed,-32
RoundRobin,3713,3658959723,868536,868638,102,completed,-10
RoundRobin,3715,3658959723,868845,868968,123,completed,-10
RoundRobin,3717,3658959723,869045,869147,102,completed,-10
RoundRobin,3719,3658959723,869245,869347,102,completed,-10
RoundRobin,3721,3658959723,869445,869547,102,completed,-10
RoundRobin,3723,3658959723,869836,870060,224,completed,-10
RoundRobin,3725,3658959723,870036,870170,134,completed,-10
RoundRobin,3714,3037662008,868636,868754,118,completed,-32
RoundRobin,3716,3037662008,868945,870310,1365,completed,-30
RoundRobin,3727,3658959723,870236,870338,102,completed,-11
RoundRobin,3718,3037662008,869145,870413,1268,completed,-30
RoundRobin,3720,3037662008,869345,870516,1171,completed,-30
RoundRobin,3729,3658959723,870436,870538,102,completed,-11
RoundRobin,3722,3037662008,869545,870619,1074,completed,-30
RoundRobin,3724,3037662008,869936,870722,786,completed,-30
RoundRobin,3726,3037662008,870136,870825,689,completed,-30
RoundRobin,3728,3037662008,870336,870927,591,completed,-30
RoundRobin,3730,3037662008,870536,871030,494,completed,-30
RoundRobin,3732,3037662008,870853,871133,280,completed,-30
RoundRobin,3734,3037662008,871053,871236,183,completed,-30
RoundRobin,3736,3037662008,871253,871371,118,completed,-30
RoundRobin,3738,3037662008,871453,871572,119,completed,-30
RoundRobin,3740,3037662008,871843,871962,119,completed,-30
RoundRobin,3731,3658959723,870636,870738,102,completed,-11
RoundRobin,3733,3658959723,870953,872134,1181,completed,-11
RoundRobin,3742,3037662008,872043,872161,118,completed,-30
RoundRobin,3735,3658959723,871153,872244,1091,completed,-11
RoundRobin,3737,3658959723,871353,872346,993,completed,-11
RoundRobin,3744,3037662008,872249,872368,119,completed,-32
RoundRobin,3739,3658959723,871553,872449,896,completed,-11
RoundRobin,3746,3037662008,872449,872568,119,completed,-32
RoundRobin,3741,3658959723,871943,872552,609,completed,-11
RoundRobin,3743,3658959723,872149,872655,506,completed,-11
RoundRobin,3745,3658959723,872349,872758,409,completed,-11
RoundRobin,3747,3658959723,872549,872860,311,completed,-11
RoundRobin,3748,3037662008,872853,872972,119,completed,-32
RoundRobin,3749,3658959723,872953,873056,103,completed,-11
RoundRobin,3750,3037662008,873053,873171,118,completed,-32
RoundRobin,3751,3658959723,873153,873255,102,completed,-11
RoundRobin,3752,3037662008,873253,873372,119,completed,-32
RoundRobin,3753,3658959723,873353,873458,105,completed,-11
RoundRobin,3754,3037662008,873453,873571,118,completed,-32
RoundRobin,3755,3658959723,873553,873655,102,completed,-11
RoundRobin,3756,3037662008,873851,873970,119,completed,-32
RoundRobin,3757,3658959723,873951,874053,102,completed,-11
RoundRobin,3758,3037662008,874051,874169,118,completed,-32
RoundRobin,3759,3658959723,874151,874253,102,completed,-10
RoundRobin,3760,3037662008,874251,874370,119,completed,-35
RoundRobin,3761,3658959723,874351,874455,104,completed,-10
RoundRobin,3762,3037662008,874451,874569,118,completed,-35
RoundRobin,3763,3658959723,874551,874653,102,completed,-10
RoundRobin,3764,3037662008,874850,874969,119,completed,-35
RoundRobin,3765,3658959723,874950,875052,102,completed,-10
RoundRobin,3766,3037662008,875050,875168,118,completed,-35
RoundRobin,3767,3658959723,875150,875251,101,completed,-10
RoundRobin,3768,3037662008,875250,875368,118,completed,-35
RoundRobin,3769,3658959723,875350,875451,101,completed,-10
RoundRobin,3770,3037662008,875450,875569,119,completed,-35
RoundRobin,3771,3658959723,875550,875653,103,completed,-10
RoundRobin,3772,3037662008,875851,875976,125,completed,-35
RoundRobin,3773,3658959723,875951,876053,102,completed,-10
RoundRobin,3774,3037662008,876051,876170,119,completed,-35
RoundRobin,3775,3658959723,876151,876253,102,completed,-10
RoundRobin,3776,3037662008,876251,876369,118,completed,-31
RoundRobin,3777,3658959723,876351,876454,103,completed,-10
RoundRobin,3778,3037662008,876451,876569,118,completed,-31
RoundRobin,3779,3658959723,876551,876653,102,completed,-10
RoundRobin,3780,3037662008,876846,876965,119,completed,-31
RoundRobin,3781,3658959723,876946,877055,109,completed,-10
RoundRobin,3782,3037662008,877046,877165,119,completed,-31
RoundRobin,3783,3658959723,877146,877248,102,completed,-10
RoundRobin,3784,3037662008,877246,877364,118,completed,-31
RoundRobin,3785,3658959723,877346,877448,102,completed,-10
RoundRobin,3786,3037662008,877446,877564,118,completed,-31
RoundRobin,3787,3658959723,877546,877648,102,completed,-10
RoundRobin,3788,3037662008,877646,877961,315,completed,-31
RoundRobin,3789,3658959723,877857,877959,102,completed,-10
RoundRobin,3790,3037662008,877957,878078,121,completed,-31
RoundRobin,3791,3658959723,878057,878159,102,completed,-10
RoundRobin,3792,3037662008,878157,878275,118,completed,-34
RoundRobin,3793,3658959723,878257,878360,103,completed,-10
RoundRobin,3794,3037662008,878357,878475,118,completed,-34
RoundRobin,3795,3658959723,878457,878559,102,completed,-10
RoundRobin,3796,3037662008,878557,878675,118,completed,-34
RoundRobin,3797,3658959723,878849,878962,113,completed,-10
RoundRobin,3798,3037662008,878949,879067,118,completed,-34
RoundRobin,3799,3658959723,879049,879151,102,completed,-10
RoundRobin,3800,3037662008,879149,879268,119,completed,-34
RoundRobin,3801,3658959723,879249,879351,102,completed,-10
RoundRobin,3802,3037662008,879349,879467,118,completed,-34
RoundRobin,3803,3658959723,879449,879551,102,completed,-10
RoundRobin,3804,3037662008,879549,879668,119,completed,-34
RoundRobin,3805,3658959723,879649,879955,306,completed,-10
RoundRobin,3807,3658959723,879959,880062,103,completed,-10
RoundRobin,3806,3037662008,879859,880099,240,completed,-34
RoundRobin,3808,3037662008,880059,880208,149,completed,-34
RoundRobin,3809,3658959723,880159,880261,102,completed,-10
RoundRobin,3810,3037662008,880259,880380,121,completed,-32
RoundRobin,3811,3658959723,880359,880462,103,completed,-10
RoundRobin,3812,3037662008,880459,880577,118,completed,-32
RoundRobin,3813,3658959723,880559,880661,102,completed,-10
RoundRobin,3814,3037662008,880860,880979,119,completed,-32
RoundRobin,3815,3658959723,880960,881062,102,completed,-10
RoundRobin,3816,3037662008,881060,881178,118,completed,-32
RoundRobin,3817,3658959723,881160,881261,101,completed,-10
RoundRobin,3818,3037662008,881260,881379,119,completed,-32
RoundRobin,3819,3658959723,881360,881462,102,completed,-10
RoundRobin,3820,3037662008,881460,881578,118,completed,-32
RoundRobin,3821,3658959723,881560,881662,102,completed,-10
RoundRobin,3823,3658959723,881958,882060,102,completed,-10
RoundRobin,3822,3037662008,881858,882343,485,completed,-30
RoundRobin,3825,3658959723,882158,882259,101,completed,-10
RoundRobin,3824,3037662008,882058,882452,394,completed,-30
RoundRobin,3827,3658959723,882358,882461,103,completed,-10
RoundRobin,3826,3037662008,882258,882555,297,completed,-30
RoundRobin,3828,3037662008,882458,882658,200,completed,-30
RoundRobin,3829,3658959723,882558,882660,102,completed,-10
RoundRobin,3830,3037662008,882853,882974,121,completed,-30
RoundRobin,3831,3658959723,885057,885364,307,completed,-10
RoundRobin,3833,3658959723,885358,885481,123,completed,-10
RoundRobin,3832,3037662008,885258,885599,341,completed,-32
RoundRobin,3835,3658959723,885558,885660,102,completed,-10
RoundRobin,3834,3037662008,885458,885716,258,completed,-32
RoundRobin,3836,3037662008,885658,885819,161,completed,-32
RoundRobin,3837,3658959723,885758,885861,103,completed,-10
RoundRobin,3838,3037662008,885858,885976,118,completed,-32
RoundRobin,3840,3037662008,886058,886176,118,completed,-32
RoundRobin,3839,3658959723,885958,886060,102,completed,-10
RoundRobin,3841,3658959723,886263,886367,104,completed,-10
RoundRobin,3842,3037662008,886363,886481,118,completed,-30
RoundRobin,3843,3658959723,886463,886565,102,completed,-10
RoundRobin,3844,3037662008,886563,886682,119,completed,-30
RoundRobin,3845,3658959723,886663,886764,101,completed,-10
RoundRobin,3846,3037662008,886763,886882,119,completed,-30
RoundRobin,3847,3658959723,886863,886965,102,completed,-10
RoundRobin,3848,3037662008,886963,887081,118,completed,-30
RoundRobin,3849,3658959723,887063,887369,306,completed,-10
RoundRobin,3850,3037662008,887264,887385,121,completed,-30
RoundRobin,3851,3658959723,887364,887472,108,completed,-10
RoundRobin,3852,3037662008,887464,887583,119,completed,-30
RoundRobin,3853,3658959723,887564,887666,102,completed,-10
RoundRobin,3854,3037662008,887664,887782,118,completed,-30
RoundRobin,3855,3658959723,887764,887866,102,completed,-10
RoundRobin,3856,3037662008,887864,887982,118,completed,-30
RoundRobin,3857,3658959723,887964,888066,102,completed,-10
RoundRobin,3858,3037662008,888064,888377,313,completed,-32
RoundRobin,3859,3658959723,888268,888374,106,completed,-10
RoundRobin,3860,3037662008,888368,888488,120,completed,-32
RoundRobin,3861,3658959723,888468,888570,102,completed,-10
RoundRobin,3862,3037662008,888568,888687,119,completed,-32
RoundRobin,3863,3658959723,888668,888770,102,completed,-10
RoundRobin,3864,3037662008,888768,888886,118,completed,-32
RoundRobin,3865,3658959723,888868,888970,102,completed,-10
RoundRobin,3866,3037662008,888968,889087,119,completed,-32
RoundRobin,3867,3658959723,889265,889370,105,completed,-10
RoundRobin,3868,3037662008,889365,889502,137,completed,-32
RoundRobin,3869,3658959723,889465,889567,102,completed,-10
RoundRobin,3870,3037662008,889565,889684,119,completed,-32
RoundRobin,3871,3658959723,889665,889767,102,completed,-10
RoundRobin,3872,3037662008,889765,889883,118,completed,-32
RoundRobin,3873,3658959723,889865,889966,101,completed,-10
RoundRobin,3874,3037662008,889965,890083,118,completed,-32
RoundRobin,3875,3658959723,890065,890166,101,completed,-10
RoundRobin,3876,3037662008,890270,890391,121,completed,-32
RoundRobin,3877,3658959723,890370,890473,103,completed,-11
RoundRobin,3878,3037662008,890470,890588,118,completed,-32
RoundRobin,3879,3658959723,890570,890672,102,completed,-11
RoundRobin,3880,3037662008,890670,890789,119,completed,-32
RoundRobin,3881,3658959723,890770,890873,103,completed,-11
RoundRobin,3882,3037662008,890870,890988,118,completed,-32
RoundRobin,3883,3658959723,890970,891072,102,completed,-11
RoundRobin,3884,3037662008,891267,891387,120,completed,-32
RoundRobin,3885,3658959723,891367,891469,102,completed,-11
RoundRobin,3886,3037662008,891467,891586,119,completed,-32
RoundRobin,3887,3658959723,891567,891669,102,completed,-11
RoundRobin,3888,3037662008,891667,891786,119,completed,-32
RoundRobin,3889,3658959723,891767,891870,103,completed,-11
RoundRobin,3890,3037662008,891867,891985,118,completed,-32
RoundRobin,3892,3037662008,892067,892185,118,completed,-32
RoundRobin,3891,3658959723,891967,892069,102,completed,-11
RoundRobin,3893,3658959723,892269,892381,112,completed,-10
RoundRobin,3894,3037662008,892369,892487,118,completed,-32
RoundRobin,3895,3658959723,892469,892572,103,completed,-10
RoundRobin,3896,3037662008,892569,892687,118,completed,-32
RoundRobin,3897,3658959723,892669,892771,102,completed,-10
RoundRobin,3898,3037662008,892769,892888,119,completed,-32
RoundRobin,3899,3658959723,892869,892971,102,completed,-10
RoundRobin,3900,3037662008,892969,893087,118,completed,-32
RoundRobin,3902,3037662008,893268,893388,120,completed,-32
RoundRobin,3901,3658959723,893069,893407,338,completed,-10
RoundRobin,3903,3658959723,893368,893516,148,completed,-10
RoundRobin,3904,3037662008,893468,893586,118,completed,-32
RoundRobin,3905,3658959723,893568,893670,102,completed,-10
RoundRobin,3906,3037662008,893668,893787,119,completed,-32
RoundRobin,3907,3658959723,893768,893870,102,completed,-10
RoundRobin,3908,3037662008,893868,893986,118,completed,-32
RoundRobin,3910,3037662008,894068,894186,118,completed,-32
RoundRobin,3909,3658959723,893968,894070,102,completed,-10
RoundRobin,3911,3658959723,894272,894376,104,completed,-10
RoundRobin,3912,3037662008,894372,894490,118,completed,-33
RoundRobin,3913,3658959723,894472,894575,103,completed,-10
RoundRobin,3914,3037662008,894572,894690,118,completed,-33
RoundRobin,3915,3658959723,894672,894774,102,completed,-10
RoundRobin,3916,3037662008,894772,894891,119,completed,-33
RoundRobin,3917,3658959723,894872,894974,102,completed,-10
RoundRobin,3918,3037662008,894972,895091,119,completed,-33
RoundRobin,3920,3037662008,895273,895393,120,completed,-33
RoundRobin,3919,3658959723,895072,895375,303,completed,-10
RoundRobin,3921,3658959723,895373,895497,124,completed,-10
RoundRobin,3922,3037662008,895473,895591,118,completed,-33
RoundRobin,3923,3658959723,895573,895675,102,completed,-10
RoundRobin,3924,3037662008,895673,895792,119,completed,-33
RoundRobin,3925,3658959723,895773,895876,103,completed,-10
RoundRobin,3926,3037662008,895873,895991,118,completed,-33
RoundRobin,3927,3658959723,895973,896075,102,completed,-10
RoundRobin,3928,3037662008,896073,896386,313,completed,-32
RoundRobin,3929,3658959723,896276,896381,105,completed,-10
RoundRobin,3930,3037662008,896376,896495,119,completed,-32
RoundRobin,3931,3658959723,896476,896579,103,completed,-10
RoundRobin,3932,3037662008,896576,896695,119,completed,-32
RoundRobin,3933,3658959723,896676,896778,102,completed,-10
RoundRobin,3934,3037662008,896776,896896,120,completed,-32
RoundRobin,3935,3658959723,896876,896978,102,completed,-10
RoundRobin,3936,3037662008,896976,897094,118,completed,-32
RoundRobin,3937,3658959723,897076,897383,307,completed,-10
RoundRobin,3938,3037662008,897277,897473,196,completed,-32
RoundRobin,3939,3658959723,897377,897492,115,completed,-10
RoundRobin,3940,3037662008,897477,897596,119,completed,-32
RoundRobin,3941,3658959723,897577,897679,102,completed,-10
RoundRobin,3942,3037662008,897677,897796,119,completed,-32
RoundRobin,3943,3658959723,897777,897879,102,completed,-10
RoundRobin,3945,3658959723,897977,898079,102,completed,-10
RoundRobin,3946,3658959723,898077,898377,300,completed,-10
RoundRobin,3947,3658959723,898279,898483,204,completed,-10
RoundRobin,3948,3658959723,898379,898586,207,completed,-10
RoundRobin,3949,3658959723,898479,898689,210,completed,-10
RoundRobin,3950,3658959723,898579,898791,212,completed,-10
RoundRobin,3951,3658959723,898679,898894,215,completed,-10
RoundRobin,3952,3658959723,898779,898997,218,completed,-10
RoundRobin,3953,3658959723,898879,899100,221,completed,-10
RoundRobin,3954,3658959723,898979,899203,224,completed,-10
RoundRobin,3955,3658959723,899079,899376,297,completed,-10
RoundRobin,3956,3658959723,899280,899483,203,completed,-10
RoundRobin,3957,3658959723,899380,899586,206,completed,-10
RoundRobin,3958,3658959723,899480,899689,209,completed,-10
RoundRobin,3959,3658959723,899580,899792,212,completed,-10
RoundRobin,3960,3658959723,899680,899895,215,completed,-10
RoundRobin,3961,3658959723,899780,899997,217,completed,-10
RoundRobin,3962,3658959723,899880,900100,220,completed,-10
RoundRobin,3963,3658959723,899980,900203,223,completed,-10
RoundRobin,3964,3658959723,900080,900379,299,completed,-11
RoundRobin,3965,3658959723,900283,900482,199,completed,-11
RoundRobin,3966,3658959723,902487,902787,300,completed,-10
RoundRobin,3967,3658959723,902693,902888,195,completed,-10
RoundRobin,3968,3658959723,902793,903157,364,completed,-10
RoundRobin,3944,3658959723,902878,903432,554,completed,-10
RoundRobin,3969,3658959723,902893,903784,891,completed,-10
RoundRobin,3970,3658959723,902993,903886,893,completed,-10
RoundRobin,3971,3658959723,903093,903988,895,completed,-10
RoundRobin,3972,3658959723,903193,904231,1038,completed,-10
RoundRobin,3973,3658959723,903293,904507,1214,completed,-10
RoundRobin,3974,3658959723,903393,904787,1394,completed,-10
RoundRobin,3975,3658959723,903685,904889,1204,completed,-10
RoundRobin,3976,3658959723,903785,905059,1274,completed,-10
RoundRobin,3977,3658959723,903885,905161,1276,completed,-10
RoundRobin,3978,3658959723,903985,905262,1277,completed,-10
RoundRobin,3979,3658959723,904085,905364,1279,completed,-10
RoundRobin,3980,3658959723,904185,905466,1281,completed,-10
RoundRobin,3981,3658959723,904285,905568,1283,completed,-10
RoundRobin,3982,3658959723,904385,905670,1285,completed,-10
RoundRobin,3983,3658959723,904485,905794,1309,completed,-10
RoundRobin,3984,3658959723,904686,905896,1210,completed,-10
RoundRobin,3985,3658959723,904786,905998,1212,completed,-10
RoundRobin,3986,3658959723,904886,906101,1215,completed,-10
RoundRobin,3987,3658959723,904986,906204,1218,completed,-10
RoundRobin,3988,3658959723,905086,906307,1221,completed,-10
RoundRobin,3989,3658959723,905186,906409,1223,completed,-10
RoundRobin,3990,3658959723,905286,906511,1225,completed,-10
RoundRobin,3991,3658959723,905386,906614,1228,completed,-10
RoundRobin,3992,3658959723,905486,906716,1230,completed,-10
RoundRobin,3993,3658959723,905688,906819,1131,completed,-10
RoundRobin,3994,3658959723,905789,906922,1133,completed,-10
RoundRobin,3995,3658959723,905889,907025,1136,completed,-10
RoundRobin,3996,3658959723,905989,907128,1139,completed,-10
RoundRobin,3997,3658959723,906089,907231,1142,completed,-10
RoundRobin,3998,3658959723,906189,907333,1144,completed,-10
RoundRobin,3999,3658959723,906289,907436,1147,completed,-10
RoundRobin,4000,3658959723,906389,907539,1150,completed,-10
RoundRobin,4001,3658959723,906489,907642,1153,completed,-10
RoundRobin,4002,3658959723,906694,907744,1050,completed,-10
RoundRobin,4003,3658959723,906794,907847,1053,completed,-10
RoundRobin,4004,3658959723,906894,907950,1056,completed,-10
RoundRobin,4005,3658959723,906994,908053,1059,completed,-10
RoundRobin,4006,3658959723,907094,908156,1062,completed,-10
RoundRobin,4007,3658959723,907194,908259,1065,completed,-11
RoundRobin,4008,3658959723,907294,908362,1068,completed,-11
RoundRobin,4009,3658959723,907394,908465,1071,completed,-11
RoundRobin,4010,3658959723,907494,908568,1074,completed,-11
RoundRobin,4011,3658959723,907695,908671,976,completed,-11
RoundRobin,4012,3658959723,907795,908772,977,completed,-11
RoundRobin,4013,3658959723,907895,908875,980,completed,-11
RoundRobin,4014,3658959723,907995,908978,983,completed,-11
RoundRobin,4015,3658959723,908095,909081,986,completed,-11
RoundRobin,4016,3658959723,908195,909184,989,completed,-11
RoundRobin,4017,3658959723,908295,909287,992,completed,-11
RoundRobin,4018,3658959723,908395,909390,995,completed,-11
RoundRobin,4019,3658959723,908495,909493,998,completed,-11
RoundRobin,4020,3658959723,908697,909596,899,completed,-11
RoundRobin,4021,3658959723,908797,909699,902,completed,-11
RoundRobin,4022,3658959723,908897,909803,906,completed,-11
RoundRobin,4023,3658959723,908997,909906,909,completed,-11
RoundRobin,4024,3658959723,909097,910009,912,completed,-11
RoundRobin,4025,3658959723,909197,910112,915,completed,-11
RoundRobin,4026,3658959723,909299,910215,916,completed,-11
RoundRobin,4027,3658959723,909402,910318,916,completed,-11
RoundRobin,4028,3658959723,909696,910420,724,completed,-11
RoundRobin,4029,3658959723,909796,910521,725,completed,-11
RoundRobin,4030,3658959723,909896,910624,728,completed,-11
RoundRobin,4031,3658959723,909996,910726,730,completed,-11
RoundRobin,4032,3658959723,910096,910828,732,completed,-11
RoundRobin,4033,3658959723,910196,910930,734,completed,-11
RoundRobin,4034,3658959723,910296,911032,736,completed,-11
RoundRobin,4035,3658959723,910396,911135,739,completed,-11
RoundRobin,4036,3658959723,910496,911238,742,completed,-11
RoundRobin,4037,3658959723,910701,911341,640,completed,-11
RoundRobin,4038,3658959723,910801,911444,643,completed,-11
RoundRobin,4039,3658959723,910901,911547,646,completed,-11
RoundRobin,4040,3658959723,911001,911649,648,completed,-11
RoundRobin,4041,3658959723,911101,911751,650,completed,-11
RoundRobin,4042,3658959723,911201,911853,652,completed,-11
RoundRobin,4043,3658959723,911301,911955,654,completed,-11
RoundRobin,4044,3658959723,911401,912058,657,completed,-11
RoundRobin,4045,3658959723,911501,912161,660,completed,-11
RoundRobin,4046,3658959723,911705,912264,559,completed,-11
RoundRobin,4047,3658959723,911805,912367,562,completed,-11
RoundRobin,4048,3658959723,911905,912470,565,completed,-11
RoundRobin,4049,3658959723,912005,912573,568,completed,-11
RoundRobin,4050,3658959723,912105,912676,571,completed,-11
RoundRobin,4051,3658959723,912205,912778,573,completed,-11
RoundRobin,4052,3658959723,912305,912881,576,completed,-11
RoundRobin,4053,3658959723,912405,912984,579,completed,-11
RoundRobin,4054,3658959723,912505,913087,582,completed,-11
RoundRobin,4055,3658959723,912707,913190,483,completed,-11
RoundRobin,4056,3658959723,912807,913293,486,completed,-11
RoundRobin,4057,3658959723,912907,913396,489,completed,-11
RoundRobin,4058,3658959723,913007,913499,492,completed,-11
RoundRobin,4059,3658959723,913107,913602,495,completed,-11
RoundRobin,4060,3658959723,913207,913707,500,completed,-11
RoundRobin,4061,3658959723,913310,913810,500,completed,-11
RoundRobin,4062,3658959723,913410,913913,503,completed,-11
RoundRobin,4063,3658959723,913511,914016,505,completed,-11
RoundRobin,4064,3658959723,913707,914119,412,completed,-11
RoundRobin,4065,3658959723,913807,914222,415,completed,-11
RoundRobin,4066,3658959723,913907,914325,418,completed,-11
RoundRobin,4067,3658959723,914007,914428,421,completed,-11
RoundRobin,4068,3658959723,914107,914531,424,completed,-11
RoundRobin,4069,3658959723,914207,914634,427,completed,-11
RoundRobin,4070,3658959723,914307,914735,428,completed,-11
RoundRobin,4071,3658959723,914407,914838,431,completed,-11
RoundRobin,4072,3658959723,914507,914940,433,completed,-11
RoundRobin,4073,3658959723,914711,915042,331,completed,-11
RoundRobin,4074,3658959723,914811,915145,334,completed,-11
RoundRobin,4075,3658959723,914911,915248,337,completed,-11
RoundRobin,4076,3658959723,915011,915351,340,completed,-11
RoundRobin,4077,3658959723,915111,915454,343,completed,-11
RoundRobin,4078,3658959723,915211,915557,346,completed,-11
RoundRobin,4079,3658959723,915311,915660,349,completed,-11
RoundRobin,4080,3658959723,915411,915762,351,completed,-11
RoundRobin,4081,3658959723,915511,915863,352,completed,-11
RoundRobin,4082,3658959723,915712,915966,254,completed,-11
RoundRobin,4083,3658959723,915812,916069,257,completed,-11
RoundRobin,4084,3658959723,915912,916172,260,completed,-11
RoundRobin,4085,3658959723,916012,916275,263,completed,-11
RoundRobin,4086,3658959723,916112,916378,266,completed,-11
RoundRobin,4087,3658959723,916212,916481,269,completed,-11
RoundRobin,4088,3658959723,916312,916584,272,completed,-11
RoundRobin,4089,3658959723,916412,916687,275,completed,-11
RoundRobin,4090,3658959723,916512,916789,277,completed,-11
RoundRobin,4091,3658959723,916712,916892,180,completed,-11
RoundRobin,4092,3658959723,916812,916995,183,completed,-11
RoundRobin,4093,3658959723,916912,917098,186,completed,-11
RoundRobin,4094,3658959723,917012,917201,189,completed,-11
RoundRobin,4095,3658959723,917112,917304,192,completed,-11
RoundRobin,4096,3658959723,917213,917407,194,completed,-11
RoundRobin,4097,3658959723,917315,917510,195,completed,-11
RoundRobin,4098,3658959723,917419,917613,194,completed,-11
RoundRobin,4099,3658959723,917714,917822,108,completed,-11
RoundRobin,4100,3658959723,919922,921233,1311,completed,-10
RoundRobin,4101,3658959723,920127,921342,1215,completed,-10
RoundRobin,4102,3658959723,920227,921452,1225,completed,-10
RoundRobin,4103,3658959723,920327,921555,1228,completed,-10
RoundRobin,4104,3658959723,920427,921658,1231,completed,-10
RoundRobin,4105,3658959723,920527,921761,1234,completed,-10
RoundRobin,4106,3658959723,920627,921864,1237,completed,-10
RoundRobin,4107,3658959723,920727,921967,1240,completed,-10
RoundRobin,4108,3658959723,920827,922070,1243,completed,-10
RoundRobin,4109,3658959723,921118,922172,1054,completed,-10
RoundRobin,4110,3658959723,921218,922275,1057,completed,-10
RoundRobin,4111,3658959723,921318,922378,1060,completed,-10
RoundRobin,4112,3658959723,921418,922481,1063,completed,-10
RoundRobin,4113,3658959723,921518,922584,1066,completed,-10
RoundRobin,4114,3658959723,921618,922687,1069,completed,-10
RoundRobin,4115,3658959723,921718,922790,1072,completed,-10
RoundRobin,4116,3658959723,921818,922892,1074,completed,-10
RoundRobin,4117,3658959723,921918,922995,1077,completed,-10
RoundRobin,4118,3658959723,922127,923096,969,completed,-10
RoundRobin,4119,3658959723,922227,923197,970,completed,-10
RoundRobin,4120,3658959723,922327,923299,972,completed,-10
RoundRobin,4121,3658959723,922427,923401,974,completed,-10
RoundRobin,4122,3658959723,922527,923504,977,completed,-10
RoundRobin,4123,3658959723,922627,923607,980,completed,-10
RoundRobin,4124,3658959723,922730,923710,980,completed,-10
RoundRobin,4125,3658959723,922830,923813,983,completed,-10
RoundRobin,4126,3658959723,923121,923916,795,completed,-10
RoundRobin,4127,3658959723,923221,924019,798,completed,-10
RoundRobin,4128,3658959723,923321,924120,799,completed,-10
RoundRobin,4129,3658959723,923421,924226,805,completed,-10
RoundRobin,4130,3658959723,923521,924329,808,completed,-11
RoundRobin,4131,3658959723,923621,924432,811,completed,-11
RoundRobin,4132,3658959723,923721,924535,814,completed,-11
RoundRobin,4133,3658959723,923825,924638,813,completed,-11
RoundRobin,4134,3658959723,923927,924741,814,completed,-11
RoundRobin,4135,3658959723,924124,924844,720,completed,-11
RoundRobin,4136,3658959723,924224,924947,723,completed,-11
RoundRobin,4137,3658959723,924324,925050,726,completed,-11
RoundRobin,4138,3658959723,924424,925152,728,completed,-11
RoundRobin,4139,3658959723,924524,925254,730,completed,-11
RoundRobin,4140,3658959723,924624,925356,732,completed,-11
RoundRobin,4141,3658959723,924724,925459,735,completed,-11
RoundRobin,4142,3658959723,924824,925562,738,completed,-11
RoundRobin,4143,3658959723,924924,925665,741,completed,-11
RoundRobin,4144,3658959723,925128,925768,640,completed,-11
RoundRobin,4145,3658959723,925228,925871,643,completed,-11
RoundRobin,4146,3658959723,925328,925974,646,completed,-11
RoundRobin,4147,3658959723,925428,926077,649,completed,-11
RoundRobin,4148,3658959723,925528,926179,651,completed,-11
RoundRobin,4149,3658959723,925628,926282,654,completed,-10
RoundRobin,4150,3658959723,925728,926385,657,completed,-10
RoundRobin,4151,3658959723,925828,926488,660,completed,-10
RoundRobin,4152,3658959723,925928,926591,663,completed,-10
RoundRobin,4153,3658959723,926131,926694,563,completed,-10
RoundRobin,4154,3658959723,926231,926797,566,completed,-10
RoundRobin,4155,3658959723,926331,926900,569,completed,-10
RoundRobin,4156,3658959723,926431,927003,572,completed,-10
RoundRobin,4157,3658959723,926531,927106,575,completed,-10
RoundRobin,4158,3658959723,926631,927208,577,completed,-10
RoundRobin,4159,3658959723,926731,927311,580,completed,-10
RoundRobin,4160,3658959723,926831,927414,583,completed,-10
RoundRobin,4161,3658959723,926931,927517,586,completed,-10
RoundRobin,4162,3658959723,927133,927620,487,completed,-10
RoundRobin,4163,3658959723,927233,927723,490,completed,-10
RoundRobin,4164,3658959723,927333,927826,493,completed,-10
RoundRobin,4165,3658959723,927433,927929,496,completed,-10
RoundRobin,4166,3658959723,927533,928035,502,completed,-10
RoundRobin,4170,3037662008,928132,928321,189,completed,-28
RoundRobin,4167,3658959723,927633,928137,504,completed,-10
RoundRobin,4168,3658959723,927735,928238,503,completed,-10
RoundRobin,4172,3037662008,928332,928452,120,completed,-28
RoundRobin,4169,3658959723,927837,928340,503,completed,-10
RoundRobin,4174,3037662008,928532,928651,119,completed,-28
RoundRobin,4171,3658959723,928232,928442,210,completed,-10
RoundRobin,4173,3658959723,928432,928544,112,completed,-10
RoundRobin,4176,3037662008,928732,928850,118,completed,-28
RoundRobin,4178,3037662008,928932,929051,119,completed,-28
RoundRobin,4175,3658959723,928632,928736,104,completed,-10
RoundRobin,4177,3658959723,928832,928936,104,completed,-10
RoundRobin,4179,3658959723,929139,929244,105,completed,-10
RoundRobin,4180,3037662008,929239,929358,119,completed,-28
RoundRobin,4181,3658959723,929339,929443,104,completed,-10
RoundRobin,4182,3037662008,929439,929558,119,completed,-28
RoundRobin,4183,3658959723,929539,929641,102,completed,-10
RoundRobin,4184,3037662008,929639,929758,119,completed,-28
RoundRobin,4185,3658959723,929739,929841,102,completed,-10
RoundRobin,4186,3037662008,929839,929957,118,completed,-28
RoundRobin,4187,3658959723,930137,930240,103,completed,-10
RoundRobin,4188,3037662008,930237,930366,129,completed,-32
RoundRobin,4189,3658959723,930337,930441,104,completed,-11
RoundRobin,4190,3037662008,930437,930556,119,completed,-32
RoundRobin,4191,3658959723,930537,930639,102,completed,-11
RoundRobin,4192,3037662008,930637,930756,119,completed,-32
RoundRobin,4193,3658959723,930737,930841,104,completed,-11
RoundRobin,4194,3037662008,930837,930955,118,completed,-32
RoundRobin,4195,3658959723,930937,931240,303,completed,-11
RoundRobin,4196,3037662008,931137,931257,120,completed,-32
RoundRobin,4197,3658959723,931237,931343,106,completed,-11
RoundRobin,4198,3037662008,931337,931456,119,completed,-32
RoundRobin,4199,3658959723,931437,931539,102,completed,-11
RoundRobin,4200,3037662008,931537,931656,119,completed,-32
RoundRobin,4201,3658959723,931637,931739,102,completed,-11
RoundRobin,4202,3037662008,931737,931855,118,completed,-32
RoundRobin,4203,3658959723,931837,931939,102,completed,-11
RoundRobin,4204,3037662008,931937,932251,314,completed,-32
RoundRobin,4205,3658959723,932139,932242,103,completed,-11
RoundRobin,4206,3037662008,932239,932360,121,completed,-32
RoundRobin,4207,3658959723,932339,932442,103,completed,-10
RoundRobin,4208,3037662008,932439,932558,119,completed,-32
RoundRobin,4209,3658959723,932539,932641,102,completed,-10
RoundRobin,4210,3037662008,932639,932758,119,completed,-32
RoundRobin,4211,3658959723,932739,932843,104,completed,-10
RoundRobin,4212,3037662008,932839,932958,119,completed,-32
RoundRobin,4214,3037662008,933140,933260,120,completed,-32
RoundRobin,4213,3658959723,932939,933243,304,completed,-10
RoundRobin,4215,3658959723,933240,933346,106,completed,-10
RoundRobin,4216,3037662008,933340,933459,119,completed,-32
RoundRobin,4217,3658959723,933440,933542,102,completed,-10
RoundRobin,4218,3037662008,933540,933659,119,completed,-32
RoundRobin,4219,3658959723,933640,933742,102,completed,-10
RoundRobin,4220,3037662008,933746,933868,122,completed,-32
RoundRobin,4221,3658959723,933846,933948,102,completed,-10
RoundRobin,4222,3037662008,934142,934264,122,completed,-32
RoundRobin,4223,3658959723,934242,934344,102,completed,-11
RoundRobin,4224,3037662008,934342,934462,120,completed,-32
RoundRobin,4225,3658959723,934442,934544,102,completed,-11
RoundRobin,4226,3037662008,934542,934661,119,completed,-32
RoundRobin,4227,3658959723,934642,934744,102,completed,-11
RoundRobin,4228,3037662008,934746,934865,119,completed,-32
RoundRobin,4229,3658959723,934846,934949,103,completed,-11
RoundRobin,4230,3037662008,935143,935264,121,completed,-32
RoundRobin,4232,3037662008,937543,937670,127,completed,-32
RoundRobin,4231,3658959723,937346,937646,300,completed,-10
RoundRobin,4234,3037662008,937743,937916,173,completed,-32
RoundRobin,4233,3658959723,937643,937748,105,completed,-10
RoundRobin,4236,3037662008,937943,938062,119,completed,-32
RoundRobin,4235,3658959723,937843,937947,104,completed,-10
RoundRobin,4238,3037662008,938143,938262,119,completed,-32
RoundRobin,4237,3658959723,938043,938146,103,completed,-10
RoundRobin,4240,3037662008,938343,938464,121,completed,-31
RoundRobin,4239,3658959723,938243,938347,104,completed,-12
RoundRobin,4241,3658959723,938546,938652,106,completed,-12
RoundRobin,4242,3037662008,938646,938764,118,completed,-31
RoundRobin,4243,3658959723,938751,938856,105,completed,-12
RoundRobin,4244,3037662008,938851,938970,119,completed,-31
RoundRobin,4245,3658959723,938951,939053,102,completed,-12
RoundRobin,4246,3037662008,939051,939169,118,completed,-31
RoundRobin,4247,3658959723,939151,939253,102,completed,-12
RoundRobin,4248,3037662008,939251,939370,119,completed,-31
RoundRobin,4249,3658959723,939550,939656,106,completed,-12
RoundRobin,4250,3037662008,939650,939769,119,completed,-31
RoundRobin,4251,3658959723,939750,939854,104,completed,-12
RoundRobin,4252,3037662008,939850,939969,119,completed,-31
RoundRobin,4253,3658959723,939950,940052,102,completed,-12
RoundRobin,4254,3037662008,940050,940170,120,completed,-31
RoundRobin,4255,3658959723,940150,940252,102,completed,-11
RoundRobin,4256,3037662008,940250,940370,120,completed,-32
RoundRobin,4258,3037662008,940550,940669,119,completed,-32
RoundRobin,4257,3658959723,940350,940653,303,completed,-11
RoundRobin,4259,3658959723,940650,940755,105,completed,-11
RoundRobin,4260,3037662008,940759,940880,121,completed,-32
RoundRobin,4261,3658959723,940859,940962,103,completed,-11
RoundRobin,4262,3037662008,940959,941079,120,completed,-32
RoundRobin,4263,3658959723,941059,941161,102,completed,-11
RoundRobin,4264,3037662008,941159,941278,119,completed,-32
RoundRobin,4265,3658959723,941259,941361,102,completed,-11
RoundRobin,4266,3037662008,941553,941672,119,completed,-32
RoundRobin,4267,3658959723,941653,941755,102,completed,-11
RoundRobin,4268,3037662008,941753,941872,119,completed,-32
RoundRobin,4269,3658959723,941853,941954,101,completed,-11
RoundRobin,4270,3037662008,941953,942073,120,completed,-32
RoundRobin,4271,3658959723,942053,942155,102,completed,-11
RoundRobin,4272,3037662008,942153,942271,118,completed,-31
RoundRobin,4273,3658959723,942253,942356,103,completed,-10
RoundRobin,4274,3037662008,942353,942665,312,completed,-31
RoundRobin,4275,3658959723,942553,942659,106,completed,-10
RoundRobin,4276,3037662008,942653,942773,120,completed,-31
RoundRobin,4277,3658959723,942761,942878,117,completed,-10
RoundRobin,4278,3037662008,942861,942979,118,completed,-31
RoundRobin,4279,3658959723,942961,943063,102,completed,-10
RoundRobin,4280,3037662008,943061,943181,120,completed,-31
RoundRobin,4281,3658959723,943161,943263,102,completed,-10
RoundRobin,4282,3037662008,943261,943379,118,completed,-31
RoundRobin,4283,3658959723,943554,943659,105,completed,-10
RoundRobin,4285,3658959723,943754,943856,102,completed,-10
RoundRobin,4284,3037662008,943654,943894,240,completed,-31
RoundRobin,4286,3037662008,943854,944003,149,completed,-31
RoundRobin,4287,3658959723,943954,944056,102,completed,-10
RoundRobin,4288,3037662008,944054,944174,120,completed,-31
RoundRobin,4290,3037662008,944254,944375,121,completed,-29
RoundRobin,4289,3658959723,944154,944256,102,completed,-11
RoundRobin,4291,3658959723,944354,944457,103,completed,-11
RoundRobin,4292,3037662008,944559,944683,124,completed,-29
RoundRobin,4293,3658959723,944659,944762,103,completed,-11
RoundRobin,4294,3037662008,944759,944879,120,completed,-29
RoundRobin,4295,3658959723,944859,944961,102,completed,-11
RoundRobin,4296,3037662008,944959,945078,119,completed,-29
RoundRobin,4297,3658959723,945059,945161,102,completed,-11
RoundRobin,4298,3037662008,945159,945278,119,completed,-29
RoundRobin,4299,3658959723,945259,945361,102,completed,-11
RoundRobin,4300,3037662008,945555,945720,165,completed,-29
RoundRobin,4301,3658959723,945655,945758,103,completed,-11
RoundRobin,4302,3037662008,945755,945874,119,completed,-29
RoundRobin,4303,3658959723,945855,945957,102,completed,-11
RoundRobin,4304,3037662008,945955,946074,119,completed,-29
RoundRobin,4305,3658959723,946055,946158,103,completed,-11
RoundRobin,4306,3037662008,946155,946274,119,completed,-31
RoundRobin,4307,3658959723,946255,946359,104,completed,-11
RoundRobin,4308,3037662008,946355,946475,120,completed,-31
RoundRobin,4309,3658959723,946557,946662,105,completed,-11
RoundRobin,4310,3037662008,946657,946776,119,completed,-31
RoundRobin,4311,3658959723,946761,946866,105,completed,-11
RoundRobin,4312,3037662008,946861,946980,119,completed,-31
RoundRobin,4313,3658959723,946961,947064,103,completed,-11
RoundRobin,4314,3037662008,947061,947180,119,completed,-31
RoundRobin,4315,3658959723,947161,947263,102,completed,-11
RoundRobin,4316,3037662008,947261,947381,120,completed,-31
RoundRobin,4317,3658959723,947558,947663,105,completed,-11
RoundRobin,4318,3037662008,947658,947776,118,completed,-31
RoundRobin,4319,3658959723,947758,947861,103,completed,-11
RoundRobin,4320,3037662008,947858,947977,119,completed,-31
RoundRobin,4321,3658959723,947958,948061,103,completed,-11
RoundRobin,4322,3037662008,948058,948177,119,completed,-31
RoundRobin,4323,3658959723,948158,948260,102,completed,-11
RoundRobin,4324,3037662008,948258,948378,120,completed,-31
RoundRobin,4325,3658959723,948358,948461,103,completed,-11
RoundRobin,4326,3037662008,948561,948680,119,completed,-31
RoundRobin,4327,3658959723,948661,948766,105,completed,-11
RoundRobin,4328,3037662008,948765,948885,120,completed,-31
RoundRobin,4329,3658959723,948865,948968,103,completed,-11
RoundRobin,4330,3037662008,948965,949084,119,completed,-31
RoundRobin,4331,3658959723,949065,949167,102,completed,-11
RoundRobin,4332,3037662008,949165,949284,119,completed,-31
RoundRobin,4333,3658959723,949265,949367,102,completed,-11
RoundRobin,4334,3037662008,949559,949680,121,completed,-31
RoundRobin,4335,3658959723,949659,949761,102,completed,-11
RoundRobin,4336,3037662008,949759,949878,119,completed,-31
RoundRobin,4337,3658959723,949859,949962,103,completed,-11
RoundRobin,4338,3037662008,949959,950078,119,completed,-31
RoundRobin,4339,3658959723,950059,950162,103,completed,-11
RoundRobin,4340,3037662008,950159,950278,119,completed,-28
RoundRobin,4342,3037662008,950359,950478,119,completed,-28
RoundRobin,4341,3658959723,950259,950366,107,completed,-11
RoundRobin,4343,3658959723,950563,950673,110,completed,-11
RoundRobin,4344,3037662008,950663,950781,118,completed,-28
RoundRobin,4345,3658959723,950763,950865,102,completed,-11
RoundRobin,4346,3037662008,950863,950982,119,completed,-28
RoundRobin,4347,3658959723,950963,951066,103,completed,-11
RoundRobin,4348,3037662008,951063,951183,120,completed,-28
RoundRobin,4349,3658959723,951163,951265,102,completed,-11
RoundRobin,4350,3037662008,951263,951383,120,completed,-28
RoundRobin,4352,3037662008,951565,951685,120,completed,-28
RoundRobin,4351,3658959723,951363,951668,305,completed,-11
RoundRobin,4353,3658959723,951665,951789,124,completed,-11
RoundRobin,4354,3037662008,951765,951884,119,completed,-28
RoundRobin,4355,3658959723,951865,951968,103,completed,-11
RoundRobin,4356,3037662008,951965,952084,119,completed,-28
RoundRobin,4357,3658959723,952065,952168,103,completed,-11
RoundRobin,4358,3037662008,952165,952284,119,completed,-27
RoundRobin,4359,3658959723,952265,952368,103,completed,-10
RoundRobin,4360,3037662008,952365,952682,317,completed,-27
RoundRobin,4361,3658959723,952567,952675,108,completed,-10
RoundRobin,4363,3658959723,954969,955111,142,completed,-11
RoundRobin,4365,3658959723,955169,955271,102,completed,-11
RoundRobin,4367,3658959723,955369,955471,102,completed,-11
RoundRobin,4369,3658959723,955569,955671,102,completed,-11
RoundRobin,4371,3658959723,955769,956069,300,completed,-11
RoundRobin,4373,3658959723,956070,956206,136,completed,-11
RoundRobin,4375,3658959723,956270,956374,104,completed,-11
RoundRobin,4362,3037662008,954771,955085,314,completed,-30
RoundRobin,4364,3037662008,955069,955594,525,completed,-30
RoundRobin,4377,3658959723,956470,956574,104,completed,-11
RoundRobin,4366,3037662008,955269,955844,575,completed,-30
RoundRobin,4379,3658959723,956670,956777,107,completed,-11
RoundRobin,4368,3037662008,955469,956120,651,completed,-30
RoundRobin,4370,3037662008,955669,956222,553,completed,-30
RoundRobin,4381,3658959723,956980,957095,115,completed,-11
RoundRobin,4372,3037662008,955970,956369,399,completed,-31
RoundRobin,4374,3037662008,956170,956644,474,completed,-31
RoundRobin,4383,3658959723,957180,957284,104,completed,-11
RoundRobin,4376,3037662008,956370,957090,720,completed,-31
RoundRobin,4378,3037662008,956570,957192,622,completed,-31
RoundRobin,4380,3037662008,956770,957294,524,completed,-31
RoundRobin,4385,3658959723,957380,957483,103,completed,-11
RoundRobin,4382,3037662008,957080,957400,320,completed,-31
RoundRobin,4387,3658959723,957580,957683,103,completed,-11
RoundRobin,4384,3037662008,957280,957502,222,completed,-31
RoundRobin,4386,3037662008,957480,957604,124,completed,-31
RoundRobin,4388,3037662008,957680,957801,121,completed,-31
RoundRobin,4389,3658959723,957970,958074,104,completed,-11
RoundRobin,4390,3037662008,958070,958189,119,completed,-31
RoundRobin,4391,3658959723,958170,958274,104,completed,-11
RoundRobin,4392,3037662008,958270,958390,120,completed,-31
RoundRobin,4393,3658959723,958370,958472,102,completed,-11
RoundRobin,4394,3037662008,958470,958589,119,completed,-31
RoundRobin,4395,3658959723,958570,958672,102,completed,-11
RoundRobin,4396,3037662008,958670,958790,120,completed,-31
RoundRobin,4397,3658959723,958770,958872,102,completed,-11
RoundRobin,4398,3037662008,958981,959105,124,completed,-31
RoundRobin,4399,3658959723,959081,959279,198,completed,-11
RoundRobin,4400,3037662008,959181,959301,120,completed,-31
RoundRobin,4401,3658959723,959281,959385,104,completed,-11
RoundRobin,4402,3037662008,959381,959500,119,completed,-31
RoundRobin,4403,3658959723,959481,959585,104,completed,-11
RoundRobin,4404,3037662008,959581,959701,120,completed,-31
RoundRobin,4405,3658959723,959681,959784,103,completed,-11
RoundRobin,4406,3037662008,959978,960098,120,completed,-31
RoundRobin,4407,3658959723,960078,960180,102,completed,-11
RoundRobin,4408,3037662008,960178,960297,119,completed,-31
RoundRobin,4409,3658959723,960278,960381,103,completed,-11
RoundRobin,4410,3037662008,960378,960497,119,completed,-31
RoundRobin,4411,3658959723,960478,960582,104,completed,-11
RoundRobin,4412,3037662008,960578,960696,118,completed,-31
RoundRobin,4413,3658959723,960678,960781,103,completed,-11
RoundRobin,4414,3037662008,960779,961094,315,completed,-31
RoundRobin,4415,3658959723,960982,961086,104,completed,-11
RoundRobin,4416,3037662008,961082,961203,121,completed,-31
RoundRobin,4417,3658959723,961182,961286,104,completed,-11
RoundRobin,4418,3037662008,961282,961400,118,completed,-31
RoundRobin,4419,3658959723,961382,961484,102,completed,-11
RoundRobin,4420,3037662008,961482,961601,119,completed,-31
RoundRobin,4421,3658959723,961582,961684,102,completed,-11
RoundRobin,4422,3037662008,961682,961802,120,completed,-31
RoundRobin,4424,3037662008,961983,962104,121,completed,-31
RoundRobin,4423,3658959723,961782,962087,305,completed,-11
RoundRobin,4425,3658959723,962083,962203,120,completed,-11
RoundRobin,4426,3037662008,962183,962303,120,completed,-30
RoundRobin,4427,3658959723,962283,962387,104,completed,-11
RoundRobin,4428,3037662008,962383,962502,119,completed,-30
RoundRobin,4429,3658959723,962483,962585,102,completed,-11
RoundRobin,4430,3037662008,962583,962701,118,completed,-30
RoundRobin,4431,3658959723,962683,962785,102,completed,-11
RoundRobin,4432,3037662008,962784,963138,354,completed,-30
RoundRobin,4433,3658959723,962986,963121,135,completed,-11
RoundRobin,4434,3037662008,963086,963241,155,completed,-30
RoundRobin,4435,3658959723,963186,963289,103,completed,-11
RoundRobin,4436,3037662008,963286,963405,119,completed,-30
RoundRobin,4437,3658959723,963386,963488,102,completed,-11
RoundRobin,4438,3037662008,963486,963605,119,completed,-30
RoundRobin,4439,3658959723,963586,963688,102,completed,-11
RoundRobin,4440,3037662008,963686,963806,120,completed,-30
RoundRobin,4442,3037662008,963988,964108,120,completed,-30
RoundRobin,4441,3658959723,963786,964091,305,completed,-11
RoundRobin,4443,3658959723,964088,964216,128,completed,-11
RoundRobin,4444,3037662008,964188,964307,119,completed,-30
RoundRobin,4445,3658959723,964288,964391,103,completed,-11
RoundRobin,4446,3037662008,964388,964508,120,completed,-30
RoundRobin,4447,3658959723,964488,964591,103,completed,-11
RoundRobin,4448,3037662008,964588,964707,119,completed,-30
RoundRobin,4449,3658959723,964688,964790,102,completed,-11
RoundRobin,4450,3037662008,964788,965101,313,completed,-30
RoundRobin,4452,3037662008,965089,965210,121,completed,-30
RoundRobin,4451,3658959723,964989,965277,288,completed,-11
RoundRobin,4453,3658959723,965189,965386,197,completed,-11
RoundRobin,4454,3037662008,965290,965411,121,completed,-30
RoundRobin,4455,3658959723,965390,965493,103,completed,-11
RoundRobin,4456,3037662008,965490,965609,119,completed,-30
RoundRobin,4457,3658959723,965590,965692,102,completed,-11
RoundRobin,4458,3037662008,965690,965810,120,completed,-30
RoundRobin,4459,3658959723,965790,966093,303,completed,-11
RoundRobin,4460,3037662008,965992,966111,119,completed,-30
RoundRobin,4461,3658959723,966092,966203,111,completed,-11
RoundRobin,4462,3037662008,966192,966311,119,completed,-33
RoundRobin,4463,3658959723,966292,966396,104,completed,-11
RoundRobin,4464,3037662008,966392,966513,121,completed,-33
RoundRobin,4465,3658959723,966492,966595,103,completed,-11
RoundRobin,4466,3037662008,966592,966711,119,completed,-33
RoundRobin,4467,3658959723,966692,966795,103,completed,-11
RoundRobin,4468,3037662008,966792,967106,314,completed,-33
RoundRobin,4469,3658959723,966994,967100,106,completed,-11
RoundRobin,4470,3037662008,967094,967213,119,completed,-33
RoundRobin,4471,3658959723,967194,967298,104,completed,-11
RoundRobin,4472,3037662008,967294,967413,119,completed,-33
RoundRobin,4473,3658959723,967394,967497,103,completed,-11
RoundRobin,4474,3037662008,967494,967614,120,completed,-33
RoundRobin,4475,3658959723,967594,967696,102,completed,-11
RoundRobin,4476,3037662008,967694,967814,120,completed,-33
RoundRobin,4478,3037662008,967995,968118,123,completed,-33
RoundRobin,4477,3658959723,967794,968101,307,completed,-11
RoundRobin,4479,3658959723,968095,968204,109,completed,-11
RoundRobin,4480,3037662008,968195,968314,119,completed,-28
RoundRobin,4481,3658959723,968295,968399,104,completed,-11
RoundRobin,4482,3037662008,968395,968514,119,completed,-28
RoundRobin,4483,3658959723,968495,968598,103,completed,-11
RoundRobin,4484,3037662008,968595,968714,119,completed,-28
RoundRobin,4485,3658959723,968695,968797,102,completed,-11
RoundRobin,4486,3037662008,968795,969109,314,completed,-28
RoundRobin,4487,3658959723,968997,969209,212,completed,-11
RoundRobin,4488,3037662008,969097,969216,119,completed,-28
RoundRobin,4489,3658959723,969197,969318,121,completed,-11
RoundRobin,4490,3037662008,969297,969415,118,completed,-28
RoundRobin,4491,3658959723,969397,969500,103,completed,-11
RoundRobin,4492,3037662008,969497,969616,119,completed,-28
RoundRobin,4493,3658959723,969597,969699,102,completed,-11
RoundRobin,4494,3037662008,969697,969817,120,completed,-28
RoundRobin,4496,3037662008,970000,970122,122,completed,-28
RoundRobin,4495,3658959723,969797,970103,306,completed,-11
RoundRobin,4497,3658959723,972210,972755,545,completed,-11
RoundRobin,4499,3658959723,972515,972972,457,completed,-11
RoundRobin,4501,3658959723,972715,973081,366,completed,-11
RoundRobin,4503,3658959723,972915,973184,269,completed,-11
RoundRobin,4505,3658959723,973115,973287,172,completed,-11
RoundRobin,4498,3037662008,972415,973269,854,completed,-29
RoundRobin,4500,3037662008,972615,973371,756,completed,-29
RoundRobin,4502,3037662008,972815,973529,714,completed,-29
RoundRobin,4507,3658959723,973421,973525,104,completed,-11
RoundRobin,4509,3658959723,973621,973724,103,completed,-11
RoundRobin,4504,3037662008,973015,973630,615,completed,-29
RoundRobin,4506,3037662008,973215,973732,517,completed,-29
RoundRobin,4511,3658959723,973821,973923,102,completed,-11
RoundRobin,4508,3037662008,973521,973833,312,completed,-29
RoundRobin,4510,3037662008,973721,973935,214,completed,-29
RoundRobin,4512,3037662008,973921,974043,122,completed,-29
RoundRobin,4513,3658959723,974023,974126,103,completed,-11
RoundRobin,4514,3037662008,974123,974243,120,completed,-29
RoundRobin,4515,3658959723,974419,974521,102,completed,-11
RoundRobin,4516,3037662008,974519,974640,121,completed,-32
RoundRobin,4517,3658959723,974619,974722,103,completed,-11
RoundRobin,4518,3037662008,974719,974838,119,completed,-32
RoundRobin,4519,3658959723,974819,974922,103,completed,-11
RoundRobin,4520,3037662008,974919,975038,119,completed,-32
RoundRobin,4521,3658959723,975019,975122,103,completed,-11
RoundRobin,4522,3037662008,975119,975238,119,completed,-32
RoundRobin,4524,3037662008,975419,975541,122,completed,-32
RoundRobin,4523,3658959723,975219,975523,304,completed,-11
RoundRobin,4525,3658959723,975519,975626,107,completed,-11
RoundRobin,4526,3037662008,975619,975738,119,completed,-32
RoundRobin,4527,3658959723,975719,975822,103,completed,-11
RoundRobin,4528,3037662008,975819,975938,119,completed,-32
RoundRobin,4529,3658959723,975919,976021,102,completed,-11
RoundRobin,4530,3037662008,976019,976138,119,completed,-32
RoundRobin,4531,3658959723,976119,976222,103,completed,-11
RoundRobin,4532,3037662008,976219,976534,315,completed,-29
RoundRobin,4533,3658959723,976426,976530,104,completed,-11
RoundRobin,4534,3037662008,976529,976650,121,completed,-29
RoundRobin,4535,3658959723,976629,976732,103,completed,-11
RoundRobin,4536,3037662008,976729,976850,121,completed,-29
RoundRobin,4537,3658959723,976829,976932,103,completed,-11
RoundRobin,4538,3037662008,976929,977049,120,completed,-29
RoundRobin,4539,3658959723,977029,977131,102,completed,-11
RoundRobin,4540,3037662008,977129,977248,119,completed,-29
RoundRobin,4541,3658959723,977419,977524,105,completed,-11
RoundRobin,4542,3037662008,977519,977639,120,completed,-29
RoundRobin,4543,3658959723,977619,977721,102,completed,-11
RoundRobin,4544,3037662008,977719,977838,119,completed,-29
RoundRobin,4545,3658959723,977819,977922,103,completed,-11
RoundRobin,4546,3037662008,977919,978039,120,completed,-29
RoundRobin,4547,3658959723,978019,978122,103,completed,-11
RoundRobin,4548,3037662008,978119,978238,119,completed,-29
RoundRobin,4550,3037662008,978427,978561,134,completed,-31
RoundRobin,4549,3658959723,978219,978544,325,completed,-11
RoundRobin,4551,3658959723,978527,978647,120,completed,-11
RoundRobin,4552,3037662008,978627,978746,119,completed,-31
RoundRobin,4553,3658959723,978731,978835,104,completed,-11
RoundRobin,4554,3037662008,978831,978950,119,completed,-31
RoundRobin,4555,3658959723,978931,979033,102,completed,-11
RoundRobin,4556,3037662008,979031,979150,119,completed,-31
RoundRobin,4557,3658959723,979131,979233,102,completed,-11
RoundRobin,4558,3037662008,979421,979544,123,completed,-31
RoundRobin,4559,3658959723,979521,979624,103,completed,-11
RoundRobin,4560,3037662008,979621,979741,120,completed,-31
RoundRobin,4561,3658959723,979721,979823,102,completed,-11
RoundRobin,4562,3037662008,979821,979940,119,completed,-31
RoundRobin,4563,3658959723,979921,980024,103,completed,-11
RoundRobin,4564,3037662008,980021,980140,119,completed,-31
RoundRobin,4565,3658959723,980121,980224,103,completed,-11
RoundRobin,4566,3037662008,980221,980537,316,completed,-31
RoundRobin,4567,3658959723,980429,980533,104,completed,-10
RoundRobin,4568,3037662008,980531,980654,123,completed,-31
RoundRobin,4569,3658959723,980631,980733,102,completed,-10
RoundRobin,4570,3037662008,980731,980850,119,completed,-31
RoundRobin,4571,3658959723,980831,980933,102,completed,-10
RoundRobin,4572,3037662008,980931,981050,119,completed,-31
RoundRobin,4573,3658959723,981031,981133,102,completed,-10
RoundRobin,4574,3037662008,981131,981250,119,completed,-31
RoundRobin,4575,3658959723,981425,981529,104,completed,-10
RoundRobin,4576,3037662008,981525,981645,120,completed,-31
RoundRobin,4577,3658959723,981625,981727,102,completed,-10
RoundRobin,4578,3037662008,981725,981845,120,completed,-31
RoundRobin,4579,3658959723,981825,981928,103,completed,-10
RoundRobin,4580,3037662008,981925,982044,119,completed,-31
RoundRobin,4581,3658959723,982025,982127,102,completed,-10
RoundRobin,4582,3037662008,982125,982244,119,completed,-31
RoundRobin,4583,3658959723,982225,982327,102,completed,-12
RoundRobin,4584,3037662008,982431,982549,118,completed,-30
RoundRobin,4585,3658959723,982531,982635,104,completed,-12
RoundRobin,4586,3037662008,982631,982751,120,completed,-30
RoundRobin,4587,3658959723,982731,982833,102,completed,-12
RoundRobin,4588,3037662008,982831,982950,119,completed,-30
RoundRobin,4589,3658959723,982931,983034,103,completed,-12
RoundRobin,4590,3037662008,983031,983150,119,completed,-30
RoundRobin,4591,3658959723,983131,983234,103,completed,-12
RoundRobin,4592,3037662008,983427,983547,120,completed,-30
RoundRobin,4593,3658959723,983527,983629,102,completed,-12
RoundRobin,4594,3037662008,983627,983746,119,completed,-30
RoundRobin,4595,3658959723,983727,983829,102,completed,-12
RoundRobin,4596,3037662008,983827,983947,120,completed,-30
RoundRobin,4597,3658959723,983927,984030,103,completed,-12
RoundRobin,4598,3037662008,984027,984146,119,completed,-30
RoundRobin,4599,3658959723,984127,984230,103,completed,-12
RoundRobin,4600,3037662008,984227,984542,315,completed,-32
RoundRobin,4601,3658959723,984433,984536,103,completed,-12
RoundRobin,4602,3037662008,984534,984653,119,completed,-32
RoundRobin,4603,3658959723,984634,984736,102,completed,-12
RoundRobin,4604,3037662008,984734,984854,120,completed,-32
RoundRobin,4605,3658959723,984834,984937,103,completed,-12
RoundRobin,4606,3037662008,984934,985053,119,completed,-32
RoundRobin,4607,3658959723,985034,985136,102,completed,-12
RoundRobin,4608,3037662008,985134,985253,119,completed,-32
RoundRobin,4609,3658959723,985428,985533,105,completed,-12
RoundRobin,4610,3037662008,985528,985648,120,completed,-32
RoundRobin,4611,3658959723,985628,985731,103,completed,-12
RoundRobin,4612,3037662008,985728,985847,119,completed,-32
RoundRobin,4613,3658959723,985828,985930,102,completed,-12
RoundRobin,4614,3037662008,985928,986048,120,completed,-32
RoundRobin,4615,3658959723,986028,986131,103,completed,-12
RoundRobin,4616,3037662008,986128,986247,119,completed,-32
RoundRobin,4617,3658959723,986228,986535,307,completed,-11
RoundRobin,4618,3037662008,986432,986553,121,completed,-32
RoundRobin,4619,3658959723,986532,986638,106,completed,-11
RoundRobin,4620,3037662008,986632,986751,119,completed,-32
RoundRobin,4621,3658959723,986732,986836,104,completed,-11
RoundRobin,4622,3037662008,986832,986952,120,completed,-32
RoundRobin,4623,3658959723,986932,987034,102,completed,-11
RoundRobin,4624,3037662008,987032,987150,118,completed,-32
RoundRobin,4625,3658959723,987132,987236,104,completed,-11
RoundRobin,4626,3037662008,987232,987546,314,completed,-32
RoundRobin,4627,3658959723,987434,987541,107,completed,-11
RoundRobin,SUMMARY,ALL,0,0,122005,batch_complete,0
----------------,---,---,---,---,---,----------------,---
RoundRobin,4628,3037662008,1067158,1067279,121,completed,-30
RoundRobin,4629,3658959723,1067258,1067361,103,completed,-10
RoundRobin,4630,3037662008,1067500,1067621,121,completed,-30
RoundRobin,4631,3658959723,1067600,1067704,104,completed,-10
RoundRobin,4632,3037662008,1067700,1067820,120,completed,-30
RoundRobin,4633,3658959723,1067800,1067903,103,completed,-10
RoundRobin,4634,3037662008,1067900,1068020,120,completed,-30
RoundRobin,4635,3658959723,1068000,1068103,103,completed,-10
RoundRobin,4636,3037662008,1068100,1068220,120,completed,-30
RoundRobin,4637,3658959723,1068200,1068303,103,completed,-10
RoundRobin,4638,3037662008,1068300,1068420,120,completed,-35
RoundRobin,4639,3658959723,1068503,1068608,105,completed,-10
RoundRobin,4640,3037662008,1068603,1068723,120,completed,-35
RoundRobin,4641,3658959723,1068703,1068808,105,completed,-10
RoundRobin,4642,3037662008,1068803,1068923,120,completed,-35
RoundRobin,4643,3658959723,1068903,1069005,102,completed,-10
RoundRobin,4644,3037662008,1069003,1069122,119,completed,-35
RoundRobin,4645,3658959723,1069103,1069206,103,completed,-10
RoundRobin,4646,3037662008,1069203,1069323,120,completed,-35
RoundRobin,4648,3037662008,1069506,1069626,120,completed,-35
RoundRobin,4647,3658959723,1069303,1069610,307,completed,-10
RoundRobin,4649,3658959723,1069606,1069712,106,completed,-10
RoundRobin,4650,3037662008,1069706,1069826,120,completed,-35
RoundRobin,4651,3658959723,1069806,1069909,103,completed,-10
RoundRobin,4652,3037662008,1069906,1070026,120,completed,-35
RoundRobin,4653,3658959723,1070006,1070109,103,completed,-10
RoundRobin,4654,3037662008,1070106,1070226,120,completed,-35
RoundRobin,4655,3658959723,1070206,1070309,103,completed,-10
RoundRobin,4656,3037662008,1070306,1070622,316,completed,-30
RoundRobin,4657,3658959723,1070511,1070618,107,completed,-11
RoundRobin,4658,3037662008,1070611,1070732,121,completed,-30
RoundRobin,4659,3658959723,1070711,1070814,103,completed,-11
RoundRobin,4660,3037662008,1070811,1070931,120,completed,-30
RoundRobin,4661,3658959723,1070911,1071014,103,completed,-11
RoundRobin,4662,3037662008,1071011,1071130,119,completed,-30
RoundRobin,4663,3658959723,1071111,1071214,103,completed,-11
RoundRobin,4664,3037662008,1071211,1071332,121,completed,-30
RoundRobin,4665,3658959723,1071506,1071611,105,completed,-11
RoundRobin,4666,3037662008,1071606,1071726,120,completed,-30
RoundRobin,4667,3658959723,1071706,1071810,104,completed,-11
RoundRobin,4668,3037662008,1071806,1071926,120,completed,-30
RoundRobin,4669,3658959723,1071906,1072009,103,completed,-11
RoundRobin,4670,3037662008,1072006,1072126,120,completed,-30
RoundRobin,4671,3658959723,1072106,1072210,104,completed,-11
RoundRobin,4672,3037662008,1072206,1072326,120,completed,-30
RoundRobin,4673,3658959723,1072306,1072409,103,completed,-11
RoundRobin,4674,3037662008,1072509,1072631,122,completed,-32
RoundRobin,4675,3658959723,1072609,1072714,105,completed,-11
RoundRobin,4676,3037662008,1072709,1072831,122,completed,-32
RoundRobin,4677,3658959723,1072809,1072913,104,completed,-11
RoundRobin,4678,3037662008,1072909,1073029,120,completed,-32
RoundRobin,4679,3658959723,1073009,1073112,103,completed,-11
RoundRobin,4680,3037662008,1073109,1073229,120,completed,-32
RoundRobin,4681,3658959723,1073209,1073314,105,completed,-11
RoundRobin,4682,3037662008,1073309,1073624,315,completed,-32
RoundRobin,4683,3658959723,1073511,1073616,105,completed,-11
RoundRobin,4684,3037662008,1073611,1073731,120,completed,-32
RoundRobin,4685,3658959723,1073711,1073815,104,completed,-11
RoundRobin,4686,3037662008,1073811,1073932,121,completed,-32
RoundRobin,4687,3658959723,1073911,1074014,103,completed,-11
RoundRobin,4688,3037662008,1074011,1074131,120,completed,-32
RoundRobin,4689,3658959723,1074111,1074214,103,completed,-11
RoundRobin,4690,3037662008,1074211,1074331,120,completed,-32
RoundRobin,4691,3658959723,1074311,1074618,307,completed,-10
RoundRobin,4692,3037662008,1074519,1074641,122,completed,-31
RoundRobin,4693,3658959723,1076724,1077032,308,completed,-10
RoundRobin,4695,3658959723,1077029,1077200,171,completed,-10
RoundRobin,4697,3658959723,1077229,1077470,241,completed,-10
RoundRobin,4699,3658959723,1077429,1077747,318,completed,-10
RoundRobin,4701,3658959723,1077629,1077849,220,completed,-10
RoundRobin,4703,3658959723,1078029,1078133,104,completed,-10
RoundRobin,4705,3658959723,1078229,1078331,102,completed,-11
RoundRobin,4707,3658959723,1078429,1078533,104,completed,-11
RoundRobin,4694,3037662008,1076929,1077062,133,completed,-32
RoundRobin,4696,3037662008,1077129,1077336,207,completed,-32
RoundRobin,4698,3037662008,1077329,1077611,282,completed,-32
RoundRobin,4709,3658959723,1078629,1078732,103,completed,-11
RoundRobin,4700,3037662008,1077529,1078040,511,completed,-32
RoundRobin,4702,3037662008,1077929,1078142,213,completed,-32
RoundRobin,4711,3658959723,1078942,1079058,116,completed,-11
RoundRobin,4704,3037662008,1078129,1078249,120,completed,-32
RoundRobin,4706,3037662008,1078329,1078449,120,completed,-30
RoundRobin,4713,3658959723,1079142,1079245,103,completed,-11
RoundRobin,4708,3037662008,1078529,1078714,185,completed,-30
RoundRobin,4710,3037662008,1078729,1079046,317,completed,-30
RoundRobin,4715,3658959723,1079342,1079445,103,completed,-11
RoundRobin,4712,3037662008,1079042,1079164,122,completed,-30
RoundRobin,4717,3658959723,1079542,1079645,103,completed,-11
RoundRobin,4714,3037662008,1079242,1079363,121,completed,-30
RoundRobin,4716,3037662008,1079442,1079565,123,completed,-30
RoundRobin,4718,3037662008,1079642,1079764,122,completed,-30
RoundRobin,4719,3658959723,1079926,1080039,113,completed,-11
RoundRobin,4720,3037662008,1080026,1080146,120,completed,-30
RoundRobin,4721,3658959723,1080126,1080230,104,completed,-11
RoundRobin,4722,3037662008,1080226,1080345,119,completed,-30
RoundRobin,4723,3658959723,1080329,1080434,105,completed,-10
RoundRobin,4724,3037662008,1080429,1080549,120,completed,-30
RoundRobin,4725,3658959723,1080529,1080632,103,completed,-10
RoundRobin,4726,3037662008,1080629,1080749,120,completed,-30
RoundRobin,4727,3658959723,1080731,1081038,307,completed,-10
RoundRobin,4728,3037662008,1080942,1081063,121,completed,-30
RoundRobin,4729,3658959723,1081042,1081146,104,completed,-10
RoundRobin,4730,3037662008,1081142,1081262,120,completed,-30
RoundRobin,4731,3658959723,1081242,1081345,103,completed,-10
RoundRobin,4732,3037662008,1081342,1081462,120,completed,-30
RoundRobin,4733,3658959723,1081442,1081546,104,completed,-10
RoundRobin,4734,3037662008,1081542,1081661,119,completed,-30
RoundRobin,4735,3658959723,1081642,1081745,103,completed,-10
RoundRobin,4736,3037662008,1081940,1082061,121,completed,-30
RoundRobin,4737,3658959723,1082040,1082143,103,completed,-10
RoundRobin,4738,3037662008,1082140,1082260,120,completed,-30
RoundRobin,4739,3658959723,1082240,1082344,104,completed,-12
RoundRobin,4740,3037662008,1082340,1082459,119,completed,-30
RoundRobin,4741,3658959723,1082440,1082544,104,completed,-12
RoundRobin,4742,3037662008,1082540,1082660,120,completed,-30
RoundRobin,4743,3658959723,1082640,1082743,103,completed,-12
RoundRobin,4744,3037662008,1082946,1083086,140,completed,-30
RoundRobin,4745,3658959723,1083046,1083196,150,completed,-12
RoundRobin,4746,3037662008,1083146,1083266,120,completed,-30
RoundRobin,4747,3658959723,1083246,1083350,104,completed,-12
RoundRobin,4748,3037662008,1083346,1083466,120,completed,-30
RoundRobin,4749,3658959723,1083446,1083549,103,completed,-12
RoundRobin,4750,3037662008,1083546,1083666,120,completed,-30
RoundRobin,4751,3658959723,1083646,1083749,103,completed,-12
RoundRobin,4752,3037662008,1083942,1084062,120,completed,-30
RoundRobin,4753,3658959723,1084042,1084145,103,completed,-12
RoundRobin,4754,3037662008,1084142,1084263,121,completed,-30
RoundRobin,4755,3658959723,1084242,1084345,103,completed,-11
RoundRobin,4756,3037662008,1084342,1084462,120,completed,-30
RoundRobin,4757,3658959723,1084442,1084546,104,completed,-11
RoundRobin,4758,3037662008,1084542,1084661,119,completed,-30
RoundRobin,4759,3658959723,1084642,1084745,103,completed,-11
RoundRobin,4760,3037662008,1084944,1085085,141,completed,-30
RoundRobin,4761,3658959723,1085044,1085220,176,completed,-11
RoundRobin,4762,3037662008,1085144,1085265,121,completed,-30
RoundRobin,4763,3658959723,1085244,1085347,103,completed,-11
RoundRobin,4764,3037662008,1085344,1085464,120,completed,-30
RoundRobin,4765,3658959723,1085444,1085548,104,completed,-11
RoundRobin,4766,3037662008,1085544,1085664,120,completed,-30
RoundRobin,4767,3658959723,1085644,1085747,103,completed,-11
RoundRobin,4768,3037662008,1085938,1086060,122,completed,-30
RoundRobin,4769,3658959723,1086038,1086141,103,completed,-11
RoundRobin,4770,3037662008,1086138,1086258,120,completed,-30
RoundRobin,4771,3658959723,1086238,1086341,103,completed,-11
RoundRobin,4772,3037662008,1086338,1086460,122,completed,-29
RoundRobin,4773,3658959723,1086438,1086543,105,completed,-11
RoundRobin,4774,3037662008,1086538,1086658,120,completed,-29
RoundRobin,4775,3658959723,1086638,1086742,104,completed,-11
RoundRobin,4776,3037662008,1086744,1087086,342,completed,-29
RoundRobin,4777,3658959723,1086947,1087070,123,completed,-11
RoundRobin,4778,3037662008,1087047,1087195,148,completed,-29
RoundRobin,4779,3658959723,1087147,1087250,103,completed,-11
RoundRobin,4780,3037662008,1087247,1087367,120,completed,-29
RoundRobin,4781,3658959723,1087347,1087450,103,completed,-11
RoundRobin,4782,3037662008,1087447,1087567,120,completed,-29
RoundRobin,4783,3658959723,1087547,1087651,104,completed,-11
RoundRobin,4784,3037662008,1087647,1087767,120,completed,-29
RoundRobin,4786,3037662008,1087948,1088069,121,completed,-29
RoundRobin,4785,3658959723,1087747,1088052,305,completed,-11
RoundRobin,4787,3658959723,1088048,1088171,123,completed,-11
RoundRobin,4788,3037662008,1088148,1088268,120,completed,-29
RoundRobin,4789,3658959723,1088248,1088351,103,completed,-11
RoundRobin,4790,3037662008,1088348,1088469,121,completed,-32
RoundRobin,4791,3658959723,1088448,1088553,105,completed,-11
RoundRobin,4792,3037662008,1088548,1088668,120,completed,-32
RoundRobin,4793,3658959723,1088648,1088752,104,completed,-11
RoundRobin,4794,3037662008,1088748,1089088,340,completed,-32
RoundRobin,4795,3658959723,1088949,1089073,124,completed,-11
RoundRobin,4796,3037662008,1089049,1089191,142,completed,-32
RoundRobin,4797,3658959723,1089149,1089253,104,completed,-11
RoundRobin,4798,3037662008,1089249,1089370,121,completed,-32
RoundRobin,4799,3658959723,1089349,1089453,104,completed,-11
RoundRobin,4800,3037662008,1089449,1089570,121,completed,-32
RoundRobin,4801,3658959723,1089549,1089653,104,completed,-11
RoundRobin,4802,3037662008,1089649,1089769,120,completed,-32
RoundRobin,4804,3037662008,1089951,1090074,123,completed,-32
RoundRobin,4803,3658959723,1089749,1090057,308,completed,-11
RoundRobin,4805,3658959723,1090051,1090172,121,completed,-11
RoundRobin,4806,3037662008,1090151,1090271,120,completed,-32
RoundRobin,4807,3658959723,1090251,1090353,102,completed,-11
RoundRobin,4808,3037662008,1090351,1090473,122,completed,-32
RoundRobin,4809,3658959723,1090451,1090556,105,completed,-11
RoundRobin,4810,3037662008,1090551,1090671,120,completed,-32
RoundRobin,4811,3658959723,1090651,1090755,104,completed,-11
RoundRobin,4812,3037662008,1090756,1091072,316,completed,-32
RoundRobin,4813,3658959723,1090958,1091064,106,completed,-11
RoundRobin,4814,3037662008,1091058,1091181,123,completed,-32
RoundRobin,4815,3658959723,1091158,1091262,104,completed,-11
RoundRobin,4816,3037662008,1091258,1091379,121,completed,-32
RoundRobin,4817,3658959723,1091358,1091461,103,completed,-11
RoundRobin,4818,3037662008,1091458,1091578,120,completed,-32
RoundRobin,4819,3658959723,1091558,1091662,104,completed,-11
RoundRobin,4820,3037662008,1091658,1091778,120,completed,-32
RoundRobin,4822,3037662008,1091961,1092083,122,completed,-32
RoundRobin,4821,3658959723,1091758,1092066,308,completed,-11
RoundRobin,4823,3658959723,1094171,1094475,304,completed,-10
RoundRobin,4824,3037662008,1094378,1094498,120,completed,-31
RoundRobin,4825,3658959723,1094478,1094583,105,completed,-10
RoundRobin,4826,3037662008,1094578,1094698,120,completed,-31
RoundRobin,4827,3658959723,1094678,1094782,104,completed,-10
RoundRobin,4828,3037662008,1094778,1094905,127,completed,-31
RoundRobin,4829,3658959723,1094878,1094981,103,completed,-10
RoundRobin,4830,3037662008,1094978,1095098,120,completed,-31
RoundRobin,4831,3658959723,1095078,1095181,103,completed,-10
RoundRobin,4832,3037662008,1095372,1095496,124,completed,-31
RoundRobin,4833,3658959723,1095472,1095577,105,completed,-10
RoundRobin,4834,3037662008,1095572,1095692,120,completed,-31
RoundRobin,4835,3658959723,1095672,1095776,104,completed,-10
RoundRobin,4836,3037662008,1095772,1095892,120,completed,-31
RoundRobin,4837,3658959723,1095872,1095975,103,completed,-10
RoundRobin,4838,3037662008,1095972,1096092,120,completed,-31
RoundRobin,4839,3658959723,1096072,1096175,103,completed,-10
RoundRobin,4841,3658959723,1096377,1096480,103,completed,-11
RoundRobin,4843,3658959723,1096577,1096681,104,completed,-11
RoundRobin,4845,3658959723,1096777,1096880,103,completed,-11
RoundRobin,4847,3658959723,1096977,1097081,104,completed,-11
RoundRobin,4849,3658959723,1097177,1097473,296,completed,-11
RoundRobin,4851,3658959723,1097473,1097582,109,completed,-11
RoundRobin,4853,3658959723,1097673,1097777,104,completed,-11
RoundRobin,4840,3037662008,1096172,1096292,120,completed,-31
RoundRobin,4854,3658959723,1097773,1097879,106,completed,-11
RoundRobin,4842,3037662008,1096477,1096613,136,completed,-30
RoundRobin,4855,3658959723,1097873,1097982,109,completed,-11
RoundRobin,4856,3658959723,1097973,1098085,112,completed,-11
RoundRobin,4844,3037662008,1096677,1096860,183,completed,-30
RoundRobin,4857,3658959723,1098073,1098188,115,completed,-11
RoundRobin,4858,3658959723,1098173,1098291,118,completed,-11
RoundRobin,4859,3658959723,1098382,1098500,118,completed,-12
RoundRobin,4860,3658959723,1098482,1098603,121,completed,-12
RoundRobin,4846,3037662008,1096877,1097135,258,completed,-30
RoundRobin,4848,3037662008,1097077,1097236,159,completed,-30
RoundRobin,4861,3658959723,1098582,1098706,124,completed,-12
RoundRobin,4862,3658959723,1098682,1098809,127,completed,-12
RoundRobin,4850,3037662008,1097373,1097494,121,completed,-30
RoundRobin,4863,3658959723,1098782,1098916,134,completed,-12
RoundRobin,4864,3658959723,1098882,1099019,137,completed,-12
RoundRobin,4865,3658959723,1098982,1099122,140,completed,-12
RoundRobin,4852,3037662008,1097573,1097693,120,completed,-30
RoundRobin,4866,3658959723,1099082,1099225,143,completed,-12
RoundRobin,4867,3658959723,1099377,1099484,107,completed,-12
RoundRobin,4868,3658959723,1099477,1099587,110,completed,-12
RoundRobin,4869,3658959723,1099577,1099690,113,completed,-12
RoundRobin,4870,3658959723,1099677,1099793,116,completed,-12
RoundRobin,4871,3658959723,1099777,1099896,119,completed,-12
RoundRobin,4872,3658959723,1099877,1099999,122,completed,-12
RoundRobin,4873,3658959723,1099977,1100102,125,completed,-12
RoundRobin,4874,3658959723,1100077,1100205,128,completed,-12
RoundRobin,4875,3658959723,1100177,1100308,131,completed,-12
RoundRobin,4876,3658959723,1100381,1100525,144,completed,-12
RoundRobin,4877,3658959723,1100481,1100628,147,completed,-12
RoundRobin,4878,3658959723,1100581,1100731,150,completed,-12
RoundRobin,4879,3658959723,1100681,1100834,153,completed,-12
RoundRobin,4880,3658959723,1100781,1100937,156,completed,-12
RoundRobin,4881,3658959723,1100881,1101040,159,completed,-12
RoundRobin,4882,3658959723,1100981,1101143,162,completed,-12
RoundRobin,4883,3658959723,1101081,1101246,165,completed,-12
RoundRobin,4884,3658959723,1101181,1101478,297,completed,-12
RoundRobin,4885,3658959723,1101382,1101588,206,completed,-12
RoundRobin,4886,3658959723,1101482,1101697,215,completed,-12
RoundRobin,4887,3658959723,1101582,1101800,218,completed,-12
RoundRobin,4888,3658959723,1101682,1101903,221,completed,-12
RoundRobin,4889,3658959723,1101782,1102006,224,completed,-12
RoundRobin,4890,3658959723,1101882,1102108,226,completed,-12
RoundRobin,4891,3658959723,1101982,1102211,229,completed,-12
RoundRobin,4892,3658959723,1102082,1102314,232,completed,-12
RoundRobin,4893,3658959723,1102182,1102485,303,completed,-11
RoundRobin,4894,3658959723,1102388,1102591,203,completed,-11
RoundRobin,4895,3658959723,1102488,1102694,206,completed,-11
RoundRobin,4896,3658959723,1102588,1102796,208,completed,-11
RoundRobin,4897,3658959723,1102688,1102899,211,completed,-11
RoundRobin,4898,3658959723,1102788,1103002,214,completed,-11
RoundRobin,4899,3658959723,1102888,1103105,217,completed,-11
RoundRobin,4900,3658959723,1102988,1103208,220,completed,-11
RoundRobin,4901,3658959723,1103088,1103311,223,completed,-11
RoundRobin,4902,3658959723,1103383,1103487,104,completed,-11
RoundRobin,4903,3658959723,1103483,1103596,113,completed,-11
RoundRobin,4904,3658959723,1103583,1103699,116,completed,-11
RoundRobin,4905,3658959723,1103683,1103802,119,completed,-11
RoundRobin,4906,3658959723,1103783,1103905,122,completed,-11
RoundRobin,4907,3658959723,1103883,1104008,125,completed,-11
RoundRobin,4908,3658959723,1103983,1104111,128,completed,-11
RoundRobin,4909,3658959723,1104083,1104214,131,completed,-11
RoundRobin,4910,3658959723,1104183,1104483,300,completed,-12
RoundRobin,4911,3658959723,1104387,1104586,199,completed,-12
RoundRobin,4912,3658959723,1104487,1104692,205,completed,-12
RoundRobin,4913,3658959723,1104587,1104795,208,completed,-12
RoundRobin,4914,3658959723,1104687,1104897,210,completed,-12
RoundRobin,4915,3658959723,1104787,1105000,213,completed,-12
RoundRobin,4916,3658959723,1104887,1105102,215,completed,-12
RoundRobin,4917,3658959723,1104987,1105205,218,completed,-12
RoundRobin,4918,3658959723,1105087,1105308,221,completed,-12
RoundRobin,4919,3658959723,1105187,1105485,298,completed,-12
RoundRobin,4920,3658959723,1105389,1105588,199,completed,-12
RoundRobin,4921,3658959723,1105489,1105695,206,completed,-12
RoundRobin,4922,3658959723,1105589,1105798,209,completed,-12
RoundRobin,4923,3658959723,1105689,1105901,212,completed,-12
RoundRobin,4924,3658959723,1105789,1106004,215,completed,-12
RoundRobin,4925,3658959723,1105889,1106107,218,completed,-12
RoundRobin,4926,3658959723,1105989,1106210,221,completed,-12
RoundRobin,4927,3658959723,1106089,1106313,224,completed,-12
RoundRobin,4928,3658959723,1106189,1106488,299,completed,-11
RoundRobin,4929,3658959723,1106391,1106595,204,completed,-11
RoundRobin,4930,3658959723,1106491,1106698,207,completed,-11
RoundRobin,4931,3658959723,1106591,1106801,210,completed,-11
RoundRobin,4932,3658959723,1106691,1106903,212,completed,-11
RoundRobin,4933,3658959723,1106791,1107006,215,completed,-11
RoundRobin,4934,3658959723,1106891,1107109,218,completed,-11
RoundRobin,4935,3658959723,1106991,1107212,221,completed,-11
RoundRobin,4936,3658959723,1107091,1107315,224,completed,-11
RoundRobin,4937,3658959723,1107191,1107489,298,completed,-11
RoundRobin,4938,3658959723,1107393,1107592,199,completed,-11
RoundRobin,4939,3658959723,1107493,1107698,205,completed,-11
RoundRobin,4940,3658959723,1107593,1107801,208,completed,-11
RoundRobin,4941,3658959723,1107693,1107904,211,completed,-11
RoundRobin,4942,3658959723,1107793,1108007,214,completed,-11
RoundRobin,4943,3658959723,1107893,1108110,217,completed,-11
RoundRobin,4944,3658959723,1107993,1108213,220,completed,-11
RoundRobin,4945,3658959723,1108093,1108315,222,completed,-11
RoundRobin,4946,3658959723,1108193,1108494,301,completed,-12
RoundRobin,4947,3658959723,1108397,1108596,199,completed,-12
RoundRobin,4948,3658959723,1108497,1108702,205,completed,-12
RoundRobin,4949,3658959723,1108597,1108804,207,completed,-12
RoundRobin,4950,3658959723,1108697,1108906,209,completed,-12
RoundRobin,4951,3658959723,1108797,1109009,212,completed,-12
RoundRobin,4952,3658959723,1108897,1109111,214,completed,-12
RoundRobin,4953,3658959723,1108997,1109214,217,completed,-12
RoundRobin,4954,3658959723,1109097,1109316,219,completed,-12
RoundRobin,4955,3658959723,1109390,1109497,107,completed,-12
RoundRobin,4956,3658959723,1111603,1111925,322,completed,-11
RoundRobin,4957,3658959723,1111803,1112034,231,completed,-11
RoundRobin,4958,3658959723,1111903,1112143,240,completed,-11
RoundRobin,4959,3658959723,1112003,1112246,243,completed,-11
RoundRobin,4960,3658959723,1112103,1112349,246,completed,-12
RoundRobin,4961,3658959723,1112203,1112452,249,completed,-12
RoundRobin,4962,3658959723,1112303,1112555,252,completed,-12
RoundRobin,4963,3658959723,1112403,1112658,255,completed,-12
RoundRobin,4964,3658959723,1112503,1112761,258,completed,-12
RoundRobin,4965,3658959723,1112603,1112863,260,completed,-12
RoundRobin,4966,3658959723,1112817,1112966,149,completed,-12
RoundRobin,4967,3658959723,1112917,1113069,152,completed,-12
RoundRobin,4968,3658959723,1113017,1113172,155,completed,-12
RoundRobin,4969,3658959723,1113117,1113275,158,completed,-12
RoundRobin,4970,3658959723,1113217,1113378,161,completed,-12
RoundRobin,4971,3658959723,1113317,1113481,164,completed,-12
RoundRobin,4972,3658959723,1113417,1113584,167,completed,-12
RoundRobin,4973,3658959723,1113517,1113687,170,completed,-12
RoundRobin,4974,3658959723,1113814,1113918,104,completed,-12
RoundRobin,4975,3658959723,1113914,1114021,107,completed,-12
RoundRobin,4976,3658959723,1114014,1114124,110,completed,-12
RoundRobin,4977,3658959723,1114114,1114227,113,completed,-12
RoundRobin,4978,3658959723,1114214,1114330,116,completed,-12
RoundRobin,4979,3658959723,1114314,1114433,119,completed,-12
RoundRobin,4980,3658959723,1114415,1114536,121,completed,-12
RoundRobin,4981,3658959723,1114515,1114639,124,completed,-12
RoundRobin,4982,3658959723,1114813,1114945,132,completed,-12
RoundRobin,4983,3658959723,1114913,1115047,134,completed,-12
RoundRobin,4984,3658959723,1115013,1115149,136,completed,-12
RoundRobin,4985,3658959723,1115113,1115252,139,completed,-12
RoundRobin,4986,3658959723,1115213,1115355,142,completed,-12
RoundRobin,4987,3658959723,1115313,1115458,145,completed,-12
RoundRobin,4988,3658959723,1115413,1115560,147,completed,-12
RoundRobin,4989,3658959723,1115513,1115663,150,completed,-12
RoundRobin,4990,3658959723,1115809,1115914,105,completed,-12
RoundRobin,4991,3658959723,1115909,1116023,114,completed,-12
RoundRobin,4992,3658959723,1116009,1116126,117,completed,-12
RoundRobin,4993,3658959723,1116109,1116229,120,completed,-12
RoundRobin,4994,3658959723,1116209,1116332,123,completed,-12
RoundRobin,4995,3658959723,1116309,1116435,126,completed,-11
RoundRobin,4996,3658959723,1116409,1116538,129,completed,-11
RoundRobin,4997,3658959723,1116509,1116641,132,completed,-11
RoundRobin,4998,3658959723,1116609,1116744,135,completed,-11
RoundRobin,4999,3658959723,1116822,1116927,105,completed,-11
RoundRobin,5000,3658959723,1116922,1117036,114,completed,-11
RoundRobin,5001,3658959723,1117022,1117139,117,completed,-11
RoundRobin,5002,3658959723,1117122,1117242,120,completed,-11
RoundRobin,5003,3658959723,1117222,1117345,123,completed,-11
RoundRobin,5004,3658959723,1117322,1117448,126,completed,-11
RoundRobin,5005,3658959723,1117422,1117551,129,completed,-11
RoundRobin,5006,3658959723,1117522,1117654,132,completed,-11
RoundRobin,5007,3658959723,1117818,1117922,104,completed,-11
RoundRobin,5008,3658959723,1117918,1118031,113,completed,-11
RoundRobin,5009,3658959723,1118018,1118134,116,completed,-11
RoundRobin,5010,3658959723,1118118,1118237,119,completed,-11
RoundRobin,5011,3658959723,1118218,1118341,123,completed,-11
RoundRobin,5012,3658959723,1118318,1118443,125,completed,-11
RoundRobin,5013,3658959723,1118418,1118546,128,completed,-11
RoundRobin,5014,3658959723,1118518,1118649,131,completed,-11
RoundRobin,5015,3658959723,1118809,1118914,105,completed,-11
RoundRobin,5016,3658959723,1118909,1119024,115,completed,-11
RoundRobin,5017,3658959723,1119009,1119127,118,completed,-11
RoundRobin,5018,3658959723,1119109,1119230,121,completed,-11
RoundRobin,5019,3658959723,1119209,1119332,123,completed,-11
RoundRobin,5020,3658959723,1119309,1119434,125,completed,-11
RoundRobin,5021,3658959723,1119409,1119537,128,completed,-11
RoundRobin,5022,3658959723,1119509,1119640,131,completed,-11
RoundRobin,5023,3658959723,1119609,1119743,134,completed,-11
RoundRobin,5024,3658959723,1119821,1119932,111,completed,-11
RoundRobin,5025,3658959723,1119921,1120042,121,completed,-11
RoundRobin,5026,3658959723,1120021,1120145,124,completed,-11
RoundRobin,5027,3658959723,1120121,1120248,127,completed,-11
RoundRobin,5028,3658959723,1120221,1120351,130,completed,-11
RoundRobin,5029,3658959723,1120321,1120452,131,completed,-11
RoundRobin,5030,3658959723,1120421,1120555,134,completed,-11
RoundRobin,5031,3658959723,1120521,1120658,137,completed,-11
RoundRobin,5032,3658959723,1120822,1120953,131,completed,-11
RoundRobin,5033,3658959723,1120922,1121056,134,completed,-11
RoundRobin,5034,3658959723,1121022,1121159,137,completed,-11
RoundRobin,5035,3658959723,1121122,1121262,140,completed,-11
RoundRobin,5036,3658959723,1121222,1121365,143,completed,-11
RoundRobin,5037,3658959723,1121322,1121468,146,completed,-11
RoundRobin,5038,3658959723,1121422,1121571,149,completed,-11
RoundRobin,5039,3658959723,1121522,1121674,152,completed,-11
RoundRobin,5040,3658959723,1121816,1121920,104,completed,-11
RoundRobin,5041,3658959723,1121916,1122022,106,completed,-11
RoundRobin,5042,3658959723,1122016,1122125,109,completed,-11
RoundRobin,5043,3658959723,1122116,1122227,111,completed,-11
RoundRobin,5044,3658959723,1122216,1122330,114,completed,-11
RoundRobin,5045,3658959723,1122316,1122433,117,completed,-11
RoundRobin,5046,3658959723,1122416,1122536,120,completed,-11
RoundRobin,5047,3658959723,1122516,1122639,123,completed,-11
RoundRobin,5048,3658959723,1122616,1122742,126,completed,-11
RoundRobin,5049,3658959723,1122826,1122932,106,completed,-11
RoundRobin,5050,3658959723,1122926,1123035,109,completed,-11
RoundRobin,5051,3658959723,1123026,1123138,112,completed,-11
RoundRobin,5052,3658959723,1123126,1123241,115,completed,-11
RoundRobin,5053,3658959723,1123226,1123343,117,completed,-11
RoundRobin,5054,3658959723,1123326,1123446,120,completed,-11
RoundRobin,5055,3658959723,1123428,1123549,121,completed,-11
RoundRobin,5056,3658959723,1123528,1123652,124,completed,-11
RoundRobin,5057,3658959723,1123824,1123948,124,completed,-11
RoundRobin,5058,3658959723,1123924,1124051,127,completed,-11
RoundRobin,5059,3658959723,1124024,1124154,130,completed,-11
RoundRobin,5060,3658959723,1124124,1124257,133,completed,-11
RoundRobin,5061,3658959723,1124224,1124360,136,completed,-11
RoundRobin,5062,3658959723,1124324,1124463,139,completed,-11
RoundRobin,5063,3658959723,1124424,1124566,142,completed,-11
RoundRobin,5064,3658959723,1124524,1124668,144,completed,-11
RoundRobin,5065,3658959723,1124819,1124925,106,completed,-11
RoundRobin,5066,3658959723,1124919,1125034,115,completed,-11
RoundRobin,5067,3658959723,1125019,1125137,118,completed,-11
RoundRobin,5068,3658959723,1125119,1125240,121,completed,-11
RoundRobin,5069,3658959723,1125219,1125343,124,completed,-11
RoundRobin,5070,3658959723,1125319,1125446,127,completed,-11
RoundRobin,5071,3658959723,1125419,1125549,130,completed,-11
RoundRobin,5072,3658959723,1125519,1125652,133,completed,-11
RoundRobin,5073,3658959723,1125619,1125755,136,completed,-11
RoundRobin,5074,3658959723,1125820,1125927,107,completed,-11
RoundRobin,5075,3658959723,1125920,1126030,110,completed,-11
RoundRobin,5082,3658959723,1126819,1126945,126,completed,-12
RoundRobin,5085,3037662008,1129328,1129836,508,completed,-30
RoundRobin,5087,3037662008,1129528,1129953,425,completed,-30
RoundRobin,5083,3658959723,1129023,1129350,327,completed,-11
RoundRobin,5084,3658959723,1129228,1129842,614,completed,-11
RoundRobin,5089,3037662008,1129728,1130056,328,completed,-30
RoundRobin,5076,3658959723,1126020,1126133,113,completed,-11
RoundRobin,5077,3658959723,1126125,1126235,110,completed,-11
RoundRobin,5078,3658959723,1126225,1126338,113,completed,-11
RoundRobin,5079,3658959723,1126325,1126441,116,completed,-12
RoundRobin,5080,3658959723,1126425,1126544,119,completed,-12
RoundRobin,5081,3658959723,1126525,1126647,122,completed,-12
RoundRobin,5086,3658959723,1129428,1130095,667,completed,-11
RoundRobin,5088,3658959723,1129628,1130197,569,completed,-11
RoundRobin,5091,3037662008,1129930,1130159,229,completed,-30
RoundRobin,5090,3658959723,1129830,1130299,469,completed,-11
RoundRobin,5093,3037662008,1130333,1130454,121,completed,-32
RoundRobin,5092,3658959723,1130233,1130402,169,completed,-11
RoundRobin,5094,3658959723,1130433,1130536,103,completed,-11
RoundRobin,5095,3037662008,1130533,1130655,122,completed,-32
RoundRobin,5096,3658959723,1130633,1130738,105,completed,-11
RoundRobin,5097,3037662008,1130737,1130860,123,completed,-32
RoundRobin,5098,3658959723,1130839,1130945,106,completed,-11
RoundRobin,5099,3037662008,1130939,1131060,121,completed,-32
RoundRobin,5100,3658959723,1131228,1131367,139,completed,-11
RoundRobin,5102,3658959723,1131428,1131531,103,completed,-11
RoundRobin,5101,3037662008,1131328,1131559,231,completed,-32
RoundRobin,5103,3037662008,1131528,1131662,134,completed,-32
RoundRobin,5104,3658959723,1131628,1131732,104,completed,-11
RoundRobin,5105,3037662008,1131728,1131850,122,completed,-32
RoundRobin,5106,3658959723,1131828,1131932,104,completed,-11
RoundRobin,5107,3037662008,1131928,1132048,120,completed,-32
RoundRobin,5109,3037662008,1132229,1132355,126,completed,-32
RoundRobin,5108,3658959723,1132028,1132337,309,completed,-11
RoundRobin,5110,3658959723,1132329,1132440,111,completed,-10
RoundRobin,5111,3037662008,1132429,1132551,122,completed,-31
RoundRobin,5112,3658959723,1132529,1132633,104,completed,-10
RoundRobin,5113,3037662008,1132629,1132749,120,completed,-31
RoundRobin,5114,3658959723,1132729,1132834,105,completed,-10
RoundRobin,5115,3037662008,1132829,1132949,120,completed,-31
RoundRobin,5116,3658959723,1132929,1133033,104,completed,-10
RoundRobin,5118,3658959723,1133230,1133337,107,completed,-10
RoundRobin,5117,3037662008,1133031,1133407,376,completed,-31
RoundRobin,5119,3037662008,1133330,1133518,188,completed,-31
RoundRobin,5120,3658959723,1133430,1133534,104,completed,-10
RoundRobin,5121,3037662008,1133530,1133650,120,completed,-31
RoundRobin,5122,3658959723,1133630,1133733,103,completed,-10
RoundRobin,5123,3037662008,1133730,1133850,120,completed,-31
RoundRobin,5124,3658959723,1133830,1133935,105,completed,-10
RoundRobin,5125,3037662008,1133930,1134051,121,completed,-31
RoundRobin,5126,3658959723,1134030,1134133,103,completed,-10
RoundRobin,5127,3037662008,1134233,1134371,138,completed,-30
RoundRobin,5128,3658959723,1134333,1134436,103,completed,-11
RoundRobin,5129,3037662008,1134433,1134555,122,completed,-30
RoundRobin,5130,3658959723,1134533,1134637,104,completed,-11
RoundRobin,5131,3037662008,1134633,1134754,121,completed,-30
RoundRobin,5132,3658959723,1134733,1134837,104,completed,-11
RoundRobin,5133,3037662008,1134833,1134953,120,completed,-30
RoundRobin,5134,3658959723,1134933,1135037,104,completed,-11
RoundRobin,5135,3037662008,1135033,1135348,315,completed,-30
RoundRobin,5136,3658959723,1135234,1135343,109,completed,-11
RoundRobin,5137,3037662008,1135334,1135458,124,completed,-30
RoundRobin,5138,3658959723,1135434,1135538,104,completed,-11
RoundRobin,5139,3037662008,1135534,1135654,120,completed,-30
RoundRobin,5140,3658959723,1135634,1135738,104,completed,-11
RoundRobin,5141,3037662008,1135734,1135855,121,completed,-30
RoundRobin,5142,3658959723,1135834,1135938,104,completed,-11
RoundRobin,5143,3037662008,1135934,1136054,120,completed,-30
RoundRobin,5145,3037662008,1136235,1136356,121,completed,-30
RoundRobin,5144,3658959723,1136034,1136338,304,completed,-11
RoundRobin,5146,3658959723,1136335,1136441,106,completed,-11
RoundRobin,5147,3037662008,1136435,1136557,122,completed,-31
RoundRobin,5148,3658959723,1136535,1136640,105,completed,-11
RoundRobin,5149,3037662008,1136635,1136755,120,completed,-31
RoundRobin,5150,3658959723,1136735,1136839,104,completed,-11
RoundRobin,5151,3037662008,1136835,1136955,120,completed,-31
RoundRobin,5152,3658959723,1136935,1137039,104,completed,-11
RoundRobin,5153,3037662008,1137035,1137350,315,completed,-31
RoundRobin,5154,3658959723,1137236,1137342,106,completed,-11
RoundRobin,5155,3037662008,1137336,1137457,121,completed,-31
RoundRobin,5156,3658959723,1137436,1137540,104,completed,-11
RoundRobin,5157,3037662008,1137536,1137657,121,completed,-31
RoundRobin,5158,3658959723,1137636,1137739,103,completed,-11
RoundRobin,5159,3037662008,1137736,1137856,120,completed,-31
RoundRobin,5160,3658959723,1137836,1137940,104,completed,-11
RoundRobin,5161,3037662008,1137936,1138056,120,completed,-31
RoundRobin,5163,3037662008,1138237,1138358,121,completed,-31
RoundRobin,5162,3658959723,1138036,1138341,305,completed,-11
RoundRobin,5164,3658959723,1138337,1138460,123,completed,-10
RoundRobin,5165,3037662008,1138437,1138559,122,completed,-31
RoundRobin,5166,3658959723,1138537,1138640,103,completed,-10
RoundRobin,5167,3037662008,1138637,1138757,120,completed,-31
RoundRobin,5168,3658959723,1138737,1138840,103,completed,-10
RoundRobin,5169,3037662008,1138837,1138957,120,completed,-31
RoundRobin,5170,3658959723,1138937,1139041,104,completed,-10
RoundRobin,5171,3037662008,1139037,1139351,314,completed,-31
RoundRobin,5172,3658959723,1139238,1139343,105,completed,-10
RoundRobin,5173,3037662008,1139338,1139461,123,completed,-31
RoundRobin,5174,3658959723,1139438,1139542,104,completed,-10
RoundRobin,5175,3037662008,1139538,1139659,121,completed,-31
RoundRobin,5176,3658959723,1139638,1139741,103,completed,-10
RoundRobin,5177,3037662008,1139738,1139858,120,completed,-31
RoundRobin,5178,3658959723,1139838,1139942,104,completed,-10
RoundRobin,5179,3037662008,1139938,1140059,121,completed,-31
RoundRobin,5180,3658959723,1140038,1140341,303,completed,-10
RoundRobin,5181,3037662008,1140238,1140359,121,completed,-31
RoundRobin,5182,3658959723,1140338,1140451,113,completed,-10
RoundRobin,5183,3037662008,1140438,1140560,122,completed,-32
RoundRobin,5184,3658959723,1140538,1140641,103,completed,-10
RoundRobin,5185,3037662008,1140638,1140758,120,completed,-32
RoundRobin,5186,3658959723,1140738,1140841,103,completed,-10
RoundRobin,5187,3037662008,1140838,1140958,120,completed,-32
RoundRobin,5188,3658959723,1140938,1141043,105,completed,-10
RoundRobin,5189,3037662008,1141038,1141354,316,completed,-32
RoundRobin,5190,3658959723,1141240,1141347,107,completed,-10
RoundRobin,5191,3037662008,1141340,1141464,124,completed,-32
RoundRobin,5192,3658959723,1141440,1141543,103,completed,-10
RoundRobin,5193,3037662008,1141540,1141660,120,completed,-32
RoundRobin,5194,3658959723,1141640,1141744,104,completed,-10
RoundRobin,5195,3037662008,1141740,1141860,120,completed,-32
RoundRobin,5196,3658959723,1141840,1141944,104,completed,-10
RoundRobin,5197,3037662008,1141940,1142060,120,completed,-32
RoundRobin,5199,3037662008,1142240,1142361,121,completed,-32
RoundRobin,5198,3658959723,1142040,1142344,304,completed,-10
RoundRobin,5200,3658959723,1142340,1142460,120,completed,-10
RoundRobin,5201,3037662008,1142440,1142562,122,completed,-31
RoundRobin,5202,3658959723,1142540,1142645,105,completed,-10
RoundRobin,5203,3037662008,1142640,1142760,120,completed,-31
RoundRobin,5204,3658959723,1142740,1142843,103,completed,-10
RoundRobin,5205,3037662008,1142840,1142960,120,completed,-31
RoundRobin,5207,3037662008,1143040,1143161,121,completed,-31
RoundRobin,5206,3658959723,1142940,1143044,104,completed,-10
RoundRobin,5208,3658959723,1143243,1143351,108,completed,-10
RoundRobin,5209,3037662008,1143343,1143464,121,completed,-31
RoundRobin,5210,3658959723,1143443,1143546,103,completed,-10
RoundRobin,5211,3037662008,1143543,1143663,120,completed,-31
RoundRobin,5212,3658959723,1143643,1143747,104,completed,-10
RoundRobin,5213,3037662008,1143743,1143863,120,completed,-31
RoundRobin,5214,3658959723,1143843,1143948,105,completed,-10
RoundRobin,5215,3037662008,1143943,1144065,122,completed,-31
RoundRobin,5216,3658959723,1144043,1144350,307,completed,-10
RoundRobin,5217,3037662008,1144245,1144370,125,completed,-30
RoundRobin,5219,3037662008,1146658,1146778,120,completed,-29
RoundRobin,5218,3658959723,1146449,1146758,309,completed,-10
RoundRobin,5220,3658959723,1146763,1146898,135,completed,-10
RoundRobin,5221,3037662008,1146863,1146984,121,completed,-29
RoundRobin,5222,3658959723,1146963,1147067,104,completed,-10
RoundRobin,5223,3037662008,1147063,1147183,120,completed,-29
RoundRobin,5224,3658959723,1147163,1147268,105,completed,-10
RoundRobin,5225,3037662008,1147263,1147383,120,completed,-29
RoundRobin,5226,3658959723,1147363,1147466,103,completed,-10
RoundRobin,5227,3037662008,1147651,1147778,127,completed,-29
RoundRobin,5228,3658959723,1147751,1147855,104,completed,-10
RoundRobin,5229,3037662008,1147851,1147971,120,completed,-29
RoundRobin,5230,3658959723,1147951,1148054,103,completed,-10
RoundRobin,5231,3037662008,1148051,1148171,120,completed,-29
RoundRobin,5232,3658959723,1148151,1148255,104,completed,-10
RoundRobin,5233,3037662008,1148251,1148372,121,completed,-32
RoundRobin,5234,3658959723,1148351,1148455,104,completed,-11
RoundRobin,5235,3037662008,1148451,1148573,122,completed,-32
RoundRobin,5237,3037662008,1148769,1148891,122,completed,-32
RoundRobin,5236,3658959723,1148663,1148993,330,completed,-11
RoundRobin,5239,3037662008,1148969,1149089,120,completed,-32
RoundRobin,5238,3658959723,1148869,1149101,232,completed,-11
RoundRobin,5240,3658959723,1149069,1149220,151,completed,-11
RoundRobin,5241,3037662008,1149169,1149290,121,completed,-32
RoundRobin,5242,3658959723,1149269,1149373,104,completed,-11
RoundRobin,5243,3037662008,1149369,1149490,121,completed,-32
RoundRobin,5244,3658959723,1149653,1149757,104,completed,-11
RoundRobin,5245,3037662008,1149755,1149878,123,completed,-32
RoundRobin,5246,3658959723,1149855,1149959,104,completed,-11
RoundRobin,5247,3037662008,1149955,1150075,120,completed,-32
RoundRobin,5248,3658959723,1150055,1150159,104,completed,-11
RoundRobin,5249,3037662008,1150155,1150276,121,completed,-32
RoundRobin,5250,3658959723,1150255,1150360,105,completed,-11
RoundRobin,5251,3037662008,1150355,1150477,122,completed,-30
RoundRobin,5252,3658959723,1150455,1150755,300,completed,-11
RoundRobin,5254,3658959723,1150758,1150895,137,completed,-11
RoundRobin,5253,3037662008,1150651,1150958,307,completed,-30
RoundRobin,5255,3037662008,1150858,1151061,203,completed,-30
RoundRobin,5256,3658959723,1150958,1151062,104,completed,-11
RoundRobin,5257,3037662008,1151058,1151178,120,completed,-30
RoundRobin,5258,3658959723,1151158,1151262,104,completed,-11
RoundRobin,5259,3037662008,1151258,1151378,120,completed,-30
RoundRobin,5260,3658959723,1151358,1151462,104,completed,-11
RoundRobin,5261,3037662008,1151458,1151772,314,completed,-30
RoundRobin,5262,3658959723,1151659,1151764,105,completed,-11
RoundRobin,5263,3037662008,1151759,1151880,121,completed,-30
RoundRobin,5264,3658959723,1151859,1151964,105,completed,-11
RoundRobin,5265,3037662008,1151959,1152081,122,completed,-30
RoundRobin,5266,3658959723,1152059,1152162,103,completed,-11
RoundRobin,5267,3037662008,1152159,1152280,121,completed,-30
RoundRobin,5269,3037662008,1152359,1152481,122,completed,-30
RoundRobin,5268,3658959723,1152259,1152363,104,completed,-10
RoundRobin,5270,3658959723,1152459,1152770,311,completed,-10
RoundRobin,5271,3037662008,1152664,1152789,125,completed,-30
RoundRobin,5272,3658959723,1152770,1152879,109,completed,-10
RoundRobin,5273,3037662008,1152870,1152990,120,completed,-30
RoundRobin,5274,3658959723,1152970,1153073,103,completed,-10
RoundRobin,5275,3037662008,1153070,1153191,121,completed,-30
RoundRobin,5276,3658959723,1153170,1153274,104,completed,-10
RoundRobin,5277,3037662008,1153270,1153390,120,completed,-30
RoundRobin,5278,3658959723,1153370,1153473,103,completed,-10
RoundRobin,5279,3037662008,1153659,1153782,123,completed,-30
RoundRobin,5280,3658959723,1153759,1153862,103,completed,-10
RoundRobin,5281,3037662008,1153859,1153980,121,completed,-30
RoundRobin,5282,3658959723,1153959,1154062,103,completed,-10
RoundRobin,5283,3037662008,1154059,1154179,120,completed,-30
RoundRobin,5284,3658959723,1154159,1154263,104,completed,-10
RoundRobin,5285,3037662008,1154259,1154379,120,completed,-34
RoundRobin,5287,3037662008,1154460,1154583,123,completed,-34
RoundRobin,5286,3658959723,1154359,1154467,108,completed,-11
RoundRobin,5288,3658959723,1154669,1154779,110,completed,-11
RoundRobin,5289,3037662008,1154769,1154891,122,completed,-34
RoundRobin,5290,3658959723,1154869,1154972,103,completed,-11
RoundRobin,5291,3037662008,1154969,1155089,120,completed,-34
RoundRobin,5292,3658959723,1155069,1155173,104,completed,-11
RoundRobin,5293,3037662008,1155169,1155290,121,completed,-34
RoundRobin,5294,3658959723,1155269,1155373,104,completed,-11
RoundRobin,5295,3037662008,1155369,1155489,120,completed,-34
RoundRobin,5296,3658959723,1155469,1155773,304,completed,-11
RoundRobin,5297,3037662008,1155670,1155798,128,completed,-34
RoundRobin,5298,3658959723,1155770,1155882,112,completed,-11
RoundRobin,5300,3658959723,1155970,1156074,104,completed,-11
RoundRobin,5299,3037662008,1155870,1156117,247,completed,-34
RoundRobin,5301,3037662008,1156070,1156220,150,completed,-34
RoundRobin,5303,3037662008,1156270,1156392,122,completed,-32
RoundRobin,5305,3037662008,1156470,1156591,121,completed,-32
RoundRobin,5302,3658959723,1156170,1156489,319,completed,-10
RoundRobin,5304,3658959723,1156370,1156782,412,completed,-10
RoundRobin,5307,3037662008,1156779,1156901,122,completed,-32
RoundRobin,5306,3658959723,1156677,1156991,314,completed,-10
RoundRobin,5309,3037662008,1156979,1157099,120,completed,-32
RoundRobin,5308,3658959723,1156879,1157094,215,completed,-10
RoundRobin,5310,3658959723,1157079,1157197,118,completed,-10
RoundRobin,5311,3037662008,1157179,1157300,121,completed,-32
RoundRobin,5312,3658959723,1157279,1157383,104,completed,-10
RoundRobin,5313,3037662008,1157379,1157500,121,completed,-32
RoundRobin,5314,3658959723,1157671,1157776,105,completed,-10
RoundRobin,5315,3037662008,1157771,1157893,122,completed,-32
RoundRobin,5316,3658959723,1157871,1157976,105,completed,-10
RoundRobin,5317,3037662008,1157971,1158091,120,completed,-32
RoundRobin,5318,3658959723,1158071,1158174,103,completed,-10
RoundRobin,5319,3037662008,1158171,1158292,121,completed,-32
RoundRobin,5320,3658959723,1158271,1158374,103,completed,-10
RoundRobin,5321,3037662008,1158371,1158491,120,completed,-31
RoundRobin,5322,3658959723,1158471,1158574,103,completed,-10
RoundRobin,5323,3037662008,1158675,1158801,126,completed,-31
RoundRobin,5324,3658959723,1158775,1158881,106,completed,-10
RoundRobin,5325,3037662008,1158875,1158996,121,completed,-31
RoundRobin,5326,3658959723,1158975,1159078,103,completed,-10
RoundRobin,5327,3037662008,1159075,1159196,121,completed,-31
RoundRobin,5328,3658959723,1159175,1159279,104,completed,-10
RoundRobin,5329,3037662008,1159275,1159395,120,completed,-31
RoundRobin,5330,3658959723,1159375,1159478,103,completed,-10
RoundRobin,5331,3037662008,1159475,1159790,315,completed,-31
RoundRobin,5332,3658959723,1159676,1159782,106,completed,-10
RoundRobin,5333,3037662008,1159776,1159897,121,completed,-31
RoundRobin,5334,3658959723,1159876,1159980,104,completed,-10
RoundRobin,5335,3037662008,1159976,1160096,120,completed,-31
RoundRobin,5336,3658959723,1160076,1160179,103,completed,-10
RoundRobin,5337,3037662008,1160176,1160297,121,completed,-31
RoundRobin,5338,3658959723,1160276,1160380,104,completed,-10
RoundRobin,5339,3037662008,1160376,1160497,121,completed,-31
RoundRobin,5340,3658959723,1160476,1160579,103,completed,-10
RoundRobin,5341,3037662008,1160680,1160881,201,completed,-31
RoundRobin,5342,3658959723,1160780,1160886,106,completed,-10
RoundRobin,5343,3037662008,1160880,1161000,120,completed,-31
RoundRobin,5344,3658959723,1160980,1161083,103,completed,-10
RoundRobin,5345,3037662008,1161080,1161201,121,completed,-31
RoundRobin,5346,3658959723,1161180,1161284,104,completed,-10
RoundRobin,5347,3037662008,1161280,1161400,120,completed,-31
RoundRobin,5348,3658959723,1161380,1161484,104,completed,-10
RoundRobin,5349,3037662008,1161480,1161797,317,completed,-31
RoundRobin,5350,3658959723,1161683,1161789,106,completed,-10
RoundRobin,5351,3037662008,1163893,1164214,321,completed,-30
RoundRobin,5353,3037662008,1164207,1164330,123,completed,-30
RoundRobin,5352,3658959723,1164104,1164472,368,completed,-10
RoundRobin,5355,3037662008,1164407,1164528,121,completed,-31
RoundRobin,5354,3658959723,1164307,1164581,274,completed,-10
RoundRobin,5356,3658959723,1164507,1164691,184,completed,-10
RoundRobin,5357,3037662008,1164607,1164727,120,completed,-31
RoundRobin,5358,3658959723,1164707,1164810,103,completed,-10
RoundRobin,5359,3037662008,1164807,1164928,121,completed,-31
RoundRobin,5360,3658959723,1165094,1165199,105,completed,-10
RoundRobin,5361,3037662008,1165194,1165314,120,completed,-31
RoundRobin,5362,3658959723,1165294,1165398,104,completed,-10
RoundRobin,5363,3037662008,1165394,1165514,120,completed,-31
RoundRobin,5364,3658959723,1165494,1165597,103,completed,-10
RoundRobin,5365,3037662008,1165594,1165715,121,completed,-31
RoundRobin,5366,3658959723,1165694,1165798,104,completed,-10
RoundRobin,5367,3037662008,1165794,1165916,122,completed,-31
RoundRobin,5368,3658959723,1165894,1165998,104,completed,-10
RoundRobin,5369,3037662008,1166102,1166225,123,completed,-31
RoundRobin,5370,3658959723,1166202,1166305,103,completed,-10
RoundRobin,5371,3037662008,1166302,1166423,121,completed,-29
RoundRobin,5372,3658959723,1166402,1166506,104,completed,-10
RoundRobin,5373,3037662008,1166502,1166623,121,completed,-29
RoundRobin,5374,3658959723,1166602,1166706,104,completed,-10
RoundRobin,5375,3037662008,1166702,1166823,121,completed,-29
RoundRobin,5376,3658959723,1166802,1166905,103,completed,-10
RoundRobin,5377,3037662008,1167096,1167220,124,completed,-29
RoundRobin,5378,3658959723,1167196,1167299,103,completed,-10
RoundRobin,5379,3037662008,1167296,1167417,121,completed,-29
RoundRobin,5380,3658959723,1167396,1167500,104,completed,-10
RoundRobin,5381,3037662008,1167496,1167617,121,completed,-29
RoundRobin,5382,3658959723,1167596,1167700,104,completed,-10
RoundRobin,5383,3037662008,1167696,1167816,120,completed,-29
RoundRobin,5385,3037662008,1167896,1168017,121,completed,-29
RoundRobin,5384,3658959723,1167796,1167901,105,completed,-10
RoundRobin,5386,3658959723,1168104,1168211,107,completed,-10
RoundRobin,5387,3037662008,1168204,1168325,121,completed,-29
RoundRobin,5388,3658959723,1168304,1168408,104,completed,-10
RoundRobin,5389,3037662008,1168404,1168524,120,completed,-30
RoundRobin,5390,3658959723,1168504,1168609,105,completed,-10
RoundRobin,5391,3037662008,1168604,1168725,121,completed,-30
RoundRobin,5392,3658959723,1168704,1168809,105,completed,-10
RoundRobin,5393,3037662008,1168804,1168925,121,completed,-30
RoundRobin,5394,3658959723,1169098,1169202,104,completed,-10
RoundRobin,5395,3037662008,1169198,1169319,121,completed,-30
RoundRobin,5396,3658959723,1169298,1169402,104,completed,-10
RoundRobin,5397,3037662008,1169398,1169518,120,completed,-30
RoundRobin,5398,3658959723,1169498,1169603,105,completed,-10
RoundRobin,5399,3037662008,1169598,1169718,120,completed,-30
RoundRobin,5400,3658959723,1169698,1169801,103,completed,-10
RoundRobin,5401,3037662008,1169798,1169919,121,completed,-30
RoundRobin,5402,3658959723,1169898,1170004,106,completed,-10
RoundRobin,5403,3037662008,1170105,1170229,124,completed,-30
RoundRobin,5404,3658959723,1170205,1170308,103,completed,-10
RoundRobin,5405,3037662008,1170305,1170426,121,completed,-31
RoundRobin,5406,3658959723,1170405,1170508,103,completed,-10
RoundRobin,5407,3037662008,1170505,1170627,122,completed,-31
RoundRobin,5408,3658959723,1170605,1170709,104,completed,-10
RoundRobin,5409,3037662008,1170705,1170826,121,completed,-31
RoundRobin,5410,3658959723,1170805,1170910,105,completed,-10
RoundRobin,5411,3037662008,1171101,1171224,123,completed,-31
RoundRobin,5412,3658959723,1171201,1171304,103,completed,-10
RoundRobin,5413,3037662008,1171301,1171422,121,completed,-31
RoundRobin,5414,3658959723,1171401,1171504,103,completed,-10
RoundRobin,5415,3037662008,1171501,1171622,121,completed,-31
RoundRobin,5416,3658959723,1171601,1171704,103,completed,-10
RoundRobin,5417,3037662008,1171701,1171821,120,completed,-31
RoundRobin,5418,3658959723,1171801,1171905,104,completed,-10
RoundRobin,5419,3037662008,1171903,1172218,315,completed,-31
RoundRobin,5420,3658959723,1172106,1172210,104,completed,-10
RoundRobin,5421,3037662008,1172206,1172329,123,completed,-31
RoundRobin,5422,3658959723,1172306,1172410,104,completed,-11
RoundRobin,5423,3037662008,1172406,1172526,120,completed,-34
RoundRobin,5424,3658959723,1172506,1172610,104,completed,-11
RoundRobin,5425,3037662008,1172606,1172726,120,completed,-34
RoundRobin,5426,3658959723,1172706,1172809,103,completed,-11
RoundRobin,5427,3037662008,1172806,1172927,121,completed,-34
RoundRobin,5429,3037662008,1173107,1173231,124,completed,-34
RoundRobin,5428,3658959723,1172906,1173214,308,completed,-11
RoundRobin,5430,3658959723,1173207,1173317,110,completed,-11
RoundRobin,5431,3037662008,1173307,1173429,122,completed,-34
RoundRobin,5432,3658959723,1173407,1173510,103,completed,-11
RoundRobin,5433,3037662008,1173507,1173628,121,completed,-34
RoundRobin,5434,3658959723,1173607,1173711,104,completed,-11
RoundRobin,5435,3037662008,1173707,1173828,121,completed,-34
RoundRobin,5436,3658959723,1173807,1173911,104,completed,-11
RoundRobin,5437,3037662008,1173907,1174222,315,completed,-34
RoundRobin,5438,3658959723,1174109,1174214,105,completed,-11
RoundRobin,5439,3037662008,1174209,1174332,123,completed,-34
RoundRobin,5440,3658959723,1174309,1174413,104,completed,-11
RoundRobin,5441,3037662008,1174409,1174529,120,completed,-30
RoundRobin,5442,3658959723,1174509,1174612,103,completed,-11
RoundRobin,5443,3037662008,1174609,1174730,121,completed,-30
RoundRobin,5444,3658959723,1174709,1174813,104,completed,-11
RoundRobin,5445,3037662008,1174810,1174930,120,completed,-30
RoundRobin,5447,3037662008,1175111,1175232,121,completed,-30
RoundRobin,5446,3658959723,1174910,1175215,305,completed,-11
RoundRobin,5448,3658959723,1175211,1175317,106,completed,-11
RoundRobin,5449,3037662008,1175311,1175433,122,completed,-30
RoundRobin,5450,3658959723,1175411,1175514,103,completed,-11
RoundRobin,5451,3037662008,1175511,1175632,121,completed,-30
RoundRobin,5452,3658959723,1175611,1175715,104,completed,-11
RoundRobin,5453,3037662008,1175711,1175831,120,completed,-30
RoundRobin,5454,3658959723,1175811,1175915,104,completed,-11
RoundRobin,5455,3037662008,1175911,1176226,315,completed,-30
RoundRobin,5456,3658959723,1176111,1176217,106,completed,-11
RoundRobin,5457,3037662008,1176211,1176336,125,completed,-30
RoundRobin,5458,3658959723,1176311,1176414,103,completed,-10
RoundRobin,5459,3037662008,1176411,1176533,122,completed,-30
RoundRobin,5460,3658959723,1176511,1176615,104,completed,-10
RoundRobin,5461,3037662008,1176611,1176732,121,completed,-30
RoundRobin,5462,3658959723,1176711,1176814,103,completed,-10
RoundRobin,5463,3037662008,1176811,1176932,121,completed,-30
RoundRobin,5464,3658959723,1176911,1177016,105,completed,-10
RoundRobin,5465,3037662008,1177116,1177239,123,completed,-30
RoundRobin,5466,3658959723,1177216,1177319,103,completed,-10
RoundRobin,5467,3037662008,1177316,1177438,122,completed,-30
RoundRobin,5468,3658959723,1177416,1177519,103,completed,-10
RoundRobin,5469,3037662008,1177516,1177637,121,completed,-30
RoundRobin,5470,3658959723,1177616,1177721,105,completed,-10
RoundRobin,5471,3037662008,1177716,1177836,120,completed,-30
RoundRobin,5472,3658959723,1177816,1177920,104,completed,-10
RoundRobin,5473,3037662008,1178112,1178235,123,completed,-30
RoundRobin,5474,3658959723,1178212,1178317,105,completed,-10
RoundRobin,5475,3037662008,1178312,1178434,122,completed,-32
RoundRobin,5476,3658959723,1178412,1178515,103,completed,-11
RoundRobin,5477,3037662008,1178512,1178632,120,completed,-32
RoundRobin,5478,3658959723,1178612,1178716,104,completed,-11
RoundRobin,5479,3037662008,1178712,1178833,121,completed,-32
RoundRobin,5480,3658959723,1178812,1178915,103,completed,-11
RoundRobin,5482,3658959723,1179115,1179224,109,completed,-11
RoundRobin,5481,3037662008,1178912,1179033,121,completed,-32
RoundRobin,5483,3037662008,1181319,1181638,319,completed,-30
RoundRobin,5485,3037662008,1181625,1181747,122,completed,-30
RoundRobin,5487,3037662008,1181825,1181946,121,completed,-30
RoundRobin,5489,3037662008,1182025,1182146,121,completed,-30
RoundRobin,5484,3658959723,1181525,1181690,165,completed,-10
RoundRobin,5486,3658959723,1181725,1181963,238,completed,-10
RoundRobin,5488,3658959723,1181925,1182248,323,completed,-10
RoundRobin,5491,3037662008,1182225,1182347,122,completed,-30
RoundRobin,5490,3658959723,1182125,1182350,225,completed,-10
RoundRobin,5492,3658959723,1182519,1182627,108,completed,-11
RoundRobin,5493,3037662008,1182619,1182740,121,completed,-33
RoundRobin,5494,3658959723,1182719,1182824,105,completed,-11
RoundRobin,5495,3037662008,1182819,1182942,123,completed,-33
RoundRobin,5496,3658959723,1182919,1183023,104,completed,-11
RoundRobin,5497,3037662008,1183019,1183140,121,completed,-33
RoundRobin,5498,3658959723,1183119,1183222,103,completed,-11
RoundRobin,5499,3037662008,1183219,1183340,121,completed,-33
RoundRobin,5500,3658959723,1183319,1183424,105,completed,-11
RoundRobin,5502,3658959723,1183626,1183729,103,completed,-11
RoundRobin,5501,3037662008,1183526,1183830,304,completed,-33
RoundRobin,5503,3037662008,1183726,1183933,207,completed,-33
RoundRobin,5504,3658959723,1183826,1183930,104,completed,-11
RoundRobin,5505,3037662008,1183926,1184048,122,completed,-33
RoundRobin,5506,3658959723,1184026,1184130,104,completed,-11
RoundRobin,5507,3037662008,1184126,1184247,121,completed,-33
RoundRobin,5508,3658959723,1184226,1184330,104,completed,-11
RoundRobin,5509,3037662008,1184326,1184641,315,completed,-32
RoundRobin,5510,3658959723,1184530,1184638,108,completed,-10
RoundRobin,5511,3037662008,1184630,1184753,123,completed,-32
RoundRobin,5512,3658959723,1184730,1184835,105,completed,-10
RoundRobin,5513,3037662008,1184830,1184951,121,completed,-32
RoundRobin,5514,3658959723,1184930,1185034,104,completed,-10
RoundRobin,5515,3037662008,1185030,1185151,121,completed,-32
RoundRobin,5516,3658959723,1185130,1185233,103,completed,-10
RoundRobin,5517,3037662008,1185230,1185351,121,completed,-32
RoundRobin,5518,3658959723,1185526,1185630,104,completed,-10
RoundRobin,5519,3037662008,1185626,1185748,122,completed,-32
RoundRobin,5520,3658959723,1185726,1185830,104,completed,-10
RoundRobin,5521,3037662008,1185826,1185947,121,completed,-32
RoundRobin,5522,3658959723,1185926,1186030,104,completed,-10
RoundRobin,5523,3037662008,1186026,1186146,120,completed,-32
RoundRobin,5524,3658959723,1186126,1186230,104,completed,-10
RoundRobin,5525,3037662008,1186226,1186347,121,completed,-32
RoundRobin,5526,3658959723,1186326,1186430,104,completed,-12
RoundRobin,5527,3037662008,1186531,1186654,123,completed,-33
RoundRobin,5528,3658959723,1186631,1186734,103,completed,-12
RoundRobin,5529,3037662008,1186731,1186853,122,completed,-33
RoundRobin,5530,3658959723,1186831,1186935,104,completed,-12
RoundRobin,5531,3037662008,1186931,1187051,120,completed,-33
RoundRobin,5532,3658959723,1187031,1187135,104,completed,-12
RoundRobin,SUMMARY,ALL,0,0,120000,batch_complete,0
----------------,---,---,---,---,---,----------------,---
RoundRobin,5533,3037662008,1187131,1187251,120,completed,-33
RoundRobin,5534,3658959723,1198949,1199262,313,completed,-10
RoundRobin,5536,3658959723,1199149,1199538,389,completed,-10
RoundRobin,5538,3658959723,1199349,1199814,465,completed,-10
RoundRobin,5540,3658959723,1199549,1199916,367,completed,-10
RoundRobin,5542,3658959723,1199940,1200088,148,completed,-10
RoundRobin,5544,3658959723,1200140,1200363,223,completed,-10
RoundRobin,5546,3658959723,1200340,1200465,125,completed,-10
RoundRobin,5548,3658959723,1200540,1200645,105,completed,-10
RoundRobin,5550,3658959723,1200742,1201044,302,completed,-10
RoundRobin,5552,3658959723,1201052,1201158,106,completed,-10
RoundRobin,5554,3658959723,1201252,1201357,105,completed,-10
RoundRobin,5556,3658959723,1201452,1201558,106,completed,-10
RoundRobin,5557,3658959723,1201552,1201660,108,completed,-10
RoundRobin,5558,3658959723,1201652,1201763,111,completed,-10
RoundRobin,5559,3658959723,1201938,1202044,106,completed,-10
RoundRobin,5560,3658959723,1202038,1202153,115,completed,-10
RoundRobin,5561,3658959723,1202138,1202255,117,completed,-10
RoundRobin,5562,3658959723,1202238,1202358,120,completed,-10
RoundRobin,5563,3658959723,1202338,1202461,123,completed,-11
RoundRobin,5564,3658959723,1202438,1202564,126,completed,-11
RoundRobin,5565,3658959723,1202538,1202667,129,completed,-11
RoundRobin,5566,3658959723,1202638,1202770,132,completed,-11
RoundRobin,5535,3037662008,1199049,1199179,130,completed,-30
RoundRobin,5567,3658959723,1202739,1203079,340,completed,-11
RoundRobin,5568,3658959723,1202952,1203188,236,completed,-11
RoundRobin,5537,3037662008,1199249,1199454,205,completed,-30
RoundRobin,5539,3037662008,1199449,1199729,280,completed,-30
RoundRobin,5569,3658959723,1203052,1203291,239,completed,-11
RoundRobin,5570,3658959723,1203152,1203394,242,completed,-11
RoundRobin,5541,3037662008,1199649,1201378,1729,completed,-27
RoundRobin,5572,3658959723,1203352,1203497,145,completed,-11
RoundRobin,5543,3037662008,1200040,1201480,1440,completed,-27
RoundRobin,5574,3658959723,1203552,1203656,104,completed,-11
RoundRobin,5545,3037662008,1200240,1201582,1342,completed,-27
RoundRobin,5547,3037662008,1200440,1201804,1364,completed,-27
RoundRobin,5549,3037662008,1200640,1202079,1439,completed,-27
RoundRobin,5551,3037662008,1200952,1202358,1406,completed,-27
RoundRobin,5576,3658959723,1203940,1204045,105,completed,-11
RoundRobin,5578,3658959723,1204140,1204244,104,completed,-11
RoundRobin,5553,3037662008,1201152,1202628,1476,completed,-32
RoundRobin,5555,3037662008,1201352,1203096,1744,completed,-32
RoundRobin,5571,3037662008,1203252,1203375,123,completed,-32
RoundRobin,5573,3037662008,1203452,1203575,123,completed,-32
RoundRobin,5580,3658959723,1204340,1204444,104,completed,-10
RoundRobin,5575,3037662008,1203652,1203774,122,completed,-32
RoundRobin,5582,3658959723,1204540,1204649,109,completed,-10
RoundRobin,5577,3037662008,1204040,1204162,122,completed,-32
RoundRobin,5579,3037662008,1204240,1204363,123,completed,-32
RoundRobin,5592,3658959723,1205655,1205759,104,completed,-10
RoundRobin,5593,3037662008,1205758,1206103,345,completed,-32
RoundRobin,5594,3658959723,1205960,1206086,126,completed,-10
RoundRobin,5595,3037662008,1206060,1206212,152,completed,-32
RoundRobin,5596,3658959723,1206160,1206264,104,completed,-10
RoundRobin,5597,3037662008,1206260,1206381,121,completed,-32
RoundRobin,5598,3658959723,1206360,1206464,104,completed,-10
RoundRobin,5599,3037662008,1206460,1206583,123,completed,-35
RoundRobin,5600,3658959723,1206560,1206665,105,completed,-10
RoundRobin,5581,3037662008,1204440,1204563,123,completed,-32
RoundRobin,5584,3658959723,1204740,1205064,324,completed,-10
RoundRobin,5583,3037662008,1204640,1204762,122,completed,-32
RoundRobin,5586,3658959723,1205055,1205182,127,completed,-10
RoundRobin,5585,3037662008,1204955,1205077,122,completed,-32
RoundRobin,5587,3037662008,1205155,1205277,122,completed,-32
RoundRobin,5588,3658959723,1205255,1205359,104,completed,-10
RoundRobin,5589,3037662008,1205355,1205477,122,completed,-32
RoundRobin,5590,3658959723,1205455,1205559,104,completed,-10
RoundRobin,5591,3037662008,1205555,1205676,121,completed,-32
RoundRobin,5601,3037662008,1206660,1206781,121,completed,-35
RoundRobin,5602,3658959723,1206762,1207070,308,completed,-10
RoundRobin,5604,3658959723,1207066,1207173,107,completed,-10
RoundRobin,5603,3037662008,1206966,1207253,287,completed,-35
RoundRobin,5605,3037662008,1207166,1207361,195,completed,-35
RoundRobin,5606,3658959723,1207266,1207370,104,completed,-10
RoundRobin,5607,3037662008,1207366,1207487,121,completed,-35
RoundRobin,5608,3658959723,1207466,1207571,105,completed,-10
RoundRobin,5609,3037662008,1207566,1207686,120,completed,-35
RoundRobin,5610,3658959723,1207666,1207770,104,completed,-10
RoundRobin,5611,3037662008,1207963,1208085,122,completed,-35
RoundRobin,5612,3658959723,1208063,1208166,103,completed,-10
RoundRobin,5613,3037662008,1208163,1208284,121,completed,-35
RoundRobin,5614,3658959723,1208263,1208367,104,completed,-10
RoundRobin,5615,3037662008,1208363,1208484,121,completed,-32
RoundRobin,5616,3658959723,1208463,1208568,105,completed,-10
RoundRobin,5617,3037662008,1208563,1208684,121,completed,-32
RoundRobin,5618,3658959723,1208663,1208767,104,completed,-10
RoundRobin,5619,3037662008,1208771,1209089,318,completed,-32
RoundRobin,5621,3037662008,1209076,1209198,122,completed,-32
RoundRobin,5620,3658959723,1208976,1209212,236,completed,-10
RoundRobin,5622,3658959723,1209176,1209321,145,completed,-10
RoundRobin,5623,3037662008,1209276,1209397,121,completed,-32
RoundRobin,5624,3658959723,1209376,1209481,105,completed,-10
RoundRobin,5625,3037662008,1209476,1209598,122,completed,-32
RoundRobin,5626,3658959723,1209576,1209680,104,completed,-10
RoundRobin,5627,3037662008,1209676,1209797,121,completed,-32
RoundRobin,5628,3658959723,1209972,1210077,105,completed,-10
RoundRobin,5629,3037662008,1210072,1210192,120,completed,-32
RoundRobin,5630,3658959723,1210172,1210276,104,completed,-10
RoundRobin,5631,3037662008,1210272,1210393,121,completed,-32
RoundRobin,5632,3658959723,1210372,1210475,103,completed,-10
RoundRobin,5633,3037662008,1210472,1210595,123,completed,-33
RoundRobin,5634,3658959723,1210572,1210678,106,completed,-10
RoundRobin,5635,3037662008,1210672,1210794,122,completed,-33
RoundRobin,5636,3658959723,1210772,1210876,104,completed,-10
RoundRobin,5637,3037662008,1210978,1211105,127,completed,-33
RoundRobin,5638,3658959723,1211078,1211182,104,completed,-10
RoundRobin,5639,3037662008,1211178,1211299,121,completed,-33
RoundRobin,5640,3658959723,1211278,1211382,104,completed,-10
RoundRobin,5641,3037662008,1211378,1211499,121,completed,-33
RoundRobin,5642,3658959723,1211478,1211583,105,completed,-10
RoundRobin,5643,3037662008,1211578,1211699,121,completed,-33
RoundRobin,5644,3658959723,1211678,1211783,105,completed,-10
RoundRobin,5645,3037662008,1211974,1212096,122,completed,-33
RoundRobin,5646,3658959723,1212074,1212178,104,completed,-10
RoundRobin,5647,3037662008,1212174,1212295,121,completed,-33
RoundRobin,5648,3658959723,1212274,1212378,104,completed,-10
RoundRobin,5649,3037662008,1212374,1212495,121,completed,-32
RoundRobin,5650,3658959723,1212474,1212579,105,completed,-10
RoundRobin,5651,3037662008,1212574,1212695,121,completed,-32
RoundRobin,5653,3037662008,1212774,1212894,120,completed,-32
RoundRobin,5652,3658959723,1212674,1212779,105,completed,-10
RoundRobin,5654,3658959723,1212979,1213085,106,completed,-10
RoundRobin,5655,3037662008,1213079,1213200,121,completed,-32
RoundRobin,5656,3658959723,1213179,1213283,104,completed,-10
RoundRobin,5657,3037662008,1213279,1213400,121,completed,-32
RoundRobin,5658,3658959723,1213379,1213483,104,completed,-10
RoundRobin,5659,3037662008,1213479,1213600,121,completed,-32
RoundRobin,5660,3658959723,1213579,1213684,105,completed,-10
RoundRobin,5661,3037662008,1213679,1213801,122,completed,-32
RoundRobin,5663,3037662008,1213981,1214105,124,completed,-32
RoundRobin,5662,3658959723,1213779,1214086,307,completed,-10
RoundRobin,5664,3658959723,1216191,1216691,500,completed,-10
RoundRobin,5665,3037662008,1216401,1216852,451,completed,-31
RoundRobin,5667,3037662008,1216601,1216961,360,completed,-31
RoundRobin,5666,3658959723,1216501,1216962,461,completed,-10
RoundRobin,5669,3037662008,1216803,1217070,267,completed,-31
RoundRobin,5668,3658959723,1216703,1217065,362,completed,-10
RoundRobin,5671,3037662008,1217003,1217173,170,completed,-31
RoundRobin,5670,3658959723,1216903,1217175,272,completed,-10
RoundRobin,5672,3658959723,1217103,1217277,174,completed,-10
RoundRobin,5673,3037662008,1217387,1217510,123,completed,-31
RoundRobin,5674,3658959723,1217487,1217591,104,completed,-10
RoundRobin,5675,3037662008,1217587,1217708,121,completed,-31
RoundRobin,5676,3658959723,1217687,1217791,104,completed,-10
RoundRobin,5677,3037662008,1217787,1217909,122,completed,-31
RoundRobin,5678,3658959723,1217887,1217992,105,completed,-10
RoundRobin,5679,3037662008,1217987,1218108,121,completed,-31
RoundRobin,5681,3037662008,1218187,1218309,122,completed,-31
RoundRobin,5680,3658959723,1218087,1218191,104,completed,-10
RoundRobin,5682,3658959723,1218396,1218513,117,completed,-10
RoundRobin,5683,3037662008,1218496,1218617,121,completed,-34
RoundRobin,5684,3658959723,1218596,1218700,104,completed,-10
RoundRobin,5685,3037662008,1218696,1218818,122,completed,-34
RoundRobin,5686,3658959723,1218796,1218901,105,completed,-10
RoundRobin,5687,3037662008,1218896,1219017,121,completed,-34
RoundRobin,5688,3658959723,1218996,1219100,104,completed,-10
RoundRobin,5689,3037662008,1219096,1219218,122,completed,-34
RoundRobin,5691,3037662008,1219397,1219520,123,completed,-34
RoundRobin,5690,3658959723,1219196,1219502,306,completed,-10
RoundRobin,5692,3658959723,1219497,1219604,107,completed,-10
RoundRobin,5693,3037662008,1219597,1219718,121,completed,-34
RoundRobin,5694,3658959723,1219697,1219800,103,completed,-10
RoundRobin,5695,3037662008,1219797,1219918,121,completed,-34
RoundRobin,5696,3658959723,1219897,1220002,105,completed,-10
RoundRobin,5697,3037662008,1219997,1220118,121,completed,-34
RoundRobin,5698,3658959723,1220097,1220201,104,completed,-10
RoundRobin,5699,3037662008,1220197,1220512,315,completed,-34
RoundRobin,5700,3658959723,1220402,1220508,106,completed,-10
RoundRobin,5701,3037662008,1220505,1220628,123,completed,-34
RoundRobin,5702,3658959723,1220605,1220709,104,completed,-10
RoundRobin,5703,3037662008,1220705,1220826,121,completed,-34
RoundRobin,5704,3658959723,1220805,1220910,105,completed,-10
RoundRobin,5705,3037662008,1220905,1221026,121,completed,-34
RoundRobin,5706,3658959723,1221005,1221108,103,completed,-10
RoundRobin,5707,3037662008,1221105,1221227,122,completed,-34
RoundRobin,5708,3658959723,1221397,1221503,106,completed,-10
RoundRobin,5709,3037662008,1221497,1221618,121,completed,-34
RoundRobin,5710,3658959723,1221597,1221702,105,completed,-10
RoundRobin,5711,3037662008,1221697,1221818,121,completed,-34
RoundRobin,5712,3658959723,1221797,1221901,104,completed,-10
RoundRobin,5713,3037662008,1221897,1222018,121,completed,-34
RoundRobin,5714,3658959723,1221997,1222101,104,completed,-10
RoundRobin,5715,3037662008,1222097,1222218,121,completed,-34
RoundRobin,5716,3658959723,1222199,1222505,306,completed,-10
RoundRobin,5717,3037662008,1222400,1222524,124,completed,-32
RoundRobin,5718,3658959723,1222500,1222614,114,completed,-10
RoundRobin,5719,3037662008,1222600,1222721,121,completed,-32
RoundRobin,5720,3658959723,1222700,1222804,104,completed,-10
RoundRobin,5721,3037662008,1222800,1222921,121,completed,-32
RoundRobin,5722,3658959723,1222900,1223005,105,completed,-10
RoundRobin,5723,3037662008,1223000,1223121,121,completed,-32
RoundRobin,5725,3037662008,1223200,1223324,124,completed,-32
RoundRobin,5724,3658959723,1223100,1223204,104,completed,-10
RoundRobin,5726,3658959723,1223405,1223514,109,completed,-10
RoundRobin,5727,3037662008,1223505,1223626,121,completed,-32
RoundRobin,5728,3658959723,1223605,1223709,104,completed,-10
RoundRobin,5729,3037662008,1223705,1223826,121,completed,-32
RoundRobin,5730,3658959723,1223805,1223909,104,completed,-10
RoundRobin,5731,3037662008,1223905,1224026,121,completed,-32
RoundRobin,5732,3658959723,1224005,1224109,104,completed,-10
RoundRobin,5733,3037662008,1224105,1224226,121,completed,-32
RoundRobin,5734,3658959723,1224400,1224510,110,completed,-11
RoundRobin,5735,3037662008,1224500,1224621,121,completed,-33
RoundRobin,5736,3658959723,1224600,1224704,104,completed,-11
RoundRobin,5737,3037662008,1224700,1224822,122,completed,-33
RoundRobin,5738,3658959723,1224800,1224906,106,completed,-11
RoundRobin,5739,3037662008,1224900,1225021,121,completed,-33
RoundRobin,5740,3658959723,1225000,1225104,104,completed,-11
RoundRobin,5741,3037662008,1225100,1225221,121,completed,-33
RoundRobin,5742,3658959723,1225200,1225304,104,completed,-11
RoundRobin,5743,3037662008,1225404,1225530,126,completed,-33
RoundRobin,5744,3658959723,1225504,1225608,104,completed,-11
RoundRobin,5745,3037662008,1225604,1225725,121,completed,-33
RoundRobin,5746,3658959723,1225704,1225808,104,completed,-11
RoundRobin,5747,3037662008,1225804,1225925,121,completed,-33
RoundRobin,5748,3658959723,1225904,1226008,104,completed,-11
RoundRobin,5749,3037662008,1226004,1226125,121,completed,-33
RoundRobin,5750,3658959723,1226104,1226208,104,completed,-11
RoundRobin,5751,3037662008,1226204,1226520,316,completed,-34
RoundRobin,5752,3658959723,1226407,1226516,109,completed,-11
RoundRobin,5753,3037662008,1226507,1226629,122,completed,-34
RoundRobin,5754,3658959723,1226607,1226711,104,completed,-11
RoundRobin,5755,3037662008,1226707,1226828,121,completed,-34
RoundRobin,5756,3658959723,1226807,1226912,105,completed,-11
RoundRobin,5757,3037662008,1226907,1227029,122,completed,-34
RoundRobin,5758,3658959723,1227007,1227110,103,completed,-11
RoundRobin,5759,3037662008,1227107,1227228,121,completed,-34
RoundRobin,5760,3658959723,1227207,1227515,308,completed,-11
RoundRobin,5761,3037662008,1227408,1227534,126,completed,-34
RoundRobin,5762,3658959723,1227508,1227618,110,completed,-11
RoundRobin,5763,3037662008,1227608,1227729,121,completed,-34
RoundRobin,5764,3658959723,1227708,1227812,104,completed,-11
RoundRobin,5765,3037662008,1227808,1227930,122,completed,-34
RoundRobin,5766,3658959723,1227908,1228013,105,completed,-11
RoundRobin,5767,3037662008,1228008,1228128,120,completed,-34
RoundRobin,5768,3658959723,1228108,1228212,104,completed,-11
RoundRobin,5769,3037662008,1228208,1228533,325,completed,-33
RoundRobin,5770,3658959723,1228410,1228518,108,completed,-11
RoundRobin,5771,3037662008,1228510,1228635,125,completed,-33
RoundRobin,5772,3658959723,1228610,1228714,104,completed,-11
RoundRobin,5773,3037662008,1228710,1228832,122,completed,-33
RoundRobin,5774,3658959723,1228810,1228915,105,completed,-11
RoundRobin,5775,3037662008,1228910,1229031,121,completed,-33
RoundRobin,5776,3658959723,1229010,1229114,104,completed,-11
RoundRobin,5777,3037662008,1229110,1229231,121,completed,-33
RoundRobin,5778,3658959723,1229210,1229515,305,completed,-11
RoundRobin,5779,3037662008,1229411,1229535,124,completed,-33
RoundRobin,5780,3658959723,1229511,1229624,113,completed,-11
RoundRobin,5781,3037662008,1229611,1229732,121,completed,-33
RoundRobin,5782,3658959723,1229711,1229815,104,completed,-11
RoundRobin,5783,3037662008,1229811,1229932,121,completed,-33
RoundRobin,5784,3658959723,1229911,1230016,105,completed,-11
RoundRobin,5785,3658959723,1230011,1230119,108,completed,-11
RoundRobin,5786,3658959723,1230111,1230221,110,completed,-11
RoundRobin,5787,3658959723,1230211,1230513,302,completed,-10
RoundRobin,5788,3658959723,1230416,1230616,200,completed,-10
RoundRobin,5789,3658959723,1230516,1230719,203,completed,-10
RoundRobin,5790,3658959723,1230616,1230822,206,completed,-10
RoundRobin,5791,3658959723,1230716,1230925,209,completed,-10
RoundRobin,5792,3658959723,1230816,1231028,212,completed,-10
RoundRobin,5793,3658959723,1230916,1231131,215,completed,-10
RoundRobin,5794,3658959723,1231016,1231234,218,completed,-10
RoundRobin,5795,3658959723,1231116,1231336,220,completed,-10
RoundRobin,5796,3658959723,1231410,1231516,106,completed,-10
RoundRobin,5797,3658959723,1233626,1233927,301,completed,-11
RoundRobin,5798,3658959723,1233831,1234043,212,completed,-11
RoundRobin,5799,3658959723,1233931,1234146,215,completed,-11
RoundRobin,5800,3658959723,1234031,1234249,218,completed,-11
RoundRobin,5801,3658959723,1234131,1234352,221,completed,-11
RoundRobin,5802,3658959723,1234231,1234455,224,completed,-11
RoundRobin,5803,3658959723,1234331,1234557,226,completed,-11
RoundRobin,5804,3658959723,1234431,1234658,227,completed,-11
RoundRobin,5805,3658959723,1234531,1234760,229,completed,-11
RoundRobin,5806,3658959723,1234831,1234937,106,completed,-11
RoundRobin,5807,3658959723,1234931,1235138,207,completed,-11
RoundRobin,5808,3658959723,1235031,1235241,210,completed,-11
RoundRobin,5809,3658959723,1235131,1235344,213,completed,-11
RoundRobin,5810,3658959723,1235231,1235447,216,completed,-11
RoundRobin,5811,3658959723,1235331,1235549,218,completed,-11
RoundRobin,5812,3658959723,1235431,1235651,220,completed,-11
RoundRobin,5813,3658959723,1235531,1235754,223,completed,-11
RoundRobin,5814,3658959723,1235632,1235931,299,completed,-11
RoundRobin,5815,3658959723,1235840,1236034,194,completed,-11
RoundRobin,5816,3658959723,1235942,1236137,195,completed,-11
RoundRobin,5817,3658959723,1236044,1236240,196,completed,-11
RoundRobin,5818,3658959723,1236147,1236343,196,completed,-11
RoundRobin,5819,3658959723,1236250,1236446,196,completed,-11
RoundRobin,5820,3658959723,1236353,1236549,196,completed,-11
RoundRobin,5821,3658959723,1236456,1236652,196,completed,-11
RoundRobin,5822,3658959723,1236558,1236755,197,completed,-11
RoundRobin,5823,3658959723,1236839,1236945,106,completed,-11
RoundRobin,5824,3658959723,1236939,1237048,109,completed,-11
RoundRobin,5825,3658959723,1237039,1237151,112,completed,-11
RoundRobin,5826,3658959723,1237139,1237254,115,completed,-11
RoundRobin,5827,3658959723,1237239,1237357,118,completed,-11
RoundRobin,5828,3658959723,1237339,1237460,121,completed,-11
RoundRobin,5829,3658959723,1237439,1237563,124,completed,-11
RoundRobin,5830,3658959723,1237539,1237666,127,completed,-11
RoundRobin,5831,3658959723,1237840,1237944,104,completed,-11
RoundRobin,5832,3658959723,1237940,1238046,106,completed,-11
RoundRobin,5833,3658959723,1238040,1238149,109,completed,-11
RoundRobin,5834,3658959723,1238140,1238252,112,completed,-11
RoundRobin,5835,3658959723,1238240,1238355,115,completed,-11
RoundRobin,5836,3658959723,1238340,1238458,118,completed,-12
RoundRobin,5837,3658959723,1238440,1238561,121,completed,-12
RoundRobin,5838,3658959723,1238540,1238664,124,completed,-12
RoundRobin,5839,3658959723,1238843,1238949,106,completed,-12
RoundRobin,5840,3658959723,1238943,1239058,115,completed,-12
RoundRobin,5841,3658959723,1239043,1239161,118,completed,-12
RoundRobin,5842,3658959723,1239143,1239264,121,completed,-12
RoundRobin,5843,3658959723,1239243,1239367,124,completed,-12
RoundRobin,5844,3658959723,1239343,1239470,127,completed,-12
RoundRobin,5845,3658959723,1239443,1239573,130,completed,-12
RoundRobin,5846,3658959723,1239543,1239676,133,completed,-12
RoundRobin,5847,3658959723,1239841,1239946,105,completed,-12
RoundRobin,5848,3658959723,1239941,1240055,114,completed,-12
RoundRobin,5849,3658959723,1240041,1240158,117,completed,-12
RoundRobin,5850,3658959723,1240141,1240261,120,completed,-12
RoundRobin,5851,3658959723,1240241,1240364,123,completed,-12
RoundRobin,5852,3658959723,1240341,1240467,126,completed,-11
RoundRobin,5853,3658959723,1240441,1240570,129,completed,-11
RoundRobin,5854,3658959723,1240541,1240672,131,completed,-11
RoundRobin,5855,3658959723,1240841,1240946,105,completed,-11
RoundRobin,5856,3658959723,1240941,1241062,121,completed,-11
RoundRobin,5857,3658959723,1241041,1241164,123,completed,-11
RoundRobin,5858,3658959723,1241141,1241267,126,completed,-11
RoundRobin,5859,3658959723,1241241,1241370,129,completed,-11
RoundRobin,5860,3658959723,1241341,1241473,132,completed,-11
RoundRobin,5861,3658959723,1241441,1241576,135,completed,-11
RoundRobin,5862,3658959723,1241541,1241679,138,completed,-11
RoundRobin,5863,3658959723,1241836,1241943,107,completed,-11
RoundRobin,5864,3658959723,1241936,1242046,110,completed,-11
RoundRobin,5865,3658959723,1242036,1242149,113,completed,-11
RoundRobin,5866,3658959723,1242136,1242252,116,completed,-11
RoundRobin,5867,3658959723,1242236,1242355,119,completed,-11
RoundRobin,5868,3658959723,1242336,1242458,122,completed,-11
RoundRobin,5869,3658959723,1242436,1242561,125,completed,-11
RoundRobin,5870,3658959723,1242536,1242664,128,completed,-11
RoundRobin,5871,3658959723,1242636,1242767,131,completed,-11
RoundRobin,5872,3658959723,1242840,1242945,105,completed,-11
RoundRobin,5873,3658959723,1242940,1243056,116,completed,-11
RoundRobin,5874,3658959723,1243040,1243159,119,completed,-11
RoundRobin,5875,3658959723,1243140,1243262,122,completed,-11
RoundRobin,5876,3658959723,1243240,1243364,124,completed,-11
RoundRobin,5877,3658959723,1243340,1243467,127,completed,-11
RoundRobin,5878,3658959723,1243440,1243570,130,completed,-11
RoundRobin,5879,3658959723,1243540,1243672,132,completed,-11
RoundRobin,5880,3658959723,1243640,1243939,299,completed,-11
RoundRobin,5881,3658959723,1243841,1244042,201,completed,-11
RoundRobin,5882,3658959723,1243941,1244148,207,completed,-11
RoundRobin,5883,3658959723,1244041,1244251,210,completed,-11
RoundRobin,5884,3658959723,1244141,1244354,213,completed,-11
RoundRobin,5885,3658959723,1244241,1244457,216,completed,-11
RoundRobin,5886,3658959723,1244341,1244559,218,completed,-11
RoundRobin,5887,3658959723,1244441,1244662,221,completed,-11
RoundRobin,5888,3658959723,1244541,1244764,223,completed,-11
RoundRobin,5889,3658959723,1244641,1244943,302,completed,-11
RoundRobin,5890,3658959723,1244845,1245045,200,completed,-11
RoundRobin,5891,3658959723,1244946,1245152,206,completed,-11
RoundRobin,5892,3658959723,1245046,1245255,209,completed,-11
RoundRobin,5893,3658959723,1245146,1245358,212,completed,-11
RoundRobin,5894,3658959723,1245246,1245461,215,completed,-11
RoundRobin,5895,3658959723,1245346,1245564,218,completed,-11
RoundRobin,5896,3658959723,1245446,1245667,221,completed,-11
RoundRobin,5897,3658959723,1245546,1245770,224,completed,-11
RoundRobin,5898,3658959723,1245850,1245957,107,completed,-11
RoundRobin,5899,3658959723,1245950,1246060,110,completed,-11
RoundRobin,5900,3658959723,1246050,1246163,113,completed,-11
RoundRobin,5901,3658959723,1246150,1246265,115,completed,-11
RoundRobin,5902,3658959723,1246250,1246368,118,completed,-11
RoundRobin,5903,3658959723,1246350,1246471,121,completed,-11
RoundRobin,5904,3658959723,1246450,1246572,122,completed,-11
RoundRobin,5905,3658959723,1246550,1246675,125,completed,-11
RoundRobin,5906,3658959723,1246848,1246953,105,completed,-11
RoundRobin,5907,3658959723,1246948,1247056,108,completed,-11
RoundRobin,5908,3658959723,1247048,1247159,111,completed,-11
RoundRobin,5909,3658959723,1247148,1247262,114,completed,-11
RoundRobin,5910,3658959723,1247248,1247365,117,completed,-11
RoundRobin,5911,3658959723,1247348,1247468,120,completed,-11
RoundRobin,5912,3658959723,1247448,1247571,123,completed,-11
RoundRobin,5913,3658959723,1247548,1247674,126,completed,-11
RoundRobin,5914,3658959723,1247844,1247950,106,completed,-11
RoundRobin,5915,3658959723,1247944,1248060,116,completed,-11
RoundRobin,5923,3658959723,1248850,1251161,2311,completed,-11
RoundRobin,5924,3658959723,1251070,1251419,349,completed,-11
RoundRobin,5925,3658959723,1251271,1251538,267,completed,-11
RoundRobin,5926,3658959723,1251375,1251812,437,completed,-11
RoundRobin,5927,3658959723,1251475,1251915,440,completed,-11
RoundRobin,5928,3658959723,1251575,1252018,443,completed,-11
RoundRobin,5929,3658959723,1251675,1252121,446,completed,-11
RoundRobin,5930,3658959723,1251775,1252224,449,completed,-11
RoundRobin,5931,3658959723,1251875,1252325,450,completed,-11
RoundRobin,5932,3658959723,1251975,1252427,452,completed,-11
RoundRobin,5933,3658959723,1252270,1252529,259,completed,-11
RoundRobin,5934,3658959723,1252370,1252631,261,completed,-11
RoundRobin,5935,3658959723,1252470,1252734,264,completed,-11
RoundRobin,5936,3658959723,1252570,1252837,267,completed,-11
RoundRobin,5937,3658959723,1252670,1252940,270,completed,-11
RoundRobin,5938,3658959723,1252772,1253043,271,completed,-11
RoundRobin,5939,3658959723,1252872,1253146,274,completed,-11
RoundRobin,5940,3658959723,1252972,1253249,277,completed,-11
RoundRobin,5941,3658959723,1253072,1253350,278,completed,-11
RoundRobin,5942,3658959723,1253278,1253453,175,completed,-11
RoundRobin,5943,3658959723,1253378,1253556,178,completed,-11
RoundRobin,5944,3658959723,1253478,1253659,181,completed,-11
RoundRobin,5916,3658959723,1248044,1248163,119,completed,-11
RoundRobin,5917,3658959723,1248144,1248266,122,completed,-11
RoundRobin,5918,3658959723,1248244,1248369,125,completed,-11
RoundRobin,5919,3658959723,1248344,1248471,127,completed,-12
RoundRobin,5920,3658959723,1248444,1248574,130,completed,-12
RoundRobin,5921,3658959723,1248544,1248677,133,completed,-12
RoundRobin,5922,3658959723,1248644,1248944,300,completed,-12
RoundRobin,5945,3658959723,1253578,1253762,184,completed,-11
RoundRobin,5946,3658959723,1253678,1253865,187,completed,-11
RoundRobin,5947,3658959723,1253778,1253968,190,completed,-11
RoundRobin,5948,3658959723,1253878,1254071,193,completed,-11
RoundRobin,5949,3658959723,1253978,1254174,196,completed,-11
RoundRobin,5950,3658959723,1254081,1254381,300,completed,-11
RoundRobin,5951,3658959723,1254277,1254484,207,completed,-12
RoundRobin,5952,3658959723,1254377,1254587,210,completed,-12
RoundRobin,5953,3658959723,1254477,1254690,213,completed,-12
RoundRobin,5954,3658959723,1254577,1254793,216,completed,-12
RoundRobin,5955,3658959723,1254677,1254895,218,completed,-12
RoundRobin,5956,3658959723,1254777,1254998,221,completed,-12
RoundRobin,5957,3658959723,1254877,1255101,224,completed,-12
RoundRobin,5958,3658959723,1254977,1255204,227,completed,-12
RoundRobin,5959,3658959723,1255078,1255381,303,completed,-12
RoundRobin,5960,3658959723,1255284,1255484,200,completed,-12
RoundRobin,5961,3658959723,1255384,1255588,204,completed,-12
RoundRobin,5962,3658959723,1255484,1255691,207,completed,-12
RoundRobin,5963,3658959723,1255584,1255794,210,completed,-12
RoundRobin,5964,3658959723,1255684,1255897,213,completed,-12
RoundRobin,5965,3658959723,1255784,1256000,216,completed,-12
RoundRobin,5966,3658959723,1255884,1256103,219,completed,-12
RoundRobin,5967,3658959723,1255984,1256205,221,completed,-12
RoundRobin,5968,3658959723,1256084,1256387,303,completed,-12
RoundRobin,5969,3658959723,1256280,1256492,212,completed,-11
RoundRobin,5970,3658959723,1256380,1256595,215,completed,-11
RoundRobin,5971,3658959723,1256480,1256698,218,completed,-11
RoundRobin,5972,3658959723,1256580,1256801,221,completed,-11
RoundRobin,5973,3658959723,1256680,1256904,224,completed,-11
RoundRobin,5974,3658959723,1256780,1257007,227,completed,-11
RoundRobin,5975,3658959723,1256880,1257110,230,completed,-11
RoundRobin,5976,3658959723,1256980,1257212,232,completed,-11
RoundRobin,5977,3658959723,1257080,1257314,234,completed,-11
RoundRobin,5978,3658959723,1257284,1257416,132,completed,-11
RoundRobin,5979,3658959723,1257384,1257519,135,completed,-11
RoundRobin,5980,3658959723,1257484,1257622,138,completed,-11
RoundRobin,5981,3658959723,1257584,1257725,141,completed,-11
RoundRobin,5982,3658959723,1257684,1257828,144,completed,-11
RoundRobin,5983,3658959723,1257784,1257931,147,completed,-11
RoundRobin,5984,3658959723,1257884,1258034,150,completed,-11
RoundRobin,5985,3658959723,1257984,1258137,153,completed,-11
RoundRobin,5986,3658959723,1258084,1258240,156,completed,-11
RoundRobin,5987,3658959723,1258286,1258393,107,completed,-11
RoundRobin,5988,3658959723,1258386,1258496,110,completed,-11
RoundRobin,5989,3658959723,1258486,1258599,113,completed,-11
RoundRobin,5990,3658959723,1258586,1258701,115,completed,-11
RoundRobin,5991,3658959723,1258686,1258804,118,completed,-11
RoundRobin,5992,3658959723,1258786,1258907,121,completed,-11
RoundRobin,5993,3658959723,1258886,1259009,123,completed,-11
RoundRobin,5994,3658959723,1258986,1259112,126,completed,-11
RoundRobin,5995,3658959723,1259086,1259385,299,completed,-11
RoundRobin,5996,3658959723,1259288,1259488,200,completed,-11
RoundRobin,5997,3658959723,1259388,1259594,206,completed,-11
RoundRobin,5998,3658959723,1259488,1259696,208,completed,-11
RoundRobin,5999,3658959723,1259588,1259798,210,completed,-11
RoundRobin,6000,3658959723,1259688,1259901,213,completed,-11
RoundRobin,6001,3658959723,1259788,1260004,216,completed,-11
RoundRobin,6002,3037662008,1259888,1260124,236,completed,-29
RoundRobin,6003,3658959723,1259988,1260107,119,completed,-11
RoundRobin,6004,3037662008,1260088,1260405,317,completed,-29
RoundRobin,6005,3658959723,1260295,1260401,106,completed,-11
RoundRobin,6006,3037662008,1260397,1260523,126,completed,-32
RoundRobin,6007,3658959723,1260497,1260603,106,completed,-10
RoundRobin,6008,3037662008,1260597,1260719,122,completed,-32
RoundRobin,6009,3658959723,1260697,1260802,105,completed,-10
RoundRobin,6010,3037662008,1260797,1260920,123,completed,-32
RoundRobin,6011,3658959723,1260897,1261001,104,completed,-10
RoundRobin,6012,3037662008,1260997,1261118,121,completed,-32
RoundRobin,6013,3658959723,1261288,1261459,171,completed,-10
RoundRobin,6014,3037662008,1261388,1261509,121,completed,-32
RoundRobin,6015,3658959723,1261488,1261592,104,completed,-10
RoundRobin,6016,3037662008,1261588,1261709,121,completed,-32
RoundRobin,6017,3658959723,1261688,1261793,105,completed,-10
RoundRobin,6018,3037662008,1261788,1261910,122,completed,-32
RoundRobin,6019,3658959723,1261888,1261992,104,completed,-10
RoundRobin,6020,3037662008,1261988,1262110,122,completed,-32
RoundRobin,6021,3658959723,1262088,1262192,104,completed,-10
RoundRobin,6022,3037662008,1262294,1262426,132,completed,-32
RoundRobin,6023,3658959723,1262394,1262498,104,completed,-11
RoundRobin,6024,3037662008,1262494,1262616,122,completed,-31
RoundRobin,6025,3658959723,1262594,1262698,104,completed,-11
RoundRobin,6026,3037662008,1262694,1262815,121,completed,-31
RoundRobin,6027,3658959723,1262794,1262899,105,completed,-11
RoundRobin,6028,3037662008,1262894,1263015,121,completed,-31
RoundRobin,6029,3658959723,1262994,1263098,104,completed,-11
RoundRobin,6030,3037662008,1263292,1263416,124,completed,-31
RoundRobin,6031,3658959723,1263392,1263584,192,completed,-11
RoundRobin,6032,3037662008,1263492,1263613,121,completed,-31
RoundRobin,6033,3658959723,1263594,1263700,106,completed,-11
RoundRobin,6034,3037662008,1263694,1263815,121,completed,-31
RoundRobin,6035,3658959723,1263794,1263899,105,completed,-11
RoundRobin,6036,3037662008,1263894,1264016,122,completed,-31
RoundRobin,6037,3658959723,1263994,1264098,104,completed,-11
RoundRobin,6038,3037662008,1264291,1264414,123,completed,-31
RoundRobin,6039,3658959723,1264391,1264495,104,completed,-10
RoundRobin,6040,3037662008,1264491,1264613,122,completed,-31
RoundRobin,6041,3658959723,1264591,1264695,104,completed,-10
RoundRobin,6042,3037662008,1264691,1264812,121,completed,-31
RoundRobin,6043,3658959723,1264791,1264895,104,completed,-10
RoundRobin,6044,3037662008,1264891,1265013,122,completed,-31
RoundRobin,6045,3658959723,1264991,1265096,105,completed,-10
RoundRobin,6046,3037662008,1265091,1265410,319,completed,-31
RoundRobin,6047,3658959723,1265295,1265401,106,completed,-10
RoundRobin,6048,3037662008,1265395,1265520,125,completed,-31
RoundRobin,6049,3658959723,1265495,1265600,105,completed,-10
RoundRobin,6050,3037662008,1265595,1265716,121,completed,-31
RoundRobin,6051,3658959723,1265695,1265800,105,completed,-10
RoundRobin,6052,3037662008,1265795,1265917,122,completed,-31
RoundRobin,6053,3658959723,1265895,1265999,104,completed,-10
RoundRobin,6054,3037662008,1265995,1266117,122,completed,-31
RoundRobin,6056,3037662008,1266298,1266423,125,completed,-31
RoundRobin,6055,3658959723,1266095,1266404,309,completed,-10
RoundRobin,6058,3037662008,1268707,1268875,168,completed,-30
RoundRobin,6060,3037662008,1268908,1269030,122,completed,-30
RoundRobin,6062,3037662008,1269108,1269230,122,completed,-30
RoundRobin,6064,3037662008,1269308,1269429,121,completed,-30
RoundRobin,6066,3037662008,1269702,1269825,123,completed,-30
RoundRobin,6057,3658959723,1268503,1268853,350,completed,-11
RoundRobin,6059,3658959723,1268808,1269232,424,completed,-11
RoundRobin,6068,3037662008,1269902,1270024,122,completed,-30
RoundRobin,6061,3658959723,1269008,1269484,476,completed,-11
RoundRobin,6063,3658959723,1269208,1269586,378,completed,-11
RoundRobin,6070,3037662008,1270102,1270224,122,completed,-30
RoundRobin,6065,3658959723,1269408,1269803,395,completed,-11
RoundRobin,6067,3658959723,1269802,1270010,208,completed,-11
RoundRobin,6069,3658959723,1270002,1270112,110,completed,-11
RoundRobin,6072,3037662008,1270302,1270424,122,completed,-30
RoundRobin,6074,3037662008,1270502,1270623,121,completed,-29
RoundRobin,6071,3658959723,1270202,1270310,108,completed,-11
RoundRobin,6073,3658959723,1270402,1270510,108,completed,-11
RoundRobin,6075,3658959723,1270710,1270822,112,completed,-11
RoundRobin,6076,3037662008,1270810,1270931,121,completed,-29
RoundRobin,6077,3658959723,1270910,1271015,105,completed,-11
RoundRobin,6078,3037662008,1271010,1271131,121,completed,-29
RoundRobin,6079,3658959723,1271110,1271215,105,completed,-11
RoundRobin,6080,3037662008,1271210,1271332,122,completed,-29
RoundRobin,6081,3658959723,1271310,1271415,105,completed,-11
RoundRobin,6082,3037662008,1271410,1271531,121,completed,-29
RoundRobin,6083,3658959723,1271706,1271812,106,completed,-11
RoundRobin,6084,3037662008,1271806,1271928,122,completed,-29
RoundRobin,6085,3658959723,1271906,1272010,104,completed,-11
RoundRobin,6086,3037662008,1272006,1272128,122,completed,-29
RoundRobin,6087,3658959723,1272106,1272210,104,completed,-11
RoundRobin,6088,3037662008,1272206,1272328,122,completed,-29
RoundRobin,6089,3658959723,1272306,1272411,105,completed,-11
RoundRobin,6090,3037662008,1272406,1272528,122,completed,-32
RoundRobin,6091,3658959723,1272506,1272612,106,completed,-10
RoundRobin,6092,3037662008,1272714,1272837,123,completed,-32
RoundRobin,6094,3037662008,1272914,1273035,121,completed,-32
RoundRobin,6093,3658959723,1272814,1273058,244,completed,-10
RoundRobin,6095,3658959723,1273014,1273167,153,completed,-10
RoundRobin,6096,3037662008,1273114,1273236,122,completed,-32
RoundRobin,6097,3658959723,1273214,1273319,105,completed,-10
RoundRobin,6098,3037662008,1273314,1273435,121,completed,-32
RoundRobin,6099,3658959723,1273414,1273518,104,completed,-10
RoundRobin,6100,3037662008,1273708,1273834,126,completed,-32
RoundRobin,6101,3658959723,1273808,1273912,104,completed,-10
RoundRobin,6102,3037662008,1273908,1274030,122,completed,-32
RoundRobin,6103,3658959723,1274008,1274112,104,completed,-10
RoundRobin,6104,3037662008,1274108,1274229,121,completed,-32
RoundRobin,6105,3658959723,1274208,1274312,104,completed,-10
RoundRobin,6106,3037662008,1274308,1274429,121,completed,-32
RoundRobin,6107,3658959723,1274408,1274514,106,completed,-10
RoundRobin,6108,3037662008,1274508,1274631,123,completed,-30
RoundRobin,6109,3658959723,1274716,1274825,109,completed,-10
RoundRobin,6110,3037662008,1274816,1274999,183,completed,-30
RoundRobin,6111,3658959723,1274916,1275021,105,completed,-10
RoundRobin,6112,3037662008,1275016,1275138,122,completed,-30
RoundRobin,6113,3658959723,1275116,1275221,105,completed,-10
RoundRobin,6114,3037662008,1275216,1275337,121,completed,-30
RoundRobin,6115,3658959723,1275316,1275421,105,completed,-10
RoundRobin,6116,3037662008,1275416,1275537,121,completed,-30
RoundRobin,6117,3658959723,1275711,1275817,106,completed,-10
RoundRobin,6118,3037662008,1275811,1275932,121,completed,-30
RoundRobin,6119,3658959723,1275911,1276015,104,completed,-10
RoundRobin,6120,3037662008,1276011,1276133,122,completed,-30
RoundRobin,6121,3658959723,1276111,1276215,104,completed,-10
RoundRobin,6122,3037662008,1276211,1276332,121,completed,-30
RoundRobin,6123,3658959723,1276311,1276415,104,completed,-10
RoundRobin,6124,3037662008,1276411,1276533,122,completed,-30
RoundRobin,6125,3658959723,1276511,1276618,107,completed,-10
RoundRobin,6126,3037662008,1276717,1276840,123,completed,-30
RoundRobin,6127,3658959723,1276817,1276921,104,completed,-10
RoundRobin,6128,3037662008,1276917,1277038,121,completed,-30
RoundRobin,6129,3658959723,1277017,1277120,103,completed,-10
RoundRobin,6130,3037662008,1277117,1277239,122,completed,-30
RoundRobin,6131,3658959723,1277217,1277321,104,completed,-10
RoundRobin,6132,3037662008,1277317,1277439,122,completed,-30
RoundRobin,6133,3658959723,1277417,1277522,105,completed,-10
RoundRobin,6134,3037662008,1277713,1277837,124,completed,-30
RoundRobin,6135,3658959723,1277813,1277918,105,completed,-10
RoundRobin,6136,3037662008,1277913,1278034,121,completed,-30
RoundRobin,6137,3658959723,1278013,1278117,104,completed,-10
RoundRobin,6138,3037662008,1278113,1278235,122,completed,-30
RoundRobin,6139,3658959723,1278213,1278318,105,completed,-10
RoundRobin,6140,3037662008,1278313,1278434,121,completed,-30
RoundRobin,6141,3658959723,1278413,1278518,105,completed,-11
RoundRobin,6142,3037662008,1278513,1278636,123,completed,-31
RoundRobin,6143,3658959723,1278713,1279907,1194,completed,-11
RoundRobin,6144,3037662008,1278813,1278934,121,completed,-31
RoundRobin,6146,3037662008,1279013,1279198,185,completed,-31
RoundRobin,6145,3658959723,1278913,1280021,1108,completed,-11
RoundRobin,6148,3037662008,1279213,1279474,261,completed,-31
RoundRobin,6150,3037662008,1279413,1279833,420,completed,-31
RoundRobin,6147,3658959723,1279113,1280131,1018,completed,-11
RoundRobin,6149,3658959723,1279313,1280234,921,completed,-11
RoundRobin,6152,3037662008,1279713,1279937,224,completed,-31
RoundRobin,6154,3037662008,1279913,1280039,126,completed,-31
RoundRobin,6151,3658959723,1279513,1280337,824,completed,-11
RoundRobin,6156,3037662008,1280113,1280237,124,completed,-31
RoundRobin,6153,3658959723,1279813,1280440,627,completed,-12
RoundRobin,6158,3037662008,1280313,1280435,122,completed,-31
RoundRobin,6155,3658959723,1280013,1280542,529,completed,-12
RoundRobin,6160,3037662008,1280513,1280636,123,completed,-29
RoundRobin,6157,3658959723,1280213,1280645,432,completed,-12
RoundRobin,6159,3658959723,1280413,1280747,334,completed,-12
RoundRobin,6161,3658959723,1280723,1280848,125,completed,-12
RoundRobin,6162,3037662008,1280823,1280944,121,completed,-29
RoundRobin,6163,3658959723,1280923,1281028,105,completed,-12
RoundRobin,6164,3037662008,1281023,1281145,122,completed,-29
RoundRobin,6165,3658959723,1281123,1281228,105,completed,-12
RoundRobin,6166,3037662008,1281223,1281345,122,completed,-29
RoundRobin,6167,3658959723,1281323,1281427,104,completed,-12
RoundRobin,6168,3037662008,1281423,1281545,122,completed,-29
RoundRobin,6169,3658959723,1281719,1281824,105,completed,-12
RoundRobin,6170,3037662008,1281819,1281941,122,completed,-29
RoundRobin,6171,3658959723,1281919,1282023,104,completed,-12
RoundRobin,6172,3037662008,1282019,1282140,121,completed,-29
RoundRobin,6173,3658959723,1282119,1282223,104,completed,-12
RoundRobin,6174,3037662008,1282219,1282341,122,completed,-29
RoundRobin,6175,3658959723,1282319,1282426,107,completed,-11
RoundRobin,6176,3037662008,1282419,1282544,125,completed,-30
RoundRobin,6177,3658959723,1282520,1282822,302,completed,-11
RoundRobin,6178,3037662008,1282722,1282844,122,completed,-30
RoundRobin,6179,3658959723,1282822,1282930,108,completed,-11
RoundRobin,6180,3037662008,1282922,1283044,122,completed,-30
RoundRobin,6181,3658959723,1283022,1283126,104,completed,-11
RoundRobin,6182,3037662008,1283122,1283244,122,completed,-30
RoundRobin,6183,3658959723,1283222,1283327,105,completed,-11
RoundRobin,6184,3037662008,1283322,1283443,121,completed,-30
RoundRobin,6185,3658959723,1283422,1283526,104,completed,-11
RoundRobin,6186,3037662008,1283522,1283869,347,completed,-30
RoundRobin,6187,3658959723,1283725,1283852,127,completed,-11
RoundRobin,6188,3037662008,1285938,1286259,321,completed,-29
RoundRobin,6190,3037662008,1286253,1286422,169,completed,-29
RoundRobin,6189,3658959723,1286150,1286535,385,completed,-10
RoundRobin,6192,3037662008,1286453,1286576,123,completed,-31
RoundRobin,6191,3658959723,1286353,1286638,285,completed,-10
RoundRobin,6193,3658959723,1286553,1286741,188,completed,-10
RoundRobin,6194,3037662008,1286653,1286775,122,completed,-31
RoundRobin,6195,3658959723,1286753,1286858,105,completed,-10
RoundRobin,6196,3037662008,1286853,1286975,122,completed,-31
RoundRobin,6197,3658959723,1287139,1287245,106,completed,-10
RoundRobin,6198,3037662008,1287239,1287360,121,completed,-31
RoundRobin,6199,3658959723,1287339,1287444,105,completed,-10
RoundRobin,6200,3037662008,1287439,1287561,122,completed,-31
RoundRobin,6201,3658959723,1287539,1287643,104,completed,-10
RoundRobin,6202,3037662008,1287639,1287760,121,completed,-31
RoundRobin,6203,3658959723,1287739,1287843,104,completed,-10
RoundRobin,6204,3037662008,1287839,1287962,123,completed,-31
RoundRobin,6206,3037662008,1288143,1288523,380,completed,-30
RoundRobin,6208,3037662008,1288343,1288626,283,completed,-30
RoundRobin,6210,3037662008,1288543,1288729,186,completed,-30
RoundRobin,6212,3037662008,1288743,1288865,122,completed,-30
RoundRobin,6214,3037662008,1288943,1289258,315,completed,-30
RoundRobin,6216,3037662008,1289240,1289364,124,completed,-30
RoundRobin,6205,3658959723,1287939,1288043,104,completed,-10
RoundRobin,6207,3658959723,1288243,1288358,115,completed,-10
RoundRobin,6218,3037662008,1289440,1289561,121,completed,-30
RoundRobin,6209,3658959723,1288443,1288547,104,completed,-10
RoundRobin,6220,3037662008,1289640,1289761,121,completed,-30
RoundRobin,6211,3658959723,1288643,1288747,104,completed,-10
RoundRobin,6213,3658959723,1288843,1288947,104,completed,-10
RoundRobin,6222,3037662008,1289840,1289964,124,completed,-30
RoundRobin,6215,3658959723,1289140,1289244,104,completed,-10
RoundRobin,6217,3658959723,1289340,1289445,105,completed,-10
RoundRobin,6219,3658959723,1289540,1289645,105,completed,-10
RoundRobin,6221,3658959723,1289740,1289846,106,completed,-10
RoundRobin,6224,3037662008,1290154,1290279,125,completed,-30
RoundRobin,6223,3658959723,1289940,1290046,106,completed,-10
RoundRobin,6225,3658959723,1290254,1290359,105,completed,-10
RoundRobin,6226,3037662008,1290354,1290476,122,completed,-29
RoundRobin,6228,3037662008,1290554,1290678,124,completed,-29
RoundRobin,6227,3658959723,1290454,1290559,105,completed,-11
RoundRobin,6229,3658959723,1290654,1290760,106,completed,-11
RoundRobin,6230,3037662008,1290755,1290879,124,completed,-29
RoundRobin,6231,3658959723,1290855,1290959,104,completed,-11
RoundRobin,6232,3037662008,1291150,1291274,124,completed,-29
RoundRobin,6233,3658959723,1291250,1291353,103,completed,-11
RoundRobin,6234,3037662008,1291350,1291472,122,completed,-29
RoundRobin,6235,3658959723,1291450,1291555,105,completed,-11
RoundRobin,6236,3037662008,1291550,1291671,121,completed,-29
RoundRobin,6237,3658959723,1291650,1291754,104,completed,-11
RoundRobin,6238,3037662008,1291750,1291872,122,completed,-29
RoundRobin,6239,3658959723,1291850,1291954,104,completed,-11
RoundRobin,6241,3658959723,1292152,1292259,107,completed,-11
RoundRobin,6243,3658959723,1292352,1292457,105,completed,-10
RoundRobin,6245,3658959723,1292552,1292657,105,completed,-10
RoundRobin,6247,3658959723,1292753,1292859,106,completed,-10
RoundRobin,6249,3658959723,1292953,1293254,301,completed,-10
RoundRobin,6240,3037662008,1291950,1292071,121,completed,-29
RoundRobin,6251,3658959723,1293250,1293357,107,completed,-10
RoundRobin,6242,3037662008,1292252,1293455,1203,completed,-32
RoundRobin,6244,3037662008,1292452,1293558,1106,completed,-32
RoundRobin,6253,3658959723,1293450,1293555,105,completed,-10
RoundRobin,6246,3037662008,1292652,1293661,1009,completed,-32
RoundRobin,6248,3037662008,1292853,1293764,911,completed,-32
RoundRobin,6255,3658959723,1293654,1293760,106,completed,-10
RoundRobin,6250,3037662008,1293150,1293867,717,completed,-32
RoundRobin,6252,3037662008,1293350,1293970,620,completed,-32
RoundRobin,6257,3658959723,1293864,1293968,104,completed,-10
RoundRobin,6254,3037662008,1293553,1294072,519,completed,-32
RoundRobin,6256,3037662008,1293764,1294173,409,completed,-32
RoundRobin,6258,3037662008,1294157,1294285,128,completed,-32
RoundRobin,6259,3658959723,1294257,1294361,104,completed,-10
RoundRobin,6260,3037662008,1294357,1294478,121,completed,-32
RoundRobin,6261,3658959723,1294457,1294563,106,completed,-10
RoundRobin,6262,3037662008,1294557,1294679,122,completed,-32
RoundRobin,6263,3658959723,1294657,1294761,104,completed,-10
RoundRobin,6264,3037662008,1294757,1294880,123,completed,-32
RoundRobin,6265,3658959723,1294857,1294961,104,completed,-10
RoundRobin,6266,3037662008,1294957,1295275,318,completed,-32
RoundRobin,6267,3658959723,1295160,1295266,106,completed,-10
RoundRobin,6268,3037662008,1295260,1295384,124,completed,-32
RoundRobin,6269,3658959723,1295360,1295464,104,completed,-10
RoundRobin,6270,3037662008,1295460,1295581,121,completed,-32
RoundRobin,6271,3658959723,1295560,1295665,105,completed,-10
RoundRobin,6272,3037662008,1295660,1295782,122,completed,-32
RoundRobin,6273,3658959723,1295762,1295867,105,completed,-10
RoundRobin,6274,3037662008,1295862,1295984,122,completed,-32
RoundRobin,6275,3658959723,1296157,1296263,106,completed,-10
RoundRobin,6276,3037662008,1296257,1296378,121,completed,-32
RoundRobin,6277,3658959723,1296357,1296461,104,completed,-10
RoundRobin,6278,3037662008,1296457,1296580,123,completed,-31
RoundRobin,6279,3658959723,1296557,1296662,105,completed,-10
RoundRobin,6280,3037662008,1296657,1296779,122,completed,-31
RoundRobin,6281,3658959723,1296762,1296868,106,completed,-10
RoundRobin,6282,3037662008,1296862,1296983,121,completed,-31
RoundRobin,6283,3658959723,1297158,1297264,106,completed,-10
RoundRobin,6284,3037662008,1297258,1297380,122,completed,-31
RoundRobin,6285,3658959723,1297358,1297462,104,completed,-10
RoundRobin,6286,3037662008,1297458,1297579,121,completed,-31
RoundRobin,6287,3658959723,1297558,1297662,104,completed,-10
RoundRobin,6288,3037662008,1297658,1297780,122,completed,-31
RoundRobin,6289,3658959723,1297758,1297863,105,completed,-10
RoundRobin,6290,3037662008,1297858,1297980,122,completed,-31
RoundRobin,6291,3658959723,1297958,1298281,323,completed,-10
RoundRobin,6292,3037662008,1298162,1298398,236,completed,-31
RoundRobin,6293,3658959723,1298262,1298388,126,completed,-10
RoundRobin,6294,3037662008,1298362,1298500,138,completed,-31
RoundRobin,6295,3658959723,1298462,1298568,106,completed,-11
RoundRobin,6296,3037662008,1298562,1298685,123,completed,-31
RoundRobin,6297,3658959723,1298662,1298767,105,completed,-11
RoundRobin,6298,3037662008,1298764,1298887,123,completed,-31
RoundRobin,6299,3658959723,1298864,1298969,105,completed,-11
RoundRobin,6300,3037662008,1299162,1299306,144,completed,-31
RoundRobin,6301,3658959723,1299262,1299366,104,completed,-11
RoundRobin,6302,3037662008,1299362,1299485,123,completed,-31
RoundRobin,6303,3658959723,1299462,1299566,104,completed,-11
RoundRobin,6304,3037662008,1299562,1299684,122,completed,-31
RoundRobin,6305,3658959723,1299662,1299766,104,completed,-11
RoundRobin,6306,3037662008,1299762,1299885,123,completed,-31
RoundRobin,6307,3658959723,1299862,1299967,105,completed,-11
RoundRobin,6308,3037662008,1299962,1300278,316,completed,-31
RoundRobin,6309,3658959723,1300163,1300271,108,completed,-11
RoundRobin,6310,3037662008,1300263,1300388,125,completed,-31
RoundRobin,6311,3658959723,1300363,1300467,104,completed,-11
RoundRobin,6312,3037662008,1300463,1300585,122,completed,-30
RoundRobin,6313,3658959723,1300563,1300668,105,completed,-11
RoundRobin,6314,3037662008,1300663,1300785,122,completed,-30
RoundRobin,6315,3658959723,1300765,1300872,107,completed,-11
RoundRobin,6316,3037662008,1300865,1300987,122,completed,-30
RoundRobin,6318,3037662008,1301169,1301294,125,completed,-30
RoundRobin,6317,3658959723,1300965,1301276,311,completed,-11
RoundRobin,6319,3658959723,1303380,1303688,308,completed,-10
RoundRobin,6320,3037662008,1303591,1303713,122,completed,-34
RoundRobin,6322,3037662008,1303791,1303913,122,completed,-34
RoundRobin,6321,3658959723,1303691,1303906,215,completed,-10
RoundRobin,6323,3658959723,1303891,1304015,124,completed,-10
RoundRobin,6324,3037662008,1303991,1304113,122,completed,-34
RoundRobin,6325,3658959723,1304091,1304195,104,completed,-10
RoundRobin,6326,3037662008,1304191,1304312,121,completed,-34
RoundRobin,6327,3658959723,1304291,1304395,104,completed,-10
RoundRobin,6328,3037662008,1304582,1304707,125,completed,-29
RoundRobin,6329,3658959723,1304682,1304787,105,completed,-11
RoundRobin,6330,3037662008,1304782,1304904,122,completed,-29
RoundRobin,6331,3658959723,1304882,1304987,105,completed,-11
RoundRobin,6332,3037662008,1304982,1305103,121,completed,-29
RoundRobin,6333,3658959723,1305082,1305187,105,completed,-11
RoundRobin,6334,3037662008,1305182,1305304,122,completed,-29
RoundRobin,6335,3658959723,1305282,1305387,105,completed,-11
RoundRobin,6337,3658959723,1305585,1305693,108,completed,-11
RoundRobin,6339,3658959723,1305785,1305890,105,completed,-11
RoundRobin,6341,3658959723,1305985,1306090,105,completed,-11
RoundRobin,6343,3658959723,1306185,1306290,105,completed,-11
RoundRobin,6345,3658959723,1306385,1306684,299,completed,-10
RoundRobin,6336,3037662008,1305382,1305505,123,completed,-29
RoundRobin,6347,3658959723,1306686,1306791,105,completed,-10
RoundRobin,6338,3037662008,1305685,1306722,1037,completed,-29
RoundRobin,6340,3037662008,1305885,1306922,1037,completed,-29
RoundRobin,6349,3658959723,1306886,1306992,106,completed,-10
RoundRobin,6342,3037662008,1306085,1307025,940,completed,-29
RoundRobin,6344,3037662008,1306285,1307128,843,completed,-29
RoundRobin,6351,3658959723,1307086,1307191,105,completed,-10
RoundRobin,6346,3037662008,1306586,1307231,645,completed,-29
RoundRobin,6348,3037662008,1306786,1307334,548,completed,-29
RoundRobin,6353,3658959723,1307286,1307390,104,completed,-10
RoundRobin,6350,3037662008,1306986,1307436,450,completed,-29
RoundRobin,6352,3037662008,1307186,1307538,352,completed,-29
RoundRobin,6354,3037662008,1307387,1307705,318,completed,-29
RoundRobin,6356,3037662008,1307695,1307818,123,completed,-29
RoundRobin,6355,3658959723,1307595,1307856,261,completed,-10
RoundRobin,6357,3658959723,1307795,1307965,170,completed,-10
RoundRobin,6358,3037662008,1307895,1308018,123,completed,-29
RoundRobin,6359,3658959723,1307995,1308101,106,completed,-10
RoundRobin,6360,3037662008,1308095,1308217,122,completed,-29
RoundRobin,6361,3658959723,1308195,1308301,106,completed,-10
RoundRobin,6362,3037662008,1308295,1308417,122,completed,-29
RoundRobin,6363,3658959723,1308591,1308695,104,completed,-10
RoundRobin,6364,3037662008,1308691,1308813,122,completed,-31
RoundRobin,6365,3658959723,1308791,1308895,104,completed,-10
RoundRobin,6366,3037662008,1308891,1309013,122,completed,-31
RoundRobin,6367,3658959723,1308991,1309096,105,completed,-10
RoundRobin,6368,3037662008,1309091,1309213,122,completed,-31
RoundRobin,6369,3658959723,1309191,1309296,105,completed,-10
RoundRobin,6370,3037662008,1309291,1309412,121,completed,-31
RoundRobin,6371,3658959723,1309391,1309706,315,completed,-10
RoundRobin,6373,3658959723,1309691,1309823,132,completed,-10
RoundRobin,6372,3037662008,1309591,1309847,256,completed,-31
RoundRobin,6374,3037662008,1309791,1309950,159,completed,-31
RoundRobin,6375,3658959723,1309891,1309995,104,completed,-10
RoundRobin,6376,3037662008,1309991,1310113,122,completed,-31
RoundRobin,6377,3658959723,1310091,1310196,105,completed,-10
RoundRobin,6378,3037662008,1310191,1310313,122,completed,-31
RoundRobin,6379,3658959723,1310291,1310396,105,completed,-10
RoundRobin,6380,3037662008,1310391,1310707,316,completed,-32
RoundRobin,6381,3658959723,1310595,1310701,106,completed,-10
RoundRobin,6382,3037662008,1310700,1310824,124,completed,-32
RoundRobin,6383,3658959723,1310800,1310905,105,completed,-10
RoundRobin,6384,3037662008,1310900,1311021,121,completed,-32
RoundRobin,6385,3658959723,1311000,1311104,104,completed,-10
RoundRobin,6386,3037662008,1311100,1311222,122,completed,-32
RoundRobin,6387,3658959723,1311200,1311305,105,completed,-10
RoundRobin,6388,3037662008,1311300,1311421,121,completed,-32
RoundRobin,6389,3658959723,1311593,1311699,106,completed,-10
RoundRobin,6391,3658959723,1311793,1311898,105,completed,-10
RoundRobin,6390,3037662008,1311693,1311921,228,completed,-32
RoundRobin,6392,3037662008,1311893,1312024,131,completed,-32
RoundRobin,6393,3658959723,1311993,1312098,105,completed,-10
RoundRobin,6394,3037662008,1312093,1312216,123,completed,-32
RoundRobin,6395,3658959723,1312193,1312299,106,completed,-10
RoundRobin,6396,3037662008,1312293,1312417,124,completed,-32
RoundRobin,6397,3658959723,1312393,1312702,309,completed,-12
RoundRobin,6398,3037662008,1312598,1312721,123,completed,-31
RoundRobin,6399,3658959723,1312698,1312811,113,completed,-12
RoundRobin,6400,3037662008,1312798,1312921,123,completed,-31
RoundRobin,6401,3658959723,1312898,1313002,104,completed,-12
RoundRobin,6402,3037662008,1312998,1313120,122,completed,-31
RoundRobin,6403,3658959723,1313098,1313203,105,completed,-12
RoundRobin,6404,3037662008,1313198,1313319,121,completed,-31
RoundRobin,6405,3658959723,1313298,1313403,105,completed,-12
RoundRobin,6406,3037662008,1313595,1313722,127,completed,-31
RoundRobin,6407,3658959723,1313695,1313799,104,completed,-12
RoundRobin,6408,3037662008,1313795,1313918,123,completed,-31
RoundRobin,6409,3658959723,1313895,1313999,104,completed,-12
RoundRobin,6410,3037662008,1313995,1314117,122,completed,-31
RoundRobin,6411,3658959723,1314096,1314200,104,completed,-12
RoundRobin,6412,3037662008,1314196,1314320,124,completed,-31
RoundRobin,6413,3658959723,1314296,1314401,105,completed,-12
RoundRobin,6414,3037662008,1314396,1314712,316,completed,-30
RoundRobin,6415,3658959723,1314601,1314708,107,completed,-11
RoundRobin,6416,3037662008,1314703,1314828,125,completed,-30
RoundRobin,6417,3658959723,1314803,1314908,105,completed,-11
RoundRobin,6418,3037662008,1314903,1315025,122,completed,-30
RoundRobin,6419,3658959723,1315003,1315107,104,completed,-11
RoundRobin,6420,3037662008,1315103,1315225,122,completed,-30
RoundRobin,6421,3658959723,1315203,1315307,104,completed,-11
RoundRobin,6422,3037662008,1315303,1315425,122,completed,-30
RoundRobin,6423,3658959723,1315597,1315705,108,completed,-11
RoundRobin,6424,3037662008,1315697,1315818,121,completed,-30
RoundRobin,6425,3658959723,1315797,1315901,104,completed,-11
RoundRobin,6426,3037662008,1315897,1316019,122,completed,-30
RoundRobin,6427,3658959723,1315997,1316101,104,completed,-11
RoundRobin,6428,3037662008,1316097,1316219,122,completed,-30
RoundRobin,6429,3658959723,1316197,1316301,104,completed,-11
RoundRobin,6430,3037662008,1316297,1316419,122,completed,-30
RoundRobin,6431,3658959723,1316397,1316502,105,completed,-11
RoundRobin,6432,3037662008,1316599,1316723,124,completed,-32
RoundRobin,6433,3658959723,1316699,1316803,104,completed,-11
RoundRobin,6434,3037662008,1316799,1316921,122,completed,-32
RoundRobin,6435,3658959723,1316899,1317004,105,completed,-11
RoundRobin,6436,3037662008,1316999,1317122,123,completed,-32
RoundRobin,6437,3658959723,1317099,1317204,105,completed,-11
RoundRobin,6438,3037662008,1317199,1317321,122,completed,-32
RoundRobin,6439,3658959723,1317299,1317403,104,completed,-11
RoundRobin,6440,3037662008,1317399,1317715,316,completed,-32
RoundRobin,6441,3658959723,1317601,1317706,105,completed,-11
RoundRobin,6442,3037662008,1317701,1317824,123,completed,-32
RoundRobin,6443,3658959723,1317801,1317906,105,completed,-11
RoundRobin,6444,3037662008,1317901,1318023,122,completed,-32
RoundRobin,6445,3658959723,1318001,1318106,105,completed,-11
RoundRobin,6446,3037662008,1318101,1318223,122,completed,-32
RoundRobin,6447,3658959723,1318201,1318308,107,completed,-11
RoundRobin,6448,3037662008,1318301,1318424,123,completed,-32
RoundRobin,6449,3658959723,1318401,1318710,309,completed,-10
RoundRobin,SUMMARY,ALL,0,0,121864,batch_complete,0
----------------,---,---,---,---,---,----------------,---
RoundRobin,6450,3037662008,1318606,1318731,125,completed,-32
RoundRobin,6451,3658959723,1329402,1329508,106,completed,-10
RoundRobin,6452,3037662008,1329502,1329624,122,completed,-27
RoundRobin,6453,3658959723,1329602,1329707,105,completed,-10
RoundRobin,6454,3037662008,1329702,1329825,123,completed,-27
RoundRobin,6455,3658959723,1329802,1329906,104,completed,-10
RoundRobin,6456,3037662008,1330022,1330145,123,completed,-27
RoundRobin,6457,3658959723,1330122,1330226,104,completed,-10
RoundRobin,6458,3037662008,1330222,1330345,123,completed,-27
RoundRobin,6459,3658959723,1330322,1330426,104,completed,-10
RoundRobin,6460,3037662008,1330422,1330543,121,completed,-34
RoundRobin,6461,3658959723,1330522,1330626,104,completed,-11
RoundRobin,6462,3037662008,1330622,1330744,122,completed,-34
RoundRobin,6463,3658959723,1330722,1330828,106,completed,-11
RoundRobin,6465,3658959723,1331022,1331128,106,completed,-11
RoundRobin,6467,3658959723,1331222,1331327,105,completed,-11
RoundRobin,6469,3658959723,1331422,1331526,104,completed,-11
RoundRobin,6471,3658959723,1331622,1331727,105,completed,-11
RoundRobin,6473,3658959723,1331822,1331926,104,completed,-11
RoundRobin,6475,3658959723,1332123,1332227,104,completed,-11
RoundRobin,6477,3658959723,1332323,1332428,105,completed,-11
RoundRobin,6464,3037662008,1330822,1332491,1669,completed,-32
RoundRobin,6466,3037662008,1331122,1332594,1472,completed,-32
RoundRobin,6479,3658959723,1332523,1332627,104,completed,-10
RoundRobin,6468,3037662008,1331322,1332697,1375,completed,-32
RoundRobin,6470,3037662008,1331522,1332800,1278,completed,-32
RoundRobin,6472,3037662008,1331722,1332903,1181,completed,-32
RoundRobin,6481,3658959723,1332723,1332828,105,completed,-10
RoundRobin,6474,3037662008,1332023,1333006,983,completed,-32
RoundRobin,6476,3037662008,1332223,1333108,885,completed,-32
RoundRobin,6483,3658959723,1333031,1333145,114,completed,-10
RoundRobin,6478,3037662008,1332423,1333211,788,completed,-32
RoundRobin,6480,3037662008,1332623,1333314,691,completed,-32
RoundRobin,6485,3658959723,1333231,1333335,104,completed,-10
RoundRobin,6482,3037662008,1332823,1333417,594,completed,-32
RoundRobin,6484,3037662008,1333131,1333520,389,completed,-32
RoundRobin,6487,3658959723,1333431,1333535,104,completed,-10
RoundRobin,6486,3037662008,1333331,1333622,291,completed,-32
RoundRobin,6488,3037662008,1333531,1333725,194,completed,-32
RoundRobin,6489,3658959723,1333631,1333736,105,completed,-10
RoundRobin,6490,3037662008,1333731,1333854,123,completed,-32
RoundRobin,6491,3658959723,1334024,1334130,106,completed,-10
RoundRobin,6492,3037662008,1334124,1334245,121,completed,-32
RoundRobin,6493,3658959723,1334224,1334329,105,completed,-10
RoundRobin,6494,3037662008,1334324,1334447,123,completed,-32
RoundRobin,6495,3658959723,1334424,1334528,104,completed,-10
RoundRobin,6496,3037662008,1334524,1334646,122,completed,-31
RoundRobin,6497,3658959723,1334624,1334729,105,completed,-10
RoundRobin,6498,3037662008,1334724,1334846,122,completed,-31
RoundRobin,6499,3658959723,1334824,1334929,105,completed,-10
RoundRobin,6500,3037662008,1335028,1335155,127,completed,-31
RoundRobin,6501,3658959723,1335128,1335233,105,completed,-10
RoundRobin,6502,3037662008,1335228,1335351,123,completed,-31
RoundRobin,6503,3658959723,1335328,1335433,105,completed,-10
RoundRobin,6504,3037662008,1335428,1335549,121,completed,-31
RoundRobin,6505,3658959723,1335528,1335632,104,completed,-10
RoundRobin,6506,3037662008,1335628,1335750,122,completed,-31
RoundRobin,6507,3658959723,1335728,1335833,105,completed,-10
RoundRobin,6508,3037662008,1335828,1336146,318,completed,-31
RoundRobin,6509,3658959723,1336031,1336138,107,completed,-10
RoundRobin,6510,3037662008,1338243,1338952,709,completed,-32
RoundRobin,6512,3037662008,1338550,1339060,510,completed,-32
RoundRobin,6514,3037662008,1338750,1339169,419,completed,-32
RoundRobin,6516,3037662008,1338950,1339272,322,completed,-32
RoundRobin,6518,3037662008,1339154,1339375,221,completed,-32
RoundRobin,6520,3037662008,1339544,1339666,122,completed,-32
RoundRobin,6511,3658959723,1338450,1338980,530,completed,-10
RoundRobin,6513,3658959723,1338650,1339255,605,completed,-10
RoundRobin,6515,3658959723,1338850,1339805,955,completed,-10
RoundRobin,6522,3037662008,1339744,1339868,124,completed,-32
RoundRobin,6517,3658959723,1339054,1339908,854,completed,-10
RoundRobin,6519,3658959723,1339444,1340011,567,completed,-10
RoundRobin,6524,3037662008,1339944,1340068,124,completed,-32
RoundRobin,6521,3658959723,1339644,1340114,470,completed,-10
RoundRobin,6526,3037662008,1340144,1340266,122,completed,-32
RoundRobin,6523,3658959723,1339844,1340217,373,completed,-10
RoundRobin,6525,3658959723,1340044,1340318,274,completed,-10
RoundRobin,6527,3658959723,1340244,1340421,177,completed,-10
RoundRobin,6528,3037662008,1340460,1340594,134,completed,-32
RoundRobin,6529,3658959723,1340560,1340664,104,completed,-11
RoundRobin,6530,3037662008,1340660,1340782,122,completed,-32
RoundRobin,6531,3658959723,1340760,1340868,108,completed,-11
RoundRobin,6532,3037662008,1340860,1340982,122,completed,-32
RoundRobin,6533,3658959723,1340960,1341068,108,completed,-11
RoundRobin,6534,3037662008,1341060,1341182,122,completed,-32
RoundRobin,6535,3658959723,1341160,1341265,105,completed,-11
RoundRobin,6536,3037662008,1341456,1341581,125,completed,-32
RoundRobin,6537,3658959723,1341556,1341660,104,completed,-11
RoundRobin,6538,3037662008,1341656,1341778,122,completed,-32
RoundRobin,6539,3658959723,1341756,1341861,105,completed,-11
RoundRobin,6540,3037662008,1341856,1341978,122,completed,-32
RoundRobin,6541,3658959723,1341956,1342062,106,completed,-11
RoundRobin,6542,3037662008,1342056,1342178,122,completed,-32
RoundRobin,6544,3037662008,1342256,1342378,122,completed,-32
RoundRobin,6543,3658959723,1342156,1342262,106,completed,-11
RoundRobin,6545,3658959723,1342464,1342573,109,completed,-10
RoundRobin,6546,3037662008,1342564,1342685,121,completed,-32
RoundRobin,6547,3658959723,1342664,1342771,107,completed,-10
RoundRobin,6548,3037662008,1342765,1342890,125,completed,-32
RoundRobin,6549,3658959723,1342865,1342970,105,completed,-10
RoundRobin,6550,3037662008,1342965,1343087,122,completed,-32
RoundRobin,6551,3658959723,1343065,1343169,104,completed,-10
RoundRobin,6552,3037662008,1343165,1343287,122,completed,-32
RoundRobin,6553,3658959723,1343459,1343565,106,completed,-10
RoundRobin,6554,3037662008,1343559,1343681,122,completed,-32
RoundRobin,6555,3658959723,1343659,1343764,105,completed,-10
RoundRobin,6556,3037662008,1343760,1343883,123,completed,-32
RoundRobin,6557,3658959723,1343860,1343964,104,completed,-10
RoundRobin,6558,3037662008,1343960,1344082,122,completed,-32
RoundRobin,6559,3658959723,1344060,1344165,105,completed,-10
RoundRobin,6560,3037662008,1344160,1344282,122,completed,-32
RoundRobin,6561,3658959723,1344261,1344569,308,completed,-11
RoundRobin,6562,3037662008,1344468,1344590,122,completed,-32
RoundRobin,6563,3658959723,1344568,1344678,110,completed,-11
RoundRobin,6564,3037662008,1344668,1344790,122,completed,-32
RoundRobin,6565,3658959723,1344768,1344873,105,completed,-11
RoundRobin,6566,3037662008,1344868,1344991,123,completed,-32
RoundRobin,6567,3658959723,1344968,1345074,106,completed,-11
RoundRobin,6568,3037662008,1345068,1345190,122,completed,-32
RoundRobin,6569,3658959723,1345168,1345273,105,completed,-11
RoundRobin,6570,3037662008,1345462,1345586,124,completed,-32
RoundRobin,6571,3658959723,1345562,1345666,104,completed,-11
RoundRobin,6572,3037662008,1345662,1345784,122,completed,-32
RoundRobin,6573,3658959723,1345762,1345866,104,completed,-11
RoundRobin,6574,3037662008,1345862,1345984,122,completed,-32
RoundRobin,6575,3658959723,1345962,1346066,104,completed,-11
RoundRobin,6576,3037662008,1346062,1346184,122,completed,-32
RoundRobin,6577,3658959723,1346162,1346269,107,completed,-11
RoundRobin,6578,3037662008,1346263,1346580,317,completed,-33
RoundRobin,6579,3658959723,1346466,1346574,108,completed,-11
RoundRobin,6580,3037662008,1346566,1346690,124,completed,-33
RoundRobin,6581,3658959723,1346666,1346770,104,completed,-11
RoundRobin,6582,3037662008,1346777,1346900,123,completed,-33
RoundRobin,6583,3658959723,1346877,1346982,105,completed,-11
RoundRobin,6584,3037662008,1346977,1347099,122,completed,-33
RoundRobin,6585,3658959723,1347077,1347182,105,completed,-11
RoundRobin,6586,3037662008,1347177,1347299,122,completed,-33
RoundRobin,6587,3658959723,1347464,1347569,105,completed,-11
RoundRobin,6588,3037662008,1347564,1347686,122,completed,-33
RoundRobin,6589,3658959723,1347664,1347769,105,completed,-11
RoundRobin,6590,3037662008,1347764,1347887,123,completed,-33
RoundRobin,6591,3658959723,1347864,1347968,104,completed,-11
RoundRobin,6592,3037662008,1347964,1348086,122,completed,-33
RoundRobin,6593,3658959723,1348064,1348169,105,completed,-11
RoundRobin,6594,3037662008,1348164,1348286,122,completed,-33
RoundRobin,6595,3658959723,1348264,1348575,311,completed,-10
RoundRobin,6596,3037662008,1348470,1348594,124,completed,-30
RoundRobin,6597,3658959723,1348570,1348678,108,completed,-10
RoundRobin,6598,3037662008,1348670,1348795,125,completed,-30
RoundRobin,6599,3658959723,1348779,1348895,116,completed,-10
RoundRobin,6600,3037662008,1348879,1349001,122,completed,-30
RoundRobin,6601,3658959723,1348979,1349084,105,completed,-10
RoundRobin,6602,3037662008,1349079,1349201,122,completed,-30
RoundRobin,6603,3658959723,1349179,1349284,105,completed,-10
RoundRobin,6604,3037662008,1349465,1349590,125,completed,-30
RoundRobin,6605,3658959723,1349565,1349669,104,completed,-10
RoundRobin,6606,3037662008,1349665,1349788,123,completed,-30
RoundRobin,6607,3658959723,1349765,1349870,105,completed,-10
RoundRobin,6608,3037662008,1349865,1349988,123,completed,-30
RoundRobin,6609,3658959723,1349965,1350069,104,completed,-10
RoundRobin,6610,3037662008,1350065,1350187,122,completed,-30
RoundRobin,6611,3658959723,1350165,1350271,106,completed,-10
RoundRobin,6612,3037662008,1350265,1350583,318,completed,-31
RoundRobin,6613,3658959723,1350469,1350576,107,completed,-10
RoundRobin,6614,3037662008,1350569,1350692,123,completed,-31
RoundRobin,6615,3658959723,1350669,1350775,106,completed,-10
RoundRobin,6616,3037662008,1350774,1350899,125,completed,-31
RoundRobin,6617,3658959723,1350874,1350978,104,completed,-10
RoundRobin,6618,3037662008,1350974,1351097,123,completed,-31
RoundRobin,6619,3658959723,1351074,1351179,105,completed,-10
RoundRobin,6620,3037662008,1351174,1351297,123,completed,-31
RoundRobin,6621,3658959723,1351467,1351575,108,completed,-10
RoundRobin,6622,3037662008,1351567,1351690,123,completed,-31
RoundRobin,6623,3658959723,1351667,1351772,105,completed,-10
RoundRobin,6624,3037662008,1351767,1351890,123,completed,-31
RoundRobin,6625,3658959723,1351867,1351971,104,completed,-10
RoundRobin,6626,3037662008,1351967,1352090,123,completed,-31
RoundRobin,6627,3658959723,1352067,1352171,104,completed,-10
RoundRobin,6628,3037662008,1352167,1352289,122,completed,-31
RoundRobin,6629,3658959723,1352267,1352373,106,completed,-10
RoundRobin,6630,3037662008,1352472,1352599,127,completed,-31
RoundRobin,6631,3658959723,1352572,1352678,106,completed,-10
RoundRobin,6632,3037662008,1352672,1352794,122,completed,-31
RoundRobin,6633,3658959723,1352780,1352894,114,completed,-10
RoundRobin,6634,3037662008,1352880,1353002,122,completed,-31
RoundRobin,6635,3658959723,1352980,1353084,104,completed,-10
RoundRobin,6636,3037662008,1353080,1353203,123,completed,-31
RoundRobin,6637,3658959723,1353180,1353287,107,completed,-10
RoundRobin,6638,3037662008,1353472,1353595,123,completed,-31
RoundRobin,6639,3658959723,1355676,1355980,304,completed,-10
RoundRobin,6640,3037662008,1355879,1356118,239,completed,-30
RoundRobin,6641,3658959723,1355979,1356127,148,completed,-10
RoundRobin,6642,3037662008,1356079,1356228,149,completed,-30
RoundRobin,6643,3658959723,1356179,1356283,104,completed,-10
RoundRobin,6644,3037662008,1356279,1356402,123,completed,-30
RoundRobin,6645,3658959723,1356379,1356485,106,completed,-10
RoundRobin,6646,3037662008,1356479,1356601,122,completed,-30
RoundRobin,6647,3658959723,1356579,1356685,106,completed,-10
RoundRobin,6648,3037662008,1356679,1356995,316,completed,-30
RoundRobin,6649,3658959723,1356882,1356988,106,completed,-10
RoundRobin,6650,3037662008,1356982,1357105,123,completed,-30
RoundRobin,6651,3658959723,1357082,1357186,104,completed,-10
RoundRobin,6652,3037662008,1357182,1357305,123,completed,-30
RoundRobin,6653,3658959723,1357282,1357386,104,completed,-10
RoundRobin,6654,3037662008,1357382,1357504,122,completed,-30
RoundRobin,6655,3658959723,1357482,1357587,105,completed,-10
RoundRobin,6656,3037662008,1357582,1357704,122,completed,-30
RoundRobin,6658,3037662008,1357891,1358193,302,completed,-30
RoundRobin,6660,3037662008,1358091,1358302,211,completed,-30
RoundRobin,6662,3037662008,1358293,1358418,125,completed,-30
RoundRobin,6657,3658959723,1357682,1358570,888,completed,-10
RoundRobin,6664,3037662008,1358493,1358616,123,completed,-32
RoundRobin,6659,3658959723,1357991,1358680,689,completed,-10
RoundRobin,6666,3037662008,1358894,1359018,124,completed,-32
RoundRobin,6668,3037662008,1359094,1359216,122,completed,-32
RoundRobin,6670,3037662008,1359294,1359417,123,completed,-32
RoundRobin,6672,3037662008,1359494,1359616,122,completed,-32
RoundRobin,6661,3658959723,1358191,1358783,592,completed,-10
RoundRobin,6663,3658959723,1358393,1358888,495,completed,-10
RoundRobin,6674,3037662008,1359895,1360019,124,completed,-32
RoundRobin,6665,3658959723,1358593,1358990,397,completed,-10
RoundRobin,6667,3658959723,1358994,1359098,104,completed,-10
RoundRobin,6669,3658959723,1359194,1359299,105,completed,-10
RoundRobin,6671,3658959723,1359394,1359552,158,completed,-10
RoundRobin,6673,3658959723,1359594,1359989,395,completed,-10
RoundRobin,6675,3658959723,1359995,1360105,110,completed,-10
RoundRobin,6676,3658959723,1360095,1360207,112,completed,-10
RoundRobin,6677,3658959723,1360195,1360309,114,completed,-10
RoundRobin,6678,3658959723,1360295,1360411,116,completed,-10
RoundRobin,6679,3658959723,1360395,1360512,117,completed,-12
RoundRobin,6680,3658959723,1360495,1360614,119,completed,-12
RoundRobin,6681,3658959723,1360595,1360715,120,completed,-12
RoundRobin,6682,3658959723,1360895,1361002,107,completed,-12
RoundRobin,6683,3658959723,1360995,1361105,110,completed,-12
RoundRobin,6684,3658959723,1361095,1361207,112,completed,-12
RoundRobin,6685,3658959723,1361195,1361309,114,completed,-12
RoundRobin,6686,3658959723,1361295,1361412,117,completed,-12
RoundRobin,6687,3658959723,1361395,1361515,120,completed,-12
RoundRobin,6688,3658959723,1361495,1361618,123,completed,-12
RoundRobin,6689,3658959723,1361595,1361720,125,completed,-12
RoundRobin,6690,3658959723,1361901,1362007,106,completed,-12
RoundRobin,6691,3658959723,1362001,1362116,115,completed,-12
RoundRobin,6692,3658959723,1362101,1362219,118,completed,-12
RoundRobin,6693,3658959723,1362201,1362322,121,completed,-12
RoundRobin,6694,3658959723,1362301,1362425,124,completed,-12
RoundRobin,6695,3658959723,1362401,1362528,127,completed,-11
RoundRobin,6696,3658959723,1362501,1362631,130,completed,-11
RoundRobin,6697,3658959723,1362601,1362734,133,completed,-11
RoundRobin,6698,3658959723,1362901,1363007,106,completed,-11
RoundRobin,6699,3658959723,1363001,1363116,115,completed,-11
RoundRobin,6700,3658959723,1363101,1363219,118,completed,-11
RoundRobin,6701,3658959723,1363201,1363322,121,completed,-11
RoundRobin,6702,3658959723,1363301,1363425,124,completed,-11
RoundRobin,6703,3658959723,1363401,1363528,127,completed,-11
RoundRobin,6704,3658959723,1363501,1363631,130,completed,-11
RoundRobin,6705,3658959723,1363601,1363734,133,completed,-11
RoundRobin,6706,3658959723,1363899,1364006,107,completed,-11
RoundRobin,6707,3658959723,1363999,1364109,110,completed,-11
RoundRobin,6708,3658959723,1364099,1364212,113,completed,-11
RoundRobin,6709,3658959723,1364199,1364315,116,completed,-11
RoundRobin,6710,3658959723,1364299,1364418,119,completed,-11
RoundRobin,6711,3658959723,1364399,1364521,122,completed,-11
RoundRobin,6712,3658959723,1364499,1364623,124,completed,-11
RoundRobin,6713,3658959723,1364599,1364725,126,completed,-11
RoundRobin,6714,3658959723,1364897,1365004,107,completed,-11
RoundRobin,6715,3658959723,1364997,1365107,110,completed,-11
RoundRobin,6716,3658959723,1365097,1365210,113,completed,-11
RoundRobin,6717,3658959723,1365197,1365313,116,completed,-11
RoundRobin,6718,3658959723,1365297,1365416,119,completed,-11
RoundRobin,6719,3658959723,1365397,1365518,121,completed,-11
RoundRobin,6720,3658959723,1365497,1365621,124,completed,-11
RoundRobin,6721,3658959723,1365597,1365724,127,completed,-11
RoundRobin,6722,3658959723,1365697,1365996,299,completed,-11
RoundRobin,6723,3658959723,1365905,1366105,200,completed,-11
RoundRobin,6724,3658959723,1366007,1366208,201,completed,-11
RoundRobin,6725,3658959723,1366107,1366314,207,completed,-11
RoundRobin,6726,3658959723,1366207,1366417,210,completed,-11
RoundRobin,6727,3658959723,1366307,1366519,212,completed,-11
RoundRobin,6728,3658959723,1366407,1366620,213,completed,-11
RoundRobin,6729,3658959723,1366507,1366723,216,completed,-11
RoundRobin,6730,3658959723,1366607,1366826,219,completed,-11
RoundRobin,6731,3658959723,1366900,1367008,108,completed,-11
RoundRobin,6732,3658959723,1367000,1367111,111,completed,-11
RoundRobin,6733,3658959723,1367100,1367214,114,completed,-11
RoundRobin,6734,3658959723,1367200,1367317,117,completed,-11
RoundRobin,6735,3658959723,1367300,1367420,120,completed,-11
RoundRobin,6736,3658959723,1367400,1367523,123,completed,-11
RoundRobin,6737,3658959723,1367500,1367626,126,completed,-11
RoundRobin,6738,3658959723,1367600,1367729,129,completed,-11
RoundRobin,6739,3658959723,1367700,1368000,300,completed,-11
RoundRobin,6740,3658959723,1367908,1368103,195,completed,-11
RoundRobin,6741,3658959723,1368009,1368206,197,completed,-11
RoundRobin,6742,3658959723,1368112,1368309,197,completed,-11
RoundRobin,6743,3658959723,1368215,1368412,197,completed,-11
RoundRobin,6744,3658959723,1368319,1368515,196,completed,-10
RoundRobin,6745,3658959723,1368420,1368617,197,completed,-10
RoundRobin,6746,3658959723,1368520,1368719,199,completed,-10
RoundRobin,6747,3658959723,1368620,1368822,202,completed,-10
RoundRobin,6748,3658959723,1368909,1369014,105,completed,-10
RoundRobin,6749,3658959723,1369009,1369117,108,completed,-10
RoundRobin,6750,3658959723,1369109,1369220,111,completed,-10
RoundRobin,6751,3658959723,1369209,1369323,114,completed,-10
RoundRobin,6752,3658959723,1369309,1369426,117,completed,-10
RoundRobin,6753,3658959723,1369409,1369529,120,completed,-10
RoundRobin,6754,3658959723,1369509,1369632,123,completed,-10
RoundRobin,6755,3658959723,1369609,1369735,126,completed,-10
RoundRobin,6756,3658959723,1369909,1370037,128,completed,-10
RoundRobin,6757,3658959723,1370009,1370140,131,completed,-10
RoundRobin,6758,3658959723,1370109,1370243,134,completed,-10
RoundRobin,6759,3658959723,1370209,1370346,137,completed,-10
RoundRobin,6760,3658959723,1370309,1370449,140,completed,-10
RoundRobin,6761,3658959723,1370409,1370552,143,completed,-11
RoundRobin,6762,3658959723,1370509,1370655,146,completed,-11
RoundRobin,6763,3658959723,1370609,1370758,149,completed,-11
RoundRobin,6764,3658959723,1370906,1371012,106,completed,-11
RoundRobin,6765,3658959723,1373111,1373411,300,completed,-11
RoundRobin,6766,3658959723,1373315,1373521,206,completed,-11
RoundRobin,6767,3658959723,1373415,1373632,217,completed,-11
RoundRobin,6768,3658959723,1373515,1373735,220,completed,-11
RoundRobin,6769,3658959723,1373615,1373838,223,completed,-11
RoundRobin,6770,3658959723,1373715,1373941,226,completed,-11
RoundRobin,6771,3658959723,1373815,1374044,229,completed,-11
RoundRobin,6772,3658959723,1373915,1374147,232,completed,-11
RoundRobin,6773,3658959723,1374015,1374250,235,completed,-11
RoundRobin,6774,3658959723,1374115,1374416,301,completed,-11
RoundRobin,6775,3658959723,1374318,1374519,201,completed,-12
RoundRobin,6776,3658959723,1374418,1374626,208,completed,-12
RoundRobin,6777,3658959723,1374518,1374728,210,completed,-12
RoundRobin,6778,3658959723,1374618,1374831,213,completed,-12
RoundRobin,6779,3658959723,1374718,1374933,215,completed,-12
RoundRobin,6780,3658959723,1374818,1375036,218,completed,-12
RoundRobin,6781,3658959723,1374918,1375139,221,completed,-12
RoundRobin,6782,3658959723,1375018,1375242,224,completed,-12
RoundRobin,6783,3658959723,1375316,1375424,108,completed,-12
RoundRobin,6784,3658959723,1375416,1375526,110,completed,-12
RoundRobin,6785,3658959723,1375516,1375629,113,completed,-12
RoundRobin,6786,3658959723,1375616,1375732,116,completed,-12
RoundRobin,6787,3658959723,1375716,1375835,119,completed,-12
RoundRobin,6788,3658959723,1375816,1375938,122,completed,-12
RoundRobin,6789,3658959723,1375916,1376041,125,completed,-12
RoundRobin,6790,3658959723,1376016,1376144,128,completed,-12
RoundRobin,6791,3658959723,1376116,1376247,131,completed,-12
RoundRobin,6792,3658959723,1376317,1376428,111,completed,-12
RoundRobin,6793,3658959723,1376417,1376531,114,completed,-11
RoundRobin,6794,3658959723,1376517,1376634,117,completed,-11
RoundRobin,6795,3658959723,1376617,1376737,120,completed,-11
RoundRobin,6796,3658959723,1376717,1376840,123,completed,-11
RoundRobin,6797,3658959723,1376817,1376943,126,completed,-11
RoundRobin,6798,3658959723,1376917,1377046,129,completed,-11
RoundRobin,6799,3658959723,1377017,1377149,132,completed,-11
RoundRobin,6800,3658959723,1377118,1377420,302,completed,-11
RoundRobin,6801,3658959723,1377320,1377525,205,completed,-11
RoundRobin,6802,3658959723,1377420,1377628,208,completed,-11
RoundRobin,6803,3658959723,1377520,1377730,210,completed,-11
RoundRobin,6804,3658959723,1377620,1377833,213,completed,-11
RoundRobin,6805,3658959723,1377720,1377936,216,completed,-11
RoundRobin,6806,3658959723,1377820,1378039,219,completed,-11
RoundRobin,6807,3658959723,1377920,1378142,222,completed,-11
RoundRobin,6808,3658959723,1378020,1378245,225,completed,-11
RoundRobin,6809,3658959723,1378120,1378420,300,completed,-11
RoundRobin,6810,3658959723,1378322,1378523,201,completed,-12
RoundRobin,6811,3658959723,1378422,1378629,207,completed,-12
RoundRobin,6812,3658959723,1378522,1378730,208,completed,-12
RoundRobin,6813,3658959723,1378622,1378833,211,completed,-12
RoundRobin,6814,3658959723,1378722,1378936,214,completed,-12
RoundRobin,6815,3658959723,1378822,1379039,217,completed,-12
RoundRobin,6816,3658959723,1378922,1379142,220,completed,-12
RoundRobin,6817,3658959723,1379022,1379244,222,completed,-12
RoundRobin,6818,3658959723,1379122,1379434,312,completed,-12
RoundRobin,6819,3658959723,1379325,1379537,212,completed,-12
RoundRobin,6820,3658959723,1379425,1379640,215,completed,-12
RoundRobin,6821,3658959723,1379525,1379743,218,completed,-12
RoundRobin,6822,3658959723,1379625,1379846,221,completed,-12
RoundRobin,6823,3658959723,1379725,1379948,223,completed,-12
RoundRobin,6824,3658959723,1379825,1380050,225,completed,-12
RoundRobin,6825,3658959723,1379925,1380153,228,completed,-12
RoundRobin,6826,3658959723,1380025,1380255,230,completed,-12
RoundRobin,6827,3658959723,1380317,1380425,108,completed,-12
RoundRobin,6828,3658959723,1380417,1380528,111,completed,-10
RoundRobin,6829,3658959723,1380517,1380630,113,completed,-10
RoundRobin,6830,3658959723,1380617,1380733,116,completed,-10
RoundRobin,6831,3658959723,1380717,1380836,119,completed,-10
RoundRobin,6832,3658959723,1380817,1380938,121,completed,-10
RoundRobin,6833,3658959723,1380917,1381041,124,completed,-10
RoundRobin,6834,3658959723,1381017,1381144,127,completed,-10
RoundRobin,6835,3658959723,1381119,1381422,303,completed,-10
RoundRobin,6836,3658959723,1381323,1381525,202,completed,-10
RoundRobin,6837,3658959723,1381423,1381628,205,completed,-10
RoundRobin,6838,3658959723,1381523,1381731,208,completed,-10
RoundRobin,6839,3658959723,1381623,1381834,211,completed,-10
RoundRobin,6840,3658959723,1381723,1381937,214,completed,-10
RoundRobin,6841,3658959723,1381823,1382040,217,completed,-10
RoundRobin,6842,3658959723,1381923,1382143,220,completed,-10
RoundRobin,6843,3658959723,1382023,1382246,223,completed,-10
RoundRobin,6844,3658959723,1382123,1382347,224,completed,-10
RoundRobin,6845,3658959723,1382324,1382449,125,completed,-10
RoundRobin,6846,3658959723,1382424,1382552,128,completed,-11
RoundRobin,6847,3658959723,1382524,1382655,131,completed,-11
RoundRobin,6848,3658959723,1382624,1382758,134,completed,-11
RoundRobin,6849,3658959723,1382724,1382861,137,completed,-11
RoundRobin,6850,3658959723,1382824,1382964,140,completed,-11
RoundRobin,6851,3658959723,1382924,1383067,143,completed,-11
RoundRobin,6852,3658959723,1383024,1383170,146,completed,-11
RoundRobin,6853,3658959723,1383124,1383273,149,completed,-11
RoundRobin,6854,3658959723,1383325,1383433,108,completed,-11
RoundRobin,6855,3658959723,1383425,1383536,111,completed,-11
RoundRobin,6856,3658959723,1383525,1383639,114,completed,-11
RoundRobin,6857,3658959723,1383625,1383742,117,completed,-11
RoundRobin,6858,3658959723,1383725,1383845,120,completed,-11
RoundRobin,6859,3658959723,1383825,1383948,123,completed,-11
RoundRobin,6860,3658959723,1383925,1384051,126,completed,-11
RoundRobin,6861,3658959723,1384025,1384154,129,completed,-11
RoundRobin,6862,3658959723,1384125,1384256,131,completed,-11
RoundRobin,6863,3658959723,1384326,1384435,109,completed,-11
RoundRobin,6864,3658959723,1384426,1384538,112,completed,-11
RoundRobin,6865,3658959723,1384526,1384641,115,completed,-11
RoundRobin,6866,3658959723,1384626,1384744,118,completed,-11
RoundRobin,6867,3658959723,1384726,1384847,121,completed,-11
RoundRobin,6868,3658959723,1384826,1384950,124,completed,-11
RoundRobin,6869,3658959723,1384926,1385053,127,completed,-11
RoundRobin,6870,3658959723,1385026,1385155,129,completed,-11
RoundRobin,6871,3658959723,1385126,1385427,301,completed,-11
RoundRobin,6872,3658959723,1385329,1385530,201,completed,-11
RoundRobin,6873,3658959723,1385429,1385634,205,completed,-11
RoundRobin,6874,3658959723,1385529,1385737,208,completed,-11
RoundRobin,6875,3658959723,1385629,1385840,211,completed,-11
RoundRobin,6876,3658959723,1385729,1385943,214,completed,-11
RoundRobin,6877,3658959723,1385829,1386046,217,completed,-11
RoundRobin,6878,3658959723,1385929,1386149,220,completed,-11
RoundRobin,6879,3658959723,1386029,1386252,223,completed,-11
RoundRobin,6880,3658959723,1386129,1386429,300,completed,-11
RoundRobin,6881,3658959723,1386331,1386532,201,completed,-11
RoundRobin,6882,3658959723,1386431,1386634,203,completed,-11
RoundRobin,6883,3658959723,1386531,1386749,218,completed,-11
RoundRobin,6884,3658959723,1386631,1386852,221,completed,-11
RoundRobin,6885,3658959723,1386731,1386955,224,completed,-11
RoundRobin,6886,3658959723,1386831,1387058,227,completed,-11
RoundRobin,6887,3658959723,1386931,1387161,230,completed,-11
RoundRobin,6888,3658959723,1387031,1387263,232,completed,-11
RoundRobin,6889,3658959723,1387131,1387431,300,completed,-11
RoundRobin,6890,3658959723,1387333,1387553,220,completed,-11
RoundRobin,6891,3658959723,1387433,1387656,223,completed,-11
RoundRobin,6892,3658959723,1387533,1387759,226,completed,-11
RoundRobin,6893,3658959723,1387633,1387862,229,completed,-11
RoundRobin,6894,3658959723,1387733,1387965,232,completed,-11
RoundRobin,6895,3658959723,1387833,1388068,235,completed,-11
RoundRobin,6896,3658959723,1387933,1388171,238,completed,-11
RoundRobin,6897,3658959723,1388033,1388274,241,completed,-11
RoundRobin,6898,3658959723,1388133,1388434,301,completed,-11
RoundRobin,6899,3658959723,1388337,1388537,200,completed,-11
RoundRobin,6900,3658959723,1390546,1390855,309,completed,-11
RoundRobin,6901,3658959723,1390756,1390964,208,completed,-11
RoundRobin,6903,3658959723,1390956,1391074,118,completed,-11
RoundRobin,6905,3658959723,1391156,1391261,105,completed,-11
RoundRobin,6907,3658959723,1391356,1391462,106,completed,-11
RoundRobin,6902,3037662008,1390856,1391596,740,completed,-30
RoundRobin,6904,3037662008,1391056,1391699,643,completed,-30
RoundRobin,6906,3037662008,1391256,1391880,624,completed,-30
RoundRobin,6909,3658959723,1391749,1391861,112,completed,-11
RoundRobin,6908,3037662008,1391456,1391983,527,completed,-30
RoundRobin,6911,3658959723,1391949,1392053,104,completed,-11
RoundRobin,6910,3037662008,1391849,1392086,237,completed,-30
RoundRobin,6912,3037662008,1392049,1392189,140,completed,-30
RoundRobin,6913,3658959723,1392149,1392254,105,completed,-11
RoundRobin,6914,3037662008,1392249,1392371,122,completed,-30
RoundRobin,6915,3658959723,1392349,1392453,104,completed,-11
RoundRobin,6916,3037662008,1392449,1392572,123,completed,-31
RoundRobin,6917,3658959723,1392549,1392656,107,completed,-10
RoundRobin,6918,3037662008,1392755,1392878,123,completed,-31
RoundRobin,6919,3658959723,1392855,1392959,104,completed,-10
RoundRobin,6920,3037662008,1392955,1393079,124,completed,-31
RoundRobin,6921,3658959723,1393055,1393162,107,completed,-10
RoundRobin,6922,3037662008,1393155,1393278,123,completed,-31
RoundRobin,6923,3658959723,1393255,1393360,105,completed,-10
RoundRobin,6924,3037662008,1393355,1393477,122,completed,-31
RoundRobin,6925,3658959723,1393455,1393561,106,completed,-10
RoundRobin,6926,3037662008,1393752,1393876,124,completed,-31
RoundRobin,6927,3658959723,1393852,1393957,105,completed,-10
RoundRobin,6928,3037662008,1393952,1394075,123,completed,-31
RoundRobin,6929,3658959723,1394052,1394156,104,completed,-10
RoundRobin,6930,3037662008,1394152,1394275,123,completed,-31
RoundRobin,6931,3658959723,1394252,1394357,105,completed,-10
RoundRobin,6932,3037662008,1394352,1394475,123,completed,-31
RoundRobin,6933,3658959723,1394452,1394557,105,completed,-10
RoundRobin,6935,3658959723,1394764,1394870,106,completed,-10
RoundRobin,6934,3037662008,1394553,1394900,347,completed,-30
RoundRobin,6936,3037662008,1394864,1395015,151,completed,-30
RoundRobin,6937,3658959723,1394964,1395069,105,completed,-10
RoundRobin,6938,3037662008,1395064,1395188,124,completed,-30
RoundRobin,6939,3658959723,1395164,1395270,106,completed,-10
RoundRobin,6940,3037662008,1395264,1395388,124,completed,-30
RoundRobin,6941,3658959723,1395364,1395469,105,completed,-10
RoundRobin,6942,3037662008,1395464,1395587,123,completed,-30
RoundRobin,6943,3658959723,1395754,1395860,106,completed,-10
RoundRobin,6944,3037662008,1395854,1395977,123,completed,-30
RoundRobin,6945,3658959723,1395954,1396059,105,completed,-10
RoundRobin,6946,3037662008,1396054,1396177,123,completed,-30
RoundRobin,6947,3658959723,1396154,1396259,105,completed,-10
RoundRobin,6948,3037662008,1396254,1396377,123,completed,-30
RoundRobin,6949,3658959723,1396354,1396458,104,completed,-10
RoundRobin,6950,3037662008,1396454,1396576,122,completed,-31
RoundRobin,6952,3037662008,1396759,1396883,124,completed,-31
RoundRobin,6951,3658959723,1396555,1396865,310,completed,-10
RoundRobin,6953,3658959723,1396859,1396968,109,completed,-10
RoundRobin,6954,3037662008,1396959,1397082,123,completed,-31
RoundRobin,6955,3658959723,1397059,1397164,105,completed,-10
RoundRobin,6956,3037662008,1397159,1397282,123,completed,-31
RoundRobin,6957,3658959723,1397259,1397365,106,completed,-10
RoundRobin,6958,3037662008,1397359,1397481,122,completed,-31
RoundRobin,6959,3658959723,1397459,1397566,107,completed,-10
RoundRobin,6960,3037662008,1397755,1397883,128,completed,-31
RoundRobin,6961,3658959723,1397855,1397961,106,completed,-10
RoundRobin,6962,3037662008,1397955,1398078,123,completed,-31
RoundRobin,6963,3658959723,1398055,1398159,104,completed,-10
RoundRobin,6964,3037662008,1398155,1398278,123,completed,-31
RoundRobin,6965,3658959723,1398255,1398359,104,completed,-10
RoundRobin,6966,3037662008,1398355,1398478,123,completed,-31
RoundRobin,6967,3658959723,1398455,1398560,105,completed,-11
RoundRobin,6968,3037662008,1398556,1398874,318,completed,-31
RoundRobin,6969,3658959723,1398758,1398865,107,completed,-11
RoundRobin,6970,3037662008,1398858,1398982,124,completed,-31
RoundRobin,6971,3658959723,1398958,1399063,105,completed,-11
RoundRobin,6972,3037662008,1399058,1399181,123,completed,-31
RoundRobin,6973,3658959723,1399158,1399263,105,completed,-11
RoundRobin,6974,3037662008,1399258,1399381,123,completed,-31
RoundRobin,6975,3658959723,1399358,1399462,104,completed,-11
RoundRobin,6976,3037662008,1399458,1399580,122,completed,-31
RoundRobin,6977,3658959723,1399558,1399862,304,completed,-11
RoundRobin,6978,3037662008,1399759,1399882,123,completed,-31
RoundRobin,6979,3658959723,1399859,1399972,113,completed,-11
RoundRobin,6980,3037662008,1399959,1400081,122,completed,-31
RoundRobin,6981,3658959723,1400059,1400163,104,completed,-11
RoundRobin,6982,3037662008,1400159,1400282,123,completed,-31
RoundRobin,6983,3658959723,1400259,1400363,104,completed,-11
RoundRobin,6984,3037662008,1400359,1400481,122,completed,-31
RoundRobin,6985,3658959723,1400459,1400564,105,completed,-11
RoundRobin,6986,3037662008,1400560,1400878,318,completed,-31
RoundRobin,6987,3658959723,1400765,1400872,107,completed,-11
RoundRobin,6988,3037662008,1400865,1400989,124,completed,-31
RoundRobin,6989,3658959723,1400965,1401070,105,completed,-11
RoundRobin,6990,3037662008,1401065,1401188,123,completed,-31
RoundRobin,6991,3658959723,1401165,1401276,111,completed,-11
RoundRobin,6992,3037662008,1401265,1401387,122,completed,-31
RoundRobin,6993,3658959723,1401365,1401550,185,completed,-11
RoundRobin,6994,3037662008,1401465,1401587,122,completed,-31
RoundRobin,6995,3658959723,1401767,1401874,107,completed,-11
RoundRobin,6996,3037662008,1401867,1401991,124,completed,-31
RoundRobin,6997,3658959723,1401967,1402073,106,completed,-11
RoundRobin,6998,3037662008,1402067,1402189,122,completed,-31
RoundRobin,6999,3658959723,1402167,1402272,105,completed,-11
RoundRobin,7000,3037662008,1402267,1402389,122,completed,-31
RoundRobin,7001,3658959723,1402367,1402472,105,completed,-11
RoundRobin,7002,3037662008,1402467,1402591,124,completed,-33
RoundRobin,7003,3658959723,1402770,1402899,129,completed,-11
RoundRobin,7004,3037662008,1402870,1402993,123,completed,-33
RoundRobin,7005,3658959723,1402970,1403076,106,completed,-11
RoundRobin,7006,3037662008,1403070,1403192,122,completed,-33
RoundRobin,7007,3658959723,1403170,1403275,105,completed,-11
RoundRobin,7008,3037662008,1403270,1403392,122,completed,-33
RoundRobin,7009,3658959723,1403370,1403475,105,completed,-11
RoundRobin,7010,3037662008,1403470,1403593,123,completed,-33
RoundRobin,7011,3658959723,1403769,1403876,107,completed,-11
RoundRobin,7012,3037662008,1403869,1403992,123,completed,-33
RoundRobin,7013,3658959723,1403969,1404074,105,completed,-11
RoundRobin,7014,3037662008,1404069,1404192,123,completed,-33
RoundRobin,7015,3658959723,1404169,1404275,106,completed,-11
RoundRobin,7016,3037662008,1404269,1404391,122,completed,-33
RoundRobin,7017,3658959723,1404369,1404473,104,completed,-11
RoundRobin,7018,3037662008,1404469,1404592,123,completed,-31
RoundRobin,7019,3658959723,1404773,1404879,106,completed,-10
RoundRobin,7020,3037662008,1404873,1404995,122,completed,-31
RoundRobin,7021,3658959723,1404973,1405077,104,completed,-10
RoundRobin,7022,3037662008,1405073,1405197,124,completed,-31
RoundRobin,7023,3658959723,1405173,1405279,106,completed,-10
RoundRobin,7024,3037662008,1405273,1405395,122,completed,-31
RoundRobin,7025,3658959723,1405373,1405477,104,completed,-10
RoundRobin,7026,3037662008,1405473,1405596,123,completed,-31
RoundRobin,7027,3658959723,1405774,1405881,107,completed,-10
RoundRobin,7028,3037662008,1407985,1408303,318,completed,-33
RoundRobin,7030,3037662008,1408288,1408413,125,completed,-33
RoundRobin,7032,3037662008,1408488,1408612,124,completed,-32
RoundRobin,7029,3658959723,1408188,1408598,410,completed,-11
RoundRobin,7031,3658959723,1408388,1408701,313,completed,-11
RoundRobin,7034,3037662008,1408688,1408811,123,completed,-32
RoundRobin,7033,3658959723,1408588,1408804,216,completed,-11
RoundRobin,7035,3658959723,1408788,1408906,118,completed,-11
RoundRobin,7036,3037662008,1408888,1409011,123,completed,-32
RoundRobin,7038,3037662008,1409188,1409313,125,completed,-32
RoundRobin,7037,3658959723,1408988,1409294,306,completed,-11
RoundRobin,7039,3658959723,1409288,1409397,109,completed,-11
RoundRobin,7040,3037662008,1409388,1409511,123,completed,-32
RoundRobin,7041,3658959723,1409488,1409595,107,completed,-11
RoundRobin,7042,3037662008,1409588,1409711,123,completed,-32
RoundRobin,7043,3658959723,1409688,1409794,106,completed,-11
RoundRobin,7044,3037662008,1409788,1409911,123,completed,-32
RoundRobin,7046,3037662008,1409988,1410111,123,completed,-32
RoundRobin,7045,3658959723,1409888,1409993,105,completed,-11
RoundRobin,7047,3658959723,1410195,1410376,181,completed,-11
RoundRobin,7048,3037662008,1410295,1410418,123,completed,-32
RoundRobin,7049,3658959723,1410395,1410500,105,completed,-11
RoundRobin,7050,3037662008,1410495,1410618,123,completed,-30
RoundRobin,7051,3658959723,1410595,1410702,107,completed,-11
RoundRobin,7052,3037662008,1410695,1410819,124,completed,-30
RoundRobin,7053,3658959723,1410795,1410900,105,completed,-11
RoundRobin,7054,3037662008,1410895,1411018,123,completed,-30
RoundRobin,7055,3658959723,1411190,1411297,107,completed,-11
RoundRobin,7056,3037662008,1411290,1411412,122,completed,-30
RoundRobin,7057,3658959723,1411390,1411496,106,completed,-11
RoundRobin,7058,3037662008,1411490,1411614,124,completed,-30
RoundRobin,7059,3658959723,1411590,1411694,104,completed,-11
RoundRobin,7060,3037662008,1411690,1411813,123,completed,-30
RoundRobin,7061,3658959723,1411790,1411895,105,completed,-11
RoundRobin,7062,3037662008,1411890,1412012,122,completed,-30
RoundRobin,7063,3658959723,1411990,1412095,105,completed,-11
RoundRobin,7065,3658959723,1412297,1412450,153,completed,-11
RoundRobin,7064,3037662008,1412197,1412489,292,completed,-30
RoundRobin,7066,3037662008,1412397,1412598,201,completed,-31
RoundRobin,7067,3658959723,1412497,1412603,106,completed,-9
RoundRobin,7068,3037662008,1412597,1412719,122,completed,-31
RoundRobin,7069,3658959723,1412697,1412803,106,completed,-9
RoundRobin,7070,3037662008,1412797,1412919,122,completed,-31
RoundRobin,7071,3658959723,1412897,1413002,105,completed,-9
RoundRobin,7072,3037662008,1413193,1413368,175,completed,-31
RoundRobin,7073,3658959723,1413293,1413409,116,completed,-9
RoundRobin,7074,3037662008,1413393,1413516,123,completed,-31
RoundRobin,7075,3658959723,1413493,1413600,107,completed,-9
RoundRobin,7076,3037662008,1413593,1413716,123,completed,-31
RoundRobin,7077,3658959723,1413693,1413798,105,completed,-9
RoundRobin,7078,3037662008,1413793,1413915,122,completed,-31
RoundRobin,7079,3658959723,1413893,1413998,105,completed,-9
RoundRobin,7080,3037662008,1413995,1414365,370,completed,-31
RoundRobin,7081,3658959723,1414197,1414449,252,completed,-9
RoundRobin,7082,3037662008,1414297,1414474,177,completed,-31
RoundRobin,7083,3658959723,1414397,1414559,162,completed,-10
RoundRobin,7084,3037662008,1414497,1414622,125,completed,-30
RoundRobin,7085,3658959723,1414597,1414703,106,completed,-10
RoundRobin,7086,3037662008,1414697,1414820,123,completed,-30
RoundRobin,7087,3658959723,1414797,1414902,105,completed,-10
RoundRobin,7088,3037662008,1414897,1415020,123,completed,-30
RoundRobin,7089,3658959723,1414997,1415302,305,completed,-10
RoundRobin,7090,3037662008,1415197,1415325,128,completed,-30
RoundRobin,7091,3658959723,1415297,1415412,115,completed,-10
RoundRobin,7092,3037662008,1415397,1415520,123,completed,-30
RoundRobin,7093,3658959723,1415497,1415602,105,completed,-10
RoundRobin,7094,3037662008,1415597,1415720,123,completed,-30
RoundRobin,7095,3658959723,1415697,1415802,105,completed,-10
RoundRobin,7096,3037662008,1415797,1415920,123,completed,-30
RoundRobin,7097,3658959723,1415897,1416002,105,completed,-10
RoundRobin,7098,3037662008,1415997,1416315,318,completed,-30
RoundRobin,7099,3658959723,1416199,1416306,107,completed,-10
RoundRobin,7100,3037662008,1416299,1416424,125,completed,-30
RoundRobin,7101,3658959723,1416399,1416505,106,completed,-10
RoundRobin,7102,3037662008,1416499,1416622,123,completed,-31
RoundRobin,7103,3658959723,1416599,1416707,108,completed,-10
RoundRobin,7104,3037662008,1416699,1416821,122,completed,-31
RoundRobin,7105,3658959723,1416799,1416905,106,completed,-10
RoundRobin,7106,3037662008,1416899,1417022,123,completed,-31
RoundRobin,7107,3658959723,1416999,1417304,305,completed,-10
RoundRobin,7108,3037662008,1417199,1417323,124,completed,-31
RoundRobin,7109,3658959723,1417299,1417407,108,completed,-10
RoundRobin,7110,3037662008,1417399,1417522,123,completed,-31
RoundRobin,7111,3658959723,1417499,1417604,105,completed,-10
RoundRobin,7112,3037662008,1417599,1417722,123,completed,-31
RoundRobin,7113,3658959723,1417699,1417804,105,completed,-10
RoundRobin,7114,3037662008,1417799,1417921,122,completed,-31
RoundRobin,7115,3658959723,1417899,1418004,105,completed,-10
RoundRobin,7116,3037662008,1417999,1418340,341,completed,-31
RoundRobin,7118,3037662008,1418301,1418449,148,completed,-31
RoundRobin,7117,3658959723,1418201,1418449,248,completed,-10
RoundRobin,7119,3658959723,1418401,1418567,166,completed,-10
RoundRobin,7120,3037662008,1418501,1418624,123,completed,-31
RoundRobin,7121,3658959723,1418601,1418707,106,completed,-10
RoundRobin,7122,3037662008,1418701,1418823,122,completed,-31
RoundRobin,7123,3658959723,1418801,1418906,105,completed,-10
RoundRobin,7124,3037662008,1418901,1419024,123,completed,-31
RoundRobin,7125,3658959723,1419001,1419307,306,completed,-10
RoundRobin,7126,3037662008,1419201,1419326,125,completed,-31
RoundRobin,7127,3658959723,1419301,1419416,115,completed,-10
RoundRobin,7128,3037662008,1419401,1419524,123,completed,-31
RoundRobin,7129,3658959723,1419501,1419606,105,completed,-10
RoundRobin,7130,3037662008,1419601,1419725,124,completed,-31
RoundRobin,7131,3658959723,1419701,1419806,105,completed,-10
RoundRobin,7132,3037662008,1419801,1419923,122,completed,-31
RoundRobin,7133,3658959723,1419901,1420006,105,completed,-10
RoundRobin,7134,3037662008,1420001,1420320,319,completed,-31
RoundRobin,7135,3658959723,1420204,1420310,106,completed,-10
RoundRobin,7136,3037662008,1420304,1420430,126,completed,-31
RoundRobin,7137,3658959723,1420404,1420510,106,completed,-10
RoundRobin,7138,3037662008,1420504,1420627,123,completed,-31
RoundRobin,7139,3658959723,1420604,1420709,105,completed,-10
RoundRobin,7140,3037662008,1420704,1420828,124,completed,-31
RoundRobin,7141,3658959723,1420804,1420909,105,completed,-10
RoundRobin,7142,3037662008,1420904,1421027,123,completed,-31
RoundRobin,7143,3658959723,1421004,1421336,332,completed,-10
RoundRobin,7144,3037662008,1421206,1421354,148,completed,-31
RoundRobin,7145,3658959723,1421306,1421446,140,completed,-10
RoundRobin,7146,3037662008,1421406,1421528,122,completed,-31
RoundRobin,7147,3658959723,1421506,1421611,105,completed,-10
RoundRobin,7148,3037662008,1421606,1421729,123,completed,-31
RoundRobin,7149,3658959723,1421706,1421811,105,completed,-10
RoundRobin,7150,3037662008,1421806,1421946,140,completed,-31
RoundRobin,7151,3658959723,1421906,1422012,106,completed,-10
RoundRobin,7153,3658959723,1422207,1422315,108,completed,-10
RoundRobin,7152,3037662008,1422006,1422333,327,completed,-31
RoundRobin,7154,3037662008,1422307,1422455,148,completed,-31
RoundRobin,7155,3658959723,1422407,1422513,106,completed,-11
RoundRobin,7156,3037662008,1422507,1422632,125,completed,-31
RoundRobin,7157,3658959723,1422607,1422714,107,completed,-11
RoundRobin,7158,3037662008,1422707,1422830,123,completed,-31
RoundRobin,7159,3658959723,1422807,1422912,105,completed,-11
RoundRobin,7160,3037662008,1422907,1423030,123,completed,-31
RoundRobin,7162,3037662008,1423210,1423352,142,completed,-31
RoundRobin,7161,3658959723,1423007,1423334,327,completed,-11
RoundRobin,7163,3658959723,1425414,1425715,301,completed,-10
RoundRobin,7165,3658959723,1425713,1425929,216,completed,-10
RoundRobin,7167,3658959723,1425913,1426040,127,completed,-10
RoundRobin,7164,3037662008,1425613,1425814,201,completed,-30
RoundRobin,7166,3037662008,1425813,1425937,124,completed,-30
RoundRobin,7169,3658959723,1426113,1426218,105,completed,-10
RoundRobin,7168,3037662008,1426013,1426136,123,completed,-30
RoundRobin,7170,3037662008,1426213,1426337,124,completed,-30
RoundRobin,7171,3658959723,1426313,1426418,105,completed,-10
RoundRobin,7172,3037662008,1426413,1426536,123,completed,-33
RoundRobin,7173,3658959723,1426617,1426730,113,completed,-10
RoundRobin,7174,3037662008,1426717,1426840,123,completed,-33
RoundRobin,7175,3658959723,1426817,1426922,105,completed,-10
RoundRobin,7176,3037662008,1426917,1427040,123,completed,-33
RoundRobin,7177,3658959723,1427017,1427122,105,completed,-10
RoundRobin,7178,3037662008,1427117,1427240,123,completed,-33
RoundRobin,7179,3658959723,1427217,1427321,104,completed,-10
RoundRobin,7180,3037662008,1427317,1427442,125,completed,-33
RoundRobin,7181,3658959723,1427417,1427726,309,completed,-10
RoundRobin,7182,3037662008,1427620,1427871,251,completed,-33
RoundRobin,7183,3658959723,1427720,1427829,109,completed,-10
RoundRobin,7184,3037662008,1427820,1427974,154,completed,-33
RoundRobin,7185,3658959723,1427920,1428025,105,completed,-10
RoundRobin,7186,3037662008,1428020,1428143,123,completed,-33
RoundRobin,7187,3658959723,1428120,1428225,105,completed,-10
RoundRobin,7188,3037662008,1428220,1428342,122,completed,-33
RoundRobin,7189,3658959723,1428320,1428455,135,completed,-10
RoundRobin,7190,3037662008,1428420,1428737,317,completed,-32
RoundRobin,7191,3658959723,1428623,1428732,109,completed,-11
RoundRobin,7192,3037662008,1428723,1428848,125,completed,-32
RoundRobin,7193,3658959723,1428823,1428929,106,completed,-11
RoundRobin,7194,3037662008,1428923,1429055,132,completed,-32
RoundRobin,7195,3658959723,1429023,1429128,105,completed,-11
RoundRobin,7196,3037662008,1429123,1429246,123,completed,-32
RoundRobin,7197,3658959723,1429223,1429327,104,completed,-11
RoundRobin,7198,3037662008,1429323,1429446,123,completed,-32
RoundRobin,7199,3658959723,1429423,1429774,351,completed,-11
RoundRobin,7201,3658959723,1429724,1429877,153,completed,-11
RoundRobin,7200,3037662008,1429624,1429939,315,completed,-32
RoundRobin,7202,3037662008,1429824,1430042,218,completed,-32
RoundRobin,7203,3658959723,1429924,1430029,105,completed,-11
RoundRobin,7204,3037662008,1430024,1430148,124,completed,-32
RoundRobin,7205,3658959723,1430124,1430228,104,completed,-11
RoundRobin,7206,3037662008,1430224,1430346,122,completed,-32
RoundRobin,7207,3658959723,1430324,1430429,105,completed,-11
RoundRobin,7208,3037662008,1430424,1430741,317,completed,-33
RoundRobin,7210,3037662008,1430726,1430850,124,completed,-33
RoundRobin,7209,3658959723,1430626,1430736,110,completed,-10
RoundRobin,7211,3658959723,1430826,1430945,119,completed,-10
RoundRobin,7212,3037662008,1430926,1431054,128,completed,-33
RoundRobin,7213,3658959723,1431026,1431131,105,completed,-10
RoundRobin,7214,3037662008,1431126,1431249,123,completed,-33
RoundRobin,7215,3658959723,1431226,1431331,105,completed,-10
RoundRobin,7216,3037662008,1431326,1431449,123,completed,-33
RoundRobin,7217,3658959723,1431426,1431735,309,completed,-10
RoundRobin,7218,3037662008,1431629,1431839,210,completed,-33
RoundRobin,7219,3658959723,1431729,1431838,109,completed,-10
RoundRobin,7220,3037662008,1431831,1431956,125,completed,-33
RoundRobin,7221,3658959723,1431931,1432037,106,completed,-10
RoundRobin,7222,3037662008,1432031,1432154,123,completed,-33
RoundRobin,7223,3658959723,1432131,1432238,107,completed,-10
RoundRobin,7224,3037662008,1432231,1432353,122,completed,-33
RoundRobin,7225,3658959723,1432331,1432436,105,completed,-10
RoundRobin,7226,3037662008,1432627,1432750,123,completed,-32
RoundRobin,7227,3658959723,1432727,1432833,106,completed,-11
RoundRobin,7228,3037662008,1432827,1432951,124,completed,-32
RoundRobin,7229,3658959723,1432927,1433032,105,completed,-11
RoundRobin,7230,3037662008,1433027,1433150,123,completed,-32
RoundRobin,7231,3658959723,1433127,1433231,104,completed,-11
RoundRobin,7232,3037662008,1433227,1433350,123,completed,-32
RoundRobin,7233,3658959723,1433327,1433432,105,completed,-11
RoundRobin,7234,3037662008,1433427,1433743,316,completed,-32
RoundRobin,7235,3658959723,1433627,1433735,108,completed,-11
RoundRobin,7236,3037662008,1433727,1433852,125,completed,-32
RoundRobin,7237,3658959723,1433827,1433932,105,completed,-11
RoundRobin,7238,3037662008,1433927,1434050,123,completed,-32
RoundRobin,7239,3658959723,1434027,1434132,105,completed,-11
RoundRobin,7240,3037662008,1434127,1434250,123,completed,-32
RoundRobin,7241,3658959723,1434227,1434332,105,completed,-11
RoundRobin,7242,3037662008,1434327,1434450,123,completed,-32
RoundRobin,7243,3658959723,1434427,1434532,105,completed,-11
RoundRobin,7244,3037662008,1434630,1434755,125,completed,-31
RoundRobin,7245,3658959723,1434730,1434837,107,completed,-11
RoundRobin,7246,3037662008,1434830,1434954,124,completed,-31
RoundRobin,7247,3658959723,1434930,1435035,105,completed,-11
RoundRobin,7248,3037662008,1435030,1435153,123,completed,-31
RoundRobin,7249,3658959723,1435130,1435235,105,completed,-11
RoundRobin,7250,3037662008,1435230,1435353,123,completed,-31
RoundRobin,7251,3658959723,1435330,1435435,105,completed,-11
RoundRobin,7252,3037662008,1435430,1435764,334,completed,-31
RoundRobin,7254,3037662008,1435730,1435874,144,completed,-31
RoundRobin,7253,3658959723,1435630,1435876,246,completed,-11
RoundRobin,7255,3658959723,1435830,1435979,149,completed,-11
RoundRobin,7256,3037662008,1435930,1436053,123,completed,-31
RoundRobin,7257,3658959723,1436030,1436135,105,completed,-11
RoundRobin,7258,3037662008,1436130,1436253,123,completed,-31
RoundRobin,7259,3658959723,1436230,1436335,105,completed,-11
RoundRobin,7260,3037662008,1436330,1436454,124,completed,-31
RoundRobin,7261,3658959723,1436430,1436535,105,completed,-10
RoundRobin,7262,3037662008,1436633,1436757,124,completed,-34
RoundRobin,7263,3658959723,1436733,1436840,107,completed,-10
RoundRobin,7264,3037662008,1436833,1436957,124,completed,-34
RoundRobin,7265,3658959723,1436933,1437038,105,completed,-10
RoundRobin,7266,3037662008,1437033,1437156,123,completed,-34
RoundRobin,7267,3658959723,1437133,1437238,105,completed,-10
RoundRobin,7268,3037662008,1437233,1437356,123,completed,-34
RoundRobin,7269,3658959723,1437333,1437438,105,completed,-10
RoundRobin,7270,3037662008,1437433,1437749,316,completed,-34
RoundRobin,7271,3658959723,1437633,1437746,113,completed,-10
RoundRobin,7272,3037662008,1437733,1437859,126,completed,-34
RoundRobin,7273,3658959723,1437833,1437939,106,completed,-10
RoundRobin,7274,3037662008,1437933,1438056,123,completed,-34
RoundRobin,7275,3658959723,1438033,1438139,106,completed,-10
RoundRobin,7276,3037662008,1438133,1438256,123,completed,-34
RoundRobin,7277,3658959723,1438233,1438337,104,completed,-10
RoundRobin,7278,3037662008,1438333,1438456,123,completed,-34
RoundRobin,7279,3658959723,1438433,1438742,309,completed,-10
RoundRobin,7280,3037662008,1438636,1438762,126,completed,-31
RoundRobin,7281,3658959723,1438736,1438845,109,completed,-10
RoundRobin,7282,3037662008,1438836,1438960,124,completed,-31
RoundRobin,7283,3658959723,1438936,1439041,105,completed,-10
RoundRobin,7284,3037662008,1439036,1439160,124,completed,-31
RoundRobin,7285,3658959723,1439136,1439241,105,completed,-10
RoundRobin,7286,3037662008,1439236,1439358,122,completed,-31
RoundRobin,7287,3658959723,1439336,1439441,105,completed,-10
RoundRobin,7288,3037662008,1439436,1439752,316,completed,-31
RoundRobin,7289,3658959723,1439637,1439852,215,completed,-10
RoundRobin,7290,3037662008,1439737,1439861,124,completed,-31
RoundRobin,7291,3658959723,1439837,1439955,118,completed,-10
RoundRobin,7292,3037662008,1439937,1440059,122,completed,-31
RoundRobin,7293,3658959723,1440037,1440142,105,completed,-10
RoundRobin,7294,3037662008,1440137,1440260,123,completed,-31
RoundRobin,7295,3658959723,1440237,1440342,105,completed,-10
RoundRobin,7296,3037662008,1440337,1440461,124,completed,-31
RoundRobin,7297,3658959723,1440438,1440746,308,completed,-10
RoundRobin,7298,3037662008,1440642,1440766,124,completed,-29
RoundRobin,7299,3658959723,1442846,1443160,314,completed,-10
RoundRobin,7301,3658959723,1443149,1443398,249,completed,-10
RoundRobin,7303,3658959723,1443349,1443673,324,completed,-10
RoundRobin,7305,3658959723,1443549,1443946,397,completed,-10
RoundRobin,7307,3658959723,1443749,1444198,449,completed,-10
RoundRobin,7309,3658959723,1444046,1444300,254,completed,-10
RoundRobin,7311,3658959723,1444246,1444402,156,completed,-10
RoundRobin,7313,3658959723,1444446,1444550,104,completed,-11
RoundRobin,7315,3658959723,1444646,1444752,106,completed,-11
RoundRobin,7300,3037662008,1443049,1443180,131,completed,-29
RoundRobin,7302,3037662008,1443249,1443372,123,completed,-29
RoundRobin,7317,3658959723,1444846,1444954,108,completed,-11
RoundRobin,7304,3037662008,1443449,1443572,123,completed,-29
RoundRobin,7306,3037662008,1443649,1443772,123,completed,-29
RoundRobin,7319,3658959723,1445160,1445267,107,completed,-11
RoundRobin,7308,3037662008,1443849,1444169,320,completed,-29
RoundRobin,7310,3037662008,1444146,1444270,124,completed,-29
RoundRobin,7321,3658959723,1445360,1445465,105,completed,-11
RoundRobin,7312,3037662008,1444346,1444469,123,completed,-29
RoundRobin,7314,3037662008,1444546,1444669,123,completed,-29
RoundRobin,7323,3658959723,1445560,1445667,107,completed,-11
RoundRobin,7316,3037662008,1444746,1444869,123,completed,-29
RoundRobin,7325,3658959723,1445769,1445877,108,completed,-11
RoundRobin,7318,3037662008,1445060,1445186,126,completed,-29
RoundRobin,7320,3037662008,1445260,1445385,125,completed,-29
RoundRobin,7322,3037662008,1445460,1445584,124,completed,-29
RoundRobin,7327,3658959723,1446155,1446260,105,completed,-11
RoundRobin,7324,3037662008,1445660,1445785,125,completed,-29
RoundRobin,7326,3037662008,1446055,1446182,127,completed,-29
RoundRobin,7328,3037662008,1446255,1446380,125,completed,-29
RoundRobin,7329,3658959723,1446355,1446460,105,completed,-11
RoundRobin,7331,3658959723,1446555,1446661,106,completed,-10
RoundRobin,7330,3037662008,1446455,1446579,124,completed,-30
RoundRobin,7332,3037662008,1446655,1446780,125,completed,-30
RoundRobin,7333,3658959723,1446755,1446860,105,completed,-10
RoundRobin,7334,3037662008,1446856,1447196,340,completed,-30
RoundRobin,7335,3658959723,1447060,1447183,123,completed,-10
RoundRobin,7336,3037662008,1447160,1447299,139,completed,-30
RoundRobin,7337,3658959723,1447260,1447365,105,completed,-10
RoundRobin,7338,3037662008,1447360,1447483,123,completed,-30
RoundRobin,7339,3658959723,1447460,1447566,106,completed,-10
RoundRobin,7340,3037662008,1447560,1447685,125,completed,-30
RoundRobin,7341,3658959723,1447660,1447766,106,completed,-10
RoundRobin,7342,3037662008,1447766,1447891,125,completed,-30
RoundRobin,7343,3658959723,1448057,1448165,108,completed,-10
RoundRobin,7344,3037662008,1448157,1448280,123,completed,-30
RoundRobin,7345,3658959723,1448257,1448362,105,completed,-10
RoundRobin,7346,3037662008,1448357,1448480,123,completed,-30
RoundRobin,7347,3658959723,1448457,1448562,105,completed,-11
RoundRobin,7348,3037662008,1448557,1448681,124,completed,-34
RoundRobin,7349,3658959723,1448657,1448762,105,completed,-11
RoundRobin,7350,3037662008,1448757,1448912,155,completed,-34
RoundRobin,7351,3658959723,1448857,1448973,116,completed,-11
RoundRobin,7353,3658959723,1449164,1449269,105,completed,-11
RoundRobin,7352,3037662008,1449064,1449313,249,completed,-34
RoundRobin,SUMMARY,ALL,0,0,120000,batch_complete,0
----------------,---,---,---,---,---,----------------,---
RoundRobin,7354,3037662008,1449264,1449416,152,completed,-34
RoundRobin,7355,3658959723,1449364,1449469,105,completed,-11
RoundRobin,7356,3037662008,1485658,1485783,125,completed,-30
RoundRobin,7357,3658959723,1485890,1486035,145,completed,-9
RoundRobin,7358,3037662008,1485990,1486114,124,completed,-30
RoundRobin,7359,3658959723,1486090,1486195,105,completed,-9
RoundRobin,7360,3037662008,1486190,1486313,123,completed,-30
RoundRobin,7361,3658959723,1486290,1486395,105,completed,-9
RoundRobin,7362,3037662008,1486390,1486513,123,completed,-30
RoundRobin,7364,3037662008,1486590,1486715,125,completed,-28
RoundRobin,7363,3658959723,1486490,1486596,106,completed,-9
RoundRobin,7365,3658959723,1486888,1486996,108,completed,-9
RoundRobin,7366,3037662008,1486988,1487111,123,completed,-28
RoundRobin,7367,3658959723,1487088,1487194,106,completed,-9
RoundRobin,7368,3037662008,1487188,1487312,124,completed,-28
RoundRobin,7369,3658959723,1487288,1487394,106,completed,-9
RoundRobin,7370,3037662008,1487388,1487511,123,completed,-28
RoundRobin,7371,3658959723,1487488,1487593,105,completed,-9
RoundRobin,7372,3037662008,1487588,1487711,123,completed,-28
RoundRobin,7373,3658959723,1487891,1487998,107,completed,-9
RoundRobin,7374,3037662008,1487991,1488114,123,completed,-28
RoundRobin,7375,3658959723,1488091,1488197,106,completed,-9
RoundRobin,7376,3037662008,1488191,1488315,124,completed,-28
RoundRobin,7377,3658959723,1488291,1488396,105,completed,-9
RoundRobin,7378,3037662008,1488391,1488514,123,completed,-28
RoundRobin,7379,3658959723,1488491,1488596,105,completed,-10
RoundRobin,7380,3037662008,1488591,1488715,124,completed,-29
RoundRobin,7381,3658959723,1488890,1489006,116,completed,-10
RoundRobin,7382,3037662008,1488990,1489113,123,completed,-29
RoundRobin,7383,3658959723,1489090,1489195,105,completed,-10
RoundRobin,7384,3037662008,1489190,1489313,123,completed,-29
RoundRobin,7385,3658959723,1489290,1489396,106,completed,-10
RoundRobin,7386,3037662008,1489390,1489514,124,completed,-29
RoundRobin,7387,3658959723,1489490,1489595,105,completed,-10
RoundRobin,7388,3037662008,1489590,1489714,124,completed,-29
RoundRobin,7390,3037662008,1489994,1490117,123,completed,-29
RoundRobin,7392,3037662008,1490194,1490317,123,completed,-29
RoundRobin,7394,3037662008,1490394,1490518,124,completed,-29
RoundRobin,7389,3658959723,1489894,1490637,743,completed,-10
RoundRobin,7391,3658959723,1490094,1490740,646,completed,-10
RoundRobin,7396,3037662008,1490594,1490718,124,completed,-29
RoundRobin,7393,3658959723,1490294,1490843,549,completed,-10
RoundRobin,7395,3658959723,1490494,1490944,450,completed,-10
RoundRobin,7398,3037662008,1490995,1491118,123,completed,-29
RoundRobin,7397,3658959723,1490895,1491045,150,completed,-10
RoundRobin,7399,3658959723,1491095,1491203,108,completed,-10
RoundRobin,7400,3037662008,1491195,1491318,123,completed,-29
RoundRobin,7401,3658959723,1491295,1491400,105,completed,-10
RoundRobin,7402,3037662008,1491395,1491518,123,completed,-29
RoundRobin,7403,3658959723,1491495,1491600,105,completed,-10
RoundRobin,7404,3037662008,1491595,1491719,124,completed,-29
RoundRobin,7406,3037662008,1491994,1492117,123,completed,-29
RoundRobin,7408,3037662008,1492194,1492317,123,completed,-29
RoundRobin,7410,3037662008,1492394,1492517,123,completed,-29
RoundRobin,7405,3658959723,1491894,1492637,743,completed,-9
RoundRobin,7407,3658959723,1492094,1492746,652,completed,-9
RoundRobin,7412,3037662008,1492594,1492719,125,completed,-30
RoundRobin,7409,3658959723,1492294,1492849,555,completed,-9
RoundRobin,7411,3658959723,1492494,1492992,498,completed,-9
RoundRobin,7413,3658959723,1492893,1493095,202,completed,-9
RoundRobin,7414,3037662008,1495104,1495424,320,completed,-28
RoundRobin,7416,3037662008,1495409,1495534,125,completed,-28
RoundRobin,7415,3658959723,1495309,1495594,285,completed,-9
RoundRobin,7417,3658959723,1495509,1495697,188,completed,-9
RoundRobin,7418,3037662008,1495609,1495732,123,completed,-28
RoundRobin,7419,3658959723,1495709,1495816,107,completed,-9
RoundRobin,7420,3037662008,1495809,1495933,124,completed,-28
RoundRobin,7421,3658959723,1495909,1496014,105,completed,-9
RoundRobin,7423,3658959723,1496301,1496417,116,completed,-9
RoundRobin,7425,3658959723,1496501,1496607,106,completed,-10
RoundRobin,7427,3658959723,1496701,1496815,114,completed,-10
RoundRobin,7429,3658959723,1496901,1497006,105,completed,-10
RoundRobin,7422,3037662008,1496009,1496132,123,completed,-28
RoundRobin,7431,3658959723,1497101,1497206,105,completed,-10
RoundRobin,7424,3037662008,1496401,1497427,1026,completed,-28
RoundRobin,7426,3037662008,1496601,1497530,929,completed,-28
RoundRobin,7433,3658959723,1497415,1497540,125,completed,-10
RoundRobin,7428,3037662008,1496801,1497633,832,completed,-28
RoundRobin,7430,3037662008,1497001,1497736,735,completed,-28
RoundRobin,7435,3658959723,1497615,1497721,106,completed,-10
RoundRobin,7432,3037662008,1497315,1497839,524,completed,-28
RoundRobin,7437,3658959723,1497815,1497922,107,completed,-10
RoundRobin,7434,3037662008,1497515,1497942,427,completed,-28
RoundRobin,7436,3037662008,1497715,1498045,330,completed,-28
RoundRobin,7439,3658959723,1498015,1498134,119,completed,-10
RoundRobin,7438,3037662008,1497915,1498147,232,completed,-28
RoundRobin,7440,3037662008,1498308,1498435,127,completed,-28
RoundRobin,7441,3658959723,1498408,1498513,105,completed,-10
RoundRobin,7442,3037662008,1498508,1498632,124,completed,-30
RoundRobin,7443,3658959723,1498608,1498715,107,completed,-10
RoundRobin,7444,3037662008,1498708,1498832,124,completed,-30
RoundRobin,7445,3658959723,1498808,1498915,107,completed,-10
RoundRobin,7446,3037662008,1498908,1499031,123,completed,-30
RoundRobin,7448,3037662008,1499108,1499233,125,completed,-30
RoundRobin,7447,3658959723,1499008,1499114,106,completed,-10
RoundRobin,7449,3658959723,1499316,1499494,178,completed,-10
RoundRobin,7450,3037662008,1499416,1499610,194,completed,-30
RoundRobin,7451,3658959723,1499516,1499622,106,completed,-10
RoundRobin,7452,3037662008,1499616,1499739,123,completed,-30
RoundRobin,7453,3658959723,1499716,1499822,106,completed,-10
RoundRobin,7454,3037662008,1499816,1499940,124,completed,-30
RoundRobin,7455,3658959723,1499916,1500021,105,completed,-10
RoundRobin,7456,3037662008,1500016,1500140,124,completed,-30
RoundRobin,7457,3658959723,1500311,1500417,106,completed,-10
RoundRobin,7458,3037662008,1500411,1500534,123,completed,-30
RoundRobin,7459,3658959723,1500511,1500617,106,completed,-11
RoundRobin,7460,3037662008,1500611,1500734,123,completed,-30
RoundRobin,7461,3658959723,1500711,1500817,106,completed,-11
RoundRobin,7462,3037662008,1500811,1500935,124,completed,-30
RoundRobin,7463,3658959723,1500911,1501016,105,completed,-11
RoundRobin,7464,3037662008,1501011,1501135,124,completed,-30
RoundRobin,7466,3037662008,1501313,1501443,130,completed,-30
RoundRobin,7465,3658959723,1501112,1501423,311,completed,-11
RoundRobin,7467,3658959723,1501413,1501547,134,completed,-11
RoundRobin,7468,3037662008,1501513,1501636,123,completed,-30
RoundRobin,7469,3658959723,1501613,1501718,105,completed,-11
RoundRobin,7470,3037662008,1501713,1501836,123,completed,-30
RoundRobin,7471,3658959723,1501813,1501918,105,completed,-11
RoundRobin,7472,3037662008,1501913,1502036,123,completed,-30
RoundRobin,7473,3658959723,1502013,1502118,105,completed,-11
RoundRobin,7474,3037662008,1502113,1502431,318,completed,-30
RoundRobin,7475,3658959723,1502315,1502421,106,completed,-11
RoundRobin,7476,3037662008,1502415,1502538,123,completed,-30
RoundRobin,7477,3658959723,1502515,1502620,105,completed,-11
RoundRobin,7478,3037662008,1502615,1502740,125,completed,-33
RoundRobin,7479,3658959723,1502715,1502821,106,completed,-11
RoundRobin,7480,3037662008,1502815,1502938,123,completed,-33
RoundRobin,7481,3658959723,1502915,1503020,105,completed,-11
RoundRobin,7482,3037662008,1503015,1503139,124,completed,-33
RoundRobin,7483,3658959723,1503115,1503422,307,completed,-11
RoundRobin,7484,3037662008,1503316,1503440,124,completed,-33
RoundRobin,7485,3658959723,1503416,1503544,128,completed,-11
RoundRobin,7486,3037662008,1503516,1503639,123,completed,-33
RoundRobin,7487,3658959723,1503616,1503722,106,completed,-11
RoundRobin,7488,3037662008,1503716,1503839,123,completed,-33
RoundRobin,7489,3658959723,1503816,1503922,106,completed,-11
RoundRobin,7490,3037662008,1503916,1504039,123,completed,-33
RoundRobin,7491,3658959723,1504016,1504122,106,completed,-11
RoundRobin,7492,3037662008,1504116,1504434,318,completed,-33
RoundRobin,7493,3658959723,1504318,1504425,107,completed,-11
RoundRobin,7494,3037662008,1504418,1504542,124,completed,-33
RoundRobin,7495,3658959723,1504518,1504623,105,completed,-11
RoundRobin,7496,3037662008,1504618,1504743,125,completed,-29
RoundRobin,7497,3658959723,1504718,1504824,106,completed,-11
RoundRobin,7498,3037662008,1504818,1504942,124,completed,-29
RoundRobin,7499,3658959723,1504918,1505023,105,completed,-11
RoundRobin,7500,3037662008,1505018,1505141,123,completed,-29
RoundRobin,7502,3037662008,1505319,1505443,124,completed,-29
RoundRobin,7501,3658959723,1505118,1505443,325,completed,-11
RoundRobin,7503,3658959723,1505419,1505552,133,completed,-11
RoundRobin,7504,3037662008,1505519,1505643,124,completed,-29
RoundRobin,7505,3658959723,1505619,1505725,106,completed,-11
RoundRobin,7506,3037662008,1505719,1505842,123,completed,-29
RoundRobin,7507,3658959723,1505819,1505925,106,completed,-11
RoundRobin,7508,3037662008,1505919,1506042,123,completed,-29
RoundRobin,7509,3658959723,1506019,1506124,105,completed,-11
RoundRobin,7510,3037662008,1506119,1506437,318,completed,-29
RoundRobin,7511,3658959723,1506320,1506427,107,completed,-11
RoundRobin,7512,3037662008,1506420,1506544,124,completed,-29
RoundRobin,7513,3658959723,1506520,1506625,105,completed,-11
RoundRobin,7514,3037662008,1506620,1506745,125,completed,-30
RoundRobin,7515,3658959723,1506720,1506826,106,completed,-11
RoundRobin,7516,3037662008,1506820,1506944,124,completed,-30
RoundRobin,7517,3658959723,1506920,1507025,105,completed,-11
RoundRobin,7518,3037662008,1507020,1507144,124,completed,-30
RoundRobin,7520,3037662008,1507322,1507445,123,completed,-30
RoundRobin,7519,3658959723,1507120,1507468,348,completed,-11
RoundRobin,7521,3658959723,1507422,1507576,154,completed,-11
RoundRobin,7522,3037662008,1507522,1507645,123,completed,-30
RoundRobin,7523,3658959723,1507622,1507728,106,completed,-11
RoundRobin,7524,3037662008,1507722,1507845,123,completed,-30
RoundRobin,7525,3658959723,1507822,1507928,106,completed,-11
RoundRobin,7526,3037662008,1507922,1508045,123,completed,-30
RoundRobin,7527,3658959723,1508022,1508127,105,completed,-11
RoundRobin,7528,3037662008,1508122,1508440,318,completed,-30
RoundRobin,7529,3658959723,1508323,1508430,107,completed,-11
RoundRobin,7530,3037662008,1508423,1508547,124,completed,-30
RoundRobin,7531,3658959723,1508523,1508628,105,completed,-10
RoundRobin,7532,3037662008,1508623,1508748,125,completed,-30
RoundRobin,7533,3658959723,1508723,1508829,106,completed,-10
RoundRobin,7534,3037662008,1508823,1508946,123,completed,-30
RoundRobin,7535,3658959723,1508923,1509050,127,completed,-10
RoundRobin,7536,3037662008,1509023,1509146,123,completed,-30
RoundRobin,7538,3037662008,1509323,1509448,125,completed,-30
RoundRobin,7537,3658959723,1509123,1509430,307,completed,-10
RoundRobin,7539,3658959723,1509423,1509545,122,completed,-10
RoundRobin,7540,3037662008,1509523,1509646,123,completed,-30
RoundRobin,7541,3658959723,1509623,1509729,106,completed,-10
RoundRobin,7542,3037662008,1509723,1509846,123,completed,-30
RoundRobin,7543,3658959723,1509823,1509929,106,completed,-10
RoundRobin,7544,3037662008,1509923,1510047,124,completed,-30
RoundRobin,7545,3658959723,1510023,1510129,106,completed,-10
RoundRobin,7547,3658959723,1510326,1510434,108,completed,-10
RoundRobin,7546,3037662008,1510123,1510247,124,completed,-30
RoundRobin,7548,3037662008,1512528,1512846,318,completed,-28
RoundRobin,7550,3037662008,1512826,1513333,507,completed,-28
RoundRobin,7552,3037662008,1513026,1513609,583,completed,-28
RoundRobin,7554,3037662008,1513226,1513885,659,completed,-28
RoundRobin,7556,3037662008,1513426,1513987,561,completed,-28
RoundRobin,7570,3037662008,1515028,1515153,125,completed,-29
RoundRobin,7571,3037662008,1515128,1515255,127,completed,-29
RoundRobin,7572,3037662008,1515228,1515357,129,completed,-29
RoundRobin,7573,3037662008,1515328,1515478,150,completed,-29
RoundRobin,7574,3037662008,1515428,1515580,152,completed,-29
RoundRobin,7575,3037662008,1515528,1515682,154,completed,-29
RoundRobin,7576,3037662008,1515730,1515857,127,completed,-29
RoundRobin,7549,3658959723,1512726,1512943,217,completed,-10
RoundRobin,7551,3658959723,1512926,1513045,119,completed,-10
RoundRobin,7553,3658959723,1513126,1513231,105,completed,-10
RoundRobin,7555,3658959723,1513326,1513493,167,completed,-10
RoundRobin,7557,3658959723,1513526,1513829,303,completed,-10
RoundRobin,7584,3658959723,1516530,1516638,108,completed,-11
RoundRobin,7585,3658959723,1516742,1516851,109,completed,-11
RoundRobin,7586,3658959723,1516842,1516952,110,completed,-11
RoundRobin,7587,3658959723,1516942,1517054,112,completed,-11
RoundRobin,7588,3658959723,1517042,1517156,114,completed,-11
RoundRobin,7589,3658959723,1517142,1517258,116,completed,-11
RoundRobin,7590,3658959723,1517242,1517360,118,completed,-11
RoundRobin,7591,3658959723,1517342,1517463,121,completed,-11
RoundRobin,7592,3658959723,1517442,1517566,124,completed,-11
RoundRobin,7593,3658959723,1517542,1517843,301,completed,-11
RoundRobin,7594,3658959723,1517737,1518109,372,completed,-11
RoundRobin,7595,3658959723,1517837,1518212,375,completed,-11
RoundRobin,7596,3658959723,1517937,1518315,378,completed,-11
RoundRobin,7597,3658959723,1518037,1518418,381,completed,-11
RoundRobin,7598,3658959723,1518137,1518521,384,completed,-11
RoundRobin,7599,3658959723,1518237,1518624,387,completed,-11
RoundRobin,7600,3658959723,1518337,1518725,388,completed,-11
RoundRobin,7601,3658959723,1518437,1518826,389,completed,-11
RoundRobin,7602,3658959723,1518537,1518929,392,completed,-11
RoundRobin,7603,3658959723,1518746,1519032,286,completed,-11
RoundRobin,7558,3658959723,1518748,1519135,387,completed,-11
RoundRobin,7559,3658959723,1518828,1519238,410,completed,-11
RoundRobin,7604,3658959723,1518846,1519342,496,completed,-11
RoundRobin,7560,3658959723,1518928,1519446,518,completed,-11
RoundRobin,7605,3658959723,1518947,1519549,602,completed,-11
RoundRobin,7561,3658959723,1519028,1519652,624,completed,-11
RoundRobin,7606,3658959723,1519047,1519755,708,completed,-11
RoundRobin,7562,3658959723,1519128,1519858,730,completed,-11
RoundRobin,7607,3658959723,1519147,1519961,814,completed,-11
RoundRobin,7563,3658959723,1519228,1520064,836,completed,-11
RoundRobin,7608,3658959723,1519247,1520167,920,completed,-11
RoundRobin,7564,3658959723,1519328,1520270,942,completed,-11
RoundRobin,7609,3658959723,1519352,1520373,1021,completed,-11
RoundRobin,7565,3658959723,1519428,1520476,1048,completed,-11
RoundRobin,7610,3658959723,1519456,1520579,1123,completed,-10
RoundRobin,7566,3658959723,1519528,1520680,1152,completed,-10
RoundRobin,7611,3658959723,1519748,1520782,1034,completed,-10
RoundRobin,7567,3658959723,1519750,1520884,1134,completed,-10
RoundRobin,7568,3658959723,1519831,1520985,1154,completed,-10
RoundRobin,7612,3658959723,1519848,1521087,1239,completed,-10
RoundRobin,7569,3658959723,1519929,1521190,1261,completed,-10
RoundRobin,7613,3658959723,1519948,1521293,1345,completed,-10
RoundRobin,7614,3658959723,1520048,1521396,1348,completed,-10
RoundRobin,7615,3658959723,1520148,1521499,1351,completed,-10
RoundRobin,7616,3658959723,1520248,1521602,1354,completed,-10
RoundRobin,7617,3658959723,1520348,1521704,1356,completed,-10
RoundRobin,7618,3658959723,1520448,1521806,1358,completed,-10
RoundRobin,7619,3658959723,1520549,1521908,1359,completed,-10
RoundRobin,7620,3658959723,1520751,1522011,1260,completed,-10
RoundRobin,7577,3658959723,1520831,1522115,1284,completed,-10
RoundRobin,7621,3658959723,1520851,1522218,1367,completed,-10
RoundRobin,7578,3658959723,1520931,1522321,1390,completed,-10
RoundRobin,7622,3658959723,1520951,1522425,1474,completed,-10
RoundRobin,7579,3658959723,1521031,1522528,1497,completed,-10
RoundRobin,7623,3658959723,1521051,1522631,1580,completed,-11
RoundRobin,7580,3658959723,1521131,1522733,1602,completed,-11
RoundRobin,7624,3658959723,1521151,1522835,1684,completed,-11
RoundRobin,7581,3658959723,1521231,1522938,1707,completed,-11
RoundRobin,7625,3658959723,1521251,1523041,1790,completed,-11
RoundRobin,7582,3658959723,1521331,1523144,1813,completed,-11
RoundRobin,7626,3658959723,1521351,1523247,1896,completed,-11
RoundRobin,7583,3658959723,1521431,1523351,1920,completed,-11
RoundRobin,7627,3658959723,1521451,1523454,2003,completed,-11
RoundRobin,7628,3658959723,1521551,1523557,2006,completed,-11
RoundRobin,7629,3658959723,1521752,1523660,1908,completed,-11
RoundRobin,7630,3658959723,1521852,1523764,1912,completed,-11
RoundRobin,7631,3658959723,1521952,1523865,1913,completed,-11
RoundRobin,7632,3658959723,1522052,1523968,1916,completed,-11
RoundRobin,7633,3658959723,1522152,1524070,1918,completed,-11
RoundRobin,7634,3658959723,1522252,1524173,1921,completed,-11
RoundRobin,7635,3658959723,1522352,1524276,1924,completed,-11
RoundRobin,7636,3658959723,1522452,1524377,1925,completed,-11
RoundRobin,7637,3658959723,1522554,1524480,1926,completed,-11
RoundRobin,7638,3658959723,1522757,1524583,1826,completed,-11
RoundRobin,7639,3658959723,1522857,1524686,1829,completed,-11
RoundRobin,7640,3658959723,1522957,1524787,1830,completed,-11
RoundRobin,7641,3658959723,1523057,1524890,1833,completed,-11
RoundRobin,7642,3658959723,1523157,1524993,1836,completed,-11
RoundRobin,7643,3658959723,1523257,1525096,1839,completed,-11
RoundRobin,7644,3658959723,1523360,1525199,1839,completed,-11
RoundRobin,7645,3658959723,1523462,1525302,1840,completed,-11
RoundRobin,7646,3658959723,1523754,1525405,1651,completed,-11
RoundRobin,7647,3658959723,1523854,1525508,1654,completed,-11
RoundRobin,7648,3658959723,1523954,1525611,1657,completed,-11
RoundRobin,7649,3658959723,1524054,1525714,1660,completed,-11
RoundRobin,7650,3658959723,1524154,1525816,1662,completed,-11
RoundRobin,7651,3658959723,1524254,1525919,1665,completed,-11
RoundRobin,7652,3658959723,1524354,1526022,1668,completed,-11
RoundRobin,7653,3658959723,1524454,1526125,1671,completed,-11
RoundRobin,7654,3658959723,1524556,1526228,1672,completed,-11
RoundRobin,7655,3658959723,1524757,1526331,1574,completed,-11
RoundRobin,7656,3658959723,1524857,1526434,1577,completed,-11
RoundRobin,7657,3658959723,1524957,1526537,1580,completed,-11
RoundRobin,7658,3658959723,1525057,1526640,1583,completed,-11
RoundRobin,7659,3658959723,1525157,1526743,1586,completed,-11
RoundRobin,7660,3658959723,1525257,1526844,1587,completed,-11
RoundRobin,7661,3658959723,1525357,1526947,1590,completed,-11
RoundRobin,7662,3658959723,1525457,1527050,1593,completed,-11
RoundRobin,7663,3658959723,1525557,1527153,1596,completed,-11
RoundRobin,7664,3658959723,1525758,1527256,1498,completed,-11
RoundRobin,7665,3658959723,1525858,1527359,1501,completed,-11
RoundRobin,7666,3658959723,1525958,1527462,1504,completed,-11
RoundRobin,7667,3658959723,1526058,1527565,1507,completed,-11
RoundRobin,7668,3658959723,1526158,1527668,1510,completed,-11
RoundRobin,7669,3658959723,1526258,1527770,1512,completed,-11
RoundRobin,7670,3658959723,1526358,1527872,1514,completed,-11
RoundRobin,7671,3658959723,1526458,1527974,1516,completed,-11
RoundRobin,7672,3658959723,1526560,1528076,1516,completed,-11
RoundRobin,7673,3658959723,1526762,1528178,1416,completed,-11
RoundRobin,7674,3658959723,1526862,1528280,1418,completed,-11
RoundRobin,7675,3658959723,1526962,1528381,1419,completed,-11
RoundRobin,7676,3658959723,1527062,1528483,1421,completed,-11
RoundRobin,7677,3658959723,1527162,1528585,1423,completed,-11
RoundRobin,7678,3658959723,1527264,1528687,1423,completed,-11
RoundRobin,7679,3658959723,1527367,1528788,1421,completed,-11
RoundRobin,7680,3658959723,1527467,1528890,1423,completed,-11
RoundRobin,7681,3658959723,1527769,1528991,1222,completed,-11
RoundRobin,7682,3658959723,1529980,1530298,318,completed,-11
RoundRobin,7683,3658959723,1530183,1530400,217,completed,-11
RoundRobin,7684,3658959723,1530283,1530502,219,completed,-11
RoundRobin,7685,3658959723,1530383,1530604,221,completed,-12
RoundRobin,7686,3658959723,1530483,1530706,223,completed,-12
RoundRobin,7687,3658959723,1530583,1530809,226,completed,-12
RoundRobin,7688,3658959723,1530683,1530912,229,completed,-12
RoundRobin,7689,3658959723,1530783,1531015,232,completed,-12
RoundRobin,7690,3658959723,1530883,1531118,235,completed,-12
RoundRobin,7691,3658959723,1530983,1531314,331,completed,-12
RoundRobin,7692,3658959723,1531183,1531417,234,completed,-12
RoundRobin,7693,3658959723,1531283,1531520,237,completed,-12
RoundRobin,7694,3658959723,1531383,1531623,240,completed,-12
RoundRobin,7695,3658959723,1531483,1531726,243,completed,-12
RoundRobin,7696,3658959723,1531583,1531829,246,completed,-12
RoundRobin,7697,3658959723,1531683,1531932,249,completed,-12
RoundRobin,7698,3658959723,1531783,1532035,252,completed,-12
RoundRobin,7699,3658959723,1531883,1532138,255,completed,-12
RoundRobin,7700,3658959723,1531983,1532239,256,completed,-12
RoundRobin,7701,3658959723,1532188,1532342,154,completed,-12
RoundRobin,7702,3658959723,1532288,1532444,156,completed,-12
RoundRobin,7703,3658959723,1532388,1532547,159,completed,-12
RoundRobin,7704,3658959723,1532488,1532650,162,completed,-12
RoundRobin,7705,3658959723,1532588,1532753,165,completed,-12
RoundRobin,7706,3658959723,1532688,1532855,167,completed,-12
RoundRobin,7707,3658959723,1532798,1532958,160,completed,-12
RoundRobin,7708,3658959723,1532898,1533061,163,completed,-12
RoundRobin,7709,3658959723,1533185,1533293,108,completed,-12
RoundRobin,7710,3658959723,1533285,1533396,111,completed,-12
RoundRobin,7711,3658959723,1533385,1533498,113,completed,-12
RoundRobin,7712,3658959723,1533485,1533601,116,completed,-12
RoundRobin,7713,3658959723,1533585,1533704,119,completed,-12
RoundRobin,7714,3658959723,1533685,1533807,122,completed,-12
RoundRobin,7715,3658959723,1533785,1533910,125,completed,-12
RoundRobin,7716,3658959723,1533885,1534013,128,completed,-12
RoundRobin,7717,3658959723,1533985,1534116,131,completed,-12
RoundRobin,7718,3658959723,1534191,1534303,112,completed,-12
RoundRobin,7719,3658959723,1534291,1534406,115,completed,-12
RoundRobin,7720,3658959723,1534391,1534509,118,completed,-12
RoundRobin,7721,3658959723,1534491,1534612,121,completed,-10
RoundRobin,7722,3658959723,1534591,1534714,123,completed,-10
RoundRobin,7723,3658959723,1534691,1534817,126,completed,-10
RoundRobin,7724,3658959723,1534791,1534920,129,completed,-10
RoundRobin,7725,3658959723,1534891,1535023,132,completed,-10
RoundRobin,7726,3658959723,1535184,1535292,108,completed,-10
RoundRobin,7727,3658959723,1535284,1535395,111,completed,-10
RoundRobin,7728,3658959723,1535384,1535498,114,completed,-10
RoundRobin,7729,3658959723,1535484,1535601,117,completed,-10
RoundRobin,7730,3658959723,1535584,1535703,119,completed,-10
RoundRobin,7731,3658959723,1535684,1535805,121,completed,-10
RoundRobin,7732,3658959723,1535784,1535912,128,completed,-10
RoundRobin,7733,3658959723,1535884,1536015,131,completed,-10
RoundRobin,7734,3658959723,1535984,1536117,133,completed,-10
RoundRobin,7735,3658959723,1536191,1536298,107,completed,-10
RoundRobin,7736,3658959723,1536291,1536401,110,completed,-10
RoundRobin,7737,3658959723,1536391,1536504,113,completed,-10
RoundRobin,7738,3658959723,1536491,1536607,116,completed,-11
RoundRobin,7739,3658959723,1536591,1536708,117,completed,-11
RoundRobin,7740,3658959723,1536691,1536809,118,completed,-11
RoundRobin,7741,3658959723,1536791,1536912,121,completed,-11
RoundRobin,7742,3658959723,1536891,1537015,124,completed,-11
RoundRobin,7743,3658959723,1536991,1537293,302,completed,-11
RoundRobin,7744,3658959723,1537187,1537396,209,completed,-11
RoundRobin,7745,3658959723,1537287,1537499,212,completed,-11
RoundRobin,7746,3658959723,1537387,1537602,215,completed,-11
RoundRobin,7747,3658959723,1537487,1537705,218,completed,-11
RoundRobin,7748,3658959723,1537587,1537808,221,completed,-11
RoundRobin,7749,3658959723,1537687,1537911,224,completed,-11
RoundRobin,7750,3658959723,1537787,1538014,227,completed,-11
RoundRobin,7751,3658959723,1537887,1538117,230,completed,-11
RoundRobin,7752,3658959723,1537987,1538219,232,completed,-11
RoundRobin,7753,3658959723,1538194,1538322,128,completed,-11
RoundRobin,7754,3658959723,1538294,1538425,131,completed,-11
RoundRobin,7755,3658959723,1538394,1538528,134,completed,-11
RoundRobin,7756,3658959723,1538494,1538631,137,completed,-11
RoundRobin,7757,3658959723,1538594,1538734,140,completed,-11
RoundRobin,7758,3658959723,1538694,1538837,143,completed,-11
RoundRobin,7759,3658959723,1538794,1538940,146,completed,-11
RoundRobin,7760,3658959723,1538894,1539043,149,completed,-11
RoundRobin,7761,3658959723,1538994,1539294,300,completed,-11
RoundRobin,7762,3658959723,1539195,1539403,208,completed,-11
RoundRobin,7763,3658959723,1539295,1539506,211,completed,-11
RoundRobin,7764,3658959723,1539395,1539608,213,completed,-11
RoundRobin,7765,3658959723,1539495,1539711,216,completed,-11
RoundRobin,7766,3658959723,1539595,1539814,219,completed,-11
RoundRobin,7767,3658959723,1539695,1539916,221,completed,-11
RoundRobin,7768,3658959723,1539795,1540019,224,completed,-11
RoundRobin,7769,3658959723,1539895,1540121,226,completed,-11
RoundRobin,7770,3658959723,1539995,1540296,301,completed,-11
RoundRobin,7771,3658959723,1540197,1540399,202,completed,-11
RoundRobin,7772,3658959723,1540297,1540506,209,completed,-11
RoundRobin,7773,3658959723,1540397,1540608,211,completed,-11
RoundRobin,7774,3658959723,1540497,1540709,212,completed,-11
RoundRobin,7775,3658959723,1540597,1540812,215,completed,-11
RoundRobin,7776,3658959723,1540697,1540918,221,completed,-11
RoundRobin,7777,3658959723,1540797,1541021,224,completed,-11
RoundRobin,7778,3658959723,1540897,1541123,226,completed,-11
RoundRobin,7779,3658959723,1540997,1541299,302,completed,-11
RoundRobin,7780,3658959723,1541194,1541402,208,completed,-11
RoundRobin,7781,3658959723,1541294,1541505,211,completed,-11
RoundRobin,7782,3658959723,1541394,1541607,213,completed,-11
RoundRobin,7783,3658959723,1541494,1541710,216,completed,-11
RoundRobin,7784,3658959723,1541594,1541813,219,completed,-11
RoundRobin,7785,3658959723,1541694,1541916,222,completed,-11
RoundRobin,7786,3658959723,1541794,1542019,225,completed,-11
RoundRobin,7787,3658959723,1541894,1542122,228,completed,-11
RoundRobin,7788,3658959723,1541994,1542224,230,completed,-11
RoundRobin,7789,3658959723,1542197,1542326,129,completed,-11
RoundRobin,7790,3658959723,1542297,1542429,132,completed,-11
RoundRobin,7791,3658959723,1542397,1542532,135,completed,-11
RoundRobin,7792,3658959723,1542497,1542635,138,completed,-11
RoundRobin,7793,3658959723,1542597,1542737,140,completed,-11
RoundRobin,7794,3658959723,1542697,1542840,143,completed,-11
RoundRobin,7795,3658959723,1542797,1542943,146,completed,-11
RoundRobin,7796,3658959723,1542897,1543046,149,completed,-11
RoundRobin,7797,3658959723,1542997,1543149,152,completed,-11
RoundRobin,7798,3658959723,1543199,1543308,109,completed,-11
RoundRobin,7799,3658959723,1543299,1543411,112,completed,-11
RoundRobin,7800,3658959723,1543399,1543514,115,completed,-11
RoundRobin,7801,3658959723,1543499,1543617,118,completed,-11
RoundRobin,7802,3658959723,1543599,1543720,121,completed,-11
RoundRobin,7803,3658959723,1543699,1543823,124,completed,-11
RoundRobin,7804,3658959723,1543799,1543926,127,completed,-11
RoundRobin,7805,3658959723,1543899,1544029,130,completed,-11
RoundRobin,7806,3658959723,1543999,1544301,302,completed,-11
RoundRobin,7807,3658959723,1544202,1544404,202,completed,-11
RoundRobin,7808,3658959723,1544302,1544506,204,completed,-11
RoundRobin,7809,3658959723,1544402,1544616,214,completed,-12
RoundRobin,7810,3658959723,1544502,1544867,365,completed,-12
RoundRobin,7811,3658959723,1544602,1544970,368,completed,-12
RoundRobin,7812,3658959723,1544702,1545073,371,completed,-12
RoundRobin,7813,3658959723,1544815,1545176,361,completed,-12
RoundRobin,7814,3658959723,1544915,1545278,363,completed,-12
RoundRobin,7815,3658959723,1545202,1545380,178,completed,-12
RoundRobin,7816,3658959723,1547408,1547731,323,completed,-11
RoundRobin,7817,3658959723,1547611,1547840,229,completed,-11
RoundRobin,7819,3658959723,1547811,1547943,132,completed,-11
RoundRobin,7821,3658959723,1548011,1548117,106,completed,-11
RoundRobin,7818,3037662008,1547711,1548235,524,completed,-29
RoundRobin,7823,3658959723,1548211,1548317,106,completed,-11
RoundRobin,7820,3037662008,1547911,1548345,434,completed,-29
RoundRobin,7822,3037662008,1548111,1548454,343,completed,-29
RoundRobin,7824,3037662008,1548311,1548557,246,completed,-29
RoundRobin,7825,3658959723,1548411,1548721,310,completed,-10
RoundRobin,7826,3037662008,1548614,1548742,128,completed,-29
RoundRobin,7827,3658959723,1548714,1548824,110,completed,-10
RoundRobin,7828,3037662008,1548814,1548940,126,completed,-29
RoundRobin,7829,3658959723,1548914,1549019,105,completed,-10
RoundRobin,7830,3037662008,1549014,1549138,124,completed,-29
RoundRobin,7831,3658959723,1549114,1549221,107,completed,-10
RoundRobin,7832,3037662008,1549214,1549338,124,completed,-29
RoundRobin,7833,3658959723,1549314,1549420,106,completed,-10
RoundRobin,7834,3037662008,1549613,1549782,169,completed,-29
RoundRobin,7835,3658959723,1549713,1549818,105,completed,-10
RoundRobin,7836,3037662008,1549813,1549937,124,completed,-29
RoundRobin,7837,3658959723,1549913,1550019,106,completed,-10
RoundRobin,7838,3037662008,1550013,1550137,124,completed,-29
RoundRobin,7839,3658959723,1550113,1550219,106,completed,-10
RoundRobin,7840,3037662008,1550213,1550336,123,completed,-29
RoundRobin,7841,3658959723,1550313,1550420,107,completed,-10
RoundRobin,7842,3037662008,1550413,1550740,327,completed,-27
RoundRobin,7843,3658959723,1550616,1550725,109,completed,-10
RoundRobin,7844,3037662008,1550716,1550843,127,completed,-27
RoundRobin,7845,3658959723,1550816,1550922,106,completed,-10
RoundRobin,7846,3037662008,1550916,1551040,124,completed,-27
RoundRobin,7847,3658959723,1551016,1551122,106,completed,-10
RoundRobin,7848,3037662008,1551116,1551240,124,completed,-27
RoundRobin,7849,3658959723,1551216,1551321,105,completed,-10
RoundRobin,7850,3037662008,1551316,1551440,124,completed,-27
RoundRobin,7851,3658959723,1551416,1551725,309,completed,-10
RoundRobin,7852,3037662008,1551618,1551831,213,completed,-27
RoundRobin,7853,3658959723,1551718,1551833,115,completed,-10
RoundRobin,7854,3037662008,1551821,1551947,126,completed,-27
RoundRobin,7855,3658959723,1551921,1552027,106,completed,-10
RoundRobin,7856,3037662008,1552021,1552145,124,completed,-27
RoundRobin,7857,3658959723,1552121,1552227,106,completed,-10
RoundRobin,7858,3037662008,1552221,1552344,123,completed,-27
RoundRobin,7859,3658959723,1552321,1552427,106,completed,-10
RoundRobin,7860,3037662008,1552619,1552743,124,completed,-27
RoundRobin,7861,3658959723,1552719,1552824,105,completed,-10
RoundRobin,7862,3037662008,1552819,1552944,125,completed,-27
RoundRobin,7863,3658959723,1552919,1553024,105,completed,-10
RoundRobin,7864,3037662008,1553019,1553143,124,completed,-27
RoundRobin,7865,3658959723,1553119,1553225,106,completed,-10
RoundRobin,7866,3037662008,1553219,1553342,123,completed,-27
RoundRobin,7867,3658959723,1553319,1553425,106,completed,-10
RoundRobin,7868,3037662008,1553419,1553737,318,completed,-27
RoundRobin,7869,3658959723,1553621,1553728,107,completed,-10
RoundRobin,7870,3037662008,1553721,1553847,126,completed,-27
RoundRobin,7871,3658959723,1553821,1553927,106,completed,-10
RoundRobin,7872,3037662008,1553921,1554045,124,completed,-27
RoundRobin,7873,3658959723,1554021,1554127,106,completed,-10
RoundRobin,7874,3037662008,1554121,1554245,124,completed,-27
RoundRobin,7875,3658959723,1554221,1554326,105,completed,-10
RoundRobin,7876,3037662008,1554321,1554445,124,completed,-27
RoundRobin,7877,3658959723,1554622,1554729,107,completed,-10
RoundRobin,7878,3037662008,1554722,1554848,126,completed,-27
RoundRobin,7879,3658959723,1554822,1554928,106,completed,-10
RoundRobin,7880,3037662008,1554922,1555054,132,completed,-27
RoundRobin,7881,3658959723,1555022,1555134,112,completed,-10
RoundRobin,7882,3037662008,1555122,1555246,124,completed,-27
RoundRobin,7883,3658959723,1555222,1555328,106,completed,-10
RoundRobin,7884,3037662008,1555322,1555446,124,completed,-27
RoundRobin,7886,3037662008,1555622,1555748,126,completed,-27
RoundRobin,7888,3037662008,1555822,1555947,125,completed,-27
RoundRobin,7890,3037662008,1556022,1556146,124,completed,-27
RoundRobin,7892,3037662008,1556222,1556346,124,completed,-27
RoundRobin,7894,3037662008,1556422,1556740,318,completed,-29
RoundRobin,7885,3658959723,1555422,1556726,1304,completed,-10
RoundRobin,7887,3658959723,1555722,1556829,1107,completed,-10
RoundRobin,7896,3037662008,1556727,1556852,125,completed,-29
RoundRobin,7889,3658959723,1555922,1556932,1010,completed,-10
RoundRobin,7898,3037662008,1556927,1557051,124,completed,-29
RoundRobin,7891,3658959723,1556122,1557035,913,completed,-10
RoundRobin,7893,3658959723,1556322,1557137,815,completed,-10
RoundRobin,7900,3037662008,1557127,1557251,124,completed,-29
RoundRobin,7895,3658959723,1556626,1557238,612,completed,-10
RoundRobin,7897,3658959723,1556827,1557341,514,completed,-10
RoundRobin,7902,3037662008,1557327,1557451,124,completed,-29
RoundRobin,7899,3658959723,1557027,1557443,416,completed,-10
RoundRobin,7901,3658959723,1557227,1557544,317,completed,-10
RoundRobin,7903,3658959723,1557627,1557741,114,completed,-10
RoundRobin,7904,3037662008,1557727,1557905,178,completed,-29
RoundRobin,7905,3658959723,1557827,1557935,108,completed,-10
RoundRobin,7906,3037662008,1557927,1558051,124,completed,-29
RoundRobin,7907,3658959723,1558027,1558133,106,completed,-10
RoundRobin,7908,3037662008,1558127,1558251,124,completed,-29
RoundRobin,7909,3658959723,1558227,1558333,106,completed,-10
RoundRobin,7910,3037662008,1558327,1558452,125,completed,-29
RoundRobin,7911,3658959723,1558427,1558731,304,completed,-10
RoundRobin,7912,3037662008,1558630,1558755,125,completed,-30
RoundRobin,7913,3658959723,1558730,1558840,110,completed,-10
RoundRobin,7914,3037662008,1558830,1558954,124,completed,-30
RoundRobin,7915,3658959723,1558930,1559036,106,completed,-10
RoundRobin,7916,3037662008,1559030,1559154,124,completed,-30
RoundRobin,7917,3658959723,1559130,1559236,106,completed,-10
RoundRobin,7918,3037662008,1559230,1559354,124,completed,-30
RoundRobin,7919,3658959723,1559330,1559436,106,completed,-10
RoundRobin,7920,3037662008,1559430,1559748,318,completed,-30
RoundRobin,7922,3037662008,1559731,1559857,126,completed,-30
RoundRobin,7921,3658959723,1559631,1559941,310,completed,-10
RoundRobin,7924,3037662008,1559931,1560055,124,completed,-30
RoundRobin,7923,3658959723,1559831,1560044,213,completed,-10
RoundRobin,7925,3658959723,1560031,1560147,116,completed,-10
RoundRobin,7926,3037662008,1560131,1560254,123,completed,-30
RoundRobin,7927,3658959723,1560231,1560337,106,completed,-10
RoundRobin,7928,3037662008,1560331,1560455,124,completed,-30
RoundRobin,7929,3658959723,1560431,1560738,307,completed,-10
RoundRobin,7930,3037662008,1560634,1560759,125,completed,-28
RoundRobin,7931,3658959723,1560734,1560861,127,completed,-10
RoundRobin,7932,3037662008,1560834,1560958,124,completed,-28
RoundRobin,7933,3658959723,1560934,1561039,105,completed,-10
RoundRobin,7934,3037662008,1561034,1561159,125,completed,-28
RoundRobin,7935,3658959723,1561134,1561240,106,completed,-10
RoundRobin,7936,3037662008,1561234,1561357,123,completed,-28
RoundRobin,7937,3658959723,1561334,1561440,106,completed,-10
RoundRobin,7939,3658959723,1561635,1561743,108,completed,-10
RoundRobin,7938,3037662008,1561434,1561780,346,completed,-28
RoundRobin,7940,3037662008,1561735,1561888,153,completed,-28
RoundRobin,7941,3658959723,1561835,1561941,106,completed,-10
RoundRobin,7942,3037662008,1561935,1562059,124,completed,-28
RoundRobin,7943,3658959723,1562035,1562160,125,completed,-10
RoundRobin,7944,3037662008,1562135,1562259,124,completed,-28
RoundRobin,7945,3658959723,1562235,1562341,106,completed,-10
RoundRobin,7946,3037662008,1562335,1562459,124,completed,-28
RoundRobin,7948,3037662008,1562637,1562764,127,completed,-28
RoundRobin,7950,3037662008,1565041,1565332,291,completed,-28
RoundRobin,7952,3037662008,1565241,1565434,193,completed,-28
RoundRobin,7954,3037662008,1565441,1565581,140,completed,-28
RoundRobin,7956,3037662008,1565641,1565855,214,completed,-28
RoundRobin,7957,3037662008,1565741,1566160,419,completed,-28
RoundRobin,7958,3037662008,1565841,1566262,421,completed,-28
RoundRobin,7959,3037662008,1566042,1566369,327,completed,-28
RoundRobin,7960,3037662008,1566142,1566472,330,completed,-28
RoundRobin,7961,3037662008,1566242,1566575,333,completed,-28
RoundRobin,7962,3037662008,1566342,1566678,336,completed,-30
RoundRobin,7963,3037662008,1566442,1566784,342,completed,-30
RoundRobin,7964,3037662008,1566542,1566887,345,completed,-30
RoundRobin,7965,3037662008,1566642,1566989,347,completed,-30
RoundRobin,7966,3037662008,1566742,1567091,349,completed,-30
RoundRobin,7947,3658959723,1562435,1562742,307,completed,-10
RoundRobin,7967,3037662008,1566844,1567194,350,completed,-30
RoundRobin,7968,3037662008,1567046,1567296,250,completed,-30
RoundRobin,7949,3658959723,1564839,1565175,336,completed,-10
RoundRobin,7951,3658959723,1565141,1565339,198,completed,-10
RoundRobin,7970,3037662008,1567246,1567398,152,completed,-30
RoundRobin,7953,3658959723,1565341,1565614,273,completed,-10
RoundRobin,7972,3037662008,1567446,1567571,125,completed,-30
RoundRobin,7955,3658959723,1565541,1565889,348,completed,-10
RoundRobin,7974,3037662008,1567646,1567769,123,completed,-30
RoundRobin,7969,3658959723,1567146,1567255,109,completed,-10
RoundRobin,7971,3658959723,1567346,1567453,107,completed,-10
RoundRobin,7973,3658959723,1567546,1567653,107,completed,-10
RoundRobin,7975,3658959723,1567750,1567859,109,completed,-10
RoundRobin,7976,3037662008,1568039,1568165,126,completed,-30
RoundRobin,7977,3658959723,1568139,1568247,108,completed,-10
RoundRobin,7978,3037662008,1568239,1568363,124,completed,-30
RoundRobin,7979,3658959723,1568339,1568445,106,completed,-10
RoundRobin,7980,3037662008,1568439,1568563,124,completed,-30
RoundRobin,7981,3658959723,1568539,1568645,106,completed,-10
RoundRobin,7982,3037662008,1568639,1568765,126,completed,-28
RoundRobin,7984,3037662008,1568839,1568963,124,completed,-28
RoundRobin,7983,3658959723,1568739,1568845,106,completed,-10
RoundRobin,7985,3658959723,1569053,1569214,161,completed,-10
RoundRobin,7986,3037662008,1569153,1569276,123,completed,-28
RoundRobin,7987,3658959723,1569253,1569360,107,completed,-10
RoundRobin,7988,3037662008,1569353,1569477,124,completed,-28
RoundRobin,7989,3658959723,1569453,1569559,106,completed,-10
RoundRobin,7990,3037662008,1569553,1569677,124,completed,-28
RoundRobin,7991,3658959723,1569653,1569759,106,completed,-10
RoundRobin,7992,3037662008,1569753,1569876,123,completed,-28
RoundRobin,7993,3658959723,1570046,1570153,107,completed,-10
RoundRobin,7994,3037662008,1570146,1570270,124,completed,-28
RoundRobin,7995,3658959723,1570246,1570352,106,completed,-10
RoundRobin,7996,3037662008,1570346,1570470,124,completed,-28
RoundRobin,7997,3658959723,1570446,1570552,106,completed,-10
RoundRobin,7998,3037662008,1570546,1570670,124,completed,-29
RoundRobin,7999,3658959723,1570646,1570753,107,completed,-11
RoundRobin,8000,3037662008,1570754,1570880,126,completed,-29
RoundRobin,8002,3037662008,1571149,1571331,182,completed,-29
RoundRobin,8004,3037662008,1571349,1571473,124,completed,-29
RoundRobin,8006,3037662008,1571549,1571673,124,completed,-29
RoundRobin,8008,3037662008,1571749,1571873,124,completed,-29
RoundRobin,8010,3037662008,1572049,1572175,126,completed,-29
RoundRobin,8012,3037662008,1572249,1572374,125,completed,-29
RoundRobin,8001,3658959723,1571049,1572409,1360,completed,-11
RoundRobin,8003,3658959723,1571249,1572518,1269,completed,-11
RoundRobin,8014,3037662008,1572449,1572573,124,completed,-29
RoundRobin,8005,3658959723,1571449,1572621,1172,completed,-10
RoundRobin,8007,3658959723,1571649,1572724,1075,completed,-10
RoundRobin,8016,3037662008,1572649,1572772,123,completed,-30
RoundRobin,8009,3658959723,1571849,1572827,978,completed,-10
RoundRobin,8011,3658959723,1572149,1572930,781,completed,-10
RoundRobin,8013,3658959723,1572349,1573033,684,completed,-10
RoundRobin,8018,3037662008,1572849,1573168,319,completed,-30
RoundRobin,8015,3658959723,1572549,1573135,586,completed,-10
RoundRobin,8020,3037662008,1573151,1573278,127,completed,-30
RoundRobin,8017,3658959723,1572749,1573237,488,completed,-10
RoundRobin,8019,3658959723,1573051,1573339,288,completed,-10
RoundRobin,8022,3037662008,1573351,1573475,124,completed,-30
RoundRobin,8021,3658959723,1573251,1573441,190,completed,-10
RoundRobin,8023,3658959723,1573451,1573559,108,completed,-10
RoundRobin,8024,3037662008,1573551,1573676,125,completed,-30
RoundRobin,8025,3658959723,1573651,1573756,105,completed,-10
RoundRobin,8026,3037662008,1573751,1573875,124,completed,-30
RoundRobin,8028,3037662008,1574052,1574177,125,completed,-30
RoundRobin,8027,3658959723,1573851,1574159,308,completed,-10
RoundRobin,8029,3658959723,1574152,1574262,110,completed,-10
RoundRobin,8030,3037662008,1574252,1574377,125,completed,-30
RoundRobin,8031,3658959723,1574352,1574460,108,completed,-10
RoundRobin,8032,3037662008,1574452,1574576,124,completed,-30
RoundRobin,8033,3658959723,1574552,1574659,107,completed,-11
RoundRobin,8034,3037662008,1574652,1574776,124,completed,-30
RoundRobin,8035,3658959723,1574752,1574859,107,completed,-11
RoundRobin,8036,3037662008,1574852,1575171,319,completed,-30
RoundRobin,8037,3658959723,1575054,1575240,186,completed,-11
RoundRobin,8038,3037662008,1575154,1575281,127,completed,-30
RoundRobin,8039,3658959723,1575254,1575360,106,completed,-11
RoundRobin,8040,3037662008,1575354,1575478,124,completed,-30
RoundRobin,8041,3658959723,1575454,1575561,107,completed,-11
RoundRobin,8042,3037662008,1575554,1575678,124,completed,-30
RoundRobin,8043,3658959723,1575654,1575760,106,completed,-11
RoundRobin,8044,3037662008,1575754,1575878,124,completed,-30
RoundRobin,8046,3037662008,1576055,1576182,127,completed,-30
RoundRobin,8045,3658959723,1575854,1576164,310,completed,-11
RoundRobin,8047,3658959723,1576155,1576279,124,completed,-11
RoundRobin,8048,3037662008,1576255,1576380,125,completed,-30
RoundRobin,8049,3658959723,1576355,1576460,105,completed,-11
RoundRobin,8050,3037662008,1576455,1576579,124,completed,-30
RoundRobin,8051,3658959723,1576555,1576662,107,completed,-9
RoundRobin,8052,3037662008,1576655,1576779,124,completed,-29
RoundRobin,8053,3658959723,1576755,1576861,106,completed,-9
RoundRobin,8054,3037662008,1576855,1577174,319,completed,-29
RoundRobin,8056,3037662008,1577157,1577284,127,completed,-29
RoundRobin,8055,3658959723,1577057,1577338,281,completed,-9
RoundRobin,8057,3658959723,1577257,1577447,190,completed,-9
RoundRobin,8058,3037662008,1577357,1577480,123,completed,-29
RoundRobin,8059,3658959723,1577457,1577564,107,completed,-9
RoundRobin,8060,3037662008,1577557,1577680,123,completed,-29
RoundRobin,8061,3658959723,1577657,1577763,106,completed,-9
RoundRobin,8062,3037662008,1577757,1577882,125,completed,-29
RoundRobin,8064,3037662008,1578058,1578184,126,completed,-29
RoundRobin,8063,3658959723,1577857,1578165,308,completed,-9
RoundRobin,8065,3658959723,1578158,1578279,121,completed,-9
RoundRobin,8066,3037662008,1578258,1578383,125,completed,-29
RoundRobin,8067,3658959723,1578358,1578463,105,completed,-9
RoundRobin,8068,3037662008,1578458,1578582,124,completed,-29
RoundRobin,8069,3658959723,1578558,1578665,107,completed,-10
RoundRobin,8070,3037662008,1578658,1578782,124,completed,-30
RoundRobin,8071,3658959723,1578758,1578864,106,completed,-10
RoundRobin,8072,3037662008,1578858,1579176,318,completed,-30
RoundRobin,8073,3658959723,1579059,1579167,108,completed,-10
RoundRobin,8074,3037662008,1579159,1579286,127,completed,-30
RoundRobin,8075,3658959723,1579259,1579364,105,completed,-10
RoundRobin,8076,3037662008,1579359,1579482,123,completed,-30
RoundRobin,8077,3658959723,1579459,1579566,107,completed,-10
RoundRobin,8078,3037662008,1579559,1579683,124,completed,-30
RoundRobin,8079,3658959723,1579659,1579765,106,completed,-10
RoundRobin,8080,3037662008,1579759,1579883,124,completed,-30
RoundRobin,8082,3037662008,1580062,1580187,125,completed,-30
RoundRobin,8081,3658959723,1579859,1580165,306,completed,-10
RoundRobin,8083,3658959723,1582274,1582579,305,completed,-10
RoundRobin,8085,3658959723,1582586,1582694,108,completed,-10
RoundRobin,8087,3658959723,1582786,1582891,105,completed,-10
RoundRobin,8084,3037662008,1582481,1582985,504,completed,-29
RoundRobin,8086,3037662008,1582686,1583094,408,completed,-29
RoundRobin,8089,3658959723,1582986,1583092,106,completed,-10
RoundRobin,8088,3037662008,1582886,1583196,310,completed,-29
RoundRobin,8090,3037662008,1583086,1583299,213,completed,-29
RoundRobin,8091,3658959723,1583186,1583292,106,completed,-10
RoundRobin,8092,3037662008,1583480,1583604,124,completed,-29
RoundRobin,8093,3658959723,1583580,1583686,106,completed,-10
RoundRobin,8094,3037662008,1583680,1583804,124,completed,-29
RoundRobin,8095,3658959723,1583780,1583887,107,completed,-10
RoundRobin,8096,3037662008,1583880,1584004,124,completed,-29
RoundRobin,8097,3658959723,1583980,1584092,112,completed,-10
RoundRobin,8098,3037662008,1584080,1584204,124,completed,-29
RoundRobin,8099,3658959723,1584180,1584286,106,completed,-10
RoundRobin,8100,3037662008,1584280,1584599,319,completed,-31
RoundRobin,8102,3037662008,1584583,1584708,125,completed,-31
RoundRobin,8101,3658959723,1584483,1584780,297,completed,-11
RoundRobin,8103,3658959723,1584683,1584892,209,completed,-11
RoundRobin,8104,3037662008,1584783,1584909,126,completed,-31
RoundRobin,8105,3658959723,1584884,1585027,143,completed,-11
RoundRobin,8106,3037662008,1584984,1585108,124,completed,-31
RoundRobin,8107,3658959723,1585084,1585191,107,completed,-11
RoundRobin,8108,3037662008,1585184,1585310,126,completed,-31
RoundRobin,8109,3658959723,1585480,1585588,108,completed,-11
RoundRobin,8110,3037662008,1585580,1585704,124,completed,-31
RoundRobin,8111,3658959723,1585680,1585786,106,completed,-11
RoundRobin,8112,3037662008,1585780,1585928,148,completed,-31
RoundRobin,8113,3658959723,1585880,1585986,106,completed,-11
RoundRobin,8114,3037662008,1585980,1586105,125,completed,-31
RoundRobin,8115,3658959723,1586080,1586186,106,completed,-11
RoundRobin,8116,3037662008,1586180,1586305,125,completed,-31
RoundRobin,8117,3658959723,1586281,1586388,107,completed,-11
RoundRobin,8118,3037662008,1586488,1586615,127,completed,-31
RoundRobin,8119,3658959723,1586588,1586696,108,completed,-10
RoundRobin,8120,3037662008,1586688,1586812,124,completed,-31
RoundRobin,8121,3658959723,1586788,1586894,106,completed,-10
RoundRobin,8122,3037662008,1586888,1587013,125,completed,-31
RoundRobin,8123,3658959723,1586988,1587094,106,completed,-10
RoundRobin,8124,3037662008,1587088,1587219,131,completed,-31
RoundRobin,8125,3658959723,1587188,1587296,108,completed,-10
RoundRobin,8126,3037662008,1587483,1587610,127,completed,-31
RoundRobin,8127,3658959723,1587583,1587693,110,completed,-10
RoundRobin,8128,3037662008,1587683,1587808,125,completed,-31
RoundRobin,8129,3658959723,1587783,1587889,106,completed,-10
RoundRobin,8130,3037662008,1587883,1588006,123,completed,-31
RoundRobin,8131,3658959723,1587983,1588089,106,completed,-10
RoundRobin,8132,3037662008,1588083,1588207,124,completed,-31
RoundRobin,8133,3658959723,1588183,1588289,106,completed,-10
RoundRobin,8134,3037662008,1588283,1588604,321,completed,-30
RoundRobin,8135,3658959723,1588487,1588593,106,completed,-10
RoundRobin,8136,3037662008,1588587,1588713,126,completed,-30
RoundRobin,8137,3658959723,1588687,1588794,107,completed,-10
RoundRobin,8138,3037662008,1588788,1588912,124,completed,-30
RoundRobin,8139,3658959723,1588888,1588994,106,completed,-10
RoundRobin,8140,3037662008,1588988,1589119,131,completed,-30
RoundRobin,8141,3658959723,1589088,1589194,106,completed,-10
RoundRobin,8142,3037662008,1589188,1589312,124,completed,-30
RoundRobin,8143,3658959723,1589288,1589597,309,completed,-10
RoundRobin,8144,3037662008,1589489,1589616,127,completed,-30
RoundRobin,8145,3658959723,1589589,1589700,111,completed,-10
RoundRobin,8146,3037662008,1589689,1589813,124,completed,-30
RoundRobin,8147,3658959723,1589789,1589897,108,completed,-10
RoundRobin,8148,3037662008,1589889,1590013,124,completed,-30
RoundRobin,8149,3658959723,1589989,1590095,106,completed,-10
RoundRobin,8150,3037662008,1590089,1590213,124,completed,-30
RoundRobin,8151,3658959723,1590189,1590295,106,completed,-10
RoundRobin,8152,3037662008,1590289,1590608,319,completed,-29
RoundRobin,8153,3658959723,1590491,1590598,107,completed,-12
RoundRobin,8154,3037662008,1590591,1590717,126,completed,-29
RoundRobin,8155,3658959723,1590691,1590798,107,completed,-12
RoundRobin,8156,3037662008,1590799,1590960,161,completed,-29
RoundRobin,8157,3658959723,1590899,1591005,106,completed,-12
RoundRobin,8158,3037662008,1590999,1591123,124,completed,-29
RoundRobin,8159,3658959723,1591099,1591205,106,completed,-12
RoundRobin,8160,3037662008,1591199,1591323,124,completed,-29
RoundRobin,8161,3658959723,1591490,1591599,109,completed,-12
RoundRobin,8162,3037662008,1591590,1591715,125,completed,-29
RoundRobin,8163,3658959723,1591690,1591796,106,completed,-12
RoundRobin,8164,3037662008,1591790,1591914,124,completed,-29
RoundRobin,8165,3658959723,1591890,1591996,106,completed,-12
RoundRobin,8166,3037662008,1591990,1592114,124,completed,-29
RoundRobin,8167,3658959723,1592090,1592196,106,completed,-12
RoundRobin,8168,3037662008,1592190,1592314,124,completed,-29
RoundRobin,8170,3037662008,1592493,1592707,214,completed,-27
RoundRobin,8172,3037662008,1592694,1592818,124,completed,-27
RoundRobin,8174,3037662008,1592894,1593018,124,completed,-27
RoundRobin,8176,3037662008,1593094,1593218,124,completed,-27
RoundRobin,8169,3658959723,1592290,1592395,105,completed,-12
RoundRobin,8178,3037662008,1593294,1593613,319,completed,-27
RoundRobin,8171,3658959723,1592593,1593639,1046,completed,-11
RoundRobin,8180,3037662008,1593589,1593722,133,completed,-27
RoundRobin,8173,3658959723,1592794,1593742,948,completed,-11
RoundRobin,8175,3658959723,1592994,1593845,851,completed,-11
RoundRobin,8182,3037662008,1593789,1593914,125,completed,-27
RoundRobin,8177,3658959723,1593194,1593948,754,completed,-11
RoundRobin,8179,3658959723,1593489,1594051,562,completed,-11
RoundRobin,8184,3037662008,1593989,1594113,124,completed,-27
RoundRobin,8181,3658959723,1593689,1594154,465,completed,-11
RoundRobin,8183,3658959723,1593889,1594257,368,completed,-11
RoundRobin,8186,3037662008,1594189,1594313,124,completed,-27
RoundRobin,8185,3658959723,1594089,1594360,271,completed,-11
RoundRobin,8187,3658959723,1594289,1594463,174,completed,-11
RoundRobin,8188,3037662008,1594496,1594627,131,completed,-31
RoundRobin,8189,3658959723,1594596,1594703,107,completed,-10
RoundRobin,8190,3037662008,1594696,1594822,126,completed,-31
RoundRobin,8191,3658959723,1594796,1594903,107,completed,-10
RoundRobin,8192,3037662008,1594896,1595020,124,completed,-31
RoundRobin,8193,3658959723,1594996,1595102,106,completed,-10
RoundRobin,8194,3037662008,1595096,1595220,124,completed,-31
RoundRobin,8195,3658959723,1595196,1595303,107,completed,-10
RoundRobin,8196,3037662008,1595296,1595613,317,completed,-31
RoundRobin,8197,3658959723,1595496,1595605,109,completed,-10
RoundRobin,8198,3037662008,1595596,1595721,125,completed,-31
RoundRobin,8199,3658959723,1595696,1595802,106,completed,-10
RoundRobin,8200,3037662008,1595796,1595919,123,completed,-31
RoundRobin,8201,3658959723,1595896,1596002,106,completed,-10
RoundRobin,8202,3037662008,1595996,1596120,124,completed,-31
RoundRobin,8203,3658959723,1596096,1596202,106,completed,-10
RoundRobin,8204,3037662008,1596196,1596320,124,completed,-31
RoundRobin,8206,3037662008,1596498,1596709,211,completed,-28
RoundRobin,8208,3037662008,1596699,1596828,129,completed,-28
RoundRobin,8210,3037662008,1596899,1597024,125,completed,-28
RoundRobin,8212,3037662008,1597099,1597224,125,completed,-28
RoundRobin,8214,3037662008,1597299,1597617,318,completed,-28
RoundRobin,8205,3658959723,1596296,1596401,105,completed,-10
RoundRobin,8207,3658959723,1596598,1599806,3208,completed,-11
RoundRobin,8216,3037662008,1599703,1600025,322,completed,-28
RoundRobin,8209,3658959723,1596799,1600007,3208,completed,-11
RoundRobin,8211,3658959723,1596999,1600110,3111,completed,-11
RoundRobin,8218,3037662008,1600010,1600136,126,completed,-28
RoundRobin,8213,3658959723,1597199,1600213,3014,completed,-11
RoundRobin,8215,3658959723,1597496,1600316,2820,completed,-11
RoundRobin,8220,3037662008,1600210,1600341,131,completed,-28
RoundRobin,8217,3658959723,1599910,1600419,509,completed,-11
RoundRobin,8222,3037662008,1600410,1600534,124,completed,-28
RoundRobin,8219,3658959723,1600110,1600522,412,completed,-11
RoundRobin,8224,3037662008,1600610,1600735,125,completed,-29
RoundRobin,8221,3658959723,1600310,1600625,315,completed,-11
RoundRobin,8223,3658959723,1600510,1600726,216,completed,-11
RoundRobin,8225,3658959723,1600913,1601021,108,completed,-11
RoundRobin,8226,3037662008,1601013,1601136,123,completed,-29
RoundRobin,8227,3658959723,1601113,1601221,108,completed,-11
RoundRobin,8228,3037662008,1601213,1601337,124,completed,-29
RoundRobin,8229,3658959723,1601313,1601419,106,completed,-11
RoundRobin,8230,3037662008,1601413,1601537,124,completed,-29
RoundRobin,8231,3658959723,1601513,1601619,106,completed,-11
RoundRobin,8232,3037662008,1601613,1601737,124,completed,-29
RoundRobin,8233,3658959723,1601916,1602037,121,completed,-11
RoundRobin,8234,3037662008,1602016,1602140,124,completed,-29
RoundRobin,8235,3658959723,1602116,1602222,106,completed,-11
RoundRobin,8236,3037662008,1602216,1602340,124,completed,-29
RoundRobin,8237,3658959723,1602316,1602422,106,completed,-11
RoundRobin,8238,3037662008,1602416,1602540,124,completed,-29
RoundRobin,8239,3658959723,1602516,1602622,106,completed,-10
RoundRobin,8240,3037662008,1602616,1602741,125,completed,-29
RoundRobin,8241,3658959723,1602917,1603025,108,completed,-10
RoundRobin,8242,3037662008,1603017,1603142,125,completed,-29
RoundRobin,8243,3658959723,1603117,1603223,106,completed,-10
RoundRobin,8244,3037662008,1603217,1603341,124,completed,-29
RoundRobin,8245,3658959723,1603317,1603423,106,completed,-10
RoundRobin,8246,3037662008,1603417,1603541,124,completed,-29
RoundRobin,8247,3658959723,1603517,1603623,106,completed,-10
RoundRobin,8248,3037662008,1603617,1603742,125,completed,-29
RoundRobin,8249,3658959723,1603918,1604025,107,completed,-10
RoundRobin,8250,3037662008,1604018,1604203,185,completed,-29
RoundRobin,8251,3658959723,1604118,1604224,106,completed,-10
RoundRobin,8252,3037662008,1604218,1604342,124,completed,-29
RoundRobin,8253,3658959723,1604318,1604424,106,completed,-10
RoundRobin,8254,3037662008,1604418,1604542,124,completed,-29
RoundRobin,8255,3658959723,1604518,1604624,106,completed,-11
RoundRobin,8256,3037662008,1604618,1604744,126,completed,-30
RoundRobin,8257,3658959723,1604919,1605028,109,completed,-11
RoundRobin,8258,3037662008,1605019,1605143,124,completed,-30
RoundRobin,8259,3658959723,1605119,1605225,106,completed,-11
RoundRobin,8260,3037662008,1605219,1605344,125,completed,-30
RoundRobin,8261,3658959723,1605319,1605425,106,completed,-11
RoundRobin,8262,3037662008,1605419,1605543,124,completed,-30
RoundRobin,8263,3658959723,1605519,1605625,106,completed,-11
RoundRobin,SUMMARY,ALL,0,0,120000,batch_complete,0
----------------,---,---,---,---,---,----------------,---
RoundRobin,8264,3037662008,1605619,1605743,124,completed,-30
RoundRobin,8265,3658959723,1642485,1642592,107,completed,-9
RoundRobin,8266,3037662008,1642585,1642710,125,completed,-30
RoundRobin,8267,3658959723,1642685,1642791,106,completed,-9
RoundRobin,8268,3037662008,1642786,1642912,126,completed,-30
RoundRobin,8269,3658959723,1642886,1642992,106,completed,-9
RoundRobin,8270,3037662008,1642986,1643110,124,completed,-30
RoundRobin,8271,3658959723,1643086,1643192,106,completed,-9
RoundRobin,8273,3658959723,1643458,1643565,107,completed,-9
RoundRobin,8275,3658959723,1643658,1643764,106,completed,-9
RoundRobin,8277,3658959723,1643858,1643965,107,completed,-9
RoundRobin,8279,3658959723,1644058,1644164,106,completed,-9
RoundRobin,8281,3658959723,1644359,1644467,108,completed,-9
RoundRobin,8272,3037662008,1643358,1644486,1128,completed,-30
RoundRobin,8274,3037662008,1643558,1644589,1031,completed,-30
RoundRobin,8276,3037662008,1643758,1644692,934,completed,-31
RoundRobin,8283,3658959723,1644559,1644666,107,completed,-10
RoundRobin,8278,3037662008,1643958,1644795,837,completed,-31
RoundRobin,8285,3658959723,1644768,1644875,107,completed,-10
RoundRobin,8280,3037662008,1644158,1644897,739,completed,-31
RoundRobin,8287,3658959723,1644968,1645109,141,completed,-10
RoundRobin,8282,3037662008,1644459,1644999,540,completed,-31
RoundRobin,8284,3037662008,1644659,1645100,441,completed,-31
RoundRobin,8286,3037662008,1644868,1645202,334,completed,-31
RoundRobin,8288,3037662008,1645068,1645304,236,completed,-31
RoundRobin,8289,3658959723,1645354,1645461,107,completed,-10
RoundRobin,8290,3037662008,1645454,1645580,126,completed,-31
RoundRobin,8291,3658959723,1645554,1645660,106,completed,-10
RoundRobin,8292,3037662008,1645654,1645779,125,completed,-31
RoundRobin,8293,3658959723,1645754,1645860,106,completed,-10
RoundRobin,8294,3037662008,1645854,1645979,125,completed,-31
RoundRobin,8295,3658959723,1645954,1646067,113,completed,-10
RoundRobin,8296,3037662008,1646054,1646178,124,completed,-31
RoundRobin,8298,3037662008,1646361,1646489,128,completed,-31
RoundRobin,8300,3037662008,1646561,1646686,125,completed,-33
RoundRobin,8302,3037662008,1646761,1646885,124,completed,-33
RoundRobin,8304,3037662008,1646961,1647085,124,completed,-33
RoundRobin,8297,3658959723,1646154,1646260,106,completed,-10
RoundRobin,8299,3658959723,1646461,1647463,1002,completed,-10
RoundRobin,8306,3037662008,1647161,1647500,339,completed,-33
RoundRobin,8301,3658959723,1646661,1647566,905,completed,-10
RoundRobin,8308,3037662008,1647464,1647610,146,completed,-33
RoundRobin,8303,3658959723,1646861,1647669,808,completed,-10
RoundRobin,8310,3037662008,1647664,1647789,125,completed,-33
RoundRobin,8305,3658959723,1647061,1647772,711,completed,-10
RoundRobin,8307,3658959723,1647364,1647875,511,completed,-10
RoundRobin,8309,3658959723,1647564,1647978,414,completed,-10
RoundRobin,8312,3037662008,1647864,1647998,134,completed,-33
RoundRobin,8314,3037662008,1648064,1648188,124,completed,-33
RoundRobin,8311,3658959723,1647764,1648081,317,completed,-10
RoundRobin,8313,3658959723,1647964,1648183,219,completed,-10
RoundRobin,8315,3658959723,1648164,1648476,312,completed,-10
RoundRobin,8316,3037662008,1648369,1648497,128,completed,-33
RoundRobin,8317,3658959723,1648469,1648579,110,completed,-10
RoundRobin,8318,3037662008,1648569,1648707,138,completed,-31
RoundRobin,8319,3658959723,1648669,1648775,106,completed,-9
RoundRobin,8320,3037662008,1648769,1648895,126,completed,-31
RoundRobin,8321,3658959723,1648869,1648975,106,completed,-9
RoundRobin,8322,3037662008,1648969,1649093,124,completed,-31
RoundRobin,8323,3658959723,1649069,1649176,107,completed,-9
RoundRobin,8324,3037662008,1649364,1649491,127,completed,-31
RoundRobin,8325,3658959723,1649464,1649570,106,completed,-9
RoundRobin,8326,3037662008,1649564,1649689,125,completed,-31
RoundRobin,8327,3658959723,1649664,1649770,106,completed,-9
RoundRobin,8328,3037662008,1649764,1649888,124,completed,-31
RoundRobin,8329,3658959723,1649864,1649970,106,completed,-9
RoundRobin,8330,3037662008,1649964,1650089,125,completed,-31
RoundRobin,8332,3037662008,1650164,1650288,124,completed,-31
RoundRobin,8331,3658959723,1650064,1650171,107,completed,-9
RoundRobin,8333,3658959723,1650371,1650485,114,completed,-9
RoundRobin,8334,3037662008,1650471,1650596,125,completed,-31
RoundRobin,8335,3658959723,1650571,1650677,106,completed,-11
RoundRobin,8336,3037662008,1650671,1650796,125,completed,-33
RoundRobin,8337,3658959723,1650775,1650883,108,completed,-11
RoundRobin,8338,3037662008,1650875,1651000,125,completed,-33
RoundRobin,8339,3658959723,1650975,1651081,106,completed,-11
RoundRobin,8340,3037662008,1651075,1651199,124,completed,-33
RoundRobin,8341,3658959723,1651366,1651475,109,completed,-11
RoundRobin,8342,3037662008,1651466,1651590,124,completed,-33
RoundRobin,8343,3658959723,1651566,1651672,106,completed,-11
RoundRobin,8344,3037662008,1651666,1651791,125,completed,-33
RoundRobin,8345,3658959723,1651766,1651874,108,completed,-11
RoundRobin,8346,3037662008,1651866,1651991,125,completed,-33
RoundRobin,8347,3658959723,1651966,1652072,106,completed,-11
RoundRobin,8348,3037662008,1652066,1652191,125,completed,-33
RoundRobin,8349,3658959723,1652166,1652273,107,completed,-11
RoundRobin,8350,3037662008,1652371,1652496,125,completed,-33
RoundRobin,8351,3658959723,1652471,1652578,107,completed,-11
RoundRobin,8352,3037662008,1652571,1652696,125,completed,-33
RoundRobin,8353,3658959723,1652671,1652777,106,completed,-11
RoundRobin,8354,3037662008,1652778,1652906,128,completed,-33
RoundRobin,8355,3658959723,1652878,1652985,107,completed,-11
RoundRobin,8356,3037662008,1652978,1653102,124,completed,-33
RoundRobin,8357,3658959723,1653078,1653185,107,completed,-11
RoundRobin,8358,3037662008,1653369,1653496,127,completed,-33
RoundRobin,8360,3037662008,1653569,1653694,125,completed,-33
RoundRobin,8359,3658959723,1653469,1653708,239,completed,-11
RoundRobin,8361,3658959723,1653669,1653817,148,completed,-11
RoundRobin,8362,3037662008,1653769,1653895,126,completed,-33
RoundRobin,8363,3658959723,1653869,1653977,108,completed,-11
RoundRobin,8364,3037662008,1653969,1654094,125,completed,-33
RoundRobin,8366,3037662008,1654169,1654293,124,completed,-33
RoundRobin,8365,3658959723,1654069,1654175,106,completed,-11
RoundRobin,8367,3658959723,1654374,1654487,113,completed,-11
RoundRobin,8368,3037662008,1654474,1654598,124,completed,-33
RoundRobin,8369,3658959723,1654574,1654702,128,completed,-11
RoundRobin,8370,3037662008,1654674,1654798,124,completed,-34
RoundRobin,8371,3658959723,1654778,1654886,108,completed,-11
RoundRobin,8372,3037662008,1654878,1655019,141,completed,-34
RoundRobin,8373,3658959723,1654978,1655085,107,completed,-11
RoundRobin,8374,3037662008,1655078,1655203,125,completed,-34
RoundRobin,8375,3658959723,1655372,1655509,137,completed,-11
RoundRobin,8377,3658959723,1655572,1655679,107,completed,-11
RoundRobin,8376,3037662008,1655472,1655706,234,completed,-34
RoundRobin,8378,3037662008,1655672,1655816,144,completed,-34
RoundRobin,8379,3658959723,1655772,1655878,106,completed,-11
RoundRobin,8380,3037662008,1655872,1655998,126,completed,-34
RoundRobin,8381,3658959723,1655972,1656079,107,completed,-11
RoundRobin,8382,3037662008,1656072,1656197,125,completed,-34
RoundRobin,8384,3037662008,1656372,1656498,126,completed,-34
RoundRobin,8383,3658959723,1656172,1656479,307,completed,-11
RoundRobin,8385,3658959723,1656472,1656582,110,completed,-11
RoundRobin,8386,3037662008,1656572,1656696,124,completed,-33
RoundRobin,8387,3658959723,1656672,1656780,108,completed,-12
RoundRobin,8388,3037662008,1656772,1656897,125,completed,-33
RoundRobin,8389,3658959723,1656872,1656979,107,completed,-12
RoundRobin,8390,3037662008,1656972,1657097,125,completed,-33
RoundRobin,8391,3658959723,1657072,1657180,108,completed,-12
RoundRobin,8393,3658959723,1657372,1657479,107,completed,-12
RoundRobin,8392,3037662008,1657172,1657524,352,completed,-33
RoundRobin,8394,3037662008,1657472,1657633,161,completed,-33
RoundRobin,8395,3658959723,1657572,1657678,106,completed,-12
RoundRobin,8396,3037662008,1657672,1657797,125,completed,-33
RoundRobin,8397,3658959723,1657776,1657883,107,completed,-12
RoundRobin,8398,3037662008,1657876,1658001,125,completed,-33
RoundRobin,8399,3658959723,1657976,1658082,106,completed,-12
RoundRobin,8400,3037662008,1658076,1658201,125,completed,-33
RoundRobin,8401,3658959723,1658176,1658481,305,completed,-12
RoundRobin,8402,3037662008,1658378,1658503,125,completed,-33
RoundRobin,8403,3658959723,1658478,1658589,111,completed,-12
RoundRobin,8404,3037662008,1658578,1658702,124,completed,-34
RoundRobin,8405,3658959723,1658678,1658784,106,completed,-11
RoundRobin,8406,3037662008,1658778,1658925,147,completed,-34
RoundRobin,8407,3658959723,1658878,1658984,106,completed,-11
RoundRobin,8408,3037662008,1658978,1659104,126,completed,-34
RoundRobin,8409,3658959723,1659078,1659185,107,completed,-11
RoundRobin,8410,3037662008,1659178,1659496,318,completed,-34
RoundRobin,8411,3658959723,1659379,1659488,109,completed,-11
RoundRobin,8412,3037662008,1659479,1659604,125,completed,-34
RoundRobin,8413,3658959723,1659579,1659685,106,completed,-11
RoundRobin,8414,3037662008,1659679,1659804,125,completed,-34
RoundRobin,8415,3658959723,1659779,1659885,106,completed,-11
RoundRobin,8416,3037662008,1659879,1660005,126,completed,-34
RoundRobin,8417,3658959723,1659979,1660086,107,completed,-11
RoundRobin,8418,3037662008,1660079,1660204,125,completed,-34
RoundRobin,8419,3658959723,1660179,1660285,106,completed,-11
RoundRobin,8420,3037662008,1660382,1660511,129,completed,-34
RoundRobin,8421,3658959723,1660482,1660588,106,completed,-11
RoundRobin,8422,3037662008,1660582,1660706,124,completed,-31
RoundRobin,8423,3658959723,1660682,1660788,106,completed,-10
RoundRobin,8424,3037662008,1660792,1660919,127,completed,-31
RoundRobin,8425,3658959723,1660892,1660998,106,completed,-10
RoundRobin,8426,3037662008,1660992,1661117,125,completed,-31
RoundRobin,8427,3658959723,1661092,1661199,107,completed,-10
RoundRobin,8428,3037662008,1661380,1661507,127,completed,-31
RoundRobin,8429,3658959723,1661480,1661586,106,completed,-10
RoundRobin,8430,3037662008,1661580,1661704,124,completed,-31
RoundRobin,8431,3658959723,1661680,1661786,106,completed,-10
RoundRobin,8432,3037662008,1661780,1661905,125,completed,-31
RoundRobin,8433,3658959723,1661880,1661986,106,completed,-10
RoundRobin,8434,3037662008,1661980,1662105,125,completed,-31
RoundRobin,8436,3037662008,1662180,1662305,125,completed,-31
RoundRobin,8435,3658959723,1662080,1662187,107,completed,-10
RoundRobin,8437,3658959723,1662384,1662494,110,completed,-10
RoundRobin,8438,3037662008,1662484,1662609,125,completed,-31
RoundRobin,8439,3658959723,1662584,1662690,106,completed,-9
RoundRobin,8440,3037662008,1662684,1662808,124,completed,-32
RoundRobin,8441,3658959723,1662786,1662892,106,completed,-9
RoundRobin,8442,3037662008,1662886,1663011,125,completed,-32
RoundRobin,8443,3658959723,1662986,1663092,106,completed,-9
RoundRobin,8444,3037662008,1663086,1663212,126,completed,-32
RoundRobin,8445,3658959723,1663384,1663491,107,completed,-9
RoundRobin,8446,3037662008,1663484,1663608,124,completed,-32
RoundRobin,8447,3658959723,1663584,1663690,106,completed,-9
RoundRobin,8448,3037662008,1663684,1663808,124,completed,-32
RoundRobin,8449,3658959723,1663784,1663890,106,completed,-9
RoundRobin,8450,3037662008,1663884,1664013,129,completed,-32
RoundRobin,8451,3658959723,1663984,1664090,106,completed,-9
RoundRobin,8452,3037662008,1664084,1664210,126,completed,-32
RoundRobin,8454,3037662008,1664385,1664510,125,completed,-32
RoundRobin,8453,3658959723,1664184,1664490,306,completed,-9
RoundRobin,8455,3658959723,1664485,1664605,120,completed,-9
RoundRobin,8456,3037662008,1664585,1664710,125,completed,-34
RoundRobin,8457,3658959723,1664685,1664792,107,completed,-10
RoundRobin,8458,3037662008,1664786,1664912,126,completed,-34
RoundRobin,8459,3658959723,1664886,1664995,109,completed,-10
RoundRobin,8460,3037662008,1664986,1665110,124,completed,-34
RoundRobin,8461,3658959723,1665086,1665192,106,completed,-10
RoundRobin,8462,3037662008,1665186,1665504,318,completed,-34
RoundRobin,8463,3658959723,1665386,1665495,109,completed,-10
RoundRobin,8464,3037662008,1665486,1665613,127,completed,-34
RoundRobin,8465,3658959723,1665586,1665693,107,completed,-10
RoundRobin,8466,3037662008,1665686,1665810,124,completed,-34
RoundRobin,8467,3658959723,1665786,1665907,121,completed,-10
RoundRobin,8468,3037662008,1665886,1666011,125,completed,-34
RoundRobin,8469,3658959723,1665986,1666092,106,completed,-10
RoundRobin,8470,3037662008,1666086,1666212,126,completed,-34
RoundRobin,8471,3658959723,1666186,1666293,107,completed,-10
RoundRobin,8472,3037662008,1666389,1666519,130,completed,-34
RoundRobin,8473,3658959723,1666489,1666595,106,completed,-10
RoundRobin,8474,3037662008,1666589,1666714,125,completed,-30
RoundRobin,8475,3658959723,1666689,1666797,108,completed,-10
RoundRobin,8476,3037662008,1666789,1666914,125,completed,-30
RoundRobin,8477,3658959723,1666889,1666995,106,completed,-10
RoundRobin,8478,3037662008,1666989,1667113,124,completed,-30
RoundRobin,8479,3658959723,1667089,1667195,106,completed,-10
RoundRobin,8480,3037662008,1667189,1667507,318,completed,-30
RoundRobin,8481,3658959723,1667391,1667499,108,completed,-10
RoundRobin,8482,3037662008,1667491,1667617,126,completed,-30
RoundRobin,8483,3658959723,1667591,1667697,106,completed,-10
RoundRobin,8484,3037662008,1667691,1667815,124,completed,-30
RoundRobin,8485,3658959723,1667791,1667898,107,completed,-10
RoundRobin,8486,3037662008,1667891,1668016,125,completed,-30
RoundRobin,8487,3658959723,1667991,1668097,106,completed,-10
RoundRobin,8488,3037662008,1668091,1668217,126,completed,-30
RoundRobin,8490,3037662008,1668391,1668517,126,completed,-30
RoundRobin,8489,3658959723,1668191,1668501,310,completed,-10
RoundRobin,8491,3658959723,1668491,1668604,113,completed,-10
RoundRobin,8492,3037662008,1668591,1668716,125,completed,-32
RoundRobin,8493,3658959723,1668691,1668798,107,completed,-9
RoundRobin,8494,3037662008,1668791,1668916,125,completed,-32
RoundRobin,8495,3658959723,1668891,1668999,108,completed,-9
RoundRobin,8496,3037662008,1668991,1669116,125,completed,-32
RoundRobin,8498,3037662008,1669191,1669315,124,completed,-32
RoundRobin,8497,3658959723,1669091,1669198,107,completed,-9
RoundRobin,8499,3658959723,1669396,1669509,113,completed,-9
RoundRobin,8500,3037662008,1669496,1669621,125,completed,-32
RoundRobin,8501,3658959723,1669596,1669703,107,completed,-9
RoundRobin,8502,3037662008,1669696,1669820,124,completed,-32
RoundRobin,8503,3658959723,1669796,1669903,107,completed,-9
RoundRobin,8504,3037662008,1669896,1670021,125,completed,-32
RoundRobin,8505,3658959723,1669996,1670102,106,completed,-9
RoundRobin,8506,3037662008,1670096,1670222,126,completed,-32
RoundRobin,8507,3658959723,1670392,1670501,109,completed,-9
RoundRobin,8508,3037662008,1670492,1670616,124,completed,-32
RoundRobin,8509,3658959723,1670592,1670698,106,completed,-10
RoundRobin,8510,3037662008,1670692,1670819,127,completed,-34
RoundRobin,8511,3658959723,1670792,1670916,124,completed,-10
RoundRobin,8512,3037662008,1670892,1671017,125,completed,-34
RoundRobin,8513,3658959723,1670992,1671098,106,completed,-10
RoundRobin,8514,3037662008,1671092,1671218,126,completed,-34
RoundRobin,8516,3037662008,1671393,1671521,128,completed,-34
RoundRobin,8515,3658959723,1671192,1671508,316,completed,-10
RoundRobin,8517,3658959723,1671493,1671611,118,completed,-10
RoundRobin,8518,3037662008,1671593,1671718,125,completed,-34
RoundRobin,8519,3658959723,1671693,1671799,106,completed,-10
RoundRobin,8520,3037662008,1671793,1671917,124,completed,-34
RoundRobin,8521,3658959723,1671893,1671999,106,completed,-10
RoundRobin,8522,3037662008,1671993,1672118,125,completed,-34
RoundRobin,8524,3037662008,1672193,1672318,125,completed,-34
RoundRobin,8523,3658959723,1672093,1672199,106,completed,-10
RoundRobin,8525,3658959723,1672398,1672508,110,completed,-10
RoundRobin,8526,3037662008,1672498,1672622,124,completed,-34
RoundRobin,8527,3658959723,1672598,1672704,106,completed,-11
RoundRobin,8528,3037662008,1672698,1672830,132,completed,-34
RoundRobin,8529,3658959723,1672802,1672910,108,completed,-11
RoundRobin,8530,3037662008,1672902,1673027,125,completed,-34
RoundRobin,8531,3658959723,1673002,1673108,106,completed,-11
RoundRobin,8532,3037662008,1673102,1673227,125,completed,-34
RoundRobin,8533,3658959723,1673397,1673506,109,completed,-11
RoundRobin,8534,3037662008,1673497,1673622,125,completed,-34
RoundRobin,8535,3658959723,1673597,1673712,115,completed,-11
RoundRobin,8536,3658959723,1673697,1673820,123,completed,-11
RoundRobin,8537,3658959723,1673797,1673923,126,completed,-11
RoundRobin,8538,3658959723,1673897,1674025,128,completed,-11
RoundRobin,8539,3658959723,1673997,1674128,131,completed,-11
RoundRobin,8540,3658959723,1674097,1674231,134,completed,-11
RoundRobin,8541,3658959723,1674197,1674522,325,completed,-11
RoundRobin,8542,3658959723,1674394,1674659,265,completed,-12
RoundRobin,8543,3658959723,1674494,1674761,267,completed,-12
RoundRobin,8544,3658959723,1674594,1674864,270,completed,-12
RoundRobin,8545,3658959723,1674694,1674966,272,completed,-12
RoundRobin,8546,3658959723,1674795,1675069,274,completed,-12
RoundRobin,8547,3658959723,1674895,1675172,277,completed,-12
RoundRobin,8548,3658959723,1674995,1675274,279,completed,-12
RoundRobin,8549,3658959723,1675095,1675377,282,completed,-12
RoundRobin,8550,3658959723,1675195,1675479,284,completed,-12
RoundRobin,8551,3658959723,1675398,1675581,183,completed,-12
RoundRobin,8552,3658959723,1675498,1675683,185,completed,-12
RoundRobin,8553,3658959723,1675598,1675786,188,completed,-12
RoundRobin,8554,3658959723,1675698,1675889,191,completed,-12
RoundRobin,8555,3658959723,1675798,1675992,194,completed,-12
RoundRobin,8556,3658959723,1675898,1676095,197,completed,-12
RoundRobin,8557,3658959723,1676000,1676198,198,completed,-12
RoundRobin,8558,3658959723,1676104,1676301,197,completed,-12
RoundRobin,8559,3658959723,1676398,1676509,111,completed,-12
RoundRobin,8560,3658959723,1676498,1676612,114,completed,-12
RoundRobin,8561,3658959723,1676598,1676714,116,completed,-9
RoundRobin,8562,3658959723,1676698,1676816,118,completed,-9
RoundRobin,8563,3658959723,1676798,1676919,121,completed,-9
RoundRobin,8564,3658959723,1676898,1677021,123,completed,-9
RoundRobin,8565,3658959723,1676998,1677124,126,completed,-9
RoundRobin,8566,3658959723,1677098,1677227,129,completed,-9
RoundRobin,8567,3658959723,1677198,1677501,303,completed,-9
RoundRobin,8568,3658959723,1677401,1677604,203,completed,-9
RoundRobin,8569,3658959723,1677501,1677707,206,completed,-9
RoundRobin,8570,3658959723,1677601,1677810,209,completed,-9
RoundRobin,8571,3658959723,1677701,1677912,211,completed,-9
RoundRobin,8572,3658959723,1677801,1678015,214,completed,-9
RoundRobin,8573,3658959723,1677901,1678118,217,completed,-9
RoundRobin,8574,3658959723,1678001,1678221,220,completed,-9
RoundRobin,8575,3658959723,1678101,1678324,223,completed,-9
RoundRobin,8576,3658959723,1678201,1678503,302,completed,-9
RoundRobin,8577,3658959723,1678404,1678606,202,completed,-9
RoundRobin,8578,3658959723,1678504,1678710,206,completed,-12
RoundRobin,8579,3658959723,1678604,1678813,209,completed,-12
RoundRobin,8580,3658959723,1678704,1678916,212,completed,-12
RoundRobin,8581,3658959723,1678804,1679019,215,completed,-12
RoundRobin,8582,3658959723,1678904,1679122,218,completed,-12
RoundRobin,8583,3658959723,1679004,1679225,221,completed,-12
RoundRobin,8584,3658959723,1679104,1679328,224,completed,-12
RoundRobin,8585,3658959723,1679204,1679506,302,completed,-12
RoundRobin,8586,3658959723,1679406,1679609,203,completed,-12
RoundRobin,8587,3658959723,1679506,1679711,205,completed,-12
RoundRobin,8588,3658959723,1679606,1679814,208,completed,-12
RoundRobin,8589,3658959723,1679706,1679917,211,completed,-12
RoundRobin,8590,3658959723,1679807,1680020,213,completed,-12
RoundRobin,8591,3658959723,1679907,1680123,216,completed,-12
RoundRobin,8592,3658959723,1680007,1680226,219,completed,-12
RoundRobin,8593,3658959723,1680107,1680329,222,completed,-12
RoundRobin,8594,3658959723,1680207,1680508,301,completed,-12
RoundRobin,8595,3658959723,1680408,1680611,203,completed,-12
RoundRobin,8596,3658959723,1680508,1680717,209,completed,-12
RoundRobin,8597,3658959723,1680608,1680818,210,completed,-12
RoundRobin,8598,3658959723,1680708,1680921,213,completed,-12
RoundRobin,8599,3658959723,1680808,1681023,215,completed,-12
RoundRobin,8600,3658959723,1680908,1681126,218,completed,-12
RoundRobin,8601,3658959723,1681008,1681229,221,completed,-12
RoundRobin,8602,3658959723,1681108,1681332,224,completed,-12
RoundRobin,8603,3658959723,1681208,1681510,302,completed,-12
RoundRobin,8604,3658959723,1681410,1681613,203,completed,-12
RoundRobin,8605,3658959723,1681510,1681719,209,completed,-12
RoundRobin,8606,3658959723,1681610,1681822,212,completed,-12
RoundRobin,8607,3658959723,1681710,1681924,214,completed,-12
RoundRobin,8608,3658959723,1681810,1682027,217,completed,-12
RoundRobin,8609,3658959723,1681910,1682130,220,completed,-12
RoundRobin,8610,3658959723,1682010,1682233,223,completed,-12
RoundRobin,8611,3658959723,1682110,1682335,225,completed,-12
RoundRobin,8612,3658959723,1682210,1682512,302,completed,-12
RoundRobin,8613,3658959723,1682406,1682685,279,completed,-11
RoundRobin,8614,3658959723,1682506,1682788,282,completed,-11
RoundRobin,8615,3658959723,1682606,1682891,285,completed,-11
RoundRobin,8616,3658959723,1682706,1682994,288,completed,-11
RoundRobin,8617,3658959723,1682806,1683097,291,completed,-11
RoundRobin,8618,3658959723,1682906,1683200,294,completed,-11
RoundRobin,8619,3658959723,1683006,1683303,297,completed,-11
RoundRobin,8620,3658959723,1683106,1683406,300,completed,-11
RoundRobin,8621,3658959723,1683207,1683508,301,completed,-11
RoundRobin,8622,3658959723,1683411,1683611,200,completed,-11
RoundRobin,8623,3658959723,1683511,1683714,203,completed,-11
RoundRobin,8624,3658959723,1683611,1683820,209,completed,-11
RoundRobin,8625,3658959723,1683711,1683922,211,completed,-11
RoundRobin,8626,3658959723,1683811,1684025,214,completed,-11
RoundRobin,8627,3658959723,1683911,1684128,217,completed,-11
RoundRobin,8628,3658959723,1684011,1684231,220,completed,-11
RoundRobin,8629,3658959723,1684111,1684334,223,completed,-11
RoundRobin,8630,3658959723,1684211,1684436,225,completed,-11
RoundRobin,8631,3658959723,1684414,1684538,124,completed,-11
RoundRobin,8632,3658959723,1684514,1684640,126,completed,-11
RoundRobin,8633,3658959723,1684614,1684741,127,completed,-11
RoundRobin,8634,3658959723,1684714,1684844,130,completed,-11
RoundRobin,8635,3658959723,1684814,1684947,133,completed,-11
RoundRobin,8636,3658959723,1684914,1685050,136,completed,-11
RoundRobin,8637,3658959723,1685014,1685153,139,completed,-11
RoundRobin,8638,3658959723,1685114,1685256,142,completed,-11
RoundRobin,8639,3658959723,1685214,1685514,300,completed,-11
RoundRobin,8640,3658959723,1685414,1685617,203,completed,-11
RoundRobin,8641,3658959723,1685514,1685720,206,completed,-11
RoundRobin,8642,3658959723,1685614,1685823,209,completed,-11
RoundRobin,8643,3658959723,1685714,1685926,212,completed,-11
RoundRobin,8644,3658959723,1685814,1686028,214,completed,-11
RoundRobin,8645,3658959723,1685914,1686130,216,completed,-11
RoundRobin,8646,3658959723,1686014,1686233,219,completed,-11
RoundRobin,8647,3658959723,1686114,1686336,222,completed,-11
RoundRobin,8648,3658959723,1686214,1686437,223,completed,-11
RoundRobin,8649,3658959723,1686417,1686540,123,completed,-11
RoundRobin,8650,3658959723,1686517,1686643,126,completed,-11
RoundRobin,8651,3658959723,1686617,1686744,127,completed,-11
RoundRobin,8652,3658959723,1686717,1686847,130,completed,-11
RoundRobin,8653,3658959723,1686817,1686950,133,completed,-11
RoundRobin,8654,3658959723,1686917,1687053,136,completed,-11
RoundRobin,8655,3658959723,1687017,1687156,139,completed,-11
RoundRobin,8656,3658959723,1687117,1687259,142,completed,-11
RoundRobin,8657,3658959723,1687217,1687519,302,completed,-11
RoundRobin,8658,3658959723,1687419,1687622,203,completed,-11
RoundRobin,8659,3658959723,1687519,1687728,209,completed,-11
RoundRobin,8660,3658959723,1687619,1687831,212,completed,-11
RoundRobin,8661,3658959723,1687719,1687934,215,completed,-11
RoundRobin,8662,3658959723,1687819,1688037,218,completed,-11
RoundRobin,8663,3658959723,1687919,1688140,221,completed,-11
RoundRobin,8664,3658959723,1688019,1688243,224,completed,-11
RoundRobin,8665,3658959723,1688119,1688346,227,completed,-11
RoundRobin,8666,3658959723,1688219,1688521,302,completed,-11
RoundRobin,8667,3658959723,1688422,1688624,202,completed,-11
RoundRobin,8668,3658959723,1688522,1688731,209,completed,-11
RoundRobin,8669,3658959723,1688622,1688834,212,completed,-11
RoundRobin,8670,3658959723,1688722,1688936,214,completed,-11
RoundRobin,8671,3658959723,1688823,1689038,215,completed,-11
RoundRobin,8672,3658959723,1688923,1689141,218,completed,-11
RoundRobin,8673,3658959723,1689023,1689244,221,completed,-11
RoundRobin,8674,3658959723,1689123,1689346,223,completed,-11
RoundRobin,8675,3658959723,1689419,1689528,109,completed,-11
RoundRobin,8676,3658959723,1689519,1689630,111,completed,-11
RoundRobin,8677,3658959723,1689619,1689733,114,completed,-11
RoundRobin,8678,3658959723,1689719,1689836,117,completed,-11
RoundRobin,8679,3658959723,1689819,1689939,120,completed,-11
RoundRobin,8680,3658959723,1689919,1690042,123,completed,-11
RoundRobin,8681,3658959723,1690019,1690144,125,completed,-11
RoundRobin,8682,3658959723,1690119,1690247,128,completed,-11
RoundRobin,8683,3658959723,1690219,1690350,131,completed,-11
RoundRobin,8684,3658959723,1690420,1690530,110,completed,-11
RoundRobin,8685,3658959723,1690520,1690635,115,completed,-11
RoundRobin,8686,3658959723,1690620,1690736,116,completed,-11
RoundRobin,8687,3658959723,1690720,1690838,118,completed,-11
RoundRobin,8688,3658959723,1690825,1690940,115,completed,-11
RoundRobin,8689,3658959723,1690925,1691042,117,completed,-11
RoundRobin,8690,3658959723,1691025,1691145,120,completed,-11
RoundRobin,8691,3658959723,1691125,1691248,123,completed,-11
RoundRobin,8692,3658959723,1691422,1691530,108,completed,-11
RoundRobin,8693,3658959723,1691522,1691639,117,completed,-11
RoundRobin,8694,3658959723,1691622,1691748,126,completed,-11
RoundRobin,8695,3658959723,1691722,1691851,129,completed,-11
RoundRobin,8696,3658959723,1691822,1691956,134,completed,-11
RoundRobin,8697,3658959723,1691922,1692059,137,completed,-11
RoundRobin,8698,3658959723,1692022,1692162,140,completed,-11
RoundRobin,8699,3658959723,1692122,1692265,143,completed,-11
RoundRobin,8700,3658959723,1692222,1692368,146,completed,-11
RoundRobin,8701,3658959723,1692423,1692533,110,completed,-11
RoundRobin,8702,3658959723,1692523,1692636,113,completed,-11
RoundRobin,8703,3658959723,1692623,1692738,115,completed,-11
RoundRobin,8704,3658959723,1692723,1692841,118,completed,-11
RoundRobin,8705,3658959723,1692823,1692944,121,completed,-11
RoundRobin,8706,3658959723,1692923,1693047,124,completed,-11
RoundRobin,8707,3658959723,1693023,1693150,127,completed,-11
RoundRobin,8708,3658959723,1693123,1693253,130,completed,-11
RoundRobin,8709,3658959723,1693223,1693525,302,completed,-11
RoundRobin,8710,3658959723,1693425,1693628,203,completed,-11
RoundRobin,8711,3658959723,1693525,1693731,206,completed,-11
RoundRobin,8712,3658959723,1693625,1693835,210,completed,-11
RoundRobin,8713,3658959723,1693725,1693937,212,completed,-11
RoundRobin,8714,3658959723,1693825,1694044,219,completed,-11
RoundRobin,8715,3658959723,1693925,1694147,222,completed,-11
RoundRobin,8716,3658959723,1694025,1694250,225,completed,-11
RoundRobin,8717,3658959723,1694125,1694353,228,completed,-11
RoundRobin,8718,3658959723,1694225,1694526,301,completed,-11
RoundRobin,8719,3658959723,1694427,1694629,202,completed,-11
RoundRobin,8720,3658959723,1694527,1694733,206,completed,-10
RoundRobin,8721,3658959723,1694627,1694836,209,completed,-10
RoundRobin,8722,3658959723,1694727,1694939,212,completed,-10
RoundRobin,8723,3658959723,1694827,1695042,215,completed,-10
RoundRobin,8724,3658959723,1694927,1695145,218,completed,-10
RoundRobin,8725,3658959723,1695027,1695248,221,completed,-10
RoundRobin,8726,3658959723,1695127,1695351,224,completed,-10
RoundRobin,8727,3658959723,1695227,1695528,301,completed,-10
RoundRobin,8728,3658959723,1695429,1695631,202,completed,-10
RoundRobin,8729,3658959723,1695529,1695733,204,completed,-10
RoundRobin,8730,3658959723,1695629,1695836,207,completed,-10
RoundRobin,8731,3658959723,1695729,1695938,209,completed,-10
RoundRobin,8732,3658959723,1695829,1696040,211,completed,-10
RoundRobin,8733,3658959723,1695929,1696143,214,completed,-10
RoundRobin,8734,3658959723,1696029,1696246,217,completed,-10
RoundRobin,8735,3658959723,1696129,1696348,219,completed,-10
RoundRobin,8736,3658959723,1696229,1696529,300,completed,-10
RoundRobin,8737,3658959723,1696425,1696638,213,completed,-10
RoundRobin,8738,3658959723,1696525,1696740,215,completed,-10
RoundRobin,8739,3658959723,1696625,1696843,218,completed,-10
RoundRobin,8740,3658959723,1696725,1696946,221,completed,-10
RoundRobin,8741,3658959723,1696825,1697049,224,completed,-10
RoundRobin,8742,3658959723,1696925,1697152,227,completed,-10
RoundRobin,8743,3658959723,1697025,1697255,230,completed,-10
RoundRobin,8744,3658959723,1697125,1697358,233,completed,-10
RoundRobin,8745,3658959723,1697225,1697532,307,completed,-10
RoundRobin,8746,3658959723,1697432,1697635,203,completed,-10
RoundRobin,8747,3658959723,1697532,1697741,209,completed,-10
RoundRobin,8748,3658959723,1697632,1697844,212,completed,-10
RoundRobin,8749,3658959723,1697732,1697947,215,completed,-10
RoundRobin,8750,3658959723,1697832,1698050,218,completed,-10
RoundRobin,8751,3658959723,1697932,1698153,221,completed,-10
RoundRobin,8752,3658959723,1698032,1698256,224,completed,-10
RoundRobin,8753,3658959723,1698132,1698358,226,completed,-10
RoundRobin,8754,3658959723,1698232,1698533,301,completed,-10
RoundRobin,8755,3658959723,1698427,1698756,329,completed,-11
RoundRobin,8756,3658959723,1698527,1698859,332,completed,-11
RoundRobin,8757,3658959723,1698627,1698962,335,completed,-11
RoundRobin,8758,3658959723,1698727,1699065,338,completed,-11
RoundRobin,8759,3658959723,1698827,1699168,341,completed,-11
RoundRobin,8760,3658959723,1698927,1699271,344,completed,-11
RoundRobin,8761,3658959723,1699027,1699374,347,completed,-11
RoundRobin,8762,3658959723,1699127,1699476,349,completed,-11
RoundRobin,8763,3658959723,1699227,1699579,352,completed,-11
RoundRobin,8764,3658959723,1699434,1699682,248,completed,-11
RoundRobin,8765,3658959723,1699534,1699785,251,completed,-11
RoundRobin,8766,3658959723,1699634,1699888,254,completed,-11
RoundRobin,8767,3658959723,1699734,1699991,257,completed,-11
RoundRobin,8768,3658959723,1699834,1700094,260,completed,-11
RoundRobin,8769,3658959723,1699934,1700197,263,completed,-11
RoundRobin,8770,3658959723,1700034,1700300,266,completed,-11
RoundRobin,8771,3658959723,1700134,1700403,269,completed,-11
RoundRobin,8772,3658959723,1700234,1700559,325,completed,-11
RoundRobin,8773,3658959723,1700435,1700662,227,completed,-10
RoundRobin,8774,3658959723,1700535,1700763,228,completed,-10
RoundRobin,8775,3658959723,1700635,1700866,231,completed,-10
RoundRobin,8776,3658959723,1700735,1700969,234,completed,-10
RoundRobin,8777,3658959723,1700835,1701072,237,completed,-10
RoundRobin,8778,3658959723,1700935,1701175,240,completed,-10
RoundRobin,8779,3658959723,1701035,1701278,243,completed,-10
RoundRobin,8780,3658959723,1701135,1701381,246,completed,-10
RoundRobin,8781,3658959723,1701235,1701536,301,completed,-10
RoundRobin,8782,3658959723,1701437,1701639,202,completed,-10
RoundRobin,8783,3658959723,1701537,1701745,208,completed,-10
RoundRobin,8784,3658959723,1701637,1701848,211,completed,-10
RoundRobin,8785,3658959723,1701737,1701951,214,completed,-10
RoundRobin,8786,3658959723,1701837,1702054,217,completed,-10
RoundRobin,8787,3658959723,1701937,1702157,220,completed,-10
RoundRobin,8788,3658959723,1702037,1702260,223,completed,-10
RoundRobin,8789,3658959723,1702137,1702362,225,completed,-10
RoundRobin,8790,3658959723,1702237,1702547,310,completed,-10
RoundRobin,8791,3658959723,1702432,1702650,218,completed,-11
RoundRobin,8792,3658959723,1702532,1702752,220,completed,-11
RoundRobin,8793,3658959723,1702632,1702855,223,completed,-11
RoundRobin,8794,3658959723,1702732,1702958,226,completed,-11
RoundRobin,8796,3037662008,1702940,1703071,131,completed,-30
RoundRobin,8795,3658959723,1702840,1703060,220,completed,-11
RoundRobin,8797,3658959723,1703040,1703163,123,completed,-11
RoundRobin,8798,3037662008,1703140,1703272,132,completed,-30
RoundRobin,8799,3658959723,1703438,1703546,108,completed,-11
RoundRobin,8801,3658959723,1703638,1703745,107,completed,-11
RoundRobin,8800,3037662008,1703538,1703797,259,completed,-30
RoundRobin,8802,3037662008,1703738,1703906,168,completed,-30
RoundRobin,8803,3658959723,1703838,1703945,107,completed,-11
RoundRobin,8804,3037662008,1703938,1704062,124,completed,-30
RoundRobin,8805,3658959723,1704038,1704144,106,completed,-11
RoundRobin,8806,3037662008,1704138,1704263,125,completed,-30
RoundRobin,8807,3658959723,1704238,1704547,309,completed,-11
RoundRobin,8808,3037662008,1704439,1704567,128,completed,-30
RoundRobin,8809,3658959723,1704539,1704656,117,completed,-11
RoundRobin,8810,3037662008,1704639,1704765,126,completed,-29
RoundRobin,8811,3658959723,1704739,1704845,106,completed,-11
RoundRobin,8812,3037662008,1704839,1704964,125,completed,-29
RoundRobin,8814,3037662008,1705039,1705164,125,completed,-29
RoundRobin,8813,3658959723,1704939,1705307,368,completed,-11
RoundRobin,8816,3037662008,1705239,1705558,319,completed,-29
RoundRobin,8815,3658959723,1705139,1705540,401,completed,-11
RoundRobin,8817,3658959723,1705440,1705643,203,completed,-11
RoundRobin,8818,3037662008,1705540,1705665,125,completed,-29
RoundRobin,8819,3658959723,1705640,1705749,109,completed,-11
RoundRobin,8820,3037662008,1705740,1705866,126,completed,-29
RoundRobin,8821,3658959723,1705840,1705947,107,completed,-11
RoundRobin,8822,3037662008,1705940,1706064,124,completed,-29
RoundRobin,8823,3658959723,1706040,1706147,107,completed,-11
RoundRobin,8824,3037662008,1706140,1706265,125,completed,-29
RoundRobin,8825,3658959723,1706240,1706548,308,completed,-11
RoundRobin,8826,3037662008,1706441,1706567,126,completed,-29
RoundRobin,8827,3658959723,1706541,1706651,110,completed,-11
RoundRobin,8828,3037662008,1706641,1706769,128,completed,-29
RoundRobin,8829,3658959723,1706741,1706850,109,completed,-11
RoundRobin,8830,3037662008,1706841,1706967,126,completed,-29
RoundRobin,8831,3658959723,1706941,1707048,107,completed,-11
RoundRobin,8832,3037662008,1707041,1707167,126,completed,-29
RoundRobin,8833,3658959723,1707141,1707248,107,completed,-11
RoundRobin,8834,3037662008,1707241,1707561,320,completed,-29
RoundRobin,8835,3658959723,1707444,1707551,107,completed,-11
RoundRobin,8836,3037662008,1707544,1707670,126,completed,-29
RoundRobin,8837,3658959723,1707644,1707751,107,completed,-11
RoundRobin,8838,3037662008,1707744,1707870,126,completed,-29
RoundRobin,8839,3658959723,1707844,1707951,107,completed,-11
RoundRobin,8840,3037662008,1707944,1708069,125,completed,-29
RoundRobin,8841,3658959723,1708044,1708151,107,completed,-11
RoundRobin,8842,3037662008,1708144,1708269,125,completed,-29
RoundRobin,8844,3037662008,1708444,1708571,127,completed,-29
RoundRobin,8843,3658959723,1708244,1708553,309,completed,-11
RoundRobin,8845,3658959723,1708544,1708656,112,completed,-11
RoundRobin,8846,3037662008,1708644,1708771,127,completed,-32
RoundRobin,8847,3658959723,1708744,1708852,108,completed,-11
RoundRobin,8848,3037662008,1708844,1708970,126,completed,-32
RoundRobin,8849,3658959723,1708944,1709052,108,completed,-11
RoundRobin,8850,3037662008,1709044,1709168,124,completed,-32
RoundRobin,8851,3658959723,1709144,1709251,107,completed,-11
RoundRobin,8852,3037662008,1709244,1709565,321,completed,-32
RoundRobin,8853,3658959723,1709448,1709556,108,completed,-11
RoundRobin,8854,3037662008,1709548,1709674,126,completed,-32
RoundRobin,8855,3658959723,1709648,1709755,107,completed,-11
RoundRobin,8856,3037662008,1709748,1709874,126,completed,-32
RoundRobin,8857,3658959723,1709848,1709955,107,completed,-11
RoundRobin,8858,3037662008,1709948,1710073,125,completed,-32
RoundRobin,8859,3658959723,1710048,1710154,106,completed,-11
RoundRobin,8860,3037662008,1710148,1710273,125,completed,-32
RoundRobin,8861,3658959723,1710248,1710557,309,completed,-11
RoundRobin,8862,3037662008,1710453,1710580,127,completed,-32
RoundRobin,8863,3658959723,1710553,1710681,128,completed,-10
RoundRobin,8864,3037662008,1710653,1710779,126,completed,-28
RoundRobin,8865,3658959723,1710755,1710865,110,completed,-10
RoundRobin,8866,3037662008,1710855,1710981,126,completed,-28
RoundRobin,8867,3658959723,1710955,1711062,107,completed,-10
RoundRobin,8868,3037662008,1711055,1711180,125,completed,-28
RoundRobin,8869,3658959723,1711155,1711261,106,completed,-10
RoundRobin,8870,3037662008,1711449,1711576,127,completed,-28
RoundRobin,8871,3658959723,1711549,1711656,107,completed,-10
RoundRobin,8872,3037662008,1711649,1711775,126,completed,-28
RoundRobin,8873,3658959723,1711749,1711856,107,completed,-10
RoundRobin,8874,3037662008,1711849,1711999,150,completed,-28
RoundRobin,8875,3658959723,1711949,1712056,107,completed,-10
RoundRobin,8876,3037662008,1712049,1712174,125,completed,-28
RoundRobin,8878,3037662008,1712249,1712374,125,completed,-28
RoundRobin,8877,3658959723,1712149,1712256,107,completed,-10
RoundRobin,8879,3658959723,1712453,1712565,112,completed,-10
RoundRobin,8880,3037662008,1712553,1712678,125,completed,-30
RoundRobin,8881,3658959723,1712653,1712761,108,completed,-10
RoundRobin,8882,3037662008,1712753,1712880,127,completed,-30
RoundRobin,8883,3658959723,1712853,1712959,106,completed,-10
RoundRobin,8884,3037662008,1712953,1713079,126,completed,-30
RoundRobin,8885,3658959723,1713053,1713160,107,completed,-10
RoundRobin,8886,3037662008,1713153,1713278,125,completed,-30
RoundRobin,8888,3037662008,1713453,1713579,126,completed,-30
RoundRobin,8887,3658959723,1713253,1713559,306,completed,-10
RoundRobin,8889,3658959723,1713553,1713662,109,completed,-10
RoundRobin,8890,3037662008,1713653,1713778,125,completed,-30
RoundRobin,8891,3658959723,1713753,1713859,106,completed,-10
RoundRobin,8892,3037662008,1713853,1713979,126,completed,-30
RoundRobin,8893,3658959723,1713953,1714061,108,completed,-10
RoundRobin,8894,3037662008,1714053,1714178,125,completed,-30
RoundRobin,8896,3037662008,1714253,1714378,125,completed,-30
RoundRobin,8895,3658959723,1714153,1714260,107,completed,-10
RoundRobin,8897,3658959723,1714457,1714566,109,completed,-10
RoundRobin,8898,3037662008,1714557,1714681,124,completed,-31
RoundRobin,8899,3658959723,1714657,1714765,108,completed,-10
RoundRobin,8900,3037662008,1714757,1714883,126,completed,-31
RoundRobin,8901,3658959723,1714857,1714963,106,completed,-10
RoundRobin,8902,3037662008,1714957,1715084,127,completed,-31
RoundRobin,8903,3658959723,1715057,1715164,107,completed,-10
RoundRobin,8904,3037662008,1715157,1715282,125,completed,-31
RoundRobin,8905,3658959723,1715257,1715566,309,completed,-10
RoundRobin,8906,3037662008,1715459,1715647,188,completed,-31
RoundRobin,8907,3658959723,1715559,1715675,116,completed,-10
RoundRobin,8908,3037662008,1715659,1715784,125,completed,-31
RoundRobin,8909,3658959723,1715759,1715865,106,completed,-10
RoundRobin,8910,3037662008,1715859,1715985,126,completed,-31
RoundRobin,8911,3658959723,1715959,1716067,108,completed,-10
RoundRobin,8912,3037662008,1716059,1716184,125,completed,-31
RoundRobin,8913,3658959723,1716159,1716266,107,completed,-10
RoundRobin,8914,3037662008,1716259,1716578,319,completed,-31
RoundRobin,8915,3658959723,1716459,1716568,109,completed,-10
RoundRobin,8917,3658959723,1716659,1716767,108,completed,-10
RoundRobin,8916,3037662008,1716559,1716684,125,completed,-33
RoundRobin,8918,3037662008,1716759,1716914,155,completed,-33
RoundRobin,8919,3658959723,1716859,1716965,106,completed,-10
RoundRobin,8920,3037662008,1716959,1717086,127,completed,-33
RoundRobin,8921,3658959723,1717059,1717166,107,completed,-10
RoundRobin,8922,3037662008,1717159,1717285,126,completed,-33
RoundRobin,8923,3658959723,1717259,1717365,106,completed,-10
RoundRobin,8925,3658959723,1717563,1717669,106,completed,-10
RoundRobin,8924,3037662008,1717463,1717695,232,completed,-33
RoundRobin,8926,3037662008,1717663,1717806,143,completed,-33
RoundRobin,8927,3658959723,1717763,1717869,106,completed,-10
RoundRobin,8928,3037662008,1717863,1717989,126,completed,-33
RoundRobin,8929,3658959723,1717963,1718071,108,completed,-10
RoundRobin,8930,3037662008,1718063,1718188,125,completed,-33
RoundRobin,8931,3658959723,1718163,1718270,107,completed,-10
RoundRobin,8932,3037662008,1718263,1718582,319,completed,-33
RoundRobin,8933,3658959723,1718464,1718572,108,completed,-10
RoundRobin,8934,3037662008,1718564,1718690,126,completed,-31
RoundRobin,8935,3658959723,1718664,1718775,111,completed,-10
RoundRobin,8936,3037662008,1718764,1718891,127,completed,-31
RoundRobin,8937,3658959723,1718864,1718971,107,completed,-10
RoundRobin,8938,3037662008,1718964,1719091,127,completed,-31
RoundRobin,8939,3658959723,1719064,1719171,107,completed,-10
RoundRobin,8940,3037662008,1719164,1719289,125,completed,-31
RoundRobin,8941,3658959723,1719264,1719574,310,completed,-10
RoundRobin,8943,3658959723,1719566,1719681,115,completed,-10
RoundRobin,8942,3037662008,1719466,1719770,304,completed,-31
RoundRobin,8944,3037662008,1719666,1719886,220,completed,-31
RoundRobin,8945,3658959723,1719769,1719877,108,completed,-10
RoundRobin,8946,3037662008,1719869,1719996,127,completed,-31
RoundRobin,8947,3658959723,1719970,1720077,107,completed,-10
RoundRobin,8948,3037662008,1720070,1720195,125,completed,-31
RoundRobin,8949,3658959723,1720170,1720278,108,completed,-10
RoundRobin,8950,3037662008,1720465,1720592,127,completed,-31
RoundRobin,8952,3037662008,1720665,1720791,126,completed,-31
RoundRobin,8951,3658959723,1720565,1720671,106,completed,-11
RoundRobin,8953,3658959723,1720765,1720900,135,completed,-11
RoundRobin,8954,3037662008,1720865,1720990,125,completed,-31
RoundRobin,8955,3658959723,1720965,1721073,108,completed,-11
RoundRobin,8956,3037662008,1721065,1721191,126,completed,-31
RoundRobin,8958,3037662008,1721265,1721390,125,completed,-31
RoundRobin,8957,3658959723,1721165,1721272,107,completed,-11
RoundRobin,8959,3658959723,1721470,1721580,110,completed,-11
RoundRobin,8960,3037662008,1721570,1721695,125,completed,-31
RoundRobin,8961,3658959723,1721670,1721777,107,completed,-11
RoundRobin,8962,3037662008,1721770,1721895,125,completed,-31
RoundRobin,8963,3658959723,1721870,1721977,107,completed,-11
RoundRobin,8964,3037662008,1721970,1722108,138,completed,-31
RoundRobin,8965,3658959723,1722070,1722177,107,completed,-11
RoundRobin,8966,3037662008,1722170,1722295,125,completed,-31
RoundRobin,8967,3658959723,1722467,1722575,108,completed,-11
RoundRobin,8968,3037662008,1722567,1722692,125,completed,-31
RoundRobin,8969,3658959723,1722667,1722775,108,completed,-11
RoundRobin,8970,3037662008,1722767,1722895,128,completed,-31
RoundRobin,8971,3658959723,1722867,1722974,107,completed,-11
RoundRobin,8972,3037662008,1722967,1723092,125,completed,-31
RoundRobin,8973,3658959723,1723067,1723174,107,completed,-11
RoundRobin,8974,3037662008,1723167,1723293,126,completed,-31
RoundRobin,8975,3658959723,1723267,1723374,107,completed,-11
RoundRobin,8976,3037662008,1723472,1723605,133,completed,-31
RoundRobin,8977,3658959723,1723572,1723678,106,completed,-11
RoundRobin,8978,3037662008,1723672,1723797,125,completed,-31
RoundRobin,8979,3658959723,1723772,1723879,107,completed,-11
RoundRobin,8980,3037662008,1723872,1723997,125,completed,-31
RoundRobin,8981,3658959723,1723972,1724079,107,completed,-11
RoundRobin,8982,3037662008,1724072,1724199,127,completed,-31
RoundRobin,8983,3658959723,1724172,1724280,108,completed,-11
RoundRobin,8984,3037662008,1724272,1724592,320,completed,-31
RoundRobin,8985,3658959723,1724473,1724582,109,completed,-11
RoundRobin,8986,3037662008,1724573,1724699,126,completed,-31
RoundRobin,8987,3658959723,1724673,1724787,114,completed,-10
RoundRobin,8988,3037662008,1724775,1724902,127,completed,-31
RoundRobin,8989,3658959723,1724875,1724982,107,completed,-10
RoundRobin,8990,3037662008,1724975,1725101,126,completed,-31
RoundRobin,8991,3658959723,1725075,1725181,106,completed,-10
RoundRobin,8992,3037662008,1725175,1725328,153,completed,-31
RoundRobin,8994,3037662008,1725475,1725602,127,completed,-31
RoundRobin,8993,3658959723,1725275,1725583,308,completed,-10
RoundRobin,8995,3658959723,1725575,1725706,131,completed,-10
RoundRobin,8996,3037662008,1725675,1725801,126,completed,-31
RoundRobin,8997,3658959723,1725775,1725882,107,completed,-10
RoundRobin,8998,3037662008,1725875,1726002,127,completed,-31
RoundRobin,8999,3658959723,1725975,1726082,107,completed,-10
RoundRobin,9000,3037662008,1726075,1726200,125,completed,-31
RoundRobin,9002,3037662008,1726275,1726400,125,completed,-31
RoundRobin,9001,3658959723,1726175,1726283,108,completed,-10
RoundRobin,9003,3658959723,1726478,1726590,112,completed,-10
RoundRobin,9004,3037662008,1726578,1726703,125,completed,-32
RoundRobin,9005,3658959723,1726678,1726788,110,completed,-9
RoundRobin,9006,3037662008,1726781,1726909,128,completed,-32
RoundRobin,9007,3658959723,1726881,1726988,107,completed,-9
RoundRobin,9008,3037662008,1726981,1727106,125,completed,-32
RoundRobin,9009,3658959723,1727081,1727187,106,completed,-9
RoundRobin,9010,3037662008,1727181,1727307,126,completed,-32
RoundRobin,9011,3658959723,1727475,1727584,109,completed,-9
RoundRobin,9012,3037662008,1727575,1727699,124,completed,-32
RoundRobin,9013,3658959723,1727675,1727782,107,completed,-9
RoundRobin,9014,3037662008,1727779,1727906,127,completed,-32
RoundRobin,9015,3658959723,1727879,1727985,106,completed,-9
RoundRobin,9016,3037662008,1727979,1728104,125,completed,-32
RoundRobin,9017,3658959723,1728079,1728185,106,completed,-9
RoundRobin,9018,3037662008,1728179,1728305,126,completed,-32
RoundRobin,9019,3658959723,1728279,1728587,308,completed,-9
RoundRobin,9020,3037662008,1728481,1728607,126,completed,-32
RoundRobin,9021,3658959723,1728581,1728690,109,completed,-11
RoundRobin,9022,3037662008,1728681,1728808,127,completed,-32
RoundRobin,9023,3658959723,1728782,1728891,109,completed,-11
RoundRobin,9024,3037662008,1728882,1729007,125,completed,-32
RoundRobin,9025,3658959723,1728982,1729088,106,completed,-11
RoundRobin,9026,3037662008,1729082,1729207,125,completed,-32
RoundRobin,9027,3658959723,1729182,1729289,107,completed,-11
RoundRobin,9028,3037662008,1729282,1729629,347,completed,-32
RoundRobin,9029,3658959723,1729483,1729615,132,completed,-11
RoundRobin,9030,3037662008,1729583,1729738,155,completed,-32
RoundRobin,9031,3658959723,1729683,1729789,106,completed,-11
RoundRobin,9032,3037662008,1729783,1729908,125,completed,-32
RoundRobin,9033,3658959723,1729883,1729990,107,completed,-11
RoundRobin,9034,3037662008,1729983,1730109,126,completed,-32
RoundRobin,9035,3658959723,1730083,1730190,107,completed,-11
RoundRobin,9036,3037662008,1730183,1730311,128,completed,-32
RoundRobin,9037,3658959723,1730283,1730390,107,completed,-11
RoundRobin,9038,3037662008,1730487,1730618,131,completed,-32
RoundRobin,9039,3658959723,1730587,1730694,107,completed,-11
RoundRobin,9040,3037662008,1730687,1730813,126,completed,-31
RoundRobin,9041,3658959723,1730788,1730896,108,completed,-11
RoundRobin,9042,3037662008,1730888,1731013,125,completed,-31
RoundRobin,9043,3658959723,1730988,1731095,107,completed,-11
RoundRobin,9044,3037662008,1731088,1731213,125,completed,-31
RoundRobin,9045,3658959723,1731190,1731585,395,completed,-11
RoundRobin,9046,3037662008,1731481,1731607,126,completed,-31
RoundRobin,9047,3658959723,1731581,1731690,109,completed,-11
RoundRobin,9048,3037662008,1731681,1731806,125,completed,-31
RoundRobin,9049,3658959723,1731781,1731888,107,completed,-11
RoundRobin,9050,3037662008,1731881,1732006,125,completed,-31
RoundRobin,9051,3658959723,1731981,1732088,107,completed,-11
RoundRobin,9052,3037662008,1732081,1732206,125,completed,-31
RoundRobin,9054,3037662008,1732281,1732414,133,completed,-31
RoundRobin,9053,3658959723,1732181,1732288,107,completed,-11
RoundRobin,9055,3658959723,1732489,1732632,143,completed,-11
RoundRobin,9056,3037662008,1732589,1732714,125,completed,-33
RoundRobin,9057,3658959723,1732689,1732798,109,completed,-10
RoundRobin,9058,3037662008,1732796,1732924,128,completed,-33
RoundRobin,9059,3658959723,1732896,1733003,107,completed,-10
RoundRobin,9060,3037662008,1732996,1733146,150,completed,-33
RoundRobin,9061,3658959723,1733096,1733202,106,completed,-10
RoundRobin,9062,3037662008,1733196,1733608,412,completed,-33
RoundRobin,9063,3658959723,1733483,1733592,109,completed,-10
RoundRobin,9064,3037662008,1733583,1733711,128,completed,-33
RoundRobin,9065,3658959723,1733683,1733790,107,completed,-10
RoundRobin,9066,3037662008,1733783,1733909,126,completed,-33
RoundRobin,9067,3658959723,1733883,1733989,106,completed,-10
RoundRobin,9068,3037662008,1733983,1734108,125,completed,-33
RoundRobin,9069,3658959723,1734083,1734189,106,completed,-10
RoundRobin,9070,3037662008,1734183,1734308,125,completed,-33
RoundRobin,9071,3658959723,1734283,1734389,106,completed,-10
RoundRobin,9072,3037662008,1734491,1734620,129,completed,-33
RoundRobin,9073,3658959723,1734591,1734698,107,completed,-10
RoundRobin,9074,3037662008,1734691,1734817,126,completed,-31
RoundRobin,9075,3658959723,1734795,1734905,110,completed,-10
RoundRobin,9076,3037662008,1734895,1735021,126,completed,-31
RoundRobin,9077,3658959723,1734995,1735102,107,completed,-10
RoundRobin,9078,3037662008,1735095,1735220,125,completed,-31
RoundRobin,9079,3658959723,1735195,1735588,393,completed,-10
RoundRobin,9080,3037662008,1735485,1735611,126,completed,-31
RoundRobin,9081,3658959723,1735585,1735698,113,completed,-10
RoundRobin,9082,3037662008,1735685,1735810,125,completed,-31
RoundRobin,9083,3658959723,1735785,1735891,106,completed,-10
RoundRobin,9084,3037662008,1735885,1736010,125,completed,-31
RoundRobin,9085,3658959723,1735985,1736091,106,completed,-10
RoundRobin,9086,3037662008,1736085,1736210,125,completed,-31
RoundRobin,9088,3037662008,1736285,1736409,124,completed,-31
RoundRobin,9087,3658959723,1736185,1736292,107,completed,-10
RoundRobin,9089,3658959723,1736492,1736605,113,completed,-10
RoundRobin,9090,3037662008,1736592,1736718,126,completed,-31
RoundRobin,9091,3658959723,1736692,1736799,107,completed,-10
RoundRobin,9092,3037662008,1736792,1736926,134,completed,-31
RoundRobin,9093,3658959723,1736892,1737000,108,completed,-10
RoundRobin,9094,3037662008,1736992,1737118,126,completed,-31
RoundRobin,9095,3658959723,1737092,1737199,107,completed,-10
RoundRobin,9096,3037662008,1737194,1737611,417,completed,-31
RoundRobin,9097,3658959723,1737489,1737596,107,completed,-10
RoundRobin,9098,3037662008,1737589,1737721,132,completed,-31
RoundRobin,9099,3658959723,1737689,1737797,108,completed,-10
RoundRobin,9100,3037662008,1737789,1737914,125,completed,-31
RoundRobin,9101,3658959723,1737889,1737996,107,completed,-10
RoundRobin,9102,3037662008,1737989,1738115,126,completed,-31
RoundRobin,9103,3658959723,1738089,1738195,106,completed,-10
RoundRobin,9104,3037662008,1738189,1738315,126,completed,-31
RoundRobin,9106,3037662008,1738492,1738619,127,completed,-31
RoundRobin,9108,3037662008,1738692,1738820,128,completed,-30
RoundRobin,9110,3037662008,1738892,1739018,126,completed,-30
RoundRobin,9112,3037662008,1739092,1739218,126,completed,-30
RoundRobin,9114,3037662008,1739292,1739417,125,completed,-30
RoundRobin,9116,3037662008,1739593,1739719,126,completed,-30
RoundRobin,9118,3037662008,1739793,1739918,125,completed,-30
RoundRobin,9120,3037662008,1739993,1740119,126,completed,-30
RoundRobin,9122,3037662008,1740193,1740319,126,completed,-30
RoundRobin,9124,3037662008,1740493,1740622,129,completed,-30
RoundRobin,9105,3658959723,1738289,1738396,107,completed,-10
RoundRobin,9107,3658959723,1738592,1739850,1258,completed,-11
RoundRobin,9109,3658959723,1738792,1740079,1287,completed,-11
RoundRobin,9111,3658959723,1738992,1740181,1189,completed,-11
RoundRobin,9113,3658959723,1739192,1740328,1136,completed,-11
RoundRobin,9126,3037662008,1740693,1740821,128,completed,-29
RoundRobin,9115,3658959723,1739493,1740855,1362,completed,-10
RoundRobin,9117,3658959723,1739693,1740958,1265,completed,-10
RoundRobin,9128,3037662008,1740893,1741018,125,completed,-29
RoundRobin,9119,3658959723,1739893,1741060,1167,completed,-10
RoundRobin,9121,3658959723,1740093,1741163,1070,completed,-10
RoundRobin,9130,3037662008,1741093,1741218,125,completed,-29
RoundRobin,9123,3658959723,1740293,1741265,972,completed,-10
RoundRobin,9132,3037662008,1741293,1741419,126,completed,-29
RoundRobin,9125,3658959723,1740593,1741368,775,completed,-10
RoundRobin,9127,3658959723,1740793,1741471,678,completed,-10
RoundRobin,9129,3658959723,1740993,1741573,580,completed,-10
RoundRobin,9131,3658959723,1741193,1741676,483,completed,-10
RoundRobin,9134,3037662008,1741596,1741722,126,completed,-29
RoundRobin,9133,3658959723,1741496,1741778,282,completed,-10
RoundRobin,9136,3037662008,1741796,1741921,125,completed,-29
RoundRobin,9135,3658959723,1741696,1741880,184,completed,-10
RoundRobin,9137,3658959723,1741896,1742021,125,completed,-10
RoundRobin,9138,3037662008,1741996,1742121,125,completed,-29
RoundRobin,9139,3658959723,1742096,1742205,109,completed,-10
RoundRobin,9140,3037662008,1742196,1742322,126,completed,-29
RoundRobin,9141,3658959723,1742296,1742403,107,completed,-10
RoundRobin,9142,3037662008,1742499,1742626,127,completed,-29
RoundRobin,9143,3658959723,1742599,1742706,107,completed,-10
RoundRobin,9144,3037662008,1742699,1742827,128,completed,-31
RoundRobin,9145,3658959723,1742799,1742907,108,completed,-10
RoundRobin,9146,3037662008,1742899,1743024,125,completed,-31
RoundRobin,9147,3658959723,1742999,1743105,106,completed,-10
RoundRobin,9148,3037662008,1743099,1743224,125,completed,-31
RoundRobin,9150,3037662008,1743299,1743618,319,completed,-31
RoundRobin,9149,3658959723,1743199,1743599,400,completed,-10
RoundRobin,9151,3658959723,1743496,1743705,209,completed,-10
RoundRobin,9152,3037662008,1743596,1743728,132,completed,-31
RoundRobin,9153,3658959723,1743696,1743808,112,completed,-10
RoundRobin,9154,3037662008,1743796,1743939,143,completed,-31
RoundRobin,9155,3658959723,1743896,1744003,107,completed,-10
RoundRobin,9156,3037662008,1743996,1744121,125,completed,-31
RoundRobin,9157,3658959723,1744096,1744202,106,completed,-10
RoundRobin,9158,3037662008,1744196,1744322,126,completed,-31
RoundRobin,9159,3658959723,1744296,1744403,107,completed,-10
RoundRobin,9160,3037662008,1744502,1744636,134,completed,-31
RoundRobin,9161,3658959723,1744602,1744708,106,completed,-10
RoundRobin,9162,3037662008,1744702,1744833,131,completed,-32
RoundRobin,9163,3658959723,1744802,1744909,107,completed,-10
RoundRobin,9164,3037662008,1744902,1745028,126,completed,-32
RoundRobin,9165,3658959723,1745002,1745108,106,completed,-10
RoundRobin,9166,3037662008,1745102,1745227,125,completed,-32
RoundRobin,9167,3658959723,1745202,1745603,401,completed,-10
RoundRobin,9168,3037662008,1745302,1745621,319,completed,-32
RoundRobin,9169,3658959723,1745499,1745711,212,completed,-10
RoundRobin,9170,3037662008,1745599,1745738,139,completed,-32
RoundRobin,9171,3658959723,1745699,1745821,122,completed,-10
RoundRobin,9172,3037662008,1745799,1745933,134,completed,-32
RoundRobin,9173,3658959723,1745899,1746006,107,completed,-10
RoundRobin,9174,3037662008,1745999,1746125,126,completed,-32
RoundRobin,9175,3658959723,1746099,1746205,106,completed,-10
RoundRobin,9176,3037662008,1746199,1746324,125,completed,-32
RoundRobin,9177,3658959723,1746299,1746405,106,completed,-10
RoundRobin,9178,3037662008,1746506,1746636,130,completed,-32
RoundRobin,9179,3658959723,1746606,1746712,106,completed,-11
RoundRobin,9180,3037662008,1746706,1746834,128,completed,-29
RoundRobin,9181,3658959723,1746806,1746913,107,completed,-11
RoundRobin,9182,3037662008,1746906,1747033,127,completed,-29
RoundRobin,9183,3658959723,1747006,1747112,106,completed,-11
RoundRobin,9184,3037662008,1747106,1747231,125,completed,-29
RoundRobin,9185,3658959723,1747206,1747607,401,completed,-11
RoundRobin,9186,3037662008,1747306,1747625,319,completed,-29
RoundRobin,9187,3658959723,1747503,1747711,208,completed,-11
RoundRobin,9188,3037662008,1747603,1747745,142,completed,-29
RoundRobin,9189,3658959723,1747703,1747813,110,completed,-11
RoundRobin,9190,3037662008,1747803,1747928,125,completed,-29
RoundRobin,9191,3658959723,1747903,1748010,107,completed,-11
RoundRobin,9192,3037662008,1748003,1748129,126,completed,-29
RoundRobin,9193,3658959723,1748103,1748211,108,completed,-11
RoundRobin,9194,3037662008,1748203,1748329,126,completed,-29
RoundRobin,9195,3658959723,1748303,1748409,106,completed,-11
RoundRobin,9196,3037662008,1748508,1748640,132,completed,-29
RoundRobin,9197,3658959723,1748608,1748714,106,completed,-11
RoundRobin,9198,3037662008,1748708,1748836,128,completed,-29
RoundRobin,9199,3658959723,1748808,1748916,108,completed,-11
RoundRobin,9200,3037662008,1748908,1749033,125,completed,-29
RoundRobin,9201,3658959723,1749008,1749128,120,completed,-11
RoundRobin,9202,3037662008,1749108,1749234,126,completed,-29
RoundRobin,9204,3037662008,1749308,1749627,319,completed,-29
RoundRobin,9203,3658959723,1749208,1749609,401,completed,-11
RoundRobin,9206,3037662008,1749606,1749769,163,completed,-29
RoundRobin,9205,3658959723,1749506,1749761,255,completed,-11
RoundRobin,9207,3658959723,1749706,1749864,158,completed,-11
RoundRobin,9208,3037662008,1749806,1749931,125,completed,-29
RoundRobin,9209,3658959723,1749906,1750012,106,completed,-11
RoundRobin,9210,3037662008,1750006,1750132,126,completed,-29
RoundRobin,9211,3658959723,1750106,1750213,107,completed,-11
RoundRobin,9212,3037662008,1750206,1750332,126,completed,-29
RoundRobin,9213,3658959723,1750306,1750412,106,completed,-11
RoundRobin,9214,3037662008,1750510,1750641,131,completed,-29
RoundRobin,9215,3658959723,1750610,1750716,106,completed,-11
RoundRobin,9216,3037662008,1750710,1750838,128,completed,-29
RoundRobin,9217,3658959723,1750810,1750935,125,completed,-11
RoundRobin,9218,3037662008,1750910,1751035,125,completed,-29
RoundRobin,9219,3658959723,1751010,1751116,106,completed,-11
RoundRobin,9220,3037662008,1751110,1751236,126,completed,-29
RoundRobin,9221,3658959723,1751210,1751332,122,completed,-11
RoundRobin,9222,3037662008,1751310,1751638,328,completed,-29
RoundRobin,9223,3658959723,1751510,1751620,110,completed,-11
RoundRobin,9224,3037662008,1751610,1751748,138,completed,-29
RoundRobin,9225,3658959723,1751710,1751818,108,completed,-11
RoundRobin,9226,3037662008,1751810,1751935,125,completed,-29
RoundRobin,9227,3658959723,1751910,1752017,107,completed,-11
RoundRobin,9228,3037662008,1752010,1752136,126,completed,-29
RoundRobin,9229,3658959723,1752110,1752216,106,completed,-11
RoundRobin,9230,3037662008,1752210,1752335,125,completed,-29
RoundRobin,9231,3658959723,1752310,1752416,106,completed,-11
RoundRobin,9232,3037662008,1752514,1752647,133,completed,-29
RoundRobin,9234,3037662008,1752714,1752842,128,completed,-33
RoundRobin,9233,3658959723,1752614,1752720,106,completed,-11
RoundRobin,9235,3658959723,1752815,1752930,115,completed,-11
RoundRobin,9236,3037662008,1752915,1753041,126,completed,-33
RoundRobin,9237,3658959723,1753015,1753124,109,completed,-11
RoundRobin,9238,3037662008,1753115,1753240,125,completed,-33
RoundRobin,9239,3658959723,1753215,1753402,187,completed,-11
RoundRobin,9240,3037662008,1753511,1753639,128,completed,-33
RoundRobin,9241,3658959723,1753611,1753718,107,completed,-11
RoundRobin,9242,3037662008,1753711,1753837,126,completed,-33
RoundRobin,9243,3658959723,1753811,1753919,108,completed,-11
RoundRobin,9244,3037662008,1753911,1754036,125,completed,-33
RoundRobin,9245,3658959723,1754011,1754118,107,completed,-11
RoundRobin,9246,3037662008,1754111,1754236,125,completed,-33
RoundRobin,9248,3037662008,1754311,1754436,125,completed,-33
RoundRobin,9247,3658959723,1754211,1754317,106,completed,-11
RoundRobin,9249,3658959723,1754515,1754627,112,completed,-11
RoundRobin,9250,3037662008,1754615,1754741,126,completed,-30
RoundRobin,9251,3658959723,1754715,1754823,108,completed,-10
RoundRobin,9252,3037662008,1754815,1754941,126,completed,-30
RoundRobin,9253,3658959723,1754915,1755023,108,completed,-10
RoundRobin,9254,3037662008,1755015,1755141,126,completed,-30
RoundRobin,9255,3658959723,1755115,1755223,108,completed,-10
RoundRobin,9257,3658959723,1755315,1755616,301,completed,-10
RoundRobin,9256,3037662008,1755215,1755634,419,completed,-30
RoundRobin,9258,3037662008,1755512,1755738,226,completed,-30
RoundRobin,9259,3658959723,1755612,1755724,112,completed,-10
RoundRobin,9260,3037662008,1755712,1755841,129,completed,-30
RoundRobin,9261,3658959723,1755812,1755921,109,completed,-10
RoundRobin,9262,3037662008,1755912,1756038,126,completed,-30
RoundRobin,9263,3658959723,1756012,1756119,107,completed,-10
RoundRobin,9264,3037662008,1756112,1756237,125,completed,-30
RoundRobin,9266,3037662008,1756312,1756439,127,completed,-30
RoundRobin,9265,3658959723,1756212,1756318,106,completed,-10
RoundRobin,9267,3658959723,1756518,1756630,112,completed,-10
RoundRobin,9268,3037662008,1756618,1756743,125,completed,-31
RoundRobin,9269,3658959723,1756718,1756826,108,completed,-9
RoundRobin,9270,3037662008,1756818,1756944,126,completed,-31
RoundRobin,9271,3658959723,1756918,1757026,108,completed,-9
RoundRobin,9272,3037662008,1757018,1757143,125,completed,-31
RoundRobin,9273,3658959723,1757118,1757226,108,completed,-9
RoundRobin,9274,3037662008,1757218,1757637,419,completed,-31
RoundRobin,9275,3658959723,1757318,1757619,301,completed,-9
RoundRobin,9277,3658959723,1757615,1757734,119,completed,-9
RoundRobin,9276,3037662008,1757515,1757759,244,completed,-31
RoundRobin,9278,3037662008,1757715,1757862,147,completed,-31
RoundRobin,9279,3658959723,1757815,1757923,108,completed,-9
RoundRobin,9280,3037662008,1757915,1758040,125,completed,-31
RoundRobin,9281,3658959723,1758015,1758123,108,completed,-9
RoundRobin,9282,3037662008,1758115,1758240,125,completed,-31
RoundRobin,9284,3037662008,1758315,1758441,126,completed,-31
RoundRobin,9283,3658959723,1758215,1758321,106,completed,-9
RoundRobin,9285,3658959723,1758521,1758631,110,completed,-9
RoundRobin,9286,3037662008,1758621,1758746,125,completed,-31
RoundRobin,9287,3658959723,1758721,1758829,108,completed,-9
RoundRobin,9288,3037662008,1758821,1758947,126,completed,-31
RoundRobin,9289,3658959723,1758921,1759029,108,completed,-9
RoundRobin,9290,3037662008,1759021,1759146,125,completed,-31
RoundRobin,9291,3658959723,1759121,1759228,107,completed,-9
RoundRobin,9292,3037662008,1759221,1759393,172,completed,-31
RoundRobin,9293,3658959723,1759321,1759628,307,completed,-9
RoundRobin,9294,3037662008,1759521,1759648,127,completed,-31
RoundRobin,9295,3658959723,1759621,1759737,116,completed,-9
RoundRobin,9296,3037662008,1759721,1759848,127,completed,-31
RoundRobin,9297,3658959723,1759821,1759928,107,completed,-9
RoundRobin,9298,3037662008,1759921,1760046,125,completed,-31
RoundRobin,9299,3658959723,1760021,1760128,107,completed,-9
RoundRobin,9300,3037662008,1760121,1760246,125,completed,-31
RoundRobin,9302,3037662008,1760321,1760447,126,completed,-31
RoundRobin,9301,3658959723,1760221,1760328,107,completed,-9
RoundRobin,9303,3658959723,1760524,1760636,112,completed,-9
RoundRobin,9304,3037662008,1760624,1760749,125,completed,-31
RoundRobin,9305,3658959723,1760724,1760832,108,completed,-10
RoundRobin,9306,3037662008,1760824,1760950,126,completed,-31
RoundRobin,9307,3658959723,1760924,1761032,108,completed,-10
RoundRobin,9308,3037662008,1761024,1761150,126,completed,-31
RoundRobin,9309,3658959723,1761124,1761231,107,completed,-10
RoundRobin,9310,3037662008,1761224,1761643,419,completed,-31
RoundRobin,9311,3658959723,1761324,1761625,301,completed,-10
RoundRobin,9312,3037662008,1761521,1761753,232,completed,-31
RoundRobin,9313,3658959723,1761621,1761732,111,completed,-10
RoundRobin,9314,3037662008,1761721,1761856,135,completed,-31
RoundRobin,9315,3658959723,1761821,1761928,107,completed,-10
RoundRobin,9316,3037662008,1761921,1762046,125,completed,-31
RoundRobin,9317,3658959723,1762021,1762128,107,completed,-10
RoundRobin,9318,3037662008,1762121,1762246,125,completed,-31
RoundRobin,9320,3037662008,1762321,1762446,125,completed,-31
RoundRobin,9319,3658959723,1762221,1762328,107,completed,-10
RoundRobin,SUMMARY,ALL,0,0,120048,batch_complete,0
----------------,---,---,---,---,---,----------------,---
