algorithm,seq,worker_id,send_ts,comp_ts,latency_ms,status,rssi
LoadAware,1,3658959723,202936,197170,4294961530,completed,-11
LoadAware,2,3658959723,203215,197452,4294961533,completed,-11
LoadAware,3,3658959723,203415,197649,4294961530,completed,-11
LoadAware,4,3658959723,203615,197850,4294961531,completed,-11
LoadAware,5,3658959723,203815,198049,4294961530,completed,-11
LoadAware,6,3658959723,204015,198249,4294961530,completed,-11
LoadAware,7,3658959723,204216,198454,4294961534,completed,-11
LoadAware,8,3658959723,204416,198651,4294961531,completed,-11
LoadAware,9,3658959723,204616,198850,4294961530,completed,-11
LoadAware,10,3658959723,204816,199051,4294961531,completed,-12
LoadAware,11,3658959723,205016,199250,4294961530,completed,-12
LoadAware,12,3658959723,205218,199455,4294961533,completed,-12
LoadAware,13,3658959723,205418,199829,4294961707,completed,-12
LoadAware,14,3658959723,205618,199938,4294961616,completed,-12
LoadAware,15,3658959723,205818,200059,4294961537,completed,-12
LoadAware,16,3658959723,206018,200252,4294961530,completed,-12
LoadAware,17,3658959723,206218,200456,4294961534,completed,-12
LoadAware,18,3658959723,206418,200653,4294961531,completed,-12
LoadAware,19,3658959723,206618,200852,4294961530,completed,-12
LoadAware,20,3658959723,206818,201052,4294961530,completed,-11
LoadAware,21,3658959723,207018,201261,4294961539,completed,-11
LoadAware,22,3658959723,207219,201459,4294961536,completed,-11
LoadAware,23,3658959723,207419,201655,4294961532,completed,-11
LoadAware,24,3658959723,207619,201853,4294961530,completed,-11
LoadAware,25,3658959723,207819,202054,4294961531,completed,-11
LoadAware,26,3658959723,208019,202253,4294961530,completed,-11
LoadAware,27,3658959723,208220,202458,4294961534,completed,-11
LoadAware,28,3658959723,208420,202655,4294961531,completed,-11
LoadAware,29,3658959723,208620,202854,4294961530,completed,-11
LoadAware,30,3658959723,208820,203054,4294961530,completed,-12
LoadAware,31,3658959723,209020,203255,4294961531,completed,-12
LoadAware,32,3658959723,209222,203460,4294961534,completed,-12
LoadAware,33,3658959723,209422,203658,4294961532,completed,-12
LoadAware,34,3658959723,209622,203856,4294961530,completed,-12
LoadAware,35,3658959723,209822,204057,4294961531,completed,-12
LoadAware,36,3658959723,210022,204257,4294961531,completed,-12
LoadAware,37,3658959723,210223,204464,4294961537,completed,-12
LoadAware,38,3658959723,210423,204659,4294961532,completed,-12
LoadAware,39,3658959723,210623,204857,4294961530,completed,-12
LoadAware,40,3658959723,210823,205057,4294961530,completed,-11
LoadAware,41,3658959723,211023,205453,4294961726,completed,-11
LoadAware,42,3658959723,211224,205556,4294961628,completed,-11
LoadAware,43,3658959723,211430,205667,4294961533,completed,-11
LoadAware,44,3658959723,211630,205890,4294961556,completed,-11
LoadAware,45,3658959723,211830,206066,4294961532,completed,-11
LoadAware,46,3658959723,212220,206456,4294961532,completed,-11
LoadAware,47,3658959723,212420,206656,4294961532,completed,-11
LoadAware,48,3658959723,212620,206854,4294961530,completed,-11
LoadAware,49,3658959723,212820,207054,4294961530,completed,-11
LoadAware,50,3658959723,213020,207256,4294961532,completed,-11
LoadAware,51,3658959723,213222,207459,4294961533,completed,-11
LoadAware,52,3658959723,213422,207657,4294961531,completed,-11
LoadAware,53,3658959723,213622,207857,4294961531,completed,-11
LoadAware,54,3658959723,213822,208056,4294961530,completed,-11
LoadAware,55,3658959723,214022,208257,4294961531,completed,-11
LoadAware,56,3658959723,214228,208464,4294961532,completed,-11
LoadAware,57,3658959723,214432,208705,4294961569,completed,-11
LoadAware,58,3658959723,214632,208866,4294961530,completed,-11
LoadAware,59,3658959723,214832,209067,4294961531,completed,-12
LoadAware,60,3658959723,215035,209461,4294961722,completed,-12
LoadAware,61,3658959723,215235,209563,4294961624,completed,-12
LoadAware,62,3658959723,215435,209690,4294961551,completed,-12
LoadAware,63,3658959723,215635,209869,4294961530,completed,-12
LoadAware,64,3658959723,215835,210070,4294961531,completed,-12
LoadAware,65,3658959723,216035,210269,4294961530,completed,-12
LoadAware,66,3658959723,216235,210472,4294961533,completed,-12
LoadAware,67,3658959723,216443,210853,4294961706,completed,-12
LoadAware,68,3658959723,216643,210962,4294961615,completed,-12
LoadAware,69,3658959723,216843,211081,4294961534,completed,-12
LoadAware,70,3658959723,217230,211465,4294961531,completed,-12
LoadAware,71,3658959723,217430,211665,4294961531,completed,-12
LoadAware,72,3658959723,217630,211864,4294961530,completed,-12
LoadAware,73,3658959723,217830,212064,4294961530,completed,-12
LoadAware,74,3658959723,218030,212264,4294961530,completed,-12
LoadAware,75,3658959723,218236,212473,4294961533,completed,-12
LoadAware,76,3658959723,218445,212681,4294961532,completed,-12
LoadAware,77,3658959723,218645,212894,4294961545,completed,-12
LoadAware,78,3658959723,218845,213082,4294961533,completed,-12
LoadAware,79,3658959723,219232,213467,4294961531,completed,-12
LoadAware,80,3658959723,219432,213668,4294961532,completed,-12
LoadAware,81,3658959723,219632,213866,4294961530,completed,-12
LoadAware,82,3658959723,219832,214067,4294961531,completed,-12
LoadAware,83,3658959723,220032,214266,4294961530,completed,-12
LoadAware,84,3658959723,220240,214476,4294961532,completed,-12
LoadAware,85,3658959723,220442,214728,4294961582,completed,-12
LoadAware,86,3658959723,220642,214877,4294961531,completed,-12
LoadAware,87,3658959723,220842,215079,4294961533,completed,-12
LoadAware,88,3658959723,221042,215468,4294961722,completed,-12
LoadAware,89,3658959723,221242,215571,4294961625,completed,-12
LoadAware,90,3658959723,221442,215678,4294961532,completed,-12
LoadAware,91,3658959723,221642,215877,4294961531,completed,-12
LoadAware,92,3658959723,221842,216077,4294961531,completed,-12
LoadAware,93,3658959723,222042,216276,4294961530,completed,-12
LoadAware,94,3658959723,222242,216480,4294961534,completed,-12
LoadAware,95,3658959723,222442,216691,4294961545,completed,-12
LoadAware,96,3658959723,222642,216876,4294961530,completed,-12
LoadAware,97,3658959723,222842,217077,4294961531,completed,-11
LoadAware,98,3658959723,223042,217276,4294961530,completed,-11
LoadAware,99,3658959723,223242,217479,4294961533,completed,-11
LoadAware,100,3658959723,223442,217678,4294961532,completed,-11
LoadAware,101,3658959723,223642,217876,4294961530,completed,-11
LoadAware,102,3658959723,223842,218076,4294961530,completed,-11
LoadAware,103,3658959723,224042,218276,4294961530,completed,-11
LoadAware,104,3658959723,224244,218485,4294961537,completed,-11
LoadAware,105,3658959723,224444,218679,4294961531,completed,-11
LoadAware,106,3658959723,224644,218878,4294961530,completed,-11
LoadAware,107,3658959723,224844,219079,4294961531,completed,-12
LoadAware,108,3658959723,225044,219278,4294961530,completed,-12
LoadAware,109,3658959723,225244,219482,4294961534,completed,-12
LoadAware,110,3658959723,225444,219678,4294961530,completed,-12
LoadAware,111,3658959723,225644,219878,4294961530,completed,-12
LoadAware,112,3658959723,225844,220079,4294961531,completed,-12
LoadAware,113,3658959723,226044,220278,4294961530,completed,-12
LoadAware,114,3658959723,226245,220486,4294961537,completed,-12
LoadAware,115,3658959723,226445,220680,4294961531,completed,-12
LoadAware,116,3658959723,226645,220879,4294961530,completed,-12
LoadAware,117,3658959723,226845,221079,4294961530,completed,-11
LoadAware,118,3658959723,227045,221281,4294961532,completed,-11
LoadAware,119,3658959723,227247,221485,4294961534,completed,-11
LoadAware,120,3658959723,227447,221683,4294961532,completed,-11
LoadAware,121,3658959723,227647,221882,4294961531,completed,-11
LoadAware,122,3658959723,227847,222081,4294961530,completed,-11
LoadAware,123,3658959723,228047,222282,4294961531,completed,-11
LoadAware,124,3658959723,228248,222484,4294961532,completed,-11
LoadAware,125,3658959723,228448,222683,4294961531,completed,-11
LoadAware,126,3658959723,228648,222882,4294961530,completed,-11
LoadAware,127,3658959723,228848,223085,4294961533,completed,-12
LoadAware,128,3658959723,229048,223284,4294961532,completed,-12
LoadAware,129,3658959723,229250,223486,4294961532,completed,-12
LoadAware,130,3658959723,229450,223693,4294961539,completed,-12
LoadAware,131,3658959723,229650,223884,4294961530,completed,-12
LoadAware,132,3658959723,229850,224085,4294961531,completed,-12
LoadAware,133,3658959723,230050,224284,4294961530,completed,-12
LoadAware,134,3658959723,230251,224488,4294961533,completed,-12
LoadAware,135,3658959723,230452,224727,4294961571,completed,-12
LoadAware,136,3658959723,230652,224887,4294961531,completed,-12
LoadAware,137,3658959723,230854,225088,4294961530,completed,-12
LoadAware,138,3658959723,231054,225480,4294961722,completed,-12
LoadAware,139,3658959723,231254,225583,4294961625,completed,-12
LoadAware,140,3658959723,231454,225690,4294961532,completed,-12
LoadAware,141,3658959723,231654,225889,4294961531,completed,-12
LoadAware,142,3658959723,231854,226088,4294961530,completed,-12
LoadAware,143,3658959723,232054,226289,4294961531,completed,-12
LoadAware,144,3658959723,232254,226491,4294961533,completed,-12
LoadAware,145,3658959723,232454,226689,4294961531,completed,-12
LoadAware,146,3658959723,232654,226888,4294961530,completed,-12
LoadAware,147,3658959723,232854,227089,4294961531,completed,-12
LoadAware,148,3658959723,233054,227288,4294961530,completed,-12
LoadAware,149,3658959723,233254,227491,4294961533,completed,-12
LoadAware,150,3658959723,233454,227690,4294961532,completed,-12
LoadAware,151,3658959723,233654,227888,4294961530,completed,-12
LoadAware,152,3658959723,233854,228088,4294961530,completed,-12
LoadAware,153,3658959723,234054,228288,4294961530,completed,-12
LoadAware,154,3658959723,234255,228495,4294961536,completed,-12
LoadAware,155,3658959723,234455,228691,4294961532,completed,-12
LoadAware,156,3658959723,234655,228889,4294961530,completed,-12
LoadAware,157,3658959723,234855,229091,4294961532,completed,-12
LoadAware,158,3658959723,235055,229289,4294961530,completed,-12
LoadAware,159,3658959723,235256,229494,4294961534,completed,-12
LoadAware,160,3658959723,235456,229690,4294961530,completed,-12
LoadAware,161,3658959723,235656,229890,4294961530,completed,-12
LoadAware,162,3658959723,235856,230090,4294961530,completed,-12
LoadAware,163,3658959723,236056,230291,4294961531,completed,-12
LoadAware,164,3658959723,236258,230496,4294961534,completed,-12
LoadAware,165,3658959723,236458,230692,4294961530,completed,-12
LoadAware,166,3658959723,236658,230893,4294961531,completed,-12
LoadAware,167,3658959723,236858,231092,4294961530,completed,-11
LoadAware,168,3658959723,237058,231293,4294961531,completed,-11
LoadAware,169,3658959723,237260,231498,4294961534,completed,-11
LoadAware,170,3658959723,237460,231695,4294961531,completed,-11
LoadAware,171,3658959723,237660,231894,4294961530,completed,-11
LoadAware,172,3658959723,237860,232094,4294961530,completed,-11
LoadAware,173,3658959723,238060,232295,4294961531,completed,-11
LoadAware,174,3658959723,238261,232498,4294961533,completed,-11
LoadAware,175,3658959723,238466,232703,4294961533,completed,-11
LoadAware,176,3658959723,238666,232901,4294961531,completed,-11
LoadAware,177,3658959723,238866,233102,4294961532,completed,-11
LoadAware,178,3658959723,239255,233490,4294961531,completed,-11
LoadAware,179,3658959723,239455,233692,4294961533,completed,-11
LoadAware,180,3658959723,239655,233890,4294961531,completed,-11
LoadAware,181,3658959723,239855,234090,4294961531,completed,-11
LoadAware,182,3658959723,240055,234290,4294961531,completed,-11
LoadAware,183,3658959723,240262,234501,4294961535,completed,-11
LoadAware,184,3658959723,240465,234724,4294961555,completed,-11
LoadAware,185,3658959723,240665,234900,4294961531,completed,-11
LoadAware,186,3658959723,240865,235100,4294961531,completed,-12
LoadAware,187,3658959723,241065,235492,4294961723,completed,-12
LoadAware,188,3658959723,241265,235601,4294961632,completed,-12
LoadAware,189,3658959723,241465,235703,4294961534,completed,-12
LoadAware,190,3658959723,241665,235899,4294961530,completed,-12
LoadAware,191,3658959723,241865,236100,4294961531,completed,-12
LoadAware,192,3658959723,242065,236299,4294961530,completed,-12
LoadAware,193,3658959723,242265,236500,4294961531,completed,-12
LoadAware,194,3658959723,242465,236700,4294961531,completed,-12
LoadAware,195,3658959723,242665,236900,4294961531,completed,-12
LoadAware,196,3658959723,242865,237099,4294961530,completed,-11
LoadAware,197,3658959723,243065,237300,4294961531,completed,-11
LoadAware,198,3658959723,243266,237503,4294961533,completed,-11
LoadAware,199,3658959723,243466,237702,4294961532,completed,-11
LoadAware,200,3658959723,243666,237901,4294961531,completed,-11
LoadAware,201,3658959723,243866,238100,4294961530,completed,-11
LoadAware,202,3658959723,244066,238300,4294961530,completed,-11
LoadAware,203,3658959723,244267,238505,4294961534,completed,-11
LoadAware,204,3658959723,244467,238752,4294961581,completed,-11
LoadAware,205,3658959723,244667,238901,4294961530,completed,-11
LoadAware,206,3658959723,244867,239101,4294961530,completed,-11
LoadAware,207,3658959723,245067,239302,4294961531,completed,-11
LoadAware,208,3658959723,245267,239504,4294961533,completed,-11
LoadAware,209,3658959723,245467,239703,4294961532,completed,-11
LoadAware,210,3658959723,245667,239901,4294961530,completed,-11
LoadAware,211,3658959723,245867,240101,4294961530,completed,-11
LoadAware,212,3658959723,246067,240302,4294961531,completed,-11
LoadAware,213,3658959723,246268,240507,4294961535,completed,-11
LoadAware,214,3658959723,246468,240702,4294961530,completed,-11
LoadAware,215,3658959723,246668,240902,4294961530,completed,-11
LoadAware,216,3658959723,246868,241102,4294961530,completed,-12
LoadAware,217,3658959723,247068,241302,4294961530,completed,-12
LoadAware,218,3658959723,247270,241508,4294961534,completed,-12
LoadAware,219,3658959723,247470,241704,4294961530,completed,-12
LoadAware,220,3658959723,247670,241906,4294961532,completed,-12
LoadAware,221,3658959723,247870,242104,4294961530,completed,-12
LoadAware,222,3658959723,248070,242304,4294961530,completed,-12
LoadAware,223,3658959723,248270,242509,4294961535,completed,-12
LoadAware,224,3658959723,248470,242704,4294961530,completed,-12
LoadAware,225,3658959723,248670,242904,4294961530,completed,-12
LoadAware,226,3658959723,248870,243104,4294961530,completed,-11
LoadAware,227,3658959723,249070,243305,4294961531,completed,-11
LoadAware,228,3658959723,249272,243510,4294961534,completed,-11
LoadAware,229,3658959723,249472,243707,4294961531,completed,-11
LoadAware,230,3658959723,249672,243907,4294961531,completed,-11
LoadAware,231,3658959723,249872,244108,4294961532,completed,-11
LoadAware,232,3658959723,250072,244307,4294961531,completed,-11
LoadAware,233,3658959723,250273,244510,4294961533,completed,-11
LoadAware,234,3658959723,250473,244708,4294961531,completed,-11
LoadAware,235,3658959723,250673,244910,4294961533,completed,-11
LoadAware,236,3658959723,250873,245109,4294961532,completed,-12
LoadAware,237,3658959723,251073,245308,4294961531,completed,-12
LoadAware,238,3658959723,251275,245512,4294961533,completed,-12
LoadAware,239,3658959723,251475,245710,4294961531,completed,-12
LoadAware,240,3658959723,251675,245910,4294961531,completed,-12
LoadAware,241,3658959723,251875,246110,4294961531,completed,-12
LoadAware,242,3658959723,252075,246309,4294961530,completed,-12
LoadAware,243,3658959723,252275,246514,4294961535,completed,-12
LoadAware,244,3658959723,252475,246709,4294961530,completed,-12
LoadAware,245,3658959723,252675,246911,4294961532,completed,-12
LoadAware,246,3658959723,252875,247109,4294961530,completed,-11
LoadAware,247,3658959723,253075,247311,4294961532,completed,-11
LoadAware,248,3658959723,253276,247516,4294961536,completed,-11
LoadAware,249,3658959723,253476,247711,4294961531,completed,-11
LoadAware,250,3658959723,253676,247912,4294961532,completed,-11
LoadAware,251,3658959723,253876,248110,4294961530,completed,-11
LoadAware,252,3658959723,254076,248310,4294961530,completed,-11
LoadAware,253,3658959723,254276,248515,4294961535,completed,-11
LoadAware,254,3658959723,254476,248711,4294961531,completed,-11
LoadAware,255,3658959723,254676,248911,4294961531,completed,-11
LoadAware,256,3658959723,254876,249110,4294961530,completed,-12
LoadAware,257,3658959723,255076,249313,4294961533,completed,-12
LoadAware,258,3658959723,255277,249514,4294961533,completed,-12
LoadAware,259,3658959723,255477,249712,4294961531,completed,-12
LoadAware,260,3658959723,255677,249911,4294961530,completed,-12
LoadAware,261,3658959723,255877,250111,4294961530,completed,-12
LoadAware,262,3658959723,256077,250311,4294961530,completed,-12
LoadAware,263,3658959723,256278,250515,4294961533,completed,-12
LoadAware,264,3658959723,256478,250742,4294961560,completed,-12
LoadAware,265,3658959723,256678,250912,4294961530,completed,-12
LoadAware,266,3658959723,256878,251112,4294961530,completed,-11
LoadAware,267,3658959723,257078,251312,4294961530,completed,-11
LoadAware,268,3658959723,257279,251518,4294961535,completed,-11
LoadAware,269,3658959723,257479,251715,4294961532,completed,-11
LoadAware,270,3658959723,257679,251913,4294961530,completed,-11
LoadAware,271,3658959723,257879,252113,4294961530,completed,-11
LoadAware,272,3658959723,258079,252314,4294961531,completed,-11
LoadAware,273,3658959723,258280,252519,4294961535,completed,-11
LoadAware,274,3658959723,258480,252716,4294961532,completed,-11
LoadAware,275,3658959723,258680,252915,4294961531,completed,-11
LoadAware,276,3658959723,258880,253115,4294961531,completed,-12
LoadAware,277,3658959723,259080,253315,4294961531,completed,-12
LoadAware,278,3658959723,259282,253519,4294961533,completed,-12
LoadAware,279,3658959723,259482,253717,4294961531,completed,-12
LoadAware,280,3658959723,259682,253916,4294961530,completed,-12
LoadAware,281,3658959723,259882,254116,4294961530,completed,-12
LoadAware,282,3658959723,260082,254318,4294961532,completed,-12
LoadAware,283,3658959723,260283,254524,4294961537,completed,-12
LoadAware,284,3658959723,260483,254718,4294961531,completed,-12
LoadAware,285,3658959723,260683,254918,4294961531,completed,-12
LoadAware,286,3658959723,260883,255119,4294961532,completed,-12
LoadAware,287,3658959723,261083,255317,4294961530,completed,-12
LoadAware,288,3658959723,261284,255521,4294961533,completed,-12
LoadAware,289,3658959723,261484,255719,4294961531,completed,-12
LoadAware,290,3658959723,261684,255920,4294961532,completed,-12
LoadAware,291,3658959723,261884,256119,4294961531,completed,-12
LoadAware,292,3658959723,262084,256318,4294961530,completed,-12
LoadAware,293,3658959723,262284,256521,4294961533,completed,-12
LoadAware,294,3658959723,262484,256750,4294961562,completed,-12
LoadAware,295,3658959723,262684,256919,4294961531,completed,-12
LoadAware,296,3658959723,262884,257119,4294961531,completed,-11
LoadAware,297,3658959723,263084,257319,4294961531,completed,-11
LoadAware,298,3658959723,263287,257524,4294961533,completed,-11
LoadAware,299,3658959723,263487,257722,4294961531,completed,-11
LoadAware,300,3658959723,263687,257922,4294961531,completed,-11
LoadAware,301,3658959723,263887,258121,4294961530,completed,-11
LoadAware,302,3658959723,264087,258324,4294961533,completed,-11
LoadAware,303,3658959723,264287,258526,4294961535,completed,-11
LoadAware,304,3658959723,264487,258722,4294961531,completed,-11
LoadAware,305,3658959723,264687,258922,4294961531,completed,-11
LoadAware,306,3658959723,264889,259123,4294961530,completed,-11
LoadAware,307,3658959723,265089,259324,4294961531,completed,-11
LoadAware,308,3658959723,265292,259527,4294961531,completed,-11
LoadAware,309,3658959723,265492,259727,4294961531,completed,-11
LoadAware,310,3658959723,265692,259929,4294961533,completed,-11
LoadAware,311,3658959723,265892,260127,4294961531,completed,-11
LoadAware,312,3658959723,266092,260519,4294961723,completed,-11
LoadAware,313,3658959723,266293,260749,4294961752,completed,-11
LoadAware,314,3658959723,266493,260852,4294961655,completed,-11
LoadAware,315,3658959723,266693,260962,4294961565,completed,-11
LoadAware,316,3658959723,266893,261129,4294961532,completed,-12
LoadAware,317,3658959723,267093,261328,4294961531,completed,-12
LoadAware,318,3658959723,267293,261530,4294961533,completed,-12
LoadAware,319,3658959723,267493,261729,4294961532,completed,-12
LoadAware,320,3658959723,267693,261928,4294961531,completed,-12
LoadAware,321,3658959723,267893,262128,4294961531,completed,-12
LoadAware,322,3658959723,268093,262328,4294961531,completed,-12
LoadAware,323,3658959723,268294,262531,4294961533,completed,-12
LoadAware,324,3658959723,268494,262729,4294961531,completed,-12
LoadAware,325,3658959723,268694,262929,4294961531,completed,-12
LoadAware,326,3658959723,268894,263129,4294961531,completed,-11
LoadAware,327,3658959723,269094,263330,4294961532,completed,-11
LoadAware,328,3658959723,269294,263532,4294961534,completed,-11
LoadAware,329,3658959723,269494,263729,4294961531,completed,-11
LoadAware,330,3658959723,269694,263928,4294961530,completed,-11
LoadAware,331,3658959723,269894,264129,4294961531,completed,-11
LoadAware,332,3658959723,270094,264328,4294961530,completed,-11
LoadAware,333,3658959723,270295,264535,4294961536,completed,-11
LoadAware,334,3658959723,270495,264730,4294961531,completed,-11
LoadAware,335,3658959723,270695,264931,4294961532,completed,-11
LoadAware,336,3658959723,270895,265132,4294961533,completed,-11
LoadAware,337,3658959723,271095,265330,4294961531,completed,-11
LoadAware,338,3658959723,271297,265534,4294961533,completed,-11
LoadAware,339,3658959723,271497,265732,4294961531,completed,-11
LoadAware,340,3658959723,271697,265932,4294961531,completed,-11
LoadAware,341,3658959723,271897,266131,4294961530,completed,-11
LoadAware,342,3658959723,272097,266332,4294961531,completed,-11
LoadAware,343,3658959723,272297,266535,4294961534,completed,-11
LoadAware,344,3658959723,272497,266751,4294961550,completed,-11
LoadAware,345,3658959723,272697,266932,4294961531,completed,-11
LoadAware,346,3658959723,272897,267133,4294961532,completed,-12
LoadAware,347,3658959723,273097,267332,4294961531,completed,-12
LoadAware,348,3658959723,273299,267536,4294961533,completed,-12
LoadAware,349,3658959723,273499,267736,4294961533,completed,-12
LoadAware,350,3658959723,273699,267933,4294961530,completed,-12
LoadAware,351,3658959723,273899,268134,4294961531,completed,-12
LoadAware,352,3658959723,274099,268333,4294961530,completed,-12
LoadAware,353,3658959723,274299,268537,4294961534,completed,-12
LoadAware,354,3658959723,274499,268734,4294961531,completed,-12
LoadAware,355,3658959723,274699,268934,4294961531,completed,-12
LoadAware,356,3658959723,274899,269134,4294961531,completed,-11
LoadAware,357,3658959723,275099,269334,4294961531,completed,-11
LoadAware,358,3658959723,275300,269538,4294961534,completed,-11
LoadAware,359,3658959723,275500,269735,4294961531,completed,-11
LoadAware,360,3658959723,275700,269936,4294961532,completed,-11
LoadAware,361,3658959723,275900,270134,4294961530,completed,-11
LoadAware,362,3658959723,276100,270334,4294961530,completed,-11
LoadAware,363,3658959723,276301,270540,4294961535,completed,-11
LoadAware,364,3658959723,276501,270752,4294961547,completed,-11
LoadAware,365,3658959723,276701,270936,4294961531,completed,-11
LoadAware,366,3658959723,276903,271137,4294961530,completed,-12
LoadAware,367,3658959723,277103,271338,4294961531,completed,-12
LoadAware,368,3658959723,277304,271540,4294961532,completed,-12
LoadAware,369,3658959723,277504,271740,4294961532,completed,-12
LoadAware,370,3658959723,277704,271939,4294961531,completed,-12
LoadAware,371,3658959723,277904,272138,4294961530,completed,-12
LoadAware,372,3658959723,278104,272338,4294961530,completed,-12
LoadAware,373,3658959723,278304,272541,4294961533,completed,-12
LoadAware,374,3658959723,278504,272738,4294961530,completed,-12
LoadAware,375,3658959723,278704,272938,4294961530,completed,-12
LoadAware,376,3658959723,278904,273138,4294961530,completed,-11
LoadAware,377,3658959723,279104,273338,4294961530,completed,-11
LoadAware,378,3658959723,279304,273542,4294961534,completed,-11
LoadAware,379,3658959723,279504,273739,4294961531,completed,-11
LoadAware,380,3658959723,279704,273963,4294961555,completed,-11
LoadAware,381,3658959723,279904,274143,4294961535,completed,-11
LoadAware,382,3658959723,280104,274338,4294961530,completed,-11
LoadAware,383,3658959723,280305,274544,4294961535,completed,-11
LoadAware,384,3658959723,280505,274740,4294961531,completed,-11
LoadAware,385,3658959723,280705,274940,4294961531,completed,-11
LoadAware,386,3658959723,280905,275139,4294961530,completed,-11
LoadAware,387,3658959723,281105,275341,4294961532,completed,-11
LoadAware,388,3658959723,281306,275548,4294961538,completed,-11
LoadAware,389,3658959723,281506,275741,4294961531,completed,-11
LoadAware,390,3658959723,281706,275940,4294961530,completed,-11
LoadAware,391,3658959723,281906,276142,4294961532,completed,-11
LoadAware,392,3658959723,282106,276342,4294961532,completed,-11
LoadAware,393,3658959723,282308,276545,4294961533,completed,-11
LoadAware,394,3658959723,282508,276743,4294961531,completed,-11
LoadAware,395,3658959723,282708,276943,4294961531,completed,-11
LoadAware,396,3658959723,282908,277144,4294961532,completed,-11
LoadAware,397,3658959723,283108,277342,4294961530,completed,-11
LoadAware,398,3658959723,283309,277546,4294961533,completed,-11
LoadAware,399,3658959723,283509,277746,4294961533,completed,-11
LoadAware,400,3658959723,283709,277943,4294961530,completed,-11
LoadAware,401,3658959723,283909,278144,4294961531,completed,-11
LoadAware,402,3658959723,284109,278344,4294961531,completed,-11
LoadAware,403,3658959723,284310,278547,4294961533,completed,-11
LoadAware,404,3658959723,284510,278799,4294961585,completed,-11
LoadAware,405,3658959723,284710,278945,4294961531,completed,-11
LoadAware,406,3658959723,284910,279145,4294961531,completed,-11
LoadAware,407,3658959723,285110,279344,4294961530,completed,-11
LoadAware,408,3658959723,285311,279548,4294961533,completed,-11
LoadAware,409,3658959723,285511,279746,4294961531,completed,-11
LoadAware,410,3658959723,285711,279947,4294961532,completed,-11
LoadAware,411,3658959723,285911,280145,4294961530,completed,-11
LoadAware,412,3658959723,286111,280346,4294961531,completed,-11
LoadAware,413,3658959723,286312,280550,4294961534,completed,-11
LoadAware,414,3658959723,286512,280747,4294961531,completed,-11
LoadAware,415,3658959723,286712,280947,4294961531,completed,-11
LoadAware,416,3658959723,286912,281148,4294961532,completed,-12
LoadAware,417,3658959723,287112,281347,4294961531,completed,-12
LoadAware,418,3658959723,287314,281551,4294961533,completed,-12
LoadAware,419,3658959723,287514,281750,4294961532,completed,-12
LoadAware,420,3658959723,287714,281949,4294961531,completed,-12
LoadAware,421,3658959723,287914,282169,4294961551,completed,-12
LoadAware,422,3658959723,288114,282348,4294961530,completed,-12
LoadAware,423,3658959723,288315,282552,4294961533,completed,-12
LoadAware,424,3658959723,288515,282749,4294961530,completed,-12
LoadAware,425,3658959723,288715,282950,4294961531,completed,-12
LoadAware,426,3658959723,288915,283150,4294961531,completed,-11
LoadAware,427,3658959723,289115,283349,4294961530,completed,-11
LoadAware,428,3658959723,289316,283554,4294961534,completed,-11
LoadAware,429,3658959723,289516,283751,4294961531,completed,-11
LoadAware,430,3658959723,289716,283951,4294961531,completed,-11
LoadAware,431,3658959723,289916,284150,4294961530,completed,-11
LoadAware,432,3658959723,290116,284351,4294961531,completed,-11
LoadAware,433,3658959723,290316,284556,4294961536,completed,-11
LoadAware,434,3658959723,290516,284751,4294961531,completed,-11
LoadAware,435,3658959723,290716,284950,4294961530,completed,-11
LoadAware,436,3658959723,290916,285155,4294961535,completed,-11
LoadAware,437,3658959723,291116,285352,4294961532,completed,-11
LoadAware,438,3658959723,291317,285555,4294961534,completed,-11
LoadAware,439,3658959723,291517,285753,4294961532,completed,-11
LoadAware,440,3658959723,291717,285952,4294961531,completed,-11
LoadAware,441,3658959723,291917,286151,4294961530,completed,-11
LoadAware,442,3658959723,292117,286352,4294961531,completed,-11
LoadAware,443,3658959723,292318,286556,4294961534,completed,-11
LoadAware,444,3658959723,292518,286754,4294961532,completed,-11
LoadAware,445,3658959723,292718,286953,4294961531,completed,-11
LoadAware,446,3658959723,292918,287154,4294961532,completed,-11
LoadAware,447,3658959723,293118,287353,4294961531,completed,-11
LoadAware,448,3658959723,293319,287556,4294961533,completed,-11
LoadAware,449,3658959723,293519,287754,4294961531,completed,-11
LoadAware,450,3658959723,293719,288001,4294961578,completed,-11
LoadAware,451,3658959723,293919,288155,4294961532,completed,-11
LoadAware,452,3658959723,294119,288354,4294961531,completed,-11
LoadAware,453,3658959723,294320,288557,4294961533,completed,-11
LoadAware,454,3658959723,294520,288756,4294961532,completed,-11
LoadAware,455,3658959723,294720,288955,4294961531,completed,-11
LoadAware,456,3658959723,294920,289156,4294961532,completed,-11
LoadAware,457,3658959723,295120,289355,4294961531,completed,-11
LoadAware,458,3658959723,295322,289559,4294961533,completed,-11
LoadAware,459,3658959723,295522,289756,4294961530,completed,-11
LoadAware,460,3658959723,295722,289957,4294961531,completed,-11
LoadAware,461,3658959723,295922,290156,4294961530,completed,-11
LoadAware,462,3658959723,296122,290356,4294961530,completed,-11
LoadAware,463,3658959723,296322,290559,4294961533,completed,-11
LoadAware,464,3658959723,296522,290774,4294961548,completed,-11
LoadAware,465,3658959723,296722,290957,4294961531,completed,-11
LoadAware,466,3658959723,296922,291156,4294961530,completed,-11
LoadAware,467,3658959723,297122,291366,4294961540,completed,-11
LoadAware,468,3658959723,297325,291562,4294961533,completed,-11
LoadAware,469,3658959723,297525,291776,4294961547,completed,-11
LoadAware,470,3658959723,297725,291960,4294961531,completed,-11
LoadAware,471,3658959723,297925,292160,4294961531,completed,-11
LoadAware,472,3658959723,298125,292360,4294961531,completed,-11
LoadAware,473,3658959723,298326,292563,4294961533,completed,-11
LoadAware,474,3658959723,298526,292761,4294961531,completed,-11
LoadAware,475,3658959723,298726,292961,4294961531,completed,-11
LoadAware,476,3658959723,298926,293161,4294961531,completed,-11
LoadAware,477,3658959723,299126,293360,4294961530,completed,-11
LoadAware,478,3658959723,299326,293564,4294961534,completed,-11
LoadAware,479,3658959723,299526,293761,4294961531,completed,-11
LoadAware,480,3658959723,299726,293960,4294961530,completed,-11
LoadAware,481,3658959723,299926,294160,4294961530,completed,-11
LoadAware,482,3658959723,300126,294360,4294961530,completed,-11
LoadAware,483,3658959723,300327,294566,4294961535,completed,-11
LoadAware,484,3658959723,300527,294762,4294961531,completed,-11
LoadAware,485,3658959723,300727,294962,4294961531,completed,-11
LoadAware,486,3658959723,300927,295161,4294961530,completed,-11
LoadAware,487,3658959723,301127,295362,4294961531,completed,-11
LoadAware,488,3658959723,301327,295565,4294961534,completed,-11
LoadAware,489,3658959723,301527,295762,4294961531,completed,-11
LoadAware,490,3658959723,301727,295961,4294961530,completed,-11
LoadAware,491,3658959723,301927,296163,4294961532,completed,-11
LoadAware,492,3658959723,302127,296365,4294961534,completed,-11
LoadAware,493,3658959723,302329,296568,4294961535,completed,-11
LoadAware,494,3658959723,302529,296776,4294961543,completed,-11
LoadAware,495,3658959723,302729,296964,4294961531,completed,-11
LoadAware,496,3658959723,302929,297165,4294961532,completed,-11
LoadAware,497,3658959723,303129,297363,4294961530,completed,-11
LoadAware,498,3658959723,303329,297570,4294961537,completed,-11
LoadAware,499,3658959723,303529,297765,4294961532,completed,-11
LoadAware,500,3658959723,303729,297964,4294961531,completed,-11
LoadAware,501,3658959723,303929,298164,4294961531,completed,-11
LoadAware,502,3658959723,304129,298363,4294961530,completed,-11
LoadAware,503,3658959723,304330,298569,4294961535,completed,-11
LoadAware,504,3658959723,304530,298800,4294961566,completed,-11
LoadAware,505,3658959723,304730,298965,4294961531,completed,-11
LoadAware,506,3658959723,304930,299165,4294961531,completed,-12
LoadAware,507,3658959723,305130,299365,4294961531,completed,-12
LoadAware,508,3658959723,305331,299569,4294961534,completed,-12
LoadAware,509,3658959723,305531,299766,4294961531,completed,-12
LoadAware,510,3658959723,305731,299967,4294961532,completed,-12
LoadAware,511,3658959723,305931,300166,4294961531,completed,-12
LoadAware,512,3658959723,306131,300365,4294961530,completed,-12
LoadAware,513,3658959723,306332,300569,4294961533,completed,-12
LoadAware,514,3658959723,306532,300768,4294961532,completed,-12
LoadAware,515,3658959723,306732,300966,4294961530,completed,-12
LoadAware,516,3658959723,306932,301166,4294961530,completed,-12
LoadAware,517,3658959723,307132,301368,4294961532,completed,-12
LoadAware,518,3658959723,307334,301571,4294961533,completed,-12
LoadAware,519,3658959723,307534,301770,4294961532,completed,-12
LoadAware,520,3658959723,307734,301969,4294961531,completed,-12
LoadAware,521,3658959723,307934,302170,4294961532,completed,-12
LoadAware,522,3658959723,308134,302368,4294961530,completed,-12
LoadAware,523,3658959723,308335,302573,4294961534,completed,-12
LoadAware,524,3658959723,308535,302770,4294961531,completed,-12
LoadAware,525,3658959723,308735,302971,4294961532,completed,-12
LoadAware,526,3658959723,308935,303169,4294961530,completed,-11
LoadAware,527,3658959723,309135,303370,4294961531,completed,-11
LoadAware,528,3658959723,309336,303574,4294961534,completed,-11
LoadAware,529,3658959723,309536,303771,4294961531,completed,-11
LoadAware,530,3658959723,309736,303971,4294961531,completed,-11
LoadAware,531,3658959723,309936,304171,4294961531,completed,-11
LoadAware,532,3658959723,310136,304371,4294961531,completed,-11
LoadAware,533,3658959723,310336,304576,4294961536,completed,-11
LoadAware,534,3658959723,310536,304771,4294961531,completed,-11
LoadAware,535,3658959723,310736,304971,4294961531,completed,-11
LoadAware,536,3658959723,310936,305172,4294961532,completed,-11
LoadAware,537,3658959723,311136,305371,4294961531,completed,-11
LoadAware,538,3658959723,311337,305575,4294961534,completed,-11
LoadAware,539,3658959723,311537,305798,4294961557,completed,-11
LoadAware,540,3658959723,311737,305972,4294961531,completed,-11
LoadAware,541,3658959723,311937,306171,4294961530,completed,-11
LoadAware,542,3658959723,312137,306372,4294961531,completed,-11
LoadAware,543,3658959723,312338,306576,4294961534,completed,-11
LoadAware,544,3658959723,312538,306773,4294961531,completed,-11
LoadAware,545,3658959723,312738,306973,4294961531,completed,-11
LoadAware,546,3658959723,312938,307173,4294961531,completed,-11
LoadAware,547,3658959723,313138,307373,4294961531,completed,-11
LoadAware,548,3658959723,313340,307578,4294961534,completed,-11
LoadAware,549,3658959723,313540,307775,4294961531,completed,-11
LoadAware,550,3658959723,313740,307975,4294961531,completed,-11
LoadAware,551,3658959723,313940,308176,4294961532,completed,-11
LoadAware,552,3658959723,314140,308374,4294961530,completed,-11
LoadAware,553,3658959723,314340,308578,4294961534,completed,-11
LoadAware,554,3658959723,314540,308775,4294961531,completed,-11
LoadAware,555,3658959723,314740,308975,4294961531,completed,-11
LoadAware,556,3658959723,314940,309175,4294961531,completed,-12
LoadAware,557,3658959723,315140,309375,4294961531,completed,-12
LoadAware,558,3658959723,315341,309578,4294961533,completed,-12
LoadAware,559,3658959723,315541,309776,4294961531,completed,-12
LoadAware,560,3658959723,315741,309977,4294961532,completed,-12
LoadAware,561,3658959723,315941,310175,4294961530,completed,-12
LoadAware,562,3658959723,316141,310376,4294961531,completed,-12
LoadAware,563,3658959723,316342,310580,4294961534,completed,-12
LoadAware,564,3658959723,316542,310823,4294961577,completed,-12
LoadAware,565,3658959723,316742,310977,4294961531,completed,-12
LoadAware,566,3658959723,316942,311176,4294961530,completed,-12
LoadAware,567,3658959723,317142,311377,4294961531,completed,-12
LoadAware,568,3658959723,317344,311581,4294961533,completed,-12
LoadAware,569,3658959723,317544,311780,4294961532,completed,-12
LoadAware,570,3658959723,317744,311979,4294961531,completed,-12
LoadAware,571,3658959723,317944,312179,4294961531,completed,-12
LoadAware,572,3658959723,318144,312378,4294961530,completed,-12
LoadAware,573,3658959723,318345,312582,4294961533,completed,-12
LoadAware,574,3658959723,318545,312780,4294961531,completed,-12
LoadAware,575,3658959723,318745,312980,4294961531,completed,-12
LoadAware,576,3658959723,318945,313180,4294961531,completed,-13
LoadAware,577,3658959723,319145,313381,4294961532,completed,-13
LoadAware,578,3658959723,319345,313584,4294961535,completed,-13
LoadAware,579,3658959723,319545,313780,4294961531,completed,-13
LoadAware,580,3658959723,319745,313981,4294961532,completed,-13
LoadAware,581,3658959723,319945,314182,4294961533,completed,-13
LoadAware,582,3658959723,320145,314379,4294961530,completed,-13
LoadAware,583,3658959723,320346,314586,4294961536,completed,-13
LoadAware,584,3658959723,320546,314781,4294961531,completed,-13
LoadAware,585,3658959723,320746,314980,4294961530,completed,-13
LoadAware,586,3658959723,320946,315183,4294961533,completed,-12
LoadAware,587,3658959723,321146,315382,4294961532,completed,-12
LoadAware,588,3658959723,321348,315585,4294961533,completed,-12
LoadAware,589,3658959723,321548,315783,4294961531,completed,-12
LoadAware,590,3658959723,321748,315983,4294961531,completed,-12
LoadAware,591,3658959723,321948,316182,4294961530,completed,-12
LoadAware,592,3658959723,322148,316383,4294961531,completed,-12
LoadAware,593,3658959723,322348,316586,4294961534,completed,-12
LoadAware,594,3658959723,322548,316783,4294961531,completed,-12
LoadAware,595,3658959723,322748,316983,4294961531,completed,-12
LoadAware,SUMMARY,ALL,0,0,120000,batch_complete,0
----------------,---,---,---,---,---,----------------,---
LoadAware,596,3658959723,332704,326960,4294961552,completed,-11
LoadAware,597,3658959723,332904,327139,4294961531,completed,-11
LoadAware,598,3658959723,333104,327339,4294961531,completed,-11
LoadAware,599,3658959723,333359,327599,4294961536,completed,-11
LoadAware,600,3658959723,333559,327794,4294961531,completed,-11
LoadAware,601,3658959723,333759,327994,4294961531,completed,-11
LoadAware,602,3658959723,333959,328194,4294961531,completed,-11
LoadAware,603,3658959723,334159,328393,4294961530,completed,-11
LoadAware,604,3658959723,334361,328599,4294961534,completed,-11
LoadAware,605,3658959723,334561,328825,4294961560,completed,-11
LoadAware,606,3658959723,334761,328997,4294961532,completed,-11
LoadAware,607,3658959723,334961,329195,4294961530,completed,-12
LoadAware,608,3658959723,335161,329397,4294961532,completed,-12
LoadAware,609,3658959723,335362,329599,4294961533,completed,-12
LoadAware,610,3658959723,335562,329797,4294961531,completed,-12
LoadAware,611,3658959723,335762,329997,4294961531,completed,-12
LoadAware,612,3658959723,335962,330196,4294961530,completed,-12
LoadAware,613,3658959723,336162,330398,4294961532,completed,-12
LoadAware,614,3658959723,336362,330600,4294961534,completed,-12
LoadAware,615,3658959723,336562,330874,4294961608,completed,-12
LoadAware,616,3658959723,336762,330996,4294961530,completed,-12
LoadAware,617,3658959723,336962,331198,4294961532,completed,-11
LoadAware,618,3658959723,337162,331397,4294961531,completed,-11
LoadAware,619,3658959723,337364,331602,4294961534,completed,-11
LoadAware,620,3658959723,337564,331799,4294961531,completed,-11
LoadAware,621,3658959723,337764,332001,4294961533,completed,-11
LoadAware,622,3658959723,337964,332200,4294961532,completed,-11
LoadAware,623,3658959723,338164,332399,4294961531,completed,-11
LoadAware,624,3658959723,338364,332602,4294961534,completed,-11
LoadAware,625,3658959723,338564,332995,4294961727,completed,-11
LoadAware,626,3658959723,338764,333104,4294961636,completed,-11
LoadAware,627,3658959723,338964,333206,4294961538,completed,-11
LoadAware,628,3658959723,339164,333399,4294961531,completed,-11
LoadAware,629,3658959723,339366,333604,4294961534,completed,-11
LoadAware,630,3658959723,339566,333801,4294961531,completed,-11
LoadAware,631,3658959723,339766,334003,4294961533,completed,-11
LoadAware,632,3658959723,339966,334203,4294961533,completed,-11
LoadAware,633,3658959723,340166,334401,4294961531,completed,-11
LoadAware,634,3658959723,340367,334604,4294961533,completed,-11
LoadAware,635,3658959723,340567,334803,4294961532,completed,-11
LoadAware,636,3658959723,340767,335002,4294961531,completed,-11
LoadAware,637,3658959723,340967,335203,4294961532,completed,-11
LoadAware,638,3658959723,341167,335403,4294961532,completed,-11
LoadAware,639,3658959723,341369,335605,4294961532,completed,-11
LoadAware,640,3658959723,341569,335805,4294961532,completed,-11
LoadAware,641,3658959723,341769,336004,4294961531,completed,-11
LoadAware,642,3658959723,341969,336204,4294961531,completed,-11
LoadAware,643,3658959723,342169,336404,4294961531,completed,-11
LoadAware,644,3658959723,342370,336610,4294961536,completed,-11
LoadAware,645,3658959723,342570,336805,4294961531,completed,-11
LoadAware,646,3658959723,342770,337005,4294961531,completed,-11
LoadAware,647,3658959723,342970,337205,4294961531,completed,-12
LoadAware,648,3658959723,343170,337405,4294961531,completed,-12
LoadAware,649,3658959723,343370,337609,4294961535,completed,-12
LoadAware,650,3658959723,343570,337806,4294961532,completed,-12
LoadAware,651,3658959723,343770,338005,4294961531,completed,-12
LoadAware,652,3658959723,343970,338205,4294961531,completed,-12
LoadAware,653,3658959723,344170,338405,4294961531,completed,-12
LoadAware,654,3658959723,344371,338610,4294961535,completed,-12
LoadAware,655,3658959723,344571,338806,4294961531,completed,-12
LoadAware,656,3658959723,344771,339006,4294961531,completed,-12
LoadAware,657,3658959723,344971,339206,4294961531,completed,-11
LoadAware,658,3658959723,345171,339407,4294961532,completed,-11
LoadAware,659,3658959723,345371,339609,4294961534,completed,-11
LoadAware,660,3658959723,345571,339806,4294961531,completed,-11
LoadAware,661,3658959723,345771,340006,4294961531,completed,-11
LoadAware,662,3658959723,345971,340206,4294961531,completed,-11
LoadAware,663,3658959723,346171,340406,4294961531,completed,-11
LoadAware,664,3658959723,346373,340611,4294961534,completed,-11
LoadAware,665,3658959723,346573,340809,4294961532,completed,-11
LoadAware,666,3658959723,346773,341008,4294961531,completed,-11
LoadAware,667,3658959723,346973,341208,4294961531,completed,-11
LoadAware,668,3658959723,347173,341408,4294961531,completed,-11
LoadAware,669,3658959723,347373,341610,4294961533,completed,-11
LoadAware,670,3658959723,347573,341808,4294961531,completed,-11
LoadAware,671,3658959723,347773,342008,4294961531,completed,-11
LoadAware,672,3658959723,347973,342209,4294961532,completed,-11
LoadAware,673,3658959723,348173,342407,4294961530,completed,-11
LoadAware,674,3658959723,348374,342612,4294961534,completed,-11
LoadAware,675,3658959723,348574,342809,4294961531,completed,-11
LoadAware,676,3658959723,348774,343010,4294961532,completed,-11
LoadAware,677,3658959723,348974,343210,4294961532,completed,-12
LoadAware,678,3658959723,349174,343411,4294961533,completed,-12
LoadAware,679,3658959723,349376,343615,4294961535,completed,-12
LoadAware,680,3658959723,349576,343811,4294961531,completed,-12
LoadAware,681,3658959723,349776,344012,4294961532,completed,-12
LoadAware,682,3658959723,349976,344211,4294961531,completed,-12
LoadAware,683,3658959723,350176,344410,4294961530,completed,-12
LoadAware,684,3658959723,350377,344615,4294961534,completed,-12
LoadAware,685,3658959723,350577,344814,4294961533,completed,-12
LoadAware,686,3658959723,350777,345012,4294961531,completed,-12
LoadAware,687,3658959723,350977,345213,4294961532,completed,-12
LoadAware,688,3658959723,351177,345412,4294961531,completed,-12
LoadAware,689,3658959723,351377,345616,4294961535,completed,-12
LoadAware,690,3658959723,351577,345813,4294961532,completed,-12
LoadAware,691,3658959723,351777,346012,4294961531,completed,-12
LoadAware,692,3658959723,351977,346211,4294961530,completed,-12
LoadAware,693,3658959723,352177,346412,4294961531,completed,-12
LoadAware,694,3658959723,352379,346616,4294961533,completed,-12
LoadAware,695,3658959723,352579,346814,4294961531,completed,-12
LoadAware,696,3658959723,352779,347014,4294961531,completed,-12
LoadAware,697,3658959723,352979,347213,4294961530,completed,-11
LoadAware,698,3658959723,353179,347414,4294961531,completed,-11
LoadAware,699,3658959723,353379,347619,4294961536,completed,-11
LoadAware,700,3658959723,353579,347815,4294961532,completed,-11
LoadAware,701,3658959723,353779,348014,4294961531,completed,-11
LoadAware,702,3658959723,353979,348214,4294961531,completed,-11
LoadAware,703,3658959723,354179,348414,4294961531,completed,-11
LoadAware,704,3658959723,354380,348619,4294961535,completed,-11
LoadAware,705,3658959723,354580,348816,4294961532,completed,-11
LoadAware,706,3658959723,354780,349016,4294961532,completed,-11
LoadAware,707,3658959723,354980,349215,4294961531,completed,-12
LoadAware,708,3658959723,355180,349416,4294961532,completed,-12
LoadAware,709,3658959723,355381,349619,4294961534,completed,-12
LoadAware,710,3658959723,355581,349816,4294961531,completed,-12
LoadAware,711,3658959723,355781,350025,4294961540,completed,-12
LoadAware,712,3658959723,355981,350216,4294961531,completed,-12
LoadAware,713,3658959723,356181,350417,4294961532,completed,-12
LoadAware,714,3658959723,356382,350620,4294961534,completed,-12
LoadAware,715,3658959723,356582,350817,4294961531,completed,-12
LoadAware,716,3658959723,356782,351017,4294961531,completed,-12
LoadAware,717,3658959723,356982,351219,4294961533,completed,-12
LoadAware,718,3658959723,357182,351417,4294961531,completed,-12
LoadAware,719,3658959723,357383,351622,4294961535,completed,-12
LoadAware,720,3658959723,357583,351818,4294961531,completed,-12
LoadAware,721,3658959723,357783,352022,4294961535,completed,-12
LoadAware,722,3658959723,357983,352219,4294961532,completed,-12
LoadAware,723,3658959723,358183,352418,4294961531,completed,-12
LoadAware,724,3658959723,358384,352622,4294961534,completed,-12
LoadAware,725,3658959723,358584,352819,4294961531,completed,-12
LoadAware,726,3658959723,358784,353020,4294961532,completed,-12
LoadAware,727,3658959723,358984,353220,4294961532,completed,-12
LoadAware,728,3658959723,359184,353419,4294961531,completed,-12
LoadAware,729,3658959723,359386,353624,4294961534,completed,-12
LoadAware,730,3658959723,359586,353821,4294961531,completed,-12
LoadAware,731,3658959723,359786,354022,4294961532,completed,-12
LoadAware,732,3658959723,359986,354223,4294961533,completed,-12
LoadAware,733,3658959723,360186,354421,4294961531,completed,-12
LoadAware,734,3658959723,360387,354623,4294961532,completed,-12
LoadAware,735,3658959723,360587,354870,4294961579,completed,-12
LoadAware,736,3658959723,360787,355022,4294961531,completed,-12
LoadAware,737,3658959723,360987,355223,4294961532,completed,-11
LoadAware,738,3658959723,361187,355422,4294961531,completed,-11
LoadAware,739,3658959723,361387,355625,4294961534,completed,-11
LoadAware,740,3658959723,361587,355823,4294961532,completed,-11
LoadAware,741,3658959723,361787,356022,4294961531,completed,-11
LoadAware,742,3658959723,361987,356222,4294961531,completed,-11
LoadAware,743,3658959723,362187,356424,4294961533,completed,-11
LoadAware,744,3658959723,362388,356631,4294961539,completed,-11
LoadAware,745,3658959723,362588,356823,4294961531,completed,-11
LoadAware,746,3658959723,362788,357023,4294961531,completed,-11
LoadAware,747,3658959723,362988,357225,4294961533,completed,-12
LoadAware,748,3658959723,363188,357423,4294961531,completed,-12
LoadAware,749,3658959723,363391,357634,4294961539,completed,-12
LoadAware,750,3658959723,363591,357826,4294961531,completed,-12
LoadAware,751,3658959723,363791,358026,4294961531,completed,-12
LoadAware,752,3658959723,363991,358226,4294961531,completed,-12
LoadAware,753,3658959723,364191,358426,4294961531,completed,-12
LoadAware,754,3658959723,364392,358630,4294961534,completed,-12
LoadAware,755,3658959723,364592,358827,4294961531,completed,-12
LoadAware,756,3658959723,364792,359027,4294961531,completed,-12
LoadAware,757,3658959723,364992,359227,4294961531,completed,-12
LoadAware,758,3658959723,365192,359428,4294961532,completed,-12
LoadAware,759,3658959723,365392,359631,4294961535,completed,-12
LoadAware,760,3658959723,365592,359827,4294961531,completed,-12
LoadAware,761,3658959723,365792,360027,4294961531,completed,-12
LoadAware,762,3658959723,365992,360227,4294961531,completed,-12
LoadAware,763,3658959723,366192,360428,4294961532,completed,-12
LoadAware,764,3658959723,366392,360631,4294961535,completed,-12
LoadAware,765,3658959723,366592,360828,4294961532,completed,-12
LoadAware,766,3658959723,366792,361027,4294961531,completed,-12
LoadAware,767,3658959723,366992,361229,4294961533,completed,-12
LoadAware,768,3658959723,367192,361427,4294961531,completed,-12
LoadAware,769,3658959723,367393,361631,4294961534,completed,-12
LoadAware,770,3658959723,367593,361828,4294961531,completed,-12
LoadAware,771,3658959723,367793,362029,4294961532,completed,-12
LoadAware,772,3658959723,367993,362229,4294961532,completed,-12
LoadAware,773,3658959723,368193,362427,4294961530,completed,-12
LoadAware,774,3658959723,368394,362632,4294961534,completed,-12
LoadAware,775,3658959723,368594,362894,4294961596,completed,-12
LoadAware,776,3658959723,368794,363032,4294961534,completed,-12
LoadAware,777,3658959723,368996,363234,4294961534,completed,-11
LoadAware,778,3658959723,369196,363431,4294961531,completed,-11
LoadAware,779,3658959723,369397,363634,4294961533,completed,-11
LoadAware,780,3658959723,369597,363832,4294961531,completed,-11
LoadAware,781,3658959723,369797,364033,4294961532,completed,-11
LoadAware,782,3658959723,369997,364232,4294961531,completed,-11
LoadAware,783,3658959723,370197,364432,4294961531,completed,-11
LoadAware,784,3658959723,370397,364634,4294961533,completed,-11
LoadAware,785,3658959723,370597,364834,4294961533,completed,-11
LoadAware,786,3658959723,370797,365032,4294961531,completed,-11
LoadAware,787,3658959723,370997,365232,4294961531,completed,-13
LoadAware,788,3658959723,371197,365432,4294961531,completed,-13
LoadAware,789,3658959723,371397,365635,4294961534,completed,-13
LoadAware,790,3658959723,371597,365833,4294961532,completed,-13
LoadAware,791,3658959723,371797,366032,4294961531,completed,-13
LoadAware,792,3658959723,371997,366232,4294961531,completed,-13
LoadAware,793,3658959723,372197,366432,4294961531,completed,-13
LoadAware,794,3658959723,372398,366636,4294961534,completed,-13
LoadAware,795,3658959723,372598,366833,4294961531,completed,-13
LoadAware,796,3658959723,372798,367033,4294961531,completed,-13
LoadAware,797,3658959723,372998,367233,4294961531,completed,-12
LoadAware,798,3658959723,373198,367434,4294961532,completed,-12
LoadAware,799,3658959723,373400,367640,4294961536,completed,-12
LoadAware,800,3658959723,373600,367835,4294961531,completed,-12
LoadAware,801,3658959723,373800,368035,4294961531,completed,-12
LoadAware,802,3658959723,374000,368235,4294961531,completed,-12
LoadAware,803,3658959723,374200,368435,4294961531,completed,-12
LoadAware,804,3658959723,374400,368639,4294961535,completed,-12
LoadAware,805,3658959723,374600,368835,4294961531,completed,-12
LoadAware,806,3658959723,374800,369035,4294961531,completed,-12
LoadAware,807,3658959723,375000,369235,4294961531,completed,-12
LoadAware,808,3658959723,375200,369436,4294961532,completed,-12
LoadAware,809,3658959723,375403,369640,4294961533,completed,-12
LoadAware,810,3658959723,375603,369839,4294961532,completed,-12
LoadAware,811,3658959723,375803,370039,4294961532,completed,-12
LoadAware,812,3658959723,376003,370239,4294961532,completed,-12
LoadAware,813,3658959723,376203,370439,4294961532,completed,-12
LoadAware,814,3658959723,376404,370642,4294961534,completed,-12
LoadAware,815,3658959723,376604,370843,4294961535,completed,-12
LoadAware,816,3658959723,376804,371039,4294961531,completed,-12
LoadAware,817,3658959723,377004,371240,4294961532,completed,-12
LoadAware,818,3658959723,377204,371440,4294961532,completed,-12
LoadAware,819,3658959723,377406,371644,4294961534,completed,-12
LoadAware,820,3658959723,379699,374127,4294961724,completed,-12
LoadAware,821,3658959723,379905,374420,4294961811,completed,-12
LoadAware,822,3658959723,380105,374523,4294961714,completed,-12
LoadAware,823,3658959723,380305,374626,4294961617,completed,-12
LoadAware,824,3658959723,380505,374742,4294961533,completed,-12
LoadAware,825,3658959723,380893,375129,4294961532,completed,-12
LoadAware,826,3658959723,381093,375329,4294961532,completed,-12
LoadAware,827,3658959723,381293,375528,4294961531,completed,-12
LoadAware,828,3658959723,381493,375729,4294961532,completed,-12
LoadAware,829,3658959723,381693,375928,4294961531,completed,-12
LoadAware,830,3658959723,381902,376193,4294961587,completed,-12
LoadAware,831,3658959723,382102,376338,4294961532,completed,-12
LoadAware,832,3658959723,382302,376537,4294961531,completed,-12
LoadAware,833,3658959723,382502,376737,4294961531,completed,-12
LoadAware,834,3658959723,382702,377129,4294961723,completed,-12
LoadAware,835,3658959723,382902,377232,4294961626,completed,-12
LoadAware,836,3658959723,383102,377339,4294961533,completed,-12
LoadAware,837,3658959723,383302,377538,4294961532,completed,-12
LoadAware,838,3658959723,383502,377738,4294961532,completed,-12
LoadAware,839,3658959723,383702,377939,4294961533,completed,-12
LoadAware,840,3658959723,383905,378142,4294961533,completed,-12
LoadAware,841,3658959723,384105,378340,4294961531,completed,-12
LoadAware,842,3658959723,384305,378543,4294961534,completed,-12
LoadAware,843,3658959723,384505,378741,4294961532,completed,-12
LoadAware,844,3658959723,384705,379136,4294961727,completed,-10
LoadAware,845,3658959723,384907,379239,4294961628,completed,-10
LoadAware,846,3658959723,385107,379345,4294961534,completed,-10
LoadAware,847,3658959723,385307,379543,4294961532,completed,-10
LoadAware,848,3658959723,385507,379743,4294961532,completed,-10
LoadAware,849,3658959723,385707,380137,4294961726,completed,-10
LoadAware,850,3658959723,385908,380245,4294961633,completed,-10
LoadAware,851,3658959723,386108,380354,4294961542,completed,-10
LoadAware,852,3658959723,386308,380543,4294961531,completed,-10
LoadAware,853,3658959723,386508,380746,4294961534,completed,-10
LoadAware,854,3658959723,386708,381138,4294961726,completed,-13
LoadAware,855,3658959723,386908,381244,4294961632,completed,-13
LoadAware,856,3658959723,387108,381347,4294961535,completed,-13
LoadAware,857,3658959723,387308,381543,4294961531,completed,-13
LoadAware,858,3658959723,387508,381744,4294961532,completed,-13
LoadAware,859,3658959723,387709,382168,4294961755,completed,-13
LoadAware,860,3658959723,387909,382287,4294961674,completed,-13
LoadAware,861,3658959723,388109,382396,4294961583,completed,-13
LoadAware,862,3658959723,388309,382545,4294961532,completed,-13
LoadAware,863,3658959723,388509,382744,4294961531,completed,-13
LoadAware,864,3658959723,388709,382946,4294961533,completed,-13
LoadAware,865,3658959723,388909,383148,4294961535,completed,-11
LoadAware,866,3658959723,389109,383345,4294961532,completed,-11
LoadAware,867,3658959723,389309,383545,4294961532,completed,-11
LoadAware,868,3658959723,389509,383744,4294961531,completed,-11
LoadAware,869,3658959723,389710,384140,4294961726,completed,-11
LoadAware,870,3658959723,389910,384258,4294961644,completed,-11
LoadAware,871,3658959723,390110,384360,4294961546,completed,-11
LoadAware,872,3658959723,390310,384545,4294961531,completed,-11
LoadAware,873,3658959723,390510,384745,4294961531,completed,-11
LoadAware,874,3658959723,390710,384946,4294961532,completed,-11
LoadAware,875,3658959723,390911,385150,4294961535,completed,-12
LoadAware,876,3658959723,391111,385347,4294961532,completed,-12
LoadAware,877,3658959723,391311,385546,4294961531,completed,-12
LoadAware,878,3658959723,391511,385747,4294961532,completed,-12
LoadAware,879,3658959723,391711,386141,4294961726,completed,-12
LoadAware,880,3658959723,391911,386251,4294961636,completed,-12
LoadAware,881,3658959723,392111,386353,4294961538,completed,-12
LoadAware,882,3658959723,392311,386547,4294961532,completed,-12
LoadAware,883,3658959723,392511,386746,4294961531,completed,-12
LoadAware,884,3658959723,392711,386946,4294961531,completed,-12
LoadAware,885,3658959723,392913,387153,4294961536,completed,-12
LoadAware,886,3658959723,393113,387349,4294961532,completed,-12
LoadAware,887,3658959723,393313,387549,4294961532,completed,-12
LoadAware,888,3658959723,393513,387774,4294961557,completed,-12
LoadAware,889,3658959723,393713,388193,4294961776,completed,-12
LoadAware,890,3658959723,393913,388296,4294961679,completed,-12
LoadAware,891,3658959723,394113,388399,4294961582,completed,-12
LoadAware,892,3658959723,394313,388548,4294961531,completed,-12
LoadAware,893,3658959723,394513,388748,4294961531,completed,-12
LoadAware,894,3658959723,394713,388950,4294961533,completed,-12
LoadAware,895,3658959723,394915,389151,4294961532,completed,-12
LoadAware,896,3658959723,397112,391544,4294961728,completed,-11
LoadAware,897,3658959723,397318,391646,4294961624,completed,-11
LoadAware,898,3658959723,397518,391755,4294961533,completed,-11
LoadAware,899,3658959723,397718,391953,4294961531,completed,-11
LoadAware,900,3658959723,397918,392154,4294961532,completed,-11
LoadAware,901,3658959723,398307,392543,4294961532,completed,-11
LoadAware,902,3658959723,398507,392743,4294961532,completed,-11
LoadAware,903,3658959723,398707,392943,4294961532,completed,-11
LoadAware,904,3658959723,398907,393142,4294961531,completed,-12
LoadAware,905,3658959723,399107,393344,4294961533,completed,-12
LoadAware,906,3658959723,399316,393554,4294961534,completed,-12
LoadAware,907,3658959723,399516,393756,4294961536,completed,-12
LoadAware,908,3658959723,399716,393951,4294961531,completed,-12
LoadAware,909,3658959723,399916,394151,4294961531,completed,-12
LoadAware,910,3658959723,400116,394351,4294961531,completed,-12
LoadAware,911,3658959723,400320,394559,4294961535,completed,-12
LoadAware,912,3658959723,400520,394779,4294961555,completed,-12
LoadAware,913,3658959723,400720,394955,4294961531,completed,-12
LoadAware,914,3658959723,400920,395155,4294961531,completed,-12
LoadAware,915,3658959723,401120,395357,4294961533,completed,-12
LoadAware,916,3658959723,401325,395597,4294961568,completed,-12
LoadAware,917,3658959723,401525,395761,4294961532,completed,-12
LoadAware,918,3658959723,401725,395960,4294961531,completed,-12
LoadAware,919,3658959723,401925,396160,4294961531,completed,-12
LoadAware,920,3658959723,402125,396552,4294961723,completed,-12
LoadAware,921,3658959723,402325,396662,4294961633,completed,-12
LoadAware,922,3658959723,402525,396779,4294961550,completed,-12
LoadAware,923,3658959723,402725,396960,4294961531,completed,-12
LoadAware,924,3658959723,402925,397160,4294961531,completed,-11
LoadAware,925,3658959723,403126,397575,4294961745,completed,-11
LoadAware,926,3658959723,403328,397678,4294961646,completed,-11
LoadAware,927,3658959723,403528,397780,4294961548,completed,-11
LoadAware,928,3658959723,403728,397964,4294961532,completed,-11
LoadAware,929,3658959723,403928,398163,4294961531,completed,-11
LoadAware,930,3658959723,404128,398556,4294961724,completed,-11
LoadAware,931,3658959723,404328,398659,4294961627,completed,-11
LoadAware,932,3658959723,404528,398765,4294961533,completed,-11
LoadAware,933,3658959723,404728,398964,4294961532,completed,-11
LoadAware,934,3658959723,404928,399163,4294961531,completed,-12
LoadAware,935,3658959723,405128,399364,4294961532,completed,-12
LoadAware,936,3658959723,405329,399567,4294961534,completed,-12
LoadAware,937,3658959723,405529,399765,4294961532,completed,-12
LoadAware,938,3658959723,405729,399964,4294961531,completed,-12
LoadAware,939,3658959723,405929,400165,4294961532,completed,-12
LoadAware,940,3658959723,406129,400364,4294961531,completed,-12
LoadAware,941,3658959723,406330,400567,4294961533,completed,-12
LoadAware,942,3658959723,406530,400766,4294961532,completed,-12
LoadAware,943,3658959723,406730,400965,4294961531,completed,-12
LoadAware,944,3658959723,406930,401166,4294961532,completed,-12
LoadAware,945,3658959723,407130,401560,4294961726,completed,-12
LoadAware,946,3658959723,407330,401669,4294961635,completed,-12
LoadAware,947,3658959723,407530,401772,4294961538,completed,-12
LoadAware,948,3658959723,407730,401966,4294961532,completed,-12
LoadAware,949,3658959723,407930,402168,4294961534,completed,-12
LoadAware,950,3658959723,408130,402366,4294961532,completed,-12
LoadAware,951,3658959723,408332,402571,4294961535,completed,-12
LoadAware,952,3658959723,408532,402768,4294961532,completed,-12
LoadAware,953,3658959723,408732,402968,4294961532,completed,-12
LoadAware,954,3658959723,408932,403168,4294961532,completed,-12
LoadAware,955,3658959723,409132,403562,4294961726,completed,-12
LoadAware,956,3658959723,409332,403703,4294961667,completed,-12
LoadAware,957,3658959723,409532,403805,4294961569,completed,-12
LoadAware,958,3658959723,409732,403968,4294961532,completed,-12
LoadAware,959,3658959723,409932,404167,4294961531,completed,-12
LoadAware,960,3658959723,410132,404367,4294961531,completed,-12
LoadAware,961,3658959723,410334,404572,4294961534,completed,-12
LoadAware,962,3658959723,410534,404770,4294961532,completed,-12
LoadAware,963,3658959723,410734,404969,4294961531,completed,-12
LoadAware,964,3658959723,410934,405169,4294961531,completed,-11
LoadAware,965,3658959723,411134,405371,4294961533,completed,-11
LoadAware,966,3658959723,411339,405578,4294961535,completed,-11
LoadAware,967,3658959723,411539,405775,4294961532,completed,-11
LoadAware,968,3658959723,411739,405974,4294961531,completed,-11
LoadAware,969,3658959723,411939,406174,4294961531,completed,-11
LoadAware,978,3037662008,416132,410359,4294961523,completed,-24
LoadAware,979,3037662008,416332,410561,4294961525,completed,-24
LoadAware,970,3658959723,412139,406374,4294961531,completed,-11
LoadAware,980,3037662008,416532,410760,4294961524,completed,-24
LoadAware,971,3658959723,414536,408967,4294961727,completed,-11
LoadAware,972,3658959723,414746,409068,4294961618,completed,-11
LoadAware,981,3037662008,416744,411187,4294961739,completed,-24
LoadAware,973,3658959723,414946,409320,4294961670,completed,-13
LoadAware,974,3658959723,415146,409567,4294961717,completed,-13
LoadAware,975,3658959723,415346,409965,4294961915,completed,-13
LoadAware,976,3658959723,415732,410067,4294961631,completed,-13
LoadAware,977,3658959723,415932,410169,4294961533,completed,-13
LoadAware,982,3658959723,416944,411181,4294961533,completed,-12
LoadAware,983,3658959723,417144,411381,4294961533,completed,-12
LoadAware,984,3658959723,417344,411580,4294961532,completed,-12
LoadAware,985,3658959723,417737,411975,4294961534,completed,-12
LoadAware,986,3658959723,417937,412174,4294961533,completed,-12
LoadAware,987,3658959723,418137,412373,4294961532,completed,-12
LoadAware,988,3658959723,418337,412575,4294961534,completed,-12
LoadAware,989,3658959723,418537,412796,4294961555,completed,-12
LoadAware,990,3658959723,418741,412978,4294961533,completed,-12
LoadAware,991,3658959723,418941,413180,4294961535,completed,-12
LoadAware,992,3658959723,419141,413378,4294961533,completed,-12
LoadAware,993,3658959723,419341,413577,4294961532,completed,-12
LoadAware,994,3658959723,419541,413968,4294961723,completed,-12
LoadAware,995,3658959723,419741,414080,4294961635,completed,-12
LoadAware,996,3658959723,419941,414189,4294961544,completed,-12
LoadAware,997,3658959723,420141,414377,4294961532,completed,-12
LoadAware,998,3658959723,420341,414579,4294961534,completed,-12
LoadAware,999,3658959723,420541,414777,4294961532,completed,-12
LoadAware,1000,3658959723,420743,414998,4294961551,completed,-12
LoadAware,1001,3658959723,420943,415181,4294961534,completed,-11
LoadAware,1002,3658959723,421143,415378,4294961531,completed,-11
LoadAware,1003,3658959723,421343,415578,4294961531,completed,-11
LoadAware,1004,3658959723,421543,415779,4294961532,completed,-11
LoadAware,1005,3658959723,421744,415981,4294961533,completed,-11
LoadAware,1006,3658959723,421944,416180,4294961532,completed,-11
LoadAware,1007,3658959723,422144,416383,4294961535,completed,-11
LoadAware,1008,3658959723,422344,416579,4294961531,completed,-11
LoadAware,1009,3658959723,422546,416975,4294961725,completed,-11
LoadAware,1010,3658959723,422746,417082,4294961632,completed,-11
LoadAware,1011,3658959723,422946,417184,4294961534,completed,-11
LoadAware,1012,3658959723,423146,417382,4294961532,completed,-11
LoadAware,1013,3658959723,423346,417581,4294961531,completed,-11
LoadAware,1014,3658959723,423546,417781,4294961531,completed,-11
LoadAware,1015,3658959723,423747,417986,4294961535,completed,-11
LoadAware,1016,3658959723,423947,418183,4294961532,completed,-11
LoadAware,1017,3658959723,424147,418383,4294961532,completed,-11
LoadAware,1018,3658959723,424347,418582,4294961531,completed,-11
LoadAware,1019,3658959723,424548,418977,4294961725,completed,-11
LoadAware,1020,3658959723,424748,419080,4294961628,completed,-11
LoadAware,1021,3658959723,424948,419186,4294961534,completed,-11
LoadAware,1022,3658959723,425148,419385,4294961533,completed,-11
LoadAware,1023,3658959723,425348,419583,4294961531,completed,-11
LoadAware,1024,3658959723,425548,419791,4294961539,completed,-11
LoadAware,1025,3658959723,425748,419986,4294961534,completed,-11
LoadAware,1026,3658959723,425948,420184,4294961532,completed,-11
LoadAware,1027,3658959723,426148,420384,4294961532,completed,-11
LoadAware,1028,3658959723,426348,420583,4294961531,completed,-11
LoadAware,1029,3658959723,426549,420786,4294961533,completed,-11
LoadAware,1030,3658959723,426750,420990,4294961536,completed,-11
LoadAware,1031,3658959723,426950,421187,4294961533,completed,-11
LoadAware,1032,3658959723,427150,421385,4294961531,completed,-11
LoadAware,1033,3658959723,427350,421586,4294961532,completed,-11
LoadAware,1034,3658959723,427550,421787,4294961533,completed,-11
LoadAware,1035,3658959723,427750,421990,4294961536,completed,-11
LoadAware,1036,3658959723,427950,422186,4294961532,completed,-11
LoadAware,1037,3658959723,428150,422386,4294961532,completed,-11
LoadAware,1038,3658959723,428350,422586,4294961532,completed,-11
LoadAware,1039,3658959723,428550,422980,4294961726,completed,-11
LoadAware,1040,3658959723,428750,423082,4294961628,completed,-11
LoadAware,1041,3658959723,428950,423188,4294961534,completed,-11
LoadAware,1042,3658959723,429150,423387,4294961533,completed,-11
LoadAware,1043,3658959723,429350,423586,4294961532,completed,-11
LoadAware,1055,3037662008,434145,428373,4294961524,completed,-22
LoadAware,1056,3037662008,434345,428574,4294961525,completed,-22
LoadAware,1044,3658959723,429550,423785,4294961531,completed,-11
LoadAware,1045,3658959723,431944,426373,4294961725,completed,-11
LoadAware,1046,3658959723,432150,426793,4294961939,completed,-11
LoadAware,1047,3658959723,432350,426895,4294961841,completed,-11
LoadAware,1048,3658959723,432550,427065,4294961811,completed,-11
LoadAware,1049,3658959723,432750,427375,4294961921,completed,-12
LoadAware,1050,3658959723,433145,427615,4294961766,completed,-12
LoadAware,1051,3658959723,433345,427893,4294961844,completed,-12
LoadAware,1052,3658959723,433545,427995,4294961746,completed,-12
LoadAware,1053,3658959723,433745,428165,4294961716,completed,-12
LoadAware,1054,3658959723,433945,428439,4294961790,completed,-12
LoadAware,1057,3658959723,434545,428782,4294961533,completed,-12
LoadAware,1058,3658959723,434745,428982,4294961533,completed,-12
LoadAware,1059,3658959723,434946,429185,4294961535,completed,-11
LoadAware,1060,3658959723,435149,429390,4294961537,completed,-11
LoadAware,1061,3658959723,435349,429587,4294961534,completed,-11
LoadAware,1062,3658959723,435549,429786,4294961533,completed,-11
LoadAware,1063,3658959723,435749,429986,4294961533,completed,-11
LoadAware,1064,3658959723,435949,430379,4294961726,completed,-11
LoadAware,1065,3658959723,436151,430495,4294961640,completed,-11
LoadAware,1066,3658959723,436351,430597,4294961542,completed,-11
LoadAware,1067,3658959723,436551,430787,4294961532,completed,-11
LoadAware,1068,3658959723,436751,430987,4294961532,completed,-11
LoadAware,1069,3658959723,436951,431384,4294961729,completed,-11
LoadAware,1070,3658959723,437153,431494,4294961637,completed,-11
LoadAware,1071,3658959723,437353,431596,4294961539,completed,-11
LoadAware,1072,3658959723,437553,431791,4294961534,completed,-11
LoadAware,1073,3658959723,437753,431988,4294961531,completed,-11
LoadAware,1074,3658959723,438146,432614,4294961764,completed,-11
LoadAware,1075,3658959723,438346,432723,4294961673,completed,-11
LoadAware,1076,3658959723,438546,432825,4294961575,completed,-11
LoadAware,1077,3658959723,438746,432982,4294961532,completed,-11
LoadAware,1078,3658959723,438946,433181,4294961531,completed,-11
LoadAware,1079,3658959723,439154,433389,4294961531,completed,-11
LoadAware,1080,3658959723,439354,433591,4294961533,completed,-11
LoadAware,1081,3658959723,439554,433789,4294961531,completed,-11
LoadAware,1082,3658959723,439754,433990,4294961532,completed,-11
LoadAware,1083,3658959723,439955,434422,4294961763,completed,-11
LoadAware,1084,3658959723,440155,434531,4294961672,completed,-11
LoadAware,1085,3658959723,440355,434634,4294961575,completed,-11
LoadAware,1086,3658959723,440555,434791,4294961532,completed,-11
LoadAware,1087,3658959723,440755,434991,4294961532,completed,-11
LoadAware,1088,3658959723,440955,435190,4294961531,completed,-11
LoadAware,1089,3658959723,441157,435394,4294961533,completed,-11
LoadAware,1090,3658959723,441357,435594,4294961533,completed,-11
LoadAware,1091,3658959723,441557,435807,4294961546,completed,-11
LoadAware,1092,3658959723,441757,435992,4294961531,completed,-11
LoadAware,1093,3658959723,441957,436441,4294961780,completed,-11
LoadAware,1094,3658959723,442157,436544,4294961683,completed,-11
LoadAware,1095,3658959723,442357,436647,4294961586,completed,-11
LoadAware,1096,3658959723,442557,436794,4294961533,completed,-11
LoadAware,1097,3658959723,442757,436992,4294961531,completed,-11
LoadAware,1098,3658959723,442957,437193,4294961532,completed,-12
LoadAware,1099,3658959723,443158,437396,4294961534,completed,-12
LoadAware,1100,3658959723,443358,437594,4294961532,completed,-12
LoadAware,1101,3658959723,443558,437794,4294961532,completed,-12
LoadAware,1102,3658959723,443758,437993,4294961531,completed,-12
LoadAware,1103,3658959723,443958,438195,4294961533,completed,-12
LoadAware,1104,3658959723,444159,438398,4294961535,completed,-12
LoadAware,1105,3658959723,444359,438595,4294961532,completed,-12
LoadAware,1106,3658959723,444559,438794,4294961531,completed,-12
LoadAware,1107,3658959723,444759,438996,4294961533,completed,-12
LoadAware,1108,3658959723,444959,439391,4294961728,completed,-11
LoadAware,1109,3658959723,445163,439494,4294961627,completed,-11
LoadAware,1110,3658959723,445363,439600,4294961533,completed,-11
LoadAware,1111,3658959723,445563,439799,4294961532,completed,-11
LoadAware,1112,3658959723,445763,439999,4294961532,completed,-11
LoadAware,1113,3658959723,445963,440393,4294961726,completed,-11
LoadAware,1114,3658959723,446163,440502,4294961635,completed,-11
LoadAware,1115,3658959723,446363,440605,4294961538,completed,-11
LoadAware,1116,3658959723,446563,440799,4294961532,completed,-11
LoadAware,1117,3658959723,446763,440998,4294961531,completed,-11
LoadAware,1118,3658959723,446963,441394,4294961727,completed,-11
LoadAware,1119,3658959723,447166,443592,4294963722,completed,-11
LoadAware,1120,3658959723,449371,444239,4294962164,completed,-11
LoadAware,1121,3658959723,449573,444804,4294962527,completed,-11
LoadAware,1122,3658959723,449773,444907,4294962430,completed,-11
LoadAware,1123,3658959723,449973,445010,4294962333,completed,-11
LoadAware,1124,3658959723,450173,445113,4294962236,completed,-11
LoadAware,1125,3658959723,450373,445216,4294962139,completed,-11
LoadAware,1128,3037662008,450981,445209,4294961524,completed,-23
LoadAware,1129,3037662008,451181,445409,4294961524,completed,-23
LoadAware,1126,3658959723,450581,445318,4294962033,completed,-11
LoadAware,1130,3037662008,451580,445847,4294961563,completed,-23
LoadAware,1127,3658959723,450781,445420,4294961935,completed,-11
LoadAware,1131,3037662008,451780,446008,4294961524,completed,-23
LoadAware,1132,3037662008,451980,446208,4294961524,completed,-23
LoadAware,1133,3037662008,452180,446408,4294961524,completed,-23
LoadAware,1134,3037662008,452577,446814,4294961533,completed,-23
LoadAware,SUMMARY,ALL,0,0,120000,batch_complete,0
----------------,---,---,---,---,---,----------------,---
LoadAware,1135,3658959723,461778,456015,4294961533,completed,-11
LoadAware,1136,3658959723,461978,456214,4294961532,completed,-11
LoadAware,1137,3658959723,462178,456414,4294961532,completed,-11
LoadAware,1138,3658959723,462378,456614,4294961532,completed,-11
LoadAware,1139,3658959723,462587,456823,4294961532,completed,-11
LoadAware,1140,3658959723,462787,457023,4294961532,completed,-11
LoadAware,1141,3658959723,462987,457223,4294961532,completed,-11
LoadAware,1142,3658959723,463187,457489,4294961598,completed,-11
LoadAware,1143,3658959723,463387,457816,4294961725,completed,-11
LoadAware,1144,3658959723,463589,458040,4294961747,completed,-11
LoadAware,1145,3658959723,463789,458142,4294961649,completed,-11
LoadAware,1147,3658959723,464189,458446,4294961553,completed,-11
LoadAware,1148,3658959723,464389,458828,4294961735,completed,-11
LoadAware,1149,3658959723,464593,461020,4294963723,completed,-11
LoadAware,1150,3658959723,466799,461313,4294961810,completed,-11
LoadAware,1151,3658959723,467006,461416,4294961706,completed,-11
LoadAware,1152,3658959723,467206,461519,4294961609,completed,-11
LoadAware,1153,3658959723,467406,461643,4294961533,completed,-11
LoadAware,1154,3658959723,467606,461852,4294961542,completed,-11
LoadAware,1155,3658959723,467996,462233,4294961533,completed,-11
LoadAware,1146,3658959723,463989,458244,4294961551,completed,-11
LoadAware,1156,3658959723,468196,462436,4294961536,completed,-11
LoadAware,1157,3658959723,468396,462635,4294961535,completed,-11
LoadAware,1158,3658959723,468596,462832,4294961532,completed,-11
LoadAware,1159,3658959723,468796,463032,4294961532,completed,-11
LoadAware,1160,3658959723,469004,463241,4294961533,completed,-11
LoadAware,1161,3658959723,469204,463491,4294961583,completed,-11
LoadAware,1162,3658959723,469404,463643,4294961535,completed,-11
LoadAware,1163,3658959723,469604,463840,4294961532,completed,-11
LoadAware,1164,3658959723,469804,464232,4294961724,completed,-11
LoadAware,1165,3658959723,470004,464335,4294961627,completed,-11
LoadAware,1166,3658959723,470204,464441,4294961533,completed,-11
LoadAware,1167,3658959723,470404,464639,4294961531,completed,-11
LoadAware,1168,3658959723,470604,464846,4294961538,completed,-11
LoadAware,1169,3658959723,470805,465235,4294961726,completed,-12
LoadAware,1170,3658959723,471007,465338,4294961627,completed,-12
LoadAware,1171,3658959723,471207,465445,4294961534,completed,-12
LoadAware,1172,3658959723,471407,465649,4294961538,completed,-12
LoadAware,1173,3658959723,471607,465852,4294961541,completed,-12
LoadAware,1174,3658959723,471807,466241,4294961730,completed,-12
LoadAware,1175,3658959723,472007,466344,4294961633,completed,-12
LoadAware,1176,3658959723,472207,466446,4294961535,completed,-12
LoadAware,1177,3658959723,472407,466643,4294961532,completed,-12
LoadAware,1178,3658959723,472607,466844,4294961533,completed,-12
LoadAware,1179,3658959723,472807,467239,4294961728,completed,-12
LoadAware,1180,3658959723,473010,467360,4294961646,completed,-12
LoadAware,1181,3658959723,473210,467471,4294961557,completed,-12
LoadAware,1182,3658959723,473410,467663,4294961549,completed,-12
LoadAware,1183,3658959723,473610,467846,4294961532,completed,-12
LoadAware,1184,3658959723,473810,468238,4294961724,completed,-12
LoadAware,1185,3658959723,474010,468347,4294961633,completed,-12
LoadAware,1186,3658959723,474210,468450,4294961536,completed,-12
LoadAware,1187,3658959723,474410,468646,4294961532,completed,-12
LoadAware,1188,3658959723,474610,468845,4294961531,completed,-12
LoadAware,1189,3658959723,474810,469241,4294961727,completed,-11
LoadAware,1190,3658959723,475011,469393,4294961678,completed,-11
LoadAware,1191,3658959723,475211,469638,4294961723,completed,-11
LoadAware,1192,3658959723,475411,469740,4294961625,completed,-11
LoadAware,1193,3658959723,475611,469913,4294961598,completed,-11
LoadAware,1194,3658959723,475811,470241,4294961726,completed,-11
LoadAware,1195,3658959723,476011,470414,4294961699,completed,-11
LoadAware,1196,3658959723,476211,470516,4294961601,completed,-11
LoadAware,1197,3658959723,476411,470649,4294961534,completed,-11
LoadAware,1198,3658959723,476611,470848,4294961533,completed,-11
LoadAware,1199,3658959723,476811,471049,4294961534,completed,-11
LoadAware,1200,3658959723,477018,471257,4294961535,completed,-12
LoadAware,1201,3658959723,477218,471455,4294961533,completed,-12
LoadAware,1202,3658959723,477418,471654,4294961532,completed,-12
LoadAware,1203,3658959723,477618,471853,4294961531,completed,-12
LoadAware,1204,3658959723,477818,472245,4294961723,completed,-12
LoadAware,1205,3658959723,478018,472348,4294961626,completed,-12
LoadAware,1206,3658959723,478218,472455,4294961533,completed,-12
LoadAware,1207,3658959723,478418,472654,4294961532,completed,-12
LoadAware,1208,3658959723,478618,472854,4294961532,completed,-12
LoadAware,1209,3658959723,478818,473248,4294961726,completed,-13
LoadAware,1210,3658959723,479018,473354,4294961632,completed,-13
LoadAware,1211,3658959723,479218,473457,4294961535,completed,-13
LoadAware,1212,3658959723,479418,473653,4294961531,completed,-13
LoadAware,1213,3658959723,479618,473854,4294961532,completed,-13
LoadAware,1214,3658959723,479818,474055,4294961533,completed,-13
LoadAware,1215,3658959723,480018,474258,4294961536,completed,-13
LoadAware,1216,3658959723,480218,474455,4294961533,completed,-13
LoadAware,1217,3658959723,480418,474654,4294961532,completed,-13
LoadAware,1218,3658959723,480618,474857,4294961535,completed,-13
LoadAware,1219,3658959723,480818,475053,4294961531,completed,-13
LoadAware,1220,3658959723,481021,475260,4294961535,completed,-13
LoadAware,1221,3658959723,481221,475457,4294961532,completed,-13
LoadAware,1222,3658959723,481421,475657,4294961532,completed,-13
LoadAware,1223,3658959723,481621,475857,4294961532,completed,-13
LoadAware,1224,3658959723,481821,476057,4294961532,completed,-13
LoadAware,1225,3658959723,482023,476260,4294961533,completed,-13
LoadAware,1226,3658959723,484227,478657,4294961726,completed,-12
LoadAware,1227,3658959723,484428,478813,4294961681,completed,-12
LoadAware,1228,3658959723,484628,478916,4294961584,completed,-12
LoadAware,1229,3658959723,484828,479065,4294961533,completed,-12
LoadAware,1230,3658959723,485028,479264,4294961532,completed,-13
LoadAware,1231,3658959723,485228,479464,4294961532,completed,-13
LoadAware,1232,3658959723,485436,479673,4294961533,completed,-13
LoadAware,1233,3658959723,485636,479874,4294961534,completed,-13
LoadAware,1234,3658959723,485836,480072,4294961532,completed,-13
LoadAware,1235,3658959723,486036,480271,4294961531,completed,-13
LoadAware,1236,3658959723,486426,480663,4294961533,completed,-13
LoadAware,1237,3658959723,486626,480862,4294961532,completed,-13
LoadAware,1238,3658959723,486826,481062,4294961532,completed,-13
LoadAware,1239,3658959723,487026,481262,4294961532,completed,-12
LoadAware,1240,3658959723,487226,481462,4294961532,completed,-12
LoadAware,1241,3658959723,487430,481670,4294961536,completed,-12
LoadAware,1242,3658959723,487630,481866,4294961532,completed,-12
LoadAware,1243,3658959723,487830,482066,4294961532,completed,-12
LoadAware,1244,3658959723,488030,482266,4294961532,completed,-12
LoadAware,1245,3658959723,488230,482467,4294961533,completed,-12
LoadAware,1246,3658959723,488433,482672,4294961535,completed,-12
LoadAware,1247,3658959723,488633,482869,4294961532,completed,-12
LoadAware,1248,3658959723,488833,483069,4294961532,completed,-12
LoadAware,1249,3658959723,489033,483269,4294961532,completed,-13
LoadAware,1250,3658959723,489233,483470,4294961533,completed,-13
LoadAware,1251,3658959723,489433,483672,4294961535,completed,-13
LoadAware,1252,3658959723,489633,483869,4294961532,completed,-13
LoadAware,1253,3658959723,489833,484069,4294961532,completed,-13
LoadAware,1254,3658959723,490033,484269,4294961532,completed,-13
LoadAware,1255,3658959723,490233,484470,4294961533,completed,-13
LoadAware,1256,3658959723,490436,484735,4294961595,completed,-13
LoadAware,1257,3658959723,490636,484871,4294961531,completed,-13
LoadAware,1258,3658959723,490836,485072,4294961532,completed,-13
LoadAware,1259,3658959723,491036,485273,4294961533,completed,-13
LoadAware,1260,3658959723,491236,485663,4294961723,completed,-13
LoadAware,1261,3658959723,491436,485766,4294961626,completed,-13
LoadAware,1262,3658959723,491636,485872,4294961532,completed,-13
LoadAware,1263,3658959723,491836,486072,4294961532,completed,-13
LoadAware,1264,3658959723,492036,486272,4294961532,completed,-13
LoadAware,1265,3658959723,492236,486474,4294961534,completed,-13
LoadAware,1266,3658959723,492448,486811,4294961659,completed,-13
LoadAware,1267,3658959723,492648,486919,4294961567,completed,-13
LoadAware,1268,3658959723,492848,487089,4294961537,completed,-13
LoadAware,1269,3658959723,493048,487284,4294961532,completed,-13
LoadAware,1270,3658959723,493433,487671,4294961534,completed,-13
LoadAware,1271,3658959723,493633,487870,4294961533,completed,-13
LoadAware,1272,3658959723,493833,488069,4294961532,completed,-13
LoadAware,1273,3658959723,494033,488272,4294961535,completed,-13
LoadAware,1274,3658959723,494233,488469,4294961532,completed,-13
LoadAware,1275,3658959723,494449,488931,4294961778,completed,-13
LoadAware,1276,3658959723,494649,489045,4294961692,completed,-13
LoadAware,1277,3658959723,494849,489156,4294961603,completed,-12
LoadAware,1278,3658959723,495049,489286,4294961533,completed,-12
LoadAware,1279,3658959723,495435,489671,4294961532,completed,-12
LoadAware,1280,3658959723,495635,489872,4294961533,completed,-12
LoadAware,1281,3658959723,495835,490071,4294961532,completed,-12
LoadAware,1282,3658959723,496035,490272,4294961533,completed,-12
LoadAware,1283,3658959723,496235,490471,4294961532,completed,-12
LoadAware,1284,3658959723,496452,490764,4294961608,completed,-12
LoadAware,1285,3658959723,496652,490888,4294961532,completed,-12
LoadAware,1286,3658959723,496852,491089,4294961533,completed,-12
LoadAware,1287,3658959723,497052,491289,4294961533,completed,-12
LoadAware,1288,3658959723,497444,491682,4294961534,completed,-12
LoadAware,1289,3658959723,497644,491880,4294961532,completed,-12
LoadAware,1290,3658959723,497844,492080,4294961532,completed,-12
LoadAware,1291,3658959723,498044,492281,4294961533,completed,-12
LoadAware,1292,3658959723,498244,492678,4294961730,completed,-12
LoadAware,1293,3658959723,498448,492787,4294961635,completed,-12
LoadAware,1294,3658959723,498648,492890,4294961538,completed,-12
LoadAware,1295,3658959723,498848,493085,4294961533,completed,-12
LoadAware,1296,3658959723,499048,493284,4294961532,completed,-13
LoadAware,1297,3658959723,499441,493678,4294961533,completed,-13
LoadAware,1298,3658959723,501644,496075,4294961727,completed,-12
LoadAware,1299,3658959723,501853,496411,4294961854,completed,-12
LoadAware,1300,3658959723,502053,496513,4294961756,completed,-12
LoadAware,1301,3658959723,502253,496691,4294961734,completed,-12
LoadAware,1302,3658959723,502455,497079,4294961920,completed,-12
LoadAware,1303,3658959723,502842,497235,4294961689,completed,-12
LoadAware,1304,3658959723,503042,497513,4294961767,completed,-12
LoadAware,1305,3658959723,503242,497616,4294961670,completed,-12
LoadAware,1306,3658959723,503442,497718,4294961572,completed,-12
LoadAware,1307,3658959723,503642,497880,4294961534,completed,-12
LoadAware,1308,3658959723,503852,498093,4294961537,completed,-12
LoadAware,1309,3658959723,504052,498290,4294961534,completed,-12
LoadAware,1310,3658959723,504252,498489,4294961533,completed,-12
LoadAware,1311,3658959723,504452,498689,4294961533,completed,-12
LoadAware,1312,3658959723,504652,498887,4294961531,completed,-12
LoadAware,1313,3658959723,504853,499092,4294961535,completed,-12
LoadAware,1314,3658959723,505053,499317,4294961560,completed,-13
LoadAware,1315,3658959723,505253,499489,4294961532,completed,-13
LoadAware,1316,3658959723,505453,499702,4294961545,completed,-13
LoadAware,1317,3658959723,505653,500114,4294961757,completed,-13
LoadAware,1318,3658959723,505853,500222,4294961665,completed,-13
LoadAware,1319,3658959723,506053,500331,4294961574,completed,-13
LoadAware,1320,3658959723,506253,500490,4294961533,completed,-13
LoadAware,1321,3658959723,506453,500690,4294961533,completed,-13
LoadAware,1322,3658959723,506653,500889,4294961532,completed,-13
LoadAware,1323,3658959723,506855,501093,4294961534,completed,-13
LoadAware,1324,3658959723,507055,501292,4294961533,completed,-12
LoadAware,1325,3658959723,507255,501492,4294961533,completed,-12
LoadAware,1326,3658959723,507455,501700,4294961541,completed,-12
LoadAware,1327,3658959723,507655,502086,4294961727,completed,-12
LoadAware,1328,3658959723,507855,502192,4294961633,completed,-12
LoadAware,1329,3658959723,508055,502295,4294961536,completed,-12
LoadAware,1330,3658959723,508255,502491,4294961532,completed,-12
LoadAware,1331,3658959723,508457,502695,4294961534,completed,-12
LoadAware,1332,3658959723,508657,502893,4294961532,completed,-12
LoadAware,1333,3658959723,508857,503097,4294961536,completed,-12
LoadAware,1334,3658959723,509057,503295,4294961534,completed,-13
LoadAware,1335,3658959723,509257,503493,4294961532,completed,-13
LoadAware,1336,3658959723,509457,503693,4294961532,completed,-13
LoadAware,1337,3658959723,509657,504089,4294961728,completed,-13
LoadAware,1338,3658959723,509857,504198,4294961637,completed,-13
LoadAware,1339,3658959723,510057,504300,4294961539,completed,-13
LoadAware,1340,3658959723,510257,504499,4294961538,completed,-13
LoadAware,1341,3658959723,510457,504693,4294961532,completed,-13
LoadAware,1342,3658959723,510657,504893,4294961532,completed,-13
LoadAware,1343,3658959723,510859,505109,4294961546,completed,-13
LoadAware,1344,3658959723,511059,505295,4294961532,completed,-13
LoadAware,1345,3658959723,511259,505497,4294961534,completed,-13
LoadAware,1346,3658959723,511459,505695,4294961532,completed,-13
LoadAware,1347,3658959723,511659,506092,4294961729,completed,-13
LoadAware,1348,3658959723,511859,506195,4294961632,completed,-13
LoadAware,1349,3658959723,512059,506298,4294961535,completed,-13
LoadAware,1350,3658959723,512259,506495,4294961532,completed,-13
LoadAware,1351,3658959723,512462,506700,4294961534,completed,-13
LoadAware,1352,3658959723,512662,507091,4294961725,completed,-13
LoadAware,1353,3658959723,512862,507194,4294961628,completed,-14
LoadAware,1354,3658959723,513062,507300,4294961534,completed,-14
LoadAware,1355,3658959723,513262,507498,4294961532,completed,-14
LoadAware,1356,3658959723,513462,507698,4294961532,completed,-14
LoadAware,1357,3658959723,513662,507898,4294961532,completed,-14
LoadAware,1358,3658959723,513862,508101,4294961535,completed,-14
LoadAware,1359,3658959723,514062,508299,4294961533,completed,-14
LoadAware,1360,3658959723,514262,508498,4294961532,completed,-14
LoadAware,1361,3658959723,514462,508699,4294961533,completed,-14
LoadAware,1362,3658959723,514662,508900,4294961534,completed,-14
LoadAware,1363,3658959723,514863,509105,4294961538,completed,-14
LoadAware,1364,3658959723,515063,509300,4294961533,completed,-13
LoadAware,1365,3658959723,515263,509499,4294961532,completed,-13
LoadAware,1366,3658959723,515463,509700,4294961533,completed,-13
LoadAware,1367,3658959723,515663,510134,4294961767,completed,-13
LoadAware,1368,3658959723,515863,510250,4294961683,completed,-13
LoadAware,1369,3658959723,516063,510359,4294961592,completed,-13
LoadAware,1370,3658959723,516263,510501,4294961534,completed,-13
LoadAware,1371,3658959723,516463,510699,4294961532,completed,-13
LoadAware,1379,3037662008,520072,514494,4294961718,completed,-27
LoadAware,1380,3037662008,520272,514597,4294961621,completed,-27
LoadAware,1381,3037662008,520472,514703,4294961527,completed,-27
LoadAware,1382,3037662008,520672,514900,4294961524,completed,-27
LoadAware,1383,3037662008,520872,515100,4294961524,completed,-27
LoadAware,1372,3658959723,516663,510899,4294961532,completed,-13
LoadAware,1373,3658959723,516863,511101,4294961534,completed,-13
LoadAware,1384,3037662008,521072,515501,4294961725,completed,-29
LoadAware,1374,3658959723,519070,513515,4294961741,completed,-12
LoadAware,1385,3037662008,521281,515610,4294961625,completed,-29
LoadAware,1375,3658959723,519272,513763,4294961787,completed,-12
LoadAware,1376,3658959723,519472,514034,4294961858,completed,-12
LoadAware,1377,3658959723,519672,514284,4294961908,completed,-12
LoadAware,1378,3658959723,519872,514559,4294961983,completed,-12
LoadAware,1386,3658959723,521481,515718,4294961533,completed,-12
LoadAware,1387,3658959723,521681,515918,4294961533,completed,-12
LoadAware,1388,3658959723,521881,516119,4294961534,completed,-12
LoadAware,1389,3658959723,522081,516511,4294961726,completed,-12
LoadAware,1390,3658959723,522284,516613,4294961625,completed,-12
LoadAware,1391,3658959723,522484,516722,4294961534,completed,-12
LoadAware,1392,3658959723,522684,516922,4294961534,completed,-12
LoadAware,1393,3658959723,522884,517121,4294961533,completed,-12
LoadAware,1394,3658959723,523085,517514,4294961725,completed,-14
LoadAware,1395,3658959723,523285,517617,4294961628,completed,-14
LoadAware,1396,3658959723,523485,517723,4294961534,completed,-14
LoadAware,1397,3658959723,523685,517921,4294961532,completed,-14
LoadAware,1398,3658959723,523885,518121,4294961532,completed,-14
LoadAware,1399,3658959723,524085,518322,4294961533,completed,-14
LoadAware,1400,3658959723,524285,518526,4294961537,completed,-14
LoadAware,1401,3658959723,524485,518722,4294961533,completed,-14
LoadAware,1402,3658959723,524685,518921,4294961532,completed,-14
LoadAware,1403,3658959723,524885,519121,4294961532,completed,-14
LoadAware,1404,3658959723,525085,519321,4294961532,completed,-13
LoadAware,1405,3658959723,525286,519525,4294961535,completed,-13
LoadAware,1406,3658959723,525486,519722,4294961532,completed,-13
LoadAware,1407,3658959723,525686,519922,4294961532,completed,-13
LoadAware,1408,3658959723,525886,520122,4294961532,completed,-13
LoadAware,1409,3658959723,526086,520324,4294961534,completed,-13
LoadAware,1410,3658959723,526287,520525,4294961534,completed,-13
LoadAware,1411,3658959723,526487,520724,4294961533,completed,-13
LoadAware,1412,3658959723,526687,520923,4294961532,completed,-13
LoadAware,1413,3658959723,526887,521124,4294961533,completed,-13
LoadAware,1414,3658959723,527087,521323,4294961532,completed,-13
LoadAware,1415,3658959723,527289,521527,4294961534,completed,-13
LoadAware,1416,3658959723,527489,521725,4294961532,completed,-13
LoadAware,1417,3658959723,527689,521926,4294961533,completed,-13
LoadAware,1418,3658959723,527889,522125,4294961532,completed,-13
LoadAware,1419,3658959723,528089,522325,4294961532,completed,-13
LoadAware,1420,3658959723,528290,522528,4294961534,completed,-13
LoadAware,1421,3658959723,528490,522726,4294961532,completed,-13
LoadAware,1422,3658959723,528690,522930,4294961536,completed,-13
LoadAware,1423,3658959723,528890,523125,4294961531,completed,-13
LoadAware,1424,3658959723,529090,523326,4294961532,completed,-12
LoadAware,1425,3658959723,529290,523529,4294961535,completed,-12
LoadAware,1426,3658959723,529490,523727,4294961533,completed,-12
LoadAware,1427,3658959723,529690,523926,4294961532,completed,-12
LoadAware,1428,3658959723,529890,524126,4294961532,completed,-12
LoadAware,1429,3658959723,530090,524326,4294961532,completed,-12
LoadAware,1430,3658959723,530291,524530,4294961535,completed,-12
LoadAware,1431,3658959723,530491,524731,4294961536,completed,-12
LoadAware,1432,3658959723,530691,524927,4294961532,completed,-12
LoadAware,1433,3658959723,530891,525127,4294961532,completed,-12
LoadAware,1434,3658959723,531091,525327,4294961532,completed,-12
LoadAware,1435,3658959723,531292,525533,4294961537,completed,-12
LoadAware,1436,3658959723,531493,525730,4294961533,completed,-12
LoadAware,1437,3658959723,531693,525929,4294961532,completed,-12
LoadAware,1438,3658959723,531893,526129,4294961532,completed,-12
LoadAware,1439,3658959723,532093,526329,4294961532,completed,-12
LoadAware,1440,3658959723,532295,526556,4294961557,completed,-12
LoadAware,1441,3658959723,532495,526732,4294961533,completed,-12
LoadAware,1442,3658959723,532695,526931,4294961532,completed,-12
LoadAware,1443,3658959723,532895,527131,4294961532,completed,-12
LoadAware,1444,3658959723,533095,527332,4294961533,completed,-14
LoadAware,1445,3658959723,533295,527539,4294961540,completed,-14
LoadAware,1446,3658959723,533495,527732,4294961533,completed,-14
LoadAware,1447,3658959723,533695,527931,4294961532,completed,-14
LoadAware,1448,3658959723,533895,528131,4294961532,completed,-14
LoadAware,1457,3037662008,538089,532317,4294961524,completed,-26
LoadAware,1458,3037662008,538289,532517,4294961524,completed,-26
LoadAware,1459,3037662008,538489,532717,4294961524,completed,-26
LoadAware,1449,3658959723,534095,528332,4294961533,completed,-14
LoadAware,1460,3037662008,538696,532926,4294961526,completed,-26
LoadAware,1461,3037662008,538896,533125,4294961525,completed,-26
LoadAware,1450,3658959723,536492,530921,4294961725,completed,-12
LoadAware,1451,3658959723,536697,531358,4294961957,completed,-12
LoadAware,1452,3658959723,536897,531634,4294962033,completed,-12
LoadAware,1453,3658959723,537097,531923,4294962122,completed,-12
LoadAware,1454,3658959723,537297,532025,4294962024,completed,-12
LoadAware,1455,3658959723,537689,532133,4294961740,completed,-12
LoadAware,1456,3658959723,537889,532409,4294961816,completed,-12
LoadAware,1462,3658959723,539096,533334,4294961534,completed,-12
LoadAware,1463,3658959723,539296,533534,4294961534,completed,-12
LoadAware,1464,3658959723,539496,533927,4294961727,completed,-12
LoadAware,1465,3658959723,539696,534029,4294961629,completed,-12
LoadAware,1466,3658959723,539896,534135,4294961535,completed,-12
LoadAware,1467,3658959723,540096,534334,4294961534,completed,-12
LoadAware,1468,3658959723,540296,534533,4294961533,completed,-12
LoadAware,1469,3658959723,540496,534735,4294961535,completed,-12
LoadAware,1470,3658959723,540700,535109,4294961705,completed,-12
LoadAware,1471,3658959723,540900,535211,4294961607,completed,-14
LoadAware,1472,3658959723,541100,535339,4294961535,completed,-14
LoadAware,1473,3658959723,541300,535538,4294961534,completed,-14
LoadAware,1474,3658959723,541500,535929,4294961725,completed,-14
LoadAware,1475,3658959723,541700,536032,4294961628,completed,-14
LoadAware,1476,3658959723,541900,536138,4294961534,completed,-14
LoadAware,1477,3658959723,542100,536337,4294961533,completed,-14
LoadAware,1478,3658959723,542300,536536,4294961532,completed,-14
LoadAware,1479,3658959723,542502,537008,4294961802,completed,-14
LoadAware,1480,3658959723,542702,537117,4294961711,completed,-14
LoadAware,1481,3658959723,542902,537220,4294961614,completed,-13
LoadAware,1482,3658959723,543102,537340,4294961534,completed,-13
LoadAware,1483,3658959723,543302,537539,4294961533,completed,-13
LoadAware,1484,3658959723,543502,537931,4294961725,completed,-13
LoadAware,1485,3658959723,543702,538038,4294961632,completed,-13
LoadAware,1486,3658959723,543902,538141,4294961535,completed,-13
LoadAware,1487,3658959723,544102,538340,4294961534,completed,-13
LoadAware,1488,3658959723,544302,538538,4294961532,completed,-13
LoadAware,1489,3658959723,544503,538933,4294961726,completed,-13
LoadAware,1490,3658959723,544703,539036,4294961629,completed,-13
LoadAware,1491,3658959723,544903,539142,4294961535,completed,-13
LoadAware,1492,3658959723,545103,539340,4294961533,completed,-13
LoadAware,1493,3658959723,545303,539539,4294961532,completed,-13
LoadAware,1494,3658959723,545503,539933,4294961726,completed,-13
LoadAware,1495,3658959723,545703,540036,4294961629,completed,-13
LoadAware,1496,3658959723,545903,540142,4294961535,completed,-13
LoadAware,1497,3658959723,546103,540339,4294961532,completed,-13
LoadAware,1498,3658959723,546303,540539,4294961532,completed,-13
LoadAware,1499,3658959723,546505,540742,4294961533,completed,-13
LoadAware,1500,3658959723,546708,540947,4294961535,completed,-13
LoadAware,1501,3658959723,546908,541144,4294961532,completed,-13
LoadAware,1502,3658959723,547108,541346,4294961534,completed,-13
LoadAware,1503,3658959723,547308,541545,4294961533,completed,-13
LoadAware,1504,3658959723,547508,541937,4294961725,completed,-13
LoadAware,1505,3658959723,547708,542046,4294961634,completed,-13
LoadAware,1506,3658959723,547908,542155,4294961543,completed,-13
LoadAware,1507,3658959723,548108,542344,4294961532,completed,-13
LoadAware,1508,3658959723,548308,542545,4294961533,completed,-13
LoadAware,1509,3658959723,548508,542957,4294961745,completed,-13
LoadAware,1510,3658959723,548708,543065,4294961653,completed,-13
LoadAware,1511,3658959723,548908,543174,4294961562,completed,-12
LoadAware,1512,3658959723,549108,543345,4294961533,completed,-12
LoadAware,1513,3658959723,549308,543544,4294961532,completed,-12
LoadAware,1514,3658959723,549508,543745,4294961533,completed,-12
LoadAware,1515,3658959723,549709,543948,4294961535,completed,-12
LoadAware,1516,3658959723,549909,544145,4294961532,completed,-12
LoadAware,1517,3658959723,550109,544346,4294961533,completed,-12
LoadAware,1518,3658959723,550309,544545,4294961532,completed,-12
LoadAware,1519,3658959723,550509,544940,4294961727,completed,-12
LoadAware,1520,3658959723,550709,545049,4294961636,completed,-12
LoadAware,1521,3658959723,550909,545152,4294961539,completed,-13
LoadAware,1522,3658959723,551109,545346,4294961533,completed,-13
LoadAware,1523,3658959723,551309,545545,4294961532,completed,-13
LoadAware,1524,3658959723,551509,545745,4294961532,completed,-13
LoadAware,1525,3658959723,553904,548335,4294961727,completed,-13
LoadAware,1535,3037662008,556109,550342,4294961529,completed,-26
LoadAware,1526,3658959723,554111,548437,4294961622,completed,-13
LoadAware,1527,3658959723,554311,548706,4294961691,completed,-13
LoadAware,1528,3658959723,554511,548982,4294961767,completed,-13
LoadAware,1529,3658959723,554711,549336,4294961921,completed,-12
LoadAware,1530,3658959723,555105,549511,4294961702,completed,-12
LoadAware,1531,3658959723,555305,549613,4294961604,completed,-12
LoadAware,1532,3658959723,555505,549757,4294961548,completed,-12
LoadAware,1533,3658959723,555705,550032,4294961623,completed,-12
LoadAware,1534,3658959723,555905,550339,4294961730,completed,-12
LoadAware,1536,3658959723,556309,550547,4294961534,completed,-12
LoadAware,1537,3658959723,556509,550748,4294961535,completed,-12
LoadAware,1538,3658959723,556709,550947,4294961534,completed,-12
LoadAware,1539,3658959723,556910,551342,4294961728,completed,-13
LoadAware,1540,3658959723,557111,551445,4294961630,completed,-13
LoadAware,1541,3658959723,557311,551550,4294961535,completed,-13
LoadAware,1542,3658959723,557511,551749,4294961534,completed,-13
LoadAware,1543,3658959723,557711,551949,4294961534,completed,-13
LoadAware,1544,3658959723,557911,552150,4294961535,completed,-13
LoadAware,1545,3658959723,558118,552356,4294961534,completed,-13
LoadAware,1546,3658959723,558318,552556,4294961534,completed,-13
LoadAware,1547,3658959723,558518,552755,4294961533,completed,-13
LoadAware,1548,3658959723,558718,552954,4294961532,completed,-13
LoadAware,1549,3658959723,558918,553349,4294961727,completed,-12
LoadAware,1550,3658959723,559120,553452,4294961628,completed,-12
LoadAware,1551,3658959723,559320,553558,4294961534,completed,-12
LoadAware,1552,3658959723,559520,553756,4294961532,completed,-12
LoadAware,1553,3658959723,559720,553956,4294961532,completed,-12
LoadAware,1554,3658959723,559920,554348,4294961724,completed,-12
LoadAware,1555,3658959723,560120,554457,4294961633,completed,-12
LoadAware,1556,3658959723,560320,554560,4294961536,completed,-12
LoadAware,1557,3658959723,560520,554756,4294961532,completed,-12
LoadAware,1558,3658959723,560720,554957,4294961533,completed,-12
LoadAware,1559,3658959723,560920,555156,4294961532,completed,-12
LoadAware,1560,3658959723,561121,555359,4294961534,completed,-12
LoadAware,1561,3658959723,561321,555559,4294961534,completed,-12
LoadAware,1562,3658959723,561521,555757,4294961532,completed,-12
LoadAware,1563,3658959723,561721,555957,4294961532,completed,-12
LoadAware,1564,3658959723,561921,556358,4294961733,completed,-12
LoadAware,1565,3658959723,562121,556467,4294961642,completed,-12
LoadAware,1566,3658959723,562321,556579,4294961554,completed,-12
LoadAware,1567,3658959723,562521,556759,4294961534,completed,-12
LoadAware,1568,3658959723,562721,556957,4294961532,completed,-12
LoadAware,1569,3658959723,562921,557157,4294961532,completed,-12
LoadAware,1570,3658959723,563124,557363,4294961535,completed,-12
LoadAware,1571,3658959723,563324,557560,4294961532,completed,-12
LoadAware,1572,3658959723,563524,557762,4294961534,completed,-12
LoadAware,1573,3658959723,563724,557960,4294961532,completed,-12
LoadAware,1574,3658959723,563924,558356,4294961728,completed,-12
LoadAware,1575,3658959723,564124,558461,4294961633,completed,-12
LoadAware,1576,3658959723,564324,558564,4294961536,completed,-12
LoadAware,1577,3658959723,564524,558761,4294961533,completed,-12
LoadAware,1578,3658959723,564724,558960,4294961532,completed,-12
LoadAware,1579,3658959723,564924,559161,4294961533,completed,-12
LoadAware,1580,3658959723,565130,559417,4294961583,completed,-12
LoadAware,1581,3658959723,565330,559566,4294961532,completed,-12
LoadAware,1582,3658959723,565530,559766,4294961532,completed,-12
LoadAware,1583,3658959723,565730,559966,4294961532,completed,-12
LoadAware,1584,3658959723,566122,560358,4294961532,completed,-12
LoadAware,1585,3658959723,566322,560559,4294961533,completed,-12
LoadAware,1586,3658959723,566522,560758,4294961532,completed,-12
LoadAware,1587,3658959723,566722,560958,4294961532,completed,-12
LoadAware,1588,3658959723,566922,561159,4294961533,completed,-12
LoadAware,1589,3658959723,567126,561366,4294961536,completed,-12
LoadAware,1590,3658959723,567326,561564,4294961534,completed,-12
LoadAware,1591,3658959723,567526,561763,4294961533,completed,-12
LoadAware,1592,3658959723,567726,561962,4294961532,completed,-12
LoadAware,1593,3658959723,567926,562163,4294961533,completed,-12
LoadAware,1594,3658959723,568127,562366,4294961535,completed,-12
LoadAware,1595,3658959723,568327,562563,4294961532,completed,-12
LoadAware,1596,3658959723,568527,562763,4294961532,completed,-12
LoadAware,1597,3658959723,568727,562964,4294961533,completed,-12
LoadAware,1598,3658959723,568927,563164,4294961533,completed,-13
LoadAware,1599,3658959723,571323,565756,4294961729,completed,-12
LoadAware,1600,3658959723,571527,566505,4294962274,completed,-12
LoadAware,1601,3658959723,571727,566803,4294962372,completed,-12
LoadAware,1602,3658959723,571927,566905,4294962274,completed,-12
LoadAware,1610,3658959723,573540,567781,4294961537,completed,-12
LoadAware,1611,3658959723,573740,567978,4294961534,completed,-12
LoadAware,1612,3658959723,573940,568178,4294961534,completed,-12
LoadAware,1613,3658959723,574141,568382,4294961537,completed,-12
LoadAware,1614,3658959723,574530,568768,4294961534,completed,-12
LoadAware,1615,3658959723,574730,568967,4294961533,completed,-12
LoadAware,1616,3658959723,574930,569167,4294961533,completed,-13
LoadAware,1617,3658959723,575130,569369,4294961535,completed,-13
LoadAware,1618,3658959723,575330,569760,4294961726,completed,-13
LoadAware,1619,3658959723,575534,569877,4294961639,completed,-13
LoadAware,1620,3658959723,575734,569980,4294961542,completed,-13
LoadAware,1621,3658959723,575934,570171,4294961533,completed,-13
LoadAware,1622,3658959723,576134,570371,4294961533,completed,-13
LoadAware,1623,3658959723,576534,570772,4294961534,completed,-13
LoadAware,1624,3658959723,576734,570971,4294961533,completed,-13
LoadAware,1625,3658959723,576934,571171,4294961533,completed,-13
LoadAware,1603,3658959723,577128,571366,4294961534,completed,-13
LoadAware,1626,3658959723,577138,571469,4294961627,completed,-13
LoadAware,1604,3658959723,577328,571572,4294961540,completed,-13
LoadAware,1627,3658959723,577540,571779,4294961535,completed,-13
LoadAware,1605,3658959723,577542,571882,4294961636,completed,-13
LoadAware,1606,3658959723,577728,571984,4294961552,completed,-13
LoadAware,1628,3658959723,577740,572087,4294961643,completed,-13
LoadAware,1607,3658959723,577928,572190,4294961558,completed,-13
LoadAware,1629,3658959723,577940,572293,4294961649,completed,-13
LoadAware,1608,3658959723,578128,572396,4294961564,completed,-13
LoadAware,1630,3658959723,578140,572499,4294961655,completed,-13
LoadAware,1609,3658959723,578328,572602,4294961570,completed,-13
LoadAware,1631,3658959723,578541,572781,4294961536,completed,-13
LoadAware,1632,3658959723,578741,572979,4294961534,completed,-13
LoadAware,1633,3658959723,578941,573178,4294961533,completed,-13
LoadAware,1634,3658959723,579141,573377,4294961532,completed,-13
LoadAware,1635,3658959723,579537,573808,4294961567,completed,-13
LoadAware,1636,3658959723,579737,573976,4294961535,completed,-13
LoadAware,1637,3658959723,579937,574173,4294961532,completed,-13
LoadAware,1638,3658959723,580137,574373,4294961532,completed,-13
LoadAware,1639,3658959723,580337,574768,4294961727,completed,-13
LoadAware,1640,3658959723,580537,574875,4294961634,completed,-13
LoadAware,1641,3658959723,580737,574977,4294961536,completed,-13
LoadAware,1642,3658959723,580937,575175,4294961534,completed,-12
LoadAware,1643,3658959723,581137,575375,4294961534,completed,-12
LoadAware,1644,3658959723,581337,575773,4294961732,completed,-12
LoadAware,1645,3658959723,581542,575876,4294961630,completed,-12
LoadAware,SUMMARY,ALL,0,0,120000,batch_complete,0
----------------,---,---,---,---,---,----------------,---
LoadAware,1646,3658959723,581742,575982,4294961536,completed,-12
LoadAware,1647,3658959723,634380,628620,4294961536,completed,-11
LoadAware,1648,3658959723,634580,628818,4294961534,completed,-11
LoadAware,1649,3658959723,634780,629259,4294961775,completed,-12
LoadAware,1650,3658959723,634980,629369,4294961685,completed,-12
LoadAware,1651,3658959723,635376,629618,4294961538,completed,-12
LoadAware,1652,3658959723,635576,629813,4294961533,completed,-12
LoadAware,1653,3658959723,635776,630013,4294961533,completed,-12
LoadAware,1654,3658959723,635976,630212,4294961532,completed,-12
LoadAware,1655,3658959723,636176,630654,4294961774,completed,-12
LoadAware,1656,3658959723,636376,630763,4294961683,completed,-12
LoadAware,1657,3658959723,636576,630866,4294961586,completed,-12
LoadAware,1658,3658959723,636776,631014,4294961534,completed,-12
LoadAware,1659,3658959723,636976,631213,4294961533,completed,-12
LoadAware,1660,3658959723,637176,631412,4294961532,completed,-12
LoadAware,1661,3658959723,637378,631619,4294961537,completed,-12
LoadAware,1662,3658959723,637578,631815,4294961533,completed,-12
LoadAware,1663,3658959723,637778,632015,4294961533,completed,-12
LoadAware,1664,3658959723,637978,632214,4294961532,completed,-12
LoadAware,1665,3658959723,638178,632610,4294961728,completed,-12
LoadAware,1666,3658959723,638378,632713,4294961631,completed,-12
LoadAware,1667,3658959723,638578,632821,4294961539,completed,-12
LoadAware,1668,3658959723,638778,633015,4294961533,completed,-12
LoadAware,1669,3658959723,638978,633214,4294961532,completed,-12
LoadAware,1670,3658959723,639178,633416,4294961534,completed,-12
LoadAware,1671,3658959723,639388,633627,4294961535,completed,-12
LoadAware,1672,3658959723,639588,633827,4294961535,completed,-12
LoadAware,1673,3658959723,639788,634024,4294961532,completed,-12
LoadAware,1674,3658959723,639988,634224,4294961532,completed,-12
LoadAware,1675,3658959723,640377,634620,4294961539,completed,-12
LoadAware,1676,3658959723,640577,634814,4294961533,completed,-12
LoadAware,1677,3658959723,640777,635014,4294961533,completed,-12
LoadAware,1678,3658959723,640977,635213,4294961532,completed,-12
LoadAware,1679,3658959723,641177,635415,4294961534,completed,-12
LoadAware,1680,3658959723,641381,635621,4294961536,completed,-12
LoadAware,1681,3658959723,641581,635818,4294961533,completed,-12
LoadAware,1682,3658959723,641781,636017,4294961532,completed,-12
LoadAware,1683,3658959723,641981,636217,4294961532,completed,-12
LoadAware,1684,3658959723,642181,636417,4294961532,completed,-12
LoadAware,1685,3658959723,642383,636625,4294961538,completed,-12
LoadAware,1686,3658959723,642583,636820,4294961533,completed,-12
LoadAware,1687,3658959723,642783,637020,4294961533,completed,-12
LoadAware,1688,3658959723,642983,637220,4294961533,completed,-12
LoadAware,1689,3658959723,643183,637420,4294961533,completed,-12
LoadAware,1690,3658959723,643384,637623,4294961535,completed,-12
LoadAware,1691,3658959723,643584,637822,4294961534,completed,-12
LoadAware,1692,3658959723,643784,638021,4294961533,completed,-12
LoadAware,1693,3658959723,643984,638222,4294961534,completed,-12
LoadAware,1694,3658959723,644184,638616,4294961728,completed,-12
LoadAware,1695,3658959723,644384,638722,4294961634,completed,-12
LoadAware,1696,3658959723,644584,638824,4294961536,completed,-12
LoadAware,1697,3658959723,644784,639022,4294961534,completed,-12
LoadAware,1698,3658959723,644984,639221,4294961533,completed,-13
LoadAware,1699,3658959723,645184,639422,4294961534,completed,-13
LoadAware,1700,3658959723,645387,639626,4294961535,completed,-13
LoadAware,1701,3658959723,645587,639838,4294961547,completed,-13
LoadAware,1702,3658959723,645787,640024,4294961533,completed,-13
LoadAware,1703,3658959723,645987,640225,4294961534,completed,-13
LoadAware,1704,3658959723,646187,640618,4294961727,completed,-13
LoadAware,1705,3658959723,646387,640726,4294961635,completed,-13
LoadAware,1706,3658959723,646587,640836,4294961545,completed,-13
LoadAware,1707,3658959723,646787,641024,4294961533,completed,-13
LoadAware,1708,3658959723,646987,641224,4294961533,completed,-12
LoadAware,1709,3658959723,647187,641424,4294961533,completed,-12
LoadAware,1710,3658959723,647388,641627,4294961535,completed,-12
LoadAware,1711,3658959723,647588,641826,4294961534,completed,-12
LoadAware,1712,3658959723,647788,642025,4294961533,completed,-12
LoadAware,1713,3658959723,647988,642225,4294961533,completed,-12
LoadAware,1714,3658959723,648188,642619,4294961727,completed,-12
LoadAware,1715,3658959723,648388,642728,4294961636,completed,-12
LoadAware,1716,3658959723,648588,642831,4294961539,completed,-12
LoadAware,1717,3658959723,648788,643026,4294961534,completed,-12
LoadAware,1718,3658959723,648988,643225,4294961533,completed,-12
LoadAware,1719,3658959723,649188,643425,4294961533,completed,-12
LoadAware,1720,3658959723,649391,643631,4294961536,completed,-12
LoadAware,1721,3658959723,649591,643842,4294961547,completed,-12
LoadAware,1722,3658959723,649791,644028,4294961533,completed,-12
LoadAware,1723,3658959723,649991,644227,4294961532,completed,-12
LoadAware,1724,3658959723,650191,644652,4294961757,completed,-12
LoadAware,1725,3658959723,650391,644755,4294961660,completed,-12
LoadAware,1726,3658959723,650591,644858,4294961563,completed,-12
LoadAware,1727,3658959723,650791,645028,4294961533,completed,-12
LoadAware,1728,3658959723,650991,645227,4294961532,completed,-12
LoadAware,1729,3658959723,651191,645429,4294961534,completed,-12
LoadAware,1730,3658959723,651393,645632,4294961535,completed,-12
LoadAware,1731,3658959723,651593,645831,4294961534,completed,-12
LoadAware,1732,3658959723,651793,646030,4294961533,completed,-12
LoadAware,1733,3658959723,651993,646229,4294961532,completed,-12
LoadAware,1734,3658959723,652193,646429,4294961532,completed,-12
LoadAware,1735,3658959723,652393,646633,4294961536,completed,-12
LoadAware,1736,3658959723,652593,646830,4294961533,completed,-12
LoadAware,1737,3658959723,652793,647030,4294961533,completed,-12
LoadAware,1738,3658959723,652993,647230,4294961533,completed,-12
LoadAware,1739,3658959723,653193,647432,4294961535,completed,-12
LoadAware,1740,3658959723,653395,647636,4294961537,completed,-12
LoadAware,1741,3658959723,653595,647834,4294961535,completed,-12
LoadAware,1742,3658959723,653795,648032,4294961533,completed,-12
LoadAware,1743,3658959723,653995,648234,4294961535,completed,-12
LoadAware,1744,3658959723,654195,648626,4294961727,completed,-12
LoadAware,1745,3658959723,654395,648734,4294961635,completed,-12
LoadAware,1746,3658959723,654595,648853,4294961554,completed,-12
LoadAware,1747,3658959723,654795,649036,4294961537,completed,-12
LoadAware,1748,3658959723,654995,649232,4294961533,completed,-12
LoadAware,1749,3658959723,655195,649625,4294961726,completed,-12
LoadAware,1750,3658959723,655396,649734,4294961634,completed,-12
LoadAware,1751,3658959723,655596,649849,4294961549,completed,-12
LoadAware,1752,3658959723,655796,650033,4294961533,completed,-12
LoadAware,1753,3658959723,655996,650233,4294961533,completed,-12
LoadAware,1754,3658959723,656196,650650,4294961750,completed,-12
LoadAware,1755,3658959723,656396,650781,4294961681,completed,-12
LoadAware,1756,3658959723,656596,650891,4294961591,completed,-12
LoadAware,1757,3658959723,656796,651033,4294961533,completed,-12
LoadAware,1758,3658959723,656996,651233,4294961533,completed,-12
LoadAware,1759,3658959723,657196,651433,4294961533,completed,-12
LoadAware,1760,3658959723,657399,651636,4294961533,completed,-12
LoadAware,1761,3658959723,657599,651837,4294961534,completed,-12
LoadAware,1762,3658959723,657799,652036,4294961533,completed,-12
LoadAware,1763,3658959723,657999,652236,4294961533,completed,-12
LoadAware,1764,3658959723,658199,652636,4294961733,completed,-12
LoadAware,1765,3658959723,658399,652738,4294961635,completed,-12
LoadAware,1766,3658959723,658599,652841,4294961538,completed,-12
LoadAware,1767,3658959723,658799,653036,4294961533,completed,-12
LoadAware,1768,3658959723,658999,653235,4294961532,completed,-12
LoadAware,1769,3658959723,659199,653437,4294961534,completed,-12
LoadAware,1770,3658959723,659401,653641,4294961536,completed,-12
LoadAware,1771,3658959723,659601,653838,4294961533,completed,-12
LoadAware,1772,3658959723,659801,654038,4294961533,completed,-12
LoadAware,1773,3658959723,660001,654238,4294961533,completed,-12
LoadAware,1774,3658959723,660201,654633,4294961728,completed,-12
LoadAware,1775,3658959723,660401,654739,4294961634,completed,-12
LoadAware,1776,3658959723,660601,654842,4294961537,completed,-12
LoadAware,1777,3658959723,660801,655038,4294961533,completed,-12
LoadAware,1778,3658959723,661001,655237,4294961532,completed,-10
LoadAware,1779,3658959723,661201,655441,4294961536,completed,-10
LoadAware,1780,3658959723,661402,655642,4294961536,completed,-10
LoadAware,1781,3658959723,661602,655839,4294961533,completed,-10
LoadAware,1782,3658959723,661802,656039,4294961533,completed,-10
LoadAware,1783,3658959723,662002,656239,4294961533,completed,-10
LoadAware,1784,3658959723,662202,656438,4294961532,completed,-10
LoadAware,1785,3658959723,662403,656643,4294961536,completed,-10
LoadAware,1786,3658959723,662603,656840,4294961533,completed,-10
LoadAware,1787,3658959723,662803,657040,4294961533,completed,-10
LoadAware,1788,3658959723,663003,657241,4294961534,completed,-10
LoadAware,1789,3658959723,663203,657439,4294961532,completed,-10
LoadAware,1790,3658959723,663404,657643,4294961535,completed,-10
LoadAware,1791,3658959723,663604,657870,4294961562,completed,-10
LoadAware,1792,3658959723,663804,658041,4294961533,completed,-10
LoadAware,1793,3658959723,664004,658241,4294961533,completed,-10
LoadAware,1794,3658959723,664204,658636,4294961728,completed,-10
LoadAware,1795,3658959723,664404,658741,4294961633,completed,-10
LoadAware,1796,3658959723,664604,658844,4294961536,completed,-10
LoadAware,1797,3658959723,664804,659042,4294961534,completed,-10
LoadAware,1798,3658959723,665004,659241,4294961533,completed,-10
LoadAware,1799,3658959723,665204,659442,4294961534,completed,-10
LoadAware,1800,3658959723,665407,659646,4294961535,completed,-10
LoadAware,1801,3658959723,665607,659844,4294961533,completed,-10
LoadAware,1802,3658959723,665807,660045,4294961534,completed,-10
LoadAware,1803,3658959723,666007,660243,4294961532,completed,-10
LoadAware,1804,3658959723,666207,660638,4294961727,completed,-10
LoadAware,1805,3658959723,666407,660746,4294961635,completed,-10
LoadAware,1806,3658959723,666607,660855,4294961544,completed,-10
LoadAware,1807,3658959723,666807,661045,4294961534,completed,-10
LoadAware,1808,3658959723,667007,661244,4294961533,completed,-9
LoadAware,1809,3658959723,667207,661443,4294961532,completed,-9
LoadAware,1810,3658959723,667408,661647,4294961535,completed,-9
LoadAware,1811,3658959723,667608,661846,4294961534,completed,-9
LoadAware,1812,3658959723,667808,662045,4294961533,completed,-9
LoadAware,1813,3658959723,668008,662245,4294961533,completed,-9
LoadAware,1814,3658959723,668208,662640,4294961728,completed,-9
LoadAware,1815,3658959723,668408,662745,4294961633,completed,-9
LoadAware,1816,3658959723,668608,662848,4294961536,completed,-9
LoadAware,1817,3658959723,668808,663045,4294961533,completed,-9
LoadAware,1818,3658959723,669008,663246,4294961534,completed,-12
LoadAware,1819,3658959723,669208,663444,4294961532,completed,-12
LoadAware,1820,3658959723,669410,663650,4294961536,completed,-12
LoadAware,1821,3658959723,669610,663848,4294961534,completed,-12
LoadAware,1822,3658959723,669810,664047,4294961533,completed,-12
LoadAware,1823,3658959723,670010,664247,4294961533,completed,-12
LoadAware,1824,3658959723,670210,664643,4294961729,completed,-12
LoadAware,1825,3658959723,670410,664746,4294961632,completed,-12
LoadAware,1826,3658959723,670610,664853,4294961539,completed,-12
LoadAware,1827,3658959723,670810,665047,4294961533,completed,-12
LoadAware,1828,3658959723,671010,665246,4294961532,completed,-12
LoadAware,1829,3658959723,671210,665447,4294961533,completed,-12
LoadAware,1830,3658959723,671412,665652,4294961536,completed,-12
LoadAware,1831,3658959723,671612,665850,4294961534,completed,-12
LoadAware,1832,3658959723,671812,666048,4294961532,completed,-12
LoadAware,1833,3658959723,672012,666248,4294961532,completed,-12
LoadAware,1834,3658959723,672212,666448,4294961532,completed,-12
LoadAware,1835,3658959723,672413,666653,4294961536,completed,-12
LoadAware,1836,3658959723,672613,666850,4294961533,completed,-12
LoadAware,1837,3658959723,672813,667050,4294961533,completed,-12
LoadAware,1838,3658959723,673013,667251,4294961534,completed,-10
LoadAware,1839,3658959723,673213,667450,4294961533,completed,-10
LoadAware,1840,3658959723,673414,667654,4294961536,completed,-10
LoadAware,1841,3658959723,673614,667851,4294961533,completed,-10
LoadAware,1842,3658959723,673814,668051,4294961533,completed,-10
LoadAware,1843,3658959723,674014,668252,4294961534,completed,-10
LoadAware,1844,3658959723,674214,668646,4294961728,completed,-10
LoadAware,1845,3658959723,674414,668767,4294961649,completed,-10
LoadAware,1846,3658959723,674614,668870,4294961552,completed,-10
LoadAware,1847,3658959723,674814,669052,4294961534,completed,-10
LoadAware,1848,3658959723,675014,669251,4294961533,completed,-10
LoadAware,1849,3658959723,675214,669450,4294961532,completed,-10
LoadAware,1850,3658959723,675417,669657,4294961536,completed,-10
LoadAware,1851,3658959723,675617,669854,4294961533,completed,-10
LoadAware,1852,3658959723,675817,670055,4294961534,completed,-10
LoadAware,1853,3658959723,676017,670254,4294961533,completed,-10
LoadAware,1854,3658959723,676217,670648,4294961727,completed,-10
LoadAware,1855,3658959723,676417,670763,4294961642,completed,-10
LoadAware,1856,3658959723,676617,670873,4294961552,completed,-10
LoadAware,1857,3658959723,676817,671054,4294961533,completed,-10
LoadAware,1858,3658959723,677017,671254,4294961533,completed,-10
LoadAware,1859,3658959723,677217,671454,4294961533,completed,-10
LoadAware,1860,3658959723,677418,671656,4294961534,completed,-10
LoadAware,1861,3658959723,677618,671856,4294961534,completed,-10
LoadAware,1862,3658959723,677818,672055,4294961533,completed,-10
LoadAware,1863,3658959723,678018,672255,4294961533,completed,-10
LoadAware,1864,3658959723,678218,672455,4294961533,completed,-10
LoadAware,1865,3658959723,678419,672659,4294961536,completed,-10
LoadAware,1866,3658959723,678619,672857,4294961534,completed,-10
LoadAware,1867,3658959723,678819,673056,4294961533,completed,-10
LoadAware,1868,3658959723,679019,673255,4294961532,completed,-11
LoadAware,1869,3658959723,679219,673649,4294961726,completed,-11
LoadAware,1870,3658959723,679419,673752,4294961629,completed,-11
LoadAware,1871,3658959723,679619,673858,4294961535,completed,-11
LoadAware,1872,3658959723,679819,674056,4294961533,completed,-11
LoadAware,1873,3658959723,680019,674256,4294961533,completed,-11
LoadAware,1874,3658959723,680219,674652,4294961729,completed,-11
LoadAware,1875,3658959723,680419,674757,4294961634,completed,-11
LoadAware,1876,3658959723,680619,674859,4294961536,completed,-11
LoadAware,1877,3658959723,680819,675057,4294961534,completed,-11
LoadAware,1878,3658959723,681019,675256,4294961533,completed,-11
LoadAware,1879,3658959723,681219,675459,4294961536,completed,-11
LoadAware,1880,3658959723,681422,675664,4294961538,completed,-11
LoadAware,1881,3658959723,681622,675859,4294961533,completed,-11
LoadAware,1882,3658959723,681822,676059,4294961533,completed,-11
LoadAware,1883,3658959723,682022,676259,4294961533,completed,-11
LoadAware,1884,3658959723,682222,676459,4294961533,completed,-11
LoadAware,1885,3658959723,682423,676663,4294961536,completed,-11
LoadAware,1886,3658959723,682623,676860,4294961533,completed,-11
LoadAware,1887,3658959723,682823,677060,4294961533,completed,-11
LoadAware,1888,3658959723,683023,677261,4294961534,completed,-10
LoadAware,1889,3658959723,683223,677460,4294961533,completed,-10
LoadAware,1890,3658959723,683424,677663,4294961535,completed,-10
LoadAware,1891,3658959723,683624,677861,4294961533,completed,-10
LoadAware,1892,3658959723,683824,678061,4294961533,completed,-10
LoadAware,1893,3658959723,684024,678261,4294961533,completed,-10
LoadAware,1894,3658959723,684224,678656,4294961728,completed,-10
LoadAware,1895,3658959723,684424,678764,4294961636,completed,-10
LoadAware,1896,3658959723,684624,678867,4294961539,completed,-10
LoadAware,1897,3658959723,684824,679062,4294961534,completed,-10
LoadAware,1898,3658959723,685024,679261,4294961533,completed,-11
LoadAware,1899,3658959723,685224,679463,4294961535,completed,-11
LoadAware,1900,3658959723,685430,679854,4294961720,completed,-11
LoadAware,1901,3658959723,685630,679957,4294961623,completed,-11
LoadAware,1902,3658959723,685830,680068,4294961534,completed,-11
LoadAware,1903,3658959723,686030,680267,4294961533,completed,-11
LoadAware,1904,3658959723,686230,680660,4294961726,completed,-11
LoadAware,1905,3658959723,686430,680763,4294961629,completed,-11
LoadAware,1906,3658959723,686630,680869,4294961535,completed,-11
LoadAware,1907,3658959723,686830,681067,4294961533,completed,-11
LoadAware,1908,3658959723,687032,681269,4294961533,completed,-11
LoadAware,1909,3658959723,687232,681664,4294961728,completed,-11
LoadAware,1910,3658959723,687433,681767,4294961630,completed,-11
LoadAware,1911,3658959723,687633,681873,4294961536,completed,-11
LoadAware,1912,3658959723,687833,682070,4294961533,completed,-11
LoadAware,1913,3658959723,688033,682270,4294961533,completed,-11
LoadAware,1914,3658959723,688233,682662,4294961725,completed,-11
LoadAware,1915,3658959723,688433,682764,4294961627,completed,-11
LoadAware,1916,3658959723,688633,682872,4294961535,completed,-11
LoadAware,1917,3658959723,688833,683070,4294961533,completed,-11
LoadAware,1918,3658959723,689033,683271,4294961534,completed,-11
LoadAware,1919,3658959723,689233,683470,4294961533,completed,-11
LoadAware,1920,3658959723,689434,683674,4294961536,completed,-11
LoadAware,1921,3658959723,689634,683871,4294961533,completed,-11
LoadAware,1922,3658959723,689834,684071,4294961533,completed,-11
LoadAware,1923,3658959723,690034,684271,4294961533,completed,-11
LoadAware,1924,3658959723,690234,684665,4294961727,completed,-11
LoadAware,1925,3658959723,690434,684773,4294961635,completed,-11
LoadAware,1926,3658959723,690634,684875,4294961537,completed,-11
LoadAware,1927,3658959723,690834,685071,4294961533,completed,-11
LoadAware,1928,3658959723,691034,685271,4294961533,completed,-10
LoadAware,1929,3658959723,691234,685472,4294961534,completed,-10
LoadAware,1930,3658959723,691435,685676,4294961537,completed,-10
LoadAware,1931,3658959723,691635,685874,4294961535,completed,-10
LoadAware,1932,3658959723,691835,686073,4294961534,completed,-10
LoadAware,1933,3658959723,692035,686272,4294961533,completed,-10
LoadAware,1934,3658959723,692235,686668,4294961729,completed,-10
LoadAware,1935,3658959723,692435,686776,4294961637,completed,-10
LoadAware,1936,3658959723,692635,686879,4294961540,completed,-10
LoadAware,1937,3658959723,692835,687072,4294961533,completed,-10
LoadAware,1938,3658959723,693035,687272,4294961533,completed,-11
LoadAware,1939,3658959723,693235,687474,4294961535,completed,-11
LoadAware,1940,3658959723,693437,687678,4294961537,completed,-11
LoadAware,1941,3658959723,693637,687875,4294961534,completed,-11
LoadAware,1942,3658959723,693837,688074,4294961533,completed,-11
LoadAware,1943,3658959723,694037,688274,4294961533,completed,-11
LoadAware,1944,3658959723,694237,688669,4294961728,completed,-11
LoadAware,1945,3658959723,694437,688787,4294961646,completed,-11
LoadAware,1946,3658959723,694637,688890,4294961549,completed,-11
LoadAware,1947,3658959723,694837,689074,4294961533,completed,-11
LoadAware,1948,3658959723,695037,689275,4294961534,completed,-9
LoadAware,1949,3658959723,695237,689473,4294961532,completed,-9
LoadAware,1950,3658959723,695439,689679,4294961536,completed,-9
LoadAware,1951,3658959723,695639,689876,4294961533,completed,-9
LoadAware,1952,3658959723,695839,690224,4294961681,completed,-9
LoadAware,1953,3658959723,696039,690329,4294961586,completed,-9
LoadAware,1954,3658959723,696239,690476,4294961533,completed,-9
LoadAware,1955,3658959723,696440,690680,4294961536,completed,-9
LoadAware,1956,3658959723,696640,690878,4294961534,completed,-9
LoadAware,1957,3658959723,696840,691077,4294961533,completed,-9
LoadAware,1958,3658959723,697040,691279,4294961535,completed,-11
LoadAware,1959,3658959723,697240,691477,4294961533,completed,-11
LoadAware,1960,3658959723,697441,691682,4294961537,completed,-11
LoadAware,1961,3658959723,697641,691879,4294961534,completed,-11
LoadAware,1962,3658959723,697841,692078,4294961533,completed,-11
LoadAware,1963,3658959723,698041,692278,4294961533,completed,-11
LoadAware,1964,3658959723,698241,692673,4294961728,completed,-11
LoadAware,1965,3658959723,698441,692782,4294961637,completed,-11
LoadAware,1966,3658959723,698641,692885,4294961540,completed,-11
LoadAware,1967,3658959723,698841,693078,4294961533,completed,-11
LoadAware,1968,3658959723,699041,693278,4294961533,completed,-12
LoadAware,1969,3658959723,699241,693479,4294961534,completed,-12
LoadAware,1970,3658959723,699459,693699,4294961536,completed,-12
LoadAware,1971,3658959723,699659,693896,4294961533,completed,-12
LoadAware,1972,3658959723,699859,694096,4294961533,completed,-12
LoadAware,1973,3658959723,700059,694296,4294961533,completed,-12
LoadAware,1974,3658959723,700440,694679,4294961535,completed,-12
LoadAware,1975,3658959723,700640,694878,4294961534,completed,-12
LoadAware,1976,3658959723,700840,695077,4294961533,completed,-12
LoadAware,1977,3658959723,701040,695277,4294961533,completed,-10
LoadAware,1978,3658959723,701240,695477,4294961533,completed,-10
LoadAware,1979,3658959723,701453,695692,4294961535,completed,-10
LoadAware,1980,3658959723,701653,695890,4294961533,completed,-10
LoadAware,1981,3658959723,701853,696090,4294961533,completed,-10
LoadAware,1982,3658959723,702053,696290,4294961533,completed,-10
LoadAware,1983,3658959723,702442,696680,4294961534,completed,-10
LoadAware,1984,3658959723,702642,696879,4294961533,completed,-10
LoadAware,1985,3658959723,702842,697079,4294961533,completed,-10
LoadAware,1986,3658959723,703042,697281,4294961535,completed,-12
LoadAware,1987,3658959723,703242,697481,4294961535,completed,-12
LoadAware,1988,3658959723,703453,697694,4294961537,completed,-12
LoadAware,1989,3658959723,703653,697890,4294961533,completed,-12
LoadAware,1990,3658959723,703853,698090,4294961533,completed,-12
LoadAware,1991,3658959723,704053,698290,4294961533,completed,-12
LoadAware,1992,3658959723,704253,698684,4294961727,completed,-12
LoadAware,1993,3658959723,704460,698787,4294961623,completed,-12
LoadAware,1994,3658959723,704660,698899,4294961535,completed,-12
LoadAware,1995,3658959723,704860,699097,4294961533,completed,-12
LoadAware,1996,3658959723,705060,699326,4294961562,completed,-11
LoadAware,1997,3658959723,705456,699697,4294961537,completed,-11
LoadAware,1998,3658959723,705656,699893,4294961533,completed,-11
LoadAware,1999,3658959723,705856,700093,4294961533,completed,-11
LoadAware,2000,3658959723,706056,700294,4294961534,completed,-11
LoadAware,2001,3658959723,706256,700688,4294961728,completed,-11
LoadAware,2002,3658959723,706460,700791,4294961627,completed,-11
LoadAware,2003,3658959723,706660,700898,4294961534,completed,-11
LoadAware,2004,3658959723,706860,701097,4294961533,completed,-11
LoadAware,2005,3658959723,707060,701297,4294961533,completed,-11
LoadAware,2006,3658959723,707457,701711,4294961550,completed,-11
LoadAware,2007,3658959723,707657,701894,4294961533,completed,-11
LoadAware,2008,3658959723,707857,702094,4294961533,completed,-11
LoadAware,2009,3658959723,708057,702294,4294961533,completed,-11
LoadAware,2010,3658959723,708257,702689,4294961728,completed,-11
LoadAware,2011,3658959723,708461,702792,4294961627,completed,-11
LoadAware,2012,3658959723,708661,702900,4294961535,completed,-11
LoadAware,2013,3658959723,708861,703098,4294961533,completed,-11
LoadAware,2014,3658959723,709061,703298,4294961533,completed,-12
LoadAware,2015,3658959723,709460,703716,4294961552,completed,-12
LoadAware,2016,3658959723,709660,703897,4294961533,completed,-12
LoadAware,2017,3658959723,709860,704097,4294961533,completed,-12
LoadAware,2018,3658959723,710060,704298,4294961534,completed,-12
LoadAware,2019,3658959723,710260,704692,4294961728,completed,-12
LoadAware,2020,3658959723,710465,704795,4294961626,completed,-12
LoadAware,2021,3658959723,710665,704904,4294961535,completed,-12
LoadAware,2022,3658959723,710865,705102,4294961533,completed,-12
LoadAware,2023,3658959723,711065,705304,4294961535,completed,-12
LoadAware,2024,3658959723,711456,705716,4294961556,completed,-12
LoadAware,2025,3658959723,711656,705895,4294961535,completed,-12
LoadAware,2026,3658959723,711856,706093,4294961533,completed,-12
LoadAware,2027,3658959723,712056,706293,4294961533,completed,-12
LoadAware,2028,3658959723,712256,706694,4294961734,completed,-12
LoadAware,2029,3658959723,712466,706797,4294961627,completed,-12
LoadAware,2030,3658959723,712666,706905,4294961535,completed,-12
LoadAware,2031,3658959723,712866,707103,4294961533,completed,-12
LoadAware,2032,3658959723,713066,707303,4294961533,completed,-11
LoadAware,2033,3658959723,713458,707697,4294961535,completed,-11
LoadAware,2034,3658959723,713658,707898,4294961536,completed,-11
LoadAware,2035,3658959723,713858,708095,4294961533,completed,-11
LoadAware,2036,3658959723,714058,708295,4294961533,completed,-11
LoadAware,2037,3658959723,714258,708708,4294961746,completed,-11
LoadAware,2038,3658959723,714467,708811,4294961640,completed,-11
LoadAware,2039,3658959723,714667,708913,4294961542,completed,-11
LoadAware,2040,3658959723,714867,709104,4294961533,completed,-11
LoadAware,2041,3658959723,715067,709304,4294961533,completed,-12
LoadAware,2042,3658959723,715267,709700,4294961729,completed,-12
LoadAware,2043,3658959723,715472,709803,4294961627,completed,-12
LoadAware,2044,3658959723,715672,709909,4294961533,completed,-12
LoadAware,2045,3658959723,715872,710109,4294961533,completed,-12
LoadAware,2046,3658959723,716072,710309,4294961533,completed,-12
LoadAware,2047,3658959723,716463,710700,4294961533,completed,-12
LoadAware,2048,3658959723,716663,710900,4294961533,completed,-12
LoadAware,2049,3658959723,716863,711101,4294961534,completed,-12
LoadAware,2050,3658959723,717063,711300,4294961533,completed,-12
LoadAware,2051,3658959723,717263,711502,4294961535,completed,-12
LoadAware,2052,3658959723,717475,711715,4294961536,completed,-12
LoadAware,2053,3658959723,717675,711913,4294961534,completed,-12
LoadAware,2054,3658959723,717875,712113,4294961534,completed,-12
LoadAware,2055,3658959723,718075,712312,4294961533,completed,-12
LoadAware,2056,3658959723,718473,712713,4294961536,completed,-12
LoadAware,2057,3658959723,718673,712910,4294961533,completed,-12
LoadAware,2058,3658959723,718873,713110,4294961533,completed,-12
LoadAware,2059,3658959723,719073,713310,4294961533,completed,-11
LoadAware,2060,3658959723,719275,713706,4294961727,completed,-11
LoadAware,2061,3658959723,719478,713809,4294961627,completed,-11
LoadAware,2062,3658959723,719678,713916,4294961534,completed,-11
LoadAware,2063,3658959723,719878,714115,4294961533,completed,-11
LoadAware,2064,3658959723,720078,714315,4294961533,completed,-11
LoadAware,2065,3658959723,720278,714709,4294961727,completed,-11
LoadAware,2066,3658959723,720482,714819,4294961633,completed,-11
LoadAware,2067,3658959723,720682,714922,4294961536,completed,-11
LoadAware,2068,3658959723,720882,715119,4294961533,completed,-11
LoadAware,2069,3658959723,721082,715320,4294961534,completed,-12
LoadAware,2070,3658959723,721482,715721,4294961535,completed,-12
LoadAware,2071,3658959723,721682,715919,4294961533,completed,-12
LoadAware,2072,3658959723,721882,716119,4294961533,completed,-12
LoadAware,2073,3658959723,722082,716319,4294961533,completed,-12
LoadAware,2074,3658959723,722282,716713,4294961727,completed,-12
LoadAware,2075,3658959723,722486,716816,4294961626,completed,-12
LoadAware,2076,3658959723,722686,716923,4294961533,completed,-12
LoadAware,2077,3658959723,722886,717123,4294961533,completed,-12
LoadAware,2078,3658959723,723086,717324,4294961534,completed,-12
LoadAware,2079,3658959723,723487,717725,4294961534,completed,-12
LoadAware,2080,3658959723,723687,717924,4294961533,completed,-12
LoadAware,2081,3658959723,723887,718124,4294961533,completed,-12
LoadAware,2082,3658959723,724087,718325,4294961534,completed,-12
LoadAware,2083,3658959723,724486,718730,4294961540,completed,-12
LoadAware,2084,3658959723,724686,718923,4294961533,completed,-12
LoadAware,2085,3658959723,724886,719123,4294961533,completed,-12
LoadAware,2086,3658959723,725086,719323,4294961533,completed,-12
LoadAware,2087,3658959723,725286,719723,4294961733,completed,-12
LoadAware,2088,3658959723,725491,719828,4294961633,completed,-12
LoadAware,2089,3658959723,725691,719931,4294961536,completed,-12
LoadAware,2090,3658959723,725891,720128,4294961533,completed,-12
LoadAware,2091,3658959723,726091,720328,4294961533,completed,-12
LoadAware,2092,3658959723,726489,720727,4294961534,completed,-12
LoadAware,2093,3658959723,726689,720926,4294961533,completed,-12
LoadAware,2094,3658959723,726889,721127,4294961534,completed,-12
LoadAware,2095,3658959723,727089,721326,4294961533,completed,-12
LoadAware,2096,3658959723,727289,721721,4294961728,completed,-12
LoadAware,2097,3658959723,727493,721824,4294961627,completed,-12
LoadAware,2098,3658959723,727693,721930,4294961533,completed,-12
LoadAware,2099,3658959723,727893,722130,4294961533,completed,-12
LoadAware,2100,3658959723,728093,722330,4294961533,completed,-12
LoadAware,2101,3658959723,728493,722731,4294961534,completed,-12
LoadAware,2102,3658959723,728693,722930,4294961533,completed,-12
LoadAware,2103,3658959723,728893,723131,4294961534,completed,-12
LoadAware,2104,3658959723,729093,723330,4294961533,completed,-11
LoadAware,2105,3658959723,729494,723732,4294961534,completed,-11
LoadAware,2106,3658959723,729694,723932,4294961534,completed,-11
LoadAware,2107,3658959723,729894,724131,4294961533,completed,-11
LoadAware,2108,3658959723,730094,724331,4294961533,completed,-11
LoadAware,2109,3658959723,730294,724730,4294961732,completed,-11
LoadAware,2110,3658959723,730499,724833,4294961630,completed,-11
LoadAware,2111,3658959723,730699,724939,4294961536,completed,-11
LoadAware,2112,3658959723,730899,725136,4294961533,completed,-11
LoadAware,2113,3658959723,731099,725336,4294961533,completed,-12
LoadAware,2114,3658959723,731497,725736,4294961535,completed,-12
LoadAware,2115,3658959723,731697,725934,4294961533,completed,-12
LoadAware,2116,3658959723,731897,726135,4294961534,completed,-12
LoadAware,2117,3658959723,732097,726334,4294961533,completed,-12
LoadAware,2118,3658959723,732297,726729,4294961728,completed,-12
LoadAware,2119,3658959723,732501,726832,4294961627,completed,-12
LoadAware,2120,3658959723,732701,726940,4294961535,completed,-12
LoadAware,2121,3658959723,732901,727138,4294961533,completed,-12
LoadAware,2122,3658959723,733101,727338,4294961533,completed,-11
LoadAware,2123,3658959723,733500,727740,4294961536,completed,-11
LoadAware,2124,3658959723,733700,727958,4294961554,completed,-11
LoadAware,2125,3658959723,733900,728140,4294961536,completed,-11
LoadAware,2126,3658959723,734100,728337,4294961533,completed,-11
LoadAware,2127,3658959723,734300,728732,4294961728,completed,-11
LoadAware,2128,3658959723,734504,728835,4294961627,completed,-11
LoadAware,2129,3658959723,734704,728943,4294961535,completed,-11
LoadAware,2130,3658959723,734904,729142,4294961534,completed,-11
LoadAware,2131,3658959723,735104,729341,4294961533,completed,-12
LoadAware,2132,3658959723,735505,729743,4294961534,completed,-12
LoadAware,2133,3658959723,735705,729949,4294961540,completed,-12
LoadAware,2134,3658959723,735905,730143,4294961534,completed,-12
LoadAware,2135,3658959723,736105,730342,4294961533,completed,-12
LoadAware,2136,3658959723,736505,730744,4294961535,completed,-12
LoadAware,2137,3658959723,736705,730942,4294961533,completed,-12
LoadAware,2138,3658959723,736905,731142,4294961533,completed,-12
LoadAware,2139,3658959723,737105,731342,4294961533,completed,-11
LoadAware,2140,3658959723,737305,731737,4294961728,completed,-11
LoadAware,2141,3658959723,737509,731840,4294961627,completed,-11
LoadAware,2142,3658959723,737709,731975,4294961562,completed,-11
LoadAware,2143,3658959723,737909,732147,4294961534,completed,-11
LoadAware,2144,3658959723,738109,732350,4294961537,completed,-11
LoadAware,2145,3658959723,738509,732748,4294961535,completed,-11
LoadAware,2146,3658959723,738709,732946,4294961533,completed,-11
LoadAware,2147,3658959723,738909,733146,4294961533,completed,-11
LoadAware,2148,3658959723,739109,733346,4294961533,completed,-11
LoadAware,2149,3658959723,739309,733741,4294961728,completed,-11
LoadAware,2150,3658959723,739511,733843,4294961628,completed,-11
LoadAware,2151,3658959723,739711,733951,4294961536,completed,-11
LoadAware,2152,3658959723,739911,734148,4294961533,completed,-11
LoadAware,2153,3658959723,740111,734348,4294961533,completed,-11
LoadAware,2154,3658959723,740311,734743,4294961728,completed,-11
LoadAware,2155,3658959723,740515,734846,4294961627,completed,-11
LoadAware,2156,3658959723,740715,734955,4294961536,completed,-11
LoadAware,2157,3658959723,740915,735153,4294961534,completed,-11
LoadAware,2158,3658959723,741115,735354,4294961535,completed,-11
LoadAware,2159,3658959723,741513,735755,4294961538,completed,-11
LoadAware,2160,3658959723,741713,735950,4294961533,completed,-11
LoadAware,2161,3658959723,741913,736150,4294961533,completed,-11
LoadAware,2162,3658959723,742113,736350,4294961533,completed,-11
LoadAware,2163,3658959723,742313,736768,4294961751,completed,-11
LoadAware,2164,3658959723,742516,736871,4294961651,completed,-11
LoadAware,2165,3658959723,742716,736974,4294961554,completed,-11
LoadAware,2166,3658959723,742916,737153,4294961533,completed,-11
LoadAware,2167,3658959723,743116,737356,4294961536,completed,-12
LoadAware,2168,3658959723,743317,737749,4294961728,completed,-12
LoadAware,2169,3658959723,743519,737852,4294961629,completed,-12
LoadAware,2170,3658959723,743719,737958,4294961535,completed,-12
LoadAware,2171,3658959723,743919,738157,4294961534,completed,-12
LoadAware,2172,3658959723,744119,738358,4294961535,completed,-12
LoadAware,2173,3658959723,744319,738755,4294961732,completed,-12
LoadAware,2174,3658959723,744522,738878,4294961652,completed,-12
LoadAware,2175,3658959723,744722,738981,4294961555,completed,-12
LoadAware,2176,3658959723,744922,739159,4294961533,completed,-12
LoadAware,2177,3658959723,745125,739365,4294961536,completed,-11
LoadAware,2178,3658959723,745521,739759,4294961534,completed,-11
LoadAware,2179,3658959723,745721,739958,4294961533,completed,-11
LoadAware,2180,3658959723,745921,740159,4294961534,completed,-11
LoadAware,2181,3658959723,746121,740358,4294961533,completed,-11
LoadAware,2182,3658959723,746321,740752,4294961727,completed,-11
LoadAware,2183,3658959723,746523,740855,4294961628,completed,-11
LoadAware,2184,3658959723,746723,740962,4294961535,completed,-11
LoadAware,2185,3658959723,746923,741161,4294961534,completed,-11
LoadAware,2186,3658959723,747129,741367,4294961534,completed,-11
LoadAware,2187,3658959723,747523,741761,4294961534,completed,-11
LoadAware,2188,3658959723,747723,741960,4294961533,completed,-11
LoadAware,2189,3658959723,747923,742161,4294961534,completed,-11
LoadAware,2190,3658959723,748123,742360,4294961533,completed,-11
LoadAware,2191,3658959723,748323,742560,4294961533,completed,-11
LoadAware,2192,3658959723,748532,742771,4294961535,completed,-11
LoadAware,2193,3658959723,748732,742970,4294961534,completed,-11
LoadAware,2194,3658959723,748932,743170,4294961534,completed,-11
LoadAware,2195,3658959723,749132,743371,4294961535,completed,-11
LoadAware,2196,3658959723,749526,743763,4294961533,completed,-11
LoadAware,2197,3658959723,749726,743964,4294961534,completed,-11
LoadAware,2198,3658959723,749926,744165,4294961535,completed,-11
LoadAware,2199,3658959723,750126,744363,4294961533,completed,-11
LoadAware,2200,3658959723,750326,744757,4294961727,completed,-11
LoadAware,2201,3658959723,750529,744866,4294961633,completed,-11
LoadAware,2202,3658959723,750729,744973,4294961540,completed,-11
LoadAware,2203,3658959723,750929,745167,4294961534,completed,-11
LoadAware,2204,3658959723,751130,745368,4294961534,completed,-11
LoadAware,2205,3658959723,751528,745767,4294961535,completed,-11
LoadAware,2206,3658959723,751728,745966,4294961534,completed,-11
LoadAware,2207,3658959723,751928,746166,4294961534,completed,-11
LoadAware,2208,3658959723,752128,746365,4294961533,completed,-11
LoadAware,2209,3658959723,752328,746758,4294961726,completed,-11
LoadAware,2210,3658959723,752530,746861,4294961627,completed,-11
LoadAware,2211,3658959723,752730,746969,4294961535,completed,-11
LoadAware,2212,3658959723,752930,747167,4294961533,completed,-11
LoadAware,2213,3658959723,753131,747369,4294961534,completed,-12
LoadAware,2214,3658959723,753331,747766,4294961731,completed,-12
LoadAware,2215,3658959723,753534,747872,4294961634,completed,-12
LoadAware,2216,3658959723,753734,747975,4294961537,completed,-12
LoadAware,2217,3658959723,753934,748171,4294961533,completed,-12
LoadAware,2218,3658959723,754134,748371,4294961533,completed,-12
LoadAware,SUMMARY,ALL,0,0,120158,batch_complete,0
----------------,---,---,---,---,---,----------------,---
LoadAware,2219,3658959723,754334,748765,4294961727,completed,-12
LoadAware,2220,3658959723,784804,779043,4294961535,completed,-10
LoadAware,2221,3658959723,785004,779255,4294961547,completed,-10
LoadAware,2222,3658959723,785204,779446,4294961538,completed,-10
LoadAware,2223,3658959723,785566,779805,4294961535,completed,-10
LoadAware,2224,3658959723,785766,780004,4294961534,completed,-10
LoadAware,2225,3658959723,785966,780203,4294961533,completed,-10
LoadAware,2226,3658959723,786166,780403,4294961533,completed,-10
LoadAware,2227,3658959723,786366,780798,4294961728,completed,-10
LoadAware,2228,3658959723,786570,780901,4294961627,completed,-10
LoadAware,2229,3658959723,786770,781009,4294961535,completed,-10
LoadAware,2230,3658959723,786970,781208,4294961534,completed,-10
LoadAware,2231,3658959723,787170,781408,4294961534,completed,-11
LoadAware,2232,3658959723,787568,781808,4294961536,completed,-11
LoadAware,2233,3658959723,787768,782006,4294961534,completed,-11
LoadAware,2234,3658959723,787968,782207,4294961535,completed,-11
LoadAware,2235,3658959723,788168,782407,4294961535,completed,-11
LoadAware,2236,3658959723,788368,782800,4294961728,completed,-11
LoadAware,2237,3658959723,788572,782903,4294961627,completed,-11
LoadAware,2238,3658959723,788772,783011,4294961535,completed,-11
LoadAware,2239,3658959723,788972,783209,4294961533,completed,-11
LoadAware,2240,3658959723,789172,783409,4294961533,completed,-12
LoadAware,2241,3658959723,789571,783814,4294961539,completed,-12
LoadAware,2242,3658959723,789771,784009,4294961534,completed,-12
LoadAware,2243,3658959723,789971,784211,4294961536,completed,-12
LoadAware,2244,3658959723,790171,784408,4294961533,completed,-12
LoadAware,2245,3658959723,790371,784803,4294961728,completed,-12
LoadAware,2246,3658959723,790574,784906,4294961628,completed,-12
LoadAware,2247,3658959723,790774,785013,4294961535,completed,-12
LoadAware,2248,3658959723,790974,785213,4294961535,completed,-12
LoadAware,2249,3658959723,791174,785412,4294961534,completed,-10
LoadAware,2250,3658959723,791374,785805,4294961727,completed,-10
LoadAware,2251,3658959723,791578,785908,4294961626,completed,-10
LoadAware,2252,3658959723,791778,786017,4294961535,completed,-10
LoadAware,2253,3658959723,791978,786216,4294961534,completed,-10
LoadAware,2254,3658959723,792178,786415,4294961533,completed,-10
LoadAware,2255,3658959723,792576,786815,4294961535,completed,-10
LoadAware,2256,3658959723,792776,787014,4294961534,completed,-10
LoadAware,2257,3658959723,792976,787214,4294961534,completed,-10
LoadAware,2258,3658959723,793176,787414,4294961534,completed,-11
LoadAware,2259,3658959723,793376,787808,4294961728,completed,-11
LoadAware,2260,3658959723,793579,787911,4294961628,completed,-11
LoadAware,2261,3658959723,793779,788018,4294961535,completed,-11
LoadAware,2262,3658959723,793979,788217,4294961534,completed,-11
LoadAware,2263,3658959723,794179,788416,4294961533,completed,-11
LoadAware,2264,3658959723,794379,788810,4294961727,completed,-11
LoadAware,2265,3658959723,794581,788913,4294961628,completed,-11
LoadAware,2266,3658959723,794781,789020,4294961535,completed,-11
LoadAware,2267,3658959723,794981,789218,4294961533,completed,-11
LoadAware,2268,3658959723,795181,789420,4294961535,completed,-11
LoadAware,2269,3658959723,795381,789812,4294961727,completed,-11
LoadAware,2270,3658959723,795584,789918,4294961630,completed,-11
LoadAware,2271,3658959723,795784,790025,4294961537,completed,-11
LoadAware,2272,3658959723,795984,790222,4294961534,completed,-11
LoadAware,2273,3658959723,796184,790423,4294961535,completed,-11
LoadAware,2274,3658959723,796384,790815,4294961727,completed,-11
LoadAware,2275,3658959723,796588,790926,4294961634,completed,-11
LoadAware,2276,3658959723,796788,791029,4294961537,completed,-11
LoadAware,2277,3658959723,796988,791226,4294961534,completed,-11
LoadAware,2278,3658959723,797188,791426,4294961534,completed,-11
LoadAware,2279,3658959723,797587,791825,4294961534,completed,-11
LoadAware,2280,3658959723,797787,792024,4294961533,completed,-11
LoadAware,2281,3658959723,797987,792225,4294961534,completed,-11
LoadAware,2282,3658959723,798187,792426,4294961535,completed,-11
LoadAware,2283,3658959723,798387,792828,4294961737,completed,-11
LoadAware,2284,3658959723,798592,792937,4294961641,completed,-11
LoadAware,2285,3658959723,798792,793044,4294961548,completed,-11
LoadAware,2286,3658959723,798992,793231,4294961535,completed,-11
LoadAware,2287,3658959723,799192,793430,4294961534,completed,-11
LoadAware,2288,3658959723,799589,793827,4294961534,completed,-11
LoadAware,2289,3658959723,799789,794026,4294961533,completed,-11
LoadAware,2290,3658959723,799989,794226,4294961533,completed,-11
LoadAware,2291,3658959723,800189,794427,4294961534,completed,-11
LoadAware,2292,3658959723,800389,794820,4294961727,completed,-11
LoadAware,2293,3658959723,800592,794923,4294961627,completed,-11
LoadAware,2294,3658959723,800792,795031,4294961535,completed,-11
LoadAware,2295,3658959723,800992,795231,4294961535,completed,-11
LoadAware,2296,3658959723,801192,795431,4294961535,completed,-12
LoadAware,2297,3658959723,801392,795822,4294961726,completed,-12
LoadAware,2298,3658959723,801594,795925,4294961627,completed,-12
LoadAware,2299,3658959723,801794,796032,4294961534,completed,-12
LoadAware,2300,3658959723,801994,796233,4294961535,completed,-12
LoadAware,2301,3658959723,802194,796431,4294961533,completed,-12
LoadAware,2302,3658959723,802394,796825,4294961727,completed,-12
LoadAware,2303,3658959723,802596,796927,4294961627,completed,-12
LoadAware,2304,3658959723,802796,797034,4294961534,completed,-12
LoadAware,2305,3658959723,802996,797234,4294961534,completed,-12
LoadAware,2306,3658959723,803196,797434,4294961534,completed,-12
LoadAware,2307,3658959723,803396,797827,4294961727,completed,-12
LoadAware,2308,3658959723,803598,797937,4294961635,completed,-12
LoadAware,2309,3658959723,803798,798040,4294961538,completed,-12
LoadAware,2310,3658959723,803998,798236,4294961534,completed,-12
LoadAware,2311,3658959723,804198,798435,4294961533,completed,-12
LoadAware,2312,3658959723,804398,798829,4294961727,completed,-12
LoadAware,2313,3658959723,804600,798940,4294961636,completed,-12
LoadAware,2314,3658959723,804800,799060,4294961556,completed,-12
LoadAware,2315,3658959723,805000,799238,4294961534,completed,-12
LoadAware,2316,3658959723,805200,799439,4294961535,completed,-11
LoadAware,2317,3658959723,805400,799831,4294961727,completed,-11
LoadAware,2318,3658959723,805603,799934,4294961627,completed,-11
LoadAware,2319,3658959723,805803,800042,4294961535,completed,-11
LoadAware,2320,3658959723,806003,800241,4294961534,completed,-11
LoadAware,2321,3658959723,806203,800441,4294961534,completed,-11
LoadAware,2322,3658959723,806403,800834,4294961727,completed,-11
LoadAware,2323,3658959723,806605,800943,4294961634,completed,-11
LoadAware,2324,3658959723,806805,801052,4294961543,completed,-11
LoadAware,2325,3658959723,807005,801243,4294961534,completed,-11
LoadAware,2326,3658959723,807205,801443,4294961534,completed,-12
LoadAware,2327,3658959723,807405,801842,4294961733,completed,-12
LoadAware,2328,3658959723,807608,801946,4294961634,completed,-12
LoadAware,2329,3658959723,807808,802049,4294961537,completed,-12
LoadAware,2330,3658959723,808008,802247,4294961535,completed,-12
LoadAware,2331,3658959723,808208,802446,4294961534,completed,-12
LoadAware,2332,3658959723,808606,802845,4294961535,completed,-12
LoadAware,2333,3658959723,808806,803044,4294961534,completed,-12
LoadAware,2334,3658959723,809006,803244,4294961534,completed,-12
LoadAware,2335,3658959723,809206,803444,4294961534,completed,-11
LoadAware,2336,3658959723,809406,803841,4294961731,completed,-11
LoadAware,2337,3658959723,809609,803950,4294961637,completed,-11
LoadAware,2338,3658959723,809809,804052,4294961539,completed,-11
LoadAware,2339,3658959723,810009,804248,4294961535,completed,-11
LoadAware,2340,3658959723,810209,804447,4294961534,completed,-11
LoadAware,2341,3658959723,810409,804926,4294961813,completed,-11
LoadAware,2342,3658959723,810612,805035,4294961719,completed,-11
LoadAware,2343,3658959723,810812,805138,4294961622,completed,-11
LoadAware,2344,3658959723,811014,805254,4294961536,completed,-11
LoadAware,2345,3658959723,811214,805452,4294961534,completed,-12
LoadAware,2346,3658959723,811606,805844,4294961534,completed,-12
LoadAware,2347,3658959723,811806,806043,4294961533,completed,-12
LoadAware,2348,3658959723,812006,806245,4294961535,completed,-12
LoadAware,2349,3658959723,812206,806445,4294961535,completed,-12
LoadAware,2350,3658959723,812406,806854,4294961744,completed,-12
LoadAware,2351,3658959723,812614,806957,4294961639,completed,-12
LoadAware,2352,3658959723,812814,807059,4294961541,completed,-12
LoadAware,2353,3658959723,813014,807252,4294961534,completed,-12
LoadAware,2354,3658959723,813214,807453,4294961535,completed,-12
LoadAware,2355,3658959723,813414,807844,4294961726,completed,-12
LoadAware,2356,3658959723,813616,807954,4294961634,completed,-12
LoadAware,2357,3658959723,813816,808057,4294961537,completed,-12
LoadAware,2358,3658959723,814016,808254,4294961534,completed,-12
LoadAware,2359,3658959723,814216,808454,4294961534,completed,-12
LoadAware,2360,3658959723,814416,808848,4294961728,completed,-12
LoadAware,2361,3658959723,814621,808959,4294961634,completed,-12
LoadAware,2362,3658959723,814821,809061,4294961536,completed,-12
LoadAware,2363,3658959723,815021,809259,4294961534,completed,-12
LoadAware,2364,3658959723,815221,809459,4294961534,completed,-13
LoadAware,2365,3658959723,815618,809856,4294961534,completed,-13
LoadAware,2366,3658959723,815818,810057,4294961535,completed,-13
LoadAware,2367,3658959723,816018,810259,4294961537,completed,-13
LoadAware,2368,3658959723,816218,810456,4294961534,completed,-13
LoadAware,2369,3658959723,816418,810849,4294961727,completed,-13
LoadAware,2370,3658959723,816620,810957,4294961633,completed,-13
LoadAware,2371,3658959723,816820,811066,4294961542,completed,-13
LoadAware,2372,3658959723,817020,811259,4294961535,completed,-13
LoadAware,2373,3658959723,817220,811458,4294961534,completed,-13
LoadAware,2374,3658959723,817420,811851,4294961727,completed,-13
LoadAware,2375,3658959723,817622,811960,4294961634,completed,-13
LoadAware,2376,3658959723,817822,812070,4294961544,completed,-13
LoadAware,2377,3658959723,818022,812261,4294961535,completed,-13
LoadAware,2378,3658959723,818222,812460,4294961534,completed,-13
LoadAware,2379,3658959723,818422,812853,4294961727,completed,-13
LoadAware,2380,3658959723,818624,812956,4294961628,completed,-13
LoadAware,2381,3658959723,818824,813064,4294961536,completed,-13
LoadAware,2382,3658959723,819024,813262,4294961534,completed,-13
LoadAware,2383,3658959723,819224,813461,4294961533,completed,-13
LoadAware,2384,3658959723,819424,813855,4294961727,completed,-13
LoadAware,2385,3658959723,819635,813958,4294961619,completed,-13
LoadAware,2386,3658959723,819835,814075,4294961536,completed,-13
LoadAware,2387,3658959723,820035,814273,4294961534,completed,-13
LoadAware,2388,3658959723,820235,814473,4294961534,completed,-13
LoadAware,2389,3658959723,820626,814864,4294961534,completed,-13
LoadAware,2390,3658959723,820826,815065,4294961535,completed,-13
LoadAware,2391,3658959723,821026,815264,4294961534,completed,-13
LoadAware,2392,3658959723,821226,815464,4294961534,completed,-12
LoadAware,2393,3658959723,821426,815857,4294961727,completed,-12
LoadAware,2394,3658959723,821628,815965,4294961633,completed,-12
LoadAware,2395,3658959723,821828,816201,4294961669,completed,-12
LoadAware,2396,3658959723,822028,816304,4294961572,completed,-12
LoadAware,2397,3658959723,822228,816466,4294961534,completed,-12
LoadAware,2398,3658959723,822428,816859,4294961727,completed,-12
LoadAware,2399,3658959723,822630,816974,4294961640,completed,-12
LoadAware,2400,3658959723,822830,817077,4294961543,completed,-12
LoadAware,2401,3658959723,823030,817267,4294961533,completed,-12
LoadAware,2402,3658959723,823230,817468,4294961534,completed,-13
LoadAware,2403,3658959723,823430,817861,4294961727,completed,-13
LoadAware,2404,3658959723,823633,817971,4294961634,completed,-13
LoadAware,2405,3658959723,823833,818073,4294961536,completed,-13
LoadAware,2406,3658959723,824033,818271,4294961534,completed,-13
LoadAware,2407,3658959723,824233,818471,4294961534,completed,-13
LoadAware,2408,3658959723,824631,818870,4294961535,completed,-13
LoadAware,2409,3658959723,824831,819072,4294961537,completed,-13
LoadAware,2410,3658959723,825031,819268,4294961533,completed,-13
LoadAware,2411,3658959723,825231,819468,4294961533,completed,-12
LoadAware,2412,3658959723,825431,819867,4294961732,completed,-12
LoadAware,2413,3658959723,825634,819972,4294961634,completed,-12
LoadAware,2414,3658959723,825834,820075,4294961537,completed,-12
LoadAware,2415,3658959723,826034,820272,4294961534,completed,-12
LoadAware,2416,3658959723,826234,820475,4294961537,completed,-12
LoadAware,2417,3658959723,826434,820918,4294961780,completed,-12
LoadAware,2418,3658959723,826637,821021,4294961680,completed,-12
LoadAware,2419,3658959723,826837,821124,4294961583,completed,-12
LoadAware,2420,3658959723,827037,821275,4294961534,completed,-12
LoadAware,2421,3658959723,827237,821475,4294961534,completed,-13
LoadAware,2422,3658959723,827437,821869,4294961728,completed,-13
LoadAware,2423,3658959723,827637,821975,4294961634,completed,-13
LoadAware,2424,3658959723,827837,822077,4294961536,completed,-13
LoadAware,2425,3658959723,828037,822275,4294961534,completed,-13
LoadAware,2426,3658959723,828237,822475,4294961534,completed,-13
LoadAware,2427,3658959723,828437,822675,4294961534,completed,-13
LoadAware,2428,3658959723,828648,822887,4294961535,completed,-13
LoadAware,2429,3658959723,828848,823086,4294961534,completed,-13
LoadAware,2430,3658959723,829048,823286,4294961534,completed,-13
LoadAware,2431,3658959723,829248,823488,4294961536,completed,-12
LoadAware,2432,3658959723,829640,823879,4294961535,completed,-12
LoadAware,2433,3658959723,829840,824078,4294961534,completed,-12
LoadAware,2434,3658959723,830040,824278,4294961534,completed,-12
LoadAware,2435,3658959723,830240,824477,4294961533,completed,-12
LoadAware,2436,3658959723,830440,824871,4294961727,completed,-12
LoadAware,2437,3658959723,830643,824974,4294961627,completed,-12
LoadAware,2438,3658959723,830843,825082,4294961535,completed,-12
LoadAware,2439,3658959723,831043,825281,4294961534,completed,-12
LoadAware,2440,3658959723,831243,825482,4294961535,completed,-13
LoadAware,2441,3658959723,831443,825873,4294961726,completed,-13
LoadAware,2442,3658959723,831645,825976,4294961627,completed,-13
LoadAware,2443,3658959723,831845,826084,4294961535,completed,-13
LoadAware,2444,3658959723,832045,826283,4294961534,completed,-13
LoadAware,2445,3658959723,832245,826484,4294961535,completed,-13
LoadAware,2446,3658959723,832445,826876,4294961727,completed,-13
LoadAware,2447,3658959723,832648,826979,4294961627,completed,-13
LoadAware,2448,3658959723,832848,827087,4294961535,completed,-13
LoadAware,2449,3658959723,833048,827287,4294961535,completed,-13
LoadAware,2450,3658959723,833248,827486,4294961534,completed,-13
LoadAware,2451,3658959723,833454,827885,4294961727,completed,-13
LoadAware,2452,3658959723,833654,827992,4294961634,completed,-13
LoadAware,2453,3658959723,833854,828095,4294961537,completed,-13
LoadAware,2454,3658959723,834054,828293,4294961535,completed,-13
LoadAware,2455,3658959723,834254,828492,4294961534,completed,-13
LoadAware,2456,3658959723,834458,828890,4294961728,completed,-13
LoadAware,2457,3658959723,834664,828993,4294961625,completed,-13
LoadAware,2458,3658959723,834864,829103,4294961535,completed,-13
LoadAware,2459,3658959723,835064,829302,4294961534,completed,-13
LoadAware,2460,3658959723,835264,829502,4294961534,completed,-13
LoadAware,2461,3658959723,835653,829891,4294961534,completed,-13
LoadAware,2462,3658959723,835853,830091,4294961534,completed,-13
LoadAware,2463,3658959723,836053,830292,4294961535,completed,-13
LoadAware,2464,3658959723,836253,830491,4294961534,completed,-13
LoadAware,2465,3658959723,836455,830695,4294961536,completed,-13
LoadAware,2466,3658959723,836669,830910,4294961537,completed,-13
LoadAware,2467,3658959723,836869,831108,4294961535,completed,-13
LoadAware,2468,3658959723,837069,831307,4294961534,completed,-12
LoadAware,2469,3658959723,837269,831507,4294961534,completed,-12
LoadAware,2470,3658959723,837469,831707,4294961534,completed,-12
LoadAware,2471,3658959723,837670,831910,4294961536,completed,-12
LoadAware,2472,3658959723,837870,832109,4294961535,completed,-12
LoadAware,2473,3658959723,838070,832307,4294961533,completed,-12
LoadAware,2474,3658959723,838270,832664,4294961690,completed,-12
LoadAware,2475,3658959723,838470,832903,4294961729,completed,-12
LoadAware,2476,3658959723,838672,833005,4294961629,completed,-12
LoadAware,2477,3658959723,838872,833111,4294961535,completed,-12
LoadAware,2478,3658959723,839072,833310,4294961534,completed,-12
LoadAware,2479,3658959723,839272,833510,4294961534,completed,-12
LoadAware,2480,3658959723,839472,833904,4294961728,completed,-12
LoadAware,2481,3658959723,839672,834007,4294961631,completed,-12
LoadAware,2482,3658959723,839872,834113,4294961537,completed,-12
LoadAware,2483,3658959723,840072,834310,4294961534,completed,-12
LoadAware,2484,3658959723,840272,834906,4294961930,completed,-12
LoadAware,2485,3658959723,840473,835015,4294961838,completed,-12
LoadAware,2486,3658959723,840673,835118,4294961741,completed,-12
LoadAware,2487,3658959723,840873,835221,4294961644,completed,-12
LoadAware,2488,3658959723,841073,835324,4294961547,completed,-11
LoadAware,2489,3658959723,841273,835512,4294961535,completed,-11
LoadAware,2490,3658959723,841473,835713,4294961536,completed,-11
LoadAware,2491,3658959723,841674,835916,4294961538,completed,-11
LoadAware,2492,3658959723,841874,836112,4294961534,completed,-11
LoadAware,2493,3658959723,842074,836312,4294961534,completed,-11
LoadAware,2494,3658959723,842274,836539,4294961561,completed,-11
LoadAware,2495,3658959723,842475,836906,4294961727,completed,-11
LoadAware,2496,3658959723,842675,837015,4294961636,completed,-11
LoadAware,2497,3658959723,842875,837117,4294961538,completed,-11
LoadAware,2498,3658959723,843075,837313,4294961534,completed,-12
LoadAware,2499,3658959723,843275,837513,4294961534,completed,-12
LoadAware,2500,3658959723,843475,837713,4294961534,completed,-12
LoadAware,2501,3658959723,843676,837917,4294961537,completed,-12
LoadAware,2502,3658959723,843876,838114,4294961534,completed,-12
LoadAware,2503,3658959723,844076,838314,4294961534,completed,-12
LoadAware,2504,3658959723,844276,838513,4294961533,completed,-12
LoadAware,2505,3658959723,844476,838905,4294961725,completed,-12
LoadAware,2506,3658959723,844676,839013,4294961633,completed,-12
LoadAware,2507,3658959723,844876,839122,4294961542,completed,-12
LoadAware,2508,3658959723,845076,839315,4294961535,completed,-12
LoadAware,2509,3658959723,845276,839513,4294961533,completed,-12
LoadAware,2510,3658959723,845476,839714,4294961534,completed,-12
LoadAware,2511,3658959723,845677,839917,4294961536,completed,-12
LoadAware,2512,3658959723,845877,840115,4294961534,completed,-12
LoadAware,2513,3658959723,846077,840316,4294961535,completed,-12
LoadAware,2514,3658959723,846277,840908,4294961927,completed,-12
LoadAware,2515,3658959723,846477,841011,4294961830,completed,-12
LoadAware,2516,3658959723,846684,841114,4294961726,completed,-12
LoadAware,2517,3658959723,846886,841217,4294961627,completed,-12
LoadAware,2518,3658959723,847086,841324,4294961534,completed,-12
LoadAware,2519,3658959723,847286,841524,4294961534,completed,-12
LoadAware,2520,3658959723,847675,841913,4294961534,completed,-12
LoadAware,2521,3658959723,847875,842114,4294961535,completed,-12
LoadAware,2522,3658959723,848075,842314,4294961535,completed,-12
LoadAware,2523,3658959723,848275,842914,4294961935,completed,-12
LoadAware,2524,3658959723,848483,843017,4294961830,completed,-12
LoadAware,2525,3658959723,848683,843120,4294961733,completed,-12
LoadAware,2526,3658959723,848883,843223,4294961636,completed,-12
LoadAware,2527,3658959723,849083,843326,4294961539,completed,-12
LoadAware,2528,3658959723,849283,843521,4294961534,completed,-12
LoadAware,2529,3658959723,849483,843721,4294961534,completed,-12
LoadAware,2530,3658959723,849684,843925,4294961537,completed,-12
LoadAware,2531,3658959723,849884,844123,4294961535,completed,-12
LoadAware,2532,3658959723,850084,844323,4294961535,completed,-12
LoadAware,2533,3658959723,850284,844917,4294961929,completed,-12
LoadAware,2534,3658959723,850484,845022,4294961834,completed,-12
LoadAware,2535,3658959723,850684,845125,4294961737,completed,-12
LoadAware,2536,3658959723,850884,845228,4294961640,completed,-12
LoadAware,2537,3658959723,851084,845331,4294961543,completed,-13
LoadAware,2538,3658959723,851284,845522,4294961534,completed,-13
LoadAware,2539,3658959723,851484,845722,4294961534,completed,-13
LoadAware,2540,3658959723,851686,845927,4294961537,completed,-13
LoadAware,2541,3658959723,851886,846124,4294961534,completed,-13
LoadAware,2542,3658959723,852086,846324,4294961534,completed,-13
LoadAware,2543,3658959723,852286,846538,4294961548,completed,-13
LoadAware,2544,3658959723,852486,846725,4294961535,completed,-13
LoadAware,2545,3658959723,852687,846927,4294961536,completed,-13
LoadAware,2546,3658959723,852887,847125,4294961534,completed,-13
LoadAware,2547,3658959723,853087,847325,4294961534,completed,-12
LoadAware,2548,3658959723,853287,847525,4294961534,completed,-12
LoadAware,2549,3658959723,853487,847726,4294961535,completed,-12
LoadAware,2550,3658959723,853689,847930,4294961537,completed,-12
LoadAware,2551,3658959723,853889,848127,4294961534,completed,-12
LoadAware,2552,3658959723,854089,848329,4294961536,completed,-12
LoadAware,2553,3658959723,854289,848666,4294961673,completed,-12
LoadAware,2554,3658959723,854489,848769,4294961576,completed,-12
LoadAware,2555,3658959723,854690,848933,4294961539,completed,-12
LoadAware,2556,3658959723,854890,849128,4294961534,completed,-12
LoadAware,2557,3658959723,855090,849328,4294961534,completed,-12
LoadAware,2558,3658959723,855290,849529,4294961535,completed,-12
LoadAware,2559,3658959723,855490,849728,4294961534,completed,-12
LoadAware,2560,3658959723,855691,849932,4294961537,completed,-12
LoadAware,2561,3658959723,855891,850129,4294961534,completed,-12
LoadAware,2562,3658959723,856091,850329,4294961534,completed,-12
LoadAware,2563,3658959723,856291,850529,4294961534,completed,-12
LoadAware,2564,3658959723,856491,850729,4294961534,completed,-12
LoadAware,2565,3658959723,856692,850933,4294961537,completed,-12
LoadAware,2566,3658959723,856892,851130,4294961534,completed,-12
LoadAware,2567,3658959723,857092,851331,4294961535,completed,-12
LoadAware,2568,3658959723,857292,851532,4294961536,completed,-12
LoadAware,2569,3658959723,857492,851730,4294961534,completed,-12
LoadAware,2570,3658959723,857692,851933,4294961537,completed,-12
LoadAware,2571,3658959723,857892,852130,4294961534,completed,-12
LoadAware,2572,3658959723,858092,852331,4294961535,completed,-12
LoadAware,2573,3658959723,858292,852662,4294961666,completed,-12
LoadAware,2574,3658959723,858492,852926,4294961730,completed,-12
LoadAware,2575,3658959723,858694,853033,4294961635,completed,-12
LoadAware,2576,3658959723,858894,853136,4294961538,completed,-12
LoadAware,2577,3658959723,859094,853332,4294961534,completed,-12
LoadAware,2578,3658959723,859294,853532,4294961534,completed,-12
LoadAware,2579,3658959723,859494,853732,4294961534,completed,-12
LoadAware,2580,3658959723,859695,853936,4294961537,completed,-12
LoadAware,2581,3658959723,859895,854134,4294961535,completed,-12
LoadAware,2582,3658959723,860095,854333,4294961534,completed,-12
LoadAware,2583,3658959723,860295,854927,4294961928,completed,-12
LoadAware,2584,3658959723,860495,855030,4294961831,completed,-12
LoadAware,2585,3658959723,860695,855136,4294961737,completed,-12
LoadAware,2586,3658959723,860895,855239,4294961640,completed,-12
LoadAware,2587,3658959723,861095,855342,4294961543,completed,-13
LoadAware,2588,3658959723,861295,855534,4294961535,completed,-13
LoadAware,2589,3658959723,861495,855733,4294961534,completed,-13
LoadAware,2590,3658959723,861696,855937,4294961537,completed,-13
LoadAware,2591,3658959723,861896,856134,4294961534,completed,-13
LoadAware,2592,3658959723,862096,856334,4294961534,completed,-13
LoadAware,2593,3658959723,862296,856587,4294961587,completed,-13
LoadAware,2594,3658959723,862499,856935,4294961732,completed,-13
LoadAware,2595,3658959723,862705,857038,4294961629,completed,-13
LoadAware,2596,3658959723,862905,857145,4294961536,completed,-13
LoadAware,2597,3658959723,863105,857343,4294961534,completed,-12
LoadAware,2598,3658959723,863305,857546,4294961537,completed,-12
LoadAware,2599,3658959723,863696,857936,4294961536,completed,-12
LoadAware,2600,3658959723,863896,858134,4294961534,completed,-12
LoadAware,2601,3658959723,864096,858334,4294961534,completed,-12
LoadAware,2602,3658959723,864296,858711,4294961711,completed,-12
LoadAware,2603,3658959723,864496,858934,4294961734,completed,-12
LoadAware,2604,3658959723,864702,859040,4294961634,completed,-12
LoadAware,2605,3658959723,864902,859143,4294961537,completed,-12
LoadAware,2606,3658959723,865102,859340,4294961534,completed,-12
LoadAware,2607,3658959723,865302,859540,4294961534,completed,-12
LoadAware,2608,3658959723,865502,859933,4294961727,completed,-12
LoadAware,2609,3658959723,865702,860036,4294961630,completed,-12
LoadAware,2610,3658959723,865902,860142,4294961536,completed,-12
LoadAware,2611,3658959723,866102,860340,4294961534,completed,-12
LoadAware,2612,3658959723,866302,860539,4294961533,completed,-12
LoadAware,2613,3658959723,866502,860740,4294961534,completed,-12
LoadAware,2614,3658959723,866702,860943,4294961537,completed,-12
LoadAware,2615,3658959723,866902,861140,4294961534,completed,-12
LoadAware,2616,3658959723,867102,861341,4294961535,completed,-12
LoadAware,2617,3658959723,867302,861540,4294961534,completed,-12
LoadAware,2618,3658959723,867502,861740,4294961534,completed,-12
LoadAware,2619,3658959723,867706,861944,4294961534,completed,-12
LoadAware,2620,3658959723,867906,862144,4294961534,completed,-12
LoadAware,2621,3658959723,868106,862346,4294961536,completed,-12
LoadAware,2622,3658959723,868306,862563,4294961553,completed,-12
LoadAware,2623,3658959723,868506,862938,4294961728,completed,-12
LoadAware,2624,3658959723,868706,863047,4294961637,completed,-12
LoadAware,2625,3658959723,868906,863150,4294961540,completed,-12
LoadAware,2626,3658959723,869106,863344,4294961534,completed,-12
LoadAware,2627,3658959723,869306,863544,4294961534,completed,-12
LoadAware,2628,3658959723,869506,863745,4294961535,completed,-12
LoadAware,2629,3658959723,869707,863946,4294961535,completed,-12
LoadAware,2630,3658959723,869907,864147,4294961536,completed,-12
LoadAware,2631,3658959723,870107,864346,4294961535,completed,-12
LoadAware,2632,3658959723,870307,864687,4294961676,completed,-12
LoadAware,2633,3658959723,870507,864941,4294961730,completed,-12
LoadAware,2634,3658959723,870709,865047,4294961634,completed,-12
LoadAware,2635,3658959723,870909,865150,4294961537,completed,-12
LoadAware,2636,3658959723,871109,865347,4294961534,completed,-12
LoadAware,2637,3658959723,871309,865547,4294961534,completed,-12
LoadAware,2638,3658959723,871509,865747,4294961534,completed,-12
LoadAware,2639,3658959723,871709,865952,4294961539,completed,-12
LoadAware,2640,3658959723,871909,866147,4294961534,completed,-12
LoadAware,2641,3658959723,872109,866347,4294961534,completed,-12
LoadAware,2642,3658959723,872309,866547,4294961534,completed,-12
LoadAware,2643,3658959723,872509,866749,4294961536,completed,-12
LoadAware,2644,3658959723,872711,866951,4294961536,completed,-12
LoadAware,2645,3658959723,872911,867149,4294961534,completed,-12
LoadAware,2646,3658959723,873111,867350,4294961535,completed,-12
LoadAware,2647,3658959723,873311,867549,4294961534,completed,-12
LoadAware,2648,3658959723,873511,867750,4294961535,completed,-12
LoadAware,2649,3658959723,873712,867952,4294961536,completed,-12
LoadAware,2650,3658959723,873912,868150,4294961534,completed,-12
LoadAware,2651,3658959723,874112,868350,4294961534,completed,-12
LoadAware,2652,3658959723,874312,868587,4294961571,completed,-12
LoadAware,2653,3658959723,874512,868750,4294961534,completed,-12
LoadAware,2654,3658959723,874713,868955,4294961538,completed,-12
LoadAware,2655,3658959723,874913,869151,4294961534,completed,-12
LoadAware,2656,3658959723,875113,869351,4294961534,completed,-12
LoadAware,2657,3658959723,875313,869552,4294961535,completed,-12
LoadAware,2658,3658959723,875513,869751,4294961534,completed,-12
LoadAware,2659,3658959723,875713,869955,4294961538,completed,-12
LoadAware,2660,3658959723,875913,870151,4294961534,completed,-12
LoadAware,2661,3658959723,876113,870351,4294961534,completed,-12
LoadAware,2662,3658959723,876313,870662,4294961645,completed,-12
LoadAware,2663,3658959723,876513,870948,4294961731,completed,-12
LoadAware,2664,3658959723,876716,871054,4294961634,completed,-12
LoadAware,2665,3658959723,876916,871157,4294961537,completed,-12
LoadAware,2666,3658959723,877116,871354,4294961534,completed,-12
LoadAware,2667,3658959723,877316,871554,4294961534,completed,-12
LoadAware,2668,3658959723,877516,871949,4294961729,completed,-12
LoadAware,2669,3658959723,877716,872054,4294961634,completed,-12
LoadAware,2670,3658959723,877916,872157,4294961537,completed,-12
LoadAware,2671,3658959723,878116,872354,4294961534,completed,-12
LoadAware,2672,3658959723,878316,872722,4294961702,completed,-12
LoadAware,2673,3658959723,878516,872825,4294961605,completed,-12
LoadAware,2674,3658959723,878717,872959,4294961538,completed,-12
LoadAware,2675,3658959723,878917,873157,4294961536,completed,-12
LoadAware,2676,3658959723,879117,873355,4294961534,completed,-13
LoadAware,2677,3658959723,879317,873556,4294961535,completed,-13
LoadAware,2678,3658959723,879517,873756,4294961535,completed,-13
LoadAware,2679,3658959723,879723,873961,4294961534,completed,-13
LoadAware,2680,3658959723,879923,874163,4294961536,completed,-13
LoadAware,2681,3658959723,880123,874362,4294961535,completed,-13
LoadAware,2682,3658959723,880323,874561,4294961534,completed,-13
LoadAware,2683,3658959723,880713,874954,4294961537,completed,-13
LoadAware,2684,3658959723,880913,875151,4294961534,completed,-13
LoadAware,2685,3658959723,881113,875351,4294961534,completed,-12
LoadAware,2686,3658959723,881313,875552,4294961535,completed,-12
LoadAware,2687,3658959723,881513,875751,4294961534,completed,-12
LoadAware,2688,3658959723,881719,875960,4294961537,completed,-12
LoadAware,2689,3658959723,881919,876157,4294961534,completed,-12
LoadAware,2690,3658959723,882119,876358,4294961535,completed,-12
LoadAware,2691,3658959723,882319,876557,4294961534,completed,-12
LoadAware,2692,3658959723,882519,876757,4294961534,completed,-12
LoadAware,2693,3658959723,882720,876962,4294961538,completed,-12
LoadAware,2694,3658959723,882920,877158,4294961534,completed,-12
LoadAware,2695,3658959723,883120,877358,4294961534,completed,-12
LoadAware,2696,3658959723,883320,877558,4294961534,completed,-12
LoadAware,2697,3658959723,883520,877762,4294961538,completed,-12
LoadAware,2698,3658959723,883722,877962,4294961536,completed,-12
LoadAware,2699,3658959723,883922,878160,4294961534,completed,-12
LoadAware,2700,3658959723,884122,878362,4294961536,completed,-12
LoadAware,2701,3658959723,884322,878661,4294961635,completed,-12
LoadAware,2702,3658959723,884522,878955,4294961729,completed,-12
LoadAware,2703,3658959723,884723,879064,4294961637,completed,-12
LoadAware,2704,3658959723,884923,879182,4294961555,completed,-12
LoadAware,2705,3658959723,885123,879361,4294961534,completed,-12
LoadAware,2706,3658959723,885323,879562,4294961535,completed,-12
LoadAware,2707,3658959723,885523,879761,4294961534,completed,-12
LoadAware,2708,3658959723,885723,879964,4294961537,completed,-12
LoadAware,2709,3658959723,885923,880162,4294961535,completed,-12
LoadAware,2710,3658959723,886123,880361,4294961534,completed,-12
LoadAware,2711,3658959723,886323,880562,4294961535,completed,-12
LoadAware,2712,3658959723,886523,880761,4294961534,completed,-12
LoadAware,2713,3658959723,886723,880962,4294961535,completed,-12
LoadAware,2714,3658959723,886923,881161,4294961534,completed,-12
LoadAware,2715,3658959723,887123,881386,4294961559,completed,-12
LoadAware,2716,3658959723,887323,881661,4294961634,completed,-12
LoadAware,2717,3658959723,887523,881966,4294961739,completed,-12
LoadAware,2718,3658959723,887723,882213,4294961786,completed,-12
LoadAware,2719,3658959723,887923,882315,4294961688,completed,-12
LoadAware,2720,3658959723,888123,882417,4294961590,completed,-12
LoadAware,2721,3658959723,888323,882562,4294961535,completed,-12
LoadAware,2722,3658959723,888523,882763,4294961536,completed,-12
LoadAware,2723,3658959723,888729,882970,4294961537,completed,-12
LoadAware,2724,3658959723,888929,883168,4294961535,completed,-12
LoadAware,2725,3658959723,889129,883367,4294961534,completed,-12
LoadAware,2726,3658959723,889329,883567,4294961534,completed,-12
LoadAware,2727,3658959723,889529,883962,4294961729,completed,-12
LoadAware,2728,3658959723,889729,884068,4294961635,completed,-12
LoadAware,2729,3658959723,889929,884170,4294961537,completed,-12
LoadAware,2730,3658959723,890129,884367,4294961534,completed,-12
LoadAware,2731,3658959723,890329,884761,4294961728,completed,-12
LoadAware,2732,3658959723,890529,884864,4294961631,completed,-12
LoadAware,2733,3658959723,890730,884972,4294961538,completed,-12
LoadAware,2734,3658959723,890930,885168,4294961534,completed,-12
LoadAware,2735,3658959723,891130,885368,4294961534,completed,-13
LoadAware,2736,3658959723,891330,885570,4294961536,completed,-13
LoadAware,2737,3658959723,891530,885770,4294961536,completed,-13
LoadAware,2738,3658959723,891731,885974,4294961539,completed,-13
LoadAware,2739,3658959723,891931,886171,4294961536,completed,-13
LoadAware,2740,3658959723,892131,886369,4294961534,completed,-13
LoadAware,2741,3658959723,892331,886570,4294961535,completed,-13
LoadAware,2742,3658959723,892531,886795,4294961560,completed,-13
LoadAware,2743,3658959723,892733,886972,4294961535,completed,-13
LoadAware,2744,3658959723,892933,887171,4294961534,completed,-13
LoadAware,2745,3658959723,893133,887374,4294961537,completed,-12
LoadAware,2746,3658959723,893333,887571,4294961534,completed,-12
LoadAware,2747,3658959723,893533,887771,4294961534,completed,-12
LoadAware,2748,3658959723,893734,887975,4294961537,completed,-12
LoadAware,2749,3658959723,893934,888172,4294961534,completed,-12
LoadAware,2750,3658959723,894134,888373,4294961535,completed,-12
LoadAware,2751,3658959723,894334,888635,4294961597,completed,-12
LoadAware,2752,3658959723,894534,888772,4294961534,completed,-12
LoadAware,2753,3658959723,894735,888976,4294961537,completed,-12
LoadAware,2754,3658959723,894935,889175,4294961536,completed,-12
LoadAware,2755,3658959723,895135,889376,4294961537,completed,-11
LoadAware,2756,3658959723,895335,889573,4294961534,completed,-11
LoadAware,2757,3658959723,895535,889773,4294961534,completed,-11
LoadAware,2758,3658959723,895736,889977,4294961537,completed,-11
LoadAware,2759,3658959723,895936,890175,4294961535,completed,-11
LoadAware,2760,3658959723,896136,890374,4294961534,completed,-11
LoadAware,2761,3658959723,896336,890711,4294961671,completed,-11
LoadAware,2762,3658959723,896536,890969,4294961729,completed,-11
LoadAware,2763,3658959723,896738,891080,4294961638,completed,-11
LoadAware,2764,3658959723,896938,891183,4294961541,completed,-11
LoadAware,2765,3658959723,897138,891376,4294961534,completed,-13
LoadAware,2766,3658959723,897338,891576,4294961534,completed,-13
LoadAware,2767,3658959723,897538,891968,4294961726,completed,-13
LoadAware,2768,3658959723,897738,892081,4294961639,completed,-13
LoadAware,2769,3658959723,897938,892183,4294961541,completed,-13
LoadAware,2770,3658959723,898138,892376,4294961534,completed,-13
LoadAware,2771,3658959723,898338,892709,4294961667,completed,-13
LoadAware,2772,3658959723,898538,892972,4294961730,completed,-13
LoadAware,2773,3658959723,898740,893078,4294961634,completed,-13
LoadAware,2774,3658959723,898940,893181,4294961537,completed,-13
LoadAware,2775,3658959723,899140,893378,4294961534,completed,-12
LoadAware,2776,3658959723,899340,893578,4294961534,completed,-12
LoadAware,2777,3658959723,899540,893973,4294961729,completed,-12
LoadAware,2778,3658959723,899740,894079,4294961635,completed,-12
LoadAware,2779,3658959723,899940,894182,4294961538,completed,-12
LoadAware,2780,3658959723,900140,894378,4294961534,completed,-12
LoadAware,2781,3658959723,900340,894974,4294961930,completed,-12
LoadAware,2782,3658959723,900540,895077,4294961833,completed,-12
LoadAware,2783,3658959723,900740,895180,4294961736,completed,-12
LoadAware,2784,3658959723,900940,895283,4294961639,completed,-12
LoadAware,2785,3658959723,901140,895386,4294961542,completed,-14
LoadAware,2786,3658959723,901340,895581,4294961537,completed,-14
LoadAware,2787,3658959723,901540,895778,4294961534,completed,-14
LoadAware,2788,3658959723,901747,895986,4294961535,completed,-14
LoadAware,2789,3658959723,901947,896185,4294961534,completed,-14
LoadAware,2790,3658959723,902147,896385,4294961534,completed,-14
LoadAware,2791,3658959723,902347,896584,4294961533,completed,-14
LoadAware,2792,3658959723,902738,896976,4294961534,completed,-14
LoadAware,2793,3658959723,902938,897177,4294961535,completed,-14
LoadAware,2794,3658959723,903138,897376,4294961534,completed,-13
LoadAware,2795,3658959723,903338,897577,4294961535,completed,-13
LoadAware,2796,3658959723,903538,897776,4294961534,completed,-13
LoadAware,2797,3658959723,903743,897983,4294961536,completed,-13
LoadAware,2798,3658959723,903943,898181,4294961534,completed,-13
LoadAware,2799,3658959723,904143,898381,4294961534,completed,-13
LoadAware,2800,3658959723,904343,898581,4294961534,completed,-13
LoadAware,2801,3658959723,904543,898781,4294961534,completed,-13
LoadAware,SUMMARY,ALL,0,0,120000,batch_complete,0
----------------,---,---,---,---,---,----------------,---
LoadAware,2802,3658959723,904744,898985,4294961537,completed,-13
LoadAware,2803,3658959723,911352,905592,4294961536,completed,-12
LoadAware,2804,3658959723,911552,905986,4294961730,completed,-12
LoadAware,2805,3658959723,911752,906091,4294961635,completed,-12
LoadAware,2806,3658959723,911952,906193,4294961537,completed,-12
LoadAware,2807,3658959723,912152,906394,4294961538,completed,-12
LoadAware,2808,3658959723,912352,906590,4294961534,completed,-12
LoadAware,2809,3658959723,912552,906790,4294961534,completed,-12
LoadAware,2810,3658959723,912753,906994,4294961537,completed,-12
LoadAware,2811,3658959723,912953,907192,4294961535,completed,-12
LoadAware,2812,3658959723,913153,907392,4294961535,completed,-12
LoadAware,2813,3658959723,913353,907591,4294961534,completed,-12
LoadAware,2814,3658959723,913553,907792,4294961535,completed,-12
LoadAware,2815,3658959723,913754,907995,4294961537,completed,-12
LoadAware,2816,3658959723,913954,908193,4294961535,completed,-12
LoadAware,2817,3658959723,914154,908392,4294961534,completed,-12
LoadAware,2818,3658959723,914354,908683,4294961625,completed,-12
LoadAware,2819,3658959723,914554,908794,4294961536,completed,-12
LoadAware,2820,3658959723,914759,909001,4294961538,completed,-12
LoadAware,2821,3658959723,914959,909198,4294961535,completed,-12
LoadAware,2822,3658959723,915159,909397,4294961534,completed,-12
LoadAware,2823,3658959723,915359,909597,4294961534,completed,-12
LoadAware,2824,3658959723,915559,909817,4294961554,completed,-12
LoadAware,2825,3658959723,915760,910005,4294961541,completed,-12
LoadAware,2826,3658959723,915960,910199,4294961535,completed,-12
LoadAware,2827,3658959723,916160,910398,4294961534,completed,-12
LoadAware,2828,3658959723,916360,910598,4294961534,completed,-12
LoadAware,2829,3658959723,916560,910799,4294961535,completed,-12
LoadAware,2830,3658959723,916760,911034,4294961570,completed,-12
LoadAware,2831,3658959723,916960,911198,4294961534,completed,-12
LoadAware,2832,3658959723,917160,911398,4294961534,completed,-12
LoadAware,2833,3658959723,917360,911634,4294961570,completed,-12
LoadAware,2834,3658959723,917560,911995,4294961731,completed,-12
LoadAware,2835,3658959723,917760,912099,4294961635,completed,-12
LoadAware,2836,3658959723,917960,912202,4294961538,completed,-12
LoadAware,2837,3658959723,918160,912399,4294961535,completed,-12
LoadAware,2838,3658959723,918360,912600,4294961536,completed,-12
LoadAware,2839,3658959723,918560,912800,4294961536,completed,-12
LoadAware,2840,3658959723,918763,913005,4294961538,completed,-12
LoadAware,2841,3658959723,918963,913203,4294961536,completed,-12
LoadAware,2842,3658959723,919163,913401,4294961534,completed,-12
LoadAware,2843,3658959723,919363,913604,4294961537,completed,-12
LoadAware,2844,3658959723,919563,913801,4294961534,completed,-12
LoadAware,2845,3658959723,919763,915269,4294962802,completed,-12
LoadAware,2846,3658959723,924964,917666,4294959998,completed,-12
LoadAware,2847,3658959723,925164,917875,4294960007,completed,-12
LoadAware,2848,3658959723,925364,918088,4294960020,completed,-12
LoadAware,2849,3658959723,925651,918358,4294960003,completed,-12
LoadAware,2850,3658959723,925764,918633,4294960165,completed,-12
LoadAware,2851,3658959723,920963,918913,4294965246,completed,-12
LoadAware,2852,3658959723,921163,919184,4294965317,completed,-12
LoadAware,2853,3658959723,923441,919286,4294963141,completed,-12
LoadAware,2854,3658959723,923645,919877,4294963528,completed,-12
LoadAware,2855,3658959723,923845,919984,4294963435,completed,-12
LoadAware,2856,3658959723,924045,920147,4294963398,completed,-12
LoadAware,2857,3658959723,924245,920248,4294963299,completed,-12
LoadAware,2858,3658959723,924445,920349,4294963200,completed,-12
LoadAware,2859,3658959723,924649,920451,4294963098,completed,-12
LoadAware,2860,3658959723,924849,920554,4294963001,completed,-12
LoadAware,2861,3658959723,925049,920760,4294963007,completed,-12
LoadAware,2862,3658959723,925249,920964,4294963011,completed,-12
LoadAware,2863,3658959723,925648,921167,4294962815,completed,-12
LoadAware,2870,3037662008,927363,921596,4294961529,completed,-27
LoadAware,2864,3658959723,925848,921473,4294962921,completed,-13
LoadAware,2865,3658959723,926051,921575,4294962820,completed,-13
LoadAware,2866,3658959723,926251,921676,4294962721,completed,-13
LoadAware,2871,3037662008,927659,921904,4294961541,completed,-27
LoadAware,2872,3037662008,927859,922092,4294961529,completed,-27
LoadAware,2867,3658959723,926763,921778,4294962311,completed,-13
LoadAware,2873,3037662008,928059,922291,4294961528,completed,-27
LoadAware,2868,3658959723,926963,921879,4294962212,completed,-13
LoadAware,2874,3037662008,928259,922491,4294961528,completed,-27
LoadAware,2869,3658959723,927163,921981,4294962114,completed,-13
LoadAware,2875,3037662008,928459,922885,4294961722,completed,-27
LoadAware,2876,3037662008,928666,922992,4294961622,completed,-27
LoadAware,2877,3037662008,928866,923101,4294961531,completed,-27
LoadAware,2878,3037662008,929066,923298,4294961528,completed,-27
LoadAware,2879,3658959723,929266,923505,4294961535,completed,-12
LoadAware,2880,3658959723,929655,923893,4294961534,completed,-12
LoadAware,2881,3658959723,929855,924094,4294961535,completed,-12
LoadAware,2882,3658959723,930055,924294,4294961535,completed,-12
LoadAware,2883,3658959723,930255,924493,4294961534,completed,-12
LoadAware,2884,3658959723,930459,924700,4294961537,completed,-12
LoadAware,2885,3658959723,930671,924935,4294961560,completed,-12
LoadAware,2886,3658959723,930871,925110,4294961535,completed,-12
LoadAware,2887,3658959723,931071,925310,4294961535,completed,-12
LoadAware,2888,3658959723,931271,925509,4294961534,completed,-12
LoadAware,2889,3658959723,931657,925957,4294961596,completed,-12
LoadAware,2890,3658959723,931857,926097,4294961536,completed,-12
LoadAware,2891,3658959723,932057,926295,4294961534,completed,-12
LoadAware,2892,3658959723,932257,926495,4294961534,completed,-12
LoadAware,2893,3658959723,932458,926699,4294961537,completed,-12
LoadAware,2894,3658959723,932672,926964,4294961588,completed,-12
LoadAware,2895,3658959723,932872,927111,4294961535,completed,-12
LoadAware,2896,3658959723,933072,927310,4294961534,completed,-12
LoadAware,2897,3658959723,933272,927510,4294961534,completed,-13
LoadAware,2898,3658959723,933472,927905,4294961729,completed,-13
LoadAware,2899,3658959723,933677,928015,4294961634,completed,-13
LoadAware,2900,3658959723,933877,928118,4294961537,completed,-13
LoadAware,2901,3658959723,934077,928315,4294961534,completed,-13
LoadAware,2902,3658959723,934277,928515,4294961534,completed,-13
LoadAware,2903,3658959723,934670,928909,4294961535,completed,-13
LoadAware,2904,3658959723,934870,929109,4294961535,completed,-13
LoadAware,2905,3658959723,935070,929309,4294961535,completed,-13
LoadAware,2906,3658959723,935270,929508,4294961534,completed,-12
LoadAware,2907,3658959723,935471,929711,4294961536,completed,-12
LoadAware,2908,3658959723,935674,929916,4294961538,completed,-12
LoadAware,2909,3658959723,935874,930112,4294961534,completed,-12
LoadAware,2910,3658959723,936074,930313,4294961535,completed,-12
LoadAware,2911,3658959723,936274,930515,4294961537,completed,-12
LoadAware,2912,3658959723,936477,930912,4294961731,completed,-12
LoadAware,2913,3658959723,936678,931017,4294961635,completed,-12
LoadAware,2914,3658959723,936878,931120,4294961538,completed,-12
LoadAware,2915,3658959723,937078,931318,4294961536,completed,-12
LoadAware,2916,3658959723,937278,931516,4294961534,completed,-13
LoadAware,2917,3658959723,937478,931910,4294961728,completed,-13
LoadAware,2918,3658959723,937678,932033,4294961651,completed,-13
LoadAware,2919,3658959723,937878,932143,4294961561,completed,-13
LoadAware,2920,3658959723,938078,932316,4294961534,completed,-13
LoadAware,2921,3658959723,938278,932516,4294961534,completed,-13
LoadAware,2930,3037662008,942284,936516,4294961528,completed,-28
LoadAware,2931,3037662008,942484,936719,4294961531,completed,-28
LoadAware,2932,3037662008,942684,936917,4294961529,completed,-28
LoadAware,2922,3658959723,938478,932717,4294961535,completed,-13
LoadAware,2923,3658959723,940880,935314,4294961730,completed,-12
LoadAware,2933,3037662008,942885,937340,4294961751,completed,-28
LoadAware,2934,3037662008,943085,937451,4294961662,completed,-35
LoadAware,2924,3658959723,941084,935416,4294961628,completed,-12
LoadAware,2925,3658959723,941284,935608,4294961620,completed,-12
LoadAware,2926,3658959723,941484,935882,4294961694,completed,-12
LoadAware,2927,3658959723,941684,936316,4294961928,completed,-12
LoadAware,2928,3658959723,941884,936418,4294961830,completed,-12
LoadAware,2929,3658959723,942084,936520,4294961732,completed,-12
LoadAware,2935,3658959723,943285,937525,4294961536,completed,-13
LoadAware,2936,3658959723,943485,937725,4294961536,completed,-13
LoadAware,2937,3658959723,943685,937925,4294961536,completed,-13
LoadAware,2938,3658959723,943885,938125,4294961536,completed,-13
LoadAware,2939,3658959723,944085,938328,4294961539,completed,-13
LoadAware,2940,3658959723,944285,938525,4294961536,completed,-13
LoadAware,2941,3658959723,944485,938725,4294961536,completed,-13
LoadAware,2942,3658959723,944685,938925,4294961536,completed,-13
LoadAware,2943,3658959723,944885,939126,4294961537,completed,-13
LoadAware,2944,3658959723,945088,939460,4294961668,completed,-13
LoadAware,2945,3658959723,945288,939563,4294961571,completed,-13
LoadAware,2946,3658959723,945488,939727,4294961535,completed,-13
LoadAware,2947,3658959723,945688,939927,4294961535,completed,-13
LoadAware,2948,3658959723,945888,940127,4294961535,completed,-13
LoadAware,2949,3658959723,946089,940330,4294961537,completed,-13
LoadAware,2950,3658959723,946289,940528,4294961535,completed,-13
LoadAware,2951,3658959723,946489,940728,4294961535,completed,-13
LoadAware,2952,3658959723,946689,940929,4294961536,completed,-13
LoadAware,2953,3658959723,946890,941332,4294961738,completed,-13
LoadAware,2954,3658959723,947090,941444,4294961650,completed,-13
LoadAware,2955,3658959723,947290,941547,4294961553,completed,-13
LoadAware,2956,3658959723,947490,941729,4294961535,completed,-13
LoadAware,2957,3658959723,947690,941929,4294961535,completed,-13
LoadAware,2958,3658959723,947890,942129,4294961535,completed,-13
LoadAware,2959,3658959723,948092,942333,4294961537,completed,-13
LoadAware,2960,3658959723,948292,942530,4294961534,completed,-13
LoadAware,2961,3658959723,948492,942731,4294961535,completed,-13
LoadAware,2962,3658959723,948692,942930,4294961534,completed,-13
LoadAware,2963,3658959723,948892,943325,4294961729,completed,-13
LoadAware,2964,3658959723,949092,943430,4294961634,completed,-14
LoadAware,2965,3658959723,949292,943533,4294961537,completed,-14
LoadAware,2966,3658959723,949492,943731,4294961535,completed,-14
LoadAware,2967,3658959723,949692,943930,4294961534,completed,-14
LoadAware,2968,3658959723,949892,944131,4294961535,completed,-14
LoadAware,2969,3658959723,950093,944335,4294961538,completed,-14
LoadAware,2970,3658959723,950293,944531,4294961534,completed,-14
LoadAware,2971,3658959723,950493,944732,4294961535,completed,-14
LoadAware,2972,3658959723,950693,944931,4294961534,completed,-14
LoadAware,2973,3658959723,950893,945132,4294961535,completed,-14
LoadAware,2974,3658959723,951094,945336,4294961538,completed,-14
LoadAware,2975,3658959723,951294,945538,4294961540,completed,-12
LoadAware,2976,3658959723,951494,945747,4294961549,completed,-12
LoadAware,2977,3658959723,951694,945933,4294961535,completed,-12
LoadAware,2978,3658959723,951894,946133,4294961535,completed,-12
LoadAware,2979,3658959723,952095,946340,4294961541,completed,-12
LoadAware,2980,3658959723,952295,946537,4294961538,completed,-12
LoadAware,2981,3658959723,952495,946734,4294961535,completed,-12
LoadAware,2982,3658959723,952695,946935,4294961536,completed,-12
LoadAware,2983,3658959723,952895,947328,4294961729,completed,-12
LoadAware,2984,3658959723,953095,947435,4294961636,completed,-13
LoadAware,2985,3658959723,953295,947537,4294961538,completed,-13
LoadAware,2986,3658959723,953495,947737,4294961538,completed,-13
LoadAware,2987,3658959723,953695,947933,4294961534,completed,-13
LoadAware,2988,3658959723,953895,948133,4294961534,completed,-13
LoadAware,2989,3658959723,954097,948339,4294961538,completed,-13
LoadAware,2990,3658959723,954297,948535,4294961534,completed,-13
LoadAware,2991,3658959723,954497,948736,4294961535,completed,-13
LoadAware,2992,3658959723,954697,948936,4294961535,completed,-13
LoadAware,2993,3658959723,954897,949334,4294961733,completed,-13
LoadAware,2994,3658959723,955097,949444,4294961643,completed,-12
LoadAware,2995,3658959723,955297,949547,4294961546,completed,-12
LoadAware,2996,3658959723,955497,949736,4294961535,completed,-12
LoadAware,2997,3658959723,955697,949935,4294961534,completed,-12
LoadAware,2998,3658959723,955897,950136,4294961535,completed,-12
LoadAware,2999,3658959723,956097,950339,4294961538,completed,-12
LoadAware,3000,3658959723,958306,952741,4294961731,completed,-12
LoadAware,3001,3658959723,958510,952843,4294961629,completed,-12
LoadAware,3002,3658959723,958710,953106,4294961692,completed,-12
LoadAware,3003,3658959723,958910,953358,4294961744,completed,-12
LoadAware,3004,3658959723,959110,953459,4294961645,completed,-12
LoadAware,3007,3037662008,959713,953945,4294961528,completed,-27
LoadAware,3008,3037662008,959913,954146,4294961529,completed,-27
LoadAware,3005,3658959723,959310,953743,4294961729,completed,-12
LoadAware,3009,3037662008,960113,954345,4294961528,completed,-27
LoadAware,3006,3658959723,959513,953845,4294961628,completed,-12
LoadAware,3010,3037662008,960314,954888,4294961870,completed,-27
LoadAware,3011,3037662008,960516,954996,4294961776,completed,-27
LoadAware,3012,3037662008,960716,955105,4294961685,completed,-27
LoadAware,3013,3037662008,960916,955208,4294961588,completed,-27
LoadAware,3014,3037662008,961116,955349,4294961529,completed,-27
LoadAware,3015,3658959723,961316,955748,4294961728,completed,-11
LoadAware,3016,3658959723,961521,955864,4294961639,completed,-11
LoadAware,3017,3658959723,961721,955967,4294961542,completed,-11
LoadAware,3018,3658959723,961921,956160,4294961535,completed,-11
LoadAware,3019,3658959723,962121,956359,4294961534,completed,-11
LoadAware,3020,3658959723,962519,956782,4294961559,completed,-11
LoadAware,3021,3658959723,962719,956957,4294961534,completed,-11
LoadAware,3022,3658959723,962919,957158,4294961535,completed,-11
LoadAware,3023,3658959723,963119,957358,4294961535,completed,-11
LoadAware,3024,3658959723,963319,957750,4294961727,completed,-12
LoadAware,3025,3658959723,963521,957853,4294961628,completed,-12
LoadAware,3026,3658959723,963721,957961,4294961536,completed,-12
LoadAware,3027,3658959723,963921,958160,4294961535,completed,-12
LoadAware,3028,3658959723,964121,958360,4294961535,completed,-12
LoadAware,3029,3658959723,964321,958754,4294961729,completed,-12
LoadAware,3030,3658959723,964525,958857,4294961628,completed,-12
LoadAware,3031,3658959723,964725,958966,4294961537,completed,-12
LoadAware,3032,3658959723,964925,959165,4294961536,completed,-12
LoadAware,3033,3658959723,965125,959363,4294961534,completed,-12
LoadAware,3034,3658959723,965524,959766,4294961538,completed,-12
LoadAware,3035,3658959723,965724,959963,4294961535,completed,-12
LoadAware,3036,3658959723,965924,960162,4294961534,completed,-12
LoadAware,3037,3658959723,966124,960363,4294961535,completed,-12
LoadAware,3038,3658959723,966324,960817,4294961789,completed,-12
LoadAware,3039,3658959723,966527,960920,4294961689,completed,-12
LoadAware,3040,3658959723,966727,961023,4294961592,completed,-12
LoadAware,3041,3658959723,966927,961166,4294961535,completed,-12
LoadAware,3042,3658959723,967127,961366,4294961535,completed,-13
LoadAware,3043,3658959723,967327,961790,4294961759,completed,-13
LoadAware,3044,3658959723,967527,961893,4294961662,completed,-13
LoadAware,3045,3658959723,967727,961996,4294961565,completed,-13
LoadAware,3046,3658959723,967927,962166,4294961535,completed,-13
LoadAware,3047,3658959723,968127,962365,4294961534,completed,-13
LoadAware,3048,3658959723,968327,962565,4294961534,completed,-13
LoadAware,3049,3658959723,968535,962774,4294961535,completed,-13
LoadAware,3050,3658959723,968735,962974,4294961535,completed,-13
LoadAware,3051,3658959723,968935,963174,4294961535,completed,-13
LoadAware,3052,3658959723,969135,963375,4294961536,completed,-12
LoadAware,3053,3658959723,969534,963773,4294961535,completed,-12
LoadAware,3054,3658959723,969734,963973,4294961535,completed,-12
LoadAware,3055,3658959723,969934,964173,4294961535,completed,-12
LoadAware,3056,3658959723,970134,964372,4294961534,completed,-12
LoadAware,3057,3658959723,970533,964775,4294961538,completed,-12
LoadAware,3058,3658959723,970733,964972,4294961535,completed,-12
LoadAware,3059,3658959723,970933,965174,4294961537,completed,-12
LoadAware,3060,3658959723,971133,965371,4294961534,completed,-12
LoadAware,3061,3658959723,971333,965766,4294961729,completed,-12
LoadAware,3062,3658959723,971537,965869,4294961628,completed,-12
LoadAware,3063,3658959723,971737,965977,4294961536,completed,-12
LoadAware,3064,3658959723,971937,966176,4294961535,completed,-12
LoadAware,3065,3658959723,972137,966375,4294961534,completed,-12
LoadAware,3066,3658959723,972538,966808,4294961566,completed,-12
LoadAware,3067,3658959723,972738,966979,4294961537,completed,-12
LoadAware,3068,3658959723,972938,967176,4294961534,completed,-12
LoadAware,3069,3658959723,973138,967376,4294961534,completed,-12
LoadAware,3070,3658959723,973532,967772,4294961536,completed,-12
LoadAware,3071,3658959723,975737,970175,4294961734,completed,-12
LoadAware,3072,3658959723,975942,970283,4294961637,completed,-12
LoadAware,3073,3658959723,976142,970392,4294961546,completed,-12
LoadAware,3074,3658959723,976342,970582,4294961536,completed,-12
LoadAware,3075,3658959723,976542,970782,4294961536,completed,-12
LoadAware,3076,3658959723,976934,971173,4294961535,completed,-12
LoadAware,3077,3658959723,977134,971372,4294961534,completed,-12
LoadAware,3078,3658959723,977334,971572,4294961534,completed,-12
LoadAware,3079,3658959723,977534,971773,4294961535,completed,-12
LoadAware,3080,3658959723,977734,971973,4294961535,completed,-12
LoadAware,3081,3658959723,977942,972354,4294961708,completed,-12
LoadAware,3082,3658959723,978142,972463,4294961617,completed,-12
LoadAware,3083,3658959723,978342,972581,4294961535,completed,-12
LoadAware,3084,3658959723,978542,972781,4294961535,completed,-12
LoadAware,3085,3658959723,978742,973175,4294961729,completed,-12
LoadAware,3086,3658959723,978942,973284,4294961638,completed,-12
LoadAware,3087,3658959723,979142,973396,4294961550,completed,-13
LoadAware,3088,3658959723,979342,973582,4294961536,completed,-13
LoadAware,3089,3658959723,979542,973781,4294961535,completed,-13
LoadAware,3090,3658959723,979742,973981,4294961535,completed,-13
LoadAware,3091,3658959723,979945,974230,4294961581,completed,-13
LoadAware,3092,3658959723,980145,974385,4294961536,completed,-13
LoadAware,3093,3658959723,980345,974583,4294961534,completed,-13
LoadAware,3094,3658959723,980545,974784,4294961535,completed,-13
LoadAware,3095,3658959723,980745,975176,4294961727,completed,-13
LoadAware,3096,3658959723,980945,975284,4294961635,completed,-13
LoadAware,3097,3658959723,981145,975387,4294961538,completed,-13
LoadAware,3098,3658959723,981345,975585,4294961536,completed,-13
LoadAware,3099,3658959723,981545,975784,4294961535,completed,-13
LoadAware,3100,3658959723,981745,975985,4294961536,completed,-13
LoadAware,3101,3658959723,981945,977356,4294962707,completed,-13
LoadAware,3102,3658959723,982145,977459,4294962610,completed,-13
LoadAware,3103,3658959723,982345,977562,4294962513,completed,-13
LoadAware,3108,3037662008,983345,977579,4294961530,completed,-26
LoadAware,3104,3658959723,982545,977665,4294962416,completed,-13
LoadAware,3109,3037662008,983545,977778,4294961529,completed,-26
LoadAware,3105,3658959723,982745,977768,4294962319,completed,-13
LoadAware,3106,3658959723,982945,977870,4294962221,completed,-13
LoadAware,3110,3037662008,983745,977977,4294961528,completed,-26
LoadAware,3107,3658959723,983145,977972,4294962123,completed,-13
LoadAware,3111,3037662008,983953,978412,4294961755,completed,-26
LoadAware,3112,3037662008,984153,978526,4294961669,completed,-26
LoadAware,3113,3037662008,984353,978629,4294961572,completed,-26
LoadAware,3114,3037662008,984553,978787,4294961530,completed,-26
LoadAware,3115,3037662008,984946,979178,4294961528,completed,-26
LoadAware,3116,3037662008,985146,979379,4294961529,completed,-29
LoadAware,3117,3658959723,985346,979584,4294961534,completed,-12
LoadAware,3118,3658959723,985546,979786,4294961536,completed,-12
LoadAware,3119,3658959723,985746,979986,4294961536,completed,-12
LoadAware,3120,3658959723,985950,980191,4294961537,completed,-12
LoadAware,3121,3658959723,986150,980389,4294961535,completed,-12
LoadAware,3122,3658959723,986350,980714,4294961660,completed,-12
LoadAware,3123,3658959723,986550,980817,4294961563,completed,-12
LoadAware,3124,3658959723,986750,980990,4294961536,completed,-12
LoadAware,3125,3658959723,986951,981193,4294961538,completed,-12
LoadAware,3126,3658959723,987151,981390,4294961535,completed,-13
LoadAware,3127,3658959723,987351,981590,4294961535,completed,-13
LoadAware,3128,3658959723,987551,981790,4294961535,completed,-13
LoadAware,3129,3658959723,987754,982187,4294961729,completed,-13
LoadAware,3130,3658959723,987954,982295,4294961637,completed,-13
LoadAware,3131,3658959723,988154,982404,4294961546,completed,-13
LoadAware,3132,3658959723,988354,982593,4294961535,completed,-13
LoadAware,3133,3658959723,988554,982793,4294961535,completed,-13
LoadAware,3134,3658959723,988754,982992,4294961534,completed,-13
LoadAware,3135,3658959723,988956,983198,4294961538,completed,-13
LoadAware,3136,3658959723,989156,983395,4294961535,completed,-13
LoadAware,3137,3658959723,989356,983596,4294961536,completed,-13
LoadAware,3138,3658959723,989556,983795,4294961535,completed,-13
LoadAware,3139,3658959723,989756,983997,4294961537,completed,-13
LoadAware,3140,3658959723,989959,984379,4294961716,completed,-13
LoadAware,3141,3658959723,990159,984482,4294961619,completed,-13
LoadAware,3142,3658959723,990359,984599,4294961536,completed,-13
LoadAware,3143,3658959723,990559,984798,4294961535,completed,-13
LoadAware,3144,3658959723,990759,985192,4294961729,completed,-13
LoadAware,3145,3658959723,993156,987590,4294961730,completed,-12
LoadAware,3146,3658959723,993357,987705,4294961644,completed,-12
LoadAware,3147,3658959723,993557,987979,4294961718,completed,-12
LoadAware,3148,3658959723,993757,988255,4294961794,completed,-12
LoadAware,3149,3658959723,993957,988592,4294961931,completed,-12
LoadAware,3150,3658959723,994157,988694,4294961833,completed,-12
LoadAware,3158,3658959723,995757,989999,4294961538,completed,-12
LoadAware,3159,3658959723,995957,990197,4294961536,completed,-12
LoadAware,3160,3658959723,996157,990398,4294961537,completed,-12
LoadAware,3161,3658959723,996361,990602,4294961537,completed,-12
LoadAware,3162,3658959723,996561,990802,4294961537,completed,-12
LoadAware,3163,3658959723,996761,991007,4294961542,completed,-12
LoadAware,3164,3658959723,996961,991201,4294961536,completed,-12
LoadAware,3165,3658959723,997162,991402,4294961536,completed,-13
LoadAware,3166,3658959723,997366,991606,4294961536,completed,-13
LoadAware,3167,3658959723,997566,991805,4294961535,completed,-13
LoadAware,3168,3658959723,997766,992005,4294961535,completed,-13
LoadAware,3169,3658959723,997966,992205,4294961535,completed,-13
LoadAware,3170,3658959723,998166,992405,4294961535,completed,-13
LoadAware,3171,3658959723,998367,992611,4294961540,completed,-13
LoadAware,3172,3658959723,998567,992805,4294961534,completed,-13
LoadAware,3173,3658959723,998767,993016,4294961545,completed,-13
LoadAware,3174,3658959723,998967,993206,4294961535,completed,-13
LoadAware,3175,3658959723,999167,993603,4294961732,completed,-13
LoadAware,3176,3658959723,999371,993706,4294961631,completed,-13
LoadAware,3151,3658959723,999373,993808,4294961731,completed,-13
LoadAware,3152,3658959723,999558,993911,4294961649,completed,-13
LoadAware,3177,3658959723,999571,994013,4294961738,completed,-13
LoadAware,3153,3658959723,999758,994115,4294961653,completed,-13
LoadAware,3178,3658959723,999771,994218,4294961743,completed,-13
LoadAware,3154,3658959723,999958,994321,4294961659,completed,-13
LoadAware,3179,3658959723,999971,994424,4294961749,completed,-13
LoadAware,3155,3658959723,1000158,994526,4294961664,completed,-13
LoadAware,3180,3658959723,1000367,994628,4294961557,completed,-13
LoadAware,3156,3658959723,1000369,994729,4294961656,completed,-13
LoadAware,3157,3658959723,1000558,994832,4294961570,completed,-13
LoadAware,3181,3658959723,1000567,994935,4294961664,completed,-13
LoadAware,3182,3658959723,1000767,995038,4294961567,completed,-13
LoadAware,3183,3658959723,1000967,995207,4294961536,completed,-13
LoadAware,3184,3658959723,1001167,995603,4294961732,completed,-13
LoadAware,3185,3658959723,1001371,995713,4294961638,completed,-13
LoadAware,3186,3658959723,1001571,995822,4294961547,completed,-13
LoadAware,3187,3658959723,1001771,996010,4294961535,completed,-13
LoadAware,3188,3658959723,1001971,996209,4294961534,completed,-13
LoadAware,3189,3658959723,1002171,996601,4294961726,completed,-13
LoadAware,3190,3658959723,1002371,996715,4294961640,completed,-13
LoadAware,3191,3658959723,1002571,996824,4294961549,completed,-13
LoadAware,3192,3658959723,1002771,997011,4294961536,completed,-13
LoadAware,3193,3658959723,1002971,997209,4294961534,completed,-13
LoadAware,3194,3658959723,1003171,997604,4294961729,completed,-13
LoadAware,3195,3658959723,1003373,997707,4294961630,completed,-13
LoadAware,3196,3658959723,1003573,997813,4294961536,completed,-13
LoadAware,3197,3658959723,1003773,998013,4294961536,completed,-13
LoadAware,3198,3658959723,1003973,998212,4294961535,completed,-13
LoadAware,3199,3658959723,1004173,998603,4294961726,completed,-13
LoadAware,3200,3658959723,1004373,998706,4294961629,completed,-13
LoadAware,3201,3658959723,1004573,998814,4294961537,completed,-13
LoadAware,3202,3658959723,1004773,999012,4294961535,completed,-13
LoadAware,3203,3658959723,1004973,999214,4294961537,completed,-13
LoadAware,3204,3658959723,1005173,999606,4294961729,completed,-13
LoadAware,3205,3658959723,1005375,999709,4294961630,completed,-13
LoadAware,3206,3658959723,1005575,999814,4294961535,completed,-13
LoadAware,3207,3658959723,1005775,1000014,4294961535,completed,-13
LoadAware,3208,3658959723,1005975,1000214,4294961535,completed,-13
LoadAware,3209,3658959723,1006175,1000609,4294961730,completed,-13
LoadAware,3210,3658959723,1006375,1000712,4294961633,completed,-13
LoadAware,3211,3658959723,1006575,1000818,4294961539,completed,-13
LoadAware,3212,3658959723,1006775,1001016,4294961537,completed,-13
LoadAware,3213,3658959723,1006975,1001214,4294961535,completed,-13
LoadAware,3214,3658959723,1007175,1001610,4294961731,completed,-13
LoadAware,3215,3658959723,1007379,1001713,4294961630,completed,-13
LoadAware,3216,3658959723,1007579,1001819,4294961536,completed,-13
LoadAware,3217,3658959723,1007779,1002019,4294961536,completed,-13
LoadAware,3218,3658959723,1007979,1002217,4294961534,completed,-13
LoadAware,3219,3658959723,1008179,1002613,4294961730,completed,-13
LoadAware,3220,3658959723,1010578,1005011,4294961729,completed,-13
LoadAware,3221,3658959723,1010780,1005119,4294961635,completed,-13
LoadAware,3222,3658959723,1010980,1005227,4294961543,completed,-13
LoadAware,3223,3658959723,1011180,1005420,4294961536,completed,-12
LoadAware,3224,3658959723,1011380,1005619,4294961535,completed,-12
LoadAware,3225,3658959723,1011580,1006011,4294961727,completed,-12
LoadAware,3226,3658959723,1011780,1006120,4294961636,completed,-12
LoadAware,3227,3658959723,1011980,1006223,4294961539,completed,-12
LoadAware,3228,3658959723,1012180,1006420,4294961536,completed,-12
LoadAware,3229,3658959723,1012380,1006618,4294961534,completed,-12
LoadAware,3230,3658959723,1012580,1006820,4294961536,completed,-12
LoadAware,3231,3658959723,1012783,1007229,4294961742,completed,-12
LoadAware,3232,3658959723,1012983,1007339,4294961652,completed,-12
LoadAware,3233,3658959723,1013183,1007442,4294961555,completed,-12
LoadAware,3234,3658959723,1013383,1007622,4294961535,completed,-12
LoadAware,3235,3658959723,1013583,1008014,4294961727,completed,-12
LoadAware,3236,3658959723,1013783,1008132,4294961645,completed,-12
LoadAware,3237,3658959723,1013983,1008242,4294961555,completed,-12
LoadAware,3238,3658959723,1014183,1008422,4294961535,completed,-12
LoadAware,3239,3658959723,1014383,1008621,4294961534,completed,-12
LoadAware,3240,3658959723,1014583,1008823,4294961536,completed,-12
LoadAware,3241,3658959723,1014786,1009030,4294961540,completed,-12
LoadAware,3242,3658959723,1014986,1009224,4294961534,completed,-12
LoadAware,3243,3658959723,1015186,1009425,4294961535,completed,-12
LoadAware,3244,3658959723,1015386,1009626,4294961536,completed,-12
LoadAware,3245,3658959723,1015586,1010017,4294961727,completed,-12
LoadAware,3246,3658959723,1015786,1010120,4294961630,completed,-12
LoadAware,3247,3658959723,1015986,1010226,4294961536,completed,-12
LoadAware,3248,3658959723,1016186,1010425,4294961535,completed,-12
LoadAware,3249,3658959723,1016386,1010624,4294961534,completed,-12
LoadAware,3250,3658959723,1016588,1011022,4294961730,completed,-12
LoadAware,3251,3658959723,1016788,1011127,4294961635,completed,-12
LoadAware,3252,3658959723,1016988,1011230,4294961538,completed,-12
LoadAware,3253,3658959723,1017188,1011427,4294961535,completed,-13
LoadAware,3254,3658959723,1017388,1011627,4294961535,completed,-13
LoadAware,3255,3658959723,1017588,1011827,4294961535,completed,-13
LoadAware,3256,3658959723,1017789,1012031,4294961538,completed,-13
LoadAware,3257,3658959723,1017989,1012228,4294961535,completed,-13
LoadAware,3258,3658959723,1018189,1012428,4294961535,completed,-13
LoadAware,3259,3658959723,1018389,1012628,4294961535,completed,-13
LoadAware,3260,3658959723,1018590,1013022,4294961728,completed,-13
LoadAware,3261,3658959723,1018790,1013131,4294961637,completed,-13
LoadAware,3262,3658959723,1018990,1013234,4294961540,completed,-13
LoadAware,3263,3658959723,1019190,1013429,4294961535,completed,-12
LoadAware,3264,3658959723,1019390,1013629,4294961535,completed,-12
LoadAware,3265,3658959723,1019590,1013829,4294961535,completed,-12
LoadAware,3266,3658959723,1019790,1014031,4294961537,completed,-12
LoadAware,3267,3658959723,1019990,1014229,4294961535,completed,-12
LoadAware,3268,3658959723,1020190,1014431,4294961537,completed,-12
LoadAware,3269,3658959723,1020390,1014629,4294961535,completed,-12
LoadAware,3270,3658959723,1020590,1015051,4294961757,completed,-12
LoadAware,3271,3658959723,1020790,1015159,4294961665,completed,-12
LoadAware,3272,3658959723,1020990,1015272,4294961578,completed,-12
LoadAware,3273,3658959723,1021190,1015430,4294961536,completed,-12
LoadAware,3274,3658959723,1021390,1015636,4294961542,completed,-12
LoadAware,3275,3658959723,1021590,1015830,4294961536,completed,-12
LoadAware,3276,3658959723,1021792,1016037,4294961541,completed,-12
LoadAware,3277,3658959723,1021992,1016231,4294961535,completed,-12
LoadAware,3278,3658959723,1022192,1016432,4294961536,completed,-12
LoadAware,3279,3658959723,1022392,1016631,4294961535,completed,-12
LoadAware,3280,3658959723,1022592,1017026,4294961730,completed,-12
LoadAware,3281,3658959723,1022792,1017156,4294961660,completed,-12
LoadAware,3282,3658959723,1022992,1017341,4294961645,completed,-12
LoadAware,3283,3658959723,1023192,1017444,4294961548,completed,-12
LoadAware,3284,3658959723,1023392,1017630,4294961534,completed,-12
LoadAware,3285,3658959723,1023592,1017832,4294961536,completed,-12
LoadAware,3286,3658959723,1023794,1018037,4294961539,completed,-12
LoadAware,3287,3658959723,1023994,1018233,4294961535,completed,-12
LoadAware,3288,3658959723,1024194,1018441,4294961543,completed,-12
LoadAware,3289,3658959723,1024394,1018664,4294961566,completed,-12
LoadAware,3290,3658959723,1024594,1019027,4294961729,completed,-12
LoadAware,3291,3658959723,1024794,1019136,4294961638,completed,-12
LoadAware,3292,3658959723,1024994,1019238,4294961540,completed,-12
LoadAware,3293,3658959723,1025194,1019433,4294961535,completed,-13
LoadAware,3294,3658959723,1025394,1019634,4294961536,completed,-13
LoadAware,3295,3658959723,1025594,1019835,4294961537,completed,-13
LoadAware,3296,3658959723,1025798,1020044,4294961542,completed,-13
LoadAware,3297,3658959723,1028001,1022434,4294961729,completed,-19
LoadAware,3298,3658959723,1028203,1022707,4294961800,completed,-19
LoadAware,3299,3658959723,1028403,1022810,4294961703,completed,-19
LoadAware,3300,3658959723,1028603,1022913,4294961606,completed,-19
LoadAware,3301,3658959723,1028803,1023042,4294961535,completed,-19
LoadAware,3302,3658959723,1029003,1023433,4294961726,completed,-12
LoadAware,3303,3658959723,1029203,1023536,4294961629,completed,-12
LoadAware,3304,3658959723,1029403,1023643,4294961536,completed,-12
LoadAware,3305,3658959723,1029603,1023843,4294961536,completed,-12
LoadAware,3306,3658959723,1029803,1024041,4294961534,completed,-12
LoadAware,3307,3658959723,1030003,1024243,4294961536,completed,-12
LoadAware,3308,3658959723,1030206,1024626,4294961716,completed,-12
LoadAware,3309,3658959723,1030406,1024736,4294961626,completed,-12
LoadAware,3310,3658959723,1030606,1024846,4294961536,completed,-12
LoadAware,3311,3658959723,1030806,1025045,4294961535,completed,-12
LoadAware,3312,3658959723,1031006,1025245,4294961535,completed,-12
LoadAware,3313,3658959723,1031207,1025448,4294961537,completed,-12
LoadAware,SUMMARY,ALL,0,0,120000,batch_complete,0
----------------,---,---,---,---,---,----------------,---
LoadAware,3314,3658959723,1052350,1046591,4294961537,completed,-9
LoadAware,3315,3658959723,1052627,1046867,4294961536,completed,-9
LoadAware,3316,3658959723,1052827,1047066,4294961535,completed,-9
LoadAware,3317,3658959723,1053027,1047268,4294961537,completed,-9
LoadAware,3318,3658959723,1053227,1047466,4294961535,completed,-9
LoadAware,3319,3658959723,1053621,1047861,4294961536,completed,-9
LoadAware,3320,3658959723,1053821,1048060,4294961535,completed,-9
LoadAware,3321,3658959723,1054021,1048261,4294961536,completed,-9
LoadAware,3322,3658959723,1054221,1048459,4294961534,completed,-9
LoadAware,3323,3658959723,1054422,1048855,4294961729,completed,-9
LoadAware,3324,3658959723,1054628,1048963,4294961631,completed,-9
LoadAware,3325,3658959723,1054828,1049072,4294961540,completed,-9
LoadAware,3326,3658959723,1055028,1049269,4294961537,completed,-9
LoadAware,3327,3658959723,1055228,1049466,4294961534,completed,-10
LoadAware,3328,3658959723,1055629,1049869,4294961536,completed,-10
LoadAware,3329,3658959723,1055829,1050068,4294961535,completed,-10
LoadAware,3330,3658959723,1056029,1050269,4294961536,completed,-10
LoadAware,3331,3658959723,1056229,1050468,4294961535,completed,-10
LoadAware,3332,3658959723,1056626,1050865,4294961535,completed,-10
LoadAware,3333,3658959723,1056826,1051066,4294961536,completed,-10
LoadAware,3334,3658959723,1057026,1051265,4294961535,completed,-10
LoadAware,3335,3658959723,1057226,1051466,4294961536,completed,-10
LoadAware,3336,3658959723,1057428,1051861,4294961729,completed,-10
LoadAware,3337,3658959723,1057631,1051964,4294961629,completed,-10
LoadAware,3338,3658959723,1057831,1052071,4294961536,completed,-10
LoadAware,3339,3658959723,1058031,1052271,4294961536,completed,-10
LoadAware,3340,3658959723,1058231,1052475,4294961540,completed,-10
LoadAware,3341,3658959723,1058431,1052866,4294961731,completed,-10
LoadAware,3342,3658959723,1058637,1052969,4294961628,completed,-10
LoadAware,3343,3658959723,1058837,1053077,4294961536,completed,-10
LoadAware,3344,3658959723,1059037,1053277,4294961536,completed,-10
LoadAware,3345,3658959723,1059237,1053476,4294961535,completed,-10
LoadAware,3346,3658959723,1059634,1053873,4294961535,completed,-10
LoadAware,3347,3658959723,1059834,1054074,4294961536,completed,-10
LoadAware,3348,3658959723,1060034,1054275,4294961537,completed,-10
LoadAware,3349,3658959723,1060234,1054473,4294961535,completed,-10
LoadAware,3350,3658959723,1060434,1054869,4294961731,completed,-10
LoadAware,3351,3658959723,1060641,1057084,4294963739,completed,-10
LoadAware,3352,3658959723,1062866,1057303,4294961733,completed,-10
LoadAware,3353,3658959723,1063072,1057406,4294961630,completed,-10
LoadAware,3354,3658959723,1063272,1057512,4294961536,completed,-10
LoadAware,3355,3658959723,1063472,1057737,4294961561,completed,-10
LoadAware,3356,3658959723,1063672,1057911,4294961535,completed,-10
LoadAware,3357,3658959723,1064062,1058303,4294961537,completed,-10
LoadAware,3358,3658959723,1064262,1058502,4294961536,completed,-10
LoadAware,3359,3658959723,1064465,1058706,4294961537,completed,-10
LoadAware,3360,3658959723,1064665,1058904,4294961535,completed,-10
LoadAware,3361,3658959723,1064865,1059104,4294961535,completed,-10
LoadAware,3362,3658959723,1065067,1059308,4294961537,completed,-10
LoadAware,3363,3658959723,1065267,1059509,4294961538,completed,-10
LoadAware,3364,3658959723,1065468,1059708,4294961536,completed,-10
LoadAware,3365,3658959723,1065668,1059975,4294961603,completed,-10
LoadAware,3366,3658959723,1065868,1060303,4294961731,completed,-10
LoadAware,3367,3658959723,1066068,1060405,4294961633,completed,-10
LoadAware,3368,3658959723,1066268,1060526,4294961554,completed,-10
LoadAware,3369,3658959723,1066468,1060710,4294961538,completed,-10
LoadAware,3370,3658959723,1066668,1060909,4294961537,completed,-10
LoadAware,3371,3658959723,1066868,1061109,4294961537,completed,-10
LoadAware,3372,3658959723,1067073,1061314,4294961537,completed,-10
LoadAware,3373,3658959723,1067273,1061513,4294961536,completed,-10
LoadAware,3374,3658959723,1067473,1061712,4294961535,completed,-10
LoadAware,3375,3658959723,1067673,1061913,4294961536,completed,-10
LoadAware,3376,3658959723,1067873,1062305,4294961728,completed,-10
LoadAware,3377,3658959723,1068073,1062414,4294961637,completed,-10
LoadAware,3378,3658959723,1068273,1062523,4294961546,completed,-10
LoadAware,3379,3658959723,1068476,1062716,4294961536,completed,-10
LoadAware,3380,3658959723,1068676,1062916,4294961536,completed,-10
LoadAware,3381,3658959723,1069068,1063308,4294961536,completed,-10
LoadAware,3382,3658959723,1069268,1063507,4294961535,completed,-10
LoadAware,3383,3658959723,1069468,1063707,4294961535,completed,-10
LoadAware,3384,3658959723,1069668,1063908,4294961536,completed,-10
LoadAware,3385,3658959723,1069868,1064107,4294961535,completed,-10
LoadAware,3386,3658959723,1070073,1064315,4294961538,completed,-10
LoadAware,3387,3658959723,1070273,1064512,4294961535,completed,-10
LoadAware,3388,3658959723,1070473,1064737,4294961560,completed,-10
LoadAware,3389,3658959723,1070673,1064913,4294961536,completed,-10
LoadAware,3390,3658959723,1070875,1065351,4294961772,completed,-10
LoadAware,3391,3658959723,1071075,1065459,4294961680,completed,-10
LoadAware,3392,3658959723,1071275,1065562,4294961583,completed,-10
LoadAware,3393,3658959723,1071475,1065717,4294961538,completed,-10
LoadAware,3394,3658959723,1071675,1065914,4294961535,completed,-10
LoadAware,3395,3658959723,1071875,1066114,4294961535,completed,-10
LoadAware,3396,3658959723,1072075,1066320,4294961541,completed,-10
LoadAware,3397,3658959723,1072275,1066514,4294961535,completed,-10
LoadAware,3398,3658959723,1072477,1066718,4294961537,completed,-10
LoadAware,3399,3658959723,1072677,1066916,4294961535,completed,-10
LoadAware,3400,3658959723,1072877,1067309,4294961728,completed,-10
LoadAware,3401,3658959723,1073077,1067420,4294961639,completed,-10
LoadAware,3402,3658959723,1073277,1067524,4294961543,completed,-10
LoadAware,3403,3037662008,1073477,1067711,4294961530,completed,-27
LoadAware,3404,3037662008,1073677,1067911,4294961530,completed,-27
LoadAware,3405,3037662008,1073877,1068110,4294961529,completed,-27
LoadAware,3406,3037662008,1074079,1068314,4294961531,completed,-27
LoadAware,3407,3037662008,1074279,1068515,4294961532,completed,-27
LoadAware,3408,3037662008,1074479,1068713,4294961530,completed,-27
LoadAware,3409,3037662008,1074679,1068912,4294961529,completed,-27
LoadAware,3410,3037662008,1074879,1069306,4294961723,completed,-27
LoadAware,3411,3037662008,1075079,1069422,4294961639,completed,-28
LoadAware,3412,3037662008,1075279,1069525,4294961542,completed,-28
LoadAware,3413,3658959723,1075479,1069718,4294961535,completed,-9
LoadAware,3414,3658959723,1075679,1069918,4294961535,completed,-9
LoadAware,3415,3658959723,1075879,1070118,4294961535,completed,-9
LoadAware,3416,3658959723,1076081,1070323,4294961538,completed,-9
LoadAware,3417,3658959723,1076281,1070521,4294961536,completed,-9
LoadAware,3418,3658959723,1076482,1070729,4294961543,completed,-9
LoadAware,3419,3658959723,1076682,1070922,4294961536,completed,-9
LoadAware,3420,3658959723,1076882,1071315,4294961729,completed,-9
LoadAware,3421,3658959723,1077082,1071418,4294961632,completed,-9
LoadAware,3422,3658959723,1077282,1071524,4294961538,completed,-10
LoadAware,3423,3658959723,1077482,1071723,4294961537,completed,-10
LoadAware,3424,3658959723,1077682,1071921,4294961535,completed,-10
LoadAware,3425,3658959723,1077882,1072317,4294961731,completed,-10
LoadAware,3426,3658959723,1080279,1074712,4294961729,completed,-10
LoadAware,3427,3658959723,1080486,1074957,4294961767,completed,-10
LoadAware,3428,3658959723,1080686,1075066,4294961676,completed,-10
LoadAware,3429,3658959723,1080886,1075181,4294961591,completed,-10
LoadAware,3430,3658959723,1081086,1075325,4294961535,completed,-10
LoadAware,3431,3658959723,1081490,1075731,4294961537,completed,-10
LoadAware,3432,3658959723,1081690,1075929,4294961535,completed,-10
LoadAware,3433,3658959723,1081890,1076129,4294961535,completed,-10
LoadAware,3434,3658959723,1082090,1076330,4294961536,completed,-10
LoadAware,3435,3658959723,1082487,1076748,4294961557,completed,-10
LoadAware,3436,3658959723,1082687,1076926,4294961535,completed,-10
LoadAware,3437,3658959723,1082887,1077126,4294961535,completed,-10
LoadAware,3438,3658959723,1083087,1077327,4294961536,completed,-10
LoadAware,3439,3658959723,1083492,1077736,4294961540,completed,-9
LoadAware,3440,3658959723,1083692,1077932,4294961536,completed,-9
LoadAware,3441,3658959723,1083892,1078131,4294961535,completed,-9
LoadAware,3442,3658959723,1084092,1078331,4294961535,completed,-9
LoadAware,3443,3658959723,1084489,1078729,4294961536,completed,-9
LoadAware,3444,3658959723,1084689,1078928,4294961535,completed,-9
LoadAware,3445,3658959723,1084889,1079128,4294961535,completed,-9
LoadAware,3446,3658959723,1085089,1079328,4294961535,completed,-9
LoadAware,3447,3658959723,1085492,1079734,4294961538,completed,-9
LoadAware,3448,3658959723,1085692,1079932,4294961536,completed,-9
LoadAware,3449,3658959723,1085892,1080131,4294961535,completed,-9
LoadAware,3450,3658959723,1086092,1080331,4294961535,completed,-9
LoadAware,3451,3658959723,1086482,1080727,4294961541,completed,-9
LoadAware,3452,3658959723,1086682,1080921,4294961535,completed,-9
LoadAware,3453,3658959723,1086882,1081121,4294961535,completed,-9
LoadAware,3454,3658959723,1087082,1081321,4294961535,completed,-9
LoadAware,3455,3658959723,1087282,1081521,4294961535,completed,-10
LoadAware,3456,3658959723,1087498,1081739,4294961537,completed,-10
LoadAware,3457,3658959723,1087698,1081937,4294961535,completed,-10
LoadAware,3458,3658959723,1087898,1082140,4294961538,completed,-10
LoadAware,3459,3658959723,1088098,1082336,4294961534,completed,-10
LoadAware,3460,3658959723,1088496,1082736,4294961536,completed,-10
LoadAware,3461,3658959723,1088696,1082935,4294961535,completed,-10
LoadAware,3462,3658959723,1088896,1083135,4294961535,completed,-10
LoadAware,3463,3658959723,1089096,1083335,4294961535,completed,-10
LoadAware,3464,3658959723,1089500,1083740,4294961536,completed,-10
LoadAware,3465,3658959723,1089700,1083942,4294961538,completed,-10
LoadAware,3466,3658959723,1089900,1084139,4294961535,completed,-10
LoadAware,3467,3658959723,1090100,1084339,4294961535,completed,-10
LoadAware,3468,3658959723,1090491,1084732,4294961537,completed,-10
LoadAware,3469,3658959723,1090691,1084931,4294961536,completed,-10
LoadAware,3470,3658959723,1090891,1085146,4294961551,completed,-10
LoadAware,3471,3658959723,1091091,1085331,4294961536,completed,-10
LoadAware,3472,3658959723,1091291,1085531,4294961536,completed,-10
LoadAware,3473,3658959723,1091496,1085738,4294961538,completed,-10
LoadAware,3474,3658959723,1091696,1085936,4294961536,completed,-10
LoadAware,3475,3658959723,1091896,1086136,4294961536,completed,-10
LoadAware,3476,3658959723,1092096,1086337,4294961537,completed,-10
LoadAware,3477,3658959723,1092296,1086752,4294961752,completed,-10
LoadAware,3478,3658959723,1092500,1086871,4294961667,completed,-10
LoadAware,3479,3658959723,1092700,1086974,4294961570,completed,-10
LoadAware,3480,3658959723,1092900,1087139,4294961535,completed,-10
LoadAware,3481,3658959723,1093100,1087343,4294961539,completed,-10
LoadAware,3482,3658959723,1093300,1087761,4294961757,completed,-9
LoadAware,3483,3658959723,1093500,1087871,4294961667,completed,-9
LoadAware,3484,3658959723,1093700,1087974,4294961570,completed,-9
LoadAware,3485,3658959723,1093900,1088139,4294961535,completed,-9
LoadAware,3486,3658959723,1094100,1088339,4294961535,completed,-9
LoadAware,3487,3658959723,1094300,1088774,4294961770,completed,-9
LoadAware,3488,3658959723,1094503,1088877,4294961670,completed,-9
LoadAware,3489,3658959723,1094703,1088980,4294961573,completed,-9
LoadAware,3490,3658959723,1094903,1089144,4294961537,completed,-9
LoadAware,3491,3658959723,1095103,1089345,4294961538,completed,-9
LoadAware,3492,3658959723,1095303,1089739,4294961732,completed,-13
LoadAware,3493,3658959723,1095512,1089842,4294961626,completed,-13
LoadAware,3494,3658959723,1097717,1092150,4294961729,completed,-12
LoadAware,3495,3658959723,1097919,1092324,4294961701,completed,-12
LoadAware,3496,3658959723,1098119,1092433,4294961610,completed,-12
LoadAware,3497,3658959723,1098319,1092558,4294961535,completed,-12
LoadAware,3498,3658959723,1098519,1092758,4294961535,completed,-12
LoadAware,3499,3658959723,1098719,1093150,4294961727,completed,-12
LoadAware,3500,3658959723,1098919,1093260,4294961637,completed,-12
LoadAware,3501,3658959723,1099119,1093370,4294961547,completed,-12
LoadAware,3502,3658959723,1099319,1093559,4294961536,completed,-12
LoadAware,3503,3658959723,1099519,1093759,4294961536,completed,-12
LoadAware,3504,3658959723,1099719,1093959,4294961536,completed,-12
LoadAware,3505,3658959723,1099922,1094375,4294961749,completed,-12
LoadAware,3506,3658959723,1100122,1094478,4294961652,completed,-12
LoadAware,3507,3658959723,1100322,1094581,4294961555,completed,-12
LoadAware,3508,3658959723,1100522,1094764,4294961538,completed,-12
LoadAware,3509,3658959723,1100722,1095153,4294961727,completed,-12
LoadAware,3510,3658959723,1100922,1095263,4294961637,completed,-12
LoadAware,3511,3658959723,1101122,1095366,4294961540,completed,-12
LoadAware,3512,3658959723,1101322,1095563,4294961537,completed,-12
LoadAware,3513,3658959723,1101522,1095761,4294961535,completed,-12
LoadAware,3514,3658959723,1101722,1095963,4294961537,completed,-12
LoadAware,3515,3658959723,1101925,1096169,4294961540,completed,-12
LoadAware,3516,3658959723,1102125,1096368,4294961539,completed,-12
LoadAware,3517,3658959723,1102325,1096564,4294961535,completed,-12
LoadAware,3518,3658959723,1102525,1096764,4294961535,completed,-12
LoadAware,3519,3658959723,1102725,1097157,4294961728,completed,-12
LoadAware,3520,3658959723,1102925,1097260,4294961631,completed,-12
LoadAware,3521,3658959723,1103125,1097366,4294961537,completed,-12
LoadAware,3522,3658959723,1103325,1097566,4294961537,completed,-13
LoadAware,3523,3658959723,1103525,1097764,4294961535,completed,-13
LoadAware,3524,3658959723,1103725,1097966,4294961537,completed,-13
LoadAware,3525,3658959723,1103928,1098323,4294961691,completed,-13
LoadAware,3526,3658959723,1104128,1098432,4294961600,completed,-13
LoadAware,3527,3658959723,1104328,1098568,4294961536,completed,-13
LoadAware,3528,3658959723,1104528,1098768,4294961536,completed,-13
LoadAware,3529,3658959723,1104728,1099159,4294961727,completed,-13
LoadAware,3530,3658959723,1104928,1099268,4294961636,completed,-13
LoadAware,3531,3658959723,1105128,1099371,4294961539,completed,-13
LoadAware,3532,3658959723,1105328,1099568,4294961536,completed,-13
LoadAware,3533,3658959723,1105528,1099768,4294961536,completed,-13
LoadAware,3534,3658959723,1105731,1100165,4294961730,completed,-13
LoadAware,3535,3658959723,1105931,1100274,4294961639,completed,-13
LoadAware,3536,3658959723,1106131,1100383,4294961548,completed,-13
LoadAware,3537,3658959723,1106331,1100573,4294961538,completed,-13
LoadAware,3538,3658959723,1106531,1100770,4294961535,completed,-13
LoadAware,3539,3658959723,1106731,1101162,4294961727,completed,-13
LoadAware,3540,3658959723,1106931,1101265,4294961630,completed,-13
LoadAware,3541,3658959723,1107131,1101375,4294961540,completed,-13
LoadAware,3542,3658959723,1107331,1101571,4294961536,completed,-12
LoadAware,3543,3658959723,1107531,1101770,4294961535,completed,-12
LoadAware,3544,3658959723,1107732,1101972,4294961536,completed,-12
LoadAware,3545,3658959723,1107933,1102176,4294961539,completed,-12
LoadAware,3546,3658959723,1108133,1102372,4294961535,completed,-12
LoadAware,3547,3658959723,1108333,1102573,4294961536,completed,-12
LoadAware,3548,3658959723,1108533,1102772,4294961535,completed,-12
LoadAware,3549,3658959723,1108733,1102973,4294961536,completed,-12
LoadAware,3550,3658959723,1108934,1103179,4294961541,completed,-12
LoadAware,3551,3658959723,1109134,1103373,4294961535,completed,-12
LoadAware,3552,3658959723,1109334,1103575,4294961537,completed,-12
LoadAware,3553,3658959723,1109534,1103774,4294961536,completed,-12
LoadAware,3554,3658959723,1109734,1104169,4294961731,completed,-12
LoadAware,3555,3658959723,1109934,1104274,4294961636,completed,-12
LoadAware,3556,3658959723,1110134,1104377,4294961539,completed,-12
LoadAware,3557,3658959723,1110334,1104573,4294961535,completed,-12
LoadAware,3558,3658959723,1110534,1104773,4294961535,completed,-12
LoadAware,3559,3658959723,1110734,1104975,4294961537,completed,-12
LoadAware,3560,3658959723,1110935,1105181,4294961542,completed,-12
LoadAware,3561,3658959723,1111135,1105374,4294961535,completed,-12
LoadAware,3562,3658959723,1111335,1105575,4294961536,completed,-12
LoadAware,3563,3658959723,1111535,1105776,4294961537,completed,-12
LoadAware,3564,3658959723,1111735,1105974,4294961535,completed,-12
LoadAware,3565,3658959723,1111936,1106177,4294961537,completed,-12
LoadAware,3566,3658959723,1112136,1106375,4294961535,completed,-12
LoadAware,3567,3658959723,1112336,1106576,4294961536,completed,-12
LoadAware,3568,3658959723,1112536,1106776,4294961536,completed,-12
LoadAware,3577,3037662008,1116536,1110800,4294961560,completed,-29
LoadAware,3578,3037662008,1116736,1110971,4294961531,completed,-29
LoadAware,3569,3658959723,1112736,1106976,4294961536,completed,-12
LoadAware,3579,3037662008,1116936,1111169,4294961529,completed,-29
LoadAware,3580,3037662008,1117136,1111371,4294961531,completed,-29
LoadAware,3570,3658959723,1115134,1109568,4294961730,completed,-12
LoadAware,3571,3658959723,1115336,1109896,4294961856,completed,-12
LoadAware,3572,3658959723,1115536,1110148,4294961908,completed,-12
LoadAware,3573,3658959723,1115736,1110250,4294961810,completed,-12
LoadAware,3574,3658959723,1115936,1110571,4294961931,completed,-12
LoadAware,3575,3658959723,1116136,1110673,4294961833,completed,-12
LoadAware,3576,3658959723,1116336,1110926,4294961886,completed,-12
LoadAware,3581,3658959723,1117343,1111588,4294961541,completed,-12
LoadAware,3582,3658959723,1117543,1111785,4294961538,completed,-12
LoadAware,3583,3658959723,1117743,1111984,4294961537,completed,-12
LoadAware,3584,3658959723,1117943,1112184,4294961537,completed,-12
LoadAware,3585,3658959723,1118333,1112574,4294961537,completed,-12
LoadAware,3586,3658959723,1118533,1112774,4294961537,completed,-12
LoadAware,3587,3658959723,1118733,1112974,4294961537,completed,-12
LoadAware,3588,3658959723,1118933,1113173,4294961536,completed,-12
LoadAware,3589,3658959723,1119133,1113377,4294961540,completed,-12
LoadAware,3590,3658959723,1119350,1113599,4294961545,completed,-13
LoadAware,3591,3658959723,1119550,1113791,4294961537,completed,-13
LoadAware,3592,3658959723,1119750,1113989,4294961535,completed,-13
LoadAware,3593,3658959723,1119950,1114190,4294961536,completed,-13
LoadAware,3594,3658959723,1120341,1114583,4294961538,completed,-13
LoadAware,3595,3658959723,1120541,1114781,4294961536,completed,-13
LoadAware,3596,3658959723,1120741,1114980,4294961535,completed,-13
LoadAware,3597,3658959723,1120941,1115181,4294961536,completed,-13
LoadAware,3598,3658959723,1121143,1115582,4294961735,completed,-12
LoadAware,3599,3658959723,1121349,1115692,4294961639,completed,-12
LoadAware,3600,3658959723,1121549,1115795,4294961542,completed,-12
LoadAware,3601,3658959723,1121749,1115988,4294961535,completed,-12
LoadAware,3602,3658959723,1121949,1116188,4294961535,completed,-12
LoadAware,3603,3658959723,1122149,1116581,4294961728,completed,-12
LoadAware,3604,3658959723,1122349,1116691,4294961638,completed,-12
LoadAware,3605,3658959723,1122549,1116794,4294961541,completed,-12
LoadAware,3606,3658959723,1122749,1116989,4294961536,completed,-12
LoadAware,3607,3658959723,1122949,1117192,4294961539,completed,-12
LoadAware,3608,3658959723,1123149,1117586,4294961733,completed,-13
LoadAware,3609,3658959723,1123354,1117689,4294961631,completed,-13
LoadAware,3610,3658959723,1123554,1117795,4294961537,completed,-13
LoadAware,3611,3658959723,1123754,1117994,4294961536,completed,-13
LoadAware,3612,3658959723,1123954,1118193,4294961535,completed,-13
LoadAware,3613,3658959723,1124344,1118585,4294961537,completed,-13
LoadAware,3614,3658959723,1124544,1118784,4294961536,completed,-13
LoadAware,3615,3658959723,1124744,1118987,4294961539,completed,-13
LoadAware,3616,3658959723,1124944,1119183,4294961535,completed,-13
LoadAware,3617,3658959723,1125145,1119586,4294961737,completed,-12
LoadAware,3618,3658959723,1125354,1119689,4294961631,completed,-12
LoadAware,3619,3658959723,1125554,1119806,4294961548,completed,-12
LoadAware,3620,3658959723,1125754,1119993,4294961535,completed,-12
LoadAware,3621,3658959723,1125954,1120194,4294961536,completed,-12
LoadAware,3622,3658959723,1126154,1120587,4294961729,completed,-12
LoadAware,3623,3658959723,1126354,1120690,4294961632,completed,-12
LoadAware,3624,3658959723,1126554,1120796,4294961538,completed,-12
LoadAware,3625,3658959723,1126754,1120994,4294961536,completed,-12
LoadAware,3626,3658959723,1126954,1121193,4294961535,completed,-12
LoadAware,3627,3658959723,1127154,1121393,4294961535,completed,-12
LoadAware,3628,3658959723,1127356,1121598,4294961538,completed,-12
LoadAware,3629,3658959723,1127556,1121796,4294961536,completed,-12
LoadAware,3630,3658959723,1127756,1121996,4294961536,completed,-12
LoadAware,3631,3658959723,1127956,1122196,4294961536,completed,-12
LoadAware,3632,3658959723,1128156,1122396,4294961536,completed,-12
LoadAware,3633,3658959723,1128356,1122599,4294961539,completed,-12
LoadAware,3634,3658959723,1128556,1122798,4294961538,completed,-12
LoadAware,3635,3658959723,1128756,1122996,4294961536,completed,-12
LoadAware,3636,3658959723,1128956,1123196,4294961536,completed,-12
LoadAware,3637,3658959723,1129156,1123591,4294961731,completed,-13
LoadAware,3638,3658959723,1129359,1123702,4294961639,completed,-13
LoadAware,3639,3658959723,1129559,1123805,4294961542,completed,-13
LoadAware,3640,3658959723,1129759,1123999,4294961536,completed,-13
LoadAware,3641,3658959723,1129959,1124198,4294961535,completed,-13
LoadAware,3642,3658959723,1130159,1124593,4294961730,completed,-13
LoadAware,3643,3658959723,1132558,1126995,4294961733,completed,-13
LoadAware,3644,3658959723,1132759,1127112,4294961649,completed,-13
LoadAware,3645,3658959723,1132959,1127215,4294961552,completed,-13
LoadAware,3646,3658959723,1133159,1127398,4294961535,completed,-13
LoadAware,3647,3658959723,1133359,1127603,4294961540,completed,-12
LoadAware,3648,3658959723,1133559,1127800,4294961537,completed,-12
LoadAware,3649,3658959723,1133760,1128004,4294961540,completed,-12
LoadAware,3650,3658959723,1133960,1128201,4294961537,completed,-12
LoadAware,3651,3658959723,1134160,1128400,4294961536,completed,-12
LoadAware,3652,3658959723,1134360,1128599,4294961535,completed,-12
LoadAware,3653,3658959723,1134560,1128805,4294961541,completed,-12
LoadAware,3654,3658959723,1134764,1129004,4294961536,completed,-12
LoadAware,3655,3658959723,1134964,1129204,4294961536,completed,-12
LoadAware,3656,3658959723,1135164,1129404,4294961536,completed,-12
LoadAware,3657,3658959723,1135364,1129605,4294961537,completed,-12
LoadAware,3658,3658959723,1135564,1129998,4294961730,completed,-12
LoadAware,3659,3658959723,1135764,1130101,4294961633,completed,-12
LoadAware,3660,3658959723,1135964,1130207,4294961539,completed,-12
LoadAware,3661,3658959723,1136164,1130404,4294961536,completed,-12
LoadAware,3662,3658959723,1136364,1130603,4294961535,completed,-12
LoadAware,3663,3658959723,1136566,1130999,4294961729,completed,-12
LoadAware,3664,3658959723,1136766,1131102,4294961632,completed,-12
LoadAware,3665,3658959723,1136966,1131208,4294961538,completed,-12
LoadAware,3666,3658959723,1137166,1131406,4294961536,completed,-12
LoadAware,3667,3658959723,1137366,1131606,4294961536,completed,-13
LoadAware,3668,3658959723,1137566,1131805,4294961535,completed,-13
LoadAware,3669,3658959723,1137766,1132013,4294961543,completed,-13
LoadAware,3670,3658959723,1137966,1132205,4294961535,completed,-13
LoadAware,3671,3658959723,1138166,1132405,4294961535,completed,-13
LoadAware,3672,3658959723,1138366,1132607,4294961537,completed,-13
LoadAware,3673,3658959723,1138567,1133001,4294961730,completed,-13
LoadAware,3674,3658959723,1138767,1133110,4294961639,completed,-13
LoadAware,3675,3658959723,1138967,1133222,4294961551,completed,-13
LoadAware,3676,3658959723,1139167,1133407,4294961536,completed,-13
LoadAware,3677,3658959723,1139367,1133606,4294961535,completed,-13
LoadAware,3678,3658959723,1139567,1133820,4294961549,completed,-13
LoadAware,3679,3658959723,1139768,1134010,4294961538,completed,-13
LoadAware,3680,3658959723,1139968,1134207,4294961535,completed,-13
LoadAware,3681,3658959723,1140168,1134408,4294961536,completed,-13
LoadAware,3682,3658959723,1140368,1134607,4294961535,completed,-13
LoadAware,3683,3658959723,1140568,1135002,4294961730,completed,-13
LoadAware,3684,3658959723,1140768,1135111,4294961639,completed,-13
LoadAware,3685,3658959723,1140968,1135221,4294961549,completed,-13
LoadAware,3686,3658959723,1141168,1135408,4294961536,completed,-13
LoadAware,3687,3658959723,1141368,1135609,4294961537,completed,-13
LoadAware,3688,3658959723,1141568,1135807,4294961535,completed,-13
LoadAware,3689,3658959723,1141771,1136015,4294961540,completed,-13
LoadAware,3690,3658959723,1141971,1136211,4294961536,completed,-13
LoadAware,3691,3658959723,1142171,1136413,4294961538,completed,-13
LoadAware,3692,3658959723,1142371,1136610,4294961535,completed,-13
LoadAware,3693,3658959723,1142571,1137044,4294961769,completed,-13
LoadAware,3694,3658959723,1142771,1137153,4294961678,completed,-13
LoadAware,3695,3658959723,1142971,1137256,4294961581,completed,-13
LoadAware,3696,3658959723,1143171,1137410,4294961535,completed,-13
LoadAware,3697,3658959723,1143371,1137611,4294961536,completed,-12
LoadAware,3698,3658959723,1143571,1137810,4294961535,completed,-12
LoadAware,3699,3658959723,1143772,1138015,4294961539,completed,-12
LoadAware,3700,3658959723,1143972,1138211,4294961535,completed,-12
LoadAware,3701,3658959723,1144172,1138412,4294961536,completed,-12
LoadAware,3702,3658959723,1144372,1138611,4294961535,completed,-12
LoadAware,3703,3658959723,1144572,1139007,4294961731,completed,-12
LoadAware,3704,3658959723,1144772,1139112,4294961636,completed,-12
LoadAware,3705,3658959723,1144972,1139215,4294961539,completed,-12
LoadAware,3706,3658959723,1145172,1139412,4294961536,completed,-12
LoadAware,3707,3658959723,1145372,1139611,4294961535,completed,-13
LoadAware,3708,3658959723,1145572,1139813,4294961537,completed,-13
LoadAware,3709,3658959723,1145773,1140016,4294961539,completed,-13
LoadAware,3710,3658959723,1145973,1140213,4294961536,completed,-13
LoadAware,3711,3658959723,1146173,1140413,4294961536,completed,-13
LoadAware,3712,3658959723,1146373,1140612,4294961535,completed,-13
LoadAware,3713,3658959723,1146573,1140812,4294961535,completed,-13
LoadAware,3714,3658959723,1146775,1141018,4294961539,completed,-13
LoadAware,3715,3658959723,1146975,1141215,4294961536,completed,-13
LoadAware,3716,3658959723,1147175,1141415,4294961536,completed,-13
LoadAware,3717,3658959723,1147375,1141615,4294961536,completed,-13
LoadAware,3718,3658959723,1147575,1141815,4294961536,completed,-13
LoadAware,3719,3658959723,1149968,1144403,4294961731,completed,-12
LoadAware,3730,3037662008,1152366,1146611,4294961541,completed,-28
LoadAware,3720,3658959723,1150173,1144818,4294961941,completed,-12
LoadAware,3721,3658959723,1150373,1145095,4294962018,completed,-12
LoadAware,3722,3658959723,1150573,1145197,4294961920,completed,-12
LoadAware,3723,3658959723,1150773,1145402,4294961925,completed,-12
LoadAware,3724,3658959723,1151166,1145620,4294961750,completed,-13
LoadAware,3725,3658959723,1151366,1145894,4294961824,completed,-13
LoadAware,3726,3658959723,1151566,1146170,4294961900,completed,-13
LoadAware,3727,3658959723,1151766,1146272,4294961802,completed,-13
LoadAware,3728,3658959723,1151966,1146444,4294961774,completed,-13
LoadAware,3729,3658959723,1152166,1146736,4294961866,completed,-13
LoadAware,3731,3658959723,1152566,1146838,4294961568,completed,-13
LoadAware,3732,3658959723,1152766,1147007,4294961537,completed,-13
LoadAware,3733,3658959723,1152966,1147403,4294961733,completed,-13
LoadAware,3734,3658959723,1153171,1147505,4294961630,completed,-14
LoadAware,3735,3658959723,1153371,1147612,4294961537,completed,-14
LoadAware,3736,3658959723,1153571,1147812,4294961537,completed,-14
LoadAware,3737,3658959723,1153771,1148011,4294961536,completed,-14
LoadAware,3738,3658959723,1153971,1148213,4294961538,completed,-14
LoadAware,3739,3658959723,1154175,1148497,4294961618,completed,-14
LoadAware,3740,3658959723,1154375,1148617,4294961538,completed,-14
LoadAware,3741,3658959723,1154575,1148817,4294961538,completed,-14
LoadAware,3742,3658959723,1154775,1149016,4294961537,completed,-14
LoadAware,3743,3658959723,1154975,1149408,4294961729,completed,-14
LoadAware,3744,3658959723,1155175,1149511,4294961632,completed,-12
LoadAware,3745,3658959723,1155375,1149618,4294961539,completed,-12
LoadAware,3746,3658959723,1155575,1149823,4294961544,completed,-12
LoadAware,3747,3658959723,1155775,1150015,4294961536,completed,-12
LoadAware,3748,3658959723,1155976,1150410,4294961730,completed,-12
LoadAware,3749,3658959723,1156176,1150520,4294961640,completed,-12
LoadAware,3750,3658959723,1156376,1150622,4294961542,completed,-12
LoadAware,3751,3658959723,1156576,1150816,4294961536,completed,-12
LoadAware,3752,3658959723,1156776,1151015,4294961535,completed,-12
LoadAware,3753,3658959723,1156976,1151215,4294961535,completed,-12
LoadAware,3754,3658959723,1157176,1151419,4294961539,completed,-12
LoadAware,3755,3658959723,1157376,1151617,4294961537,completed,-11
LoadAware,3756,3658959723,1157576,1151816,4294961536,completed,-11
LoadAware,3757,3658959723,1157776,1152015,4294961535,completed,-11
LoadAware,3758,3658959723,1157978,1152420,4294961738,completed,-11
LoadAware,3759,3658959723,1158178,1152523,4294961641,completed,-11
LoadAware,3760,3658959723,1158378,1152626,4294961544,completed,-11
LoadAware,3761,3658959723,1158578,1152818,4294961536,completed,-11
LoadAware,3762,3658959723,1158778,1153018,4294961536,completed,-11
LoadAware,3763,3658959723,1158978,1153218,4294961536,completed,-11
LoadAware,3764,3658959723,1159178,1153421,4294961539,completed,-11
LoadAware,3765,3658959723,1159378,1153619,4294961537,completed,-12
LoadAware,3766,3658959723,1159578,1153820,4294961538,completed,-12
LoadAware,3767,3658959723,1159778,1154017,4294961535,completed,-12
LoadAware,3768,3658959723,1159978,1154219,4294961537,completed,-12
LoadAware,3769,3658959723,1160180,1154423,4294961539,completed,-12
LoadAware,3770,3658959723,1160380,1154620,4294961536,completed,-12
LoadAware,3771,3658959723,1160580,1154819,4294961535,completed,-12
LoadAware,3772,3658959723,1160780,1155021,4294961537,completed,-12
LoadAware,3773,3658959723,1160980,1155219,4294961535,completed,-12
LoadAware,3774,3658959723,1161181,1155423,4294961538,completed,-12
LoadAware,3775,3658959723,1161381,1155623,4294961538,completed,-12
LoadAware,3776,3658959723,1161581,1155821,4294961536,completed,-12
LoadAware,3777,3658959723,1161781,1156022,4294961537,completed,-12
LoadAware,3778,3658959723,1161981,1156415,4294961730,completed,-12
LoadAware,3779,3658959723,1162181,1156524,4294961639,completed,-12
LoadAware,3780,3658959723,1162381,1156627,4294961542,completed,-12
LoadAware,3781,3658959723,1162581,1156821,4294961536,completed,-12
LoadAware,3782,3658959723,1162781,1157021,4294961536,completed,-12
LoadAware,3783,3658959723,1162981,1157220,4294961535,completed,-12
LoadAware,3784,3658959723,1163183,1157425,4294961538,completed,-12
LoadAware,3785,3658959723,1163383,1157636,4294961549,completed,-12
LoadAware,3786,3658959723,1163583,1157824,4294961537,completed,-12
LoadAware,3787,3658959723,1163783,1158023,4294961536,completed,-12
LoadAware,3788,3658959723,1163983,1158418,4294961731,completed,-12
LoadAware,3789,3658959723,1164183,1158527,4294961640,completed,-12
LoadAware,3790,3658959723,1164383,1158630,4294961543,completed,-12
LoadAware,3791,3658959723,1164583,1158823,4294961536,completed,-12
LoadAware,3792,3658959723,1164783,1159022,4294961535,completed,-12
LoadAware,3799,3037662008,1168385,1162622,4294961533,completed,-28
LoadAware,3800,3037662008,1168585,1162829,4294961540,completed,-28
LoadAware,3801,3037662008,1168785,1163019,4294961530,completed,-28
LoadAware,3802,3037662008,1168985,1163221,4294961532,completed,-28
LoadAware,3803,3037662008,1169185,1163421,4294961532,completed,-28
LoadAware,3804,3037662008,1169385,1163812,4294961723,completed,-29
LoadAware,3805,3037662008,1169585,1163949,4294961660,completed,-29
LoadAware,3806,3037662008,1169785,1164070,4294961581,completed,-29
LoadAware,3793,3037662008,1169984,1164218,4294961530,completed,-29
LoadAware,3807,3037662008,1169987,1164321,4294961630,completed,-29
LoadAware,3808,3037662008,1170187,1164424,4294961533,completed,-29
LoadAware,3809,3037662008,1170387,1164621,4294961530,completed,-29
LoadAware,3810,3037662008,1170596,1164831,4294961531,completed,-29
LoadAware,3811,3037662008,1170796,1165031,4294961531,completed,-29
LoadAware,3812,3037662008,1170996,1165230,4294961530,completed,-29
LoadAware,3813,3037662008,1171196,1165431,4294961531,completed,-29
LoadAware,3814,3037662008,1171588,1165823,4294961531,completed,-27
LoadAware,3815,3037662008,1171788,1166022,4294961530,completed,-27
LoadAware,3816,3037662008,1171988,1166222,4294961530,completed,-27
LoadAware,3817,3037662008,1172188,1166422,4294961530,completed,-27
LoadAware,SUMMARY,ALL,0,0,120001,batch_complete,0
----------------,---,---,---,---,---,----------------,---
LoadAware,3794,3037662008,1172384,1166618,4294961530,completed,-27
LoadAware,3795,3037662008,1172596,1166868,4294961568,completed,-27
LoadAware,3796,3037662008,1172786,1167020,4294961530,completed,-27
LoadAware,3797,3658959723,1172986,1163843,4294958153,completed,-12
LoadAware,3798,3658959723,1173186,1164119,4294958229,completed,-12
LoadAware,3818,3658959723,1176667,1170907,4294961536,completed,-12
LoadAware,3819,3658959723,1176867,1171106,4294961535,completed,-12
LoadAware,3820,3658959723,1177067,1171307,4294961536,completed,-12
LoadAware,3821,3658959723,1177267,1171508,4294961537,completed,-12
LoadAware,3822,3658959723,1177600,1171872,4294961568,completed,-12
LoadAware,3823,3658959723,1177800,1172039,4294961535,completed,-12
LoadAware,3824,3658959723,1178000,1172240,4294961536,completed,-12
LoadAware,3825,3658959723,1178200,1172443,4294961539,completed,-12
LoadAware,3826,3658959723,1178593,1172833,4294961536,completed,-12
LoadAware,3827,3658959723,1178793,1173033,4294961536,completed,-12
LoadAware,3828,3658959723,1178993,1173232,4294961535,completed,-12
LoadAware,3829,3658959723,1179193,1173433,4294961536,completed,-12
LoadAware,3830,3658959723,1179399,1173834,4294961731,completed,-12
LoadAware,3831,3658959723,1179600,1174069,4294961765,completed,-12
LoadAware,3832,3658959723,1179800,1174172,4294961668,completed,-12
LoadAware,3833,3658959723,1180000,1174275,4294961571,completed,-12
LoadAware,3834,3658959723,1180200,1174441,4294961537,completed,-12
LoadAware,3835,3658959723,1180400,1174835,4294961731,completed,-12
LoadAware,3836,3658959723,1180606,1174938,4294961628,completed,-12
LoadAware,3837,3658959723,1180806,1175047,4294961537,completed,-12
LoadAware,3838,3658959723,1181006,1175245,4294961535,completed,-12
LoadAware,3839,3658959723,1181206,1175445,4294961535,completed,-12
LoadAware,3840,3658959723,1181603,1175843,4294961536,completed,-13
LoadAware,3841,3658959723,1181803,1176043,4294961536,completed,-13
LoadAware,3842,3658959723,1182003,1176246,4294961539,completed,-13
LoadAware,3843,3658959723,1182203,1176442,4294961535,completed,-13
LoadAware,3844,3658959723,1182403,1176839,4294961732,completed,-13
LoadAware,3845,3658959723,1182608,1179039,4294963727,completed,-12
LoadAware,3846,3658959723,1184818,1179261,4294961739,completed,-12
LoadAware,3847,3658959723,1185023,1179369,4294961642,completed,-12
LoadAware,3848,3658959723,1185223,1179489,4294961562,completed,-12
LoadAware,3849,3658959723,1185423,1179665,4294961538,completed,-12
LoadAware,3850,3658959723,1185623,1179913,4294961586,completed,-12
LoadAware,3851,3658959723,1186014,1180264,4294961546,completed,-12
LoadAware,3852,3658959723,1186214,1180472,4294961554,completed,-12
LoadAware,3853,3658959723,1186414,1180688,4294961570,completed,-12
LoadAware,3854,3658959723,1186614,1180867,4294961549,completed,-12
LoadAware,3855,3658959723,1186814,1181055,4294961537,completed,-12
LoadAware,3856,3658959723,1187020,1181268,4294961544,completed,-12
LoadAware,3857,3658959723,1187220,1181465,4294961541,completed,-12
LoadAware,3858,3658959723,1187420,1181661,4294961537,completed,-13
LoadAware,3859,3658959723,1187620,1181866,4294961542,completed,-13
LoadAware,3860,3658959723,1187820,1182060,4294961536,completed,-13
LoadAware,3861,3658959723,1188020,1182268,4294961544,completed,-13
LoadAware,3862,3658959723,1188220,1182460,4294961536,completed,-13
LoadAware,3863,3658959723,1188420,1182668,4294961544,completed,-13
LoadAware,3864,3658959723,1188620,1182862,4294961538,completed,-13
LoadAware,3865,3658959723,1188820,1183080,4294961556,completed,-13
LoadAware,3866,3658959723,1189023,1183418,4294961691,completed,-13
LoadAware,3867,3658959723,1189223,1183527,4294961600,completed,-12
LoadAware,3868,3658959723,1189423,1183669,4294961542,completed,-12
LoadAware,3869,3658959723,1189623,1183875,4294961548,completed,-12
LoadAware,3870,3658959723,1189823,1184080,4294961553,completed,-12
LoadAware,3871,3658959723,1190023,1184278,4294961551,completed,-12
LoadAware,3872,3658959723,1190223,1184481,4294961554,completed,-12
LoadAware,3873,3658959723,1190423,1184664,4294961537,completed,-12
LoadAware,3874,3658959723,1190623,1184863,4294961536,completed,-12
LoadAware,3875,3658959723,1190823,1185076,4294961549,completed,-12
LoadAware,3876,3658959723,1191026,1185504,4294961774,completed,-12
LoadAware,3877,3658959723,1191226,1185607,4294961677,completed,-12
LoadAware,3878,3658959723,1191426,1185710,4294961580,completed,-12
LoadAware,3879,3658959723,1191626,1185866,4294961536,completed,-12
LoadAware,3880,3658959723,1191826,1186258,4294961728,completed,-12
LoadAware,3881,3658959723,1192026,1186361,4294961631,completed,-12
LoadAware,3882,3658959723,1192226,1186480,4294961550,completed,-12
LoadAware,3883,3658959723,1192426,1186669,4294961539,completed,-12
LoadAware,3884,3658959723,1192626,1186866,4294961536,completed,-12
LoadAware,3885,3658959723,1192828,1187268,4294961736,completed,-12
LoadAware,3886,3658959723,1193028,1187388,4294961656,completed,-12
LoadAware,3887,3658959723,1193228,1187491,4294961559,completed,-12
LoadAware,3888,3658959723,1193428,1187693,4294961561,completed,-12
LoadAware,3889,3658959723,1193628,1187869,4294961537,completed,-12
LoadAware,3890,3658959723,1193828,1188261,4294961729,completed,-12
LoadAware,3891,3658959723,1194029,1188364,4294961631,completed,-12
LoadAware,3892,3658959723,1194229,1188479,4294961546,completed,-12
LoadAware,3893,3658959723,1194429,1188675,4294961542,completed,-12
LoadAware,3894,3658959723,1194629,1188868,4294961535,completed,-12
LoadAware,3895,3658959723,1194829,1189330,4294961797,completed,-12
LoadAware,3896,3658959723,1195029,1189433,4294961700,completed,-12
LoadAware,3897,3658959723,1195229,1189536,4294961603,completed,-12
LoadAware,3898,3658959723,1195429,1189692,4294961559,completed,-12
LoadAware,3899,3658959723,1195629,1189871,4294961538,completed,-12
LoadAware,3900,3658959723,1195829,1190070,4294961537,completed,-12
LoadAware,3901,3658959723,1196030,1190303,4294961569,completed,-12
LoadAware,3902,3658959723,1196230,1190470,4294961536,completed,-12
LoadAware,3903,3658959723,1196430,1190680,4294961546,completed,-12
LoadAware,3904,3658959723,1196630,1190869,4294961535,completed,-12
LoadAware,3905,3658959723,1196830,1191070,4294961536,completed,-12
LoadAware,3906,3658959723,1197031,1191274,4294961539,completed,-12
LoadAware,3907,3658959723,1197231,1191472,4294961537,completed,-12
LoadAware,3908,3658959723,1197431,1191694,4294961559,completed,-12
LoadAware,3909,3658959723,1197631,1191872,4294961537,completed,-12
LoadAware,3910,3658959723,1197831,1192071,4294961536,completed,-12
LoadAware,3911,3658959723,1198031,1192274,4294961539,completed,-12
LoadAware,3912,3658959723,1198231,1192479,4294961544,completed,-12
LoadAware,3913,3658959723,1198431,1192676,4294961541,completed,-12
LoadAware,3914,3658959723,1198631,1192872,4294961537,completed,-12
LoadAware,3915,3658959723,1198831,1193333,4294961798,completed,-12
LoadAware,3916,3658959723,1199031,1193468,4294961733,completed,-12
LoadAware,3917,3658959723,1199231,1193577,4294961642,completed,-12
LoadAware,3918,3658959723,1199431,1193680,4294961545,completed,-12
LoadAware,3919,3658959723,1199631,1193875,4294961540,completed,-12
LoadAware,3920,3658959723,1199831,1194071,4294961536,completed,-12
LoadAware,3921,3658959723,1200031,1196460,4294963725,completed,-12
LoadAware,3922,3658959723,1202229,1196670,4294961737,completed,-12
LoadAware,3923,3658959723,1202429,1196849,4294961716,completed,-12
LoadAware,3924,3658959723,1202629,1197116,4294961783,completed,-12
LoadAware,3925,3658959723,1202829,1197390,4294961857,completed,-12
LoadAware,3926,3658959723,1203029,1197674,4294961941,completed,-12
LoadAware,3927,3658959723,1203229,1197945,4294962012,completed,-12
LoadAware,3928,3658959723,1203430,1198047,4294961913,completed,-12
LoadAware,3929,3658959723,1203630,1198227,4294961893,completed,-12
LoadAware,3930,3658959723,1203830,1198673,4294962139,completed,-12
LoadAware,3931,3658959723,1204030,1198778,4294962044,completed,-12
LoadAware,3932,3658959723,1204230,1198880,4294961946,completed,-12
LoadAware,3933,3658959723,1204434,1198982,4294961844,completed,-12
LoadAware,3934,3658959723,1204634,1199084,4294961746,completed,-12
LoadAware,3935,3658959723,1204834,1199186,4294961648,completed,-12
LoadAware,3936,3658959723,1205034,1199288,4294961550,completed,-12
LoadAware,3937,3658959723,1205234,1199668,4294961730,completed,-12
LoadAware,3938,3658959723,1205435,1199799,4294961660,completed,-12
LoadAware,3939,3658959723,1205635,1199901,4294961562,completed,-12
LoadAware,3940,3658959723,1205835,1200076,4294961537,completed,-12
LoadAware,3941,3658959723,1206035,1200276,4294961537,completed,-12
LoadAware,3942,3658959723,1206237,1200672,4294961731,completed,-12
LoadAware,3943,3658959723,1206439,1200774,4294961631,completed,-12
LoadAware,3944,3658959723,1206639,1200880,4294961537,completed,-12
LoadAware,3945,3658959723,1206839,1201080,4294961537,completed,-12
LoadAware,3946,3658959723,1207039,1201278,4294961535,completed,-12
LoadAware,3947,3658959723,1207239,1201673,4294961730,completed,-12
LoadAware,3948,3658959723,1207440,1201776,4294961632,completed,-12
LoadAware,3949,3658959723,1207640,1201882,4294961538,completed,-12
LoadAware,3950,3658959723,1207840,1202081,4294961537,completed,-12
LoadAware,3951,3658959723,1208040,1202279,4294961535,completed,-12
LoadAware,3952,3658959723,1208240,1202673,4294961729,completed,-12
LoadAware,3953,3658959723,1208440,1202782,4294961638,completed,-12
LoadAware,3954,3658959723,1208640,1202885,4294961541,completed,-12
LoadAware,3955,3658959723,1208840,1203080,4294961536,completed,-12
LoadAware,3956,3658959723,1209040,1203280,4294961536,completed,-12
LoadAware,3957,3658959723,1209240,1203480,4294961536,completed,-12
LoadAware,3958,3658959723,1209446,1203690,4294961540,completed,-12
LoadAware,3959,3658959723,1209646,1203887,4294961537,completed,-12
LoadAware,3960,3658959723,1209846,1204086,4294961536,completed,-12
LoadAware,3961,3658959723,1210046,1204286,4294961536,completed,-12
LoadAware,3962,3658959723,1210437,1204678,4294961537,completed,-12
LoadAware,3963,3658959723,1210637,1204878,4294961537,completed,-12
LoadAware,3964,3658959723,1210837,1205078,4294961537,completed,-12
LoadAware,3965,3658959723,1211037,1205277,4294961536,completed,-12
LoadAware,3966,3658959723,1211237,1205477,4294961536,completed,-12
LoadAware,3967,3658959723,1211446,1205686,4294961536,completed,-12
LoadAware,3968,3658959723,1211646,1205887,4294961537,completed,-12
LoadAware,3969,3658959723,1211846,1206086,4294961536,completed,-12
LoadAware,3970,3658959723,1212046,1206286,4294961536,completed,-12
LoadAware,3971,3658959723,1212246,1206679,4294961729,completed,-12
LoadAware,3972,3658959723,1212446,1206791,4294961641,completed,-12
LoadAware,3973,3658959723,1212646,1206894,4294961544,completed,-12
LoadAware,3974,3658959723,1212846,1207087,4294961537,completed,-12
LoadAware,3975,3658959723,1213046,1207286,4294961536,completed,-12
LoadAware,3976,3658959723,1213246,1207486,4294961536,completed,-12
LoadAware,3977,3658959723,1213448,1207691,4294961539,completed,-12
LoadAware,3978,3658959723,1213648,1207888,4294961536,completed,-12
LoadAware,3979,3658959723,1213848,1208088,4294961536,completed,-12
LoadAware,3980,3658959723,1214048,1208288,4294961536,completed,-12
LoadAware,3981,3658959723,1214248,1208690,4294961738,completed,-12
LoadAware,3982,3658959723,1214448,1208793,4294961641,completed,-12
LoadAware,3983,3658959723,1214648,1208896,4294961544,completed,-12
LoadAware,3984,3658959723,1214848,1209088,4294961536,completed,-12
LoadAware,3985,3658959723,1215048,1209288,4294961536,completed,-12
LoadAware,3986,3658959723,1215248,1209488,4294961536,completed,-12
LoadAware,3987,3658959723,1215450,1209692,4294961538,completed,-13
LoadAware,3988,3658959723,1215650,1209890,4294961536,completed,-13
LoadAware,3989,3658959723,1215850,1210090,4294961536,completed,-13
LoadAware,3990,3658959723,1216050,1210290,4294961536,completed,-13
LoadAware,3991,3658959723,1216250,1210682,4294961728,completed,-13
LoadAware,3992,3658959723,1216450,1210785,4294961631,completed,-13
LoadAware,3993,3658959723,1216650,1210891,4294961537,completed,-13
LoadAware,3994,3658959723,1216850,1211090,4294961536,completed,-13
LoadAware,3995,3658959723,1217050,1211291,4294961537,completed,-13
LoadAware,3996,3658959723,1217250,1211490,4294961536,completed,-13
LoadAware,3997,3658959723,1219648,1214081,4294961729,completed,-13
LoadAware,3998,3658959723,1219848,1214189,4294961637,completed,-13
LoadAware,3999,3658959723,1220048,1214299,4294961547,completed,-13
LoadAware,4000,3658959723,1220248,1214488,4294961536,completed,-13
LoadAware,4001,3658959723,1220448,1214688,4294961536,completed,-13
LoadAware,4002,3658959723,1220648,1214888,4294961536,completed,-13
LoadAware,4003,3658959723,1220849,1215097,4294961544,completed,-13
LoadAware,4004,3658959723,1221049,1215290,4294961537,completed,-13
LoadAware,4005,3658959723,1221249,1215489,4294961536,completed,-13
LoadAware,4006,3658959723,1221449,1215689,4294961536,completed,-12
LoadAware,4007,3658959723,1221649,1215890,4294961537,completed,-12
LoadAware,4008,3658959723,1221853,1216140,4294961583,completed,-12
LoadAware,4009,3658959723,1222053,1216293,4294961536,completed,-12
LoadAware,4010,3658959723,1222253,1216493,4294961536,completed,-12
LoadAware,4011,3658959723,1222453,1216694,4294961537,completed,-12
LoadAware,4012,3658959723,1222653,1217084,4294961727,completed,-12
LoadAware,4013,3658959723,1222853,1217186,4294961629,completed,-12
LoadAware,4014,3658959723,1223053,1217297,4294961540,completed,-12
LoadAware,4015,3658959723,1223253,1217493,4294961536,completed,-12
LoadAware,4016,3658959723,1223453,1217693,4294961536,completed,-13
LoadAware,4017,3658959723,1223653,1217894,4294961537,completed,-13
LoadAware,4018,3658959723,1223857,1218097,4294961536,completed,-13
LoadAware,4019,3658959723,1224057,1218298,4294961537,completed,-13
LoadAware,4020,3658959723,1224257,1218497,4294961536,completed,-13
LoadAware,4021,3658959723,1224457,1218697,4294961536,completed,-13
LoadAware,4022,3658959723,1224657,1219090,4294961729,completed,-13
LoadAware,4023,3658959723,1224857,1219193,4294961632,completed,-13
LoadAware,4024,3658959723,1225057,1219299,4294961538,completed,-13
LoadAware,4025,3658959723,1225257,1219497,4294961536,completed,-13
LoadAware,4026,3658959723,1225457,1219697,4294961536,completed,-13
LoadAware,4027,3658959723,1225658,1220092,4294961730,completed,-13
LoadAware,4028,3658959723,1225858,1220201,4294961639,completed,-13
LoadAware,4029,3658959723,1226058,1220304,4294961542,completed,-13
LoadAware,4030,3658959723,1226258,1220499,4294961537,completed,-13
LoadAware,4031,3658959723,1226458,1220699,4294961537,completed,-13
LoadAware,4032,3658959723,1226658,1220898,4294961536,completed,-13
LoadAware,4033,3658959723,1226859,1221102,4294961539,completed,-13
LoadAware,4034,3658959723,1227059,1221299,4294961536,completed,-13
LoadAware,4035,3658959723,1227259,1221499,4294961536,completed,-13
LoadAware,4036,3658959723,1227459,1221701,4294961538,completed,-12
LoadAware,4037,3658959723,1227660,1221901,4294961537,completed,-12
LoadAware,4038,3658959723,1227866,1222109,4294961539,completed,-12
LoadAware,4039,3658959723,1228066,1222306,4294961536,completed,-12
LoadAware,4040,3658959723,1228266,1222507,4294961537,completed,-12
LoadAware,4041,3658959723,1228468,1222732,4294961560,completed,-12
LoadAware,4042,3658959723,1228668,1223102,4294961730,completed,-12
LoadAware,4043,3658959723,1228868,1223208,4294961636,completed,-12
LoadAware,4044,3658959723,1229068,1223311,4294961539,completed,-12
LoadAware,4045,3658959723,1229268,1223509,4294961537,completed,-12
LoadAware,4046,3658959723,1229470,1223712,4294961538,completed,-12
LoadAware,4047,3658959723,1229670,1224104,4294961730,completed,-12
LoadAware,4048,3658959723,1229870,1224206,4294961632,completed,-12
LoadAware,4049,3658959723,1230070,1224313,4294961539,completed,-12
LoadAware,4050,3658959723,1230270,1224510,4294961536,completed,-12
LoadAware,4051,3658959723,1230470,1224744,4294961570,completed,-12
LoadAware,4052,3658959723,1230670,1225104,4294961730,completed,-12
LoadAware,4053,3658959723,1230870,1225213,4294961639,completed,-12
LoadAware,4054,3658959723,1231070,1225315,4294961541,completed,-12
LoadAware,4055,3658959723,1231270,1225511,4294961537,completed,-13
LoadAware,4056,3658959723,1231470,1225711,4294961537,completed,-13
LoadAware,4057,3658959723,1231670,1226105,4294961731,completed,-13
LoadAware,4058,3658959723,1231870,1226216,4294961642,completed,-13
LoadAware,4059,3658959723,1232070,1226319,4294961545,completed,-13
LoadAware,4060,3658959723,1232270,1226512,4294961538,completed,-13
LoadAware,4061,3658959723,1232470,1226711,4294961537,completed,-13
LoadAware,4062,3658959723,1232670,1226910,4294961536,completed,-13
LoadAware,4063,3658959723,1232871,1227115,4294961540,completed,-13
LoadAware,4064,3658959723,1233071,1227311,4294961536,completed,-13
LoadAware,4065,3658959723,1233271,1227511,4294961536,completed,-13
LoadAware,4066,3658959723,1233471,1227712,4294961537,completed,-13
LoadAware,4067,3658959723,1233671,1227910,4294961535,completed,-13
LoadAware,4068,3658959723,1233872,1228116,4294961540,completed,-13
LoadAware,4069,3658959723,1234072,1228312,4294961536,completed,-13
LoadAware,4070,3658959723,1234272,1228512,4294961536,completed,-13
LoadAware,4071,3658959723,1234472,1228714,4294961538,completed,-13
LoadAware,4080,3037662008,1238474,1232710,4294961532,completed,-28
LoadAware,4081,3037662008,1238674,1232910,4294961532,completed,-28
LoadAware,4082,3037662008,1238874,1233109,4294961531,completed,-28
LoadAware,4083,3037662008,1239074,1233309,4294961531,completed,-28
LoadAware,4084,3037662008,1239277,1233598,4294961617,completed,-28
LoadAware,4085,3037662008,1239477,1233717,4294961536,completed,-28
LoadAware,4072,3037662008,1239673,1233908,4294961531,completed,-28
LoadAware,4086,3037662008,1239677,1234011,4294961630,completed,-28
LoadAware,4073,3037662008,1239873,1234114,4294961537,completed,-28
LoadAware,4087,3037662008,1239877,1234217,4294961636,completed,-28
LoadAware,4088,3037662008,1240077,1234506,4294961725,completed,-28
LoadAware,4089,3037662008,1240277,1234609,4294961628,completed,-28
LoadAware,4090,3037662008,1240481,1234717,4294961532,completed,-28
LoadAware,4091,3037662008,1240681,1234949,4294961564,completed,-28
LoadAware,4074,3658959723,1237072,1231508,4294961732,completed,-12
LoadAware,4075,3658959723,1237272,1232038,4294962062,completed,-12
LoadAware,4076,3658959723,1237477,1232140,4294961959,completed,-12
LoadAware,4077,3658959723,1237677,1232290,4294961909,completed,-12
LoadAware,4078,3658959723,1237877,1232564,4294961983,completed,-12
LoadAware,4079,3658959723,1238268,1232838,4294961866,completed,-12
LoadAware,4092,3658959723,1240881,1235122,4294961537,completed,-11
LoadAware,4093,3658959723,1241277,1235526,4294961545,completed,-14
LoadAware,4094,3658959723,1241477,1235719,4294961538,completed,-14
LoadAware,4095,3658959723,1241677,1235918,4294961537,completed,-14
LoadAware,4096,3658959723,1241877,1236127,4294961546,completed,-14
LoadAware,4097,3658959723,1242077,1236319,4294961538,completed,-14
LoadAware,4098,3658959723,1242277,1236538,4294961557,completed,-14
LoadAware,4099,3658959723,1242477,1236719,4294961538,completed,-14
LoadAware,4100,3658959723,1242677,1236917,4294961536,completed,-14
LoadAware,4101,3658959723,1242877,1237117,4294961536,completed,-14
LoadAware,4102,3658959723,1243077,1237318,4294961537,completed,-14
LoadAware,4103,3658959723,1243281,1237523,4294961538,completed,-12
LoadAware,4104,3658959723,1243481,1237732,4294961547,completed,-12
LoadAware,4105,3658959723,1243681,1237933,4294961548,completed,-12
LoadAware,4106,3658959723,1243881,1238121,4294961536,completed,-12
LoadAware,4107,3658959723,1244081,1238528,4294961743,completed,-12
LoadAware,4108,3658959723,1244281,1238631,4294961646,completed,-12
LoadAware,4109,3658959723,1244481,1238739,4294961554,completed,-12
LoadAware,4110,3658959723,1244681,1238933,4294961548,completed,-12
LoadAware,4111,3658959723,1244881,1239126,4294961541,completed,-12
LoadAware,4112,3658959723,1245082,1239524,4294961738,completed,-12
LoadAware,4113,3658959723,1245282,1239630,4294961644,completed,-12
LoadAware,4114,3658959723,1245482,1239734,4294961548,completed,-12
LoadAware,4115,3658959723,1245682,1239922,4294961536,completed,-12
LoadAware,4116,3658959723,1245882,1240133,4294961547,completed,-12
LoadAware,4117,3658959723,1246082,1240330,4294961544,completed,-12
LoadAware,4118,3658959723,1246283,1240525,4294961538,completed,-12
LoadAware,4119,3658959723,1246483,1240743,4294961556,completed,-12
LoadAware,4120,3658959723,1246683,1240923,4294961536,completed,-12
LoadAware,4121,3658959723,1246883,1241128,4294961541,completed,-12
LoadAware,4122,3658959723,1247084,1241517,4294961729,completed,-13
LoadAware,4123,3658959723,1247284,1241644,4294961656,completed,-13
LoadAware,4124,3658959723,1247484,1241747,4294961559,completed,-13
LoadAware,4125,3658959723,1247684,1241925,4294961537,completed,-13
LoadAware,4126,3658959723,1247884,1242124,4294961536,completed,-13
LoadAware,4127,3658959723,1248084,1242324,4294961536,completed,-13
LoadAware,4128,3658959723,1248285,1242527,4294961538,completed,-13
LoadAware,4129,3658959723,1248485,1242749,4294961560,completed,-13
LoadAware,4130,3658959723,1248685,1242933,4294961544,completed,-13
LoadAware,4131,3658959723,1248885,1243131,4294961542,completed,-13
LoadAware,4132,3658959723,1249085,1243553,4294961764,completed,-13
LoadAware,4133,3658959723,1249285,1243656,4294961667,completed,-13
LoadAware,4134,3658959723,1249485,1243759,4294961570,completed,-13
LoadAware,4135,3658959723,1249685,1243928,4294961539,completed,-13
LoadAware,4136,3658959723,1249885,1244128,4294961539,completed,-13
LoadAware,4137,3658959723,1250085,1244325,4294961536,completed,-13
LoadAware,4138,3658959723,1250287,1244536,4294961545,completed,-13
LoadAware,4139,3658959723,1250487,1244735,4294961544,completed,-13
LoadAware,4140,3658959723,1250687,1244927,4294961536,completed,-13
LoadAware,4141,3658959723,1250887,1245127,4294961536,completed,-13
LoadAware,4142,3658959723,1251087,1245526,4294961735,completed,-12
LoadAware,4143,3658959723,1251287,1245629,4294961638,completed,-12
LoadAware,4144,3037662008,1251487,1245722,4294961531,completed,-29
LoadAware,4145,3037662008,1251687,1245923,4294961532,completed,-29
LoadAware,4146,3037662008,1251887,1246122,4294961531,completed,-29
LoadAware,4153,3658959723,1255680,1249947,4294961563,completed,-12
LoadAware,4154,3658959723,1255880,1250123,4294961539,completed,-12
LoadAware,4155,3658959723,1256080,1250328,4294961544,completed,-12
LoadAware,4156,3658959723,1256280,1250524,4294961540,completed,-12
LoadAware,4147,3037662008,1252087,1246321,4294961530,completed,-29
LoadAware,4157,3658959723,1256481,1251038,4294961853,completed,-12
LoadAware,4148,3037662008,1254479,1248936,4294961753,completed,-26
LoadAware,4158,3658959723,1256684,1251146,4294961758,completed,-12
LoadAware,4159,3658959723,1256884,1251265,4294961677,completed,-12
LoadAware,4149,3037662008,1254685,1249247,4294961858,completed,-26
LoadAware,4160,3658959723,1257084,1251398,4294961610,completed,-12
LoadAware,4150,3037662008,1254885,1249349,4294961760,completed,-26
LoadAware,4161,3658959723,1257284,1251549,4294961561,completed,-12
LoadAware,4162,3658959723,1257484,1251920,4294961732,completed,-12
LoadAware,4163,3658959723,1257684,1252023,4294961635,completed,-12
LoadAware,4151,3037662008,1255085,1249520,4294961731,completed,-28
LoadAware,4164,3658959723,1257884,1252129,4294961541,completed,-12
LoadAware,4165,3658959723,1258084,1252327,4294961539,completed,-12
LoadAware,4152,3037662008,1255285,1249913,4294961924,completed,-28
LoadAware,4166,3658959723,1258284,1252524,4294961536,completed,-12
LoadAware,4167,3658959723,1258484,1252935,4294961747,completed,-12
LoadAware,4168,3658959723,1258684,1253175,4294961787,completed,-12
LoadAware,4169,3658959723,1258884,1253285,4294961697,completed,-12
LoadAware,4170,3658959723,1259084,1253388,4294961600,completed,-12
LoadAware,4171,3658959723,1259284,1253525,4294961537,completed,-13
LoadAware,4172,3658959723,1259484,1253925,4294961737,completed,-13
LoadAware,4173,3658959723,1259684,1254029,4294961641,completed,-13
LoadAware,4174,3658959723,1259884,1254132,4294961544,completed,-13
LoadAware,4175,3658959723,1260084,1254324,4294961536,completed,-13
LoadAware,4176,3658959723,1260284,1254526,4294961538,completed,-13
LoadAware,4177,3658959723,1260484,1254919,4294961731,completed,-13
LoadAware,4178,3658959723,1260684,1255087,4294961699,completed,-13
LoadAware,4179,3658959723,1260884,1255190,4294961602,completed,-13
LoadAware,4180,3658959723,1261084,1255325,4294961537,completed,-13
LoadAware,4181,3658959723,1261284,1255525,4294961537,completed,-13
LoadAware,4182,3658959723,1261484,1255945,4294961757,completed,-13
LoadAware,4183,3658959723,1261684,1256067,4294961679,completed,-13
LoadAware,4184,3658959723,1261884,1256170,4294961582,completed,-13
LoadAware,4185,3658959723,1262084,1256325,4294961537,completed,-13
LoadAware,4186,3658959723,1262284,1256524,4294961536,completed,-13
LoadAware,4187,3658959723,1262484,1258202,4294963014,completed,-12
LoadAware,4188,3658959723,1262694,1258328,4294962930,completed,-12
LoadAware,4189,3658959723,1262894,1258431,4294962833,completed,-12
LoadAware,4190,3658959723,1263094,1258534,4294962736,completed,-12
LoadAware,4191,3658959723,1263294,1258637,4294962639,completed,-12
LoadAware,4192,3658959723,1263494,1258740,4294962542,completed,-12
LoadAware,4193,3658959723,1263694,1258841,4294962443,completed,-12
LoadAware,4194,3658959723,1263894,1258942,4294962344,completed,-12
LoadAware,4195,3658959723,1264094,1259044,4294962246,completed,-12
LoadAware,4196,3658959723,1264294,1259146,4294962148,completed,-12
LoadAware,4197,3658959723,1264494,1259340,4294962142,completed,-12
LoadAware,4198,3658959723,1264697,1259443,4294962042,completed,-12
LoadAware,4199,3658959723,1264897,1259546,4294961945,completed,-12
LoadAware,4200,3658959723,1265097,1259647,4294961846,completed,-12
LoadAware,4202,3037662008,1265497,1259951,4294961750,completed,-30
LoadAware,4203,3037662008,1265697,1260054,4294961653,completed,-30
LoadAware,4204,3037662008,1265897,1260157,4294961556,completed,-30
LoadAware,4201,3658959723,1265297,1259749,4294961748,completed,-12
LoadAware,4205,3037662008,1266097,1260333,4294961532,completed,-30
LoadAware,4206,3037662008,1266297,1260532,4294961531,completed,-30
LoadAware,4207,3037662008,1266497,1260928,4294961727,completed,-30
LoadAware,4208,3037662008,1266697,1261036,4294961635,completed,-30
LoadAware,4209,3037662008,1266897,1261151,4294961550,completed,-30
LoadAware,4210,3037662008,1267097,1261334,4294961533,completed,-30
LoadAware,4212,3658959723,1267497,1261740,4294961539,completed,-12
LoadAware,4211,3037662008,1267297,1261532,4294961531,completed,-29
LoadAware,4213,3658959723,1267705,1261947,4294961538,completed,-12
LoadAware,4214,3658959723,1267905,1262150,4294961541,completed,-12
LoadAware,4215,3658959723,1268105,1262347,4294961538,completed,-12
LoadAware,4216,3658959723,1268305,1262545,4294961536,completed,-12
LoadAware,4217,3658959723,1268695,1262936,4294961537,completed,-12
LoadAware,4218,3658959723,1268895,1263135,4294961536,completed,-12
LoadAware,4219,3658959723,1269095,1263336,4294961537,completed,-12
LoadAware,4220,3658959723,1269295,1263535,4294961536,completed,-12
LoadAware,4221,3658959723,1269495,1263740,4294961541,completed,-12
LoadAware,4222,3658959723,1269703,1263949,4294961542,completed,-12
LoadAware,4223,3658959723,1271905,1266339,4294961730,completed,-12
LoadAware,4224,3658959723,1272107,1266441,4294961630,completed,-12
LoadAware,4225,3658959723,1272307,1266636,4294961625,completed,-12
LoadAware,4226,3658959723,1272507,1266889,4294961678,completed,-12
LoadAware,4227,3658959723,1272707,1266991,4294961580,completed,-12
LoadAware,4228,3658959723,1272907,1267340,4294961729,completed,-12
LoadAware,4229,3658959723,1273109,1267443,4294961630,completed,-12
LoadAware,4230,3658959723,1273309,1267550,4294961537,completed,-12
LoadAware,4231,3658959723,1273509,1267749,4294961536,completed,-12
LoadAware,4232,3658959723,1273709,1267949,4294961536,completed,-12
LoadAware,4233,3658959723,1273910,1268345,4294961731,completed,-12
LoadAware,4234,3658959723,1274110,1268454,4294961640,completed,-12
LoadAware,4235,3658959723,1274310,1268557,4294961543,completed,-12
LoadAware,4236,3658959723,1274510,1268750,4294961536,completed,-12
LoadAware,4237,3658959723,1274710,1268951,4294961537,completed,-12
LoadAware,4238,3658959723,1274910,1269150,4294961536,completed,-12
LoadAware,4239,3658959723,1275110,1269352,4294961538,completed,-12
LoadAware,4240,3658959723,1275310,1269550,4294961536,completed,-13
LoadAware,4241,3658959723,1275510,1269751,4294961537,completed,-13
LoadAware,4242,3658959723,1275710,1269950,4294961536,completed,-13
LoadAware,4243,3658959723,1275912,1270411,4294961795,completed,-13
LoadAware,4244,3658959723,1276112,1270519,4294961703,completed,-13
LoadAware,4245,3658959723,1276312,1270628,4294961612,completed,-13
LoadAware,4246,3658959723,1276512,1270753,4294961537,completed,-13
LoadAware,4247,3658959723,1276712,1270952,4294961536,completed,-13
LoadAware,4248,3658959723,1276912,1271152,4294961536,completed,-13
LoadAware,4249,3658959723,1277114,1271358,4294961540,completed,-13
LoadAware,4250,3658959723,1277314,1271560,4294961542,completed,-13
LoadAware,4251,3658959723,1277514,1271767,4294961549,completed,-13
LoadAware,4252,3658959723,1277714,1271954,4294961536,completed,-13
LoadAware,4253,3658959723,1277914,1272349,4294961731,completed,-13
LoadAware,4254,3658959723,1278114,1272457,4294961639,completed,-13
LoadAware,4255,3658959723,1278314,1272567,4294961549,completed,-13
LoadAware,4256,3658959723,1278514,1272754,4294961536,completed,-13
LoadAware,4257,3658959723,1278714,1272965,4294961547,completed,-13
LoadAware,4258,3658959723,1278914,1273154,4294961536,completed,-13
LoadAware,4259,3658959723,1279115,1273358,4294961539,completed,-13
LoadAware,4260,3658959723,1279315,1273556,4294961537,completed,-12
LoadAware,4261,3658959723,1279515,1273757,4294961538,completed,-12
LoadAware,4262,3658959723,1279715,1273955,4294961536,completed,-12
LoadAware,4263,3658959723,1279915,1274350,4294961731,completed,-12
LoadAware,4264,3658959723,1280115,1274455,4294961636,completed,-12
LoadAware,4265,3658959723,1280315,1274558,4294961539,completed,-12
LoadAware,4266,3658959723,1280515,1274757,4294961538,completed,-12
LoadAware,4267,3658959723,1280715,1274956,4294961537,completed,-12
LoadAware,4268,3658959723,1280915,1275156,4294961537,completed,-12
LoadAware,4269,3658959723,1281117,1275363,4294961542,completed,-12
LoadAware,4270,3658959723,1281317,1275557,4294961536,completed,-12
LoadAware,4271,3658959723,1281517,1275759,4294961538,completed,-12
LoadAware,4272,3658959723,1281717,1275957,4294961536,completed,-12
LoadAware,4273,3658959723,1281917,1276359,4294961738,completed,-12
LoadAware,4274,3658959723,1282117,1276462,4294961641,completed,-12
LoadAware,4275,3658959723,1282317,1276565,4294961544,completed,-12
LoadAware,4276,3658959723,1282517,1276757,4294961536,completed,-12
LoadAware,4277,3658959723,1282717,1276957,4294961536,completed,-12
LoadAware,4278,3658959723,1282917,1277163,4294961542,completed,-12
LoadAware,4279,3658959723,1283119,1277368,4294961545,completed,-12
LoadAware,4280,3658959723,1283319,1277569,4294961546,completed,-12
LoadAware,4281,3658959723,1283519,1277760,4294961537,completed,-12
LoadAware,4282,3658959723,1283719,1277980,4294961557,completed,-12
LoadAware,4283,3658959723,1283919,1278364,4294961741,completed,-12
LoadAware,4284,3658959723,1284119,1278467,4294961644,completed,-12
LoadAware,4285,3658959723,1284319,1278570,4294961547,completed,-12
LoadAware,4286,3658959723,1284519,1278764,4294961541,completed,-12
LoadAware,4287,3658959723,1284719,1278959,4294961536,completed,-12
LoadAware,4288,3658959723,1284919,1279205,4294961582,completed,-12
LoadAware,4289,3658959723,1285121,1279364,4294961539,completed,-12
LoadAware,4290,3658959723,1285321,1279564,4294961539,completed,-12
LoadAware,4291,3658959723,1285521,1279770,4294961545,completed,-12
LoadAware,4292,3658959723,1285721,1279962,4294961537,completed,-12
LoadAware,4293,3658959723,1285921,1280419,4294961794,completed,-12
LoadAware,4294,3658959723,1286121,1280527,4294961702,completed,-12
LoadAware,4295,3658959723,1286321,1280637,4294961612,completed,-12
LoadAware,4296,3658959723,1286521,1280762,4294961537,completed,-12
LoadAware,4297,3658959723,1286721,1280992,4294961567,completed,-12
LoadAware,4298,3658959723,1286921,1281171,4294961546,completed,-12
LoadAware,4299,3658959723,1287121,1283559,4294963734,completed,-13
LoadAware,4300,3658959723,1289318,1283784,4294961762,completed,-13
LoadAware,4301,3658959723,1289522,1283886,4294961660,completed,-13
LoadAware,4302,3658959723,1289722,1283987,4294961561,completed,-13
LoadAware,4303,3658959723,1289922,1284162,4294961536,completed,-13
LoadAware,4304,3658959723,1290122,1284367,4294961541,completed,-13
LoadAware,4305,3658959723,1290322,1284758,4294961732,completed,-13
LoadAware,4306,3658959723,1290526,1284861,4294961631,completed,-13
LoadAware,4307,3658959723,1290726,1284968,4294961538,completed,-13
LoadAware,4308,3658959723,1290926,1285186,4294961556,completed,-13
LoadAware,4309,3658959723,1291126,1285367,4294961537,completed,-13
LoadAware,4310,3658959723,1291529,1285950,4294961717,completed,-13
LoadAware,4311,3658959723,1291729,1286053,4294961620,completed,-13
LoadAware,4312,3658959723,1291929,1286169,4294961536,completed,-13
LoadAware,4313,3658959723,1292129,1286370,4294961537,completed,-13
LoadAware,4314,3658959723,1292520,1286782,4294961558,completed,-13
LoadAware,4315,3658959723,1292720,1286961,4294961537,completed,-13
LoadAware,4316,3658959723,1292920,1287164,4294961540,completed,-13
LoadAware,4317,3658959723,1293120,1287390,4294961566,completed,-13
LoadAware,4318,3658959723,1293320,1287589,4294961565,completed,-13
LoadAware,4319,3658959723,1293532,1287793,4294961557,completed,-13
LoadAware,4320,3658959723,1293732,1287973,4294961537,completed,-13
LoadAware,4321,3658959723,1293932,1288173,4294961537,completed,-13
LoadAware,4322,3658959723,1294132,1288372,4294961536,completed,-13
LoadAware,4323,3658959723,1294521,1288770,4294961545,completed,-13
LoadAware,4324,3658959723,1294721,1288964,4294961539,completed,-13
LoadAware,4325,3658959723,1294921,1289168,4294961543,completed,-13
LoadAware,4326,3658959723,1295121,1289362,4294961537,completed,-13
LoadAware,4327,3658959723,1295321,1289562,4294961537,completed,-12
LoadAware,4328,3658959723,1295538,1289876,4294961634,completed,-12
LoadAware,4329,3658959723,1295738,1290032,4294961590,completed,-12
LoadAware,4330,3658959723,1295938,1290181,4294961539,completed,-12
LoadAware,4331,3658959723,1296138,1290380,4294961538,completed,-12
LoadAware,4332,3658959723,1296524,1290767,4294961539,completed,-12
LoadAware,SUMMARY,ALL,0,0,120000,batch_complete,0
----------------,---,---,---,---,---,----------------,---
LoadAware,4333,3658959723,1317950,1312191,4294961537,completed,-11
LoadAware,4334,3658959723,1318150,1312391,4294961537,completed,-11
LoadAware,4335,3658959723,1318350,1312591,4294961537,completed,-11
LoadAware,4336,3658959723,1318550,1312790,4294961536,completed,-11
LoadAware,4337,3658959723,1318943,1313185,4294961538,completed,-11
LoadAware,4338,3658959723,1319143,1313384,4294961537,completed,-11
LoadAware,4339,3658959723,1319343,1313583,4294961536,completed,-11
LoadAware,4340,3658959723,1319543,1313785,4294961538,completed,-11
LoadAware,4341,3658959723,1319743,1313984,4294961537,completed,-11
LoadAware,4342,3658959723,1319948,1314191,4294961539,completed,-11
LoadAware,4343,3658959723,1320148,1314389,4294961537,completed,-11
LoadAware,4344,3658959723,1320348,1314590,4294961538,completed,-11
LoadAware,4345,3658959723,1320548,1314789,4294961537,completed,-11
LoadAware,4346,3658959723,1320748,1315183,4294961731,completed,-11
LoadAware,4347,3658959723,1320948,1315293,4294961641,completed,-11
LoadAware,4348,3658959723,1321148,1315396,4294961544,completed,-11
LoadAware,4349,3658959723,1321348,1315606,4294961554,completed,-12
LoadAware,4350,3658959723,1321548,1315789,4294961537,completed,-12
LoadAware,4351,3658959723,1321748,1315989,4294961537,completed,-12
LoadAware,4352,3658959723,1324141,1318580,4294961735,completed,-10
LoadAware,4353,3658959723,1324348,1318757,4294961705,completed,-10
LoadAware,4354,3658959723,1324548,1319033,4294961781,completed,-10
LoadAware,4355,3658959723,1324748,1319307,4294961855,completed,-10
LoadAware,4356,3658959723,1324948,1319584,4294961932,completed,-9
LoadAware,4365,3037662008,1326940,1321176,4294961532,completed,-25
LoadAware,4357,3658959723,1325337,1319685,4294961644,completed,-9
LoadAware,4366,3037662008,1327140,1321376,4294961532,completed,-25
LoadAware,4367,3037662008,1327348,1321590,4294961538,completed,-27
LoadAware,4358,3658959723,1325537,1319858,4294961617,completed,-9
LoadAware,4359,3658959723,1325737,1320134,4294961693,completed,-9
LoadAware,4368,3037662008,1327548,1321787,4294961535,completed,-27
LoadAware,4369,3037662008,1327748,1321984,4294961532,completed,-27
LoadAware,4360,3658959723,1325937,1320578,4294961937,completed,-9
LoadAware,4370,3037662008,1327948,1322183,4294961531,completed,-27
LoadAware,4361,3658959723,1326137,1320685,4294961844,completed,-9
LoadAware,4362,3658959723,1326340,1320872,4294961828,completed,-9
LoadAware,4371,3037662008,1328148,1322789,4294961937,completed,-27
LoadAware,4372,3037662008,1328348,1322899,4294961847,completed,-27
LoadAware,4373,3037662008,1328548,1323002,4294961750,completed,-27
LoadAware,4363,3658959723,1326540,1320974,4294961730,completed,-9
LoadAware,4364,3658959723,1326740,1321076,4294961632,completed,-9
LoadAware,4374,3037662008,1328748,1323105,4294961653,completed,-27
LoadAware,4375,3037662008,1328948,1323208,4294961556,completed,-27
LoadAware,4376,3037662008,1329148,1323579,4294961727,completed,-28
LoadAware,4378,3658959723,1329552,1323794,4294961538,completed,-10
LoadAware,4379,3658959723,1329752,1323993,4294961537,completed,-10
LoadAware,4377,3037662008,1329352,1323680,4294961624,completed,-28
LoadAware,4380,3658959723,1329952,1324193,4294961537,completed,-10
LoadAware,4381,3658959723,1330344,1324585,4294961537,completed,-10
LoadAware,4382,3658959723,1330544,1324786,4294961538,completed,-10
LoadAware,4383,3658959723,1330744,1324985,4294961537,completed,-10
LoadAware,4384,3658959723,1330944,1325185,4294961537,completed,-10
LoadAware,4385,3658959723,1331144,1325385,4294961537,completed,-10
LoadAware,4386,3658959723,1331349,1325597,4294961544,completed,-10
LoadAware,4387,3658959723,1331549,1325794,4294961541,completed,-10
LoadAware,4388,3658959723,1331749,1325990,4294961537,completed,-10
LoadAware,4389,3658959723,1331949,1326189,4294961536,completed,-10
LoadAware,4390,3658959723,1332150,1326585,4294961731,completed,-10
LoadAware,4391,3658959723,1332350,1326694,4294961640,completed,-10
LoadAware,4392,3658959723,1332550,1326796,4294961542,completed,-10
LoadAware,4393,3658959723,1332750,1326991,4294961537,completed,-10
LoadAware,4394,3658959723,1332950,1327190,4294961536,completed,-10
LoadAware,4395,3658959723,1333150,1327391,4294961537,completed,-10
LoadAware,4396,3658959723,1333351,1327596,4294961541,completed,-10
LoadAware,4397,3658959723,1333551,1327795,4294961540,completed,-10
LoadAware,4398,3658959723,1333751,1327993,4294961538,completed,-10
LoadAware,4399,3658959723,1333951,1328192,4294961537,completed,-10
LoadAware,4400,3658959723,1334151,1328607,4294961752,completed,-10
LoadAware,4401,3658959723,1334351,1328710,4294961655,completed,-10
LoadAware,4402,3658959723,1334551,1328812,4294961557,completed,-10
LoadAware,4403,3658959723,1334751,1329008,4294961553,completed,-10
LoadAware,4404,3658959723,1334951,1329192,4294961537,completed,-10
LoadAware,4405,3658959723,1335151,1329393,4294961538,completed,-10
LoadAware,4406,3658959723,1335354,1329604,4294961546,completed,-13
LoadAware,4407,3658959723,1335554,1329796,4294961538,completed,-13
LoadAware,4408,3658959723,1335754,1329995,4294961537,completed,-13
LoadAware,4409,3658959723,1335954,1330194,4294961536,completed,-13
LoadAware,4410,3658959723,1336154,1330394,4294961536,completed,-13
LoadAware,4411,3658959723,1336355,1330599,4294961540,completed,-13
LoadAware,4412,3658959723,1336555,1330796,4294961537,completed,-13
LoadAware,4413,3658959723,1336755,1330995,4294961536,completed,-13
LoadAware,4414,3658959723,1336955,1331197,4294961538,completed,-13
LoadAware,4415,3658959723,1337155,1331396,4294961537,completed,-13
LoadAware,4416,3658959723,1337356,1331601,4294961541,completed,-12
LoadAware,4417,3658959723,1337556,1331797,4294961537,completed,-12
LoadAware,4418,3658959723,1337756,1331999,4294961539,completed,-12
LoadAware,4419,3658959723,1337956,1332198,4294961538,completed,-12
LoadAware,4420,3658959723,1338156,1332592,4294961732,completed,-12
LoadAware,4421,3658959723,1338356,1332701,4294961641,completed,-12
LoadAware,4422,3658959723,1338556,1332819,4294961559,completed,-12
LoadAware,4423,3658959723,1338756,1332997,4294961537,completed,-12
LoadAware,4424,3658959723,1338956,1333196,4294961536,completed,-12
LoadAware,4431,3037662008,1342554,1336790,4294961532,completed,-27
LoadAware,4432,3037662008,1342754,1336989,4294961531,completed,-27
LoadAware,4433,3037662008,1342954,1337189,4294961531,completed,-27
LoadAware,4434,3037662008,1343154,1337430,4294961572,completed,-27
LoadAware,4435,3037662008,1343354,1337591,4294961533,completed,-28
LoadAware,4436,3037662008,1343554,1337792,4294961534,completed,-28
LoadAware,4437,3037662008,1343762,1338001,4294961535,completed,-28
LoadAware,4438,3037662008,1343962,1338197,4294961531,completed,-28
LoadAware,4425,3037662008,1344157,1338393,4294961532,completed,-28
LoadAware,4439,3037662008,1344162,1338497,4294961631,completed,-28
LoadAware,4440,3037662008,1344362,1338600,4294961534,completed,-28
LoadAware,4441,3037662008,1344562,1338797,4294961531,completed,-28
LoadAware,4442,3037662008,1344764,1339002,4294961534,completed,-28
LoadAware,4443,3037662008,1344964,1339200,4294961532,completed,-28
LoadAware,4426,3658959723,1341554,1335994,4294961736,completed,-12
LoadAware,4427,3658959723,1341754,1336408,4294961950,completed,-12
LoadAware,4428,3658959723,1341954,1336510,4294961852,completed,-12
LoadAware,4429,3658959723,1342154,1336681,4294961823,completed,-12
LoadAware,4430,3658959723,1342354,1336990,4294961932,completed,-12
LoadAware,4444,3658959723,1345164,1339406,4294961538,completed,-10
LoadAware,4445,3658959723,1345364,1339606,4294961538,completed,-10
LoadAware,4446,3658959723,1345568,1340005,4294961733,completed,-10
LoadAware,4447,3658959723,1345771,1340107,4294961632,completed,-10
LoadAware,4448,3658959723,1345971,1340214,4294961539,completed,-10
LoadAware,4449,3658959723,1346171,1340413,4294961538,completed,-10
LoadAware,4450,3658959723,1346371,1340611,4294961536,completed,-10
LoadAware,4451,3658959723,1346571,1341009,4294961734,completed,-10
LoadAware,4452,3658959723,1346771,1341115,4294961640,completed,-10
LoadAware,4453,3658959723,1346971,1341217,4294961542,completed,-10
LoadAware,4454,3658959723,1347171,1341411,4294961536,completed,-10
LoadAware,4455,3658959723,1347371,1341611,4294961536,completed,-11
LoadAware,4456,3658959723,1347571,1341811,4294961536,completed,-11
LoadAware,4457,3658959723,1347771,1342017,4294961542,completed,-11
LoadAware,4458,3658959723,1347971,1342212,4294961537,completed,-11
LoadAware,4459,3658959723,1348171,1342412,4294961537,completed,-11
LoadAware,4460,3658959723,1348371,1342611,4294961536,completed,-11
LoadAware,4461,3658959723,1348571,1342812,4294961537,completed,-11
LoadAware,4462,3658959723,1348772,1343016,4294961540,completed,-11
LoadAware,4463,3658959723,1348972,1343213,4294961537,completed,-11
LoadAware,4464,3658959723,1349172,1343412,4294961536,completed,-11
LoadAware,4465,3658959723,1349372,1343613,4294961537,completed,-10
LoadAware,4466,3658959723,1349572,1344009,4294961733,completed,-10
LoadAware,4467,3658959723,1349772,1344113,4294961637,completed,-10
LoadAware,4468,3658959723,1349972,1344216,4294961540,completed,-10
LoadAware,4469,3658959723,1350172,1344413,4294961537,completed,-10
LoadAware,4470,3658959723,1350372,1344613,4294961537,completed,-10
LoadAware,4471,3658959723,1350572,1344814,4294961538,completed,-10
LoadAware,4472,3658959723,1350774,1345017,4294961539,completed,-10
LoadAware,4473,3658959723,1350974,1345214,4294961536,completed,-10
LoadAware,4474,3658959723,1351174,1345418,4294961540,completed,-10
LoadAware,4475,3658959723,1351374,1345618,4294961540,completed,-10
LoadAware,4476,3658959723,1351575,1346008,4294961729,completed,-10
LoadAware,4477,3658959723,1351775,1346117,4294961638,completed,-10
LoadAware,4478,3658959723,1351975,1346220,4294961541,completed,-10
LoadAware,4479,3658959723,1352175,1346416,4294961537,completed,-10
LoadAware,4480,3658959723,1352375,1346617,4294961538,completed,-10
LoadAware,4481,3658959723,1352575,1346816,4294961537,completed,-10
LoadAware,4482,3658959723,1352777,1347019,4294961538,completed,-10
LoadAware,4483,3658959723,1352977,1347218,4294961537,completed,-10
LoadAware,4484,3658959723,1353177,1347419,4294961538,completed,-10
LoadAware,4485,3658959723,1353377,1347617,4294961536,completed,-10
LoadAware,4486,3658959723,1353577,1348031,4294961750,completed,-10
LoadAware,4487,3658959723,1353777,1348140,4294961659,completed,-10
LoadAware,4488,3658959723,1353977,1348243,4294961562,completed,-10
LoadAware,4489,3658959723,1354177,1348418,4294961537,completed,-10
LoadAware,4490,3658959723,1354377,1348618,4294961537,completed,-10
LoadAware,4491,3658959723,1354577,1348818,4294961537,completed,-10
LoadAware,4492,3658959723,1354779,1349022,4294961539,completed,-10
LoadAware,4493,3658959723,1354979,1349220,4294961537,completed,-10
LoadAware,4494,3658959723,1355179,1349420,4294961537,completed,-10
LoadAware,4495,3658959723,1355379,1349619,4294961536,completed,-11
LoadAware,4496,3658959723,1355579,1350015,4294961732,completed,-11
LoadAware,4497,3658959723,1355779,1350120,4294961637,completed,-11
LoadAware,4498,3658959723,1355979,1350223,4294961540,completed,-11
LoadAware,4499,3658959723,1356179,1350423,4294961540,completed,-11
LoadAware,4500,3658959723,1356379,1350619,4294961536,completed,-11
LoadAware,4501,3658959723,1356579,1350821,4294961538,completed,-11
LoadAware,4502,3658959723,1356779,1351020,4294961537,completed,-11
LoadAware,4503,3658959723,1358981,1353419,4294961734,completed,-10
LoadAware,4504,3658959723,1359186,1353522,4294961632,completed,-10
LoadAware,4505,3658959723,1359386,1353629,4294961539,completed,-10
LoadAware,4506,3658959723,1359586,1353828,4294961538,completed,-10
LoadAware,4507,3658959723,1359786,1354027,4294961537,completed,-10
LoadAware,4508,3658959723,1360177,1354418,4294961537,completed,-10
LoadAware,4509,3658959723,1360377,1354618,4294961537,completed,-10
LoadAware,4510,3658959723,1360577,1354819,4294961538,completed,-10
LoadAware,4511,3658959723,1360777,1355018,4294961537,completed,-10
LoadAware,4512,3658959723,1360977,1355217,4294961536,completed,-10
LoadAware,4513,3658959723,1361185,1355605,4294961716,completed,-11
LoadAware,4514,3658959723,1361385,1355708,4294961619,completed,-11
LoadAware,4515,3658959723,1361585,1355827,4294961538,completed,-11
LoadAware,4516,3658959723,1361785,1356025,4294961536,completed,-11
LoadAware,4517,3658959723,1361985,1356422,4294961733,completed,-11
LoadAware,4518,3658959723,1362187,1356531,4294961640,completed,-11
LoadAware,4519,3658959723,1362387,1356638,4294961547,completed,-11
LoadAware,4520,3658959723,1362587,1356829,4294961538,completed,-11
LoadAware,4521,3658959723,1362787,1357027,4294961536,completed,-11
LoadAware,4522,3658959723,1362987,1357430,4294961739,completed,-11
LoadAware,4523,3658959723,1363187,1357539,4294961648,completed,-11
LoadAware,4524,3658959723,1363387,1357649,4294961558,completed,-10
LoadAware,4525,3658959723,1363587,1357828,4294961537,completed,-10
LoadAware,4526,3658959723,1363787,1358028,4294961537,completed,-10
LoadAware,4527,3658959723,1363987,1358228,4294961537,completed,-10
LoadAware,4528,3658959723,1364189,1358432,4294961539,completed,-10
LoadAware,4529,3658959723,1364389,1358631,4294961538,completed,-10
LoadAware,4530,3658959723,1364589,1358830,4294961537,completed,-10
LoadAware,4531,3658959723,1364789,1359033,4294961540,completed,-10
LoadAware,4532,3658959723,1364989,1359424,4294961731,completed,-10
LoadAware,4533,3658959723,1365189,1359530,4294961637,completed,-10
LoadAware,4534,3658959723,1365389,1359633,4294961540,completed,-10
LoadAware,4535,3658959723,1365589,1359831,4294961538,completed,-10
LoadAware,4536,3658959723,1365789,1360031,4294961538,completed,-10
LoadAware,4537,3658959723,1365989,1360229,4294961536,completed,-10
LoadAware,4538,3658959723,1366191,1360435,4294961540,completed,-10
LoadAware,4539,3658959723,1366391,1360632,4294961537,completed,-10
LoadAware,4540,3658959723,1366591,1360832,4294961537,completed,-10
LoadAware,4541,3658959723,1366791,1361032,4294961537,completed,-10
LoadAware,4542,3658959723,1366991,1361427,4294961732,completed,-10
LoadAware,4543,3658959723,1367191,1361532,4294961637,completed,-10
LoadAware,4544,3658959723,1367391,1361635,4294961540,completed,-11
LoadAware,4545,3658959723,1367591,1361833,4294961538,completed,-11
LoadAware,4546,3658959723,1367791,1362032,4294961537,completed,-11
LoadAware,4547,3658959723,1367991,1362233,4294961538,completed,-11
LoadAware,4548,3658959723,1368192,1362436,4294961540,completed,-11
LoadAware,4549,3658959723,1368392,1362633,4294961537,completed,-11
LoadAware,4550,3658959723,1368592,1362833,4294961537,completed,-11
LoadAware,4551,3658959723,1368792,1363033,4294961537,completed,-11
LoadAware,4552,3658959723,1368992,1363233,4294961537,completed,-11
LoadAware,4553,3658959723,1369193,1363437,4294961540,completed,-11
LoadAware,4554,3658959723,1369393,1363636,4294961539,completed,-10
LoadAware,4555,3658959723,1369593,1363833,4294961536,completed,-10
LoadAware,4556,3658959723,1369793,1364034,4294961537,completed,-10
LoadAware,4557,3658959723,1369993,1364234,4294961537,completed,-10
LoadAware,4558,3658959723,1370195,1364441,4294961542,completed,-10
LoadAware,4559,3658959723,1370395,1364636,4294961537,completed,-10
LoadAware,4560,3658959723,1370595,1364836,4294961537,completed,-10
LoadAware,4561,3658959723,1370795,1365037,4294961538,completed,-10
LoadAware,4562,3658959723,1370995,1365430,4294961731,completed,-10
LoadAware,4563,3658959723,1371195,1365539,4294961640,completed,-10
LoadAware,4564,3658959723,1371395,1365642,4294961543,completed,-10
LoadAware,4565,3658959723,1371595,1365837,4294961538,completed,-10
LoadAware,4566,3658959723,1371795,1366035,4294961536,completed,-10
LoadAware,4567,3658959723,1371995,1366241,4294961542,completed,-10
LoadAware,4568,3658959723,1372196,1366477,4294961577,completed,-10
LoadAware,4569,3658959723,1372396,1366637,4294961537,completed,-10
LoadAware,4570,3658959723,1372596,1366838,4294961538,completed,-10
LoadAware,4571,3658959723,1372796,1367037,4294961537,completed,-10
LoadAware,4572,3658959723,1372996,1367432,4294961732,completed,-10
LoadAware,4573,3658959723,1373196,1367541,4294961641,completed,-10
LoadAware,4574,3658959723,1373396,1367651,4294961551,completed,-10
LoadAware,4575,3658959723,1373596,1367837,4294961537,completed,-10
LoadAware,4576,3658959723,1373796,1368036,4294961536,completed,-10
LoadAware,4577,3658959723,1373996,1368237,4294961537,completed,-10
LoadAware,4578,3658959723,1374196,1370626,4294963726,completed,-10
LoadAware,4579,3658959723,1376394,1370831,4294961733,completed,-10
LoadAware,4580,3658959723,1376603,1371006,4294961699,completed,-10
LoadAware,4581,3658959723,1376803,1371280,4294961773,completed,-10
LoadAware,4582,3658959723,1377003,1371554,4294961847,completed,-10
LoadAware,4583,3658959723,1377203,1371832,4294961925,completed,-11
LoadAware,4584,3658959723,1377603,1371934,4294961627,completed,-11
LoadAware,4585,3658959723,1377803,1372104,4294961597,completed,-11
LoadAware,4586,3658959723,1378003,1372379,4294961672,completed,-11
LoadAware,4587,3658959723,1378203,1372631,4294961724,completed,-11
LoadAware,4588,3658959723,1378603,1372879,4294961572,completed,-11
LoadAware,4589,3658959723,1378803,1373046,4294961539,completed,-11
LoadAware,4590,3658959723,1379003,1373245,4294961538,completed,-11
LoadAware,4591,3658959723,1379203,1373445,4294961538,completed,-11
LoadAware,4592,3658959723,1379605,1373847,4294961538,completed,-10
LoadAware,4593,3658959723,1379805,1374047,4294961538,completed,-10
LoadAware,4594,3658959723,1380005,1374247,4294961538,completed,-10
LoadAware,4595,3658959723,1380205,1374448,4294961539,completed,-10
LoadAware,4596,3658959723,1380609,1374876,4294961563,completed,-10
LoadAware,4597,3658959723,1380809,1375050,4294961537,completed,-10
LoadAware,4598,3658959723,1381009,1375250,4294961537,completed,-10
LoadAware,4599,3658959723,1381209,1375450,4294961537,completed,-10
LoadAware,4600,3658959723,1381605,1375846,4294961537,completed,-10
LoadAware,4601,3658959723,1381805,1376047,4294961538,completed,-10
LoadAware,4602,3658959723,1382005,1376247,4294961538,completed,-10
LoadAware,4603,3658959723,1382205,1376445,4294961536,completed,-10
LoadAware,4604,3658959723,1382606,1376853,4294961543,completed,-10
LoadAware,4605,3658959723,1382806,1377052,4294961542,completed,-10
LoadAware,4606,3658959723,1383006,1377247,4294961537,completed,-10
LoadAware,4607,3658959723,1383206,1377446,4294961536,completed,-10
LoadAware,4608,3658959723,1383610,1377852,4294961538,completed,-11
LoadAware,4609,3658959723,1383810,1378051,4294961537,completed,-11
LoadAware,4610,3658959723,1384010,1378252,4294961538,completed,-11
LoadAware,4611,3658959723,1384210,1378450,4294961536,completed,-11
LoadAware,4612,3658959723,1384606,1378877,4294961567,completed,-11
LoadAware,4613,3658959723,1384806,1379046,4294961536,completed,-11
LoadAware,4614,3658959723,1385006,1379247,4294961537,completed,-11
LoadAware,4615,3658959723,1385206,1379447,4294961537,completed,-11
LoadAware,4616,3658959723,1385406,1379841,4294961731,completed,-10
LoadAware,4617,3658959723,1385607,1379944,4294961633,completed,-10
LoadAware,4618,3658959723,1385807,1380050,4294961539,completed,-10
LoadAware,4619,3658959723,1386007,1380253,4294961542,completed,-10
LoadAware,4620,3658959723,1386207,1380448,4294961537,completed,-10
LoadAware,4621,3658959723,1386407,1380846,4294961735,completed,-10
LoadAware,4622,3658959723,1386611,1380954,4294961639,completed,-10
LoadAware,4623,3658959723,1386811,1381056,4294961541,completed,-10
LoadAware,4624,3658959723,1387011,1381254,4294961539,completed,-10
LoadAware,4625,3658959723,1387211,1381453,4294961538,completed,-10
LoadAware,4626,3658959723,1387614,1381855,4294961537,completed,-10
LoadAware,4627,3658959723,1387814,1382055,4294961537,completed,-10
LoadAware,4628,3658959723,1388014,1382256,4294961538,completed,-10
LoadAware,4629,3658959723,1388214,1382454,4294961536,completed,-10
LoadAware,4630,3658959723,1388611,1383846,4294962531,completed,-10
LoadAware,4631,3658959723,1388811,1383955,4294962440,completed,-10
LoadAware,4632,3658959723,1389011,1384065,4294962350,completed,-10
LoadAware,4633,3658959723,1389211,1384168,4294962253,completed,-10
LoadAware,4634,3658959723,1389411,1384271,4294962156,completed,-10
LoadAware,4635,3658959723,1389613,1384374,4294962057,completed,-10
LoadAware,4636,3658959723,1389813,1384477,4294961960,completed,-10
LoadAware,4637,3658959723,1390013,1384579,4294961862,completed,-10
LoadAware,4638,3658959723,1390213,1384682,4294961765,completed,-10
LoadAware,4639,3658959723,1390413,1384850,4294961733,completed,-10
LoadAware,4640,3658959723,1390623,1384953,4294961626,completed,-10
LoadAware,4641,3658959723,1390826,1385070,4294961540,completed,-10
LoadAware,4642,3658959723,1391026,1385267,4294961537,completed,-10
LoadAware,4643,3658959723,1391226,1385467,4294961537,completed,-10
LoadAware,4644,3658959723,1391617,1385860,4294961539,completed,-10
LoadAware,4645,3658959723,1393823,1388296,4294961769,completed,-10
LoadAware,4646,3658959723,1394029,1388407,4294961674,completed,-10
LoadAware,4647,3658959723,1394229,1388678,4294961745,completed,-10
LoadAware,4648,3658959723,1394429,1388953,4294961820,completed,-10
LoadAware,4649,3658959723,1394629,1389261,4294961928,completed,-10
LoadAware,4650,3658959723,1395025,1389363,4294961634,completed,-10
LoadAware,4651,3658959723,1395225,1389471,4294961542,completed,-10
LoadAware,4652,3658959723,1395425,1389668,4294961539,completed,-10
LoadAware,4653,3658959723,1395625,1389882,4294961553,completed,-10
LoadAware,4654,3658959723,1395825,1390066,4294961537,completed,-10
LoadAware,4655,3658959723,1396029,1390281,4294961548,completed,-10
LoadAware,4656,3658959723,1396229,1390471,4294961538,completed,-10
LoadAware,4657,3658959723,1396429,1390670,4294961537,completed,-10
LoadAware,4658,3658959723,1396629,1390873,4294961540,completed,-10
LoadAware,4659,3658959723,1396829,1391263,4294961730,completed,-10
LoadAware,4660,3658959723,1397029,1391366,4294961633,completed,-10
LoadAware,4661,3658959723,1397229,1391472,4294961539,completed,-10
LoadAware,4662,3658959723,1397429,1391670,4294961537,completed,-11
LoadAware,4663,3658959723,1397629,1391870,4294961537,completed,-11
LoadAware,4664,3658959723,1397831,1392266,4294961731,completed,-11
LoadAware,4665,3658959723,1398031,1392372,4294961637,completed,-11
LoadAware,4666,3658959723,1398231,1392475,4294961540,completed,-11
LoadAware,4667,3658959723,1398431,1392673,4294961538,completed,-11
LoadAware,4668,3658959723,1398631,1392872,4294961537,completed,-11
LoadAware,4669,3658959723,1398831,1393265,4294961730,completed,-11
LoadAware,4670,3658959723,1399031,1393368,4294961633,completed,-11
LoadAware,4671,3658959723,1399231,1393475,4294961540,completed,-11
LoadAware,4672,3658959723,1399431,1393672,4294961537,completed,-10
LoadAware,4673,3658959723,1399631,1393873,4294961538,completed,-10
LoadAware,4674,3658959723,1399832,1394267,4294961731,completed,-10
LoadAware,4675,3658959723,1400032,1394376,4294961640,completed,-10
LoadAware,4676,3658959723,1400232,1394479,4294961543,completed,-10
LoadAware,4677,3658959723,1400432,1394674,4294961538,completed,-10
LoadAware,4678,3658959723,1400632,1394874,4294961538,completed,-10
LoadAware,4679,3658959723,1400832,1395073,4294961537,completed,-10
LoadAware,4680,3658959723,1401034,1395277,4294961539,completed,-10
LoadAware,4681,3658959723,1401234,1395475,4294961537,completed,-10
LoadAware,4682,3658959723,1401434,1395676,4294961538,completed,-10
LoadAware,4683,3658959723,1401634,1395875,4294961537,completed,-10
LoadAware,4684,3658959723,1401834,1396270,4294961732,completed,-10
LoadAware,4685,3658959723,1402034,1396389,4294961651,completed,-10
LoadAware,4686,3658959723,1402234,1396499,4294961561,completed,-10
LoadAware,4687,3658959723,1402434,1396675,4294961537,completed,-10
LoadAware,4688,3658959723,1402634,1396896,4294961558,completed,-10
LoadAware,4689,3658959723,1402834,1397075,4294961537,completed,-10
LoadAware,4690,3658959723,1403035,1397279,4294961540,completed,-10
LoadAware,4691,3658959723,1403235,1397477,4294961538,completed,-10
LoadAware,4692,3658959723,1403435,1397676,4294961537,completed,-11
LoadAware,4693,3658959723,1403635,1397877,4294961538,completed,-11
LoadAware,4694,3658959723,1403835,1398078,4294961539,completed,-11
LoadAware,4695,3658959723,1404037,1398282,4294961541,completed,-11
LoadAware,4696,3658959723,1404237,1398479,4294961538,completed,-11
LoadAware,4697,3658959723,1404437,1398678,4294961537,completed,-11
LoadAware,4698,3658959723,1404637,1398878,4294961537,completed,-11
LoadAware,4699,3658959723,1404837,1399078,4294961537,completed,-11
LoadAware,4700,3658959723,1405038,1399282,4294961540,completed,-11
LoadAware,4701,3658959723,1405238,1399480,4294961538,completed,-11
LoadAware,4702,3658959723,1405438,1399681,4294961539,completed,-10
LoadAware,4703,3658959723,1405638,1399879,4294961537,completed,-10
LoadAware,4704,3658959723,1405838,1400275,4294961733,completed,-10
LoadAware,4705,3658959723,1406038,1400379,4294961637,completed,-10
LoadAware,4706,3658959723,1406238,1400482,4294961540,completed,-10
LoadAware,4707,3658959723,1406438,1400679,4294961537,completed,-10
LoadAware,4708,3658959723,1406638,1400879,4294961537,completed,-10
LoadAware,4709,3658959723,1406838,1401080,4294961538,completed,-10
LoadAware,4710,3658959723,1407040,1401284,4294961540,completed,-10
LoadAware,4711,3658959723,1407240,1401481,4294961537,completed,-10
LoadAware,4712,3658959723,1407440,1401681,4294961537,completed,-10
LoadAware,4713,3658959723,1407640,1401881,4294961537,completed,-10
LoadAware,4714,3658959723,1407840,1402081,4294961537,completed,-10
LoadAware,4715,3658959723,1408041,1402284,4294961539,completed,-10
LoadAware,4716,3658959723,1408241,1402482,4294961537,completed,-10
LoadAware,4717,3658959723,1408441,1402682,4294961537,completed,-10
LoadAware,4718,3658959723,1408641,1402883,4294961538,completed,-10
LoadAware,4727,3037662008,1412637,1406873,4294961532,completed,-26
LoadAware,4728,3037662008,1412837,1407074,4294961533,completed,-26
LoadAware,4719,3658959723,1408841,1403082,4294961537,completed,-10
LoadAware,4729,3037662008,1413037,1407274,4294961533,completed,-26
LoadAware,4720,3658959723,1411237,1405673,4294961732,completed,-10
LoadAware,4721,3658959723,1411437,1406030,4294961889,completed,-10
LoadAware,4722,3658959723,1411637,1406280,4294961939,completed,-10
LoadAware,4723,3658959723,1411837,1406382,4294961841,completed,-10
LoadAware,4724,3658959723,1412037,1406674,4294961933,completed,-10
LoadAware,4725,3658959723,1412237,1406802,4294961861,completed,-10
LoadAware,4726,3658959723,1412437,1407058,4294961917,completed,-10
LoadAware,4730,3658959723,1413237,1407479,4294961538,completed,-10
LoadAware,4731,3658959723,1413442,1407686,4294961540,completed,-11
LoadAware,4732,3658959723,1413642,1407886,4294961540,completed,-11
LoadAware,4733,3658959723,1413842,1408086,4294961540,completed,-11
LoadAware,4734,3658959723,1414042,1408284,4294961538,completed,-11
LoadAware,4735,3658959723,1414242,1408677,4294961731,completed,-11
LoadAware,4736,3658959723,1414442,1408780,4294961634,completed,-11
LoadAware,4737,3658959723,1414642,1408886,4294961540,completed,-11
LoadAware,4738,3658959723,1414842,1409083,4294961537,completed,-11
LoadAware,4739,3658959723,1415042,1409283,4294961537,completed,-11
LoadAware,4740,3658959723,1415244,1409678,4294961730,completed,-11
LoadAware,4741,3658959723,1415444,1409781,4294961633,completed,-11
LoadAware,4742,3658959723,1415644,1409887,4294961539,completed,-11
LoadAware,4743,3658959723,1415844,1410085,4294961537,completed,-11
LoadAware,4744,3658959723,1416044,1410285,4294961537,completed,-11
LoadAware,4745,3658959723,1416244,1410486,4294961538,completed,-11
LoadAware,4746,3658959723,1416445,1410689,4294961540,completed,-11
LoadAware,4747,3658959723,1416645,1410886,4294961537,completed,-11
LoadAware,4748,3658959723,1416845,1411086,4294961537,completed,-11
LoadAware,4749,3658959723,1417045,1411286,4294961537,completed,-11
LoadAware,4750,3658959723,1417245,1411687,4294961738,completed,-12
LoadAware,4751,3658959723,1417445,1411790,4294961641,completed,-12
LoadAware,4752,3037662008,1417645,1411881,4294961532,completed,-29
LoadAware,4753,3037662008,1417845,1412082,4294961533,completed,-29
LoadAware,4754,3037662008,1418045,1412281,4294961532,completed,-29
LoadAware,4755,3037662008,1418245,1412482,4294961533,completed,-29
LoadAware,4756,3037662008,1418446,1412685,4294961535,completed,-29
LoadAware,4757,3037662008,1418646,1412883,4294961533,completed,-29
LoadAware,4758,3037662008,1418846,1413082,4294961532,completed,-29
LoadAware,4759,3037662008,1419046,1413282,4294961532,completed,-29
LoadAware,4760,3037662008,1419246,1413483,4294961533,completed,-29
LoadAware,4761,3037662008,1419447,1413688,4294961537,completed,-28
LoadAware,4762,3658959723,1419647,1413888,4294961537,completed,-10
LoadAware,4763,3658959723,1419847,1414088,4294961537,completed,-10
LoadAware,4764,3658959723,1420047,1414288,4294961537,completed,-10
LoadAware,4765,3658959723,1420247,1414488,4294961537,completed,-10
LoadAware,4766,3658959723,1420448,1414691,4294961539,completed,-10
LoadAware,4767,3658959723,1420648,1414889,4294961537,completed,-10
LoadAware,4768,3658959723,1420848,1415089,4294961537,completed,-10
LoadAware,4769,3658959723,1421048,1415290,4294961538,completed,-10
LoadAware,4770,3658959723,1421248,1415685,4294961733,completed,-10
LoadAware,4771,3658959723,1421448,1415789,4294961637,completed,-10
LoadAware,4772,3658959723,1421648,1415892,4294961540,completed,-10
LoadAware,4773,3658959723,1421848,1416090,4294961538,completed,-10
LoadAware,4774,3658959723,1422048,1416289,4294961537,completed,-10
LoadAware,4775,3658959723,1422248,1416490,4294961538,completed,-10
LoadAware,4776,3658959723,1422453,1416905,4294961748,completed,-10
LoadAware,4777,3658959723,1422653,1417014,4294961657,completed,-10
LoadAware,4778,3658959723,1422853,1417117,4294961560,completed,-10
LoadAware,4779,3658959723,1423053,1417294,4294961537,completed,-10
LoadAware,4780,3658959723,1423253,1417705,4294961748,completed,-11
LoadAware,4781,3658959723,1423453,1417813,4294961656,completed,-11
LoadAware,4782,3658959723,1423653,1417922,4294961565,completed,-11
LoadAware,4783,3658959723,1423853,1418095,4294961538,completed,-11
LoadAware,4784,3658959723,1424053,1418294,4294961537,completed,-11
LoadAware,4785,3658959723,1424253,1418686,4294961729,completed,-11
LoadAware,4786,3658959723,1424453,1418789,4294961632,completed,-11
LoadAware,4787,3658959723,1424653,1418896,4294961539,completed,-11
LoadAware,4788,3658959723,1424853,1419095,4294961538,completed,-11
LoadAware,4789,3658959723,1425053,1419294,4294961537,completed,-11
LoadAware,4790,3658959723,1425253,1419688,4294961731,completed,-12
LoadAware,4791,3658959723,1425453,1419791,4294961634,completed,-12
LoadAware,4792,3658959723,1425653,1419898,4294961541,completed,-12
LoadAware,4793,3658959723,1425853,1420094,4294961537,completed,-12
LoadAware,4794,3658959723,1426053,1420294,4294961537,completed,-12
LoadAware,4795,3658959723,1426253,1420495,4294961538,completed,-12
LoadAware,4805,3037662008,1430652,1424888,4294961532,completed,-28
LoadAware,4796,3658959723,1428656,1423094,4294961734,completed,-10
LoadAware,4797,3658959723,1428858,1423329,4294961767,completed,-10
LoadAware,4798,3658959723,1429058,1423576,4294961814,completed,-10
LoadAware,4806,3037662008,1430866,1425258,4294961688,completed,-28
LoadAware,4799,3658959723,1429258,1423826,4294961864,completed,-11
LoadAware,4800,3658959723,1429462,1424101,4294961935,completed,-11
LoadAware,4801,3658959723,1429852,1424353,4294961797,completed,-11
LoadAware,4802,3658959723,1430052,1424455,4294961699,completed,-11
LoadAware,4803,3658959723,1430252,1424626,4294961670,completed,-11
LoadAware,4804,3658959723,1430452,1425096,4294961940,completed,-11
LoadAware,4807,3658959723,1431066,1425309,4294961539,completed,-11
LoadAware,4808,3658959723,1431266,1425509,4294961539,completed,-11
LoadAware,4809,3658959723,1431466,1425710,4294961540,completed,-11
LoadAware,4810,3658959723,1431854,1426096,4294961538,completed,-11
LoadAware,4811,3658959723,1432054,1426297,4294961539,completed,-11
LoadAware,4812,3658959723,1432254,1426497,4294961539,completed,-11
LoadAware,4813,3658959723,1432454,1426696,4294961538,completed,-11
LoadAware,4814,3658959723,1432654,1426897,4294961539,completed,-11
LoadAware,4815,3658959723,1432867,1427110,4294961539,completed,-11
LoadAware,4816,3658959723,1433067,1427310,4294961539,completed,-11
LoadAware,4817,3658959723,1433267,1427510,4294961539,completed,-11
LoadAware,4818,3658959723,1433467,1427710,4294961539,completed,-10
LoadAware,4819,3658959723,1433667,1427909,4294961538,completed,-10
LoadAware,4820,3658959723,1433868,1428114,4294961542,completed,-10
LoadAware,4821,3658959723,1434068,1428310,4294961538,completed,-10
LoadAware,4822,3658959723,1434268,1428509,4294961537,completed,-10
LoadAware,4823,3658959723,1434468,1428709,4294961537,completed,-10
LoadAware,4824,3658959723,1434668,1429125,4294961753,completed,-10
LoadAware,4825,3658959723,1434868,1429234,4294961662,completed,-10
LoadAware,4826,3658959723,1435068,1429336,4294961564,completed,-10
LoadAware,4827,3658959723,1435268,1429509,4294961537,completed,-10
LoadAware,4828,3658959723,1435468,1429711,4294961539,completed,-10
LoadAware,4829,3658959723,1435668,1429911,4294961539,completed,-10
LoadAware,4830,3658959723,1435871,1430114,4294961539,completed,-10
LoadAware,4831,3658959723,1436071,1430313,4294961538,completed,-10
LoadAware,4832,3658959723,1436271,1430513,4294961538,completed,-10
LoadAware,4833,3658959723,1436471,1430712,4294961537,completed,-10
LoadAware,4834,3658959723,1436671,1431106,4294961731,completed,-10
LoadAware,4835,3658959723,1436871,1431209,4294961634,completed,-10
LoadAware,4836,3658959723,1437071,1431315,4294961540,completed,-10
LoadAware,4837,3658959723,1437271,1431512,4294961537,completed,-10
LoadAware,4838,3658959723,1437480,1431722,4294961538,completed,-10
LoadAware,SUMMARY,ALL,0,0,120000,batch_complete,0
----------------,---,---,---,---,---,----------------,---
LoadAware,4839,3658959723,1437866,1432109,4294961539,completed,-10
LoadAware,4840,3658959723,1472338,1466601,4294961559,completed,-9
LoadAware,4841,3658959723,1472695,1466936,4294961537,completed,-9
LoadAware,4842,3658959723,1472898,1467140,4294961538,completed,-9
LoadAware,4843,3658959723,1473098,1467365,4294961563,completed,-9
LoadAware,4844,3658959723,1473298,1467550,4294961548,completed,-9
LoadAware,4845,3658959723,1473498,1467744,4294961542,completed,-9
LoadAware,4846,3658959723,1473704,1467947,4294961539,completed,-9
LoadAware,4847,3658959723,1473904,1468146,4294961538,completed,-9
LoadAware,4848,3658959723,1474104,1468355,4294961547,completed,-9
LoadAware,4849,3658959723,1474304,1468545,4294961537,completed,-9
LoadAware,4850,3658959723,1474504,1468943,4294961735,completed,-9
LoadAware,4851,3658959723,1474704,1469070,4294961662,completed,-9
LoadAware,4852,3658959723,1474904,1469173,4294961565,completed,-9
LoadAware,4853,3658959723,1475104,1469373,4294961565,completed,-9
LoadAware,4854,3658959723,1475304,1469546,4294961538,completed,-9
LoadAware,4855,3658959723,1475504,1470148,4294961940,completed,-12
LoadAware,4856,3658959723,1475704,1470265,4294961857,completed,-12
LoadAware,4857,3658959723,1475904,1470368,4294961760,completed,-12
LoadAware,4858,3658959723,1476104,1470471,4294961663,completed,-12
LoadAware,4859,3658959723,1476304,1470580,4294961572,completed,-12
LoadAware,4860,3658959723,1476504,1470765,4294961557,completed,-12
LoadAware,4861,3658959723,1476707,1470967,4294961556,completed,-12
LoadAware,4862,3658959723,1476907,1471159,4294961548,completed,-12
LoadAware,4863,3658959723,1477107,1471349,4294961538,completed,-12
LoadAware,4864,3658959723,1477307,1471552,4294961541,completed,-12
LoadAware,4865,3658959723,1477507,1471778,4294961567,completed,-12
LoadAware,4866,3658959723,1477708,1471954,4294961542,completed,-12
LoadAware,4867,3658959723,1477908,1472149,4294961537,completed,-12
LoadAware,4868,3658959723,1478108,1472349,4294961537,completed,-12
LoadAware,4869,3658959723,1478308,1472556,4294961544,completed,-12
LoadAware,4870,3658959723,1478508,1472963,4294961751,completed,-12
LoadAware,4871,3658959723,1478708,1475147,4294963735,completed,-12
LoadAware,4872,3658959723,1480921,1475373,4294961748,completed,-12
LoadAware,4873,3658959723,1481123,1475617,4294961790,completed,-12
LoadAware,4874,3658959723,1481323,1475772,4294961745,completed,-12
LoadAware,4875,3658959723,1481523,1475875,4294961648,completed,-12
LoadAware,4876,3658959723,1481723,1475978,4294961551,completed,-12
LoadAware,4877,3658959723,1481923,1476357,4294961730,completed,-12
LoadAware,4878,3658959723,1482123,1476476,4294961649,completed,-12
LoadAware,4879,3658959723,1482323,1476664,4294961637,completed,-12
LoadAware,4880,3658959723,1482523,1476767,4294961540,completed,-12
LoadAware,4881,3658959723,1482727,1476971,4294961540,completed,-12
LoadAware,4882,3658959723,1483119,1477426,4294961603,completed,-12
LoadAware,4883,3658959723,1483319,1477574,4294961551,completed,-12
LoadAware,4884,3658959723,1483519,1477771,4294961548,completed,-13
LoadAware,4885,3658959723,1483719,1477969,4294961546,completed,-13
LoadAware,4886,3658959723,1483919,1478160,4294961537,completed,-13
LoadAware,4887,3658959723,1484123,1478371,4294961544,completed,-13
LoadAware,4888,3658959723,1484323,1478564,4294961537,completed,-13
LoadAware,4889,3658959723,1484523,1478767,4294961540,completed,-13
LoadAware,4890,3658959723,1484723,1479000,4294961573,completed,-13
LoadAware,4891,3658959723,1484923,1479177,4294961550,completed,-13
LoadAware,4892,3658959723,1485127,1479531,4294961700,completed,-13
LoadAware,4893,3658959723,1485327,1479650,4294961619,completed,-12
LoadAware,4894,3658959723,1485527,1479791,4294961560,completed,-12
LoadAware,4895,3658959723,1485727,1479970,4294961539,completed,-12
LoadAware,4896,3658959723,1485927,1480361,4294961730,completed,-12
LoadAware,4897,3658959723,1486127,1480481,4294961650,completed,-12
LoadAware,4898,3658959723,1486327,1480584,4294961553,completed,-12
LoadAware,4899,3658959723,1486527,1480770,4294961539,completed,-12
LoadAware,4900,3658959723,1486727,1480968,4294961537,completed,-12
LoadAware,4901,3658959723,1486927,1481175,4294961544,completed,-12
LoadAware,4902,3658959723,1487130,1481624,4294961790,completed,-12
LoadAware,4903,3658959723,1487330,1481962,4294961928,completed,-11
LoadAware,4904,3658959723,1487530,1482065,4294961831,completed,-11
LoadAware,4905,3658959723,1487730,1482168,4294961734,completed,-11
LoadAware,4906,3658959723,1487930,1482366,4294961732,completed,-11
LoadAware,4907,3658959723,1488131,1482469,4294961634,completed,-11
LoadAware,4908,3658959723,1488331,1482575,4294961540,completed,-11
LoadAware,4909,3658959723,1488531,1482773,4294961538,completed,-11
LoadAware,4910,3658959723,1488731,1482973,4294961538,completed,-11
LoadAware,4911,3658959723,1488931,1483397,4294961762,completed,-11
LoadAware,4912,3658959723,1489131,1483506,4294961671,completed,-11
LoadAware,4913,3658959723,1489331,1483609,4294961574,completed,-11
LoadAware,4914,3658959723,1489531,1483876,4294961641,completed,-14
LoadAware,4915,3658959723,1489731,1483979,4294961544,completed,-14
LoadAware,4916,3658959723,1489931,1484172,4294961537,completed,-14
LoadAware,4917,3658959723,1490131,1484385,4294961550,completed,-14
LoadAware,4918,3658959723,1490331,1484582,4294961547,completed,-14
LoadAware,4919,3658959723,1490531,1484773,4294961538,completed,-14
LoadAware,4920,3658959723,1490731,1484972,4294961537,completed,-14
LoadAware,4921,3658959723,1490932,1485430,4294961794,completed,-14
LoadAware,4922,3658959723,1491132,1485533,4294961697,completed,-14
LoadAware,4923,3658959723,1491332,1485636,4294961600,completed,-14
LoadAware,4924,3658959723,1491532,1485775,4294961539,completed,-13
LoadAware,4925,3658959723,1491732,1485975,4294961539,completed,-13
LoadAware,4926,3658959723,1491932,1486366,4294961730,completed,-13
LoadAware,4927,3658959723,1492132,1486469,4294961633,completed,-13
LoadAware,4928,3658959723,1492332,1486588,4294961552,completed,-13
LoadAware,4929,3658959723,1492532,1486774,4294961538,completed,-13
LoadAware,4930,3658959723,1492732,1486975,4294961539,completed,-13
LoadAware,4931,3658959723,1492933,1487176,4294961539,completed,-13
LoadAware,4932,3658959723,1493134,1487384,4294961546,completed,-13
LoadAware,4933,3658959723,1493334,1487581,4294961543,completed,-13
LoadAware,4934,3658959723,1493534,1487778,4294961540,completed,-12
LoadAware,4935,3658959723,1493734,1487976,4294961538,completed,-12
LoadAware,4936,3658959723,1493934,1488176,4294961538,completed,-12
LoadAware,4937,3658959723,1494134,1488380,4294961542,completed,-12
LoadAware,4938,3658959723,1494334,1488610,4294961572,completed,-12
LoadAware,4939,3658959723,1494534,1488802,4294961564,completed,-12
LoadAware,4940,3658959723,1494734,1488981,4294961543,completed,-12
LoadAware,4941,3658959723,1494934,1489423,4294961785,completed,-12
LoadAware,4942,3658959723,1495134,1489544,4294961706,completed,-12
LoadAware,4943,3658959723,1495334,1489655,4294961617,completed,-13
LoadAware,4944,3658959723,1495534,1489797,4294961559,completed,-13
LoadAware,4945,3658959723,1495734,1490031,4294961593,completed,-13
LoadAware,4946,3658959723,1495934,1490176,4294961538,completed,-13
LoadAware,4947,3658959723,1496139,1490384,4294961541,completed,-13
LoadAware,4948,3658959723,1498345,1492785,4294961736,completed,-13
LoadAware,4949,3658959723,1498546,1492908,4294961658,completed,-13
LoadAware,4950,3658959723,1498746,1493036,4294961586,completed,-13
LoadAware,4951,3658959723,1498946,1493196,4294961546,completed,-13
LoadAware,4952,3658959723,1499146,1493387,4294961537,completed,-13
LoadAware,4953,3658959723,1499346,1493603,4294961553,completed,-13
LoadAware,4954,3658959723,1499554,1493807,4294961549,completed,-13
LoadAware,4955,3658959723,1499754,1493998,4294961540,completed,-13
LoadAware,4956,3658959723,1499954,1494195,4294961537,completed,-13
LoadAware,4957,3658959723,1500154,1494405,4294961547,completed,-13
LoadAware,4958,3658959723,1500551,1494796,4294961541,completed,-13
LoadAware,4959,3658959723,1500751,1495034,4294961579,completed,-13
LoadAware,4960,3658959723,1500951,1495192,4294961537,completed,-13
LoadAware,4961,3658959723,1501151,1495411,4294961556,completed,-13
LoadAware,4962,3658959723,1501351,1495787,4294961732,completed,-12
LoadAware,4963,3658959723,1501560,1495890,4294961626,completed,-12
LoadAware,4964,3658959723,1501760,1496039,4294961575,completed,-12
LoadAware,4965,3658959723,1501960,1496235,4294961571,completed,-12
LoadAware,4966,3658959723,1502160,1496401,4294961537,completed,-12
LoadAware,4967,3658959723,1502555,1496801,4294961542,completed,-12
LoadAware,4968,3658959723,1502755,1496997,4294961538,completed,-12
LoadAware,4969,3658959723,1502955,1497198,4294961539,completed,-12
LoadAware,4970,3658959723,1503155,1497396,4294961537,completed,-12
LoadAware,4971,3658959723,1503355,1497804,4294961745,completed,-12
LoadAware,4972,3658959723,1503561,1497907,4294961642,completed,-12
LoadAware,4973,3658959723,1503761,1498012,4294961547,completed,-12
LoadAware,4974,3658959723,1503961,1498202,4294961537,completed,-12
LoadAware,4975,3658959723,1504161,1498402,4294961537,completed,-12
LoadAware,4976,3658959723,1504557,1498827,4294961566,completed,-12
LoadAware,4977,3658959723,1504757,1498999,4294961538,completed,-12
LoadAware,4978,3658959723,1504957,1499200,4294961539,completed,-12
LoadAware,4979,3658959723,1505157,1499398,4294961537,completed,-12
LoadAware,4980,3658959723,1505357,1499797,4294961736,completed,-12
LoadAware,4981,3658959723,1505561,1499900,4294961635,completed,-12
LoadAware,4982,3658959723,1505761,1500006,4294961541,completed,-12
LoadAware,4983,3658959723,1505961,1500202,4294961537,completed,-12
LoadAware,4984,3658959723,1506161,1500402,4294961537,completed,-12
LoadAware,4985,3658959723,1506560,1500802,4294961538,completed,-12
LoadAware,4986,3658959723,1506760,1501002,4294961538,completed,-12
LoadAware,4987,3658959723,1506960,1501204,4294961540,completed,-12
LoadAware,4988,3658959723,1507160,1501401,4294961537,completed,-12
LoadAware,4989,3658959723,1507360,1501796,4294961732,completed,-12
LoadAware,4990,3658959723,1507570,1501899,4294961625,completed,-12
LoadAware,4991,3658959723,1507770,1502013,4294961539,completed,-12
LoadAware,4992,3658959723,1507970,1502211,4294961537,completed,-12
LoadAware,4993,3658959723,1508170,1502415,4294961541,completed,-12
LoadAware,4994,3658959723,1508563,1502806,4294961539,completed,-12
LoadAware,4995,3658959723,1508763,1503007,4294961540,completed,-12
LoadAware,4996,3658959723,1508963,1503205,4294961538,completed,-12
LoadAware,4997,3658959723,1509163,1503404,4294961537,completed,-12
LoadAware,4998,3658959723,1509363,1503800,4294961733,completed,-12
LoadAware,4999,3658959723,1509573,1503903,4294961626,completed,-12
LoadAware,5000,3658959723,1509773,1504016,4294961539,completed,-12
LoadAware,5001,3658959723,1509973,1504215,4294961538,completed,-12
LoadAware,5002,3658959723,1510173,1504414,4294961537,completed,-12
LoadAware,5003,3658959723,1510566,1504808,4294961538,completed,-12
LoadAware,5004,3658959723,1510766,1505008,4294961538,completed,-12
LoadAware,5005,3658959723,1510966,1505208,4294961538,completed,-12
LoadAware,5006,3658959723,1511166,1505407,4294961537,completed,-12
LoadAware,5007,3658959723,1511366,1505802,4294961732,completed,-11
LoadAware,5008,3658959723,1511574,1505905,4294961627,completed,-11
LoadAware,5009,3658959723,1511774,1506020,4294961542,completed,-11
LoadAware,5010,3658959723,1511974,1506215,4294961537,completed,-11
LoadAware,5011,3658959723,1512174,1506415,4294961537,completed,-11
LoadAware,5012,3658959723,1512572,1506815,4294961539,completed,-11
LoadAware,5013,3658959723,1512772,1507014,4294961538,completed,-11
LoadAware,5014,3658959723,1512972,1507214,4294961538,completed,-11
LoadAware,5015,3658959723,1513172,1507413,4294961537,completed,-11
LoadAware,5016,3658959723,1513571,1507814,4294961539,completed,-10
LoadAware,5017,3658959723,1515776,1510222,4294961742,completed,-10
LoadAware,5018,3658959723,1515982,1510356,4294961670,completed,-10
LoadAware,5019,3658959723,1516182,1510459,4294961573,completed,-10
LoadAware,5020,3658959723,1516382,1510625,4294961539,completed,-10
LoadAware,5021,3658959723,1516582,1510824,4294961538,completed,-10
LoadAware,5022,3658959723,1516972,1511238,4294961562,completed,-10
LoadAware,5023,3658959723,1517172,1511418,4294961542,completed,-10
LoadAware,5024,3658959723,1517372,1511614,4294961538,completed,-10
LoadAware,5025,3658959723,1517572,1511815,4294961539,completed,-10
LoadAware,5026,3658959723,1517772,1512211,4294961735,completed,-10
LoadAware,5027,3658959723,1517974,1512459,4294961781,completed,-10
LoadAware,5028,3658959723,1518174,1512605,4294961727,completed,-10
LoadAware,5029,3658959723,1518374,1512765,4294961687,completed,-10
LoadAware,5030,3658959723,1518574,1512868,4294961590,completed,-10
LoadAware,5031,3658959723,1518774,1513016,4294961538,completed,-10
LoadAware,5032,3658959723,1518978,1513240,4294961558,completed,-10
LoadAware,5033,3658959723,1519178,1513420,4294961538,completed,-10
LoadAware,5034,3658959723,1519378,1513620,4294961538,completed,-10
LoadAware,5035,3658959723,1519578,1513820,4294961538,completed,-11
LoadAware,5036,3658959723,1519778,1514020,4294961538,completed,-11
LoadAware,5037,3658959723,1519982,1514268,4294961582,completed,-11
LoadAware,5038,3658959723,1520182,1514425,4294961539,completed,-11
LoadAware,5039,3658959723,1520382,1514636,4294961550,completed,-11
LoadAware,5040,3658959723,1520582,1514823,4294961537,completed,-11
LoadAware,5041,3658959723,1520782,1515216,4294961730,completed,-11
LoadAware,5042,3658959723,1520982,1515319,4294961633,completed,-11
LoadAware,5043,3658959723,1521182,1515429,4294961543,completed,-11
LoadAware,5044,3658959723,1521382,1515638,4294961552,completed,-11
LoadAware,5045,3658959723,1521582,1515836,4294961550,completed,-13
LoadAware,5046,3658959723,1521782,1516218,4294961732,completed,-13
LoadAware,5047,3658959723,1521982,1516326,4294961640,completed,-13
LoadAware,5048,3658959723,1522182,1516437,4294961551,completed,-13
LoadAware,5049,3658959723,1522382,1516628,4294961542,completed,-13
LoadAware,5050,3658959723,1522582,1516825,4294961539,completed,-13
LoadAware,5051,3658959723,1522782,1517024,4294961538,completed,-13
LoadAware,5052,3658959723,1522984,1517229,4294961541,completed,-13
LoadAware,5053,3658959723,1523184,1517426,4294961538,completed,-13
LoadAware,5054,3658959723,1523384,1517626,4294961538,completed,-13
LoadAware,5055,3658959723,1523584,1517829,4294961541,completed,-12
LoadAware,5056,3658959723,1523784,1518026,4294961538,completed,-12
LoadAware,5057,3658959723,1523988,1518230,4294961538,completed,-12
LoadAware,5058,3658959723,1524188,1518430,4294961538,completed,-12
LoadAware,5059,3658959723,1524388,1518629,4294961537,completed,-12
LoadAware,5060,3658959723,1524588,1518830,4294961538,completed,-12
LoadAware,5061,3658959723,1524788,1519222,4294961730,completed,-12
LoadAware,5062,3658959723,1524988,1519325,4294961633,completed,-12
LoadAware,5063,3658959723,1525188,1519434,4294961542,completed,-12
LoadAware,5064,3658959723,1525388,1519629,4294961537,completed,-12
LoadAware,5065,3658959723,1525588,1519830,4294961538,completed,-13
LoadAware,5066,3658959723,1525790,1520224,4294961730,completed,-13
LoadAware,5067,3658959723,1525990,1520333,4294961639,completed,-13
LoadAware,5068,3658959723,1526190,1520436,4294961542,completed,-13
LoadAware,5069,3658959723,1526390,1520632,4294961538,completed,-13
LoadAware,5070,3658959723,1526590,1520853,4294961559,completed,-13
LoadAware,5071,3658959723,1526790,1521223,4294961729,completed,-13
LoadAware,5072,3658959723,1526990,1521332,4294961638,completed,-13
LoadAware,5073,3658959723,1527190,1521443,4294961549,completed,-13
LoadAware,5074,3658959723,1527390,1521632,4294961538,completed,-13
LoadAware,5075,3658959723,1527590,1521832,4294961538,completed,-12
LoadAware,5076,3658959723,1527791,1522245,4294961750,completed,-12
LoadAware,5077,3658959723,1527991,1522353,4294961658,completed,-12
LoadAware,5078,3658959723,1528191,1522469,4294961574,completed,-12
LoadAware,5079,3658959723,1528391,1522634,4294961539,completed,-12
LoadAware,5080,3658959723,1528591,1522833,4294961538,completed,-12
LoadAware,5081,3658959723,1528791,1523032,4294961537,completed,-12
LoadAware,5082,3658959723,1528992,1523236,4294961540,completed,-12
LoadAware,5083,3658959723,1529192,1523434,4294961538,completed,-12
LoadAware,5084,3658959723,1529392,1523635,4294961539,completed,-12
LoadAware,5085,3658959723,1529592,1523834,4294961538,completed,-10
LoadAware,5086,3658959723,1529792,1524228,4294961732,completed,-10
LoadAware,5087,3658959723,1529992,1524337,4294961641,completed,-10
LoadAware,5088,3658959723,1530192,1524439,4294961543,completed,-10
LoadAware,5089,3658959723,1530392,1524633,4294961537,completed,-10
LoadAware,5090,3658959723,1530592,1524840,4294961544,completed,-10
LoadAware,5091,3658959723,1530792,1525033,4294961537,completed,-10
LoadAware,5099,3037662008,1534589,1528826,4294961533,completed,-26
LoadAware,5100,3037662008,1534789,1529028,4294961535,completed,-26
LoadAware,5101,3037662008,1534989,1529226,4294961533,completed,-26
LoadAware,5092,3658959723,1533189,1527676,4294961783,completed,-11
LoadAware,5093,3658959723,1533389,1527777,4294961684,completed,-11
LoadAware,5102,3037662008,1535189,1529429,4294961536,completed,-26
LoadAware,5094,3658959723,1533589,1528006,4294961713,completed,-11
LoadAware,5103,3037662008,1535401,1529659,4294961554,completed,-27
LoadAware,5105,3037662008,1535801,1530040,4294961535,completed,-27
LoadAware,5106,3037662008,1536001,1530241,4294961536,completed,-27
LoadAware,5095,3658959723,1533789,1528269,4294961776,completed,-11
LoadAware,5096,3658959723,1533989,1528820,4294962127,completed,-11
LoadAware,5107,3037662008,1536395,1530737,4294961638,completed,-27
LoadAware,5108,3037662008,1536595,1530839,4294961540,completed,-27
LoadAware,5097,3658959723,1534189,1528922,4294962029,completed,-11
LoadAware,5098,3658959723,1534389,1529069,4294961976,completed,-11
LoadAware,5109,3037662008,1536795,1531033,4294961534,completed,-27
LoadAware,5104,3658959723,1535601,1529866,4294961561,completed,-10
LoadAware,5110,3658959723,1536997,1531239,4294961538,completed,-10
LoadAware,5111,3658959723,1537197,1531441,4294961540,completed,-10
LoadAware,5112,3658959723,1537400,1531660,4294961556,completed,-10
LoadAware,5113,3658959723,1537600,1531843,4294961539,completed,-10
LoadAware,5114,3658959723,1537800,1532042,4294961538,completed,-10
LoadAware,5115,3658959723,1538000,1532241,4294961537,completed,-10
LoadAware,5116,3658959723,1538200,1532441,4294961537,completed,-10
LoadAware,5117,3658959723,1538400,1532644,4294961540,completed,-10
LoadAware,5118,3658959723,1538600,1532843,4294961539,completed,-10
LoadAware,5119,3658959723,1538800,1533042,4294961538,completed,-10
LoadAware,5120,3658959723,1539000,1533241,4294961537,completed,-10
LoadAware,5121,3658959723,1539200,1533442,4294961538,completed,-10
LoadAware,5122,3658959723,1539403,1533670,4294961563,completed,-11
LoadAware,5123,3658959723,1539603,1533846,4294961539,completed,-11
LoadAware,5124,3658959723,1539803,1534045,4294961538,completed,-11
LoadAware,5125,3658959723,1540003,1534244,4294961537,completed,-11
LoadAware,5126,3658959723,1540203,1534446,4294961539,completed,-11
LoadAware,5127,3658959723,1540404,1534651,4294961543,completed,-11
LoadAware,5128,3658959723,1540604,1534846,4294961538,completed,-11
LoadAware,5129,3658959723,1540804,1535046,4294961538,completed,-11
LoadAware,5130,3658959723,1541004,1535245,4294961537,completed,-11
LoadAware,5131,3658959723,1541205,1535641,4294961732,completed,-11
LoadAware,5132,3658959723,1541405,1535748,4294961639,completed,-11
LoadAware,5133,3658959723,1541605,1535850,4294961541,completed,-11
LoadAware,5134,3658959723,1541805,1536048,4294961539,completed,-11
LoadAware,5135,3658959723,1542005,1536247,4294961538,completed,-11
LoadAware,5136,3658959723,1542205,1536448,4294961539,completed,-11
LoadAware,5137,3658959723,1542406,1536653,4294961543,completed,-11
LoadAware,5138,3658959723,1542606,1536849,4294961539,completed,-11
LoadAware,5139,3658959723,1542806,1537048,4294961538,completed,-11
LoadAware,5140,3658959723,1543006,1537248,4294961538,completed,-11
LoadAware,5141,3658959723,1543207,1537644,4294961733,completed,-11
LoadAware,5142,3658959723,1543407,1537751,4294961640,completed,-11
LoadAware,5143,3658959723,1543607,1537854,4294961543,completed,-11
LoadAware,5144,3658959723,1543807,1538049,4294961538,completed,-11
LoadAware,5145,3658959723,1544007,1538249,4294961538,completed,-11
LoadAware,5146,3658959723,1544207,1538449,4294961538,completed,-11
LoadAware,5147,3658959723,1544409,1538657,4294961544,completed,-11
LoadAware,5148,3658959723,1544609,1538851,4294961538,completed,-11
LoadAware,5149,3658959723,1544809,1539051,4294961538,completed,-11
LoadAware,5150,3658959723,1545009,1539251,4294961538,completed,-11
LoadAware,5151,3658959723,1545209,1539645,4294961732,completed,-11
LoadAware,5152,3658959723,1545409,1539751,4294961638,completed,-10
LoadAware,5153,3658959723,1545609,1539854,4294961541,completed,-10
LoadAware,5154,3658959723,1545809,1540051,4294961538,completed,-10
LoadAware,5155,3658959723,1546009,1540250,4294961537,completed,-10
LoadAware,5156,3658959723,1546209,1540451,4294961538,completed,-10
LoadAware,5157,3658959723,1546410,1540655,4294961541,completed,-10
LoadAware,5158,3658959723,1546610,1540852,4294961538,completed,-10
LoadAware,5159,3658959723,1546810,1541052,4294961538,completed,-10
LoadAware,5160,3658959723,1547010,1541252,4294961538,completed,-10
LoadAware,5161,3658959723,1547210,1541453,4294961539,completed,-10
LoadAware,5162,3658959723,1547412,1541657,4294961541,completed,-10
LoadAware,5163,3658959723,1547612,1541855,4294961539,completed,-10
LoadAware,5164,3658959723,1547812,1542054,4294961538,completed,-10
LoadAware,5165,3658959723,1548012,1542254,4294961538,completed,-10
LoadAware,5166,3658959723,1548212,1542454,4294961538,completed,-10
LoadAware,5167,3658959723,1550617,1545055,4294961734,completed,-10
LoadAware,5168,3658959723,1550821,1545163,4294961638,completed,-10
LoadAware,5169,3658959723,1551021,1545273,4294961548,completed,-10
LoadAware,5170,3658959723,1551221,1545463,4294961538,completed,-10
LoadAware,5171,3658959723,1551421,1545663,4294961538,completed,-10
LoadAware,5172,3658959723,1551621,1546057,4294961732,completed,-11
LoadAware,5173,3658959723,1551821,1546164,4294961639,completed,-11
LoadAware,5174,3658959723,1552021,1546266,4294961541,completed,-11
LoadAware,5175,3658959723,1552221,1546463,4294961538,completed,-11
LoadAware,5176,3658959723,1552421,1546662,4294961537,completed,-11
LoadAware,5177,3658959723,1552623,1547110,4294961783,completed,-11
LoadAware,5178,3658959723,1552823,1547219,4294961692,completed,-11
LoadAware,5179,3658959723,1553023,1547322,4294961595,completed,-11
LoadAware,5180,3658959723,1553223,1547465,4294961538,completed,-11
LoadAware,5181,3658959723,1553423,1547665,4294961538,completed,-11
LoadAware,5182,3658959723,1553623,1548059,4294961732,completed,-11
LoadAware,5183,3658959723,1553823,1548165,4294961638,completed,-11
LoadAware,5184,3658959723,1554023,1548268,4294961541,completed,-11
LoadAware,5185,3658959723,1554223,1548465,4294961538,completed,-11
LoadAware,5186,3658959723,1554423,1548664,4294961537,completed,-11
LoadAware,5187,3658959723,1554624,1549119,4294961791,completed,-11
LoadAware,5188,3658959723,1554824,1549222,4294961694,completed,-11
LoadAware,5189,3658959723,1555024,1549325,4294961597,completed,-11
LoadAware,5190,3658959723,1555224,1549467,4294961539,completed,-11
LoadAware,5191,3658959723,1555424,1549666,4294961538,completed,-11
LoadAware,5192,3658959723,1555624,1549866,4294961538,completed,-12
LoadAware,5193,3658959723,1555825,1550080,4294961551,completed,-12
LoadAware,5194,3658959723,1556025,1550267,4294961538,completed,-12
LoadAware,5195,3658959723,1556225,1550467,4294961538,completed,-12
LoadAware,5196,3658959723,1556425,1550667,4294961538,completed,-12
LoadAware,5197,3658959723,1556625,1550867,4294961538,completed,-12
LoadAware,5198,3658959723,1556826,1551071,4294961541,completed,-12
LoadAware,5199,3658959723,1557026,1551268,4294961538,completed,-12
LoadAware,5200,3658959723,1557226,1551467,4294961537,completed,-12
LoadAware,5201,3658959723,1557426,1551668,4294961538,completed,-12
LoadAware,5202,3658959723,1557626,1551870,4294961540,completed,-10
LoadAware,5203,3658959723,1557826,1552070,4294961540,completed,-10
LoadAware,5204,3658959723,1558026,1552269,4294961539,completed,-10
LoadAware,5205,3658959723,1558226,1552468,4294961538,completed,-10
LoadAware,5206,3658959723,1558426,1552668,4294961538,completed,-10
LoadAware,5207,3658959723,1558626,1552868,4294961538,completed,-10
LoadAware,5208,3658959723,1558827,1553072,4294961541,completed,-10
LoadAware,5209,3658959723,1559027,1553269,4294961538,completed,-10
LoadAware,5210,3658959723,1559227,1553469,4294961538,completed,-10
LoadAware,5211,3658959723,1559427,1553668,4294961537,completed,-10
LoadAware,5212,3658959723,1559627,1553870,4294961539,completed,-10
LoadAware,5213,3658959723,1559829,1554072,4294961539,completed,-10
LoadAware,5214,3658959723,1560029,1554273,4294961540,completed,-10
LoadAware,5215,3658959723,1560229,1554472,4294961539,completed,-10
LoadAware,5216,3658959723,1560429,1554671,4294961538,completed,-10
LoadAware,5217,3658959723,1560629,1555066,4294961733,completed,-10
LoadAware,5218,3658959723,1560829,1555176,4294961643,completed,-10
LoadAware,5219,3658959723,1561029,1555279,4294961546,completed,-10
LoadAware,5220,3658959723,1561229,1555471,4294961538,completed,-10
LoadAware,5221,3658959723,1561429,1555670,4294961537,completed,-10
LoadAware,5222,3658959723,1561629,1555872,4294961539,completed,-10
LoadAware,5223,3658959723,1561831,1556075,4294961540,completed,-10
LoadAware,5224,3658959723,1562031,1556274,4294961539,completed,-10
LoadAware,5225,3658959723,1562231,1556474,4294961539,completed,-10
LoadAware,5226,3658959723,1562431,1556673,4294961538,completed,-10
LoadAware,5227,3658959723,1562631,1557068,4294961733,completed,-10
LoadAware,5228,3658959723,1562831,1557186,4294961651,completed,-10
LoadAware,5229,3658959723,1563031,1557289,4294961554,completed,-10
LoadAware,5230,3658959723,1563231,1557473,4294961538,completed,-10
LoadAware,5231,3658959723,1563431,1557673,4294961538,completed,-10
LoadAware,5232,3658959723,1563631,1557873,4294961538,completed,-10
LoadAware,5233,3658959723,1563833,1558087,4294961550,completed,-10
LoadAware,5234,3658959723,1564033,1558276,4294961539,completed,-10
LoadAware,5235,3658959723,1564233,1558475,4294961538,completed,-10
LoadAware,5236,3658959723,1564433,1558675,4294961538,completed,-10
LoadAware,5237,3658959723,1564633,1559118,4294961781,completed,-10
LoadAware,5238,3658959723,1564833,1559221,4294961684,completed,-10
LoadAware,5239,3658959723,1565033,1559324,4294961587,completed,-10
LoadAware,5240,3658959723,1565233,1559475,4294961538,completed,-10
LoadAware,5241,3658959723,1565433,1559679,4294961542,completed,-11
LoadAware,5242,3658959723,1565633,1559876,4294961539,completed,-11
LoadAware,5243,3658959723,1565833,1560076,4294961539,completed,-11
LoadAware,5244,3658959723,1568036,1562486,4294961746,completed,-10
LoadAware,5245,3658959723,1568238,1562667,4294961725,completed,-10
LoadAware,5246,3658959723,1568438,1562776,4294961634,completed,-10
LoadAware,5247,3658959723,1568638,1562882,4294961540,completed,-10
LoadAware,5248,3658959723,1568838,1563080,4294961538,completed,-10
LoadAware,5249,3658959723,1569038,1563472,4294961730,completed,-10
LoadAware,5250,3658959723,1569238,1563581,4294961639,completed,-10
LoadAware,5251,3658959723,1569438,1563684,4294961542,completed,-11
LoadAware,5252,3658959723,1569638,1563881,4294961539,completed,-11
LoadAware,5253,3658959723,1569838,1564080,4294961538,completed,-11
LoadAware,5254,3658959723,1570038,1564480,4294961738,completed,-11
LoadAware,5255,3658959723,1570238,1564669,4294961727,completed,-11
LoadAware,5256,3658959723,1570438,1564772,4294961630,completed,-11
LoadAware,5257,3658959723,1570638,1564881,4294961539,completed,-11
LoadAware,5258,3658959723,1570838,1565080,4294961538,completed,-11
LoadAware,5259,3658959723,1571038,1565281,4294961539,completed,-11
LoadAware,5260,3658959723,1571239,1565488,4294961545,completed,-11
LoadAware,5261,3658959723,1571439,1565681,4294961538,completed,-11
LoadAware,5262,3658959723,1571639,1565885,4294961542,completed,-11
LoadAware,5263,3658959723,1571839,1566081,4294961538,completed,-11
LoadAware,5264,3658959723,1572039,1566281,4294961538,completed,-11
LoadAware,5265,3658959723,1572243,1566485,4294961538,completed,-11
LoadAware,5266,3658959723,1572443,1566685,4294961538,completed,-11
LoadAware,5267,3658959723,1572643,1566885,4294961538,completed,-11
LoadAware,5268,3658959723,1572843,1567085,4294961538,completed,-11
LoadAware,5269,3658959723,1573043,1567495,4294961748,completed,-11
LoadAware,5270,3658959723,1573243,1567598,4294961651,completed,-11
LoadAware,5271,3658959723,1573443,1567701,4294961554,completed,-10
LoadAware,5272,3658959723,1573643,1567887,4294961540,completed,-10
LoadAware,5273,3658959723,1573843,1568085,4294961538,completed,-10
LoadAware,5274,3658959723,1574044,1568481,4294961733,completed,-10
LoadAware,5275,3658959723,1574244,1568590,4294961642,completed,-10
LoadAware,5276,3658959723,1574444,1568693,4294961545,completed,-10
LoadAware,5277,3658959723,1574644,1568890,4294961542,completed,-10
LoadAware,5278,3658959723,1574844,1569086,4294961538,completed,-10
LoadAware,5279,3658959723,1575044,1569286,4294961538,completed,-10
LoadAware,5280,3658959723,1575245,1569492,4294961543,completed,-10
LoadAware,5281,3658959723,1575445,1569687,4294961538,completed,-11
LoadAware,5282,3658959723,1575645,1569888,4294961539,completed,-11
LoadAware,5283,3658959723,1575845,1570087,4294961538,completed,-11
LoadAware,5284,3658959723,1576045,1570516,4294961767,completed,-11
LoadAware,5285,3658959723,1576245,1570624,4294961675,completed,-11
LoadAware,5286,3658959723,1576445,1570740,4294961591,completed,-11
LoadAware,5287,3658959723,1576645,1570888,4294961539,completed,-11
LoadAware,5288,3658959723,1576845,1571086,4294961537,completed,-11
LoadAware,5289,3658959723,1577045,1571287,4294961538,completed,-11
LoadAware,5290,3658959723,1577246,1571491,4294961541,completed,-11
LoadAware,5291,3658959723,1577446,1571688,4294961538,completed,-12
LoadAware,5292,3658959723,1577646,1571890,4294961540,completed,-12
LoadAware,5293,3658959723,1577846,1572088,4294961538,completed,-12
LoadAware,5294,3658959723,1578046,1572483,4294961733,completed,-12
LoadAware,5295,3658959723,1578246,1572592,4294961642,completed,-12
LoadAware,5296,3658959723,1578446,1572694,4294961544,completed,-12
LoadAware,5297,3658959723,1578646,1572888,4294961538,completed,-12
LoadAware,5298,3658959723,1578846,1573088,4294961538,completed,-12
LoadAware,5299,3658959723,1579046,1573288,4294961538,completed,-12
LoadAware,5300,3658959723,1579249,1573493,4294961540,completed,-12
LoadAware,5301,3658959723,1579449,1573692,4294961539,completed,-12
LoadAware,5302,3658959723,1579649,1573892,4294961539,completed,-12
LoadAware,5303,3658959723,1579849,1574091,4294961538,completed,-12
LoadAware,5304,3658959723,1580049,1574486,4294961733,completed,-12
LoadAware,5305,3658959723,1580249,1574596,4294961643,completed,-12
LoadAware,5306,3658959723,1580449,1574699,4294961546,completed,-12
LoadAware,5307,3658959723,1580649,1574896,4294961543,completed,-12
LoadAware,5308,3658959723,1580849,1575091,4294961538,completed,-12
LoadAware,5309,3658959723,1581049,1575290,4294961537,completed,-12
LoadAware,5310,3658959723,1581250,1575496,4294961542,completed,-12
LoadAware,5311,3658959723,1581450,1575692,4294961538,completed,-13
LoadAware,5312,3658959723,1581650,1575893,4294961539,completed,-13
LoadAware,5313,3658959723,1581850,1576092,4294961538,completed,-13
LoadAware,5314,3658959723,1582050,1576518,4294961764,completed,-13
LoadAware,5315,3658959723,1582250,1576621,4294961667,completed,-13
LoadAware,5316,3658959723,1582450,1576724,4294961570,completed,-13
LoadAware,5317,3658959723,1582650,1576892,4294961538,completed,-13
LoadAware,5318,3658959723,1582850,1577092,4294961538,completed,-13
LoadAware,5319,3658959723,1583050,1577293,4294961539,completed,-13
LoadAware,5320,3658959723,1583250,1577493,4294961539,completed,-13
LoadAware,5321,3658959723,1585449,1579887,4294961734,completed,-10
LoadAware,5322,3658959723,1585649,1580366,4294962013,completed,-10
LoadAware,5323,3658959723,1585849,1580644,4294962091,completed,-10
LoadAware,5324,3658959723,1586049,1580746,4294961993,completed,-10
LoadAware,5325,3658959723,1586249,1580915,4294961962,completed,-10
LoadAware,5326,3658959723,1586449,1581165,4294962012,completed,-10
LoadAware,5334,3658959723,1588059,1582302,4294961539,completed,-10
LoadAware,5335,3658959723,1588259,1582502,4294961539,completed,-10
LoadAware,5336,3658959723,1588659,1582903,4294961540,completed,-10
LoadAware,5337,3658959723,1588859,1583102,4294961539,completed,-10
LoadAware,5338,3658959723,1589059,1583303,4294961540,completed,-10
LoadAware,5339,3658959723,1589259,1583502,4294961539,completed,-10
LoadAware,5340,3658959723,1589667,1583937,4294961566,completed,-10
LoadAware,5341,3658959723,1589867,1584114,4294961543,completed,-10
LoadAware,5342,3658959723,1590067,1584318,4294961547,completed,-10
LoadAware,5343,3658959723,1590267,1584510,4294961539,completed,-10
LoadAware,5344,3658959723,1590652,1584895,4294961539,completed,-10
LoadAware,5345,3658959723,1590852,1585094,4294961538,completed,-10
LoadAware,5346,3658959723,1591052,1585294,4294961538,completed,-10
LoadAware,5347,3658959723,1591252,1585494,4294961538,completed,-10
LoadAware,5348,3658959723,1591453,1585699,4294961542,completed,-11
LoadAware,5349,3658959723,1591667,1585937,4294961566,completed,-11
LoadAware,5327,3658959723,1591670,1586046,4294961672,completed,-11
LoadAware,5328,3658959723,1591854,1586149,4294961591,completed,-11
LoadAware,5350,3658959723,1591867,1586252,4294961681,completed,-11
LoadAware,5329,3658959723,1592054,1586355,4294961597,completed,-11
LoadAware,5351,3658959723,1592067,1586458,4294961687,completed,-11
LoadAware,SUMMARY,ALL,0,0,120000,batch_complete,0
----------------,---,---,---,---,---,----------------,---
LoadAware,5330,3658959723,1592254,1586561,4294961603,completed,-11
LoadAware,5352,3658959723,1592267,1586664,4294961693,completed,-11
LoadAware,5331,3658959723,1592455,1586767,4294961608,completed,-11
LoadAware,5332,3658959723,1592661,1586906,4294961541,completed,-11
LoadAware,5333,3658959723,1592860,1587102,4294961538,completed,-11
